start_us,end_us,core,state,start_cycle,end_cycle,core_id,pcie_slot,core_x,core_y,risc_type,zone_name,source_file,source_line,origin,map_hit
0.109,0.291,0,stall,13222245982213,13222245982395,slot0_x1_y1,0,1,1,TILE,TRISC-KERNEL,/hdd/flapmax/tt-metal/tt_metal/hw/firmware/src/tt-1xx/trisck.cc,73,tile_fused:trisc_kernel_base,1
0.291,0.312,0,active,13222245982395,13222245982416,slot0_x1_y1,0,1,1,TILE,THROUGHPUT_SECTION,/hdd/flapmax/tt-metal/tt_metal/hw/firmware/src/tt-1xx/trisck.cc,73,tile_fused:explicit_throughput,1
0.312,0.35,0,stall,13222245982416,13222245982454,slot0_x1_y1,0,1,1,TILE,TRISC-KERNEL,/hdd/flapmax/tt-metal/tt_metal/hw/firmware/src/tt-1xx/trisck.cc,73,tile_fused:trisc_kernel_base,1
0.35,0.371,0,active,13222245982454,13222245982475,slot0_x1_y1,0,1,1,TILE,THROUGHPUT_SECTION,/hdd/flapmax/tt-metal/tt_metal/hw/firmware/src/tt-1xx/trisck.cc,73,tile_fused:explicit_throughput,1
0.371,0.55,0,stall,13222245982475,13222245982654,slot0_x1_y1,0,1,1,TILE,TRISC-KERNEL,/hdd/flapmax/tt-metal/tt_metal/hw/firmware/src/tt-1xx/trisck.cc,73,tile_fused:trisc_kernel_base,1
0.55,0.569,0,active,13222245982654,13222245982673,slot0_x1_y1,0,1,1,TILE,THROUGHPUT_SECTION,/hdd/flapmax/tt-metal/tt_metal/hw/firmware/src/tt-1xx/trisck.cc,73,tile_fused:explicit_throughput,1
0.569,0.68,0,stall,13222245982673,13222245982784,slot0_x1_y1,0,1,1,TILE,TRISC-KERNEL,/hdd/flapmax/tt-metal/tt_metal/hw/firmware/src/tt-1xx/trisck.cc,73,tile_fused:trisc_kernel_base,1
0.68,0.699,0,active,13222245982784,13222245982803,slot0_x1_y1,0,1,1,TILE,THROUGHPUT_SECTION,/hdd/flapmax/tt-metal/tt_metal/hw/firmware/src/tt-1xx/trisck.cc,73,tile_fused:explicit_throughput,1
0.699,8.763,0,stall,13222245982803,13222245990867,slot0_x1_y1,0,1,1,TILE,TRISC-KERNEL,/hdd/flapmax/tt-metal/tt_metal/hw/firmware/src/tt-1xx/trisck.cc,73,tile_fused:trisc_kernel_base,1
8.763,8.809,0,active,13222245990867,13222245990913,slot0_x1_y1,0,1,1,TILE,THROUGHPUT_SECTION,/hdd/flapmax/tt-metal/tt_metal/hw/firmware/src/tt-1xx/trisck.cc,73,tile_fused:explicit_throughput,1
8.809,8.863,0,stall,13222245990913,13222245990967,slot0_x1_y1,0,1,1,TILE,TRISC-KERNEL,/hdd/flapmax/tt-metal/tt_metal/hw/firmware/src/tt-1xx/trisck.cc,73,tile_fused:trisc_kernel_base,1
8.863,8.887,0,active,13222245990967,13222245990991,slot0_x1_y1,0,1,1,TILE,THROUGHPUT_SECTION,/hdd/flapmax/tt-metal/tt_metal/hw/firmware/src/tt-1xx/trisck.cc,73,tile_fused:explicit_throughput,1
8.887,8.985,0,stall,13222245990991,13222245991089,slot0_x1_y1,0,1,1,TILE,TRISC-KERNEL,/hdd/flapmax/tt-metal/tt_metal/hw/firmware/src/tt-1xx/trisck.cc,73,tile_fused:trisc_kernel_base,1
8.985,9.004,0,active,13222245991089,13222245991108,slot0_x1_y1,0,1,1,TILE,THROUGHPUT_SECTION,/hdd/flapmax/tt-metal/tt_metal/hw/firmware/src/tt-1xx/trisck.cc,73,tile_fused:explicit_throughput,1
9.004,9.352,0,stall,13222245991108,13222245991456,slot0_x1_y1,0,1,1,TILE,TRISC-KERNEL,/hdd/flapmax/tt-metal/tt_metal/hw/firmware/src/tt-1xx/trisck.cc,73,tile_fused:trisc_kernel_base,1
9.352,9.411,0,active,13222245991456,13222245991515,slot0_x1_y1,0,1,1,TILE,THROUGHPUT_SECTION,/hdd/flapmax/tt-metal/tt_metal/hw/firmware/src/tt-1xx/trisck.cc,73,tile_fused:explicit_throughput,1
9.411,9.465,0,stall,13222245991515,13222245991569,slot0_x1_y1,0,1,1,TILE,TRISC-KERNEL,/hdd/flapmax/tt-metal/tt_metal/hw/firmware/src/tt-1xx/trisck.cc,73,tile_fused:trisc_kernel_base,1
9.465,9.486,0,active,13222245991569,13222245991590,slot0_x1_y1,0,1,1,TILE,THROUGHPUT_SECTION,/hdd/flapmax/tt-metal/tt_metal/hw/firmware/src/tt-1xx/trisck.cc,73,tile_fused:explicit_throughput,1
9.486,9.586,0,stall,13222245991590,13222245991690,slot0_x1_y1,0,1,1,TILE,TRISC-KERNEL,/hdd/flapmax/tt-metal/tt_metal/hw/firmware/src/tt-1xx/trisck.cc,73,tile_fused:trisc_kernel_base,1
9.586,9.605,0,active,13222245991690,13222245991709,slot0_x1_y1,0,1,1,TILE,THROUGHPUT_SECTION,/hdd/flapmax/tt-metal/tt_metal/hw/firmware/src/tt-1xx/trisck.cc,73,tile_fused:explicit_throughput,1
9.605,10.337,0,stall,13222245991709,13222245992441,slot0_x1_y1,0,1,1,TILE,TRISC-KERNEL,/hdd/flapmax/tt-metal/tt_metal/hw/firmware/src/tt-1xx/trisck.cc,73,tile_fused:trisc_kernel_base,1
10.337,10.384,0,active,13222245992441,13222245992488,slot0_x1_y1,0,1,1,TILE,THROUGHPUT_SECTION,/hdd/flapmax/tt-metal/tt_metal/hw/firmware/src/tt-1xx/trisck.cc,73,tile_fused:explicit_throughput,1
10.384,10.446,0,stall,13222245992488,13222245992550,slot0_x1_y1,0,1,1,TILE,TRISC-KERNEL,/hdd/flapmax/tt-metal/tt_metal/hw/firmware/src/tt-1xx/trisck.cc,73,tile_fused:trisc_kernel_base,1
10.446,10.468,0,active,13222245992550,13222245992572,slot0_x1_y1,0,1,1,TILE,THROUGHPUT_SECTION,/hdd/flapmax/tt-metal/tt_metal/hw/firmware/src/tt-1xx/trisck.cc,73,tile_fused:explicit_throughput,1
10.468,10.566,0,stall,13222245992572,13222245992670,slot0_x1_y1,0,1,1,TILE,TRISC-KERNEL,/hdd/flapmax/tt-metal/tt_metal/hw/firmware/src/tt-1xx/trisck.cc,73,tile_fused:trisc_kernel_base,1
10.566,10.585,0,active,13222245992670,13222245992689,slot0_x1_y1,0,1,1,TILE,THROUGHPUT_SECTION,/hdd/flapmax/tt-metal/tt_metal/hw/firmware/src/tt-1xx/trisck.cc,73,tile_fused:explicit_throughput,1
10.585,11.719,0,stall,13222245992689,13222245993823,slot0_x1_y1,0,1,1,TILE,TRISC-KERNEL,/hdd/flapmax/tt-metal/tt_metal/hw/firmware/src/tt-1xx/trisck.cc,73,tile_fused:trisc_kernel_base,1
11.719,11.773,0,active,13222245993823,13222245993877,slot0_x1_y1,0,1,1,TILE,THROUGHPUT_SECTION,/hdd/flapmax/tt-metal/tt_metal/hw/firmware/src/tt-1xx/trisck.cc,73,tile_fused:explicit_throughput,1
11.773,11.827,0,stall,13222245993877,13222245993931,slot0_x1_y1,0,1,1,TILE,TRISC-KERNEL,/hdd/flapmax/tt-metal/tt_metal/hw/firmware/src/tt-1xx/trisck.cc,73,tile_fused:trisc_kernel_base,1
11.827,11.848,0,active,13222245993931,13222245993952,slot0_x1_y1,0,1,1,TILE,THROUGHPUT_SECTION,/hdd/flapmax/tt-metal/tt_metal/hw/firmware/src/tt-1xx/trisck.cc,73,tile_fused:explicit_throughput,1
11.848,11.948,0,stall,13222245993952,13222245994052,slot0_x1_y1,0,1,1,TILE,TRISC-KERNEL,/hdd/flapmax/tt-metal/tt_metal/hw/firmware/src/tt-1xx/trisck.cc,73,tile_fused:trisc_kernel_base,1
11.948,11.968,0,active,13222245994052,13222245994072,slot0_x1_y1,0,1,1,TILE,THROUGHPUT_SECTION,/hdd/flapmax/tt-metal/tt_metal/hw/firmware/src/tt-1xx/trisck.cc,73,tile_fused:explicit_throughput,1
11.968,12.615,0,stall,13222245994072,13222245994719,slot0_x1_y1,0,1,1,TILE,TRISC-KERNEL,/hdd/flapmax/tt-metal/tt_metal/hw/firmware/src/tt-1xx/trisck.cc,73,tile_fused:trisc_kernel_base,1
12.615,12.662,0,active,13222245994719,13222245994766,slot0_x1_y1,0,1,1,TILE,THROUGHPUT_SECTION,/hdd/flapmax/tt-metal/tt_metal/hw/firmware/src/tt-1xx/trisck.cc,73,tile_fused:explicit_throughput,1
12.662,12.715,0,stall,13222245994766,13222245994819,slot0_x1_y1,0,1,1,TILE,TRISC-KERNEL,/hdd/flapmax/tt-metal/tt_metal/hw/firmware/src/tt-1xx/trisck.cc,73,tile_fused:trisc_kernel_base,1
12.715,12.736,0,active,13222245994819,13222245994840,slot0_x1_y1,0,1,1,TILE,THROUGHPUT_SECTION,/hdd/flapmax/tt-metal/tt_metal/hw/firmware/src/tt-1xx/trisck.cc,73,tile_fused:explicit_throughput,1
12.736,12.836,0,stall,13222245994840,13222245994940,slot0_x1_y1,0,1,1,TILE,TRISC-KERNEL,/hdd/flapmax/tt-metal/tt_metal/hw/firmware/src/tt-1xx/trisck.cc,73,tile_fused:trisc_kernel_base,1
12.836,12.858,0,active,13222245994940,13222245994962,slot0_x1_y1,0,1,1,TILE,THROUGHPUT_SECTION,/hdd/flapmax/tt-metal/tt_metal/hw/firmware/src/tt-1xx/trisck.cc,73,tile_fused:explicit_throughput,1
12.858,13.283,0,stall,13222245994962,13222245995387,slot0_x1_y1,0,1,1,TILE,TRISC-KERNEL,/hdd/flapmax/tt-metal/tt_metal/hw/firmware/src/tt-1xx/trisck.cc,73,tile_fused:trisc_kernel_base,1
13.283,13.337,0,active,13222245995387,13222245995441,slot0_x1_y1,0,1,1,TILE,THROUGHPUT_SECTION,/hdd/flapmax/tt-metal/tt_metal/hw/firmware/src/tt-1xx/trisck.cc,73,tile_fused:explicit_throughput,1
13.337,13.389,0,stall,13222245995441,13222245995493,slot0_x1_y1,0,1,1,TILE,TRISC-KERNEL,/hdd/flapmax/tt-metal/tt_metal/hw/firmware/src/tt-1xx/trisck.cc,73,tile_fused:trisc_kernel_base,1
13.389,13.411,0,active,13222245995493,13222245995515,slot0_x1_y1,0,1,1,TILE,THROUGHPUT_SECTION,/hdd/flapmax/tt-metal/tt_metal/hw/firmware/src/tt-1xx/trisck.cc,73,tile_fused:explicit_throughput,1
13.411,13.511,0,stall,13222245995515,13222245995615,slot0_x1_y1,0,1,1,TILE,TRISC-KERNEL,/hdd/flapmax/tt-metal/tt_metal/hw/firmware/src/tt-1xx/trisck.cc,73,tile_fused:trisc_kernel_base,1
13.511,13.531,0,active,13222245995615,13222245995635,slot0_x1_y1,0,1,1,TILE,THROUGHPUT_SECTION,/hdd/flapmax/tt-metal/tt_metal/hw/firmware/src/tt-1xx/trisck.cc,73,tile_fused:explicit_throughput,1
13.531,14.068,0,stall,13222245995635,13222245996172,slot0_x1_y1,0,1,1,TILE,TRISC-KERNEL,/hdd/flapmax/tt-metal/tt_metal/hw/firmware/src/tt-1xx/trisck.cc,73,tile_fused:trisc_kernel_base,1
14.068,14.115,0,active,13222245996172,13222245996219,slot0_x1_y1,0,1,1,TILE,THROUGHPUT_SECTION,/hdd/flapmax/tt-metal/tt_metal/hw/firmware/src/tt-1xx/trisck.cc,73,tile_fused:explicit_throughput,1
14.115,14.175,0,stall,13222245996219,13222245996279,slot0_x1_y1,0,1,1,TILE,TRISC-KERNEL,/hdd/flapmax/tt-metal/tt_metal/hw/firmware/src/tt-1xx/trisck.cc,73,tile_fused:trisc_kernel_base,1
14.175,14.196,0,active,13222245996279,13222245996300,slot0_x1_y1,0,1,1,TILE,THROUGHPUT_SECTION,/hdd/flapmax/tt-metal/tt_metal/hw/firmware/src/tt-1xx/trisck.cc,73,tile_fused:explicit_throughput,1
14.196,14.296,0,stall,13222245996300,13222245996400,slot0_x1_y1,0,1,1,TILE,TRISC-KERNEL,/hdd/flapmax/tt-metal/tt_metal/hw/firmware/src/tt-1xx/trisck.cc,73,tile_fused:trisc_kernel_base,1
14.296,14.315,0,active,13222245996400,13222245996419,slot0_x1_y1,0,1,1,TILE,THROUGHPUT_SECTION,/hdd/flapmax/tt-metal/tt_metal/hw/firmware/src/tt-1xx/trisck.cc,73,tile_fused:explicit_throughput,1
14.315,14.728,0,stall,13222245996419,13222245996832,slot0_x1_y1,0,1,1,TILE,TRISC-KERNEL,/hdd/flapmax/tt-metal/tt_metal/hw/firmware/src/tt-1xx/trisck.cc,73,tile_fused:trisc_kernel_base,1
14.728,14.782,0,active,13222245996832,13222245996886,slot0_x1_y1,0,1,1,TILE,THROUGHPUT_SECTION,/hdd/flapmax/tt-metal/tt_metal/hw/firmware/src/tt-1xx/trisck.cc,73,tile_fused:explicit_throughput,1
14.782,14.834,0,stall,13222245996886,13222245996938,slot0_x1_y1,0,1,1,TILE,TRISC-KERNEL,/hdd/flapmax/tt-metal/tt_metal/hw/firmware/src/tt-1xx/trisck.cc,73,tile_fused:trisc_kernel_base,1
14.834,14.858,0,active,13222245996938,13222245996962,slot0_x1_y1,0,1,1,TILE,THROUGHPUT_SECTION,/hdd/flapmax/tt-metal/tt_metal/hw/firmware/src/tt-1xx/trisck.cc,73,tile_fused:explicit_throughput,1
14.858,14.955,0,stall,13222245996962,13222245997059,slot0_x1_y1,0,1,1,TILE,TRISC-KERNEL,/hdd/flapmax/tt-metal/tt_metal/hw/firmware/src/tt-1xx/trisck.cc,73,tile_fused:trisc_kernel_base,1
14.955,14.974,0,active,13222245997059,13222245997078,slot0_x1_y1,0,1,1,TILE,THROUGHPUT_SECTION,/hdd/flapmax/tt-metal/tt_metal/hw/firmware/src/tt-1xx/trisck.cc,73,tile_fused:explicit_throughput,1
14.974,15.597,0,stall,13222245997078,13222245997701,slot0_x1_y1,0,1,1,TILE,TRISC-KERNEL,/hdd/flapmax/tt-metal/tt_metal/hw/firmware/src/tt-1xx/trisck.cc,73,tile_fused:trisc_kernel_base,1
15.597,15.644,0,active,13222245997701,13222245997748,slot0_x1_y1,0,1,1,TILE,THROUGHPUT_SECTION,/hdd/flapmax/tt-metal/tt_metal/hw/firmware/src/tt-1xx/trisck.cc,73,tile_fused:explicit_throughput,1
15.644,15.697,0,stall,13222245997748,13222245997801,slot0_x1_y1,0,1,1,TILE,TRISC-KERNEL,/hdd/flapmax/tt-metal/tt_metal/hw/firmware/src/tt-1xx/trisck.cc,73,tile_fused:trisc_kernel_base,1
15.697,15.718,0,active,13222245997801,13222245997822,slot0_x1_y1,0,1,1,TILE,THROUGHPUT_SECTION,/hdd/flapmax/tt-metal/tt_metal/hw/firmware/src/tt-1xx/trisck.cc,73,tile_fused:explicit_throughput,1
15.718,15.818,0,stall,13222245997822,13222245997922,slot0_x1_y1,0,1,1,TILE,TRISC-KERNEL,/hdd/flapmax/tt-metal/tt_metal/hw/firmware/src/tt-1xx/trisck.cc,73,tile_fused:trisc_kernel_base,1
15.818,15.84,0,active,13222245997922,13222245997944,slot0_x1_y1,0,1,1,TILE,THROUGHPUT_SECTION,/hdd/flapmax/tt-metal/tt_metal/hw/firmware/src/tt-1xx/trisck.cc,73,tile_fused:explicit_throughput,1
15.84,16.276,0,stall,13222245997944,13222245998380,slot0_x1_y1,0,1,1,TILE,TRISC-KERNEL,/hdd/flapmax/tt-metal/tt_metal/hw/firmware/src/tt-1xx/trisck.cc,73,tile_fused:trisc_kernel_base,1
16.276,16.33,0,active,13222245998380,13222245998434,slot0_x1_y1,0,1,1,TILE,THROUGHPUT_SECTION,/hdd/flapmax/tt-metal/tt_metal/hw/firmware/src/tt-1xx/trisck.cc,73,tile_fused:explicit_throughput,1
16.33,16.383,0,stall,13222245998434,13222245998487,slot0_x1_y1,0,1,1,TILE,TRISC-KERNEL,/hdd/flapmax/tt-metal/tt_metal/hw/firmware/src/tt-1xx/trisck.cc,73,tile_fused:trisc_kernel_base,1
16.383,16.404,0,active,13222245998487,13222245998508,slot0_x1_y1,0,1,1,TILE,THROUGHPUT_SECTION,/hdd/flapmax/tt-metal/tt_metal/hw/firmware/src/tt-1xx/trisck.cc,73,tile_fused:explicit_throughput,1
16.404,16.504,0,stall,13222245998508,13222245998608,slot0_x1_y1,0,1,1,TILE,TRISC-KERNEL,/hdd/flapmax/tt-metal/tt_metal/hw/firmware/src/tt-1xx/trisck.cc,73,tile_fused:trisc_kernel_base,1
16.504,16.524,0,active,13222245998608,13222245998628,slot0_x1_y1,0,1,1,TILE,THROUGHPUT_SECTION,/hdd/flapmax/tt-metal/tt_metal/hw/firmware/src/tt-1xx/trisck.cc,73,tile_fused:explicit_throughput,1
16.524,16.981,0,stall,13222245998628,13222245999085,slot0_x1_y1,0,1,1,TILE,TRISC-KERNEL,/hdd/flapmax/tt-metal/tt_metal/hw/firmware/src/tt-1xx/trisck.cc,73,tile_fused:trisc_kernel_base,1
16.981,17.028,0,active,13222245999085,13222245999132,slot0_x1_y1,0,1,1,TILE,THROUGHPUT_SECTION,/hdd/flapmax/tt-metal/tt_metal/hw/firmware/src/tt-1xx/trisck.cc,73,tile_fused:explicit_throughput,1
17.028,17.802,0,stall,13222245999132,13222245999906,slot0_x1_y1,0,1,1,TILE,TRISC-KERNEL,/hdd/flapmax/tt-metal/tt_metal/hw/firmware/src/tt-1xx/trisck.cc,73,tile_fused:trisc_kernel_base,1
17.802,17.856,0,active,13222245999906,13222245999960,slot0_x1_y1,0,1,1,TILE,THROUGHPUT_SECTION,/hdd/flapmax/tt-metal/tt_metal/hw/firmware/src/tt-1xx/trisck.cc,73,tile_fused:explicit_throughput,1
17.856,18.593,0,stall,13222245999960,13222246000697,slot0_x1_y1,0,1,1,TILE,TRISC-KERNEL,/hdd/flapmax/tt-metal/tt_metal/hw/firmware/src/tt-1xx/trisck.cc,73,tile_fused:trisc_kernel_base,1
0.133,0.319,1,stall,13222245982237,13222245982423,slot0_x1_y2,0,1,2,TILE,TRISC-KERNEL,/hdd/flapmax/tt-metal/tt_metal/hw/firmware/src/tt-1xx/trisck.cc,73,tile_fused:trisc_kernel_base,1
0.319,0.341,1,active,13222245982423,13222245982445,slot0_x1_y2,0,1,2,TILE,THROUGHPUT_SECTION,/hdd/flapmax/tt-metal/tt_metal/hw/firmware/src/tt-1xx/trisck.cc,73,tile_fused:explicit_throughput,1
0.341,0.375,1,stall,13222245982445,13222245982479,slot0_x1_y2,0,1,2,TILE,TRISC-KERNEL,/hdd/flapmax/tt-metal/tt_metal/hw/firmware/src/tt-1xx/trisck.cc,73,tile_fused:trisc_kernel_base,1
0.375,0.396,1,active,13222245982479,13222245982500,slot0_x1_y2,0,1,2,TILE,THROUGHPUT_SECTION,/hdd/flapmax/tt-metal/tt_metal/hw/firmware/src/tt-1xx/trisck.cc,73,tile_fused:explicit_throughput,1
0.396,0.57,1,stall,13222245982500,13222245982674,slot0_x1_y2,0,1,2,TILE,TRISC-KERNEL,/hdd/flapmax/tt-metal/tt_metal/hw/firmware/src/tt-1xx/trisck.cc,73,tile_fused:trisc_kernel_base,1
0.57,0.589,1,active,13222245982674,13222245982693,slot0_x1_y2,0,1,2,TILE,THROUGHPUT_SECTION,/hdd/flapmax/tt-metal/tt_metal/hw/firmware/src/tt-1xx/trisck.cc,73,tile_fused:explicit_throughput,1
0.589,0.701,1,stall,13222245982693,13222245982805,slot0_x1_y2,0,1,2,TILE,TRISC-KERNEL,/hdd/flapmax/tt-metal/tt_metal/hw/firmware/src/tt-1xx/trisck.cc,73,tile_fused:trisc_kernel_base,1
0.701,0.72,1,active,13222245982805,13222245982824,slot0_x1_y2,0,1,2,TILE,THROUGHPUT_SECTION,/hdd/flapmax/tt-metal/tt_metal/hw/firmware/src/tt-1xx/trisck.cc,73,tile_fused:explicit_throughput,1
0.72,8.831,1,stall,13222245982824,13222245990935,slot0_x1_y2,0,1,2,TILE,TRISC-KERNEL,/hdd/flapmax/tt-metal/tt_metal/hw/firmware/src/tt-1xx/trisck.cc,73,tile_fused:trisc_kernel_base,1
8.831,8.877,1,active,13222245990935,13222245990981,slot0_x1_y2,0,1,2,TILE,THROUGHPUT_SECTION,/hdd/flapmax/tt-metal/tt_metal/hw/firmware/src/tt-1xx/trisck.cc,73,tile_fused:explicit_throughput,1
8.877,8.931,1,stall,13222245990981,13222245991035,slot0_x1_y2,0,1,2,TILE,TRISC-KERNEL,/hdd/flapmax/tt-metal/tt_metal/hw/firmware/src/tt-1xx/trisck.cc,73,tile_fused:trisc_kernel_base,1
8.931,8.956,1,active,13222245991035,13222245991060,slot0_x1_y2,0,1,2,TILE,THROUGHPUT_SECTION,/hdd/flapmax/tt-metal/tt_metal/hw/firmware/src/tt-1xx/trisck.cc,73,tile_fused:explicit_throughput,1
8.956,9.053,1,stall,13222245991060,13222245991157,slot0_x1_y2,0,1,2,TILE,TRISC-KERNEL,/hdd/flapmax/tt-metal/tt_metal/hw/firmware/src/tt-1xx/trisck.cc,73,tile_fused:trisc_kernel_base,1
9.053,9.072,1,active,13222245991157,13222245991176,slot0_x1_y2,0,1,2,TILE,THROUGHPUT_SECTION,/hdd/flapmax/tt-metal/tt_metal/hw/firmware/src/tt-1xx/trisck.cc,73,tile_fused:explicit_throughput,1
9.072,16.91,1,stall,13222245991176,13222245999014,slot0_x1_y2,0,1,2,TILE,TRISC-KERNEL,/hdd/flapmax/tt-metal/tt_metal/hw/firmware/src/tt-1xx/trisck.cc,73,tile_fused:trisc_kernel_base,1
16.91,16.969,1,active,13222245999014,13222245999073,slot0_x1_y2,0,1,2,TILE,THROUGHPUT_SECTION,/hdd/flapmax/tt-metal/tt_metal/hw/firmware/src/tt-1xx/trisck.cc,73,tile_fused:explicit_throughput,1
16.969,17.023,1,stall,13222245999073,13222245999127,slot0_x1_y2,0,1,2,TILE,TRISC-KERNEL,/hdd/flapmax/tt-metal/tt_metal/hw/firmware/src/tt-1xx/trisck.cc,73,tile_fused:trisc_kernel_base,1
17.023,17.044,1,active,13222245999127,13222245999148,slot0_x1_y2,0,1,2,TILE,THROUGHPUT_SECTION,/hdd/flapmax/tt-metal/tt_metal/hw/firmware/src/tt-1xx/trisck.cc,73,tile_fused:explicit_throughput,1
17.044,17.144,1,stall,13222245999148,13222245999248,slot0_x1_y2,0,1,2,TILE,TRISC-KERNEL,/hdd/flapmax/tt-metal/tt_metal/hw/firmware/src/tt-1xx/trisck.cc,73,tile_fused:trisc_kernel_base,1
17.144,17.164,1,active,13222245999248,13222245999268,slot0_x1_y2,0,1,2,TILE,THROUGHPUT_SECTION,/hdd/flapmax/tt-metal/tt_metal/hw/firmware/src/tt-1xx/trisck.cc,73,tile_fused:explicit_throughput,1
17.164,17.892,1,stall,13222245999268,13222245999996,slot0_x1_y2,0,1,2,TILE,TRISC-KERNEL,/hdd/flapmax/tt-metal/tt_metal/hw/firmware/src/tt-1xx/trisck.cc,73,tile_fused:trisc_kernel_base,1
17.892,17.939,1,active,13222245999996,13222246000043,slot0_x1_y2,0,1,2,TILE,THROUGHPUT_SECTION,/hdd/flapmax/tt-metal/tt_metal/hw/firmware/src/tt-1xx/trisck.cc,73,tile_fused:explicit_throughput,1
17.939,18.001,1,stall,13222246000043,13222246000105,slot0_x1_y2,0,1,2,TILE,TRISC-KERNEL,/hdd/flapmax/tt-metal/tt_metal/hw/firmware/src/tt-1xx/trisck.cc,73,tile_fused:trisc_kernel_base,1
18.001,18.024,1,active,13222246000105,13222246000128,slot0_x1_y2,0,1,2,TILE,THROUGHPUT_SECTION,/hdd/flapmax/tt-metal/tt_metal/hw/firmware/src/tt-1xx/trisck.cc,73,tile_fused:explicit_throughput,1
18.024,18.121,1,stall,13222246000128,13222246000225,slot0_x1_y2,0,1,2,TILE,TRISC-KERNEL,/hdd/flapmax/tt-metal/tt_metal/hw/firmware/src/tt-1xx/trisck.cc,73,tile_fused:trisc_kernel_base,1
18.121,18.14,1,active,13222246000225,13222246000244,slot0_x1_y2,0,1,2,TILE,THROUGHPUT_SECTION,/hdd/flapmax/tt-metal/tt_metal/hw/firmware/src/tt-1xx/trisck.cc,73,tile_fused:explicit_throughput,1
18.14,18.534,1,stall,13222246000244,13222246000638,slot0_x1_y2,0,1,2,TILE,TRISC-KERNEL,/hdd/flapmax/tt-metal/tt_metal/hw/firmware/src/tt-1xx/trisck.cc,73,tile_fused:trisc_kernel_base,1
18.534,18.588,1,active,13222246000638,13222246000692,slot0_x1_y2,0,1,2,TILE,THROUGHPUT_SECTION,/hdd/flapmax/tt-metal/tt_metal/hw/firmware/src/tt-1xx/trisck.cc,73,tile_fused:explicit_throughput,1
18.588,18.642,1,stall,13222246000692,13222246000746,slot0_x1_y2,0,1,2,TILE,TRISC-KERNEL,/hdd/flapmax/tt-metal/tt_metal/hw/firmware/src/tt-1xx/trisck.cc,73,tile_fused:trisc_kernel_base,1
18.642,18.663,1,active,13222246000746,13222246000767,slot0_x1_y2,0,1,2,TILE,THROUGHPUT_SECTION,/hdd/flapmax/tt-metal/tt_metal/hw/firmware/src/tt-1xx/trisck.cc,73,tile_fused:explicit_throughput,1
18.663,18.763,1,stall,13222246000767,13222246000867,slot0_x1_y2,0,1,2,TILE,TRISC-KERNEL,/hdd/flapmax/tt-metal/tt_metal/hw/firmware/src/tt-1xx/trisck.cc,73,tile_fused:trisc_kernel_base,1
18.763,18.782,1,active,13222246000867,13222246000886,slot0_x1_y2,0,1,2,TILE,THROUGHPUT_SECTION,/hdd/flapmax/tt-metal/tt_metal/hw/firmware/src/tt-1xx/trisck.cc,73,tile_fused:explicit_throughput,1
18.782,19.235,1,stall,13222246000886,13222246001339,slot0_x1_y2,0,1,2,TILE,TRISC-KERNEL,/hdd/flapmax/tt-metal/tt_metal/hw/firmware/src/tt-1xx/trisck.cc,73,tile_fused:trisc_kernel_base,1
19.235,19.282,1,active,13222246001339,13222246001386,slot0_x1_y2,0,1,2,TILE,THROUGHPUT_SECTION,/hdd/flapmax/tt-metal/tt_metal/hw/firmware/src/tt-1xx/trisck.cc,73,tile_fused:explicit_throughput,1
19.282,19.335,1,stall,13222246001386,13222246001439,slot0_x1_y2,0,1,2,TILE,TRISC-KERNEL,/hdd/flapmax/tt-metal/tt_metal/hw/firmware/src/tt-1xx/trisck.cc,73,tile_fused:trisc_kernel_base,1
19.335,19.358,1,active,13222246001439,13222246001462,slot0_x1_y2,0,1,2,TILE,THROUGHPUT_SECTION,/hdd/flapmax/tt-metal/tt_metal/hw/firmware/src/tt-1xx/trisck.cc,73,tile_fused:explicit_throughput,1
19.358,19.456,1,stall,13222246001462,13222246001560,slot0_x1_y2,0,1,2,TILE,TRISC-KERNEL,/hdd/flapmax/tt-metal/tt_metal/hw/firmware/src/tt-1xx/trisck.cc,73,tile_fused:trisc_kernel_base,1
19.456,19.475,1,active,13222246001560,13222246001579,slot0_x1_y2,0,1,2,TILE,THROUGHPUT_SECTION,/hdd/flapmax/tt-metal/tt_metal/hw/firmware/src/tt-1xx/trisck.cc,73,tile_fused:explicit_throughput,1
19.475,19.997,1,stall,13222246001579,13222246002101,slot0_x1_y2,0,1,2,TILE,TRISC-KERNEL,/hdd/flapmax/tt-metal/tt_metal/hw/firmware/src/tt-1xx/trisck.cc,73,tile_fused:trisc_kernel_base,1
19.997,20.051,1,active,13222246002101,13222246002155,slot0_x1_y2,0,1,2,TILE,THROUGHPUT_SECTION,/hdd/flapmax/tt-metal/tt_metal/hw/firmware/src/tt-1xx/trisck.cc,73,tile_fused:explicit_throughput,1
20.051,20.104,1,stall,13222246002155,13222246002208,slot0_x1_y2,0,1,2,TILE,TRISC-KERNEL,/hdd/flapmax/tt-metal/tt_metal/hw/firmware/src/tt-1xx/trisck.cc,73,tile_fused:trisc_kernel_base,1
20.104,20.127,1,active,13222246002208,13222246002231,slot0_x1_y2,0,1,2,TILE,THROUGHPUT_SECTION,/hdd/flapmax/tt-metal/tt_metal/hw/firmware/src/tt-1xx/trisck.cc,73,tile_fused:explicit_throughput,1
20.127,20.224,1,stall,13222246002231,13222246002328,slot0_x1_y2,0,1,2,TILE,TRISC-KERNEL,/hdd/flapmax/tt-metal/tt_metal/hw/firmware/src/tt-1xx/trisck.cc,73,tile_fused:trisc_kernel_base,1
20.224,20.243,1,active,13222246002328,13222246002347,slot0_x1_y2,0,1,2,TILE,THROUGHPUT_SECTION,/hdd/flapmax/tt-metal/tt_metal/hw/firmware/src/tt-1xx/trisck.cc,73,tile_fused:explicit_throughput,1
20.243,20.766,1,stall,13222246002347,13222246002870,slot0_x1_y2,0,1,2,TILE,TRISC-KERNEL,/hdd/flapmax/tt-metal/tt_metal/hw/firmware/src/tt-1xx/trisck.cc,73,tile_fused:trisc_kernel_base,1
20.766,20.813,1,active,13222246002870,13222246002917,slot0_x1_y2,0,1,2,TILE,THROUGHPUT_SECTION,/hdd/flapmax/tt-metal/tt_metal/hw/firmware/src/tt-1xx/trisck.cc,73,tile_fused:explicit_throughput,1
20.813,20.873,1,stall,13222246002917,13222246002977,slot0_x1_y2,0,1,2,TILE,TRISC-KERNEL,/hdd/flapmax/tt-metal/tt_metal/hw/firmware/src/tt-1xx/trisck.cc,73,tile_fused:trisc_kernel_base,1
20.873,20.895,1,active,13222246002977,13222246002999,slot0_x1_y2,0,1,2,TILE,THROUGHPUT_SECTION,/hdd/flapmax/tt-metal/tt_metal/hw/firmware/src/tt-1xx/trisck.cc,73,tile_fused:explicit_throughput,1
20.895,20.993,1,stall,13222246002999,13222246003097,slot0_x1_y2,0,1,2,TILE,TRISC-KERNEL,/hdd/flapmax/tt-metal/tt_metal/hw/firmware/src/tt-1xx/trisck.cc,73,tile_fused:trisc_kernel_base,1
20.993,21.012,1,active,13222246003097,13222246003116,slot0_x1_y2,0,1,2,TILE,THROUGHPUT_SECTION,/hdd/flapmax/tt-metal/tt_metal/hw/firmware/src/tt-1xx/trisck.cc,73,tile_fused:explicit_throughput,1
21.012,21.779,1,stall,13222246003116,13222246003883,slot0_x1_y2,0,1,2,TILE,TRISC-KERNEL,/hdd/flapmax/tt-metal/tt_metal/hw/firmware/src/tt-1xx/trisck.cc,73,tile_fused:trisc_kernel_base,1
21.779,21.833,1,active,13222246003883,13222246003937,slot0_x1_y2,0,1,2,TILE,THROUGHPUT_SECTION,/hdd/flapmax/tt-metal/tt_metal/hw/firmware/src/tt-1xx/trisck.cc,73,tile_fused:explicit_throughput,1
21.833,21.885,1,stall,13222246003937,13222246003989,slot0_x1_y2,0,1,2,TILE,TRISC-KERNEL,/hdd/flapmax/tt-metal/tt_metal/hw/firmware/src/tt-1xx/trisck.cc,73,tile_fused:trisc_kernel_base,1
21.885,21.907,1,active,13222246003989,13222246004011,slot0_x1_y2,0,1,2,TILE,THROUGHPUT_SECTION,/hdd/flapmax/tt-metal/tt_metal/hw/firmware/src/tt-1xx/trisck.cc,73,tile_fused:explicit_throughput,1
21.907,22.006,1,stall,13222246004011,13222246004110,slot0_x1_y2,0,1,2,TILE,TRISC-KERNEL,/hdd/flapmax/tt-metal/tt_metal/hw/firmware/src/tt-1xx/trisck.cc,73,tile_fused:trisc_kernel_base,1
22.006,22.026,1,active,13222246004110,13222246004130,slot0_x1_y2,0,1,2,TILE,THROUGHPUT_SECTION,/hdd/flapmax/tt-metal/tt_metal/hw/firmware/src/tt-1xx/trisck.cc,73,tile_fused:explicit_throughput,1
22.026,22.435,1,stall,13222246004130,13222246004539,slot0_x1_y2,0,1,2,TILE,TRISC-KERNEL,/hdd/flapmax/tt-metal/tt_metal/hw/firmware/src/tt-1xx/trisck.cc,73,tile_fused:trisc_kernel_base,1
22.435,22.483,1,active,13222246004539,13222246004587,slot0_x1_y2,0,1,2,TILE,THROUGHPUT_SECTION,/hdd/flapmax/tt-metal/tt_metal/hw/firmware/src/tt-1xx/trisck.cc,73,tile_fused:explicit_throughput,1
22.483,22.535,1,stall,13222246004587,13222246004639,slot0_x1_y2,0,1,2,TILE,TRISC-KERNEL,/hdd/flapmax/tt-metal/tt_metal/hw/firmware/src/tt-1xx/trisck.cc,73,tile_fused:trisc_kernel_base,1
22.535,22.557,1,active,13222246004639,13222246004661,slot0_x1_y2,0,1,2,TILE,THROUGHPUT_SECTION,/hdd/flapmax/tt-metal/tt_metal/hw/firmware/src/tt-1xx/trisck.cc,73,tile_fused:explicit_throughput,1
22.557,22.656,1,stall,13222246004661,13222246004760,slot0_x1_y2,0,1,2,TILE,TRISC-KERNEL,/hdd/flapmax/tt-metal/tt_metal/hw/firmware/src/tt-1xx/trisck.cc,73,tile_fused:trisc_kernel_base,1
22.656,22.675,1,active,13222246004760,13222246004779,slot0_x1_y2,0,1,2,TILE,THROUGHPUT_SECTION,/hdd/flapmax/tt-metal/tt_metal/hw/firmware/src/tt-1xx/trisck.cc,73,tile_fused:explicit_throughput,1
22.675,23.408,1,stall,13222246004779,13222246005512,slot0_x1_y2,0,1,2,TILE,TRISC-KERNEL,/hdd/flapmax/tt-metal/tt_metal/hw/firmware/src/tt-1xx/trisck.cc,73,tile_fused:trisc_kernel_base,1
23.408,23.462,1,active,13222246005512,13222246005566,slot0_x1_y2,0,1,2,TILE,THROUGHPUT_SECTION,/hdd/flapmax/tt-metal/tt_metal/hw/firmware/src/tt-1xx/trisck.cc,73,tile_fused:explicit_throughput,1
23.462,23.515,1,stall,13222246005566,13222246005619,slot0_x1_y2,0,1,2,TILE,TRISC-KERNEL,/hdd/flapmax/tt-metal/tt_metal/hw/firmware/src/tt-1xx/trisck.cc,73,tile_fused:trisc_kernel_base,1
23.515,23.536,1,active,13222246005619,13222246005640,slot0_x1_y2,0,1,2,TILE,THROUGHPUT_SECTION,/hdd/flapmax/tt-metal/tt_metal/hw/firmware/src/tt-1xx/trisck.cc,73,tile_fused:explicit_throughput,1
23.536,23.636,1,stall,13222246005640,13222246005740,slot0_x1_y2,0,1,2,TILE,TRISC-KERNEL,/hdd/flapmax/tt-metal/tt_metal/hw/firmware/src/tt-1xx/trisck.cc,73,tile_fused:trisc_kernel_base,1
23.636,23.658,1,active,13222246005740,13222246005762,slot0_x1_y2,0,1,2,TILE,THROUGHPUT_SECTION,/hdd/flapmax/tt-metal/tt_metal/hw/firmware/src/tt-1xx/trisck.cc,73,tile_fused:explicit_throughput,1
23.658,24.476,1,stall,13222246005762,13222246006580,slot0_x1_y2,0,1,2,TILE,TRISC-KERNEL,/hdd/flapmax/tt-metal/tt_metal/hw/firmware/src/tt-1xx/trisck.cc,73,tile_fused:trisc_kernel_base,1
24.476,24.524,1,active,13222246006580,13222246006628,slot0_x1_y2,0,1,2,TILE,THROUGHPUT_SECTION,/hdd/flapmax/tt-metal/tt_metal/hw/firmware/src/tt-1xx/trisck.cc,73,tile_fused:explicit_throughput,1
24.524,25.189,1,stall,13222246006628,13222246007293,slot0_x1_y2,0,1,2,TILE,TRISC-KERNEL,/hdd/flapmax/tt-metal/tt_metal/hw/firmware/src/tt-1xx/trisck.cc,73,tile_fused:trisc_kernel_base,1
25.189,25.243,1,active,13222246007293,13222246007347,slot0_x1_y2,0,1,2,TILE,THROUGHPUT_SECTION,/hdd/flapmax/tt-metal/tt_metal/hw/firmware/src/tt-1xx/trisck.cc,73,tile_fused:explicit_throughput,1
25.243,25.974,1,stall,13222246007347,13222246008078,slot0_x1_y2,0,1,2,TILE,TRISC-KERNEL,/hdd/flapmax/tt-metal/tt_metal/hw/firmware/src/tt-1xx/trisck.cc,73,tile_fused:trisc_kernel_base,1
0.115,0.301,2,stall,13222245982219,13222245982405,slot0_x1_y3,0,1,3,TILE,TRISC-KERNEL,/hdd/flapmax/tt-metal/tt_metal/hw/firmware/src/tt-1xx/trisck.cc,73,tile_fused:trisc_kernel_base,1
0.301,0.323,2,active,13222245982405,13222245982427,slot0_x1_y3,0,1,3,TILE,THROUGHPUT_SECTION,/hdd/flapmax/tt-metal/tt_metal/hw/firmware/src/tt-1xx/trisck.cc,73,tile_fused:explicit_throughput,1
0.323,0.357,2,stall,13222245982427,13222245982461,slot0_x1_y3,0,1,3,TILE,TRISC-KERNEL,/hdd/flapmax/tt-metal/tt_metal/hw/firmware/src/tt-1xx/trisck.cc,73,tile_fused:trisc_kernel_base,1
0.357,0.378,2,active,13222245982461,13222245982482,slot0_x1_y3,0,1,3,TILE,THROUGHPUT_SECTION,/hdd/flapmax/tt-metal/tt_metal/hw/firmware/src/tt-1xx/trisck.cc,73,tile_fused:explicit_throughput,1
0.378,0.552,2,stall,13222245982482,13222245982656,slot0_x1_y3,0,1,3,TILE,TRISC-KERNEL,/hdd/flapmax/tt-metal/tt_metal/hw/firmware/src/tt-1xx/trisck.cc,73,tile_fused:trisc_kernel_base,1
0.552,0.571,2,active,13222245982656,13222245982675,slot0_x1_y3,0,1,3,TILE,THROUGHPUT_SECTION,/hdd/flapmax/tt-metal/tt_metal/hw/firmware/src/tt-1xx/trisck.cc,73,tile_fused:explicit_throughput,1
0.571,0.683,2,stall,13222245982675,13222245982787,slot0_x1_y3,0,1,3,TILE,TRISC-KERNEL,/hdd/flapmax/tt-metal/tt_metal/hw/firmware/src/tt-1xx/trisck.cc,73,tile_fused:trisc_kernel_base,1
0.683,0.702,2,active,13222245982787,13222245982806,slot0_x1_y3,0,1,3,TILE,THROUGHPUT_SECTION,/hdd/flapmax/tt-metal/tt_metal/hw/firmware/src/tt-1xx/trisck.cc,73,tile_fused:explicit_throughput,1
0.702,8.613,2,stall,13222245982806,13222245990717,slot0_x1_y3,0,1,3,TILE,TRISC-KERNEL,/hdd/flapmax/tt-metal/tt_metal/hw/firmware/src/tt-1xx/trisck.cc,73,tile_fused:trisc_kernel_base,1
8.613,8.659,2,active,13222245990717,13222245990763,slot0_x1_y3,0,1,3,TILE,THROUGHPUT_SECTION,/hdd/flapmax/tt-metal/tt_metal/hw/firmware/src/tt-1xx/trisck.cc,73,tile_fused:explicit_throughput,1
8.659,8.713,2,stall,13222245990763,13222245990817,slot0_x1_y3,0,1,3,TILE,TRISC-KERNEL,/hdd/flapmax/tt-metal/tt_metal/hw/firmware/src/tt-1xx/trisck.cc,73,tile_fused:trisc_kernel_base,1
8.713,8.738,2,active,13222245990817,13222245990842,slot0_x1_y3,0,1,3,TILE,THROUGHPUT_SECTION,/hdd/flapmax/tt-metal/tt_metal/hw/firmware/src/tt-1xx/trisck.cc,73,tile_fused:explicit_throughput,1
8.738,8.835,2,stall,13222245990842,13222245990939,slot0_x1_y3,0,1,3,TILE,TRISC-KERNEL,/hdd/flapmax/tt-metal/tt_metal/hw/firmware/src/tt-1xx/trisck.cc,73,tile_fused:trisc_kernel_base,1
8.835,8.854,2,active,13222245990939,13222245990958,slot0_x1_y3,0,1,3,TILE,THROUGHPUT_SECTION,/hdd/flapmax/tt-metal/tt_metal/hw/firmware/src/tt-1xx/trisck.cc,73,tile_fused:explicit_throughput,1
8.854,16.007,2,stall,13222245990958,13222245998111,slot0_x1_y3,0,1,3,TILE,TRISC-KERNEL,/hdd/flapmax/tt-metal/tt_metal/hw/firmware/src/tt-1xx/trisck.cc,73,tile_fused:trisc_kernel_base,1
16.007,16.066,2,active,13222245998111,13222245998170,slot0_x1_y3,0,1,3,TILE,THROUGHPUT_SECTION,/hdd/flapmax/tt-metal/tt_metal/hw/firmware/src/tt-1xx/trisck.cc,73,tile_fused:explicit_throughput,1
16.066,16.12,2,stall,13222245998170,13222245998224,slot0_x1_y3,0,1,3,TILE,TRISC-KERNEL,/hdd/flapmax/tt-metal/tt_metal/hw/firmware/src/tt-1xx/trisck.cc,73,tile_fused:trisc_kernel_base,1
16.12,16.142,2,active,13222245998224,13222245998246,slot0_x1_y3,0,1,3,TILE,THROUGHPUT_SECTION,/hdd/flapmax/tt-metal/tt_metal/hw/firmware/src/tt-1xx/trisck.cc,73,tile_fused:explicit_throughput,1
16.142,16.241,2,stall,13222245998246,13222245998345,slot0_x1_y3,0,1,3,TILE,TRISC-KERNEL,/hdd/flapmax/tt-metal/tt_metal/hw/firmware/src/tt-1xx/trisck.cc,73,tile_fused:trisc_kernel_base,1
16.241,16.261,2,active,13222245998345,13222245998365,slot0_x1_y3,0,1,3,TILE,THROUGHPUT_SECTION,/hdd/flapmax/tt-metal/tt_metal/hw/firmware/src/tt-1xx/trisck.cc,73,tile_fused:explicit_throughput,1
16.261,16.669,2,stall,13222245998365,13222245998773,slot0_x1_y3,0,1,3,TILE,TRISC-KERNEL,/hdd/flapmax/tt-metal/tt_metal/hw/firmware/src/tt-1xx/trisck.cc,73,tile_fused:trisc_kernel_base,1
16.669,16.716,2,active,13222245998773,13222245998820,slot0_x1_y3,0,1,3,TILE,THROUGHPUT_SECTION,/hdd/flapmax/tt-metal/tt_metal/hw/firmware/src/tt-1xx/trisck.cc,73,tile_fused:explicit_throughput,1
16.716,16.778,2,stall,13222245998820,13222245998882,slot0_x1_y3,0,1,3,TILE,TRISC-KERNEL,/hdd/flapmax/tt-metal/tt_metal/hw/firmware/src/tt-1xx/trisck.cc,73,tile_fused:trisc_kernel_base,1
16.778,16.799,2,active,13222245998882,13222245998903,slot0_x1_y3,0,1,3,TILE,THROUGHPUT_SECTION,/hdd/flapmax/tt-metal/tt_metal/hw/firmware/src/tt-1xx/trisck.cc,73,tile_fused:explicit_throughput,1
16.799,16.898,2,stall,13222245998903,13222245999002,slot0_x1_y3,0,1,3,TILE,TRISC-KERNEL,/hdd/flapmax/tt-metal/tt_metal/hw/firmware/src/tt-1xx/trisck.cc,73,tile_fused:trisc_kernel_base,1
16.898,16.917,2,active,13222245999002,13222245999021,slot0_x1_y3,0,1,3,TILE,THROUGHPUT_SECTION,/hdd/flapmax/tt-metal/tt_metal/hw/firmware/src/tt-1xx/trisck.cc,73,tile_fused:explicit_throughput,1
16.917,17.863,2,stall,13222245999021,13222245999967,slot0_x1_y3,0,1,3,TILE,TRISC-KERNEL,/hdd/flapmax/tt-metal/tt_metal/hw/firmware/src/tt-1xx/trisck.cc,73,tile_fused:trisc_kernel_base,1
17.863,17.917,2,active,13222245999967,13222246000021,slot0_x1_y3,0,1,3,TILE,THROUGHPUT_SECTION,/hdd/flapmax/tt-metal/tt_metal/hw/firmware/src/tt-1xx/trisck.cc,73,tile_fused:explicit_throughput,1
17.917,17.971,2,stall,13222246000021,13222246000075,slot0_x1_y3,0,1,3,TILE,TRISC-KERNEL,/hdd/flapmax/tt-metal/tt_metal/hw/firmware/src/tt-1xx/trisck.cc,73,tile_fused:trisc_kernel_base,1
17.971,17.993,2,active,13222246000075,13222246000097,slot0_x1_y3,0,1,3,TILE,THROUGHPUT_SECTION,/hdd/flapmax/tt-metal/tt_metal/hw/firmware/src/tt-1xx/trisck.cc,73,tile_fused:explicit_throughput,1
17.993,18.092,2,stall,13222246000097,13222246000196,slot0_x1_y3,0,1,3,TILE,TRISC-KERNEL,/hdd/flapmax/tt-metal/tt_metal/hw/firmware/src/tt-1xx/trisck.cc,73,tile_fused:trisc_kernel_base,1
18.092,18.112,2,active,13222246000196,13222246000216,slot0_x1_y3,0,1,3,TILE,THROUGHPUT_SECTION,/hdd/flapmax/tt-metal/tt_metal/hw/firmware/src/tt-1xx/trisck.cc,73,tile_fused:explicit_throughput,1
18.112,18.799,2,stall,13222246000216,13222246000903,slot0_x1_y3,0,1,3,TILE,TRISC-KERNEL,/hdd/flapmax/tt-metal/tt_metal/hw/firmware/src/tt-1xx/trisck.cc,73,tile_fused:trisc_kernel_base,1
18.799,18.847,2,active,13222246000903,13222246000951,slot0_x1_y3,0,1,3,TILE,THROUGHPUT_SECTION,/hdd/flapmax/tt-metal/tt_metal/hw/firmware/src/tt-1xx/trisck.cc,73,tile_fused:explicit_throughput,1
18.847,18.899,2,stall,13222246000951,13222246001003,slot0_x1_y3,0,1,3,TILE,TRISC-KERNEL,/hdd/flapmax/tt-metal/tt_metal/hw/firmware/src/tt-1xx/trisck.cc,73,tile_fused:trisc_kernel_base,1
18.899,18.921,2,active,13222246001003,13222246001025,slot0_x1_y3,0,1,3,TILE,THROUGHPUT_SECTION,/hdd/flapmax/tt-metal/tt_metal/hw/firmware/src/tt-1xx/trisck.cc,73,tile_fused:explicit_throughput,1
18.921,19.021,2,stall,13222246001025,13222246001125,slot0_x1_y3,0,1,3,TILE,TRISC-KERNEL,/hdd/flapmax/tt-metal/tt_metal/hw/firmware/src/tt-1xx/trisck.cc,73,tile_fused:trisc_kernel_base,1
19.021,19.041,2,active,13222246001125,13222246001145,slot0_x1_y3,0,1,3,TILE,THROUGHPUT_SECTION,/hdd/flapmax/tt-metal/tt_metal/hw/firmware/src/tt-1xx/trisck.cc,73,tile_fused:explicit_throughput,1
19.041,19.638,2,stall,13222246001145,13222246001742,slot0_x1_y3,0,1,3,TILE,TRISC-KERNEL,/hdd/flapmax/tt-metal/tt_metal/hw/firmware/src/tt-1xx/trisck.cc,73,tile_fused:trisc_kernel_base,1
19.638,19.692,2,active,13222246001742,13222246001796,slot0_x1_y3,0,1,3,TILE,THROUGHPUT_SECTION,/hdd/flapmax/tt-metal/tt_metal/hw/firmware/src/tt-1xx/trisck.cc,73,tile_fused:explicit_throughput,1
19.692,19.744,2,stall,13222246001796,13222246001848,slot0_x1_y3,0,1,3,TILE,TRISC-KERNEL,/hdd/flapmax/tt-metal/tt_metal/hw/firmware/src/tt-1xx/trisck.cc,73,tile_fused:trisc_kernel_base,1
19.744,19.767,2,active,13222246001848,13222246001871,slot0_x1_y3,0,1,3,TILE,THROUGHPUT_SECTION,/hdd/flapmax/tt-metal/tt_metal/hw/firmware/src/tt-1xx/trisck.cc,73,tile_fused:explicit_throughput,1
19.767,19.865,2,stall,13222246001871,13222246001969,slot0_x1_y3,0,1,3,TILE,TRISC-KERNEL,/hdd/flapmax/tt-metal/tt_metal/hw/firmware/src/tt-1xx/trisck.cc,73,tile_fused:trisc_kernel_base,1
19.865,19.885,2,active,13222246001969,13222246001989,slot0_x1_y3,0,1,3,TILE,THROUGHPUT_SECTION,/hdd/flapmax/tt-metal/tt_metal/hw/firmware/src/tt-1xx/trisck.cc,73,tile_fused:explicit_throughput,1
19.885,20.466,2,stall,13222246001989,13222246002570,slot0_x1_y3,0,1,3,TILE,TRISC-KERNEL,/hdd/flapmax/tt-metal/tt_metal/hw/firmware/src/tt-1xx/trisck.cc,73,tile_fused:trisc_kernel_base,1
20.466,20.513,2,active,13222246002570,13222246002617,slot0_x1_y3,0,1,3,TILE,THROUGHPUT_SECTION,/hdd/flapmax/tt-metal/tt_metal/hw/firmware/src/tt-1xx/trisck.cc,73,tile_fused:explicit_throughput,1
20.513,20.573,2,stall,13222246002617,13222246002677,slot0_x1_y3,0,1,3,TILE,TRISC-KERNEL,/hdd/flapmax/tt-metal/tt_metal/hw/firmware/src/tt-1xx/trisck.cc,73,tile_fused:trisc_kernel_base,1
20.573,20.595,2,active,13222246002677,13222246002699,slot0_x1_y3,0,1,3,TILE,THROUGHPUT_SECTION,/hdd/flapmax/tt-metal/tt_metal/hw/firmware/src/tt-1xx/trisck.cc,73,tile_fused:explicit_throughput,1
20.595,20.693,2,stall,13222246002699,13222246002797,slot0_x1_y3,0,1,3,TILE,TRISC-KERNEL,/hdd/flapmax/tt-metal/tt_metal/hw/firmware/src/tt-1xx/trisck.cc,73,tile_fused:trisc_kernel_base,1
20.693,20.712,2,active,13222246002797,13222246002816,slot0_x1_y3,0,1,3,TILE,THROUGHPUT_SECTION,/hdd/flapmax/tt-metal/tt_metal/hw/firmware/src/tt-1xx/trisck.cc,73,tile_fused:explicit_throughput,1
20.712,21.367,2,stall,13222246002816,13222246003471,slot0_x1_y3,0,1,3,TILE,TRISC-KERNEL,/hdd/flapmax/tt-metal/tt_metal/hw/firmware/src/tt-1xx/trisck.cc,73,tile_fused:trisc_kernel_base,1
21.367,21.421,2,active,13222246003471,13222246003525,slot0_x1_y3,0,1,3,TILE,THROUGHPUT_SECTION,/hdd/flapmax/tt-metal/tt_metal/hw/firmware/src/tt-1xx/trisck.cc,73,tile_fused:explicit_throughput,1
21.421,21.473,2,stall,13222246003525,13222246003577,slot0_x1_y3,0,1,3,TILE,TRISC-KERNEL,/hdd/flapmax/tt-metal/tt_metal/hw/firmware/src/tt-1xx/trisck.cc,73,tile_fused:trisc_kernel_base,1
21.473,21.496,2,active,13222246003577,13222246003600,slot0_x1_y3,0,1,3,TILE,THROUGHPUT_SECTION,/hdd/flapmax/tt-metal/tt_metal/hw/firmware/src/tt-1xx/trisck.cc,73,tile_fused:explicit_throughput,1
21.496,21.594,2,stall,13222246003600,13222246003698,slot0_x1_y3,0,1,3,TILE,TRISC-KERNEL,/hdd/flapmax/tt-metal/tt_metal/hw/firmware/src/tt-1xx/trisck.cc,73,tile_fused:trisc_kernel_base,1
21.594,21.613,2,active,13222246003698,13222246003717,slot0_x1_y3,0,1,3,TILE,THROUGHPUT_SECTION,/hdd/flapmax/tt-metal/tt_metal/hw/firmware/src/tt-1xx/trisck.cc,73,tile_fused:explicit_throughput,1
21.613,22.25,2,stall,13222246003717,13222246004354,slot0_x1_y3,0,1,3,TILE,TRISC-KERNEL,/hdd/flapmax/tt-metal/tt_metal/hw/firmware/src/tt-1xx/trisck.cc,73,tile_fused:trisc_kernel_base,1
22.25,22.297,2,active,13222246004354,13222246004401,slot0_x1_y3,0,1,3,TILE,THROUGHPUT_SECTION,/hdd/flapmax/tt-metal/tt_metal/hw/firmware/src/tt-1xx/trisck.cc,73,tile_fused:explicit_throughput,1
22.297,22.35,2,stall,13222246004401,13222246004454,slot0_x1_y3,0,1,3,TILE,TRISC-KERNEL,/hdd/flapmax/tt-metal/tt_metal/hw/firmware/src/tt-1xx/trisck.cc,73,tile_fused:trisc_kernel_base,1
22.35,22.371,2,active,13222246004454,13222246004475,slot0_x1_y3,0,1,3,TILE,THROUGHPUT_SECTION,/hdd/flapmax/tt-metal/tt_metal/hw/firmware/src/tt-1xx/trisck.cc,73,tile_fused:explicit_throughput,1
22.371,22.471,2,stall,13222246004475,13222246004575,slot0_x1_y3,0,1,3,TILE,TRISC-KERNEL,/hdd/flapmax/tt-metal/tt_metal/hw/firmware/src/tt-1xx/trisck.cc,73,tile_fused:trisc_kernel_base,1
22.471,22.493,2,active,13222246004575,13222246004597,slot0_x1_y3,0,1,3,TILE,THROUGHPUT_SECTION,/hdd/flapmax/tt-metal/tt_metal/hw/firmware/src/tt-1xx/trisck.cc,73,tile_fused:explicit_throughput,1
22.493,22.991,2,stall,13222246004597,13222246005095,slot0_x1_y3,0,1,3,TILE,TRISC-KERNEL,/hdd/flapmax/tt-metal/tt_metal/hw/firmware/src/tt-1xx/trisck.cc,73,tile_fused:trisc_kernel_base,1
22.991,23.046,2,active,13222246005095,13222246005150,slot0_x1_y3,0,1,3,TILE,THROUGHPUT_SECTION,/hdd/flapmax/tt-metal/tt_metal/hw/firmware/src/tt-1xx/trisck.cc,73,tile_fused:explicit_throughput,1
23.046,23.096,2,stall,13222246005150,13222246005200,slot0_x1_y3,0,1,3,TILE,TRISC-KERNEL,/hdd/flapmax/tt-metal/tt_metal/hw/firmware/src/tt-1xx/trisck.cc,73,tile_fused:trisc_kernel_base,1
23.096,23.117,2,active,13222246005200,13222246005221,slot0_x1_y3,0,1,3,TILE,THROUGHPUT_SECTION,/hdd/flapmax/tt-metal/tt_metal/hw/firmware/src/tt-1xx/trisck.cc,73,tile_fused:explicit_throughput,1
23.117,23.217,2,stall,13222246005221,13222246005321,slot0_x1_y3,0,1,3,TILE,TRISC-KERNEL,/hdd/flapmax/tt-metal/tt_metal/hw/firmware/src/tt-1xx/trisck.cc,73,tile_fused:trisc_kernel_base,1
23.217,23.236,2,active,13222246005321,13222246005340,slot0_x1_y3,0,1,3,TILE,THROUGHPUT_SECTION,/hdd/flapmax/tt-metal/tt_metal/hw/firmware/src/tt-1xx/trisck.cc,73,tile_fused:explicit_throughput,1
23.236,23.721,2,stall,13222246005340,13222246005825,slot0_x1_y3,0,1,3,TILE,TRISC-KERNEL,/hdd/flapmax/tt-metal/tt_metal/hw/firmware/src/tt-1xx/trisck.cc,73,tile_fused:trisc_kernel_base,1
23.721,23.768,2,active,13222246005825,13222246005872,slot0_x1_y3,0,1,3,TILE,THROUGHPUT_SECTION,/hdd/flapmax/tt-metal/tt_metal/hw/firmware/src/tt-1xx/trisck.cc,73,tile_fused:explicit_throughput,1
23.768,24.452,2,stall,13222246005872,13222246006556,slot0_x1_y3,0,1,3,TILE,TRISC-KERNEL,/hdd/flapmax/tt-metal/tt_metal/hw/firmware/src/tt-1xx/trisck.cc,73,tile_fused:trisc_kernel_base,1
24.452,24.506,2,active,13222246006556,13222246006610,slot0_x1_y3,0,1,3,TILE,THROUGHPUT_SECTION,/hdd/flapmax/tt-metal/tt_metal/hw/firmware/src/tt-1xx/trisck.cc,73,tile_fused:explicit_throughput,1
24.506,25.299,2,stall,13222246006610,13222246007403,slot0_x1_y3,0,1,3,TILE,TRISC-KERNEL,/hdd/flapmax/tt-metal/tt_metal/hw/firmware/src/tt-1xx/trisck.cc,73,tile_fused:trisc_kernel_base,1
0.119,0.305,3,stall,13222245982223,13222245982409,slot0_x1_y4,0,1,4,TILE,TRISC-KERNEL,/hdd/flapmax/tt-metal/tt_metal/hw/firmware/src/tt-1xx/trisck.cc,73,tile_fused:trisc_kernel_base,1
0.305,0.327,3,active,13222245982409,13222245982431,slot0_x1_y4,0,1,4,TILE,THROUGHPUT_SECTION,/hdd/flapmax/tt-metal/tt_metal/hw/firmware/src/tt-1xx/trisck.cc,73,tile_fused:explicit_throughput,1
0.327,0.361,3,stall,13222245982431,13222245982465,slot0_x1_y4,0,1,4,TILE,TRISC-KERNEL,/hdd/flapmax/tt-metal/tt_metal/hw/firmware/src/tt-1xx/trisck.cc,73,tile_fused:trisc_kernel_base,1
0.361,0.382,3,active,13222245982465,13222245982486,slot0_x1_y4,0,1,4,TILE,THROUGHPUT_SECTION,/hdd/flapmax/tt-metal/tt_metal/hw/firmware/src/tt-1xx/trisck.cc,73,tile_fused:explicit_throughput,1
0.382,0.556,3,stall,13222245982486,13222245982660,slot0_x1_y4,0,1,4,TILE,TRISC-KERNEL,/hdd/flapmax/tt-metal/tt_metal/hw/firmware/src/tt-1xx/trisck.cc,73,tile_fused:trisc_kernel_base,1
0.556,0.575,3,active,13222245982660,13222245982679,slot0_x1_y4,0,1,4,TILE,THROUGHPUT_SECTION,/hdd/flapmax/tt-metal/tt_metal/hw/firmware/src/tt-1xx/trisck.cc,73,tile_fused:explicit_throughput,1
0.575,0.687,3,stall,13222245982679,13222245982791,slot0_x1_y4,0,1,4,TILE,TRISC-KERNEL,/hdd/flapmax/tt-metal/tt_metal/hw/firmware/src/tt-1xx/trisck.cc,73,tile_fused:trisc_kernel_base,1
0.687,0.706,3,active,13222245982791,13222245982810,slot0_x1_y4,0,1,4,TILE,THROUGHPUT_SECTION,/hdd/flapmax/tt-metal/tt_metal/hw/firmware/src/tt-1xx/trisck.cc,73,tile_fused:explicit_throughput,1
0.706,8.517,3,stall,13222245982810,13222245990621,slot0_x1_y4,0,1,4,TILE,TRISC-KERNEL,/hdd/flapmax/tt-metal/tt_metal/hw/firmware/src/tt-1xx/trisck.cc,73,tile_fused:trisc_kernel_base,1
8.517,8.563,3,active,13222245990621,13222245990667,slot0_x1_y4,0,1,4,TILE,THROUGHPUT_SECTION,/hdd/flapmax/tt-metal/tt_metal/hw/firmware/src/tt-1xx/trisck.cc,73,tile_fused:explicit_throughput,1
8.563,8.617,3,stall,13222245990667,13222245990721,slot0_x1_y4,0,1,4,TILE,TRISC-KERNEL,/hdd/flapmax/tt-metal/tt_metal/hw/firmware/src/tt-1xx/trisck.cc,73,tile_fused:trisc_kernel_base,1
8.617,8.641,3,active,13222245990721,13222245990745,slot0_x1_y4,0,1,4,TILE,THROUGHPUT_SECTION,/hdd/flapmax/tt-metal/tt_metal/hw/firmware/src/tt-1xx/trisck.cc,73,tile_fused:explicit_throughput,1
8.641,8.739,3,stall,13222245990745,13222245990843,slot0_x1_y4,0,1,4,TILE,TRISC-KERNEL,/hdd/flapmax/tt-metal/tt_metal/hw/firmware/src/tt-1xx/trisck.cc,73,tile_fused:trisc_kernel_base,1
8.739,8.758,3,active,13222245990843,13222245990862,slot0_x1_y4,0,1,4,TILE,THROUGHPUT_SECTION,/hdd/flapmax/tt-metal/tt_metal/hw/firmware/src/tt-1xx/trisck.cc,73,tile_fused:explicit_throughput,1
8.758,15.704,3,stall,13222245990862,13222245997808,slot0_x1_y4,0,1,4,TILE,TRISC-KERNEL,/hdd/flapmax/tt-metal/tt_metal/hw/firmware/src/tt-1xx/trisck.cc,73,tile_fused:trisc_kernel_base,1
15.704,15.764,3,active,13222245997808,13222245997868,slot0_x1_y4,0,1,4,TILE,THROUGHPUT_SECTION,/hdd/flapmax/tt-metal/tt_metal/hw/firmware/src/tt-1xx/trisck.cc,73,tile_fused:explicit_throughput,1
15.764,15.818,3,stall,13222245997868,13222245997922,slot0_x1_y4,0,1,4,TILE,TRISC-KERNEL,/hdd/flapmax/tt-metal/tt_metal/hw/firmware/src/tt-1xx/trisck.cc,73,tile_fused:trisc_kernel_base,1
15.818,15.84,3,active,13222245997922,13222245997944,slot0_x1_y4,0,1,4,TILE,THROUGHPUT_SECTION,/hdd/flapmax/tt-metal/tt_metal/hw/firmware/src/tt-1xx/trisck.cc,73,tile_fused:explicit_throughput,1
15.84,15.939,3,stall,13222245997944,13222245998043,slot0_x1_y4,0,1,4,TILE,TRISC-KERNEL,/hdd/flapmax/tt-metal/tt_metal/hw/firmware/src/tt-1xx/trisck.cc,73,tile_fused:trisc_kernel_base,1
15.939,15.959,3,active,13222245998043,13222245998063,slot0_x1_y4,0,1,4,TILE,THROUGHPUT_SECTION,/hdd/flapmax/tt-metal/tt_metal/hw/firmware/src/tt-1xx/trisck.cc,73,tile_fused:explicit_throughput,1
15.959,16.436,3,stall,13222245998063,13222245998540,slot0_x1_y4,0,1,4,TILE,TRISC-KERNEL,/hdd/flapmax/tt-metal/tt_metal/hw/firmware/src/tt-1xx/trisck.cc,73,tile_fused:trisc_kernel_base,1
16.436,16.483,3,active,13222245998540,13222245998587,slot0_x1_y4,0,1,4,TILE,THROUGHPUT_SECTION,/hdd/flapmax/tt-metal/tt_metal/hw/firmware/src/tt-1xx/trisck.cc,73,tile_fused:explicit_throughput,1
16.483,16.545,3,stall,13222245998587,13222245998649,slot0_x1_y4,0,1,4,TILE,TRISC-KERNEL,/hdd/flapmax/tt-metal/tt_metal/hw/firmware/src/tt-1xx/trisck.cc,73,tile_fused:trisc_kernel_base,1
16.545,16.566,3,active,13222245998649,13222245998670,slot0_x1_y4,0,1,4,TILE,THROUGHPUT_SECTION,/hdd/flapmax/tt-metal/tt_metal/hw/firmware/src/tt-1xx/trisck.cc,73,tile_fused:explicit_throughput,1
16.566,16.665,3,stall,13222245998670,13222245998769,slot0_x1_y4,0,1,4,TILE,TRISC-KERNEL,/hdd/flapmax/tt-metal/tt_metal/hw/firmware/src/tt-1xx/trisck.cc,73,tile_fused:trisc_kernel_base,1
16.665,16.684,3,active,13222245998769,13222245998788,slot0_x1_y4,0,1,4,TILE,THROUGHPUT_SECTION,/hdd/flapmax/tt-metal/tt_metal/hw/firmware/src/tt-1xx/trisck.cc,73,tile_fused:explicit_throughput,1
16.684,17.355,3,stall,13222245998788,13222245999459,slot0_x1_y4,0,1,4,TILE,TRISC-KERNEL,/hdd/flapmax/tt-metal/tt_metal/hw/firmware/src/tt-1xx/trisck.cc,73,tile_fused:trisc_kernel_base,1
17.355,17.409,3,active,13222245999459,13222245999513,slot0_x1_y4,0,1,4,TILE,THROUGHPUT_SECTION,/hdd/flapmax/tt-metal/tt_metal/hw/firmware/src/tt-1xx/trisck.cc,73,tile_fused:explicit_throughput,1
17.409,17.463,3,stall,13222245999513,13222245999567,slot0_x1_y4,0,1,4,TILE,TRISC-KERNEL,/hdd/flapmax/tt-metal/tt_metal/hw/firmware/src/tt-1xx/trisck.cc,73,tile_fused:trisc_kernel_base,1
17.463,17.486,3,active,13222245999567,13222245999590,slot0_x1_y4,0,1,4,TILE,THROUGHPUT_SECTION,/hdd/flapmax/tt-metal/tt_metal/hw/firmware/src/tt-1xx/trisck.cc,73,tile_fused:explicit_throughput,1
17.486,17.585,3,stall,13222245999590,13222245999689,slot0_x1_y4,0,1,4,TILE,TRISC-KERNEL,/hdd/flapmax/tt-metal/tt_metal/hw/firmware/src/tt-1xx/trisck.cc,73,tile_fused:trisc_kernel_base,1
17.585,17.604,3,active,13222245999689,13222245999708,slot0_x1_y4,0,1,4,TILE,THROUGHPUT_SECTION,/hdd/flapmax/tt-metal/tt_metal/hw/firmware/src/tt-1xx/trisck.cc,73,tile_fused:explicit_throughput,1
17.604,18.551,3,stall,13222245999708,13222246000655,slot0_x1_y4,0,1,4,TILE,TRISC-KERNEL,/hdd/flapmax/tt-metal/tt_metal/hw/firmware/src/tt-1xx/trisck.cc,73,tile_fused:trisc_kernel_base,1
18.551,18.598,3,active,13222246000655,13222246000702,slot0_x1_y4,0,1,4,TILE,THROUGHPUT_SECTION,/hdd/flapmax/tt-metal/tt_metal/hw/firmware/src/tt-1xx/trisck.cc,73,tile_fused:explicit_throughput,1
18.598,18.651,3,stall,13222246000702,13222246000755,slot0_x1_y4,0,1,4,TILE,TRISC-KERNEL,/hdd/flapmax/tt-metal/tt_metal/hw/firmware/src/tt-1xx/trisck.cc,73,tile_fused:trisc_kernel_base,1
18.651,18.672,3,active,13222246000755,13222246000776,slot0_x1_y4,0,1,4,TILE,THROUGHPUT_SECTION,/hdd/flapmax/tt-metal/tt_metal/hw/firmware/src/tt-1xx/trisck.cc,73,tile_fused:explicit_throughput,1
18.672,18.772,3,stall,13222246000776,13222246000876,slot0_x1_y4,0,1,4,TILE,TRISC-KERNEL,/hdd/flapmax/tt-metal/tt_metal/hw/firmware/src/tt-1xx/trisck.cc,73,tile_fused:trisc_kernel_base,1
18.772,18.792,3,active,13222246000876,13222246000896,slot0_x1_y4,0,1,4,TILE,THROUGHPUT_SECTION,/hdd/flapmax/tt-metal/tt_metal/hw/firmware/src/tt-1xx/trisck.cc,73,tile_fused:explicit_throughput,1
18.792,19.331,3,stall,13222246000896,13222246001435,slot0_x1_y4,0,1,4,TILE,TRISC-KERNEL,/hdd/flapmax/tt-metal/tt_metal/hw/firmware/src/tt-1xx/trisck.cc,73,tile_fused:trisc_kernel_base,1
19.331,19.385,3,active,13222246001435,13222246001489,slot0_x1_y4,0,1,4,TILE,THROUGHPUT_SECTION,/hdd/flapmax/tt-metal/tt_metal/hw/firmware/src/tt-1xx/trisck.cc,73,tile_fused:explicit_throughput,1
19.385,19.437,3,stall,13222246001489,13222246001541,slot0_x1_y4,0,1,4,TILE,TRISC-KERNEL,/hdd/flapmax/tt-metal/tt_metal/hw/firmware/src/tt-1xx/trisck.cc,73,tile_fused:trisc_kernel_base,1
19.437,19.459,3,active,13222246001541,13222246001563,slot0_x1_y4,0,1,4,TILE,THROUGHPUT_SECTION,/hdd/flapmax/tt-metal/tt_metal/hw/firmware/src/tt-1xx/trisck.cc,73,tile_fused:explicit_throughput,1
19.459,19.559,3,stall,13222246001563,13222246001663,slot0_x1_y4,0,1,4,TILE,TRISC-KERNEL,/hdd/flapmax/tt-metal/tt_metal/hw/firmware/src/tt-1xx/trisck.cc,73,tile_fused:trisc_kernel_base,1
19.559,19.578,3,active,13222246001663,13222246001682,slot0_x1_y4,0,1,4,TILE,THROUGHPUT_SECTION,/hdd/flapmax/tt-metal/tt_metal/hw/firmware/src/tt-1xx/trisck.cc,73,tile_fused:explicit_throughput,1
19.578,20.291,3,stall,13222246001682,13222246002395,slot0_x1_y4,0,1,4,TILE,TRISC-KERNEL,/hdd/flapmax/tt-metal/tt_metal/hw/firmware/src/tt-1xx/trisck.cc,73,tile_fused:trisc_kernel_base,1
20.291,20.338,3,active,13222246002395,13222246002442,slot0_x1_y4,0,1,4,TILE,THROUGHPUT_SECTION,/hdd/flapmax/tt-metal/tt_metal/hw/firmware/src/tt-1xx/trisck.cc,73,tile_fused:explicit_throughput,1
20.338,20.398,3,stall,13222246002442,13222246002502,slot0_x1_y4,0,1,4,TILE,TRISC-KERNEL,/hdd/flapmax/tt-metal/tt_metal/hw/firmware/src/tt-1xx/trisck.cc,73,tile_fused:trisc_kernel_base,1
20.398,20.422,3,active,13222246002502,13222246002526,slot0_x1_y4,0,1,4,TILE,THROUGHPUT_SECTION,/hdd/flapmax/tt-metal/tt_metal/hw/firmware/src/tt-1xx/trisck.cc,73,tile_fused:explicit_throughput,1
20.422,20.518,3,stall,13222246002526,13222246002622,slot0_x1_y4,0,1,4,TILE,TRISC-KERNEL,/hdd/flapmax/tt-metal/tt_metal/hw/firmware/src/tt-1xx/trisck.cc,73,tile_fused:trisc_kernel_base,1
20.518,20.537,3,active,13222246002622,13222246002641,slot0_x1_y4,0,1,4,TILE,THROUGHPUT_SECTION,/hdd/flapmax/tt-metal/tt_metal/hw/firmware/src/tt-1xx/trisck.cc,73,tile_fused:explicit_throughput,1
20.537,21.062,3,stall,13222246002641,13222246003166,slot0_x1_y4,0,1,4,TILE,TRISC-KERNEL,/hdd/flapmax/tt-metal/tt_metal/hw/firmware/src/tt-1xx/trisck.cc,73,tile_fused:trisc_kernel_base,1
21.062,21.116,3,active,13222246003166,13222246003220,slot0_x1_y4,0,1,4,TILE,THROUGHPUT_SECTION,/hdd/flapmax/tt-metal/tt_metal/hw/firmware/src/tt-1xx/trisck.cc,73,tile_fused:explicit_throughput,1
21.116,21.168,3,stall,13222246003220,13222246003272,slot0_x1_y4,0,1,4,TILE,TRISC-KERNEL,/hdd/flapmax/tt-metal/tt_metal/hw/firmware/src/tt-1xx/trisck.cc,73,tile_fused:trisc_kernel_base,1
21.168,21.189,3,active,13222246003272,13222246003293,slot0_x1_y4,0,1,4,TILE,THROUGHPUT_SECTION,/hdd/flapmax/tt-metal/tt_metal/hw/firmware/src/tt-1xx/trisck.cc,73,tile_fused:explicit_throughput,1
21.189,21.289,3,stall,13222246003293,13222246003393,slot0_x1_y4,0,1,4,TILE,TRISC-KERNEL,/hdd/flapmax/tt-metal/tt_metal/hw/firmware/src/tt-1xx/trisck.cc,73,tile_fused:trisc_kernel_base,1
21.289,21.308,3,active,13222246003393,13222246003412,slot0_x1_y4,0,1,4,TILE,THROUGHPUT_SECTION,/hdd/flapmax/tt-metal/tt_metal/hw/firmware/src/tt-1xx/trisck.cc,73,tile_fused:explicit_throughput,1
21.308,21.724,3,stall,13222246003412,13222246003828,slot0_x1_y4,0,1,4,TILE,TRISC-KERNEL,/hdd/flapmax/tt-metal/tt_metal/hw/firmware/src/tt-1xx/trisck.cc,73,tile_fused:trisc_kernel_base,1
21.724,21.771,3,active,13222246003828,13222246003875,slot0_x1_y4,0,1,4,TILE,THROUGHPUT_SECTION,/hdd/flapmax/tt-metal/tt_metal/hw/firmware/src/tt-1xx/trisck.cc,73,tile_fused:explicit_throughput,1
21.771,21.824,3,stall,13222246003875,13222246003928,slot0_x1_y4,0,1,4,TILE,TRISC-KERNEL,/hdd/flapmax/tt-metal/tt_metal/hw/firmware/src/tt-1xx/trisck.cc,73,tile_fused:trisc_kernel_base,1
21.824,21.845,3,active,13222246003928,13222246003949,slot0_x1_y4,0,1,4,TILE,THROUGHPUT_SECTION,/hdd/flapmax/tt-metal/tt_metal/hw/firmware/src/tt-1xx/trisck.cc,73,tile_fused:explicit_throughput,1
21.845,21.945,3,stall,13222246003949,13222246004049,slot0_x1_y4,0,1,4,TILE,TRISC-KERNEL,/hdd/flapmax/tt-metal/tt_metal/hw/firmware/src/tt-1xx/trisck.cc,73,tile_fused:trisc_kernel_base,1
21.945,21.965,3,active,13222246004049,13222246004069,slot0_x1_y4,0,1,4,TILE,THROUGHPUT_SECTION,/hdd/flapmax/tt-metal/tt_metal/hw/firmware/src/tt-1xx/trisck.cc,73,tile_fused:explicit_throughput,1
21.965,22.424,3,stall,13222246004069,13222246004528,slot0_x1_y4,0,1,4,TILE,TRISC-KERNEL,/hdd/flapmax/tt-metal/tt_metal/hw/firmware/src/tt-1xx/trisck.cc,73,tile_fused:trisc_kernel_base,1
22.424,22.478,3,active,13222246004528,13222246004582,slot0_x1_y4,0,1,4,TILE,THROUGHPUT_SECTION,/hdd/flapmax/tt-metal/tt_metal/hw/firmware/src/tt-1xx/trisck.cc,73,tile_fused:explicit_throughput,1
22.478,23.283,3,stall,13222246004582,13222246005387,slot0_x1_y4,0,1,4,TILE,TRISC-KERNEL,/hdd/flapmax/tt-metal/tt_metal/hw/firmware/src/tt-1xx/trisck.cc,73,tile_fused:trisc_kernel_base,1
23.283,23.33,3,active,13222246005387,13222246005434,slot0_x1_y4,0,1,4,TILE,THROUGHPUT_SECTION,/hdd/flapmax/tt-metal/tt_metal/hw/firmware/src/tt-1xx/trisck.cc,73,tile_fused:explicit_throughput,1
23.33,24.209,3,stall,13222246005434,13222246006313,slot0_x1_y4,0,1,4,TILE,TRISC-KERNEL,/hdd/flapmax/tt-metal/tt_metal/hw/firmware/src/tt-1xx/trisck.cc,73,tile_fused:trisc_kernel_base,1
0.153,0.335,4,stall,13222245982257,13222245982439,slot0_x1_y5,0,1,5,TILE,TRISC-KERNEL,/hdd/flapmax/tt-metal/tt_metal/hw/firmware/src/tt-1xx/trisck.cc,73,tile_fused:trisc_kernel_base,1
0.335,0.356,4,active,13222245982439,13222245982460,slot0_x1_y5,0,1,5,TILE,THROUGHPUT_SECTION,/hdd/flapmax/tt-metal/tt_metal/hw/firmware/src/tt-1xx/trisck.cc,73,tile_fused:explicit_throughput,1
0.356,0.394,4,stall,13222245982460,13222245982498,slot0_x1_y5,0,1,5,TILE,TRISC-KERNEL,/hdd/flapmax/tt-metal/tt_metal/hw/firmware/src/tt-1xx/trisck.cc,73,tile_fused:trisc_kernel_base,1
0.394,0.415,4,active,13222245982498,13222245982519,slot0_x1_y5,0,1,5,TILE,THROUGHPUT_SECTION,/hdd/flapmax/tt-metal/tt_metal/hw/firmware/src/tt-1xx/trisck.cc,73,tile_fused:explicit_throughput,1
0.415,0.594,4,stall,13222245982519,13222245982698,slot0_x1_y5,0,1,5,TILE,TRISC-KERNEL,/hdd/flapmax/tt-metal/tt_metal/hw/firmware/src/tt-1xx/trisck.cc,73,tile_fused:trisc_kernel_base,1
0.594,0.613,4,active,13222245982698,13222245982717,slot0_x1_y5,0,1,5,TILE,THROUGHPUT_SECTION,/hdd/flapmax/tt-metal/tt_metal/hw/firmware/src/tt-1xx/trisck.cc,73,tile_fused:explicit_throughput,1
0.613,0.724,4,stall,13222245982717,13222245982828,slot0_x1_y5,0,1,5,TILE,TRISC-KERNEL,/hdd/flapmax/tt-metal/tt_metal/hw/firmware/src/tt-1xx/trisck.cc,73,tile_fused:trisc_kernel_base,1
0.724,0.743,4,active,13222245982828,13222245982847,slot0_x1_y5,0,1,5,TILE,THROUGHPUT_SECTION,/hdd/flapmax/tt-metal/tt_metal/hw/firmware/src/tt-1xx/trisck.cc,73,tile_fused:explicit_throughput,1
0.743,1.436,4,stall,13222245982847,13222245983540,slot0_x1_y5,0,1,5,TILE,TRISC-KERNEL,/hdd/flapmax/tt-metal/tt_metal/hw/firmware/src/tt-1xx/trisck.cc,73,tile_fused:trisc_kernel_base,1
1.436,1.482,4,active,13222245983540,13222245983586,slot0_x1_y5,0,1,5,TILE,THROUGHPUT_SECTION,/hdd/flapmax/tt-metal/tt_metal/hw/firmware/src/tt-1xx/trisck.cc,73,tile_fused:explicit_throughput,1
1.482,1.536,4,stall,13222245983586,13222245983640,slot0_x1_y5,0,1,5,TILE,TRISC-KERNEL,/hdd/flapmax/tt-metal/tt_metal/hw/firmware/src/tt-1xx/trisck.cc,73,tile_fused:trisc_kernel_base,1
1.536,1.558,4,active,13222245983640,13222245983662,slot0_x1_y5,0,1,5,TILE,THROUGHPUT_SECTION,/hdd/flapmax/tt-metal/tt_metal/hw/firmware/src/tt-1xx/trisck.cc,73,tile_fused:explicit_throughput,1
1.558,1.658,4,stall,13222245983662,13222245983762,slot0_x1_y5,0,1,5,TILE,TRISC-KERNEL,/hdd/flapmax/tt-metal/tt_metal/hw/firmware/src/tt-1xx/trisck.cc,73,tile_fused:trisc_kernel_base,1
1.658,1.677,4,active,13222245983762,13222245983781,slot0_x1_y5,0,1,5,TILE,THROUGHPUT_SECTION,/hdd/flapmax/tt-metal/tt_metal/hw/firmware/src/tt-1xx/trisck.cc,73,tile_fused:explicit_throughput,1
1.677,2.323,4,stall,13222245983781,13222245984427,slot0_x1_y5,0,1,5,TILE,TRISC-KERNEL,/hdd/flapmax/tt-metal/tt_metal/hw/firmware/src/tt-1xx/trisck.cc,73,tile_fused:trisc_kernel_base,1
2.323,2.382,4,active,13222245984427,13222245984486,slot0_x1_y5,0,1,5,TILE,THROUGHPUT_SECTION,/hdd/flapmax/tt-metal/tt_metal/hw/firmware/src/tt-1xx/trisck.cc,73,tile_fused:explicit_throughput,1
2.382,2.436,4,stall,13222245984486,13222245984540,slot0_x1_y5,0,1,5,TILE,TRISC-KERNEL,/hdd/flapmax/tt-metal/tt_metal/hw/firmware/src/tt-1xx/trisck.cc,73,tile_fused:trisc_kernel_base,1
2.436,2.458,4,active,13222245984540,13222245984562,slot0_x1_y5,0,1,5,TILE,THROUGHPUT_SECTION,/hdd/flapmax/tt-metal/tt_metal/hw/firmware/src/tt-1xx/trisck.cc,73,tile_fused:explicit_throughput,1
2.458,2.557,4,stall,13222245984562,13222245984661,slot0_x1_y5,0,1,5,TILE,TRISC-KERNEL,/hdd/flapmax/tt-metal/tt_metal/hw/firmware/src/tt-1xx/trisck.cc,73,tile_fused:trisc_kernel_base,1
2.557,2.578,4,active,13222245984661,13222245984682,slot0_x1_y5,0,1,5,TILE,THROUGHPUT_SECTION,/hdd/flapmax/tt-metal/tt_metal/hw/firmware/src/tt-1xx/trisck.cc,73,tile_fused:explicit_throughput,1
2.578,3.418,4,stall,13222245984682,13222245985522,slot0_x1_y5,0,1,5,TILE,TRISC-KERNEL,/hdd/flapmax/tt-metal/tt_metal/hw/firmware/src/tt-1xx/trisck.cc,73,tile_fused:trisc_kernel_base,1
3.418,3.466,4,active,13222245985522,13222245985570,slot0_x1_y5,0,1,5,TILE,THROUGHPUT_SECTION,/hdd/flapmax/tt-metal/tt_metal/hw/firmware/src/tt-1xx/trisck.cc,73,tile_fused:explicit_throughput,1
3.466,3.523,4,stall,13222245985570,13222245985627,slot0_x1_y5,0,1,5,TILE,TRISC-KERNEL,/hdd/flapmax/tt-metal/tt_metal/hw/firmware/src/tt-1xx/trisck.cc,73,tile_fused:trisc_kernel_base,1
3.523,3.544,4,active,13222245985627,13222245985648,slot0_x1_y5,0,1,5,TILE,THROUGHPUT_SECTION,/hdd/flapmax/tt-metal/tt_metal/hw/firmware/src/tt-1xx/trisck.cc,73,tile_fused:explicit_throughput,1
3.544,3.643,4,stall,13222245985648,13222245985747,slot0_x1_y5,0,1,5,TILE,TRISC-KERNEL,/hdd/flapmax/tt-metal/tt_metal/hw/firmware/src/tt-1xx/trisck.cc,73,tile_fused:trisc_kernel_base,1
3.643,3.662,4,active,13222245985747,13222245985766,slot0_x1_y5,0,1,5,TILE,THROUGHPUT_SECTION,/hdd/flapmax/tt-metal/tt_metal/hw/firmware/src/tt-1xx/trisck.cc,73,tile_fused:explicit_throughput,1
3.662,4.252,4,stall,13222245985766,13222245986356,slot0_x1_y5,0,1,5,TILE,TRISC-KERNEL,/hdd/flapmax/tt-metal/tt_metal/hw/firmware/src/tt-1xx/trisck.cc,73,tile_fused:trisc_kernel_base,1
4.252,4.306,4,active,13222245986356,13222245986410,slot0_x1_y5,0,1,5,TILE,THROUGHPUT_SECTION,/hdd/flapmax/tt-metal/tt_metal/hw/firmware/src/tt-1xx/trisck.cc,73,tile_fused:explicit_throughput,1
4.306,4.36,4,stall,13222245986410,13222245986464,slot0_x1_y5,0,1,5,TILE,TRISC-KERNEL,/hdd/flapmax/tt-metal/tt_metal/hw/firmware/src/tt-1xx/trisck.cc,73,tile_fused:trisc_kernel_base,1
4.36,4.382,4,active,13222245986464,13222245986486,slot0_x1_y5,0,1,5,TILE,THROUGHPUT_SECTION,/hdd/flapmax/tt-metal/tt_metal/hw/firmware/src/tt-1xx/trisck.cc,73,tile_fused:explicit_throughput,1
4.382,4.482,4,stall,13222245986486,13222245986586,slot0_x1_y5,0,1,5,TILE,TRISC-KERNEL,/hdd/flapmax/tt-metal/tt_metal/hw/firmware/src/tt-1xx/trisck.cc,73,tile_fused:trisc_kernel_base,1
4.482,4.501,4,active,13222245986586,13222245986605,slot0_x1_y5,0,1,5,TILE,THROUGHPUT_SECTION,/hdd/flapmax/tt-metal/tt_metal/hw/firmware/src/tt-1xx/trisck.cc,73,tile_fused:explicit_throughput,1
4.501,5.328,4,stall,13222245986605,13222245987432,slot0_x1_y5,0,1,5,TILE,TRISC-KERNEL,/hdd/flapmax/tt-metal/tt_metal/hw/firmware/src/tt-1xx/trisck.cc,73,tile_fused:trisc_kernel_base,1
5.328,5.375,4,active,13222245987432,13222245987479,slot0_x1_y5,0,1,5,TILE,THROUGHPUT_SECTION,/hdd/flapmax/tt-metal/tt_metal/hw/firmware/src/tt-1xx/trisck.cc,73,tile_fused:explicit_throughput,1
5.375,5.428,4,stall,13222245987479,13222245987532,slot0_x1_y5,0,1,5,TILE,TRISC-KERNEL,/hdd/flapmax/tt-metal/tt_metal/hw/firmware/src/tt-1xx/trisck.cc,73,tile_fused:trisc_kernel_base,1
5.428,5.449,4,active,13222245987532,13222245987553,slot0_x1_y5,0,1,5,TILE,THROUGHPUT_SECTION,/hdd/flapmax/tt-metal/tt_metal/hw/firmware/src/tt-1xx/trisck.cc,73,tile_fused:explicit_throughput,1
5.449,5.549,4,stall,13222245987553,13222245987653,slot0_x1_y5,0,1,5,TILE,TRISC-KERNEL,/hdd/flapmax/tt-metal/tt_metal/hw/firmware/src/tt-1xx/trisck.cc,73,tile_fused:trisc_kernel_base,1
5.549,5.571,4,active,13222245987653,13222245987675,slot0_x1_y5,0,1,5,TILE,THROUGHPUT_SECTION,/hdd/flapmax/tt-metal/tt_metal/hw/firmware/src/tt-1xx/trisck.cc,73,tile_fused:explicit_throughput,1
5.571,6.34,4,stall,13222245987675,13222245988444,slot0_x1_y5,0,1,5,TILE,TRISC-KERNEL,/hdd/flapmax/tt-metal/tt_metal/hw/firmware/src/tt-1xx/trisck.cc,73,tile_fused:trisc_kernel_base,1
6.34,6.394,4,active,13222245988444,13222245988498,slot0_x1_y5,0,1,5,TILE,THROUGHPUT_SECTION,/hdd/flapmax/tt-metal/tt_metal/hw/firmware/src/tt-1xx/trisck.cc,73,tile_fused:explicit_throughput,1
6.394,6.446,4,stall,13222245988498,13222245988550,slot0_x1_y5,0,1,5,TILE,TRISC-KERNEL,/hdd/flapmax/tt-metal/tt_metal/hw/firmware/src/tt-1xx/trisck.cc,73,tile_fused:trisc_kernel_base,1
6.446,6.468,4,active,13222245988550,13222245988572,slot0_x1_y5,0,1,5,TILE,THROUGHPUT_SECTION,/hdd/flapmax/tt-metal/tt_metal/hw/firmware/src/tt-1xx/trisck.cc,73,tile_fused:explicit_throughput,1
6.468,6.568,4,stall,13222245988572,13222245988672,slot0_x1_y5,0,1,5,TILE,TRISC-KERNEL,/hdd/flapmax/tt-metal/tt_metal/hw/firmware/src/tt-1xx/trisck.cc,73,tile_fused:trisc_kernel_base,1
6.568,6.588,4,active,13222245988672,13222245988692,slot0_x1_y5,0,1,5,TILE,THROUGHPUT_SECTION,/hdd/flapmax/tt-metal/tt_metal/hw/firmware/src/tt-1xx/trisck.cc,73,tile_fused:explicit_throughput,1
6.588,8.005,4,stall,13222245988692,13222245990109,slot0_x1_y5,0,1,5,TILE,TRISC-KERNEL,/hdd/flapmax/tt-metal/tt_metal/hw/firmware/src/tt-1xx/trisck.cc,73,tile_fused:trisc_kernel_base,1
8.005,8.052,4,active,13222245990109,13222245990156,slot0_x1_y5,0,1,5,TILE,THROUGHPUT_SECTION,/hdd/flapmax/tt-metal/tt_metal/hw/firmware/src/tt-1xx/trisck.cc,73,tile_fused:explicit_throughput,1
8.052,8.112,4,stall,13222245990156,13222245990216,slot0_x1_y5,0,1,5,TILE,TRISC-KERNEL,/hdd/flapmax/tt-metal/tt_metal/hw/firmware/src/tt-1xx/trisck.cc,73,tile_fused:trisc_kernel_base,1
8.112,8.134,4,active,13222245990216,13222245990238,slot0_x1_y5,0,1,5,TILE,THROUGHPUT_SECTION,/hdd/flapmax/tt-metal/tt_metal/hw/firmware/src/tt-1xx/trisck.cc,73,tile_fused:explicit_throughput,1
8.134,8.233,4,stall,13222245990238,13222245990337,slot0_x1_y5,0,1,5,TILE,TRISC-KERNEL,/hdd/flapmax/tt-metal/tt_metal/hw/firmware/src/tt-1xx/trisck.cc,73,tile_fused:trisc_kernel_base,1
8.233,8.252,4,active,13222245990337,13222245990356,slot0_x1_y5,0,1,5,TILE,THROUGHPUT_SECTION,/hdd/flapmax/tt-metal/tt_metal/hw/firmware/src/tt-1xx/trisck.cc,73,tile_fused:explicit_throughput,1
8.252,9.178,4,stall,13222245990356,13222245991282,slot0_x1_y5,0,1,5,TILE,TRISC-KERNEL,/hdd/flapmax/tt-metal/tt_metal/hw/firmware/src/tt-1xx/trisck.cc,73,tile_fused:trisc_kernel_base,1
9.178,9.232,4,active,13222245991282,13222245991336,slot0_x1_y5,0,1,5,TILE,THROUGHPUT_SECTION,/hdd/flapmax/tt-metal/tt_metal/hw/firmware/src/tt-1xx/trisck.cc,73,tile_fused:explicit_throughput,1
9.232,9.284,4,stall,13222245991336,13222245991388,slot0_x1_y5,0,1,5,TILE,TRISC-KERNEL,/hdd/flapmax/tt-metal/tt_metal/hw/firmware/src/tt-1xx/trisck.cc,73,tile_fused:trisc_kernel_base,1
9.284,9.306,4,active,13222245991388,13222245991410,slot0_x1_y5,0,1,5,TILE,THROUGHPUT_SECTION,/hdd/flapmax/tt-metal/tt_metal/hw/firmware/src/tt-1xx/trisck.cc,73,tile_fused:explicit_throughput,1
9.306,9.405,4,stall,13222245991410,13222245991509,slot0_x1_y5,0,1,5,TILE,TRISC-KERNEL,/hdd/flapmax/tt-metal/tt_metal/hw/firmware/src/tt-1xx/trisck.cc,73,tile_fused:trisc_kernel_base,1
9.405,9.424,4,active,13222245991509,13222245991528,slot0_x1_y5,0,1,5,TILE,THROUGHPUT_SECTION,/hdd/flapmax/tt-metal/tt_metal/hw/firmware/src/tt-1xx/trisck.cc,73,tile_fused:explicit_throughput,1
9.424,17.037,4,stall,13222245991528,13222245999141,slot0_x1_y5,0,1,5,TILE,TRISC-KERNEL,/hdd/flapmax/tt-metal/tt_metal/hw/firmware/src/tt-1xx/trisck.cc,73,tile_fused:trisc_kernel_base,1
17.037,17.084,4,active,13222245999141,13222245999188,slot0_x1_y5,0,1,5,TILE,THROUGHPUT_SECTION,/hdd/flapmax/tt-metal/tt_metal/hw/firmware/src/tt-1xx/trisck.cc,73,tile_fused:explicit_throughput,1
17.084,17.137,4,stall,13222245999188,13222245999241,slot0_x1_y5,0,1,5,TILE,TRISC-KERNEL,/hdd/flapmax/tt-metal/tt_metal/hw/firmware/src/tt-1xx/trisck.cc,73,tile_fused:trisc_kernel_base,1
17.137,17.158,4,active,13222245999241,13222245999262,slot0_x1_y5,0,1,5,TILE,THROUGHPUT_SECTION,/hdd/flapmax/tt-metal/tt_metal/hw/firmware/src/tt-1xx/trisck.cc,73,tile_fused:explicit_throughput,1
17.158,17.258,4,stall,13222245999262,13222245999362,slot0_x1_y5,0,1,5,TILE,TRISC-KERNEL,/hdd/flapmax/tt-metal/tt_metal/hw/firmware/src/tt-1xx/trisck.cc,73,tile_fused:trisc_kernel_base,1
17.258,17.278,4,active,13222245999362,13222245999382,slot0_x1_y5,0,1,5,TILE,THROUGHPUT_SECTION,/hdd/flapmax/tt-metal/tt_metal/hw/firmware/src/tt-1xx/trisck.cc,73,tile_fused:explicit_throughput,1
17.278,24.744,4,stall,13222245999382,13222246006848,slot0_x1_y5,0,1,5,TILE,TRISC-KERNEL,/hdd/flapmax/tt-metal/tt_metal/hw/firmware/src/tt-1xx/trisck.cc,73,tile_fused:trisc_kernel_base,1
24.744,24.798,4,active,13222246006848,13222246006902,slot0_x1_y5,0,1,5,TILE,THROUGHPUT_SECTION,/hdd/flapmax/tt-metal/tt_metal/hw/firmware/src/tt-1xx/trisck.cc,73,tile_fused:explicit_throughput,1
24.798,26.532,4,stall,13222246006902,13222246008636,slot0_x1_y5,0,1,5,TILE,TRISC-KERNEL,/hdd/flapmax/tt-metal/tt_metal/hw/firmware/src/tt-1xx/trisck.cc,73,tile_fused:trisc_kernel_base,1
26.532,26.579,4,active,13222246008636,13222246008683,slot0_x1_y5,0,1,5,TILE,THROUGHPUT_SECTION,/hdd/flapmax/tt-metal/tt_metal/hw/firmware/src/tt-1xx/trisck.cc,73,tile_fused:explicit_throughput,1
26.579,27.327,4,stall,13222246008683,13222246009431,slot0_x1_y5,0,1,5,TILE,TRISC-KERNEL,/hdd/flapmax/tt-metal/tt_metal/hw/firmware/src/tt-1xx/trisck.cc,73,tile_fused:trisc_kernel_base,1
0.168,0.351,5,stall,13222245982272,13222245982455,slot0_x1_y7,0,1,7,TILE,TRISC-KERNEL,/hdd/flapmax/tt-metal/tt_metal/hw/firmware/src/tt-1xx/trisck.cc,73,tile_fused:trisc_kernel_base,1
0.351,0.372,5,active,13222245982455,13222245982476,slot0_x1_y7,0,1,7,TILE,THROUGHPUT_SECTION,/hdd/flapmax/tt-metal/tt_metal/hw/firmware/src/tt-1xx/trisck.cc,73,tile_fused:explicit_throughput,1
0.372,0.41,5,stall,13222245982476,13222245982514,slot0_x1_y7,0,1,7,TILE,TRISC-KERNEL,/hdd/flapmax/tt-metal/tt_metal/hw/firmware/src/tt-1xx/trisck.cc,73,tile_fused:trisc_kernel_base,1
0.41,0.431,5,active,13222245982514,13222245982535,slot0_x1_y7,0,1,7,TILE,THROUGHPUT_SECTION,/hdd/flapmax/tt-metal/tt_metal/hw/firmware/src/tt-1xx/trisck.cc,73,tile_fused:explicit_throughput,1
0.431,0.622,5,stall,13222245982535,13222245982726,slot0_x1_y7,0,1,7,TILE,TRISC-KERNEL,/hdd/flapmax/tt-metal/tt_metal/hw/firmware/src/tt-1xx/trisck.cc,73,tile_fused:trisc_kernel_base,1
0.622,0.641,5,active,13222245982726,13222245982745,slot0_x1_y7,0,1,7,TILE,THROUGHPUT_SECTION,/hdd/flapmax/tt-metal/tt_metal/hw/firmware/src/tt-1xx/trisck.cc,73,tile_fused:explicit_throughput,1
0.641,0.752,5,stall,13222245982745,13222245982856,slot0_x1_y7,0,1,7,TILE,TRISC-KERNEL,/hdd/flapmax/tt-metal/tt_metal/hw/firmware/src/tt-1xx/trisck.cc,73,tile_fused:trisc_kernel_base,1
0.752,0.771,5,active,13222245982856,13222245982875,slot0_x1_y7,0,1,7,TILE,THROUGHPUT_SECTION,/hdd/flapmax/tt-metal/tt_metal/hw/firmware/src/tt-1xx/trisck.cc,73,tile_fused:explicit_throughput,1
0.771,1.545,5,stall,13222245982875,13222245983649,slot0_x1_y7,0,1,7,TILE,TRISC-KERNEL,/hdd/flapmax/tt-metal/tt_metal/hw/firmware/src/tt-1xx/trisck.cc,73,tile_fused:trisc_kernel_base,1
1.545,1.591,5,active,13222245983649,13222245983695,slot0_x1_y7,0,1,7,TILE,THROUGHPUT_SECTION,/hdd/flapmax/tt-metal/tt_metal/hw/firmware/src/tt-1xx/trisck.cc,73,tile_fused:explicit_throughput,1
1.591,1.645,5,stall,13222245983695,13222245983749,slot0_x1_y7,0,1,7,TILE,TRISC-KERNEL,/hdd/flapmax/tt-metal/tt_metal/hw/firmware/src/tt-1xx/trisck.cc,73,tile_fused:trisc_kernel_base,1
1.645,1.67,5,active,13222245983749,13222245983774,slot0_x1_y7,0,1,7,TILE,THROUGHPUT_SECTION,/hdd/flapmax/tt-metal/tt_metal/hw/firmware/src/tt-1xx/trisck.cc,73,tile_fused:explicit_throughput,1
1.67,1.767,5,stall,13222245983774,13222245983871,slot0_x1_y7,0,1,7,TILE,TRISC-KERNEL,/hdd/flapmax/tt-metal/tt_metal/hw/firmware/src/tt-1xx/trisck.cc,73,tile_fused:trisc_kernel_base,1
1.767,1.786,5,active,13222245983871,13222245983890,slot0_x1_y7,0,1,7,TILE,THROUGHPUT_SECTION,/hdd/flapmax/tt-metal/tt_metal/hw/firmware/src/tt-1xx/trisck.cc,73,tile_fused:explicit_throughput,1
1.786,2.669,5,stall,13222245983890,13222245984773,slot0_x1_y7,0,1,7,TILE,TRISC-KERNEL,/hdd/flapmax/tt-metal/tt_metal/hw/firmware/src/tt-1xx/trisck.cc,73,tile_fused:trisc_kernel_base,1
2.669,2.728,5,active,13222245984773,13222245984832,slot0_x1_y7,0,1,7,TILE,THROUGHPUT_SECTION,/hdd/flapmax/tt-metal/tt_metal/hw/firmware/src/tt-1xx/trisck.cc,73,tile_fused:explicit_throughput,1
2.728,2.782,5,stall,13222245984832,13222245984886,slot0_x1_y7,0,1,7,TILE,TRISC-KERNEL,/hdd/flapmax/tt-metal/tt_metal/hw/firmware/src/tt-1xx/trisck.cc,73,tile_fused:trisc_kernel_base,1
2.782,2.803,5,active,13222245984886,13222245984907,slot0_x1_y7,0,1,7,TILE,THROUGHPUT_SECTION,/hdd/flapmax/tt-metal/tt_metal/hw/firmware/src/tt-1xx/trisck.cc,73,tile_fused:explicit_throughput,1
2.803,2.903,5,stall,13222245984907,13222245985007,slot0_x1_y7,0,1,7,TILE,TRISC-KERNEL,/hdd/flapmax/tt-metal/tt_metal/hw/firmware/src/tt-1xx/trisck.cc,73,tile_fused:trisc_kernel_base,1
2.903,2.923,5,active,13222245985007,13222245985027,slot0_x1_y7,0,1,7,TILE,THROUGHPUT_SECTION,/hdd/flapmax/tt-metal/tt_metal/hw/firmware/src/tt-1xx/trisck.cc,73,tile_fused:explicit_throughput,1
2.923,3.653,5,stall,13222245985027,13222245985757,slot0_x1_y7,0,1,7,TILE,TRISC-KERNEL,/hdd/flapmax/tt-metal/tt_metal/hw/firmware/src/tt-1xx/trisck.cc,73,tile_fused:trisc_kernel_base,1
3.653,3.7,5,active,13222245985757,13222245985804,slot0_x1_y7,0,1,7,TILE,THROUGHPUT_SECTION,/hdd/flapmax/tt-metal/tt_metal/hw/firmware/src/tt-1xx/trisck.cc,73,tile_fused:explicit_throughput,1
3.7,3.762,5,stall,13222245985804,13222245985866,slot0_x1_y7,0,1,7,TILE,TRISC-KERNEL,/hdd/flapmax/tt-metal/tt_metal/hw/firmware/src/tt-1xx/trisck.cc,73,tile_fused:trisc_kernel_base,1
3.762,3.784,5,active,13222245985866,13222245985888,slot0_x1_y7,0,1,7,TILE,THROUGHPUT_SECTION,/hdd/flapmax/tt-metal/tt_metal/hw/firmware/src/tt-1xx/trisck.cc,73,tile_fused:explicit_throughput,1
3.784,3.882,5,stall,13222245985888,13222245985986,slot0_x1_y7,0,1,7,TILE,TRISC-KERNEL,/hdd/flapmax/tt-metal/tt_metal/hw/firmware/src/tt-1xx/trisck.cc,73,tile_fused:trisc_kernel_base,1
3.882,3.901,5,active,13222245985986,13222245986005,slot0_x1_y7,0,1,7,TILE,THROUGHPUT_SECTION,/hdd/flapmax/tt-metal/tt_metal/hw/firmware/src/tt-1xx/trisck.cc,73,tile_fused:explicit_throughput,1
3.901,4.515,5,stall,13222245986005,13222245986619,slot0_x1_y7,0,1,7,TILE,TRISC-KERNEL,/hdd/flapmax/tt-metal/tt_metal/hw/firmware/src/tt-1xx/trisck.cc,73,tile_fused:trisc_kernel_base,1
4.515,4.567,5,active,13222245986619,13222245986671,slot0_x1_y7,0,1,7,TILE,THROUGHPUT_SECTION,/hdd/flapmax/tt-metal/tt_metal/hw/firmware/src/tt-1xx/trisck.cc,73,tile_fused:explicit_throughput,1
4.567,4.621,5,stall,13222245986671,13222245986725,slot0_x1_y7,0,1,7,TILE,TRISC-KERNEL,/hdd/flapmax/tt-metal/tt_metal/hw/firmware/src/tt-1xx/trisck.cc,73,tile_fused:trisc_kernel_base,1
4.621,4.644,5,active,13222245986725,13222245986748,slot0_x1_y7,0,1,7,TILE,THROUGHPUT_SECTION,/hdd/flapmax/tt-metal/tt_metal/hw/firmware/src/tt-1xx/trisck.cc,73,tile_fused:explicit_throughput,1
4.644,4.742,5,stall,13222245986748,13222245986846,slot0_x1_y7,0,1,7,TILE,TRISC-KERNEL,/hdd/flapmax/tt-metal/tt_metal/hw/firmware/src/tt-1xx/trisck.cc,73,tile_fused:trisc_kernel_base,1
4.742,4.761,5,active,13222245986846,13222245986865,slot0_x1_y7,0,1,7,TILE,THROUGHPUT_SECTION,/hdd/flapmax/tt-metal/tt_metal/hw/firmware/src/tt-1xx/trisck.cc,73,tile_fused:explicit_throughput,1
4.761,13.036,5,stall,13222245986865,13222245995140,slot0_x1_y7,0,1,7,TILE,TRISC-KERNEL,/hdd/flapmax/tt-metal/tt_metal/hw/firmware/src/tt-1xx/trisck.cc,73,tile_fused:trisc_kernel_base,1
13.036,13.083,5,active,13222245995140,13222245995187,slot0_x1_y7,0,1,7,TILE,THROUGHPUT_SECTION,/hdd/flapmax/tt-metal/tt_metal/hw/firmware/src/tt-1xx/trisck.cc,73,tile_fused:explicit_throughput,1
13.083,13.136,5,stall,13222245995187,13222245995240,slot0_x1_y7,0,1,7,TILE,TRISC-KERNEL,/hdd/flapmax/tt-metal/tt_metal/hw/firmware/src/tt-1xx/trisck.cc,73,tile_fused:trisc_kernel_base,1
13.136,13.157,5,active,13222245995240,13222245995261,slot0_x1_y7,0,1,7,TILE,THROUGHPUT_SECTION,/hdd/flapmax/tt-metal/tt_metal/hw/firmware/src/tt-1xx/trisck.cc,73,tile_fused:explicit_throughput,1
13.157,13.257,5,stall,13222245995261,13222245995361,slot0_x1_y7,0,1,7,TILE,TRISC-KERNEL,/hdd/flapmax/tt-metal/tt_metal/hw/firmware/src/tt-1xx/trisck.cc,73,tile_fused:trisc_kernel_base,1
13.257,13.279,5,active,13222245995361,13222245995383,slot0_x1_y7,0,1,7,TILE,THROUGHPUT_SECTION,/hdd/flapmax/tt-metal/tt_metal/hw/firmware/src/tt-1xx/trisck.cc,73,tile_fused:explicit_throughput,1
13.279,20.636,5,stall,13222245995383,13222246002740,slot0_x1_y7,0,1,7,TILE,TRISC-KERNEL,/hdd/flapmax/tt-metal/tt_metal/hw/firmware/src/tt-1xx/trisck.cc,73,tile_fused:trisc_kernel_base,1
20.636,20.69,5,active,13222246002740,13222246002794,slot0_x1_y7,0,1,7,TILE,THROUGHPUT_SECTION,/hdd/flapmax/tt-metal/tt_metal/hw/firmware/src/tt-1xx/trisck.cc,73,tile_fused:explicit_throughput,1
20.69,20.742,5,stall,13222246002794,13222246002846,slot0_x1_y7,0,1,7,TILE,TRISC-KERNEL,/hdd/flapmax/tt-metal/tt_metal/hw/firmware/src/tt-1xx/trisck.cc,73,tile_fused:trisc_kernel_base,1
20.742,20.765,5,active,13222246002846,13222246002869,slot0_x1_y7,0,1,7,TILE,THROUGHPUT_SECTION,/hdd/flapmax/tt-metal/tt_metal/hw/firmware/src/tt-1xx/trisck.cc,73,tile_fused:explicit_throughput,1
20.765,20.863,5,stall,13222246002869,13222246002967,slot0_x1_y7,0,1,7,TILE,TRISC-KERNEL,/hdd/flapmax/tt-metal/tt_metal/hw/firmware/src/tt-1xx/trisck.cc,73,tile_fused:trisc_kernel_base,1
20.863,20.883,5,active,13222246002967,13222246002987,slot0_x1_y7,0,1,7,TILE,THROUGHPUT_SECTION,/hdd/flapmax/tt-metal/tt_metal/hw/firmware/src/tt-1xx/trisck.cc,73,tile_fused:explicit_throughput,1
20.883,24.764,5,stall,13222246002987,13222246006868,slot0_x1_y7,0,1,7,TILE,TRISC-KERNEL,/hdd/flapmax/tt-metal/tt_metal/hw/firmware/src/tt-1xx/trisck.cc,73,tile_fused:trisc_kernel_base,1
24.764,24.811,5,active,13222246006868,13222246006915,slot0_x1_y7,0,1,7,TILE,THROUGHPUT_SECTION,/hdd/flapmax/tt-metal/tt_metal/hw/firmware/src/tt-1xx/trisck.cc,73,tile_fused:explicit_throughput,1
24.811,24.871,5,stall,13222246006915,13222246006975,slot0_x1_y7,0,1,7,TILE,TRISC-KERNEL,/hdd/flapmax/tt-metal/tt_metal/hw/firmware/src/tt-1xx/trisck.cc,73,tile_fused:trisc_kernel_base,1
24.871,24.893,5,active,13222246006975,13222246006997,slot0_x1_y7,0,1,7,TILE,THROUGHPUT_SECTION,/hdd/flapmax/tt-metal/tt_metal/hw/firmware/src/tt-1xx/trisck.cc,73,tile_fused:explicit_throughput,1
24.893,24.991,5,stall,13222246006997,13222246007095,slot0_x1_y7,0,1,7,TILE,TRISC-KERNEL,/hdd/flapmax/tt-metal/tt_metal/hw/firmware/src/tt-1xx/trisck.cc,73,tile_fused:trisc_kernel_base,1
24.991,25.01,5,active,13222246007095,13222246007114,slot0_x1_y7,0,1,7,TILE,THROUGHPUT_SECTION,/hdd/flapmax/tt-metal/tt_metal/hw/firmware/src/tt-1xx/trisck.cc,73,tile_fused:explicit_throughput,1
25.01,25.573,5,stall,13222246007114,13222246007677,slot0_x1_y7,0,1,7,TILE,TRISC-KERNEL,/hdd/flapmax/tt-metal/tt_metal/hw/firmware/src/tt-1xx/trisck.cc,73,tile_fused:trisc_kernel_base,1
25.573,25.627,5,active,13222246007677,13222246007731,slot0_x1_y7,0,1,7,TILE,THROUGHPUT_SECTION,/hdd/flapmax/tt-metal/tt_metal/hw/firmware/src/tt-1xx/trisck.cc,73,tile_fused:explicit_throughput,1
25.627,25.679,5,stall,13222246007731,13222246007783,slot0_x1_y7,0,1,7,TILE,TRISC-KERNEL,/hdd/flapmax/tt-metal/tt_metal/hw/firmware/src/tt-1xx/trisck.cc,73,tile_fused:trisc_kernel_base,1
25.679,25.702,5,active,13222246007783,13222246007806,slot0_x1_y7,0,1,7,TILE,THROUGHPUT_SECTION,/hdd/flapmax/tt-metal/tt_metal/hw/firmware/src/tt-1xx/trisck.cc,73,tile_fused:explicit_throughput,1
25.702,25.8,5,stall,13222246007806,13222246007904,slot0_x1_y7,0,1,7,TILE,TRISC-KERNEL,/hdd/flapmax/tt-metal/tt_metal/hw/firmware/src/tt-1xx/trisck.cc,73,tile_fused:trisc_kernel_base,1
25.8,25.819,5,active,13222246007904,13222246007923,slot0_x1_y7,0,1,7,TILE,THROUGHPUT_SECTION,/hdd/flapmax/tt-metal/tt_metal/hw/firmware/src/tt-1xx/trisck.cc,73,tile_fused:explicit_throughput,1
25.819,26.266,5,stall,13222246007923,13222246008370,slot0_x1_y7,0,1,7,TILE,TRISC-KERNEL,/hdd/flapmax/tt-metal/tt_metal/hw/firmware/src/tt-1xx/trisck.cc,73,tile_fused:trisc_kernel_base,1
26.266,26.313,5,active,13222246008370,13222246008417,slot0_x1_y7,0,1,7,TILE,THROUGHPUT_SECTION,/hdd/flapmax/tt-metal/tt_metal/hw/firmware/src/tt-1xx/trisck.cc,73,tile_fused:explicit_throughput,1
26.313,26.366,5,stall,13222246008417,13222246008470,slot0_x1_y7,0,1,7,TILE,TRISC-KERNEL,/hdd/flapmax/tt-metal/tt_metal/hw/firmware/src/tt-1xx/trisck.cc,73,tile_fused:trisc_kernel_base,1
26.366,26.387,5,active,13222246008470,13222246008491,slot0_x1_y7,0,1,7,TILE,THROUGHPUT_SECTION,/hdd/flapmax/tt-metal/tt_metal/hw/firmware/src/tt-1xx/trisck.cc,73,tile_fused:explicit_throughput,1
26.387,26.487,5,stall,13222246008491,13222246008591,slot0_x1_y7,0,1,7,TILE,TRISC-KERNEL,/hdd/flapmax/tt-metal/tt_metal/hw/firmware/src/tt-1xx/trisck.cc,73,tile_fused:trisc_kernel_base,1
26.487,26.506,5,active,13222246008591,13222246008610,slot0_x1_y7,0,1,7,TILE,THROUGHPUT_SECTION,/hdd/flapmax/tt-metal/tt_metal/hw/firmware/src/tt-1xx/trisck.cc,73,tile_fused:explicit_throughput,1
26.506,26.889,5,stall,13222246008610,13222246008993,slot0_x1_y7,0,1,7,TILE,TRISC-KERNEL,/hdd/flapmax/tt-metal/tt_metal/hw/firmware/src/tt-1xx/trisck.cc,73,tile_fused:trisc_kernel_base,1
26.889,26.944,5,active,13222246008993,13222246009048,slot0_x1_y7,0,1,7,TILE,THROUGHPUT_SECTION,/hdd/flapmax/tt-metal/tt_metal/hw/firmware/src/tt-1xx/trisck.cc,73,tile_fused:explicit_throughput,1
26.944,27.528,5,stall,13222246009048,13222246009632,slot0_x1_y7,0,1,7,TILE,TRISC-KERNEL,/hdd/flapmax/tt-metal/tt_metal/hw/firmware/src/tt-1xx/trisck.cc,73,tile_fused:trisc_kernel_base,1
27.528,27.575,5,active,13222246009632,13222246009679,slot0_x1_y7,0,1,7,TILE,THROUGHPUT_SECTION,/hdd/flapmax/tt-metal/tt_metal/hw/firmware/src/tt-1xx/trisck.cc,73,tile_fused:explicit_throughput,1
27.575,28.487,5,stall,13222246009679,13222246010591,slot0_x1_y7,0,1,7,TILE,TRISC-KERNEL,/hdd/flapmax/tt-metal/tt_metal/hw/firmware/src/tt-1xx/trisck.cc,73,tile_fused:trisc_kernel_base,1
0.135,0.316,6,stall,13222245982239,13222245982420,slot0_x1_y8,0,1,8,TILE,TRISC-KERNEL,/hdd/flapmax/tt-metal/tt_metal/hw/firmware/src/tt-1xx/trisck.cc,73,tile_fused:trisc_kernel_base,1
0.316,0.337,6,active,13222245982420,13222245982441,slot0_x1_y8,0,1,8,TILE,THROUGHPUT_SECTION,/hdd/flapmax/tt-metal/tt_metal/hw/firmware/src/tt-1xx/trisck.cc,73,tile_fused:explicit_throughput,1
0.337,0.375,6,stall,13222245982441,13222245982479,slot0_x1_y8,0,1,8,TILE,TRISC-KERNEL,/hdd/flapmax/tt-metal/tt_metal/hw/firmware/src/tt-1xx/trisck.cc,73,tile_fused:trisc_kernel_base,1
0.375,0.396,6,active,13222245982479,13222245982500,slot0_x1_y8,0,1,8,TILE,THROUGHPUT_SECTION,/hdd/flapmax/tt-metal/tt_metal/hw/firmware/src/tt-1xx/trisck.cc,73,tile_fused:explicit_throughput,1
0.396,0.587,6,stall,13222245982500,13222245982691,slot0_x1_y8,0,1,8,TILE,TRISC-KERNEL,/hdd/flapmax/tt-metal/tt_metal/hw/firmware/src/tt-1xx/trisck.cc,73,tile_fused:trisc_kernel_base,1
0.587,0.606,6,active,13222245982691,13222245982710,slot0_x1_y8,0,1,8,TILE,THROUGHPUT_SECTION,/hdd/flapmax/tt-metal/tt_metal/hw/firmware/src/tt-1xx/trisck.cc,73,tile_fused:explicit_throughput,1
0.606,0.717,6,stall,13222245982710,13222245982821,slot0_x1_y8,0,1,8,TILE,TRISC-KERNEL,/hdd/flapmax/tt-metal/tt_metal/hw/firmware/src/tt-1xx/trisck.cc,73,tile_fused:trisc_kernel_base,1
0.717,0.736,6,active,13222245982821,13222245982840,slot0_x1_y8,0,1,8,TILE,THROUGHPUT_SECTION,/hdd/flapmax/tt-metal/tt_metal/hw/firmware/src/tt-1xx/trisck.cc,73,tile_fused:explicit_throughput,1
0.736,8.751,6,stall,13222245982840,13222245990855,slot0_x1_y8,0,1,8,TILE,TRISC-KERNEL,/hdd/flapmax/tt-metal/tt_metal/hw/firmware/src/tt-1xx/trisck.cc,73,tile_fused:trisc_kernel_base,1
8.751,8.797,6,active,13222245990855,13222245990901,slot0_x1_y8,0,1,8,TILE,THROUGHPUT_SECTION,/hdd/flapmax/tt-metal/tt_metal/hw/firmware/src/tt-1xx/trisck.cc,73,tile_fused:explicit_throughput,1
8.797,8.851,6,stall,13222245990901,13222245990955,slot0_x1_y8,0,1,8,TILE,TRISC-KERNEL,/hdd/flapmax/tt-metal/tt_metal/hw/firmware/src/tt-1xx/trisck.cc,73,tile_fused:trisc_kernel_base,1
8.851,8.875,6,active,13222245990955,13222245990979,slot0_x1_y8,0,1,8,TILE,THROUGHPUT_SECTION,/hdd/flapmax/tt-metal/tt_metal/hw/firmware/src/tt-1xx/trisck.cc,73,tile_fused:explicit_throughput,1
8.875,8.973,6,stall,13222245990979,13222245991077,slot0_x1_y8,0,1,8,TILE,TRISC-KERNEL,/hdd/flapmax/tt-metal/tt_metal/hw/firmware/src/tt-1xx/trisck.cc,73,tile_fused:trisc_kernel_base,1
8.973,8.992,6,active,13222245991077,13222245991096,slot0_x1_y8,0,1,8,TILE,THROUGHPUT_SECTION,/hdd/flapmax/tt-metal/tt_metal/hw/firmware/src/tt-1xx/trisck.cc,73,tile_fused:explicit_throughput,1
8.992,14.077,6,stall,13222245991096,13222245996181,slot0_x1_y8,0,1,8,TILE,TRISC-KERNEL,/hdd/flapmax/tt-metal/tt_metal/hw/firmware/src/tt-1xx/trisck.cc,73,tile_fused:trisc_kernel_base,1
14.077,14.137,6,active,13222245996181,13222245996241,slot0_x1_y8,0,1,8,TILE,THROUGHPUT_SECTION,/hdd/flapmax/tt-metal/tt_metal/hw/firmware/src/tt-1xx/trisck.cc,73,tile_fused:explicit_throughput,1
14.137,14.191,6,stall,13222245996241,13222245996295,slot0_x1_y8,0,1,8,TILE,TRISC-KERNEL,/hdd/flapmax/tt-metal/tt_metal/hw/firmware/src/tt-1xx/trisck.cc,73,tile_fused:trisc_kernel_base,1
14.191,14.213,6,active,13222245996295,13222245996317,slot0_x1_y8,0,1,8,TILE,THROUGHPUT_SECTION,/hdd/flapmax/tt-metal/tt_metal/hw/firmware/src/tt-1xx/trisck.cc,73,tile_fused:explicit_throughput,1
14.213,14.312,6,stall,13222245996317,13222245996416,slot0_x1_y8,0,1,8,TILE,TRISC-KERNEL,/hdd/flapmax/tt-metal/tt_metal/hw/firmware/src/tt-1xx/trisck.cc,73,tile_fused:trisc_kernel_base,1
14.312,14.332,6,active,13222245996416,13222245996436,slot0_x1_y8,0,1,8,TILE,THROUGHPUT_SECTION,/hdd/flapmax/tt-metal/tt_metal/hw/firmware/src/tt-1xx/trisck.cc,73,tile_fused:explicit_throughput,1
14.332,19.693,6,stall,13222245996436,13222246001797,slot0_x1_y8,0,1,8,TILE,TRISC-KERNEL,/hdd/flapmax/tt-metal/tt_metal/hw/firmware/src/tt-1xx/trisck.cc,73,tile_fused:trisc_kernel_base,1
19.693,19.739,6,active,13222246001797,13222246001843,slot0_x1_y8,0,1,8,TILE,THROUGHPUT_SECTION,/hdd/flapmax/tt-metal/tt_metal/hw/firmware/src/tt-1xx/trisck.cc,73,tile_fused:explicit_throughput,1
19.739,19.803,6,stall,13222246001843,13222246001907,slot0_x1_y8,0,1,8,TILE,TRISC-KERNEL,/hdd/flapmax/tt-metal/tt_metal/hw/firmware/src/tt-1xx/trisck.cc,73,tile_fused:trisc_kernel_base,1
19.803,19.825,6,active,13222246001907,13222246001929,slot0_x1_y8,0,1,8,TILE,THROUGHPUT_SECTION,/hdd/flapmax/tt-metal/tt_metal/hw/firmware/src/tt-1xx/trisck.cc,73,tile_fused:explicit_throughput,1
19.825,19.921,6,stall,13222246001929,13222246002025,slot0_x1_y8,0,1,8,TILE,TRISC-KERNEL,/hdd/flapmax/tt-metal/tt_metal/hw/firmware/src/tt-1xx/trisck.cc,73,tile_fused:trisc_kernel_base,1
19.921,19.94,6,active,13222246002025,13222246002044,slot0_x1_y8,0,1,8,TILE,THROUGHPUT_SECTION,/hdd/flapmax/tt-metal/tt_metal/hw/firmware/src/tt-1xx/trisck.cc,73,tile_fused:explicit_throughput,1
19.94,24.039,6,stall,13222246002044,13222246006143,slot0_x1_y8,0,1,8,TILE,TRISC-KERNEL,/hdd/flapmax/tt-metal/tt_metal/hw/firmware/src/tt-1xx/trisck.cc,73,tile_fused:trisc_kernel_base,1
24.039,24.093,6,active,13222246006143,13222246006197,slot0_x1_y8,0,1,8,TILE,THROUGHPUT_SECTION,/hdd/flapmax/tt-metal/tt_metal/hw/firmware/src/tt-1xx/trisck.cc,73,tile_fused:explicit_throughput,1
24.093,24.147,6,stall,13222246006197,13222246006251,slot0_x1_y8,0,1,8,TILE,TRISC-KERNEL,/hdd/flapmax/tt-metal/tt_metal/hw/firmware/src/tt-1xx/trisck.cc,73,tile_fused:trisc_kernel_base,1
24.147,24.169,6,active,13222246006251,13222246006273,slot0_x1_y8,0,1,8,TILE,THROUGHPUT_SECTION,/hdd/flapmax/tt-metal/tt_metal/hw/firmware/src/tt-1xx/trisck.cc,73,tile_fused:explicit_throughput,1
24.169,24.269,6,stall,13222246006273,13222246006373,slot0_x1_y8,0,1,8,TILE,TRISC-KERNEL,/hdd/flapmax/tt-metal/tt_metal/hw/firmware/src/tt-1xx/trisck.cc,73,tile_fused:trisc_kernel_base,1
24.269,24.288,6,active,13222246006373,13222246006392,slot0_x1_y8,0,1,8,TILE,THROUGHPUT_SECTION,/hdd/flapmax/tt-metal/tt_metal/hw/firmware/src/tt-1xx/trisck.cc,73,tile_fused:explicit_throughput,1
24.288,24.77,6,stall,13222246006392,13222246006874,slot0_x1_y8,0,1,8,TILE,TRISC-KERNEL,/hdd/flapmax/tt-metal/tt_metal/hw/firmware/src/tt-1xx/trisck.cc,73,tile_fused:trisc_kernel_base,1
24.77,24.817,6,active,13222246006874,13222246006921,slot0_x1_y8,0,1,8,TILE,THROUGHPUT_SECTION,/hdd/flapmax/tt-metal/tt_metal/hw/firmware/src/tt-1xx/trisck.cc,73,tile_fused:explicit_throughput,1
24.817,24.87,6,stall,13222246006921,13222246006974,slot0_x1_y8,0,1,8,TILE,TRISC-KERNEL,/hdd/flapmax/tt-metal/tt_metal/hw/firmware/src/tt-1xx/trisck.cc,73,tile_fused:trisc_kernel_base,1
24.87,24.891,6,active,13222246006974,13222246006995,slot0_x1_y8,0,1,8,TILE,THROUGHPUT_SECTION,/hdd/flapmax/tt-metal/tt_metal/hw/firmware/src/tt-1xx/trisck.cc,73,tile_fused:explicit_throughput,1
24.891,24.991,6,stall,13222246006995,13222246007095,slot0_x1_y8,0,1,8,TILE,TRISC-KERNEL,/hdd/flapmax/tt-metal/tt_metal/hw/firmware/src/tt-1xx/trisck.cc,73,tile_fused:trisc_kernel_base,1
24.991,25.013,6,active,13222246007095,13222246007117,slot0_x1_y8,0,1,8,TILE,THROUGHPUT_SECTION,/hdd/flapmax/tt-metal/tt_metal/hw/firmware/src/tt-1xx/trisck.cc,73,tile_fused:explicit_throughput,1
25.013,25.402,6,stall,13222246007117,13222246007506,slot0_x1_y8,0,1,8,TILE,TRISC-KERNEL,/hdd/flapmax/tt-metal/tt_metal/hw/firmware/src/tt-1xx/trisck.cc,73,tile_fused:trisc_kernel_base,1
25.402,25.456,6,active,13222246007506,13222246007560,slot0_x1_y8,0,1,8,TILE,THROUGHPUT_SECTION,/hdd/flapmax/tt-metal/tt_metal/hw/firmware/src/tt-1xx/trisck.cc,73,tile_fused:explicit_throughput,1
25.456,25.509,6,stall,13222246007560,13222246007613,slot0_x1_y8,0,1,8,TILE,TRISC-KERNEL,/hdd/flapmax/tt-metal/tt_metal/hw/firmware/src/tt-1xx/trisck.cc,73,tile_fused:trisc_kernel_base,1
25.509,25.531,6,active,13222246007613,13222246007635,slot0_x1_y8,0,1,8,TILE,THROUGHPUT_SECTION,/hdd/flapmax/tt-metal/tt_metal/hw/firmware/src/tt-1xx/trisck.cc,73,tile_fused:explicit_throughput,1
25.531,25.629,6,stall,13222246007635,13222246007733,slot0_x1_y8,0,1,8,TILE,TRISC-KERNEL,/hdd/flapmax/tt-metal/tt_metal/hw/firmware/src/tt-1xx/trisck.cc,73,tile_fused:trisc_kernel_base,1
25.629,25.648,6,active,13222246007733,13222246007752,slot0_x1_y8,0,1,8,TILE,THROUGHPUT_SECTION,/hdd/flapmax/tt-metal/tt_metal/hw/firmware/src/tt-1xx/trisck.cc,73,tile_fused:explicit_throughput,1
25.648,26.024,6,stall,13222246007752,13222246008128,slot0_x1_y8,0,1,8,TILE,TRISC-KERNEL,/hdd/flapmax/tt-metal/tt_metal/hw/firmware/src/tt-1xx/trisck.cc,73,tile_fused:trisc_kernel_base,1
26.024,26.071,6,active,13222246008128,13222246008175,slot0_x1_y8,0,1,8,TILE,THROUGHPUT_SECTION,/hdd/flapmax/tt-metal/tt_metal/hw/firmware/src/tt-1xx/trisck.cc,73,tile_fused:explicit_throughput,1
26.071,26.131,6,stall,13222246008175,13222246008235,slot0_x1_y8,0,1,8,TILE,TRISC-KERNEL,/hdd/flapmax/tt-metal/tt_metal/hw/firmware/src/tt-1xx/trisck.cc,73,tile_fused:trisc_kernel_base,1
26.131,26.155,6,active,13222246008235,13222246008259,slot0_x1_y8,0,1,8,TILE,THROUGHPUT_SECTION,/hdd/flapmax/tt-metal/tt_metal/hw/firmware/src/tt-1xx/trisck.cc,73,tile_fused:explicit_throughput,1
26.155,26.252,6,stall,13222246008259,13222246008356,slot0_x1_y8,0,1,8,TILE,TRISC-KERNEL,/hdd/flapmax/tt-metal/tt_metal/hw/firmware/src/tt-1xx/trisck.cc,73,tile_fused:trisc_kernel_base,1
26.252,26.271,6,active,13222246008356,13222246008375,slot0_x1_y8,0,1,8,TILE,THROUGHPUT_SECTION,/hdd/flapmax/tt-metal/tt_metal/hw/firmware/src/tt-1xx/trisck.cc,73,tile_fused:explicit_throughput,1
26.271,26.656,6,stall,13222246008375,13222246008760,slot0_x1_y8,0,1,8,TILE,TRISC-KERNEL,/hdd/flapmax/tt-metal/tt_metal/hw/firmware/src/tt-1xx/trisck.cc,73,tile_fused:trisc_kernel_base,1
26.656,26.71,6,active,13222246008760,13222246008814,slot0_x1_y8,0,1,8,TILE,THROUGHPUT_SECTION,/hdd/flapmax/tt-metal/tt_metal/hw/firmware/src/tt-1xx/trisck.cc,73,tile_fused:explicit_throughput,1
26.71,26.762,6,stall,13222246008814,13222246008866,slot0_x1_y8,0,1,8,TILE,TRISC-KERNEL,/hdd/flapmax/tt-metal/tt_metal/hw/firmware/src/tt-1xx/trisck.cc,73,tile_fused:trisc_kernel_base,1
26.762,26.785,6,active,13222246008866,13222246008889,slot0_x1_y8,0,1,8,TILE,THROUGHPUT_SECTION,/hdd/flapmax/tt-metal/tt_metal/hw/firmware/src/tt-1xx/trisck.cc,73,tile_fused:explicit_throughput,1
26.785,26.883,6,stall,13222246008889,13222246008987,slot0_x1_y8,0,1,8,TILE,TRISC-KERNEL,/hdd/flapmax/tt-metal/tt_metal/hw/firmware/src/tt-1xx/trisck.cc,73,tile_fused:trisc_kernel_base,1
26.883,26.902,6,active,13222246008987,13222246009006,slot0_x1_y8,0,1,8,TILE,THROUGHPUT_SECTION,/hdd/flapmax/tt-metal/tt_metal/hw/firmware/src/tt-1xx/trisck.cc,73,tile_fused:explicit_throughput,1
26.902,27.165,6,stall,13222246009006,13222246009269,slot0_x1_y8,0,1,8,TILE,TRISC-KERNEL,/hdd/flapmax/tt-metal/tt_metal/hw/firmware/src/tt-1xx/trisck.cc,73,tile_fused:trisc_kernel_base,1
27.165,27.212,6,active,13222246009269,13222246009316,slot0_x1_y8,0,1,8,TILE,THROUGHPUT_SECTION,/hdd/flapmax/tt-metal/tt_metal/hw/firmware/src/tt-1xx/trisck.cc,73,tile_fused:explicit_throughput,1
27.212,27.265,6,stall,13222246009316,13222246009369,slot0_x1_y8,0,1,8,TILE,TRISC-KERNEL,/hdd/flapmax/tt-metal/tt_metal/hw/firmware/src/tt-1xx/trisck.cc,73,tile_fused:trisc_kernel_base,1
27.265,27.286,6,active,13222246009369,13222246009390,slot0_x1_y8,0,1,8,TILE,THROUGHPUT_SECTION,/hdd/flapmax/tt-metal/tt_metal/hw/firmware/src/tt-1xx/trisck.cc,73,tile_fused:explicit_throughput,1
27.286,27.387,6,stall,13222246009390,13222246009491,slot0_x1_y8,0,1,8,TILE,TRISC-KERNEL,/hdd/flapmax/tt-metal/tt_metal/hw/firmware/src/tt-1xx/trisck.cc,73,tile_fused:trisc_kernel_base,1
27.387,27.406,6,active,13222246009491,13222246009510,slot0_x1_y8,0,1,8,TILE,THROUGHPUT_SECTION,/hdd/flapmax/tt-metal/tt_metal/hw/firmware/src/tt-1xx/trisck.cc,73,tile_fused:explicit_throughput,1
27.406,27.909,6,stall,13222246009510,13222246010013,slot0_x1_y8,0,1,8,TILE,TRISC-KERNEL,/hdd/flapmax/tt-metal/tt_metal/hw/firmware/src/tt-1xx/trisck.cc,73,tile_fused:trisc_kernel_base,1
27.909,27.963,6,active,13222246010013,13222246010067,slot0_x1_y8,0,1,8,TILE,THROUGHPUT_SECTION,/hdd/flapmax/tt-metal/tt_metal/hw/firmware/src/tt-1xx/trisck.cc,73,tile_fused:explicit_throughput,1
27.963,28.52,6,stall,13222246010067,13222246010624,slot0_x1_y8,0,1,8,TILE,TRISC-KERNEL,/hdd/flapmax/tt-metal/tt_metal/hw/firmware/src/tt-1xx/trisck.cc,73,tile_fused:trisc_kernel_base,1
28.52,28.567,6,active,13222246010624,13222246010671,slot0_x1_y8,0,1,8,TILE,THROUGHPUT_SECTION,/hdd/flapmax/tt-metal/tt_metal/hw/firmware/src/tt-1xx/trisck.cc,73,tile_fused:explicit_throughput,1
28.567,29.293,6,stall,13222246010671,13222246011397,slot0_x1_y8,0,1,8,TILE,TRISC-KERNEL,/hdd/flapmax/tt-metal/tt_metal/hw/firmware/src/tt-1xx/trisck.cc,73,tile_fused:trisc_kernel_base,1
0.019,0.198,7,stall,13222245982123,13222245982302,slot0_x2_y1,0,2,1,TILE,TRISC-KERNEL,/hdd/flapmax/tt-metal/tt_metal/hw/firmware/src/tt-1xx/trisck.cc,73,tile_fused:trisc_kernel_base,1
0.198,0.219,7,active,13222245982302,13222245982323,slot0_x2_y1,0,2,1,TILE,THROUGHPUT_SECTION,/hdd/flapmax/tt-metal/tt_metal/hw/firmware/src/tt-1xx/trisck.cc,73,tile_fused:explicit_throughput,1
0.219,0.257,7,stall,13222245982323,13222245982361,slot0_x2_y1,0,2,1,TILE,TRISC-KERNEL,/hdd/flapmax/tt-metal/tt_metal/hw/firmware/src/tt-1xx/trisck.cc,73,tile_fused:trisc_kernel_base,1
0.257,0.278,7,active,13222245982361,13222245982382,slot0_x2_y1,0,2,1,TILE,THROUGHPUT_SECTION,/hdd/flapmax/tt-metal/tt_metal/hw/firmware/src/tt-1xx/trisck.cc,73,tile_fused:explicit_throughput,1
0.278,0.47,7,stall,13222245982382,13222245982574,slot0_x2_y1,0,2,1,TILE,TRISC-KERNEL,/hdd/flapmax/tt-metal/tt_metal/hw/firmware/src/tt-1xx/trisck.cc,73,tile_fused:trisc_kernel_base,1
0.47,0.489,7,active,13222245982574,13222245982593,slot0_x2_y1,0,2,1,TILE,THROUGHPUT_SECTION,/hdd/flapmax/tt-metal/tt_metal/hw/firmware/src/tt-1xx/trisck.cc,73,tile_fused:explicit_throughput,1
0.489,0.601,7,stall,13222245982593,13222245982705,slot0_x2_y1,0,2,1,TILE,TRISC-KERNEL,/hdd/flapmax/tt-metal/tt_metal/hw/firmware/src/tt-1xx/trisck.cc,73,tile_fused:trisc_kernel_base,1
0.601,0.62,7,active,13222245982705,13222245982724,slot0_x2_y1,0,2,1,TILE,THROUGHPUT_SECTION,/hdd/flapmax/tt-metal/tt_metal/hw/firmware/src/tt-1xx/trisck.cc,73,tile_fused:explicit_throughput,1
0.62,6.611,7,stall,13222245982724,13222245988715,slot0_x2_y1,0,2,1,TILE,TRISC-KERNEL,/hdd/flapmax/tt-metal/tt_metal/hw/firmware/src/tt-1xx/trisck.cc,73,tile_fused:trisc_kernel_base,1
6.611,6.657,7,active,13222245988715,13222245988761,slot0_x2_y1,0,2,1,TILE,THROUGHPUT_SECTION,/hdd/flapmax/tt-metal/tt_metal/hw/firmware/src/tt-1xx/trisck.cc,73,tile_fused:explicit_throughput,1
6.657,6.711,7,stall,13222245988761,13222245988815,slot0_x2_y1,0,2,1,TILE,TRISC-KERNEL,/hdd/flapmax/tt-metal/tt_metal/hw/firmware/src/tt-1xx/trisck.cc,73,tile_fused:trisc_kernel_base,1
6.711,6.735,7,active,13222245988815,13222245988839,slot0_x2_y1,0,2,1,TILE,THROUGHPUT_SECTION,/hdd/flapmax/tt-metal/tt_metal/hw/firmware/src/tt-1xx/trisck.cc,73,tile_fused:explicit_throughput,1
6.735,6.835,7,stall,13222245988839,13222245988939,slot0_x2_y1,0,2,1,TILE,TRISC-KERNEL,/hdd/flapmax/tt-metal/tt_metal/hw/firmware/src/tt-1xx/trisck.cc,73,tile_fused:trisc_kernel_base,1
6.835,6.855,7,active,13222245988939,13222245988959,slot0_x2_y1,0,2,1,TILE,THROUGHPUT_SECTION,/hdd/flapmax/tt-metal/tt_metal/hw/firmware/src/tt-1xx/trisck.cc,73,tile_fused:explicit_throughput,1
6.855,7.373,7,stall,13222245988959,13222245989477,slot0_x2_y1,0,2,1,TILE,TRISC-KERNEL,/hdd/flapmax/tt-metal/tt_metal/hw/firmware/src/tt-1xx/trisck.cc,73,tile_fused:trisc_kernel_base,1
7.373,7.432,7,active,13222245989477,13222245989536,slot0_x2_y1,0,2,1,TILE,THROUGHPUT_SECTION,/hdd/flapmax/tt-metal/tt_metal/hw/firmware/src/tt-1xx/trisck.cc,73,tile_fused:explicit_throughput,1
7.432,7.486,7,stall,13222245989536,13222245989590,slot0_x2_y1,0,2,1,TILE,TRISC-KERNEL,/hdd/flapmax/tt-metal/tt_metal/hw/firmware/src/tt-1xx/trisck.cc,73,tile_fused:trisc_kernel_base,1
7.486,7.508,7,active,13222245989590,13222245989612,slot0_x2_y1,0,2,1,TILE,THROUGHPUT_SECTION,/hdd/flapmax/tt-metal/tt_metal/hw/firmware/src/tt-1xx/trisck.cc,73,tile_fused:explicit_throughput,1
7.508,7.607,7,stall,13222245989612,13222245989711,slot0_x2_y1,0,2,1,TILE,TRISC-KERNEL,/hdd/flapmax/tt-metal/tt_metal/hw/firmware/src/tt-1xx/trisck.cc,73,tile_fused:trisc_kernel_base,1
7.607,7.627,7,active,13222245989711,13222245989731,slot0_x2_y1,0,2,1,TILE,THROUGHPUT_SECTION,/hdd/flapmax/tt-metal/tt_metal/hw/firmware/src/tt-1xx/trisck.cc,73,tile_fused:explicit_throughput,1
7.627,8.272,7,stall,13222245989731,13222245990376,slot0_x2_y1,0,2,1,TILE,TRISC-KERNEL,/hdd/flapmax/tt-metal/tt_metal/hw/firmware/src/tt-1xx/trisck.cc,73,tile_fused:trisc_kernel_base,1
8.272,8.319,7,active,13222245990376,13222245990423,slot0_x2_y1,0,2,1,TILE,THROUGHPUT_SECTION,/hdd/flapmax/tt-metal/tt_metal/hw/firmware/src/tt-1xx/trisck.cc,73,tile_fused:explicit_throughput,1
8.319,8.381,7,stall,13222245990423,13222245990485,slot0_x2_y1,0,2,1,TILE,TRISC-KERNEL,/hdd/flapmax/tt-metal/tt_metal/hw/firmware/src/tt-1xx/trisck.cc,73,tile_fused:trisc_kernel_base,1
8.381,8.402,7,active,13222245990485,13222245990506,slot0_x2_y1,0,2,1,TILE,THROUGHPUT_SECTION,/hdd/flapmax/tt-metal/tt_metal/hw/firmware/src/tt-1xx/trisck.cc,73,tile_fused:explicit_throughput,1
8.402,8.501,7,stall,13222245990506,13222245990605,slot0_x2_y1,0,2,1,TILE,TRISC-KERNEL,/hdd/flapmax/tt-metal/tt_metal/hw/firmware/src/tt-1xx/trisck.cc,73,tile_fused:trisc_kernel_base,1
8.501,8.52,7,active,13222245990605,13222245990624,slot0_x2_y1,0,2,1,TILE,THROUGHPUT_SECTION,/hdd/flapmax/tt-metal/tt_metal/hw/firmware/src/tt-1xx/trisck.cc,73,tile_fused:explicit_throughput,1
8.52,9.896,7,stall,13222245990624,13222245992000,slot0_x2_y1,0,2,1,TILE,TRISC-KERNEL,/hdd/flapmax/tt-metal/tt_metal/hw/firmware/src/tt-1xx/trisck.cc,73,tile_fused:trisc_kernel_base,1
9.896,9.949,7,active,13222245992000,13222245992053,slot0_x2_y1,0,2,1,TILE,THROUGHPUT_SECTION,/hdd/flapmax/tt-metal/tt_metal/hw/firmware/src/tt-1xx/trisck.cc,73,tile_fused:explicit_throughput,1
9.949,10.004,7,stall,13222245992053,13222245992108,slot0_x2_y1,0,2,1,TILE,TRISC-KERNEL,/hdd/flapmax/tt-metal/tt_metal/hw/firmware/src/tt-1xx/trisck.cc,73,tile_fused:trisc_kernel_base,1
10.004,10.026,7,active,13222245992108,13222245992130,slot0_x2_y1,0,2,1,TILE,THROUGHPUT_SECTION,/hdd/flapmax/tt-metal/tt_metal/hw/firmware/src/tt-1xx/trisck.cc,73,tile_fused:explicit_throughput,1
10.026,10.124,7,stall,13222245992130,13222245992228,slot0_x2_y1,0,2,1,TILE,TRISC-KERNEL,/hdd/flapmax/tt-metal/tt_metal/hw/firmware/src/tt-1xx/trisck.cc,73,tile_fused:trisc_kernel_base,1
10.124,10.144,7,active,13222245992228,13222245992248,slot0_x2_y1,0,2,1,TILE,THROUGHPUT_SECTION,/hdd/flapmax/tt-metal/tt_metal/hw/firmware/src/tt-1xx/trisck.cc,73,tile_fused:explicit_throughput,1
10.144,10.758,7,stall,13222245992248,13222245992862,slot0_x2_y1,0,2,1,TILE,TRISC-KERNEL,/hdd/flapmax/tt-metal/tt_metal/hw/firmware/src/tt-1xx/trisck.cc,73,tile_fused:trisc_kernel_base,1
10.758,10.804,7,active,13222245992862,13222245992908,slot0_x2_y1,0,2,1,TILE,THROUGHPUT_SECTION,/hdd/flapmax/tt-metal/tt_metal/hw/firmware/src/tt-1xx/trisck.cc,73,tile_fused:explicit_throughput,1
10.804,10.857,7,stall,13222245992908,13222245992961,slot0_x2_y1,0,2,1,TILE,TRISC-KERNEL,/hdd/flapmax/tt-metal/tt_metal/hw/firmware/src/tt-1xx/trisck.cc,73,tile_fused:trisc_kernel_base,1
10.857,10.878,7,active,13222245992961,13222245992982,slot0_x2_y1,0,2,1,TILE,THROUGHPUT_SECTION,/hdd/flapmax/tt-metal/tt_metal/hw/firmware/src/tt-1xx/trisck.cc,73,tile_fused:explicit_throughput,1
10.878,10.978,7,stall,13222245992982,13222245993082,slot0_x2_y1,0,2,1,TILE,TRISC-KERNEL,/hdd/flapmax/tt-metal/tt_metal/hw/firmware/src/tt-1xx/trisck.cc,73,tile_fused:trisc_kernel_base,1
10.978,10.997,7,active,13222245993082,13222245993101,slot0_x2_y1,0,2,1,TILE,THROUGHPUT_SECTION,/hdd/flapmax/tt-metal/tt_metal/hw/firmware/src/tt-1xx/trisck.cc,73,tile_fused:explicit_throughput,1
10.997,11.43,7,stall,13222245993101,13222245993534,slot0_x2_y1,0,2,1,TILE,TRISC-KERNEL,/hdd/flapmax/tt-metal/tt_metal/hw/firmware/src/tt-1xx/trisck.cc,73,tile_fused:trisc_kernel_base,1
11.43,11.484,7,active,13222245993534,13222245993588,slot0_x2_y1,0,2,1,TILE,THROUGHPUT_SECTION,/hdd/flapmax/tt-metal/tt_metal/hw/firmware/src/tt-1xx/trisck.cc,73,tile_fused:explicit_throughput,1
11.484,11.536,7,stall,13222245993588,13222245993640,slot0_x2_y1,0,2,1,TILE,TRISC-KERNEL,/hdd/flapmax/tt-metal/tt_metal/hw/firmware/src/tt-1xx/trisck.cc,73,tile_fused:trisc_kernel_base,1
11.536,11.559,7,active,13222245993640,13222245993663,slot0_x2_y1,0,2,1,TILE,THROUGHPUT_SECTION,/hdd/flapmax/tt-metal/tt_metal/hw/firmware/src/tt-1xx/trisck.cc,73,tile_fused:explicit_throughput,1
11.559,11.657,7,stall,13222245993663,13222245993761,slot0_x2_y1,0,2,1,TILE,TRISC-KERNEL,/hdd/flapmax/tt-metal/tt_metal/hw/firmware/src/tt-1xx/trisck.cc,73,tile_fused:trisc_kernel_base,1
11.657,11.676,7,active,13222245993761,13222245993780,slot0_x2_y1,0,2,1,TILE,THROUGHPUT_SECTION,/hdd/flapmax/tt-metal/tt_metal/hw/firmware/src/tt-1xx/trisck.cc,73,tile_fused:explicit_throughput,1
11.676,12.29,7,stall,13222245993780,13222245994394,slot0_x2_y1,0,2,1,TILE,TRISC-KERNEL,/hdd/flapmax/tt-metal/tt_metal/hw/firmware/src/tt-1xx/trisck.cc,73,tile_fused:trisc_kernel_base,1
12.29,12.338,7,active,13222245994394,13222245994442,slot0_x2_y1,0,2,1,TILE,THROUGHPUT_SECTION,/hdd/flapmax/tt-metal/tt_metal/hw/firmware/src/tt-1xx/trisck.cc,73,tile_fused:explicit_throughput,1
12.338,12.399,7,stall,13222245994442,13222245994503,slot0_x2_y1,0,2,1,TILE,TRISC-KERNEL,/hdd/flapmax/tt-metal/tt_metal/hw/firmware/src/tt-1xx/trisck.cc,73,tile_fused:trisc_kernel_base,1
12.399,12.42,7,active,13222245994503,13222245994524,slot0_x2_y1,0,2,1,TILE,THROUGHPUT_SECTION,/hdd/flapmax/tt-metal/tt_metal/hw/firmware/src/tt-1xx/trisck.cc,73,tile_fused:explicit_throughput,1
12.42,12.518,7,stall,13222245994524,13222245994622,slot0_x2_y1,0,2,1,TILE,TRISC-KERNEL,/hdd/flapmax/tt-metal/tt_metal/hw/firmware/src/tt-1xx/trisck.cc,73,tile_fused:trisc_kernel_base,1
12.518,12.537,7,active,13222245994622,13222245994641,slot0_x2_y1,0,2,1,TILE,THROUGHPUT_SECTION,/hdd/flapmax/tt-metal/tt_metal/hw/firmware/src/tt-1xx/trisck.cc,73,tile_fused:explicit_throughput,1
12.537,12.951,7,stall,13222245994641,13222245995055,slot0_x2_y1,0,2,1,TILE,TRISC-KERNEL,/hdd/flapmax/tt-metal/tt_metal/hw/firmware/src/tt-1xx/trisck.cc,73,tile_fused:trisc_kernel_base,1
12.951,13.005,7,active,13222245995055,13222245995109,slot0_x2_y1,0,2,1,TILE,THROUGHPUT_SECTION,/hdd/flapmax/tt-metal/tt_metal/hw/firmware/src/tt-1xx/trisck.cc,73,tile_fused:explicit_throughput,1
13.005,13.057,7,stall,13222245995109,13222245995161,slot0_x2_y1,0,2,1,TILE,TRISC-KERNEL,/hdd/flapmax/tt-metal/tt_metal/hw/firmware/src/tt-1xx/trisck.cc,73,tile_fused:trisc_kernel_base,1
13.057,13.079,7,active,13222245995161,13222245995183,slot0_x2_y1,0,2,1,TILE,THROUGHPUT_SECTION,/hdd/flapmax/tt-metal/tt_metal/hw/firmware/src/tt-1xx/trisck.cc,73,tile_fused:explicit_throughput,1
13.079,13.178,7,stall,13222245995183,13222245995282,slot0_x2_y1,0,2,1,TILE,TRISC-KERNEL,/hdd/flapmax/tt-metal/tt_metal/hw/firmware/src/tt-1xx/trisck.cc,73,tile_fused:trisc_kernel_base,1
13.178,13.197,7,active,13222245995282,13222245995301,slot0_x2_y1,0,2,1,TILE,THROUGHPUT_SECTION,/hdd/flapmax/tt-metal/tt_metal/hw/firmware/src/tt-1xx/trisck.cc,73,tile_fused:explicit_throughput,1
13.197,13.848,7,stall,13222245995301,13222245995952,slot0_x2_y1,0,2,1,TILE,TRISC-KERNEL,/hdd/flapmax/tt-metal/tt_metal/hw/firmware/src/tt-1xx/trisck.cc,73,tile_fused:trisc_kernel_base,1
13.848,13.895,7,active,13222245995952,13222245995999,slot0_x2_y1,0,2,1,TILE,THROUGHPUT_SECTION,/hdd/flapmax/tt-metal/tt_metal/hw/firmware/src/tt-1xx/trisck.cc,73,tile_fused:explicit_throughput,1
13.895,13.948,7,stall,13222245995999,13222245996052,slot0_x2_y1,0,2,1,TILE,TRISC-KERNEL,/hdd/flapmax/tt-metal/tt_metal/hw/firmware/src/tt-1xx/trisck.cc,73,tile_fused:trisc_kernel_base,1
13.948,13.969,7,active,13222245996052,13222245996073,slot0_x2_y1,0,2,1,TILE,THROUGHPUT_SECTION,/hdd/flapmax/tt-metal/tt_metal/hw/firmware/src/tt-1xx/trisck.cc,73,tile_fused:explicit_throughput,1
13.969,14.069,7,stall,13222245996073,13222245996173,slot0_x2_y1,0,2,1,TILE,TRISC-KERNEL,/hdd/flapmax/tt-metal/tt_metal/hw/firmware/src/tt-1xx/trisck.cc,73,tile_fused:trisc_kernel_base,1
14.069,14.091,7,active,13222245996173,13222245996195,slot0_x2_y1,0,2,1,TILE,THROUGHPUT_SECTION,/hdd/flapmax/tt-metal/tt_metal/hw/firmware/src/tt-1xx/trisck.cc,73,tile_fused:explicit_throughput,1
14.091,14.527,7,stall,13222245996195,13222245996631,slot0_x2_y1,0,2,1,TILE,TRISC-KERNEL,/hdd/flapmax/tt-metal/tt_metal/hw/firmware/src/tt-1xx/trisck.cc,73,tile_fused:trisc_kernel_base,1
14.527,14.581,7,active,13222245996631,13222245996685,slot0_x2_y1,0,2,1,TILE,THROUGHPUT_SECTION,/hdd/flapmax/tt-metal/tt_metal/hw/firmware/src/tt-1xx/trisck.cc,73,tile_fused:explicit_throughput,1
14.581,14.634,7,stall,13222245996685,13222245996738,slot0_x2_y1,0,2,1,TILE,TRISC-KERNEL,/hdd/flapmax/tt-metal/tt_metal/hw/firmware/src/tt-1xx/trisck.cc,73,tile_fused:trisc_kernel_base,1
14.634,14.655,7,active,13222245996738,13222245996759,slot0_x2_y1,0,2,1,TILE,THROUGHPUT_SECTION,/hdd/flapmax/tt-metal/tt_metal/hw/firmware/src/tt-1xx/trisck.cc,73,tile_fused:explicit_throughput,1
14.655,14.755,7,stall,13222245996759,13222245996859,slot0_x2_y1,0,2,1,TILE,TRISC-KERNEL,/hdd/flapmax/tt-metal/tt_metal/hw/firmware/src/tt-1xx/trisck.cc,73,tile_fused:trisc_kernel_base,1
14.755,14.774,7,active,13222245996859,13222245996878,slot0_x2_y1,0,2,1,TILE,THROUGHPUT_SECTION,/hdd/flapmax/tt-metal/tt_metal/hw/firmware/src/tt-1xx/trisck.cc,73,tile_fused:explicit_throughput,1
14.774,15.225,7,stall,13222245996878,13222245997329,slot0_x2_y1,0,2,1,TILE,TRISC-KERNEL,/hdd/flapmax/tt-metal/tt_metal/hw/firmware/src/tt-1xx/trisck.cc,73,tile_fused:trisc_kernel_base,1
15.225,15.272,7,active,13222245997329,13222245997376,slot0_x2_y1,0,2,1,TILE,THROUGHPUT_SECTION,/hdd/flapmax/tt-metal/tt_metal/hw/firmware/src/tt-1xx/trisck.cc,73,tile_fused:explicit_throughput,1
15.272,15.872,7,stall,13222245997376,13222245997976,slot0_x2_y1,0,2,1,TILE,TRISC-KERNEL,/hdd/flapmax/tt-metal/tt_metal/hw/firmware/src/tt-1xx/trisck.cc,73,tile_fused:trisc_kernel_base,1
15.872,15.926,7,active,13222245997976,13222245998030,slot0_x2_y1,0,2,1,TILE,THROUGHPUT_SECTION,/hdd/flapmax/tt-metal/tt_metal/hw/firmware/src/tt-1xx/trisck.cc,73,tile_fused:explicit_throughput,1
15.926,16.813,7,stall,13222245998030,13222245998917,slot0_x2_y1,0,2,1,TILE,TRISC-KERNEL,/hdd/flapmax/tt-metal/tt_metal/hw/firmware/src/tt-1xx/trisck.cc,73,tile_fused:trisc_kernel_base,1
0.03,0.211,8,stall,13222245982134,13222245982315,slot0_x2_y2,0,2,2,TILE,TRISC-KERNEL,/hdd/flapmax/tt-metal/tt_metal/hw/firmware/src/tt-1xx/trisck.cc,73,tile_fused:trisc_kernel_base,1
0.211,0.233,8,active,13222245982315,13222245982337,slot0_x2_y2,0,2,2,TILE,THROUGHPUT_SECTION,/hdd/flapmax/tt-metal/tt_metal/hw/firmware/src/tt-1xx/trisck.cc,73,tile_fused:explicit_throughput,1
0.233,0.267,8,stall,13222245982337,13222245982371,slot0_x2_y2,0,2,2,TILE,TRISC-KERNEL,/hdd/flapmax/tt-metal/tt_metal/hw/firmware/src/tt-1xx/trisck.cc,73,tile_fused:trisc_kernel_base,1
0.267,0.288,8,active,13222245982371,13222245982392,slot0_x2_y2,0,2,2,TILE,THROUGHPUT_SECTION,/hdd/flapmax/tt-metal/tt_metal/hw/firmware/src/tt-1xx/trisck.cc,73,tile_fused:explicit_throughput,1
0.288,0.485,8,stall,13222245982392,13222245982589,slot0_x2_y2,0,2,2,TILE,TRISC-KERNEL,/hdd/flapmax/tt-metal/tt_metal/hw/firmware/src/tt-1xx/trisck.cc,73,tile_fused:trisc_kernel_base,1
0.485,0.504,8,active,13222245982589,13222245982608,slot0_x2_y2,0,2,2,TILE,THROUGHPUT_SECTION,/hdd/flapmax/tt-metal/tt_metal/hw/firmware/src/tt-1xx/trisck.cc,73,tile_fused:explicit_throughput,1
0.504,0.616,8,stall,13222245982608,13222245982720,slot0_x2_y2,0,2,2,TILE,TRISC-KERNEL,/hdd/flapmax/tt-metal/tt_metal/hw/firmware/src/tt-1xx/trisck.cc,73,tile_fused:trisc_kernel_base,1
0.616,0.635,8,active,13222245982720,13222245982739,slot0_x2_y2,0,2,2,TILE,THROUGHPUT_SECTION,/hdd/flapmax/tt-metal/tt_metal/hw/firmware/src/tt-1xx/trisck.cc,73,tile_fused:explicit_throughput,1
0.635,5.475,8,stall,13222245982739,13222245987579,slot0_x2_y2,0,2,2,TILE,TRISC-KERNEL,/hdd/flapmax/tt-metal/tt_metal/hw/firmware/src/tt-1xx/trisck.cc,73,tile_fused:trisc_kernel_base,1
5.475,5.521,8,active,13222245987579,13222245987625,slot0_x2_y2,0,2,2,TILE,THROUGHPUT_SECTION,/hdd/flapmax/tt-metal/tt_metal/hw/firmware/src/tt-1xx/trisck.cc,73,tile_fused:explicit_throughput,1
5.521,5.575,8,stall,13222245987625,13222245987679,slot0_x2_y2,0,2,2,TILE,TRISC-KERNEL,/hdd/flapmax/tt-metal/tt_metal/hw/firmware/src/tt-1xx/trisck.cc,73,tile_fused:trisc_kernel_base,1
5.575,5.599,8,active,13222245987679,13222245987703,slot0_x2_y2,0,2,2,TILE,THROUGHPUT_SECTION,/hdd/flapmax/tt-metal/tt_metal/hw/firmware/src/tt-1xx/trisck.cc,73,tile_fused:explicit_throughput,1
5.599,5.697,8,stall,13222245987703,13222245987801,slot0_x2_y2,0,2,2,TILE,TRISC-KERNEL,/hdd/flapmax/tt-metal/tt_metal/hw/firmware/src/tt-1xx/trisck.cc,73,tile_fused:trisc_kernel_base,1
5.697,5.716,8,active,13222245987801,13222245987820,slot0_x2_y2,0,2,2,TILE,THROUGHPUT_SECTION,/hdd/flapmax/tt-metal/tt_metal/hw/firmware/src/tt-1xx/trisck.cc,73,tile_fused:explicit_throughput,1
5.716,13.589,8,stall,13222245987820,13222245995693,slot0_x2_y2,0,2,2,TILE,TRISC-KERNEL,/hdd/flapmax/tt-metal/tt_metal/hw/firmware/src/tt-1xx/trisck.cc,73,tile_fused:trisc_kernel_base,1
13.589,13.648,8,active,13222245995693,13222245995752,slot0_x2_y2,0,2,2,TILE,THROUGHPUT_SECTION,/hdd/flapmax/tt-metal/tt_metal/hw/firmware/src/tt-1xx/trisck.cc,73,tile_fused:explicit_throughput,1
13.648,13.702,8,stall,13222245995752,13222245995806,slot0_x2_y2,0,2,2,TILE,TRISC-KERNEL,/hdd/flapmax/tt-metal/tt_metal/hw/firmware/src/tt-1xx/trisck.cc,73,tile_fused:trisc_kernel_base,1
13.702,13.723,8,active,13222245995806,13222245995827,slot0_x2_y2,0,2,2,TILE,THROUGHPUT_SECTION,/hdd/flapmax/tt-metal/tt_metal/hw/firmware/src/tt-1xx/trisck.cc,73,tile_fused:explicit_throughput,1
13.723,13.823,8,stall,13222245995827,13222245995927,slot0_x2_y2,0,2,2,TILE,TRISC-KERNEL,/hdd/flapmax/tt-metal/tt_metal/hw/firmware/src/tt-1xx/trisck.cc,73,tile_fused:trisc_kernel_base,1
13.823,13.843,8,active,13222245995927,13222245995947,slot0_x2_y2,0,2,2,TILE,THROUGHPUT_SECTION,/hdd/flapmax/tt-metal/tt_metal/hw/firmware/src/tt-1xx/trisck.cc,73,tile_fused:explicit_throughput,1
13.843,14.499,8,stall,13222245995947,13222245996603,slot0_x2_y2,0,2,2,TILE,TRISC-KERNEL,/hdd/flapmax/tt-metal/tt_metal/hw/firmware/src/tt-1xx/trisck.cc,73,tile_fused:trisc_kernel_base,1
14.499,14.546,8,active,13222245996603,13222245996650,slot0_x2_y2,0,2,2,TILE,THROUGHPUT_SECTION,/hdd/flapmax/tt-metal/tt_metal/hw/firmware/src/tt-1xx/trisck.cc,73,tile_fused:explicit_throughput,1
14.546,14.608,8,stall,13222245996650,13222245996712,slot0_x2_y2,0,2,2,TILE,TRISC-KERNEL,/hdd/flapmax/tt-metal/tt_metal/hw/firmware/src/tt-1xx/trisck.cc,73,tile_fused:trisc_kernel_base,1
14.608,14.631,8,active,13222245996712,13222245996735,slot0_x2_y2,0,2,2,TILE,THROUGHPUT_SECTION,/hdd/flapmax/tt-metal/tt_metal/hw/firmware/src/tt-1xx/trisck.cc,73,tile_fused:explicit_throughput,1
14.631,14.728,8,stall,13222245996735,13222245996832,slot0_x2_y2,0,2,2,TILE,TRISC-KERNEL,/hdd/flapmax/tt-metal/tt_metal/hw/firmware/src/tt-1xx/trisck.cc,73,tile_fused:trisc_kernel_base,1
14.728,14.747,8,active,13222245996832,13222245996851,slot0_x2_y2,0,2,2,TILE,THROUGHPUT_SECTION,/hdd/flapmax/tt-metal/tt_metal/hw/firmware/src/tt-1xx/trisck.cc,73,tile_fused:explicit_throughput,1
14.747,15.546,8,stall,13222245996851,13222245997650,slot0_x2_y2,0,2,2,TILE,TRISC-KERNEL,/hdd/flapmax/tt-metal/tt_metal/hw/firmware/src/tt-1xx/trisck.cc,73,tile_fused:trisc_kernel_base,1
15.546,15.6,8,active,13222245997650,13222245997704,slot0_x2_y2,0,2,2,TILE,THROUGHPUT_SECTION,/hdd/flapmax/tt-metal/tt_metal/hw/firmware/src/tt-1xx/trisck.cc,73,tile_fused:explicit_throughput,1
15.6,15.654,8,stall,13222245997704,13222245997758,slot0_x2_y2,0,2,2,TILE,TRISC-KERNEL,/hdd/flapmax/tt-metal/tt_metal/hw/firmware/src/tt-1xx/trisck.cc,73,tile_fused:trisc_kernel_base,1
15.654,15.677,8,active,13222245997758,13222245997781,slot0_x2_y2,0,2,2,TILE,THROUGHPUT_SECTION,/hdd/flapmax/tt-metal/tt_metal/hw/firmware/src/tt-1xx/trisck.cc,73,tile_fused:explicit_throughput,1
15.677,15.775,8,stall,13222245997781,13222245997879,slot0_x2_y2,0,2,2,TILE,TRISC-KERNEL,/hdd/flapmax/tt-metal/tt_metal/hw/firmware/src/tt-1xx/trisck.cc,73,tile_fused:trisc_kernel_base,1
15.775,15.794,8,active,13222245997879,13222245997898,slot0_x2_y2,0,2,2,TILE,THROUGHPUT_SECTION,/hdd/flapmax/tt-metal/tt_metal/hw/firmware/src/tt-1xx/trisck.cc,73,tile_fused:explicit_throughput,1
15.794,16.811,8,stall,13222245997898,13222245998915,slot0_x2_y2,0,2,2,TILE,TRISC-KERNEL,/hdd/flapmax/tt-metal/tt_metal/hw/firmware/src/tt-1xx/trisck.cc,73,tile_fused:trisc_kernel_base,1
16.811,16.858,8,active,13222245998915,13222245998962,slot0_x2_y2,0,2,2,TILE,THROUGHPUT_SECTION,/hdd/flapmax/tt-metal/tt_metal/hw/firmware/src/tt-1xx/trisck.cc,73,tile_fused:explicit_throughput,1
16.858,16.911,8,stall,13222245998962,13222245999015,slot0_x2_y2,0,2,2,TILE,TRISC-KERNEL,/hdd/flapmax/tt-metal/tt_metal/hw/firmware/src/tt-1xx/trisck.cc,73,tile_fused:trisc_kernel_base,1
16.911,16.932,8,active,13222245999015,13222245999036,slot0_x2_y2,0,2,2,TILE,THROUGHPUT_SECTION,/hdd/flapmax/tt-metal/tt_metal/hw/firmware/src/tt-1xx/trisck.cc,73,tile_fused:explicit_throughput,1
16.932,17.032,8,stall,13222245999036,13222245999136,slot0_x2_y2,0,2,2,TILE,TRISC-KERNEL,/hdd/flapmax/tt-metal/tt_metal/hw/firmware/src/tt-1xx/trisck.cc,73,tile_fused:trisc_kernel_base,1
17.032,17.054,8,active,13222245999136,13222245999158,slot0_x2_y2,0,2,2,TILE,THROUGHPUT_SECTION,/hdd/flapmax/tt-metal/tt_metal/hw/firmware/src/tt-1xx/trisck.cc,73,tile_fused:explicit_throughput,1
17.054,17.683,8,stall,13222245999158,13222245999787,slot0_x2_y2,0,2,2,TILE,TRISC-KERNEL,/hdd/flapmax/tt-metal/tt_metal/hw/firmware/src/tt-1xx/trisck.cc,73,tile_fused:trisc_kernel_base,1
17.683,17.737,8,active,13222245999787,13222245999841,slot0_x2_y2,0,2,2,TILE,THROUGHPUT_SECTION,/hdd/flapmax/tt-metal/tt_metal/hw/firmware/src/tt-1xx/trisck.cc,73,tile_fused:explicit_throughput,1
17.737,17.789,8,stall,13222245999841,13222245999893,slot0_x2_y2,0,2,2,TILE,TRISC-KERNEL,/hdd/flapmax/tt-metal/tt_metal/hw/firmware/src/tt-1xx/trisck.cc,73,tile_fused:trisc_kernel_base,1
17.789,17.812,8,active,13222245999893,13222245999916,slot0_x2_y2,0,2,2,TILE,THROUGHPUT_SECTION,/hdd/flapmax/tt-metal/tt_metal/hw/firmware/src/tt-1xx/trisck.cc,73,tile_fused:explicit_throughput,1
17.812,17.91,8,stall,13222245999916,13222246000014,slot0_x2_y2,0,2,2,TILE,TRISC-KERNEL,/hdd/flapmax/tt-metal/tt_metal/hw/firmware/src/tt-1xx/trisck.cc,73,tile_fused:trisc_kernel_base,1
17.91,17.929,8,active,13222246000014,13222246000033,slot0_x2_y2,0,2,2,TILE,THROUGHPUT_SECTION,/hdd/flapmax/tt-metal/tt_metal/hw/firmware/src/tt-1xx/trisck.cc,73,tile_fused:explicit_throughput,1
17.929,18.519,8,stall,13222246000033,13222246000623,slot0_x2_y2,0,2,2,TILE,TRISC-KERNEL,/hdd/flapmax/tt-metal/tt_metal/hw/firmware/src/tt-1xx/trisck.cc,73,tile_fused:trisc_kernel_base,1
18.519,18.566,8,active,13222246000623,13222246000670,slot0_x2_y2,0,2,2,TILE,THROUGHPUT_SECTION,/hdd/flapmax/tt-metal/tt_metal/hw/firmware/src/tt-1xx/trisck.cc,73,tile_fused:explicit_throughput,1
18.566,18.626,8,stall,13222246000670,13222246000730,slot0_x2_y2,0,2,2,TILE,TRISC-KERNEL,/hdd/flapmax/tt-metal/tt_metal/hw/firmware/src/tt-1xx/trisck.cc,73,tile_fused:trisc_kernel_base,1
18.626,18.648,8,active,13222246000730,13222246000752,slot0_x2_y2,0,2,2,TILE,THROUGHPUT_SECTION,/hdd/flapmax/tt-metal/tt_metal/hw/firmware/src/tt-1xx/trisck.cc,73,tile_fused:explicit_throughput,1
18.648,18.746,8,stall,13222246000752,13222246000850,slot0_x2_y2,0,2,2,TILE,TRISC-KERNEL,/hdd/flapmax/tt-metal/tt_metal/hw/firmware/src/tt-1xx/trisck.cc,73,tile_fused:trisc_kernel_base,1
18.746,18.765,8,active,13222246000850,13222246000869,slot0_x2_y2,0,2,2,TILE,THROUGHPUT_SECTION,/hdd/flapmax/tt-metal/tt_metal/hw/firmware/src/tt-1xx/trisck.cc,73,tile_fused:explicit_throughput,1
18.765,19.268,8,stall,13222246000869,13222246001372,slot0_x2_y2,0,2,2,TILE,TRISC-KERNEL,/hdd/flapmax/tt-metal/tt_metal/hw/firmware/src/tt-1xx/trisck.cc,73,tile_fused:trisc_kernel_base,1
19.268,19.322,8,active,13222246001372,13222246001426,slot0_x2_y2,0,2,2,TILE,THROUGHPUT_SECTION,/hdd/flapmax/tt-metal/tt_metal/hw/firmware/src/tt-1xx/trisck.cc,73,tile_fused:explicit_throughput,1
19.322,19.374,8,stall,13222246001426,13222246001478,slot0_x2_y2,0,2,2,TILE,TRISC-KERNEL,/hdd/flapmax/tt-metal/tt_metal/hw/firmware/src/tt-1xx/trisck.cc,73,tile_fused:trisc_kernel_base,1
19.374,19.395,8,active,13222246001478,13222246001499,slot0_x2_y2,0,2,2,TILE,THROUGHPUT_SECTION,/hdd/flapmax/tt-metal/tt_metal/hw/firmware/src/tt-1xx/trisck.cc,73,tile_fused:explicit_throughput,1
19.395,19.495,8,stall,13222246001499,13222246001599,slot0_x2_y2,0,2,2,TILE,TRISC-KERNEL,/hdd/flapmax/tt-metal/tt_metal/hw/firmware/src/tt-1xx/trisck.cc,73,tile_fused:trisc_kernel_base,1
19.495,19.515,8,active,13222246001599,13222246001619,slot0_x2_y2,0,2,2,TILE,THROUGHPUT_SECTION,/hdd/flapmax/tt-metal/tt_metal/hw/firmware/src/tt-1xx/trisck.cc,73,tile_fused:explicit_throughput,1
19.515,19.99,8,stall,13222246001619,13222246002094,slot0_x2_y2,0,2,2,TILE,TRISC-KERNEL,/hdd/flapmax/tt-metal/tt_metal/hw/firmware/src/tt-1xx/trisck.cc,73,tile_fused:trisc_kernel_base,1
19.99,20.038,8,active,13222246002094,13222246002142,slot0_x2_y2,0,2,2,TILE,THROUGHPUT_SECTION,/hdd/flapmax/tt-metal/tt_metal/hw/firmware/src/tt-1xx/trisck.cc,73,tile_fused:explicit_throughput,1
20.038,20.09,8,stall,13222246002142,13222246002194,slot0_x2_y2,0,2,2,TILE,TRISC-KERNEL,/hdd/flapmax/tt-metal/tt_metal/hw/firmware/src/tt-1xx/trisck.cc,73,tile_fused:trisc_kernel_base,1
20.09,20.113,8,active,13222246002194,13222246002217,slot0_x2_y2,0,2,2,TILE,THROUGHPUT_SECTION,/hdd/flapmax/tt-metal/tt_metal/hw/firmware/src/tt-1xx/trisck.cc,73,tile_fused:explicit_throughput,1
20.113,20.211,8,stall,13222246002217,13222246002315,slot0_x2_y2,0,2,2,TILE,TRISC-KERNEL,/hdd/flapmax/tt-metal/tt_metal/hw/firmware/src/tt-1xx/trisck.cc,73,tile_fused:trisc_kernel_base,1
20.211,20.23,8,active,13222246002315,13222246002334,slot0_x2_y2,0,2,2,TILE,THROUGHPUT_SECTION,/hdd/flapmax/tt-metal/tt_metal/hw/firmware/src/tt-1xx/trisck.cc,73,tile_fused:explicit_throughput,1
20.23,21.076,8,stall,13222246002334,13222246003180,slot0_x2_y2,0,2,2,TILE,TRISC-KERNEL,/hdd/flapmax/tt-metal/tt_metal/hw/firmware/src/tt-1xx/trisck.cc,73,tile_fused:trisc_kernel_base,1
21.076,21.13,8,active,13222246003180,13222246003234,slot0_x2_y2,0,2,2,TILE,THROUGHPUT_SECTION,/hdd/flapmax/tt-metal/tt_metal/hw/firmware/src/tt-1xx/trisck.cc,73,tile_fused:explicit_throughput,1
21.13,21.183,8,stall,13222246003234,13222246003287,slot0_x2_y2,0,2,2,TILE,TRISC-KERNEL,/hdd/flapmax/tt-metal/tt_metal/hw/firmware/src/tt-1xx/trisck.cc,73,tile_fused:trisc_kernel_base,1
21.183,21.204,8,active,13222246003287,13222246003308,slot0_x2_y2,0,2,2,TILE,THROUGHPUT_SECTION,/hdd/flapmax/tt-metal/tt_metal/hw/firmware/src/tt-1xx/trisck.cc,73,tile_fused:explicit_throughput,1
21.204,21.304,8,stall,13222246003308,13222246003408,slot0_x2_y2,0,2,2,TILE,TRISC-KERNEL,/hdd/flapmax/tt-metal/tt_metal/hw/firmware/src/tt-1xx/trisck.cc,73,tile_fused:trisc_kernel_base,1
21.304,21.323,8,active,13222246003408,13222246003427,slot0_x2_y2,0,2,2,TILE,THROUGHPUT_SECTION,/hdd/flapmax/tt-metal/tt_metal/hw/firmware/src/tt-1xx/trisck.cc,73,tile_fused:explicit_throughput,1
21.323,22.117,8,stall,13222246003427,13222246004221,slot0_x2_y2,0,2,2,TILE,TRISC-KERNEL,/hdd/flapmax/tt-metal/tt_metal/hw/firmware/src/tt-1xx/trisck.cc,73,tile_fused:trisc_kernel_base,1
22.117,22.164,8,active,13222246004221,13222246004268,slot0_x2_y2,0,2,2,TILE,THROUGHPUT_SECTION,/hdd/flapmax/tt-metal/tt_metal/hw/firmware/src/tt-1xx/trisck.cc,73,tile_fused:explicit_throughput,1
22.164,22.738,8,stall,13222246004268,13222246004842,slot0_x2_y2,0,2,2,TILE,TRISC-KERNEL,/hdd/flapmax/tt-metal/tt_metal/hw/firmware/src/tt-1xx/trisck.cc,73,tile_fused:trisc_kernel_base,1
22.738,22.792,8,active,13222246004842,13222246004896,slot0_x2_y2,0,2,2,TILE,THROUGHPUT_SECTION,/hdd/flapmax/tt-metal/tt_metal/hw/firmware/src/tt-1xx/trisck.cc,73,tile_fused:explicit_throughput,1
22.792,23.538,8,stall,13222246004896,13222246005642,slot0_x2_y2,0,2,2,TILE,TRISC-KERNEL,/hdd/flapmax/tt-metal/tt_metal/hw/firmware/src/tt-1xx/trisck.cc,73,tile_fused:trisc_kernel_base,1
0.014,0.193,9,stall,13222245982118,13222245982297,slot0_x2_y3,0,2,3,TILE,TRISC-KERNEL,/hdd/flapmax/tt-metal/tt_metal/hw/firmware/src/tt-1xx/trisck.cc,73,tile_fused:trisc_kernel_base,1
0.193,0.214,9,active,13222245982297,13222245982318,slot0_x2_y3,0,2,3,TILE,THROUGHPUT_SECTION,/hdd/flapmax/tt-metal/tt_metal/hw/firmware/src/tt-1xx/trisck.cc,73,tile_fused:explicit_throughput,1
0.214,0.253,9,stall,13222245982318,13222245982357,slot0_x2_y3,0,2,3,TILE,TRISC-KERNEL,/hdd/flapmax/tt-metal/tt_metal/hw/firmware/src/tt-1xx/trisck.cc,73,tile_fused:trisc_kernel_base,1
0.253,0.274,9,active,13222245982357,13222245982378,slot0_x2_y3,0,2,3,TILE,THROUGHPUT_SECTION,/hdd/flapmax/tt-metal/tt_metal/hw/firmware/src/tt-1xx/trisck.cc,73,tile_fused:explicit_throughput,1
0.274,0.44,9,stall,13222245982378,13222245982544,slot0_x2_y3,0,2,3,TILE,TRISC-KERNEL,/hdd/flapmax/tt-metal/tt_metal/hw/firmware/src/tt-1xx/trisck.cc,73,tile_fused:trisc_kernel_base,1
0.44,0.459,9,active,13222245982544,13222245982563,slot0_x2_y3,0,2,3,TILE,THROUGHPUT_SECTION,/hdd/flapmax/tt-metal/tt_metal/hw/firmware/src/tt-1xx/trisck.cc,73,tile_fused:explicit_throughput,1
0.459,0.572,9,stall,13222245982563,13222245982676,slot0_x2_y3,0,2,3,TILE,TRISC-KERNEL,/hdd/flapmax/tt-metal/tt_metal/hw/firmware/src/tt-1xx/trisck.cc,73,tile_fused:trisc_kernel_base,1
0.572,0.593,9,active,13222245982676,13222245982697,slot0_x2_y3,0,2,3,TILE,THROUGHPUT_SECTION,/hdd/flapmax/tt-metal/tt_metal/hw/firmware/src/tt-1xx/trisck.cc,73,tile_fused:explicit_throughput,1
0.593,2.838,9,stall,13222245982697,13222245984942,slot0_x2_y3,0,2,3,TILE,TRISC-KERNEL,/hdd/flapmax/tt-metal/tt_metal/hw/firmware/src/tt-1xx/trisck.cc,73,tile_fused:trisc_kernel_base,1
2.838,2.884,9,active,13222245984942,13222245984988,slot0_x2_y3,0,2,3,TILE,THROUGHPUT_SECTION,/hdd/flapmax/tt-metal/tt_metal/hw/firmware/src/tt-1xx/trisck.cc,73,tile_fused:explicit_throughput,1
2.884,2.938,9,stall,13222245984988,13222245985042,slot0_x2_y3,0,2,3,TILE,TRISC-KERNEL,/hdd/flapmax/tt-metal/tt_metal/hw/firmware/src/tt-1xx/trisck.cc,73,tile_fused:trisc_kernel_base,1
2.938,2.962,9,active,13222245985042,13222245985066,slot0_x2_y3,0,2,3,TILE,THROUGHPUT_SECTION,/hdd/flapmax/tt-metal/tt_metal/hw/firmware/src/tt-1xx/trisck.cc,73,tile_fused:explicit_throughput,1
2.962,3.06,9,stall,13222245985066,13222245985164,slot0_x2_y3,0,2,3,TILE,TRISC-KERNEL,/hdd/flapmax/tt-metal/tt_metal/hw/firmware/src/tt-1xx/trisck.cc,73,tile_fused:trisc_kernel_base,1
3.06,3.079,9,active,13222245985164,13222245985183,slot0_x2_y3,0,2,3,TILE,THROUGHPUT_SECTION,/hdd/flapmax/tt-metal/tt_metal/hw/firmware/src/tt-1xx/trisck.cc,73,tile_fused:explicit_throughput,1
3.079,9.866,9,stall,13222245985183,13222245991970,slot0_x2_y3,0,2,3,TILE,TRISC-KERNEL,/hdd/flapmax/tt-metal/tt_metal/hw/firmware/src/tt-1xx/trisck.cc,73,tile_fused:trisc_kernel_base,1
9.866,9.925,9,active,13222245991970,13222245992029,slot0_x2_y3,0,2,3,TILE,THROUGHPUT_SECTION,/hdd/flapmax/tt-metal/tt_metal/hw/firmware/src/tt-1xx/trisck.cc,73,tile_fused:explicit_throughput,1
9.925,9.979,9,stall,13222245992029,13222245992083,slot0_x2_y3,0,2,3,TILE,TRISC-KERNEL,/hdd/flapmax/tt-metal/tt_metal/hw/firmware/src/tt-1xx/trisck.cc,73,tile_fused:trisc_kernel_base,1
9.979,10.0,9,active,13222245992083,13222245992104,slot0_x2_y3,0,2,3,TILE,THROUGHPUT_SECTION,/hdd/flapmax/tt-metal/tt_metal/hw/firmware/src/tt-1xx/trisck.cc,73,tile_fused:explicit_throughput,1
10.0,10.1,9,stall,13222245992104,13222245992204,slot0_x2_y3,0,2,3,TILE,TRISC-KERNEL,/hdd/flapmax/tt-metal/tt_metal/hw/firmware/src/tt-1xx/trisck.cc,73,tile_fused:trisc_kernel_base,1
10.1,10.12,9,active,13222245992204,13222245992224,slot0_x2_y3,0,2,3,TILE,THROUGHPUT_SECTION,/hdd/flapmax/tt-metal/tt_metal/hw/firmware/src/tt-1xx/trisck.cc,73,tile_fused:explicit_throughput,1
10.12,10.516,9,stall,13222245992224,13222245992620,slot0_x2_y3,0,2,3,TILE,TRISC-KERNEL,/hdd/flapmax/tt-metal/tt_metal/hw/firmware/src/tt-1xx/trisck.cc,73,tile_fused:trisc_kernel_base,1
10.516,10.563,9,active,13222245992620,13222245992667,slot0_x2_y3,0,2,3,TILE,THROUGHPUT_SECTION,/hdd/flapmax/tt-metal/tt_metal/hw/firmware/src/tt-1xx/trisck.cc,73,tile_fused:explicit_throughput,1
10.563,10.625,9,stall,13222245992667,13222245992729,slot0_x2_y3,0,2,3,TILE,TRISC-KERNEL,/hdd/flapmax/tt-metal/tt_metal/hw/firmware/src/tt-1xx/trisck.cc,73,tile_fused:trisc_kernel_base,1
10.625,10.647,9,active,13222245992729,13222245992751,slot0_x2_y3,0,2,3,TILE,THROUGHPUT_SECTION,/hdd/flapmax/tt-metal/tt_metal/hw/firmware/src/tt-1xx/trisck.cc,73,tile_fused:explicit_throughput,1
10.647,10.747,9,stall,13222245992751,13222245992851,slot0_x2_y3,0,2,3,TILE,TRISC-KERNEL,/hdd/flapmax/tt-metal/tt_metal/hw/firmware/src/tt-1xx/trisck.cc,73,tile_fused:trisc_kernel_base,1
10.747,10.766,9,active,13222245992851,13222245992870,slot0_x2_y3,0,2,3,TILE,THROUGHPUT_SECTION,/hdd/flapmax/tt-metal/tt_metal/hw/firmware/src/tt-1xx/trisck.cc,73,tile_fused:explicit_throughput,1
10.766,11.929,9,stall,13222245992870,13222245994033,slot0_x2_y3,0,2,3,TILE,TRISC-KERNEL,/hdd/flapmax/tt-metal/tt_metal/hw/firmware/src/tt-1xx/trisck.cc,73,tile_fused:trisc_kernel_base,1
11.929,11.983,9,active,13222245994033,13222245994087,slot0_x2_y3,0,2,3,TILE,THROUGHPUT_SECTION,/hdd/flapmax/tt-metal/tt_metal/hw/firmware/src/tt-1xx/trisck.cc,73,tile_fused:explicit_throughput,1
11.983,12.037,9,stall,13222245994087,13222245994141,slot0_x2_y3,0,2,3,TILE,TRISC-KERNEL,/hdd/flapmax/tt-metal/tt_metal/hw/firmware/src/tt-1xx/trisck.cc,73,tile_fused:trisc_kernel_base,1
12.037,12.059,9,active,13222245994141,13222245994163,slot0_x2_y3,0,2,3,TILE,THROUGHPUT_SECTION,/hdd/flapmax/tt-metal/tt_metal/hw/firmware/src/tt-1xx/trisck.cc,73,tile_fused:explicit_throughput,1
12.059,12.159,9,stall,13222245994163,13222245994263,slot0_x2_y3,0,2,3,TILE,TRISC-KERNEL,/hdd/flapmax/tt-metal/tt_metal/hw/firmware/src/tt-1xx/trisck.cc,73,tile_fused:trisc_kernel_base,1
12.159,12.178,9,active,13222245994263,13222245994282,slot0_x2_y3,0,2,3,TILE,THROUGHPUT_SECTION,/hdd/flapmax/tt-metal/tt_metal/hw/firmware/src/tt-1xx/trisck.cc,73,tile_fused:explicit_throughput,1
12.178,12.956,9,stall,13222245994282,13222245995060,slot0_x2_y3,0,2,3,TILE,TRISC-KERNEL,/hdd/flapmax/tt-metal/tt_metal/hw/firmware/src/tt-1xx/trisck.cc,73,tile_fused:trisc_kernel_base,1
12.956,13.003,9,active,13222245995060,13222245995107,slot0_x2_y3,0,2,3,TILE,THROUGHPUT_SECTION,/hdd/flapmax/tt-metal/tt_metal/hw/firmware/src/tt-1xx/trisck.cc,73,tile_fused:explicit_throughput,1
13.003,13.056,9,stall,13222245995107,13222245995160,slot0_x2_y3,0,2,3,TILE,TRISC-KERNEL,/hdd/flapmax/tt-metal/tt_metal/hw/firmware/src/tt-1xx/trisck.cc,73,tile_fused:trisc_kernel_base,1
13.056,13.077,9,active,13222245995160,13222245995181,slot0_x2_y3,0,2,3,TILE,THROUGHPUT_SECTION,/hdd/flapmax/tt-metal/tt_metal/hw/firmware/src/tt-1xx/trisck.cc,73,tile_fused:explicit_throughput,1
13.077,13.177,9,stall,13222245995181,13222245995281,slot0_x2_y3,0,2,3,TILE,TRISC-KERNEL,/hdd/flapmax/tt-metal/tt_metal/hw/firmware/src/tt-1xx/trisck.cc,73,tile_fused:trisc_kernel_base,1
13.177,13.199,9,active,13222245995281,13222245995303,slot0_x2_y3,0,2,3,TILE,THROUGHPUT_SECTION,/hdd/flapmax/tt-metal/tt_metal/hw/firmware/src/tt-1xx/trisck.cc,73,tile_fused:explicit_throughput,1
13.199,13.788,9,stall,13222245995303,13222245995892,slot0_x2_y3,0,2,3,TILE,TRISC-KERNEL,/hdd/flapmax/tt-metal/tt_metal/hw/firmware/src/tt-1xx/trisck.cc,73,tile_fused:trisc_kernel_base,1
13.788,13.842,9,active,13222245995892,13222245995946,slot0_x2_y3,0,2,3,TILE,THROUGHPUT_SECTION,/hdd/flapmax/tt-metal/tt_metal/hw/firmware/src/tt-1xx/trisck.cc,73,tile_fused:explicit_throughput,1
13.842,13.894,9,stall,13222245995946,13222245995998,slot0_x2_y3,0,2,3,TILE,TRISC-KERNEL,/hdd/flapmax/tt-metal/tt_metal/hw/firmware/src/tt-1xx/trisck.cc,73,tile_fused:trisc_kernel_base,1
13.894,13.917,9,active,13222245995998,13222245996021,slot0_x2_y3,0,2,3,TILE,THROUGHPUT_SECTION,/hdd/flapmax/tt-metal/tt_metal/hw/firmware/src/tt-1xx/trisck.cc,73,tile_fused:explicit_throughput,1
13.917,14.015,9,stall,13222245996021,13222245996119,slot0_x2_y3,0,2,3,TILE,TRISC-KERNEL,/hdd/flapmax/tt-metal/tt_metal/hw/firmware/src/tt-1xx/trisck.cc,73,tile_fused:trisc_kernel_base,1
14.015,14.034,9,active,13222245996119,13222245996138,slot0_x2_y3,0,2,3,TILE,THROUGHPUT_SECTION,/hdd/flapmax/tt-metal/tt_metal/hw/firmware/src/tt-1xx/trisck.cc,73,tile_fused:explicit_throughput,1
14.034,14.407,9,stall,13222245996138,13222245996511,slot0_x2_y3,0,2,3,TILE,TRISC-KERNEL,/hdd/flapmax/tt-metal/tt_metal/hw/firmware/src/tt-1xx/trisck.cc,73,tile_fused:trisc_kernel_base,1
14.407,14.454,9,active,13222245996511,13222245996558,slot0_x2_y3,0,2,3,TILE,THROUGHPUT_SECTION,/hdd/flapmax/tt-metal/tt_metal/hw/firmware/src/tt-1xx/trisck.cc,73,tile_fused:explicit_throughput,1
14.454,14.514,9,stall,13222245996558,13222245996618,slot0_x2_y3,0,2,3,TILE,TRISC-KERNEL,/hdd/flapmax/tt-metal/tt_metal/hw/firmware/src/tt-1xx/trisck.cc,73,tile_fused:trisc_kernel_base,1
14.514,14.536,9,active,13222245996618,13222245996640,slot0_x2_y3,0,2,3,TILE,THROUGHPUT_SECTION,/hdd/flapmax/tt-metal/tt_metal/hw/firmware/src/tt-1xx/trisck.cc,73,tile_fused:explicit_throughput,1
14.536,14.635,9,stall,13222245996640,13222245996739,slot0_x2_y3,0,2,3,TILE,TRISC-KERNEL,/hdd/flapmax/tt-metal/tt_metal/hw/firmware/src/tt-1xx/trisck.cc,73,tile_fused:trisc_kernel_base,1
14.635,14.654,9,active,13222245996739,13222245996758,slot0_x2_y3,0,2,3,TILE,THROUGHPUT_SECTION,/hdd/flapmax/tt-metal/tt_metal/hw/firmware/src/tt-1xx/trisck.cc,73,tile_fused:explicit_throughput,1
14.654,15.254,9,stall,13222245996758,13222245997358,slot0_x2_y3,0,2,3,TILE,TRISC-KERNEL,/hdd/flapmax/tt-metal/tt_metal/hw/firmware/src/tt-1xx/trisck.cc,73,tile_fused:trisc_kernel_base,1
15.254,15.308,9,active,13222245997358,13222245997412,slot0_x2_y3,0,2,3,TILE,THROUGHPUT_SECTION,/hdd/flapmax/tt-metal/tt_metal/hw/firmware/src/tt-1xx/trisck.cc,73,tile_fused:explicit_throughput,1
15.308,15.36,9,stall,13222245997412,13222245997464,slot0_x2_y3,0,2,3,TILE,TRISC-KERNEL,/hdd/flapmax/tt-metal/tt_metal/hw/firmware/src/tt-1xx/trisck.cc,73,tile_fused:trisc_kernel_base,1
15.36,15.382,9,active,13222245997464,13222245997486,slot0_x2_y3,0,2,3,TILE,THROUGHPUT_SECTION,/hdd/flapmax/tt-metal/tt_metal/hw/firmware/src/tt-1xx/trisck.cc,73,tile_fused:explicit_throughput,1
15.382,15.481,9,stall,13222245997486,13222245997585,slot0_x2_y3,0,2,3,TILE,TRISC-KERNEL,/hdd/flapmax/tt-metal/tt_metal/hw/firmware/src/tt-1xx/trisck.cc,73,tile_fused:trisc_kernel_base,1
15.481,15.501,9,active,13222245997585,13222245997605,slot0_x2_y3,0,2,3,TILE,THROUGHPUT_SECTION,/hdd/flapmax/tt-metal/tt_metal/hw/firmware/src/tt-1xx/trisck.cc,73,tile_fused:explicit_throughput,1
15.501,16.075,9,stall,13222245997605,13222245998179,slot0_x2_y3,0,2,3,TILE,TRISC-KERNEL,/hdd/flapmax/tt-metal/tt_metal/hw/firmware/src/tt-1xx/trisck.cc,73,tile_fused:trisc_kernel_base,1
16.075,16.122,9,active,13222245998179,13222245998226,slot0_x2_y3,0,2,3,TILE,THROUGHPUT_SECTION,/hdd/flapmax/tt-metal/tt_metal/hw/firmware/src/tt-1xx/trisck.cc,73,tile_fused:explicit_throughput,1
16.122,16.175,9,stall,13222245998226,13222245998279,slot0_x2_y3,0,2,3,TILE,TRISC-KERNEL,/hdd/flapmax/tt-metal/tt_metal/hw/firmware/src/tt-1xx/trisck.cc,73,tile_fused:trisc_kernel_base,1
16.175,16.196,9,active,13222245998279,13222245998300,slot0_x2_y3,0,2,3,TILE,THROUGHPUT_SECTION,/hdd/flapmax/tt-metal/tt_metal/hw/firmware/src/tt-1xx/trisck.cc,73,tile_fused:explicit_throughput,1
16.196,16.296,9,stall,13222245998300,13222245998400,slot0_x2_y3,0,2,3,TILE,TRISC-KERNEL,/hdd/flapmax/tt-metal/tt_metal/hw/firmware/src/tt-1xx/trisck.cc,73,tile_fused:trisc_kernel_base,1
16.296,16.318,9,active,13222245998400,13222245998422,slot0_x2_y3,0,2,3,TILE,THROUGHPUT_SECTION,/hdd/flapmax/tt-metal/tt_metal/hw/firmware/src/tt-1xx/trisck.cc,73,tile_fused:explicit_throughput,1
16.318,16.626,9,stall,13222245998422,13222245998730,slot0_x2_y3,0,2,3,TILE,TRISC-KERNEL,/hdd/flapmax/tt-metal/tt_metal/hw/firmware/src/tt-1xx/trisck.cc,73,tile_fused:trisc_kernel_base,1
16.626,16.68,9,active,13222245998730,13222245998784,slot0_x2_y3,0,2,3,TILE,THROUGHPUT_SECTION,/hdd/flapmax/tt-metal/tt_metal/hw/firmware/src/tt-1xx/trisck.cc,73,tile_fused:explicit_throughput,1
16.68,16.733,9,stall,13222245998784,13222245998837,slot0_x2_y3,0,2,3,TILE,TRISC-KERNEL,/hdd/flapmax/tt-metal/tt_metal/hw/firmware/src/tt-1xx/trisck.cc,73,tile_fused:trisc_kernel_base,1
16.733,16.754,9,active,13222245998837,13222245998858,slot0_x2_y3,0,2,3,TILE,THROUGHPUT_SECTION,/hdd/flapmax/tt-metal/tt_metal/hw/firmware/src/tt-1xx/trisck.cc,73,tile_fused:explicit_throughput,1
16.754,16.854,9,stall,13222245998858,13222245998958,slot0_x2_y3,0,2,3,TILE,TRISC-KERNEL,/hdd/flapmax/tt-metal/tt_metal/hw/firmware/src/tt-1xx/trisck.cc,73,tile_fused:trisc_kernel_base,1
16.854,16.873,9,active,13222245998958,13222245998977,slot0_x2_y3,0,2,3,TILE,THROUGHPUT_SECTION,/hdd/flapmax/tt-metal/tt_metal/hw/firmware/src/tt-1xx/trisck.cc,73,tile_fused:explicit_throughput,1
16.873,17.423,9,stall,13222245998977,13222245999527,slot0_x2_y3,0,2,3,TILE,TRISC-KERNEL,/hdd/flapmax/tt-metal/tt_metal/hw/firmware/src/tt-1xx/trisck.cc,73,tile_fused:trisc_kernel_base,1
17.423,17.47,9,active,13222245999527,13222245999574,slot0_x2_y3,0,2,3,TILE,THROUGHPUT_SECTION,/hdd/flapmax/tt-metal/tt_metal/hw/firmware/src/tt-1xx/trisck.cc,73,tile_fused:explicit_throughput,1
17.47,18.235,9,stall,13222245999574,13222246000339,slot0_x2_y3,0,2,3,TILE,TRISC-KERNEL,/hdd/flapmax/tt-metal/tt_metal/hw/firmware/src/tt-1xx/trisck.cc,73,tile_fused:trisc_kernel_base,1
18.235,18.289,9,active,13222246000339,13222246000393,slot0_x2_y3,0,2,3,TILE,THROUGHPUT_SECTION,/hdd/flapmax/tt-metal/tt_metal/hw/firmware/src/tt-1xx/trisck.cc,73,tile_fused:explicit_throughput,1
18.289,19.027,9,stall,13222246000393,13222246001131,slot0_x2_y3,0,2,3,TILE,TRISC-KERNEL,/hdd/flapmax/tt-metal/tt_metal/hw/firmware/src/tt-1xx/trisck.cc,73,tile_fused:trisc_kernel_base,1
0.014,0.193,10,stall,13222245982118,13222245982297,slot0_x2_y4,0,2,4,TILE,TRISC-KERNEL,/hdd/flapmax/tt-metal/tt_metal/hw/firmware/src/tt-1xx/trisck.cc,73,tile_fused:trisc_kernel_base,1
0.193,0.214,10,active,13222245982297,13222245982318,slot0_x2_y4,0,2,4,TILE,THROUGHPUT_SECTION,/hdd/flapmax/tt-metal/tt_metal/hw/firmware/src/tt-1xx/trisck.cc,73,tile_fused:explicit_throughput,1
0.214,0.252,10,stall,13222245982318,13222245982356,slot0_x2_y4,0,2,4,TILE,TRISC-KERNEL,/hdd/flapmax/tt-metal/tt_metal/hw/firmware/src/tt-1xx/trisck.cc,73,tile_fused:trisc_kernel_base,1
0.252,0.273,10,active,13222245982356,13222245982377,slot0_x2_y4,0,2,4,TILE,THROUGHPUT_SECTION,/hdd/flapmax/tt-metal/tt_metal/hw/firmware/src/tt-1xx/trisck.cc,73,tile_fused:explicit_throughput,1
0.273,0.442,10,stall,13222245982377,13222245982546,slot0_x2_y4,0,2,4,TILE,TRISC-KERNEL,/hdd/flapmax/tt-metal/tt_metal/hw/firmware/src/tt-1xx/trisck.cc,73,tile_fused:trisc_kernel_base,1
0.442,0.461,10,active,13222245982546,13222245982565,slot0_x2_y4,0,2,4,TILE,THROUGHPUT_SECTION,/hdd/flapmax/tt-metal/tt_metal/hw/firmware/src/tt-1xx/trisck.cc,73,tile_fused:explicit_throughput,1
0.461,0.572,10,stall,13222245982565,13222245982676,slot0_x2_y4,0,2,4,TILE,TRISC-KERNEL,/hdd/flapmax/tt-metal/tt_metal/hw/firmware/src/tt-1xx/trisck.cc,73,tile_fused:trisc_kernel_base,1
0.572,0.591,10,active,13222245982676,13222245982695,slot0_x2_y4,0,2,4,TILE,THROUGHPUT_SECTION,/hdd/flapmax/tt-metal/tt_metal/hw/firmware/src/tt-1xx/trisck.cc,73,tile_fused:explicit_throughput,1
0.591,1.184,10,stall,13222245982695,13222245983288,slot0_x2_y4,0,2,4,TILE,TRISC-KERNEL,/hdd/flapmax/tt-metal/tt_metal/hw/firmware/src/tt-1xx/trisck.cc,73,tile_fused:trisc_kernel_base,1
1.184,1.23,10,active,13222245983288,13222245983334,slot0_x2_y4,0,2,4,TILE,THROUGHPUT_SECTION,/hdd/flapmax/tt-metal/tt_metal/hw/firmware/src/tt-1xx/trisck.cc,73,tile_fused:explicit_throughput,1
1.23,1.284,10,stall,13222245983334,13222245983388,slot0_x2_y4,0,2,4,TILE,TRISC-KERNEL,/hdd/flapmax/tt-metal/tt_metal/hw/firmware/src/tt-1xx/trisck.cc,73,tile_fused:trisc_kernel_base,1
1.284,1.306,10,active,13222245983388,13222245983410,slot0_x2_y4,0,2,4,TILE,THROUGHPUT_SECTION,/hdd/flapmax/tt-metal/tt_metal/hw/firmware/src/tt-1xx/trisck.cc,73,tile_fused:explicit_throughput,1
1.306,1.406,10,stall,13222245983410,13222245983510,slot0_x2_y4,0,2,4,TILE,TRISC-KERNEL,/hdd/flapmax/tt-metal/tt_metal/hw/firmware/src/tt-1xx/trisck.cc,73,tile_fused:trisc_kernel_base,1
1.406,1.425,10,active,13222245983510,13222245983529,slot0_x2_y4,0,2,4,TILE,THROUGHPUT_SECTION,/hdd/flapmax/tt-metal/tt_metal/hw/firmware/src/tt-1xx/trisck.cc,73,tile_fused:explicit_throughput,1
1.425,8.996,10,stall,13222245983529,13222245991100,slot0_x2_y4,0,2,4,TILE,TRISC-KERNEL,/hdd/flapmax/tt-metal/tt_metal/hw/firmware/src/tt-1xx/trisck.cc,73,tile_fused:trisc_kernel_base,1
8.996,9.056,10,active,13222245991100,13222245991160,slot0_x2_y4,0,2,4,TILE,THROUGHPUT_SECTION,/hdd/flapmax/tt-metal/tt_metal/hw/firmware/src/tt-1xx/trisck.cc,73,tile_fused:explicit_throughput,1
9.056,9.11,10,stall,13222245991160,13222245991214,slot0_x2_y4,0,2,4,TILE,TRISC-KERNEL,/hdd/flapmax/tt-metal/tt_metal/hw/firmware/src/tt-1xx/trisck.cc,73,tile_fused:trisc_kernel_base,1
9.11,9.131,10,active,13222245991214,13222245991235,slot0_x2_y4,0,2,4,TILE,THROUGHPUT_SECTION,/hdd/flapmax/tt-metal/tt_metal/hw/firmware/src/tt-1xx/trisck.cc,73,tile_fused:explicit_throughput,1
9.131,9.231,10,stall,13222245991235,13222245991335,slot0_x2_y4,0,2,4,TILE,TRISC-KERNEL,/hdd/flapmax/tt-metal/tt_metal/hw/firmware/src/tt-1xx/trisck.cc,73,tile_fused:trisc_kernel_base,1
9.231,9.251,10,active,13222245991335,13222245991355,slot0_x2_y4,0,2,4,TILE,THROUGHPUT_SECTION,/hdd/flapmax/tt-metal/tt_metal/hw/firmware/src/tt-1xx/trisck.cc,73,tile_fused:explicit_throughput,1
9.251,17.366,10,stall,13222245991355,13222245999470,slot0_x2_y4,0,2,4,TILE,TRISC-KERNEL,/hdd/flapmax/tt-metal/tt_metal/hw/firmware/src/tt-1xx/trisck.cc,73,tile_fused:trisc_kernel_base,1
17.366,17.413,10,active,13222245999470,13222245999517,slot0_x2_y4,0,2,4,TILE,THROUGHPUT_SECTION,/hdd/flapmax/tt-metal/tt_metal/hw/firmware/src/tt-1xx/trisck.cc,73,tile_fused:explicit_throughput,1
17.413,17.475,10,stall,13222245999517,13222245999579,slot0_x2_y4,0,2,4,TILE,TRISC-KERNEL,/hdd/flapmax/tt-metal/tt_metal/hw/firmware/src/tt-1xx/trisck.cc,73,tile_fused:trisc_kernel_base,1
17.475,17.498,10,active,13222245999579,13222245999602,slot0_x2_y4,0,2,4,TILE,THROUGHPUT_SECTION,/hdd/flapmax/tt-metal/tt_metal/hw/firmware/src/tt-1xx/trisck.cc,73,tile_fused:explicit_throughput,1
17.498,17.595,10,stall,13222245999602,13222245999699,slot0_x2_y4,0,2,4,TILE,TRISC-KERNEL,/hdd/flapmax/tt-metal/tt_metal/hw/firmware/src/tt-1xx/trisck.cc,73,tile_fused:trisc_kernel_base,1
17.595,17.615,10,active,13222245999699,13222245999719,slot0_x2_y4,0,2,4,TILE,THROUGHPUT_SECTION,/hdd/flapmax/tt-metal/tt_metal/hw/firmware/src/tt-1xx/trisck.cc,73,tile_fused:explicit_throughput,1
17.615,18.198,10,stall,13222245999719,13222246000302,slot0_x2_y4,0,2,4,TILE,TRISC-KERNEL,/hdd/flapmax/tt-metal/tt_metal/hw/firmware/src/tt-1xx/trisck.cc,73,tile_fused:trisc_kernel_base,1
18.198,18.252,10,active,13222246000302,13222246000356,slot0_x2_y4,0,2,4,TILE,THROUGHPUT_SECTION,/hdd/flapmax/tt-metal/tt_metal/hw/firmware/src/tt-1xx/trisck.cc,73,tile_fused:explicit_throughput,1
18.252,18.306,10,stall,13222246000356,13222246000410,slot0_x2_y4,0,2,4,TILE,TRISC-KERNEL,/hdd/flapmax/tt-metal/tt_metal/hw/firmware/src/tt-1xx/trisck.cc,73,tile_fused:trisc_kernel_base,1
18.306,18.328,10,active,13222246000410,13222246000432,slot0_x2_y4,0,2,4,TILE,THROUGHPUT_SECTION,/hdd/flapmax/tt-metal/tt_metal/hw/firmware/src/tt-1xx/trisck.cc,73,tile_fused:explicit_throughput,1
18.328,18.428,10,stall,13222246000432,13222246000532,slot0_x2_y4,0,2,4,TILE,TRISC-KERNEL,/hdd/flapmax/tt-metal/tt_metal/hw/firmware/src/tt-1xx/trisck.cc,73,tile_fused:trisc_kernel_base,1
18.428,18.447,10,active,13222246000532,13222246000551,slot0_x2_y4,0,2,4,TILE,THROUGHPUT_SECTION,/hdd/flapmax/tt-metal/tt_metal/hw/firmware/src/tt-1xx/trisck.cc,73,tile_fused:explicit_throughput,1
18.447,18.869,10,stall,13222246000551,13222246000973,slot0_x2_y4,0,2,4,TILE,TRISC-KERNEL,/hdd/flapmax/tt-metal/tt_metal/hw/firmware/src/tt-1xx/trisck.cc,73,tile_fused:trisc_kernel_base,1
18.869,18.916,10,active,13222246000973,13222246001020,slot0_x2_y4,0,2,4,TILE,THROUGHPUT_SECTION,/hdd/flapmax/tt-metal/tt_metal/hw/firmware/src/tt-1xx/trisck.cc,73,tile_fused:explicit_throughput,1
18.916,18.969,10,stall,13222246001020,13222246001073,slot0_x2_y4,0,2,4,TILE,TRISC-KERNEL,/hdd/flapmax/tt-metal/tt_metal/hw/firmware/src/tt-1xx/trisck.cc,73,tile_fused:trisc_kernel_base,1
18.969,18.991,10,active,13222246001073,13222246001095,slot0_x2_y4,0,2,4,TILE,THROUGHPUT_SECTION,/hdd/flapmax/tt-metal/tt_metal/hw/firmware/src/tt-1xx/trisck.cc,73,tile_fused:explicit_throughput,1
18.991,19.091,10,stall,13222246001095,13222246001195,slot0_x2_y4,0,2,4,TILE,TRISC-KERNEL,/hdd/flapmax/tt-metal/tt_metal/hw/firmware/src/tt-1xx/trisck.cc,73,tile_fused:trisc_kernel_base,1
19.091,19.111,10,active,13222246001195,13222246001215,slot0_x2_y4,0,2,4,TILE,THROUGHPUT_SECTION,/hdd/flapmax/tt-metal/tt_metal/hw/firmware/src/tt-1xx/trisck.cc,73,tile_fused:explicit_throughput,1
19.111,19.548,10,stall,13222246001215,13222246001652,slot0_x2_y4,0,2,4,TILE,TRISC-KERNEL,/hdd/flapmax/tt-metal/tt_metal/hw/firmware/src/tt-1xx/trisck.cc,73,tile_fused:trisc_kernel_base,1
19.548,19.602,10,active,13222246001652,13222246001706,slot0_x2_y4,0,2,4,TILE,THROUGHPUT_SECTION,/hdd/flapmax/tt-metal/tt_metal/hw/firmware/src/tt-1xx/trisck.cc,73,tile_fused:explicit_throughput,1
19.602,19.654,10,stall,13222246001706,13222246001758,slot0_x2_y4,0,2,4,TILE,TRISC-KERNEL,/hdd/flapmax/tt-metal/tt_metal/hw/firmware/src/tt-1xx/trisck.cc,73,tile_fused:trisc_kernel_base,1
19.654,19.677,10,active,13222246001758,13222246001781,slot0_x2_y4,0,2,4,TILE,THROUGHPUT_SECTION,/hdd/flapmax/tt-metal/tt_metal/hw/firmware/src/tt-1xx/trisck.cc,73,tile_fused:explicit_throughput,1
19.677,19.775,10,stall,13222246001781,13222246001879,slot0_x2_y4,0,2,4,TILE,TRISC-KERNEL,/hdd/flapmax/tt-metal/tt_metal/hw/firmware/src/tt-1xx/trisck.cc,73,tile_fused:trisc_kernel_base,1
19.775,19.795,10,active,13222246001879,13222246001899,slot0_x2_y4,0,2,4,TILE,THROUGHPUT_SECTION,/hdd/flapmax/tt-metal/tt_metal/hw/firmware/src/tt-1xx/trisck.cc,73,tile_fused:explicit_throughput,1
19.795,20.608,10,stall,13222246001899,13222246002712,slot0_x2_y4,0,2,4,TILE,TRISC-KERNEL,/hdd/flapmax/tt-metal/tt_metal/hw/firmware/src/tt-1xx/trisck.cc,73,tile_fused:trisc_kernel_base,1
20.608,20.655,10,active,13222246002712,13222246002759,slot0_x2_y4,0,2,4,TILE,THROUGHPUT_SECTION,/hdd/flapmax/tt-metal/tt_metal/hw/firmware/src/tt-1xx/trisck.cc,73,tile_fused:explicit_throughput,1
20.655,20.715,10,stall,13222246002759,13222246002819,slot0_x2_y4,0,2,4,TILE,TRISC-KERNEL,/hdd/flapmax/tt-metal/tt_metal/hw/firmware/src/tt-1xx/trisck.cc,73,tile_fused:trisc_kernel_base,1
20.715,20.737,10,active,13222246002819,13222246002841,slot0_x2_y4,0,2,4,TILE,THROUGHPUT_SECTION,/hdd/flapmax/tt-metal/tt_metal/hw/firmware/src/tt-1xx/trisck.cc,73,tile_fused:explicit_throughput,1
20.737,20.835,10,stall,13222246002841,13222246002939,slot0_x2_y4,0,2,4,TILE,TRISC-KERNEL,/hdd/flapmax/tt-metal/tt_metal/hw/firmware/src/tt-1xx/trisck.cc,73,tile_fused:trisc_kernel_base,1
20.835,20.854,10,active,13222246002939,13222246002958,slot0_x2_y4,0,2,4,TILE,THROUGHPUT_SECTION,/hdd/flapmax/tt-metal/tt_metal/hw/firmware/src/tt-1xx/trisck.cc,73,tile_fused:explicit_throughput,1
20.854,21.361,10,stall,13222246002958,13222246003465,slot0_x2_y4,0,2,4,TILE,TRISC-KERNEL,/hdd/flapmax/tt-metal/tt_metal/hw/firmware/src/tt-1xx/trisck.cc,73,tile_fused:trisc_kernel_base,1
21.361,21.415,10,active,13222246003465,13222246003519,slot0_x2_y4,0,2,4,TILE,THROUGHPUT_SECTION,/hdd/flapmax/tt-metal/tt_metal/hw/firmware/src/tt-1xx/trisck.cc,73,tile_fused:explicit_throughput,1
21.415,21.467,10,stall,13222246003519,13222246003571,slot0_x2_y4,0,2,4,TILE,TRISC-KERNEL,/hdd/flapmax/tt-metal/tt_metal/hw/firmware/src/tt-1xx/trisck.cc,73,tile_fused:trisc_kernel_base,1
21.467,21.488,10,active,13222246003571,13222246003592,slot0_x2_y4,0,2,4,TILE,THROUGHPUT_SECTION,/hdd/flapmax/tt-metal/tt_metal/hw/firmware/src/tt-1xx/trisck.cc,73,tile_fused:explicit_throughput,1
21.488,21.588,10,stall,13222246003592,13222246003692,slot0_x2_y4,0,2,4,TILE,TRISC-KERNEL,/hdd/flapmax/tt-metal/tt_metal/hw/firmware/src/tt-1xx/trisck.cc,73,tile_fused:trisc_kernel_base,1
21.588,21.608,10,active,13222246003692,13222246003712,slot0_x2_y4,0,2,4,TILE,THROUGHPUT_SECTION,/hdd/flapmax/tt-metal/tt_metal/hw/firmware/src/tt-1xx/trisck.cc,73,tile_fused:explicit_throughput,1
21.608,22.335,10,stall,13222246003712,13222246004439,slot0_x2_y4,0,2,4,TILE,TRISC-KERNEL,/hdd/flapmax/tt-metal/tt_metal/hw/firmware/src/tt-1xx/trisck.cc,73,tile_fused:trisc_kernel_base,1
22.335,22.382,10,active,13222246004439,13222246004486,slot0_x2_y4,0,2,4,TILE,THROUGHPUT_SECTION,/hdd/flapmax/tt-metal/tt_metal/hw/firmware/src/tt-1xx/trisck.cc,73,tile_fused:explicit_throughput,1
22.382,22.435,10,stall,13222246004486,13222246004539,slot0_x2_y4,0,2,4,TILE,TRISC-KERNEL,/hdd/flapmax/tt-metal/tt_metal/hw/firmware/src/tt-1xx/trisck.cc,73,tile_fused:trisc_kernel_base,1
22.435,22.456,10,active,13222246004539,13222246004560,slot0_x2_y4,0,2,4,TILE,THROUGHPUT_SECTION,/hdd/flapmax/tt-metal/tt_metal/hw/firmware/src/tt-1xx/trisck.cc,73,tile_fused:explicit_throughput,1
22.456,22.556,10,stall,13222246004560,13222246004660,slot0_x2_y4,0,2,4,TILE,TRISC-KERNEL,/hdd/flapmax/tt-metal/tt_metal/hw/firmware/src/tt-1xx/trisck.cc,73,tile_fused:trisc_kernel_base,1
22.556,22.578,10,active,13222246004660,13222246004682,slot0_x2_y4,0,2,4,TILE,THROUGHPUT_SECTION,/hdd/flapmax/tt-metal/tt_metal/hw/firmware/src/tt-1xx/trisck.cc,73,tile_fused:explicit_throughput,1
22.578,22.956,10,stall,13222246004682,13222246005060,slot0_x2_y4,0,2,4,TILE,TRISC-KERNEL,/hdd/flapmax/tt-metal/tt_metal/hw/firmware/src/tt-1xx/trisck.cc,73,tile_fused:trisc_kernel_base,1
22.956,23.011,10,active,13222246005060,13222246005115,slot0_x2_y4,0,2,4,TILE,THROUGHPUT_SECTION,/hdd/flapmax/tt-metal/tt_metal/hw/firmware/src/tt-1xx/trisck.cc,73,tile_fused:explicit_throughput,1
23.011,23.876,10,stall,13222246005115,13222246005980,slot0_x2_y4,0,2,4,TILE,TRISC-KERNEL,/hdd/flapmax/tt-metal/tt_metal/hw/firmware/src/tt-1xx/trisck.cc,73,tile_fused:trisc_kernel_base,1
23.876,23.923,10,active,13222246005980,13222246006027,slot0_x2_y4,0,2,4,TILE,THROUGHPUT_SECTION,/hdd/flapmax/tt-metal/tt_metal/hw/firmware/src/tt-1xx/trisck.cc,73,tile_fused:explicit_throughput,1
23.923,24.659,10,stall,13222246006027,13222246006763,slot0_x2_y4,0,2,4,TILE,TRISC-KERNEL,/hdd/flapmax/tt-metal/tt_metal/hw/firmware/src/tt-1xx/trisck.cc,73,tile_fused:trisc_kernel_base,1
0.039,0.219,11,stall,13222245982143,13222245982323,slot0_x2_y5,0,2,5,TILE,TRISC-KERNEL,/hdd/flapmax/tt-metal/tt_metal/hw/firmware/src/tt-1xx/trisck.cc,73,tile_fused:trisc_kernel_base,1
0.219,0.241,11,active,13222245982323,13222245982345,slot0_x2_y5,0,2,5,TILE,THROUGHPUT_SECTION,/hdd/flapmax/tt-metal/tt_metal/hw/firmware/src/tt-1xx/trisck.cc,73,tile_fused:explicit_throughput,1
0.241,0.275,11,stall,13222245982345,13222245982379,slot0_x2_y5,0,2,5,TILE,TRISC-KERNEL,/hdd/flapmax/tt-metal/tt_metal/hw/firmware/src/tt-1xx/trisck.cc,73,tile_fused:trisc_kernel_base,1
0.275,0.296,11,active,13222245982379,13222245982400,slot0_x2_y5,0,2,5,TILE,THROUGHPUT_SECTION,/hdd/flapmax/tt-metal/tt_metal/hw/firmware/src/tt-1xx/trisck.cc,73,tile_fused:explicit_throughput,1
0.296,0.491,11,stall,13222245982400,13222245982595,slot0_x2_y5,0,2,5,TILE,TRISC-KERNEL,/hdd/flapmax/tt-metal/tt_metal/hw/firmware/src/tt-1xx/trisck.cc,73,tile_fused:trisc_kernel_base,1
0.491,0.51,11,active,13222245982595,13222245982614,slot0_x2_y5,0,2,5,TILE,THROUGHPUT_SECTION,/hdd/flapmax/tt-metal/tt_metal/hw/firmware/src/tt-1xx/trisck.cc,73,tile_fused:explicit_throughput,1
0.51,0.622,11,stall,13222245982614,13222245982726,slot0_x2_y5,0,2,5,TILE,TRISC-KERNEL,/hdd/flapmax/tt-metal/tt_metal/hw/firmware/src/tt-1xx/trisck.cc,73,tile_fused:trisc_kernel_base,1
0.622,0.641,11,active,13222245982726,13222245982745,slot0_x2_y5,0,2,5,TILE,THROUGHPUT_SECTION,/hdd/flapmax/tt-metal/tt_metal/hw/firmware/src/tt-1xx/trisck.cc,73,tile_fused:explicit_throughput,1
0.641,1.402,11,stall,13222245982745,13222245983506,slot0_x2_y5,0,2,5,TILE,TRISC-KERNEL,/hdd/flapmax/tt-metal/tt_metal/hw/firmware/src/tt-1xx/trisck.cc,73,tile_fused:trisc_kernel_base,1
1.402,1.448,11,active,13222245983506,13222245983552,slot0_x2_y5,0,2,5,TILE,THROUGHPUT_SECTION,/hdd/flapmax/tt-metal/tt_metal/hw/firmware/src/tt-1xx/trisck.cc,73,tile_fused:explicit_throughput,1
1.448,1.502,11,stall,13222245983552,13222245983606,slot0_x2_y5,0,2,5,TILE,TRISC-KERNEL,/hdd/flapmax/tt-metal/tt_metal/hw/firmware/src/tt-1xx/trisck.cc,73,tile_fused:trisc_kernel_base,1
1.502,1.526,11,active,13222245983606,13222245983630,slot0_x2_y5,0,2,5,TILE,THROUGHPUT_SECTION,/hdd/flapmax/tt-metal/tt_metal/hw/firmware/src/tt-1xx/trisck.cc,73,tile_fused:explicit_throughput,1
1.526,1.624,11,stall,13222245983630,13222245983728,slot0_x2_y5,0,2,5,TILE,TRISC-KERNEL,/hdd/flapmax/tt-metal/tt_metal/hw/firmware/src/tt-1xx/trisck.cc,73,tile_fused:trisc_kernel_base,1
1.624,1.643,11,active,13222245983728,13222245983747,slot0_x2_y5,0,2,5,TILE,THROUGHPUT_SECTION,/hdd/flapmax/tt-metal/tt_metal/hw/firmware/src/tt-1xx/trisck.cc,73,tile_fused:explicit_throughput,1
1.643,2.036,11,stall,13222245983747,13222245984140,slot0_x2_y5,0,2,5,TILE,TRISC-KERNEL,/hdd/flapmax/tt-metal/tt_metal/hw/firmware/src/tt-1xx/trisck.cc,73,tile_fused:trisc_kernel_base,1
2.036,2.095,11,active,13222245984140,13222245984199,slot0_x2_y5,0,2,5,TILE,THROUGHPUT_SECTION,/hdd/flapmax/tt-metal/tt_metal/hw/firmware/src/tt-1xx/trisck.cc,73,tile_fused:explicit_throughput,1
2.095,2.149,11,stall,13222245984199,13222245984253,slot0_x2_y5,0,2,5,TILE,TRISC-KERNEL,/hdd/flapmax/tt-metal/tt_metal/hw/firmware/src/tt-1xx/trisck.cc,73,tile_fused:trisc_kernel_base,1
2.149,2.17,11,active,13222245984253,13222245984274,slot0_x2_y5,0,2,5,TILE,THROUGHPUT_SECTION,/hdd/flapmax/tt-metal/tt_metal/hw/firmware/src/tt-1xx/trisck.cc,73,tile_fused:explicit_throughput,1
2.17,2.27,11,stall,13222245984274,13222245984374,slot0_x2_y5,0,2,5,TILE,TRISC-KERNEL,/hdd/flapmax/tt-metal/tt_metal/hw/firmware/src/tt-1xx/trisck.cc,73,tile_fused:trisc_kernel_base,1
2.27,2.29,11,active,13222245984374,13222245984394,slot0_x2_y5,0,2,5,TILE,THROUGHPUT_SECTION,/hdd/flapmax/tt-metal/tt_metal/hw/firmware/src/tt-1xx/trisck.cc,73,tile_fused:explicit_throughput,1
2.29,2.809,11,stall,13222245984394,13222245984913,slot0_x2_y5,0,2,5,TILE,TRISC-KERNEL,/hdd/flapmax/tt-metal/tt_metal/hw/firmware/src/tt-1xx/trisck.cc,73,tile_fused:trisc_kernel_base,1
2.809,2.856,11,active,13222245984913,13222245984960,slot0_x2_y5,0,2,5,TILE,THROUGHPUT_SECTION,/hdd/flapmax/tt-metal/tt_metal/hw/firmware/src/tt-1xx/trisck.cc,73,tile_fused:explicit_throughput,1
2.856,2.918,11,stall,13222245984960,13222245985022,slot0_x2_y5,0,2,5,TILE,TRISC-KERNEL,/hdd/flapmax/tt-metal/tt_metal/hw/firmware/src/tt-1xx/trisck.cc,73,tile_fused:trisc_kernel_base,1
2.918,2.941,11,active,13222245985022,13222245985045,slot0_x2_y5,0,2,5,TILE,THROUGHPUT_SECTION,/hdd/flapmax/tt-metal/tt_metal/hw/firmware/src/tt-1xx/trisck.cc,73,tile_fused:explicit_throughput,1
2.941,3.038,11,stall,13222245985045,13222245985142,slot0_x2_y5,0,2,5,TILE,TRISC-KERNEL,/hdd/flapmax/tt-metal/tt_metal/hw/firmware/src/tt-1xx/trisck.cc,73,tile_fused:trisc_kernel_base,1
3.038,3.058,11,active,13222245985142,13222245985162,slot0_x2_y5,0,2,5,TILE,THROUGHPUT_SECTION,/hdd/flapmax/tt-metal/tt_metal/hw/firmware/src/tt-1xx/trisck.cc,73,tile_fused:explicit_throughput,1
3.058,3.771,11,stall,13222245985162,13222245985875,slot0_x2_y5,0,2,5,TILE,TRISC-KERNEL,/hdd/flapmax/tt-metal/tt_metal/hw/firmware/src/tt-1xx/trisck.cc,73,tile_fused:trisc_kernel_base,1
3.771,3.825,11,active,13222245985875,13222245985929,slot0_x2_y5,0,2,5,TILE,THROUGHPUT_SECTION,/hdd/flapmax/tt-metal/tt_metal/hw/firmware/src/tt-1xx/trisck.cc,73,tile_fused:explicit_throughput,1
3.825,3.879,11,stall,13222245985929,13222245985983,slot0_x2_y5,0,2,5,TILE,TRISC-KERNEL,/hdd/flapmax/tt-metal/tt_metal/hw/firmware/src/tt-1xx/trisck.cc,73,tile_fused:trisc_kernel_base,1
3.879,3.902,11,active,13222245985983,13222245986006,slot0_x2_y5,0,2,5,TILE,THROUGHPUT_SECTION,/hdd/flapmax/tt-metal/tt_metal/hw/firmware/src/tt-1xx/trisck.cc,73,tile_fused:explicit_throughput,1
3.902,4.0,11,stall,13222245986006,13222245986104,slot0_x2_y5,0,2,5,TILE,TRISC-KERNEL,/hdd/flapmax/tt-metal/tt_metal/hw/firmware/src/tt-1xx/trisck.cc,73,tile_fused:trisc_kernel_base,1
4.0,4.019,11,active,13222245986104,13222245986123,slot0_x2_y5,0,2,5,TILE,THROUGHPUT_SECTION,/hdd/flapmax/tt-metal/tt_metal/hw/firmware/src/tt-1xx/trisck.cc,73,tile_fused:explicit_throughput,1
4.019,4.816,11,stall,13222245986123,13222245986920,slot0_x2_y5,0,2,5,TILE,TRISC-KERNEL,/hdd/flapmax/tt-metal/tt_metal/hw/firmware/src/tt-1xx/trisck.cc,73,tile_fused:trisc_kernel_base,1
4.816,4.863,11,active,13222245986920,13222245986967,slot0_x2_y5,0,2,5,TILE,THROUGHPUT_SECTION,/hdd/flapmax/tt-metal/tt_metal/hw/firmware/src/tt-1xx/trisck.cc,73,tile_fused:explicit_throughput,1
4.863,4.916,11,stall,13222245986967,13222245987020,slot0_x2_y5,0,2,5,TILE,TRISC-KERNEL,/hdd/flapmax/tt-metal/tt_metal/hw/firmware/src/tt-1xx/trisck.cc,73,tile_fused:trisc_kernel_base,1
4.916,4.937,11,active,13222245987020,13222245987041,slot0_x2_y5,0,2,5,TILE,THROUGHPUT_SECTION,/hdd/flapmax/tt-metal/tt_metal/hw/firmware/src/tt-1xx/trisck.cc,73,tile_fused:explicit_throughput,1
4.937,5.037,11,stall,13222245987041,13222245987141,slot0_x2_y5,0,2,5,TILE,TRISC-KERNEL,/hdd/flapmax/tt-metal/tt_metal/hw/firmware/src/tt-1xx/trisck.cc,73,tile_fused:trisc_kernel_base,1
5.037,5.057,11,active,13222245987141,13222245987161,slot0_x2_y5,0,2,5,TILE,THROUGHPUT_SECTION,/hdd/flapmax/tt-metal/tt_metal/hw/firmware/src/tt-1xx/trisck.cc,73,tile_fused:explicit_throughput,1
5.057,5.865,11,stall,13222245987161,13222245987969,slot0_x2_y5,0,2,5,TILE,TRISC-KERNEL,/hdd/flapmax/tt-metal/tt_metal/hw/firmware/src/tt-1xx/trisck.cc,73,tile_fused:trisc_kernel_base,1
5.865,5.917,11,active,13222245987969,13222245988021,slot0_x2_y5,0,2,5,TILE,THROUGHPUT_SECTION,/hdd/flapmax/tt-metal/tt_metal/hw/firmware/src/tt-1xx/trisck.cc,73,tile_fused:explicit_throughput,1
5.917,5.972,11,stall,13222245988021,13222245988076,slot0_x2_y5,0,2,5,TILE,TRISC-KERNEL,/hdd/flapmax/tt-metal/tt_metal/hw/firmware/src/tt-1xx/trisck.cc,73,tile_fused:trisc_kernel_base,1
5.972,5.993,11,active,13222245988076,13222245988097,slot0_x2_y5,0,2,5,TILE,THROUGHPUT_SECTION,/hdd/flapmax/tt-metal/tt_metal/hw/firmware/src/tt-1xx/trisck.cc,73,tile_fused:explicit_throughput,1
5.993,6.093,11,stall,13222245988097,13222245988197,slot0_x2_y5,0,2,5,TILE,TRISC-KERNEL,/hdd/flapmax/tt-metal/tt_metal/hw/firmware/src/tt-1xx/trisck.cc,73,tile_fused:trisc_kernel_base,1
6.093,6.114,11,active,13222245988197,13222245988218,slot0_x2_y5,0,2,5,TILE,THROUGHPUT_SECTION,/hdd/flapmax/tt-metal/tt_metal/hw/firmware/src/tt-1xx/trisck.cc,73,tile_fused:explicit_throughput,1
6.114,6.702,11,stall,13222245988218,13222245988806,slot0_x2_y5,0,2,5,TILE,TRISC-KERNEL,/hdd/flapmax/tt-metal/tt_metal/hw/firmware/src/tt-1xx/trisck.cc,73,tile_fused:trisc_kernel_base,1
6.702,6.749,11,active,13222245988806,13222245988853,slot0_x2_y5,0,2,5,TILE,THROUGHPUT_SECTION,/hdd/flapmax/tt-metal/tt_metal/hw/firmware/src/tt-1xx/trisck.cc,73,tile_fused:explicit_throughput,1
6.749,6.809,11,stall,13222245988853,13222245988913,slot0_x2_y5,0,2,5,TILE,TRISC-KERNEL,/hdd/flapmax/tt-metal/tt_metal/hw/firmware/src/tt-1xx/trisck.cc,73,tile_fused:trisc_kernel_base,1
6.809,6.831,11,active,13222245988913,13222245988935,slot0_x2_y5,0,2,5,TILE,THROUGHPUT_SECTION,/hdd/flapmax/tt-metal/tt_metal/hw/firmware/src/tt-1xx/trisck.cc,73,tile_fused:explicit_throughput,1
6.831,6.929,11,stall,13222245988935,13222245989033,slot0_x2_y5,0,2,5,TILE,TRISC-KERNEL,/hdd/flapmax/tt-metal/tt_metal/hw/firmware/src/tt-1xx/trisck.cc,73,tile_fused:trisc_kernel_base,1
6.929,6.948,11,active,13222245989033,13222245989052,slot0_x2_y5,0,2,5,TILE,THROUGHPUT_SECTION,/hdd/flapmax/tt-metal/tt_metal/hw/firmware/src/tt-1xx/trisck.cc,73,tile_fused:explicit_throughput,1
6.948,8.473,11,stall,13222245989052,13222245990577,slot0_x2_y5,0,2,5,TILE,TRISC-KERNEL,/hdd/flapmax/tt-metal/tt_metal/hw/firmware/src/tt-1xx/trisck.cc,73,tile_fused:trisc_kernel_base,1
8.473,8.527,11,active,13222245990577,13222245990631,slot0_x2_y5,0,2,5,TILE,THROUGHPUT_SECTION,/hdd/flapmax/tt-metal/tt_metal/hw/firmware/src/tt-1xx/trisck.cc,73,tile_fused:explicit_throughput,1
8.527,8.579,11,stall,13222245990631,13222245990683,slot0_x2_y5,0,2,5,TILE,TRISC-KERNEL,/hdd/flapmax/tt-metal/tt_metal/hw/firmware/src/tt-1xx/trisck.cc,73,tile_fused:trisc_kernel_base,1
8.579,8.601,11,active,13222245990683,13222245990705,slot0_x2_y5,0,2,5,TILE,THROUGHPUT_SECTION,/hdd/flapmax/tt-metal/tt_metal/hw/firmware/src/tt-1xx/trisck.cc,73,tile_fused:explicit_throughput,1
8.601,8.7,11,stall,13222245990705,13222245990804,slot0_x2_y5,0,2,5,TILE,TRISC-KERNEL,/hdd/flapmax/tt-metal/tt_metal/hw/firmware/src/tt-1xx/trisck.cc,73,tile_fused:trisc_kernel_base,1
8.7,8.72,11,active,13222245990804,13222245990824,slot0_x2_y5,0,2,5,TILE,THROUGHPUT_SECTION,/hdd/flapmax/tt-metal/tt_metal/hw/firmware/src/tt-1xx/trisck.cc,73,tile_fused:explicit_throughput,1
8.72,9.843,11,stall,13222245990824,13222245991947,slot0_x2_y5,0,2,5,TILE,TRISC-KERNEL,/hdd/flapmax/tt-metal/tt_metal/hw/firmware/src/tt-1xx/trisck.cc,73,tile_fused:trisc_kernel_base,1
9.843,9.89,11,active,13222245991947,13222245991994,slot0_x2_y5,0,2,5,TILE,THROUGHPUT_SECTION,/hdd/flapmax/tt-metal/tt_metal/hw/firmware/src/tt-1xx/trisck.cc,73,tile_fused:explicit_throughput,1
9.89,9.943,11,stall,13222245991994,13222245992047,slot0_x2_y5,0,2,5,TILE,TRISC-KERNEL,/hdd/flapmax/tt-metal/tt_metal/hw/firmware/src/tt-1xx/trisck.cc,73,tile_fused:trisc_kernel_base,1
9.943,9.964,11,active,13222245992047,13222245992068,slot0_x2_y5,0,2,5,TILE,THROUGHPUT_SECTION,/hdd/flapmax/tt-metal/tt_metal/hw/firmware/src/tt-1xx/trisck.cc,73,tile_fused:explicit_throughput,1
9.964,10.064,11,stall,13222245992068,13222245992168,slot0_x2_y5,0,2,5,TILE,TRISC-KERNEL,/hdd/flapmax/tt-metal/tt_metal/hw/firmware/src/tt-1xx/trisck.cc,73,tile_fused:trisc_kernel_base,1
10.064,10.086,11,active,13222245992168,13222245992190,slot0_x2_y5,0,2,5,TILE,THROUGHPUT_SECTION,/hdd/flapmax/tt-metal/tt_metal/hw/firmware/src/tt-1xx/trisck.cc,73,tile_fused:explicit_throughput,1
10.086,17.875,11,stall,13222245992190,13222245999979,slot0_x2_y5,0,2,5,TILE,TRISC-KERNEL,/hdd/flapmax/tt-metal/tt_metal/hw/firmware/src/tt-1xx/trisck.cc,73,tile_fused:trisc_kernel_base,1
17.875,17.929,11,active,13222245999979,13222246000033,slot0_x2_y5,0,2,5,TILE,THROUGHPUT_SECTION,/hdd/flapmax/tt-metal/tt_metal/hw/firmware/src/tt-1xx/trisck.cc,73,tile_fused:explicit_throughput,1
17.929,24.891,11,stall,13222246000033,13222246006995,slot0_x2_y5,0,2,5,TILE,TRISC-KERNEL,/hdd/flapmax/tt-metal/tt_metal/hw/firmware/src/tt-1xx/trisck.cc,73,tile_fused:trisc_kernel_base,1
24.891,24.938,11,active,13222246006995,13222246007042,slot0_x2_y5,0,2,5,TILE,THROUGHPUT_SECTION,/hdd/flapmax/tt-metal/tt_metal/hw/firmware/src/tt-1xx/trisck.cc,73,tile_fused:explicit_throughput,1
24.938,25.665,11,stall,13222246007042,13222246007769,slot0_x2_y5,0,2,5,TILE,TRISC-KERNEL,/hdd/flapmax/tt-metal/tt_metal/hw/firmware/src/tt-1xx/trisck.cc,73,tile_fused:trisc_kernel_base,1
0.033,0.211,12,stall,13222245982137,13222245982315,slot0_x2_y7,0,2,7,TILE,TRISC-KERNEL,/hdd/flapmax/tt-metal/tt_metal/hw/firmware/src/tt-1xx/trisck.cc,73,tile_fused:trisc_kernel_base,1
0.211,0.232,12,active,13222245982315,13222245982336,slot0_x2_y7,0,2,7,TILE,THROUGHPUT_SECTION,/hdd/flapmax/tt-metal/tt_metal/hw/firmware/src/tt-1xx/trisck.cc,73,tile_fused:explicit_throughput,1
0.232,0.27,12,stall,13222245982336,13222245982374,slot0_x2_y7,0,2,7,TILE,TRISC-KERNEL,/hdd/flapmax/tt-metal/tt_metal/hw/firmware/src/tt-1xx/trisck.cc,73,tile_fused:trisc_kernel_base,1
0.27,0.291,12,active,13222245982374,13222245982395,slot0_x2_y7,0,2,7,TILE,THROUGHPUT_SECTION,/hdd/flapmax/tt-metal/tt_metal/hw/firmware/src/tt-1xx/trisck.cc,73,tile_fused:explicit_throughput,1
0.291,0.491,12,stall,13222245982395,13222245982595,slot0_x2_y7,0,2,7,TILE,TRISC-KERNEL,/hdd/flapmax/tt-metal/tt_metal/hw/firmware/src/tt-1xx/trisck.cc,73,tile_fused:trisc_kernel_base,1
0.491,0.511,12,active,13222245982595,13222245982615,slot0_x2_y7,0,2,7,TILE,THROUGHPUT_SECTION,/hdd/flapmax/tt-metal/tt_metal/hw/firmware/src/tt-1xx/trisck.cc,73,tile_fused:explicit_throughput,1
0.511,0.622,12,stall,13222245982615,13222245982726,slot0_x2_y7,0,2,7,TILE,TRISC-KERNEL,/hdd/flapmax/tt-metal/tt_metal/hw/firmware/src/tt-1xx/trisck.cc,73,tile_fused:trisc_kernel_base,1
0.622,0.642,12,active,13222245982726,13222245982746,slot0_x2_y7,0,2,7,TILE,THROUGHPUT_SECTION,/hdd/flapmax/tt-metal/tt_metal/hw/firmware/src/tt-1xx/trisck.cc,73,tile_fused:explicit_throughput,1
0.642,1.348,12,stall,13222245982746,13222245983452,slot0_x2_y7,0,2,7,TILE,TRISC-KERNEL,/hdd/flapmax/tt-metal/tt_metal/hw/firmware/src/tt-1xx/trisck.cc,73,tile_fused:trisc_kernel_base,1
1.348,1.394,12,active,13222245983452,13222245983498,slot0_x2_y7,0,2,7,TILE,THROUGHPUT_SECTION,/hdd/flapmax/tt-metal/tt_metal/hw/firmware/src/tt-1xx/trisck.cc,73,tile_fused:explicit_throughput,1
1.394,1.448,12,stall,13222245983498,13222245983552,slot0_x2_y7,0,2,7,TILE,TRISC-KERNEL,/hdd/flapmax/tt-metal/tt_metal/hw/firmware/src/tt-1xx/trisck.cc,73,tile_fused:trisc_kernel_base,1
1.448,1.472,12,active,13222245983552,13222245983576,slot0_x2_y7,0,2,7,TILE,THROUGHPUT_SECTION,/hdd/flapmax/tt-metal/tt_metal/hw/firmware/src/tt-1xx/trisck.cc,73,tile_fused:explicit_throughput,1
1.472,1.57,12,stall,13222245983576,13222245983674,slot0_x2_y7,0,2,7,TILE,TRISC-KERNEL,/hdd/flapmax/tt-metal/tt_metal/hw/firmware/src/tt-1xx/trisck.cc,73,tile_fused:trisc_kernel_base,1
1.57,1.589,12,active,13222245983674,13222245983693,slot0_x2_y7,0,2,7,TILE,THROUGHPUT_SECTION,/hdd/flapmax/tt-metal/tt_metal/hw/firmware/src/tt-1xx/trisck.cc,73,tile_fused:explicit_throughput,1
1.589,2.502,12,stall,13222245983693,13222245984606,slot0_x2_y7,0,2,7,TILE,TRISC-KERNEL,/hdd/flapmax/tt-metal/tt_metal/hw/firmware/src/tt-1xx/trisck.cc,73,tile_fused:trisc_kernel_base,1
2.502,2.561,12,active,13222245984606,13222245984665,slot0_x2_y7,0,2,7,TILE,THROUGHPUT_SECTION,/hdd/flapmax/tt-metal/tt_metal/hw/firmware/src/tt-1xx/trisck.cc,73,tile_fused:explicit_throughput,1
2.561,2.615,12,stall,13222245984665,13222245984719,slot0_x2_y7,0,2,7,TILE,TRISC-KERNEL,/hdd/flapmax/tt-metal/tt_metal/hw/firmware/src/tt-1xx/trisck.cc,73,tile_fused:trisc_kernel_base,1
2.615,2.637,12,active,13222245984719,13222245984741,slot0_x2_y7,0,2,7,TILE,THROUGHPUT_SECTION,/hdd/flapmax/tt-metal/tt_metal/hw/firmware/src/tt-1xx/trisck.cc,73,tile_fused:explicit_throughput,1
2.637,2.737,12,stall,13222245984741,13222245984841,slot0_x2_y7,0,2,7,TILE,TRISC-KERNEL,/hdd/flapmax/tt-metal/tt_metal/hw/firmware/src/tt-1xx/trisck.cc,73,tile_fused:trisc_kernel_base,1
2.737,2.757,12,active,13222245984841,13222245984861,slot0_x2_y7,0,2,7,TILE,THROUGHPUT_SECTION,/hdd/flapmax/tt-metal/tt_metal/hw/firmware/src/tt-1xx/trisck.cc,73,tile_fused:explicit_throughput,1
2.757,3.166,12,stall,13222245984861,13222245985270,slot0_x2_y7,0,2,7,TILE,TRISC-KERNEL,/hdd/flapmax/tt-metal/tt_metal/hw/firmware/src/tt-1xx/trisck.cc,73,tile_fused:trisc_kernel_base,1
3.166,3.213,12,active,13222245985270,13222245985317,slot0_x2_y7,0,2,7,TILE,THROUGHPUT_SECTION,/hdd/flapmax/tt-metal/tt_metal/hw/firmware/src/tt-1xx/trisck.cc,73,tile_fused:explicit_throughput,1
3.213,3.275,12,stall,13222245985317,13222245985379,slot0_x2_y7,0,2,7,TILE,TRISC-KERNEL,/hdd/flapmax/tt-metal/tt_metal/hw/firmware/src/tt-1xx/trisck.cc,73,tile_fused:trisc_kernel_base,1
3.275,3.296,12,active,13222245985379,13222245985400,slot0_x2_y7,0,2,7,TILE,THROUGHPUT_SECTION,/hdd/flapmax/tt-metal/tt_metal/hw/firmware/src/tt-1xx/trisck.cc,73,tile_fused:explicit_throughput,1
3.296,3.395,12,stall,13222245985400,13222245985499,slot0_x2_y7,0,2,7,TILE,TRISC-KERNEL,/hdd/flapmax/tt-metal/tt_metal/hw/firmware/src/tt-1xx/trisck.cc,73,tile_fused:trisc_kernel_base,1
3.395,3.414,12,active,13222245985499,13222245985518,slot0_x2_y7,0,2,7,TILE,THROUGHPUT_SECTION,/hdd/flapmax/tt-metal/tt_metal/hw/firmware/src/tt-1xx/trisck.cc,73,tile_fused:explicit_throughput,1
3.414,3.911,12,stall,13222245985518,13222245986015,slot0_x2_y7,0,2,7,TILE,TRISC-KERNEL,/hdd/flapmax/tt-metal/tt_metal/hw/firmware/src/tt-1xx/trisck.cc,73,tile_fused:trisc_kernel_base,1
3.911,3.965,12,active,13222245986015,13222245986069,slot0_x2_y7,0,2,7,TILE,THROUGHPUT_SECTION,/hdd/flapmax/tt-metal/tt_metal/hw/firmware/src/tt-1xx/trisck.cc,73,tile_fused:explicit_throughput,1
3.965,4.019,12,stall,13222245986069,13222245986123,slot0_x2_y7,0,2,7,TILE,TRISC-KERNEL,/hdd/flapmax/tt-metal/tt_metal/hw/firmware/src/tt-1xx/trisck.cc,73,tile_fused:trisc_kernel_base,1
4.019,4.041,12,active,13222245986123,13222245986145,slot0_x2_y7,0,2,7,TILE,THROUGHPUT_SECTION,/hdd/flapmax/tt-metal/tt_metal/hw/firmware/src/tt-1xx/trisck.cc,73,tile_fused:explicit_throughput,1
4.041,4.141,12,stall,13222245986145,13222245986245,slot0_x2_y7,0,2,7,TILE,TRISC-KERNEL,/hdd/flapmax/tt-metal/tt_metal/hw/firmware/src/tt-1xx/trisck.cc,73,tile_fused:trisc_kernel_base,1
4.141,4.16,12,active,13222245986245,13222245986264,slot0_x2_y7,0,2,7,TILE,THROUGHPUT_SECTION,/hdd/flapmax/tt-metal/tt_metal/hw/firmware/src/tt-1xx/trisck.cc,73,tile_fused:explicit_throughput,1
4.16,4.875,12,stall,13222245986264,13222245986979,slot0_x2_y7,0,2,7,TILE,TRISC-KERNEL,/hdd/flapmax/tt-metal/tt_metal/hw/firmware/src/tt-1xx/trisck.cc,73,tile_fused:trisc_kernel_base,1
4.875,4.923,12,active,13222245986979,13222245987027,slot0_x2_y7,0,2,7,TILE,THROUGHPUT_SECTION,/hdd/flapmax/tt-metal/tt_metal/hw/firmware/src/tt-1xx/trisck.cc,73,tile_fused:explicit_throughput,1
4.923,4.975,12,stall,13222245987027,13222245987079,slot0_x2_y7,0,2,7,TILE,TRISC-KERNEL,/hdd/flapmax/tt-metal/tt_metal/hw/firmware/src/tt-1xx/trisck.cc,73,tile_fused:trisc_kernel_base,1
4.975,4.997,12,active,13222245987079,13222245987101,slot0_x2_y7,0,2,7,TILE,THROUGHPUT_SECTION,/hdd/flapmax/tt-metal/tt_metal/hw/firmware/src/tt-1xx/trisck.cc,73,tile_fused:explicit_throughput,1
4.997,5.097,12,stall,13222245987101,13222245987201,slot0_x2_y7,0,2,7,TILE,TRISC-KERNEL,/hdd/flapmax/tt-metal/tt_metal/hw/firmware/src/tt-1xx/trisck.cc,73,tile_fused:trisc_kernel_base,1
5.097,5.117,12,active,13222245987201,13222245987221,slot0_x2_y7,0,2,7,TILE,THROUGHPUT_SECTION,/hdd/flapmax/tt-metal/tt_metal/hw/firmware/src/tt-1xx/trisck.cc,73,tile_fused:explicit_throughput,1
5.117,13.835,12,stall,13222245987221,13222245995939,slot0_x2_y7,0,2,7,TILE,TRISC-KERNEL,/hdd/flapmax/tt-metal/tt_metal/hw/firmware/src/tt-1xx/trisck.cc,73,tile_fused:trisc_kernel_base,1
13.835,13.889,12,active,13222245995939,13222245995993,slot0_x2_y7,0,2,7,TILE,THROUGHPUT_SECTION,/hdd/flapmax/tt-metal/tt_metal/hw/firmware/src/tt-1xx/trisck.cc,73,tile_fused:explicit_throughput,1
13.889,13.941,12,stall,13222245995993,13222245996045,slot0_x2_y7,0,2,7,TILE,TRISC-KERNEL,/hdd/flapmax/tt-metal/tt_metal/hw/firmware/src/tt-1xx/trisck.cc,73,tile_fused:trisc_kernel_base,1
13.941,13.964,12,active,13222245996045,13222245996068,slot0_x2_y7,0,2,7,TILE,THROUGHPUT_SECTION,/hdd/flapmax/tt-metal/tt_metal/hw/firmware/src/tt-1xx/trisck.cc,73,tile_fused:explicit_throughput,1
13.964,14.062,12,stall,13222245996068,13222245996166,slot0_x2_y7,0,2,7,TILE,TRISC-KERNEL,/hdd/flapmax/tt-metal/tt_metal/hw/firmware/src/tt-1xx/trisck.cc,73,tile_fused:trisc_kernel_base,1
14.062,14.082,12,active,13222245996166,13222245996186,slot0_x2_y7,0,2,7,TILE,THROUGHPUT_SECTION,/hdd/flapmax/tt-metal/tt_metal/hw/firmware/src/tt-1xx/trisck.cc,73,tile_fused:explicit_throughput,1
14.082,21.248,12,stall,13222245996186,13222246003352,slot0_x2_y7,0,2,7,TILE,TRISC-KERNEL,/hdd/flapmax/tt-metal/tt_metal/hw/firmware/src/tt-1xx/trisck.cc,73,tile_fused:trisc_kernel_base,1
21.248,21.295,12,active,13222246003352,13222246003399,slot0_x2_y7,0,2,7,TILE,THROUGHPUT_SECTION,/hdd/flapmax/tt-metal/tt_metal/hw/firmware/src/tt-1xx/trisck.cc,73,tile_fused:explicit_throughput,1
21.295,21.355,12,stall,13222246003399,13222246003459,slot0_x2_y7,0,2,7,TILE,TRISC-KERNEL,/hdd/flapmax/tt-metal/tt_metal/hw/firmware/src/tt-1xx/trisck.cc,73,tile_fused:trisc_kernel_base,1
21.355,21.377,12,active,13222246003459,13222246003481,slot0_x2_y7,0,2,7,TILE,THROUGHPUT_SECTION,/hdd/flapmax/tt-metal/tt_metal/hw/firmware/src/tt-1xx/trisck.cc,73,tile_fused:explicit_throughput,1
21.377,21.475,12,stall,13222246003481,13222246003579,slot0_x2_y7,0,2,7,TILE,TRISC-KERNEL,/hdd/flapmax/tt-metal/tt_metal/hw/firmware/src/tt-1xx/trisck.cc,73,tile_fused:trisc_kernel_base,1
21.475,21.494,12,active,13222246003579,13222246003598,slot0_x2_y7,0,2,7,TILE,THROUGHPUT_SECTION,/hdd/flapmax/tt-metal/tt_metal/hw/firmware/src/tt-1xx/trisck.cc,73,tile_fused:explicit_throughput,1
21.494,25.357,12,stall,13222246003598,13222246007461,slot0_x2_y7,0,2,7,TILE,TRISC-KERNEL,/hdd/flapmax/tt-metal/tt_metal/hw/firmware/src/tt-1xx/trisck.cc,73,tile_fused:trisc_kernel_base,1
25.357,25.411,12,active,13222246007461,13222246007515,slot0_x2_y7,0,2,7,TILE,THROUGHPUT_SECTION,/hdd/flapmax/tt-metal/tt_metal/hw/firmware/src/tt-1xx/trisck.cc,73,tile_fused:explicit_throughput,1
25.411,25.463,12,stall,13222246007515,13222246007567,slot0_x2_y7,0,2,7,TILE,TRISC-KERNEL,/hdd/flapmax/tt-metal/tt_metal/hw/firmware/src/tt-1xx/trisck.cc,73,tile_fused:trisc_kernel_base,1
25.463,25.485,12,active,13222246007567,13222246007589,slot0_x2_y7,0,2,7,TILE,THROUGHPUT_SECTION,/hdd/flapmax/tt-metal/tt_metal/hw/firmware/src/tt-1xx/trisck.cc,73,tile_fused:explicit_throughput,1
25.485,25.584,12,stall,13222246007589,13222246007688,slot0_x2_y7,0,2,7,TILE,TRISC-KERNEL,/hdd/flapmax/tt-metal/tt_metal/hw/firmware/src/tt-1xx/trisck.cc,73,tile_fused:trisc_kernel_base,1
25.584,25.603,12,active,13222246007688,13222246007707,slot0_x2_y7,0,2,7,TILE,THROUGHPUT_SECTION,/hdd/flapmax/tt-metal/tt_metal/hw/firmware/src/tt-1xx/trisck.cc,73,tile_fused:explicit_throughput,1
25.603,26.193,12,stall,13222246007707,13222246008297,slot0_x2_y7,0,2,7,TILE,TRISC-KERNEL,/hdd/flapmax/tt-metal/tt_metal/hw/firmware/src/tt-1xx/trisck.cc,73,tile_fused:trisc_kernel_base,1
26.193,26.24,12,active,13222246008297,13222246008344,slot0_x2_y7,0,2,7,TILE,THROUGHPUT_SECTION,/hdd/flapmax/tt-metal/tt_metal/hw/firmware/src/tt-1xx/trisck.cc,73,tile_fused:explicit_throughput,1
26.24,26.293,12,stall,13222246008344,13222246008397,slot0_x2_y7,0,2,7,TILE,TRISC-KERNEL,/hdd/flapmax/tt-metal/tt_metal/hw/firmware/src/tt-1xx/trisck.cc,73,tile_fused:trisc_kernel_base,1
26.293,26.314,12,active,13222246008397,13222246008418,slot0_x2_y7,0,2,7,TILE,THROUGHPUT_SECTION,/hdd/flapmax/tt-metal/tt_metal/hw/firmware/src/tt-1xx/trisck.cc,73,tile_fused:explicit_throughput,1
26.314,26.414,12,stall,13222246008418,13222246008518,slot0_x2_y7,0,2,7,TILE,TRISC-KERNEL,/hdd/flapmax/tt-metal/tt_metal/hw/firmware/src/tt-1xx/trisck.cc,73,tile_fused:trisc_kernel_base,1
26.414,26.436,12,active,13222246008518,13222246008540,slot0_x2_y7,0,2,7,TILE,THROUGHPUT_SECTION,/hdd/flapmax/tt-metal/tt_metal/hw/firmware/src/tt-1xx/trisck.cc,73,tile_fused:explicit_throughput,1
26.436,27.222,12,stall,13222246008540,13222246009326,slot0_x2_y7,0,2,7,TILE,TRISC-KERNEL,/hdd/flapmax/tt-metal/tt_metal/hw/firmware/src/tt-1xx/trisck.cc,73,tile_fused:trisc_kernel_base,1
27.222,27.276,12,active,13222246009326,13222246009380,slot0_x2_y7,0,2,7,TILE,THROUGHPUT_SECTION,/hdd/flapmax/tt-metal/tt_metal/hw/firmware/src/tt-1xx/trisck.cc,73,tile_fused:explicit_throughput,1
27.276,28.091,12,stall,13222246009380,13222246010195,slot0_x2_y7,0,2,7,TILE,TRISC-KERNEL,/hdd/flapmax/tt-metal/tt_metal/hw/firmware/src/tt-1xx/trisck.cc,73,tile_fused:trisc_kernel_base,1
28.091,28.138,12,active,13222246010195,13222246010242,slot0_x2_y7,0,2,7,TILE,THROUGHPUT_SECTION,/hdd/flapmax/tt-metal/tt_metal/hw/firmware/src/tt-1xx/trisck.cc,73,tile_fused:explicit_throughput,1
28.138,28.862,12,stall,13222246010242,13222246010966,slot0_x2_y7,0,2,7,TILE,TRISC-KERNEL,/hdd/flapmax/tt-metal/tt_metal/hw/firmware/src/tt-1xx/trisck.cc,73,tile_fused:trisc_kernel_base,1
0.102,0.281,13,stall,13222245982206,13222245982385,slot0_x2_y8,0,2,8,TILE,TRISC-KERNEL,/hdd/flapmax/tt-metal/tt_metal/hw/firmware/src/tt-1xx/trisck.cc,73,tile_fused:trisc_kernel_base,1
0.281,0.302,13,active,13222245982385,13222245982406,slot0_x2_y8,0,2,8,TILE,THROUGHPUT_SECTION,/hdd/flapmax/tt-metal/tt_metal/hw/firmware/src/tt-1xx/trisck.cc,73,tile_fused:explicit_throughput,1
0.302,0.341,13,stall,13222245982406,13222245982445,slot0_x2_y8,0,2,8,TILE,TRISC-KERNEL,/hdd/flapmax/tt-metal/tt_metal/hw/firmware/src/tt-1xx/trisck.cc,73,tile_fused:trisc_kernel_base,1
0.341,0.362,13,active,13222245982445,13222245982466,slot0_x2_y8,0,2,8,TILE,THROUGHPUT_SECTION,/hdd/flapmax/tt-metal/tt_metal/hw/firmware/src/tt-1xx/trisck.cc,73,tile_fused:explicit_throughput,1
0.362,0.528,13,stall,13222245982466,13222245982632,slot0_x2_y8,0,2,8,TILE,TRISC-KERNEL,/hdd/flapmax/tt-metal/tt_metal/hw/firmware/src/tt-1xx/trisck.cc,73,tile_fused:trisc_kernel_base,1
0.528,0.548,13,active,13222245982632,13222245982652,slot0_x2_y8,0,2,8,TILE,THROUGHPUT_SECTION,/hdd/flapmax/tt-metal/tt_metal/hw/firmware/src/tt-1xx/trisck.cc,73,tile_fused:explicit_throughput,1
0.548,0.659,13,stall,13222245982652,13222245982763,slot0_x2_y8,0,2,8,TILE,TRISC-KERNEL,/hdd/flapmax/tt-metal/tt_metal/hw/firmware/src/tt-1xx/trisck.cc,73,tile_fused:trisc_kernel_base,1
0.659,0.679,13,active,13222245982763,13222245982783,slot0_x2_y8,0,2,8,TILE,THROUGHPUT_SECTION,/hdd/flapmax/tt-metal/tt_metal/hw/firmware/src/tt-1xx/trisck.cc,73,tile_fused:explicit_throughput,1
0.679,1.583,13,stall,13222245982783,13222245983687,slot0_x2_y8,0,2,8,TILE,TRISC-KERNEL,/hdd/flapmax/tt-metal/tt_metal/hw/firmware/src/tt-1xx/trisck.cc,73,tile_fused:trisc_kernel_base,1
1.583,1.629,13,active,13222245983687,13222245983733,slot0_x2_y8,0,2,8,TILE,THROUGHPUT_SECTION,/hdd/flapmax/tt-metal/tt_metal/hw/firmware/src/tt-1xx/trisck.cc,73,tile_fused:explicit_throughput,1
1.629,1.683,13,stall,13222245983733,13222245983787,slot0_x2_y8,0,2,8,TILE,TRISC-KERNEL,/hdd/flapmax/tt-metal/tt_metal/hw/firmware/src/tt-1xx/trisck.cc,73,tile_fused:trisc_kernel_base,1
1.683,1.708,13,active,13222245983787,13222245983812,slot0_x2_y8,0,2,8,TILE,THROUGHPUT_SECTION,/hdd/flapmax/tt-metal/tt_metal/hw/firmware/src/tt-1xx/trisck.cc,73,tile_fused:explicit_throughput,1
1.708,1.805,13,stall,13222245983812,13222245983909,slot0_x2_y8,0,2,8,TILE,TRISC-KERNEL,/hdd/flapmax/tt-metal/tt_metal/hw/firmware/src/tt-1xx/trisck.cc,73,tile_fused:trisc_kernel_base,1
1.805,1.824,13,active,13222245983909,13222245983928,slot0_x2_y8,0,2,8,TILE,THROUGHPUT_SECTION,/hdd/flapmax/tt-metal/tt_metal/hw/firmware/src/tt-1xx/trisck.cc,73,tile_fused:explicit_throughput,1
1.824,9.906,13,stall,13222245983928,13222245992010,slot0_x2_y8,0,2,8,TILE,TRISC-KERNEL,/hdd/flapmax/tt-metal/tt_metal/hw/firmware/src/tt-1xx/trisck.cc,73,tile_fused:trisc_kernel_base,1
9.906,9.965,13,active,13222245992010,13222245992069,slot0_x2_y8,0,2,8,TILE,THROUGHPUT_SECTION,/hdd/flapmax/tt-metal/tt_metal/hw/firmware/src/tt-1xx/trisck.cc,73,tile_fused:explicit_throughput,1
9.965,10.019,13,stall,13222245992069,13222245992123,slot0_x2_y8,0,2,8,TILE,TRISC-KERNEL,/hdd/flapmax/tt-metal/tt_metal/hw/firmware/src/tt-1xx/trisck.cc,73,tile_fused:trisc_kernel_base,1
10.019,10.041,13,active,13222245992123,13222245992145,slot0_x2_y8,0,2,8,TILE,THROUGHPUT_SECTION,/hdd/flapmax/tt-metal/tt_metal/hw/firmware/src/tt-1xx/trisck.cc,73,tile_fused:explicit_throughput,1
10.041,10.14,13,stall,13222245992145,13222245992244,slot0_x2_y8,0,2,8,TILE,TRISC-KERNEL,/hdd/flapmax/tt-metal/tt_metal/hw/firmware/src/tt-1xx/trisck.cc,73,tile_fused:trisc_kernel_base,1
10.14,10.16,13,active,13222245992244,13222245992264,slot0_x2_y8,0,2,8,TILE,THROUGHPUT_SECTION,/hdd/flapmax/tt-metal/tt_metal/hw/firmware/src/tt-1xx/trisck.cc,73,tile_fused:explicit_throughput,1
10.16,15.467,13,stall,13222245992264,13222245997571,slot0_x2_y8,0,2,8,TILE,TRISC-KERNEL,/hdd/flapmax/tt-metal/tt_metal/hw/firmware/src/tt-1xx/trisck.cc,73,tile_fused:trisc_kernel_base,1
15.467,15.513,13,active,13222245997571,13222245997617,slot0_x2_y8,0,2,8,TILE,THROUGHPUT_SECTION,/hdd/flapmax/tt-metal/tt_metal/hw/firmware/src/tt-1xx/trisck.cc,73,tile_fused:explicit_throughput,1
15.513,15.575,13,stall,13222245997617,13222245997679,slot0_x2_y8,0,2,8,TILE,TRISC-KERNEL,/hdd/flapmax/tt-metal/tt_metal/hw/firmware/src/tt-1xx/trisck.cc,73,tile_fused:trisc_kernel_base,1
15.575,15.597,13,active,13222245997679,13222245997701,slot0_x2_y8,0,2,8,TILE,THROUGHPUT_SECTION,/hdd/flapmax/tt-metal/tt_metal/hw/firmware/src/tt-1xx/trisck.cc,73,tile_fused:explicit_throughput,1
15.597,15.695,13,stall,13222245997701,13222245997799,slot0_x2_y8,0,2,8,TILE,TRISC-KERNEL,/hdd/flapmax/tt-metal/tt_metal/hw/firmware/src/tt-1xx/trisck.cc,73,tile_fused:trisc_kernel_base,1
15.695,15.714,13,active,13222245997799,13222245997818,slot0_x2_y8,0,2,8,TILE,THROUGHPUT_SECTION,/hdd/flapmax/tt-metal/tt_metal/hw/firmware/src/tt-1xx/trisck.cc,73,tile_fused:explicit_throughput,1
15.714,21.869,13,stall,13222245997818,13222246003973,slot0_x2_y8,0,2,8,TILE,TRISC-KERNEL,/hdd/flapmax/tt-metal/tt_metal/hw/firmware/src/tt-1xx/trisck.cc,73,tile_fused:trisc_kernel_base,1
21.869,21.923,13,active,13222246003973,13222246004027,slot0_x2_y8,0,2,8,TILE,THROUGHPUT_SECTION,/hdd/flapmax/tt-metal/tt_metal/hw/firmware/src/tt-1xx/trisck.cc,73,tile_fused:explicit_throughput,1
21.923,21.977,13,stall,13222246004027,13222246004081,slot0_x2_y8,0,2,8,TILE,TRISC-KERNEL,/hdd/flapmax/tt-metal/tt_metal/hw/firmware/src/tt-1xx/trisck.cc,73,tile_fused:trisc_kernel_base,1
21.977,22.0,13,active,13222246004081,13222246004104,slot0_x2_y8,0,2,8,TILE,THROUGHPUT_SECTION,/hdd/flapmax/tt-metal/tt_metal/hw/firmware/src/tt-1xx/trisck.cc,73,tile_fused:explicit_throughput,1
22.0,22.098,13,stall,13222246004104,13222246004202,slot0_x2_y8,0,2,8,TILE,TRISC-KERNEL,/hdd/flapmax/tt-metal/tt_metal/hw/firmware/src/tt-1xx/trisck.cc,73,tile_fused:trisc_kernel_base,1
22.098,22.117,13,active,13222246004202,13222246004221,slot0_x2_y8,0,2,8,TILE,THROUGHPUT_SECTION,/hdd/flapmax/tt-metal/tt_metal/hw/firmware/src/tt-1xx/trisck.cc,73,tile_fused:explicit_throughput,1
22.117,24.946,13,stall,13222246004221,13222246007050,slot0_x2_y8,0,2,8,TILE,TRISC-KERNEL,/hdd/flapmax/tt-metal/tt_metal/hw/firmware/src/tt-1xx/trisck.cc,73,tile_fused:trisc_kernel_base,1
24.946,24.993,13,active,13222246007050,13222246007097,slot0_x2_y8,0,2,8,TILE,THROUGHPUT_SECTION,/hdd/flapmax/tt-metal/tt_metal/hw/firmware/src/tt-1xx/trisck.cc,73,tile_fused:explicit_throughput,1
24.993,25.046,13,stall,13222246007097,13222246007150,slot0_x2_y8,0,2,8,TILE,TRISC-KERNEL,/hdd/flapmax/tt-metal/tt_metal/hw/firmware/src/tt-1xx/trisck.cc,73,tile_fused:trisc_kernel_base,1
25.046,25.067,13,active,13222246007150,13222246007171,slot0_x2_y8,0,2,8,TILE,THROUGHPUT_SECTION,/hdd/flapmax/tt-metal/tt_metal/hw/firmware/src/tt-1xx/trisck.cc,73,tile_fused:explicit_throughput,1
25.067,25.167,13,stall,13222246007171,13222246007271,slot0_x2_y8,0,2,8,TILE,TRISC-KERNEL,/hdd/flapmax/tt-metal/tt_metal/hw/firmware/src/tt-1xx/trisck.cc,73,tile_fused:trisc_kernel_base,1
25.167,25.189,13,active,13222246007271,13222246007293,slot0_x2_y8,0,2,8,TILE,THROUGHPUT_SECTION,/hdd/flapmax/tt-metal/tt_metal/hw/firmware/src/tt-1xx/trisck.cc,73,tile_fused:explicit_throughput,1
25.189,25.718,13,stall,13222246007293,13222246007822,slot0_x2_y8,0,2,8,TILE,TRISC-KERNEL,/hdd/flapmax/tt-metal/tt_metal/hw/firmware/src/tt-1xx/trisck.cc,73,tile_fused:trisc_kernel_base,1
25.718,25.772,13,active,13222246007822,13222246007876,slot0_x2_y8,0,2,8,TILE,THROUGHPUT_SECTION,/hdd/flapmax/tt-metal/tt_metal/hw/firmware/src/tt-1xx/trisck.cc,73,tile_fused:explicit_throughput,1
25.772,25.824,13,stall,13222246007876,13222246007928,slot0_x2_y8,0,2,8,TILE,TRISC-KERNEL,/hdd/flapmax/tt-metal/tt_metal/hw/firmware/src/tt-1xx/trisck.cc,73,tile_fused:trisc_kernel_base,1
25.824,25.846,13,active,13222246007928,13222246007950,slot0_x2_y8,0,2,8,TILE,THROUGHPUT_SECTION,/hdd/flapmax/tt-metal/tt_metal/hw/firmware/src/tt-1xx/trisck.cc,73,tile_fused:explicit_throughput,1
25.846,25.946,13,stall,13222246007950,13222246008050,slot0_x2_y8,0,2,8,TILE,TRISC-KERNEL,/hdd/flapmax/tt-metal/tt_metal/hw/firmware/src/tt-1xx/trisck.cc,73,tile_fused:trisc_kernel_base,1
25.946,25.966,13,active,13222246008050,13222246008070,slot0_x2_y8,0,2,8,TILE,THROUGHPUT_SECTION,/hdd/flapmax/tt-metal/tt_metal/hw/firmware/src/tt-1xx/trisck.cc,73,tile_fused:explicit_throughput,1
25.966,26.462,13,stall,13222246008070,13222246008566,slot0_x2_y8,0,2,8,TILE,TRISC-KERNEL,/hdd/flapmax/tt-metal/tt_metal/hw/firmware/src/tt-1xx/trisck.cc,73,tile_fused:trisc_kernel_base,1
26.462,26.509,13,active,13222246008566,13222246008613,slot0_x2_y8,0,2,8,TILE,THROUGHPUT_SECTION,/hdd/flapmax/tt-metal/tt_metal/hw/firmware/src/tt-1xx/trisck.cc,73,tile_fused:explicit_throughput,1
26.509,26.569,13,stall,13222246008613,13222246008673,slot0_x2_y8,0,2,8,TILE,TRISC-KERNEL,/hdd/flapmax/tt-metal/tt_metal/hw/firmware/src/tt-1xx/trisck.cc,73,tile_fused:trisc_kernel_base,1
26.569,26.591,13,active,13222246008673,13222246008695,slot0_x2_y8,0,2,8,TILE,THROUGHPUT_SECTION,/hdd/flapmax/tt-metal/tt_metal/hw/firmware/src/tt-1xx/trisck.cc,73,tile_fused:explicit_throughput,1
26.591,26.689,13,stall,13222246008695,13222246008793,slot0_x2_y8,0,2,8,TILE,TRISC-KERNEL,/hdd/flapmax/tt-metal/tt_metal/hw/firmware/src/tt-1xx/trisck.cc,73,tile_fused:trisc_kernel_base,1
26.689,26.708,13,active,13222246008793,13222246008812,slot0_x2_y8,0,2,8,TILE,THROUGHPUT_SECTION,/hdd/flapmax/tt-metal/tt_metal/hw/firmware/src/tt-1xx/trisck.cc,73,tile_fused:explicit_throughput,1
26.708,27.314,13,stall,13222246008812,13222246009418,slot0_x2_y8,0,2,8,TILE,TRISC-KERNEL,/hdd/flapmax/tt-metal/tt_metal/hw/firmware/src/tt-1xx/trisck.cc,73,tile_fused:trisc_kernel_base,1
27.314,27.368,13,active,13222246009418,13222246009472,slot0_x2_y8,0,2,8,TILE,THROUGHPUT_SECTION,/hdd/flapmax/tt-metal/tt_metal/hw/firmware/src/tt-1xx/trisck.cc,73,tile_fused:explicit_throughput,1
27.368,27.42,13,stall,13222246009472,13222246009524,slot0_x2_y8,0,2,8,TILE,TRISC-KERNEL,/hdd/flapmax/tt-metal/tt_metal/hw/firmware/src/tt-1xx/trisck.cc,73,tile_fused:trisc_kernel_base,1
27.42,27.442,13,active,13222246009524,13222246009546,slot0_x2_y8,0,2,8,TILE,THROUGHPUT_SECTION,/hdd/flapmax/tt-metal/tt_metal/hw/firmware/src/tt-1xx/trisck.cc,73,tile_fused:explicit_throughput,1
27.442,27.541,13,stall,13222246009546,13222246009645,slot0_x2_y8,0,2,8,TILE,TRISC-KERNEL,/hdd/flapmax/tt-metal/tt_metal/hw/firmware/src/tt-1xx/trisck.cc,73,tile_fused:trisc_kernel_base,1
27.541,27.561,13,active,13222246009645,13222246009665,slot0_x2_y8,0,2,8,TILE,THROUGHPUT_SECTION,/hdd/flapmax/tt-metal/tt_metal/hw/firmware/src/tt-1xx/trisck.cc,73,tile_fused:explicit_throughput,1
27.561,27.985,13,stall,13222246009665,13222246010089,slot0_x2_y8,0,2,8,TILE,TRISC-KERNEL,/hdd/flapmax/tt-metal/tt_metal/hw/firmware/src/tt-1xx/trisck.cc,73,tile_fused:trisc_kernel_base,1
27.985,28.032,13,active,13222246010089,13222246010136,slot0_x2_y8,0,2,8,TILE,THROUGHPUT_SECTION,/hdd/flapmax/tt-metal/tt_metal/hw/firmware/src/tt-1xx/trisck.cc,73,tile_fused:explicit_throughput,1
28.032,28.085,13,stall,13222246010136,13222246010189,slot0_x2_y8,0,2,8,TILE,TRISC-KERNEL,/hdd/flapmax/tt-metal/tt_metal/hw/firmware/src/tt-1xx/trisck.cc,73,tile_fused:trisc_kernel_base,1
28.085,28.106,13,active,13222246010189,13222246010210,slot0_x2_y8,0,2,8,TILE,THROUGHPUT_SECTION,/hdd/flapmax/tt-metal/tt_metal/hw/firmware/src/tt-1xx/trisck.cc,73,tile_fused:explicit_throughput,1
28.106,28.207,13,stall,13222246010210,13222246010311,slot0_x2_y8,0,2,8,TILE,TRISC-KERNEL,/hdd/flapmax/tt-metal/tt_metal/hw/firmware/src/tt-1xx/trisck.cc,73,tile_fused:trisc_kernel_base,1
28.207,28.227,13,active,13222246010311,13222246010331,slot0_x2_y8,0,2,8,TILE,THROUGHPUT_SECTION,/hdd/flapmax/tt-metal/tt_metal/hw/firmware/src/tt-1xx/trisck.cc,73,tile_fused:explicit_throughput,1
28.227,28.506,13,stall,13222246010331,13222246010610,slot0_x2_y8,0,2,8,TILE,TRISC-KERNEL,/hdd/flapmax/tt-metal/tt_metal/hw/firmware/src/tt-1xx/trisck.cc,73,tile_fused:trisc_kernel_base,1
28.506,28.56,13,active,13222246010610,13222246010664,slot0_x2_y8,0,2,8,TILE,THROUGHPUT_SECTION,/hdd/flapmax/tt-metal/tt_metal/hw/firmware/src/tt-1xx/trisck.cc,73,tile_fused:explicit_throughput,1
28.56,29.123,13,stall,13222246010664,13222246011227,slot0_x2_y8,0,2,8,TILE,TRISC-KERNEL,/hdd/flapmax/tt-metal/tt_metal/hw/firmware/src/tt-1xx/trisck.cc,73,tile_fused:trisc_kernel_base,1
29.123,29.17,13,active,13222246011227,13222246011274,slot0_x2_y8,0,2,8,TILE,THROUGHPUT_SECTION,/hdd/flapmax/tt-metal/tt_metal/hw/firmware/src/tt-1xx/trisck.cc,73,tile_fused:explicit_throughput,1
29.17,29.888,13,stall,13222246011274,13222246011992,slot0_x2_y8,0,2,8,TILE,TRISC-KERNEL,/hdd/flapmax/tt-metal/tt_metal/hw/firmware/src/tt-1xx/trisck.cc,73,tile_fused:trisc_kernel_base,1
0.033,0.214,14,stall,13222245982137,13222245982318,slot0_x3_y1,0,3,1,TILE,TRISC-KERNEL,/hdd/flapmax/tt-metal/tt_metal/hw/firmware/src/tt-1xx/trisck.cc,73,tile_fused:trisc_kernel_base,1
0.214,0.235,14,active,13222245982318,13222245982339,slot0_x3_y1,0,3,1,TILE,THROUGHPUT_SECTION,/hdd/flapmax/tt-metal/tt_metal/hw/firmware/src/tt-1xx/trisck.cc,73,tile_fused:explicit_throughput,1
0.235,0.273,14,stall,13222245982339,13222245982377,slot0_x3_y1,0,3,1,TILE,TRISC-KERNEL,/hdd/flapmax/tt-metal/tt_metal/hw/firmware/src/tt-1xx/trisck.cc,73,tile_fused:trisc_kernel_base,1
0.273,0.294,14,active,13222245982377,13222245982398,slot0_x3_y1,0,3,1,TILE,THROUGHPUT_SECTION,/hdd/flapmax/tt-metal/tt_metal/hw/firmware/src/tt-1xx/trisck.cc,73,tile_fused:explicit_throughput,1
0.294,0.473,14,stall,13222245982398,13222245982577,slot0_x3_y1,0,3,1,TILE,TRISC-KERNEL,/hdd/flapmax/tt-metal/tt_metal/hw/firmware/src/tt-1xx/trisck.cc,73,tile_fused:trisc_kernel_base,1
0.473,0.492,14,active,13222245982577,13222245982596,slot0_x3_y1,0,3,1,TILE,THROUGHPUT_SECTION,/hdd/flapmax/tt-metal/tt_metal/hw/firmware/src/tt-1xx/trisck.cc,73,tile_fused:explicit_throughput,1
0.492,0.603,14,stall,13222245982596,13222245982707,slot0_x3_y1,0,3,1,TILE,TRISC-KERNEL,/hdd/flapmax/tt-metal/tt_metal/hw/firmware/src/tt-1xx/trisck.cc,73,tile_fused:trisc_kernel_base,1
0.603,0.622,14,active,13222245982707,13222245982726,slot0_x3_y1,0,3,1,TILE,THROUGHPUT_SECTION,/hdd/flapmax/tt-metal/tt_metal/hw/firmware/src/tt-1xx/trisck.cc,73,tile_fused:explicit_throughput,1
0.622,4.906,14,stall,13222245982726,13222245987010,slot0_x3_y1,0,3,1,TILE,TRISC-KERNEL,/hdd/flapmax/tt-metal/tt_metal/hw/firmware/src/tt-1xx/trisck.cc,73,tile_fused:trisc_kernel_base,1
4.906,4.952,14,active,13222245987010,13222245987056,slot0_x3_y1,0,3,1,TILE,THROUGHPUT_SECTION,/hdd/flapmax/tt-metal/tt_metal/hw/firmware/src/tt-1xx/trisck.cc,73,tile_fused:explicit_throughput,1
4.952,5.006,14,stall,13222245987056,13222245987110,slot0_x3_y1,0,3,1,TILE,TRISC-KERNEL,/hdd/flapmax/tt-metal/tt_metal/hw/firmware/src/tt-1xx/trisck.cc,73,tile_fused:trisc_kernel_base,1
5.006,5.03,14,active,13222245987110,13222245987134,slot0_x3_y1,0,3,1,TILE,THROUGHPUT_SECTION,/hdd/flapmax/tt-metal/tt_metal/hw/firmware/src/tt-1xx/trisck.cc,73,tile_fused:explicit_throughput,1
5.03,5.128,14,stall,13222245987134,13222245987232,slot0_x3_y1,0,3,1,TILE,TRISC-KERNEL,/hdd/flapmax/tt-metal/tt_metal/hw/firmware/src/tt-1xx/trisck.cc,73,tile_fused:trisc_kernel_base,1
5.128,5.147,14,active,13222245987232,13222245987251,slot0_x3_y1,0,3,1,TILE,THROUGHPUT_SECTION,/hdd/flapmax/tt-metal/tt_metal/hw/firmware/src/tt-1xx/trisck.cc,73,tile_fused:explicit_throughput,1
5.147,5.751,14,stall,13222245987251,13222245987855,slot0_x3_y1,0,3,1,TILE,TRISC-KERNEL,/hdd/flapmax/tt-metal/tt_metal/hw/firmware/src/tt-1xx/trisck.cc,73,tile_fused:trisc_kernel_base,1
5.751,5.81,14,active,13222245987855,13222245987914,slot0_x3_y1,0,3,1,TILE,THROUGHPUT_SECTION,/hdd/flapmax/tt-metal/tt_metal/hw/firmware/src/tt-1xx/trisck.cc,73,tile_fused:explicit_throughput,1
5.81,5.864,14,stall,13222245987914,13222245987968,slot0_x3_y1,0,3,1,TILE,TRISC-KERNEL,/hdd/flapmax/tt-metal/tt_metal/hw/firmware/src/tt-1xx/trisck.cc,73,tile_fused:trisc_kernel_base,1
5.864,5.885,14,active,13222245987968,13222245987989,slot0_x3_y1,0,3,1,TILE,THROUGHPUT_SECTION,/hdd/flapmax/tt-metal/tt_metal/hw/firmware/src/tt-1xx/trisck.cc,73,tile_fused:explicit_throughput,1
5.885,5.985,14,stall,13222245987989,13222245988089,slot0_x3_y1,0,3,1,TILE,TRISC-KERNEL,/hdd/flapmax/tt-metal/tt_metal/hw/firmware/src/tt-1xx/trisck.cc,73,tile_fused:trisc_kernel_base,1
5.985,6.006,14,active,13222245988089,13222245988110,slot0_x3_y1,0,3,1,TILE,THROUGHPUT_SECTION,/hdd/flapmax/tt-metal/tt_metal/hw/firmware/src/tt-1xx/trisck.cc,73,tile_fused:explicit_throughput,1
6.006,6.623,14,stall,13222245988110,13222245988727,slot0_x3_y1,0,3,1,TILE,TRISC-KERNEL,/hdd/flapmax/tt-metal/tt_metal/hw/firmware/src/tt-1xx/trisck.cc,73,tile_fused:trisc_kernel_base,1
6.623,6.67,14,active,13222245988727,13222245988774,slot0_x3_y1,0,3,1,TILE,THROUGHPUT_SECTION,/hdd/flapmax/tt-metal/tt_metal/hw/firmware/src/tt-1xx/trisck.cc,73,tile_fused:explicit_throughput,1
6.67,6.732,14,stall,13222245988774,13222245988836,slot0_x3_y1,0,3,1,TILE,TRISC-KERNEL,/hdd/flapmax/tt-metal/tt_metal/hw/firmware/src/tt-1xx/trisck.cc,73,tile_fused:trisc_kernel_base,1
6.732,6.755,14,active,13222245988836,13222245988859,slot0_x3_y1,0,3,1,TILE,THROUGHPUT_SECTION,/hdd/flapmax/tt-metal/tt_metal/hw/firmware/src/tt-1xx/trisck.cc,73,tile_fused:explicit_throughput,1
6.755,6.852,14,stall,13222245988859,13222245988956,slot0_x3_y1,0,3,1,TILE,TRISC-KERNEL,/hdd/flapmax/tt-metal/tt_metal/hw/firmware/src/tt-1xx/trisck.cc,73,tile_fused:trisc_kernel_base,1
6.852,6.871,14,active,13222245988956,13222245988975,slot0_x3_y1,0,3,1,TILE,THROUGHPUT_SECTION,/hdd/flapmax/tt-metal/tt_metal/hw/firmware/src/tt-1xx/trisck.cc,73,tile_fused:explicit_throughput,1
6.871,8.016,14,stall,13222245988975,13222245990120,slot0_x3_y1,0,3,1,TILE,TRISC-KERNEL,/hdd/flapmax/tt-metal/tt_metal/hw/firmware/src/tt-1xx/trisck.cc,73,tile_fused:trisc_kernel_base,1
8.016,8.07,14,active,13222245990120,13222245990174,slot0_x3_y1,0,3,1,TILE,THROUGHPUT_SECTION,/hdd/flapmax/tt-metal/tt_metal/hw/firmware/src/tt-1xx/trisck.cc,73,tile_fused:explicit_throughput,1
8.07,8.124,14,stall,13222245990174,13222245990228,slot0_x3_y1,0,3,1,TILE,TRISC-KERNEL,/hdd/flapmax/tt-metal/tt_metal/hw/firmware/src/tt-1xx/trisck.cc,73,tile_fused:trisc_kernel_base,1
8.124,8.147,14,active,13222245990228,13222245990251,slot0_x3_y1,0,3,1,TILE,THROUGHPUT_SECTION,/hdd/flapmax/tt-metal/tt_metal/hw/firmware/src/tt-1xx/trisck.cc,73,tile_fused:explicit_throughput,1
8.147,8.245,14,stall,13222245990251,13222245990349,slot0_x3_y1,0,3,1,TILE,TRISC-KERNEL,/hdd/flapmax/tt-metal/tt_metal/hw/firmware/src/tt-1xx/trisck.cc,73,tile_fused:trisc_kernel_base,1
8.245,8.264,14,active,13222245990349,13222245990368,slot0_x3_y1,0,3,1,TILE,THROUGHPUT_SECTION,/hdd/flapmax/tt-metal/tt_metal/hw/firmware/src/tt-1xx/trisck.cc,73,tile_fused:explicit_throughput,1
8.264,8.731,14,stall,13222245990368,13222245990835,slot0_x3_y1,0,3,1,TILE,TRISC-KERNEL,/hdd/flapmax/tt-metal/tt_metal/hw/firmware/src/tt-1xx/trisck.cc,73,tile_fused:trisc_kernel_base,1
8.731,8.778,14,active,13222245990835,13222245990882,slot0_x3_y1,0,3,1,TILE,THROUGHPUT_SECTION,/hdd/flapmax/tt-metal/tt_metal/hw/firmware/src/tt-1xx/trisck.cc,73,tile_fused:explicit_throughput,1
8.778,8.831,14,stall,13222245990882,13222245990935,slot0_x3_y1,0,3,1,TILE,TRISC-KERNEL,/hdd/flapmax/tt-metal/tt_metal/hw/firmware/src/tt-1xx/trisck.cc,73,tile_fused:trisc_kernel_base,1
8.831,8.852,14,active,13222245990935,13222245990956,slot0_x3_y1,0,3,1,TILE,THROUGHPUT_SECTION,/hdd/flapmax/tt-metal/tt_metal/hw/firmware/src/tt-1xx/trisck.cc,73,tile_fused:explicit_throughput,1
8.852,8.952,14,stall,13222245990956,13222245991056,slot0_x3_y1,0,3,1,TILE,TRISC-KERNEL,/hdd/flapmax/tt-metal/tt_metal/hw/firmware/src/tt-1xx/trisck.cc,73,tile_fused:trisc_kernel_base,1
8.952,8.971,14,active,13222245991056,13222245991075,slot0_x3_y1,0,3,1,TILE,THROUGHPUT_SECTION,/hdd/flapmax/tt-metal/tt_metal/hw/firmware/src/tt-1xx/trisck.cc,73,tile_fused:explicit_throughput,1
8.971,9.365,14,stall,13222245991075,13222245991469,slot0_x3_y1,0,3,1,TILE,TRISC-KERNEL,/hdd/flapmax/tt-metal/tt_metal/hw/firmware/src/tt-1xx/trisck.cc,73,tile_fused:trisc_kernel_base,1
9.365,9.419,14,active,13222245991469,13222245991523,slot0_x3_y1,0,3,1,TILE,THROUGHPUT_SECTION,/hdd/flapmax/tt-metal/tt_metal/hw/firmware/src/tt-1xx/trisck.cc,73,tile_fused:explicit_throughput,1
9.419,9.472,14,stall,13222245991523,13222245991576,slot0_x3_y1,0,3,1,TILE,TRISC-KERNEL,/hdd/flapmax/tt-metal/tt_metal/hw/firmware/src/tt-1xx/trisck.cc,73,tile_fused:trisc_kernel_base,1
9.472,9.494,14,active,13222245991576,13222245991598,slot0_x3_y1,0,3,1,TILE,THROUGHPUT_SECTION,/hdd/flapmax/tt-metal/tt_metal/hw/firmware/src/tt-1xx/trisck.cc,73,tile_fused:explicit_throughput,1
9.494,9.592,14,stall,13222245991598,13222245991696,slot0_x3_y1,0,3,1,TILE,TRISC-KERNEL,/hdd/flapmax/tt-metal/tt_metal/hw/firmware/src/tt-1xx/trisck.cc,73,tile_fused:trisc_kernel_base,1
9.592,9.611,14,active,13222245991696,13222245991715,slot0_x3_y1,0,3,1,TILE,THROUGHPUT_SECTION,/hdd/flapmax/tt-metal/tt_metal/hw/firmware/src/tt-1xx/trisck.cc,73,tile_fused:explicit_throughput,1
9.611,10.041,14,stall,13222245991715,13222245992145,slot0_x3_y1,0,3,1,TILE,TRISC-KERNEL,/hdd/flapmax/tt-metal/tt_metal/hw/firmware/src/tt-1xx/trisck.cc,73,tile_fused:trisc_kernel_base,1
10.041,10.088,14,active,13222245992145,13222245992192,slot0_x3_y1,0,3,1,TILE,THROUGHPUT_SECTION,/hdd/flapmax/tt-metal/tt_metal/hw/firmware/src/tt-1xx/trisck.cc,73,tile_fused:explicit_throughput,1
10.088,10.148,14,stall,13222245992192,13222245992252,slot0_x3_y1,0,3,1,TILE,TRISC-KERNEL,/hdd/flapmax/tt-metal/tt_metal/hw/firmware/src/tt-1xx/trisck.cc,73,tile_fused:trisc_kernel_base,1
10.148,10.169,14,active,13222245992252,13222245992273,slot0_x3_y1,0,3,1,TILE,THROUGHPUT_SECTION,/hdd/flapmax/tt-metal/tt_metal/hw/firmware/src/tt-1xx/trisck.cc,73,tile_fused:explicit_throughput,1
10.169,10.268,14,stall,13222245992273,13222245992372,slot0_x3_y1,0,3,1,TILE,TRISC-KERNEL,/hdd/flapmax/tt-metal/tt_metal/hw/firmware/src/tt-1xx/trisck.cc,73,tile_fused:trisc_kernel_base,1
10.268,10.287,14,active,13222245992372,13222245992391,slot0_x3_y1,0,3,1,TILE,THROUGHPUT_SECTION,/hdd/flapmax/tt-metal/tt_metal/hw/firmware/src/tt-1xx/trisck.cc,73,tile_fused:explicit_throughput,1
10.287,10.682,14,stall,13222245992391,13222245992786,slot0_x3_y1,0,3,1,TILE,TRISC-KERNEL,/hdd/flapmax/tt-metal/tt_metal/hw/firmware/src/tt-1xx/trisck.cc,73,tile_fused:trisc_kernel_base,1
10.682,10.736,14,active,13222245992786,13222245992840,slot0_x3_y1,0,3,1,TILE,THROUGHPUT_SECTION,/hdd/flapmax/tt-metal/tt_metal/hw/firmware/src/tt-1xx/trisck.cc,73,tile_fused:explicit_throughput,1
10.736,10.788,14,stall,13222245992840,13222245992892,slot0_x3_y1,0,3,1,TILE,TRISC-KERNEL,/hdd/flapmax/tt-metal/tt_metal/hw/firmware/src/tt-1xx/trisck.cc,73,tile_fused:trisc_kernel_base,1
10.788,10.81,14,active,13222245992892,13222245992914,slot0_x3_y1,0,3,1,TILE,THROUGHPUT_SECTION,/hdd/flapmax/tt-metal/tt_metal/hw/firmware/src/tt-1xx/trisck.cc,73,tile_fused:explicit_throughput,1
10.81,10.911,14,stall,13222245992914,13222245993015,slot0_x3_y1,0,3,1,TILE,TRISC-KERNEL,/hdd/flapmax/tt-metal/tt_metal/hw/firmware/src/tt-1xx/trisck.cc,73,tile_fused:trisc_kernel_base,1
10.911,10.93,14,active,13222245993015,13222245993034,slot0_x3_y1,0,3,1,TILE,THROUGHPUT_SECTION,/hdd/flapmax/tt-metal/tt_metal/hw/firmware/src/tt-1xx/trisck.cc,73,tile_fused:explicit_throughput,1
10.93,11.463,14,stall,13222245993034,13222245993567,slot0_x3_y1,0,3,1,TILE,TRISC-KERNEL,/hdd/flapmax/tt-metal/tt_metal/hw/firmware/src/tt-1xx/trisck.cc,73,tile_fused:trisc_kernel_base,1
11.463,11.51,14,active,13222245993567,13222245993614,slot0_x3_y1,0,3,1,TILE,THROUGHPUT_SECTION,/hdd/flapmax/tt-metal/tt_metal/hw/firmware/src/tt-1xx/trisck.cc,73,tile_fused:explicit_throughput,1
11.51,11.563,14,stall,13222245993614,13222245993667,slot0_x3_y1,0,3,1,TILE,TRISC-KERNEL,/hdd/flapmax/tt-metal/tt_metal/hw/firmware/src/tt-1xx/trisck.cc,73,tile_fused:trisc_kernel_base,1
11.563,11.587,14,active,13222245993667,13222245993691,slot0_x3_y1,0,3,1,TILE,THROUGHPUT_SECTION,/hdd/flapmax/tt-metal/tt_metal/hw/firmware/src/tt-1xx/trisck.cc,73,tile_fused:explicit_throughput,1
11.587,11.693,14,stall,13222245993691,13222245993797,slot0_x3_y1,0,3,1,TILE,TRISC-KERNEL,/hdd/flapmax/tt-metal/tt_metal/hw/firmware/src/tt-1xx/trisck.cc,73,tile_fused:trisc_kernel_base,1
11.693,11.712,14,active,13222245993797,13222245993816,slot0_x3_y1,0,3,1,TILE,THROUGHPUT_SECTION,/hdd/flapmax/tt-metal/tt_metal/hw/firmware/src/tt-1xx/trisck.cc,73,tile_fused:explicit_throughput,1
11.712,12.083,14,stall,13222245993816,13222245994187,slot0_x3_y1,0,3,1,TILE,TRISC-KERNEL,/hdd/flapmax/tt-metal/tt_metal/hw/firmware/src/tt-1xx/trisck.cc,73,tile_fused:trisc_kernel_base,1
12.083,12.137,14,active,13222245994187,13222245994241,slot0_x3_y1,0,3,1,TILE,THROUGHPUT_SECTION,/hdd/flapmax/tt-metal/tt_metal/hw/firmware/src/tt-1xx/trisck.cc,73,tile_fused:explicit_throughput,1
12.137,12.191,14,stall,13222245994241,13222245994295,slot0_x3_y1,0,3,1,TILE,TRISC-KERNEL,/hdd/flapmax/tt-metal/tt_metal/hw/firmware/src/tt-1xx/trisck.cc,73,tile_fused:trisc_kernel_base,1
12.191,12.212,14,active,13222245994295,13222245994316,slot0_x3_y1,0,3,1,TILE,THROUGHPUT_SECTION,/hdd/flapmax/tt-metal/tt_metal/hw/firmware/src/tt-1xx/trisck.cc,73,tile_fused:explicit_throughput,1
12.212,12.314,14,stall,13222245994316,13222245994418,slot0_x3_y1,0,3,1,TILE,TRISC-KERNEL,/hdd/flapmax/tt-metal/tt_metal/hw/firmware/src/tt-1xx/trisck.cc,73,tile_fused:trisc_kernel_base,1
12.314,12.333,14,active,13222245994418,13222245994437,slot0_x3_y1,0,3,1,TILE,THROUGHPUT_SECTION,/hdd/flapmax/tt-metal/tt_metal/hw/firmware/src/tt-1xx/trisck.cc,73,tile_fused:explicit_throughput,1
12.333,12.812,14,stall,13222245994437,13222245994916,slot0_x3_y1,0,3,1,TILE,TRISC-KERNEL,/hdd/flapmax/tt-metal/tt_metal/hw/firmware/src/tt-1xx/trisck.cc,73,tile_fused:trisc_kernel_base,1
12.812,12.859,14,active,13222245994916,13222245994963,slot0_x3_y1,0,3,1,TILE,THROUGHPUT_SECTION,/hdd/flapmax/tt-metal/tt_metal/hw/firmware/src/tt-1xx/trisck.cc,73,tile_fused:explicit_throughput,1
12.859,13.645,14,stall,13222245994963,13222245995749,slot0_x3_y1,0,3,1,TILE,TRISC-KERNEL,/hdd/flapmax/tt-metal/tt_metal/hw/firmware/src/tt-1xx/trisck.cc,73,tile_fused:trisc_kernel_base,1
13.645,13.699,14,active,13222245995749,13222245995803,slot0_x3_y1,0,3,1,TILE,THROUGHPUT_SECTION,/hdd/flapmax/tt-metal/tt_metal/hw/firmware/src/tt-1xx/trisck.cc,73,tile_fused:explicit_throughput,1
13.699,14.596,14,stall,13222245995803,13222245996700,slot0_x3_y1,0,3,1,TILE,TRISC-KERNEL,/hdd/flapmax/tt-metal/tt_metal/hw/firmware/src/tt-1xx/trisck.cc,73,tile_fused:trisc_kernel_base,1
0.004,0.184,15,stall,13222245982108,13222245982288,slot0_x3_y2,0,3,2,TILE,TRISC-KERNEL,/hdd/flapmax/tt-metal/tt_metal/hw/firmware/src/tt-1xx/trisck.cc,73,tile_fused:trisc_kernel_base,1
0.184,0.205,15,active,13222245982288,13222245982309,slot0_x3_y2,0,3,2,TILE,THROUGHPUT_SECTION,/hdd/flapmax/tt-metal/tt_metal/hw/firmware/src/tt-1xx/trisck.cc,73,tile_fused:explicit_throughput,1
0.205,0.243,15,stall,13222245982309,13222245982347,slot0_x3_y2,0,3,2,TILE,TRISC-KERNEL,/hdd/flapmax/tt-metal/tt_metal/hw/firmware/src/tt-1xx/trisck.cc,73,tile_fused:trisc_kernel_base,1
0.243,0.264,15,active,13222245982347,13222245982368,slot0_x3_y2,0,3,2,TILE,THROUGHPUT_SECTION,/hdd/flapmax/tt-metal/tt_metal/hw/firmware/src/tt-1xx/trisck.cc,73,tile_fused:explicit_throughput,1
0.264,0.431,15,stall,13222245982368,13222245982535,slot0_x3_y2,0,3,2,TILE,TRISC-KERNEL,/hdd/flapmax/tt-metal/tt_metal/hw/firmware/src/tt-1xx/trisck.cc,73,tile_fused:trisc_kernel_base,1
0.431,0.45,15,active,13222245982535,13222245982554,slot0_x3_y2,0,3,2,TILE,THROUGHPUT_SECTION,/hdd/flapmax/tt-metal/tt_metal/hw/firmware/src/tt-1xx/trisck.cc,73,tile_fused:explicit_throughput,1
0.45,0.561,15,stall,13222245982554,13222245982665,slot0_x3_y2,0,3,2,TILE,TRISC-KERNEL,/hdd/flapmax/tt-metal/tt_metal/hw/firmware/src/tt-1xx/trisck.cc,73,tile_fused:trisc_kernel_base,1
0.561,0.58,15,active,13222245982665,13222245982684,slot0_x3_y2,0,3,2,TILE,THROUGHPUT_SECTION,/hdd/flapmax/tt-metal/tt_metal/hw/firmware/src/tt-1xx/trisck.cc,73,tile_fused:explicit_throughput,1
0.58,3.744,15,stall,13222245982684,13222245985848,slot0_x3_y2,0,3,2,TILE,TRISC-KERNEL,/hdd/flapmax/tt-metal/tt_metal/hw/firmware/src/tt-1xx/trisck.cc,73,tile_fused:trisc_kernel_base,1
3.744,3.79,15,active,13222245985848,13222245985894,slot0_x3_y2,0,3,2,TILE,THROUGHPUT_SECTION,/hdd/flapmax/tt-metal/tt_metal/hw/firmware/src/tt-1xx/trisck.cc,73,tile_fused:explicit_throughput,1
3.79,3.844,15,stall,13222245985894,13222245985948,slot0_x3_y2,0,3,2,TILE,TRISC-KERNEL,/hdd/flapmax/tt-metal/tt_metal/hw/firmware/src/tt-1xx/trisck.cc,73,tile_fused:trisc_kernel_base,1
3.844,3.868,15,active,13222245985948,13222245985972,slot0_x3_y2,0,3,2,TILE,THROUGHPUT_SECTION,/hdd/flapmax/tt-metal/tt_metal/hw/firmware/src/tt-1xx/trisck.cc,73,tile_fused:explicit_throughput,1
3.868,3.966,15,stall,13222245985972,13222245986070,slot0_x3_y2,0,3,2,TILE,TRISC-KERNEL,/hdd/flapmax/tt-metal/tt_metal/hw/firmware/src/tt-1xx/trisck.cc,73,tile_fused:trisc_kernel_base,1
3.966,3.985,15,active,13222245986070,13222245986089,slot0_x3_y2,0,3,2,TILE,THROUGHPUT_SECTION,/hdd/flapmax/tt-metal/tt_metal/hw/firmware/src/tt-1xx/trisck.cc,73,tile_fused:explicit_throughput,1
3.985,11.491,15,stall,13222245986089,13222245993595,slot0_x3_y2,0,3,2,TILE,TRISC-KERNEL,/hdd/flapmax/tt-metal/tt_metal/hw/firmware/src/tt-1xx/trisck.cc,73,tile_fused:trisc_kernel_base,1
11.491,11.551,15,active,13222245993595,13222245993655,slot0_x3_y2,0,3,2,TILE,THROUGHPUT_SECTION,/hdd/flapmax/tt-metal/tt_metal/hw/firmware/src/tt-1xx/trisck.cc,73,tile_fused:explicit_throughput,1
11.551,11.605,15,stall,13222245993655,13222245993709,slot0_x3_y2,0,3,2,TILE,TRISC-KERNEL,/hdd/flapmax/tt-metal/tt_metal/hw/firmware/src/tt-1xx/trisck.cc,73,tile_fused:trisc_kernel_base,1
11.605,11.626,15,active,13222245993709,13222245993730,slot0_x3_y2,0,3,2,TILE,THROUGHPUT_SECTION,/hdd/flapmax/tt-metal/tt_metal/hw/firmware/src/tt-1xx/trisck.cc,73,tile_fused:explicit_throughput,1
11.626,11.726,15,stall,13222245993730,13222245993830,slot0_x3_y2,0,3,2,TILE,TRISC-KERNEL,/hdd/flapmax/tt-metal/tt_metal/hw/firmware/src/tt-1xx/trisck.cc,73,tile_fused:trisc_kernel_base,1
11.726,11.746,15,active,13222245993830,13222245993850,slot0_x3_y2,0,3,2,TILE,THROUGHPUT_SECTION,/hdd/flapmax/tt-metal/tt_metal/hw/firmware/src/tt-1xx/trisck.cc,73,tile_fused:explicit_throughput,1
11.746,12.241,15,stall,13222245993850,13222245994345,slot0_x3_y2,0,3,2,TILE,TRISC-KERNEL,/hdd/flapmax/tt-metal/tt_metal/hw/firmware/src/tt-1xx/trisck.cc,73,tile_fused:trisc_kernel_base,1
12.241,12.288,15,active,13222245994345,13222245994392,slot0_x3_y2,0,3,2,TILE,THROUGHPUT_SECTION,/hdd/flapmax/tt-metal/tt_metal/hw/firmware/src/tt-1xx/trisck.cc,73,tile_fused:explicit_throughput,1
12.288,12.35,15,stall,13222245994392,13222245994454,slot0_x3_y2,0,3,2,TILE,TRISC-KERNEL,/hdd/flapmax/tt-metal/tt_metal/hw/firmware/src/tt-1xx/trisck.cc,73,tile_fused:trisc_kernel_base,1
12.35,12.373,15,active,13222245994454,13222245994477,slot0_x3_y2,0,3,2,TILE,THROUGHPUT_SECTION,/hdd/flapmax/tt-metal/tt_metal/hw/firmware/src/tt-1xx/trisck.cc,73,tile_fused:explicit_throughput,1
12.373,12.47,15,stall,13222245994477,13222245994574,slot0_x3_y2,0,3,2,TILE,TRISC-KERNEL,/hdd/flapmax/tt-metal/tt_metal/hw/firmware/src/tt-1xx/trisck.cc,73,tile_fused:trisc_kernel_base,1
12.47,12.489,15,active,13222245994574,13222245994593,slot0_x3_y2,0,3,2,TILE,THROUGHPUT_SECTION,/hdd/flapmax/tt-metal/tt_metal/hw/firmware/src/tt-1xx/trisck.cc,73,tile_fused:explicit_throughput,1
12.489,13.555,15,stall,13222245994593,13222245995659,slot0_x3_y2,0,3,2,TILE,TRISC-KERNEL,/hdd/flapmax/tt-metal/tt_metal/hw/firmware/src/tt-1xx/trisck.cc,73,tile_fused:trisc_kernel_base,1
13.555,13.609,15,active,13222245995659,13222245995713,slot0_x3_y2,0,3,2,TILE,THROUGHPUT_SECTION,/hdd/flapmax/tt-metal/tt_metal/hw/firmware/src/tt-1xx/trisck.cc,73,tile_fused:explicit_throughput,1
13.609,13.663,15,stall,13222245995713,13222245995767,slot0_x3_y2,0,3,2,TILE,TRISC-KERNEL,/hdd/flapmax/tt-metal/tt_metal/hw/firmware/src/tt-1xx/trisck.cc,73,tile_fused:trisc_kernel_base,1
13.663,13.685,15,active,13222245995767,13222245995789,slot0_x3_y2,0,3,2,TILE,THROUGHPUT_SECTION,/hdd/flapmax/tt-metal/tt_metal/hw/firmware/src/tt-1xx/trisck.cc,73,tile_fused:explicit_throughput,1
13.685,13.785,15,stall,13222245995789,13222245995889,slot0_x3_y2,0,3,2,TILE,TRISC-KERNEL,/hdd/flapmax/tt-metal/tt_metal/hw/firmware/src/tt-1xx/trisck.cc,73,tile_fused:trisc_kernel_base,1
13.785,13.804,15,active,13222245995889,13222245995908,slot0_x3_y2,0,3,2,TILE,THROUGHPUT_SECTION,/hdd/flapmax/tt-metal/tt_metal/hw/firmware/src/tt-1xx/trisck.cc,73,tile_fused:explicit_throughput,1
13.804,14.759,15,stall,13222245995908,13222245996863,slot0_x3_y2,0,3,2,TILE,TRISC-KERNEL,/hdd/flapmax/tt-metal/tt_metal/hw/firmware/src/tt-1xx/trisck.cc,73,tile_fused:trisc_kernel_base,1
14.759,14.806,15,active,13222245996863,13222245996910,slot0_x3_y2,0,3,2,TILE,THROUGHPUT_SECTION,/hdd/flapmax/tt-metal/tt_metal/hw/firmware/src/tt-1xx/trisck.cc,73,tile_fused:explicit_throughput,1
14.806,14.859,15,stall,13222245996910,13222245996963,slot0_x3_y2,0,3,2,TILE,TRISC-KERNEL,/hdd/flapmax/tt-metal/tt_metal/hw/firmware/src/tt-1xx/trisck.cc,73,tile_fused:trisc_kernel_base,1
14.859,14.88,15,active,13222245996963,13222245996984,slot0_x3_y2,0,3,2,TILE,THROUGHPUT_SECTION,/hdd/flapmax/tt-metal/tt_metal/hw/firmware/src/tt-1xx/trisck.cc,73,tile_fused:explicit_throughput,1
14.88,14.98,15,stall,13222245996984,13222245997084,slot0_x3_y2,0,3,2,TILE,TRISC-KERNEL,/hdd/flapmax/tt-metal/tt_metal/hw/firmware/src/tt-1xx/trisck.cc,73,tile_fused:trisc_kernel_base,1
14.98,15.002,15,active,13222245997084,13222245997106,slot0_x3_y2,0,3,2,TILE,THROUGHPUT_SECTION,/hdd/flapmax/tt-metal/tt_metal/hw/firmware/src/tt-1xx/trisck.cc,73,tile_fused:explicit_throughput,1
15.002,15.478,15,stall,13222245997106,13222245997582,slot0_x3_y2,0,3,2,TILE,TRISC-KERNEL,/hdd/flapmax/tt-metal/tt_metal/hw/firmware/src/tt-1xx/trisck.cc,73,tile_fused:trisc_kernel_base,1
15.478,15.532,15,active,13222245997582,13222245997636,slot0_x3_y2,0,3,2,TILE,THROUGHPUT_SECTION,/hdd/flapmax/tt-metal/tt_metal/hw/firmware/src/tt-1xx/trisck.cc,73,tile_fused:explicit_throughput,1
15.532,15.584,15,stall,13222245997636,13222245997688,slot0_x3_y2,0,3,2,TILE,TRISC-KERNEL,/hdd/flapmax/tt-metal/tt_metal/hw/firmware/src/tt-1xx/trisck.cc,73,tile_fused:trisc_kernel_base,1
15.584,15.607,15,active,13222245997688,13222245997711,slot0_x3_y2,0,3,2,TILE,THROUGHPUT_SECTION,/hdd/flapmax/tt-metal/tt_metal/hw/firmware/src/tt-1xx/trisck.cc,73,tile_fused:explicit_throughput,1
15.607,15.705,15,stall,13222245997711,13222245997809,slot0_x3_y2,0,3,2,TILE,TRISC-KERNEL,/hdd/flapmax/tt-metal/tt_metal/hw/firmware/src/tt-1xx/trisck.cc,73,tile_fused:trisc_kernel_base,1
15.705,15.724,15,active,13222245997809,13222245997828,slot0_x3_y2,0,3,2,TILE,THROUGHPUT_SECTION,/hdd/flapmax/tt-metal/tt_metal/hw/firmware/src/tt-1xx/trisck.cc,73,tile_fused:explicit_throughput,1
15.724,16.196,15,stall,13222245997828,13222245998300,slot0_x3_y2,0,3,2,TILE,TRISC-KERNEL,/hdd/flapmax/tt-metal/tt_metal/hw/firmware/src/tt-1xx/trisck.cc,73,tile_fused:trisc_kernel_base,1
16.196,16.243,15,active,13222245998300,13222245998347,slot0_x3_y2,0,3,2,TILE,THROUGHPUT_SECTION,/hdd/flapmax/tt-metal/tt_metal/hw/firmware/src/tt-1xx/trisck.cc,73,tile_fused:explicit_throughput,1
16.243,16.303,15,stall,13222245998347,13222245998407,slot0_x3_y2,0,3,2,TILE,TRISC-KERNEL,/hdd/flapmax/tt-metal/tt_metal/hw/firmware/src/tt-1xx/trisck.cc,73,tile_fused:trisc_kernel_base,1
16.303,16.324,15,active,13222245998407,13222245998428,slot0_x3_y2,0,3,2,TILE,THROUGHPUT_SECTION,/hdd/flapmax/tt-metal/tt_metal/hw/firmware/src/tt-1xx/trisck.cc,73,tile_fused:explicit_throughput,1
16.324,16.424,15,stall,13222245998428,13222245998528,slot0_x3_y2,0,3,2,TILE,TRISC-KERNEL,/hdd/flapmax/tt-metal/tt_metal/hw/firmware/src/tt-1xx/trisck.cc,73,tile_fused:trisc_kernel_base,1
16.424,16.443,15,active,13222245998528,13222245998547,slot0_x3_y2,0,3,2,TILE,THROUGHPUT_SECTION,/hdd/flapmax/tt-metal/tt_metal/hw/firmware/src/tt-1xx/trisck.cc,73,tile_fused:explicit_throughput,1
16.443,16.981,15,stall,13222245998547,13222245999085,slot0_x3_y2,0,3,2,TILE,TRISC-KERNEL,/hdd/flapmax/tt-metal/tt_metal/hw/firmware/src/tt-1xx/trisck.cc,73,tile_fused:trisc_kernel_base,1
16.981,17.033,15,active,13222245999085,13222245999137,slot0_x3_y2,0,3,2,TILE,THROUGHPUT_SECTION,/hdd/flapmax/tt-metal/tt_metal/hw/firmware/src/tt-1xx/trisck.cc,73,tile_fused:explicit_throughput,1
17.033,17.088,15,stall,13222245999137,13222245999192,slot0_x3_y2,0,3,2,TILE,TRISC-KERNEL,/hdd/flapmax/tt-metal/tt_metal/hw/firmware/src/tt-1xx/trisck.cc,73,tile_fused:trisc_kernel_base,1
17.088,17.11,15,active,13222245999192,13222245999214,slot0_x3_y2,0,3,2,TILE,THROUGHPUT_SECTION,/hdd/flapmax/tt-metal/tt_metal/hw/firmware/src/tt-1xx/trisck.cc,73,tile_fused:explicit_throughput,1
17.11,17.209,15,stall,13222245999214,13222245999313,slot0_x3_y2,0,3,2,TILE,TRISC-KERNEL,/hdd/flapmax/tt-metal/tt_metal/hw/firmware/src/tt-1xx/trisck.cc,73,tile_fused:trisc_kernel_base,1
17.209,17.228,15,active,13222245999313,13222245999332,slot0_x3_y2,0,3,2,TILE,THROUGHPUT_SECTION,/hdd/flapmax/tt-metal/tt_metal/hw/firmware/src/tt-1xx/trisck.cc,73,tile_fused:explicit_throughput,1
17.228,17.773,15,stall,13222245999332,13222245999877,slot0_x3_y2,0,3,2,TILE,TRISC-KERNEL,/hdd/flapmax/tt-metal/tt_metal/hw/firmware/src/tt-1xx/trisck.cc,73,tile_fused:trisc_kernel_base,1
17.773,17.82,15,active,13222245999877,13222245999924,slot0_x3_y2,0,3,2,TILE,THROUGHPUT_SECTION,/hdd/flapmax/tt-metal/tt_metal/hw/firmware/src/tt-1xx/trisck.cc,73,tile_fused:explicit_throughput,1
17.82,17.873,15,stall,13222245999924,13222245999977,slot0_x3_y2,0,3,2,TILE,TRISC-KERNEL,/hdd/flapmax/tt-metal/tt_metal/hw/firmware/src/tt-1xx/trisck.cc,73,tile_fused:trisc_kernel_base,1
17.873,17.894,15,active,13222245999977,13222245999998,slot0_x3_y2,0,3,2,TILE,THROUGHPUT_SECTION,/hdd/flapmax/tt-metal/tt_metal/hw/firmware/src/tt-1xx/trisck.cc,73,tile_fused:explicit_throughput,1
17.894,17.994,15,stall,13222245999998,13222246000098,slot0_x3_y2,0,3,2,TILE,TRISC-KERNEL,/hdd/flapmax/tt-metal/tt_metal/hw/firmware/src/tt-1xx/trisck.cc,73,tile_fused:trisc_kernel_base,1
17.994,18.013,15,active,13222246000098,13222246000117,slot0_x3_y2,0,3,2,TILE,THROUGHPUT_SECTION,/hdd/flapmax/tt-metal/tt_metal/hw/firmware/src/tt-1xx/trisck.cc,73,tile_fused:explicit_throughput,1
18.013,18.652,15,stall,13222246000117,13222246000756,slot0_x3_y2,0,3,2,TILE,TRISC-KERNEL,/hdd/flapmax/tt-metal/tt_metal/hw/firmware/src/tt-1xx/trisck.cc,73,tile_fused:trisc_kernel_base,1
18.652,18.706,15,active,13222246000756,13222246000810,slot0_x3_y2,0,3,2,TILE,THROUGHPUT_SECTION,/hdd/flapmax/tt-metal/tt_metal/hw/firmware/src/tt-1xx/trisck.cc,73,tile_fused:explicit_throughput,1
18.706,18.76,15,stall,13222246000810,13222246000864,slot0_x3_y2,0,3,2,TILE,TRISC-KERNEL,/hdd/flapmax/tt-metal/tt_metal/hw/firmware/src/tt-1xx/trisck.cc,73,tile_fused:trisc_kernel_base,1
18.76,18.781,15,active,13222246000864,13222246000885,slot0_x3_y2,0,3,2,TILE,THROUGHPUT_SECTION,/hdd/flapmax/tt-metal/tt_metal/hw/firmware/src/tt-1xx/trisck.cc,73,tile_fused:explicit_throughput,1
18.781,18.881,15,stall,13222246000885,13222246000985,slot0_x3_y2,0,3,2,TILE,TRISC-KERNEL,/hdd/flapmax/tt-metal/tt_metal/hw/firmware/src/tt-1xx/trisck.cc,73,tile_fused:trisc_kernel_base,1
18.881,18.901,15,active,13222246000985,13222246001005,slot0_x3_y2,0,3,2,TILE,THROUGHPUT_SECTION,/hdd/flapmax/tt-metal/tt_metal/hw/firmware/src/tt-1xx/trisck.cc,73,tile_fused:explicit_throughput,1
18.901,19.44,15,stall,13222246001005,13222246001544,slot0_x3_y2,0,3,2,TILE,TRISC-KERNEL,/hdd/flapmax/tt-metal/tt_metal/hw/firmware/src/tt-1xx/trisck.cc,73,tile_fused:trisc_kernel_base,1
19.44,19.487,15,active,13222246001544,13222246001591,slot0_x3_y2,0,3,2,TILE,THROUGHPUT_SECTION,/hdd/flapmax/tt-metal/tt_metal/hw/firmware/src/tt-1xx/trisck.cc,73,tile_fused:explicit_throughput,1
19.487,20.159,15,stall,13222246001591,13222246002263,slot0_x3_y2,0,3,2,TILE,TRISC-KERNEL,/hdd/flapmax/tt-metal/tt_metal/hw/firmware/src/tt-1xx/trisck.cc,73,tile_fused:trisc_kernel_base,1
20.159,20.213,15,active,13222246002263,13222246002317,slot0_x3_y2,0,3,2,TILE,THROUGHPUT_SECTION,/hdd/flapmax/tt-metal/tt_metal/hw/firmware/src/tt-1xx/trisck.cc,73,tile_fused:explicit_throughput,1
20.213,21.039,15,stall,13222246002317,13222246003143,slot0_x3_y2,0,3,2,TILE,TRISC-KERNEL,/hdd/flapmax/tt-metal/tt_metal/hw/firmware/src/tt-1xx/trisck.cc,73,tile_fused:trisc_kernel_base,1
0.033,0.213,16,stall,13222245982137,13222245982317,slot0_x3_y3,0,3,3,TILE,TRISC-KERNEL,/hdd/flapmax/tt-metal/tt_metal/hw/firmware/src/tt-1xx/trisck.cc,73,tile_fused:trisc_kernel_base,1
0.213,0.234,16,active,13222245982317,13222245982338,slot0_x3_y3,0,3,3,TILE,THROUGHPUT_SECTION,/hdd/flapmax/tt-metal/tt_metal/hw/firmware/src/tt-1xx/trisck.cc,73,tile_fused:explicit_throughput,1
0.234,0.272,16,stall,13222245982338,13222245982376,slot0_x3_y3,0,3,3,TILE,TRISC-KERNEL,/hdd/flapmax/tt-metal/tt_metal/hw/firmware/src/tt-1xx/trisck.cc,73,tile_fused:trisc_kernel_base,1
0.272,0.293,16,active,13222245982376,13222245982397,slot0_x3_y3,0,3,3,TILE,THROUGHPUT_SECTION,/hdd/flapmax/tt-metal/tt_metal/hw/firmware/src/tt-1xx/trisck.cc,73,tile_fused:explicit_throughput,1
0.293,0.492,16,stall,13222245982397,13222245982596,slot0_x3_y3,0,3,3,TILE,TRISC-KERNEL,/hdd/flapmax/tt-metal/tt_metal/hw/firmware/src/tt-1xx/trisck.cc,73,tile_fused:trisc_kernel_base,1
0.492,0.511,16,active,13222245982596,13222245982615,slot0_x3_y3,0,3,3,TILE,THROUGHPUT_SECTION,/hdd/flapmax/tt-metal/tt_metal/hw/firmware/src/tt-1xx/trisck.cc,73,tile_fused:explicit_throughput,1
0.511,0.624,16,stall,13222245982615,13222245982728,slot0_x3_y3,0,3,3,TILE,TRISC-KERNEL,/hdd/flapmax/tt-metal/tt_metal/hw/firmware/src/tt-1xx/trisck.cc,73,tile_fused:trisc_kernel_base,1
0.624,0.645,16,active,13222245982728,13222245982749,slot0_x3_y3,0,3,3,TILE,THROUGHPUT_SECTION,/hdd/flapmax/tt-metal/tt_metal/hw/firmware/src/tt-1xx/trisck.cc,73,tile_fused:explicit_throughput,1
0.645,4.63,16,stall,13222245982749,13222245986734,slot0_x3_y3,0,3,3,TILE,TRISC-KERNEL,/hdd/flapmax/tt-metal/tt_metal/hw/firmware/src/tt-1xx/trisck.cc,73,tile_fused:trisc_kernel_base,1
4.63,4.676,16,active,13222245986734,13222245986780,slot0_x3_y3,0,3,3,TILE,THROUGHPUT_SECTION,/hdd/flapmax/tt-metal/tt_metal/hw/firmware/src/tt-1xx/trisck.cc,73,tile_fused:explicit_throughput,1
4.676,4.73,16,stall,13222245986780,13222245986834,slot0_x3_y3,0,3,3,TILE,TRISC-KERNEL,/hdd/flapmax/tt-metal/tt_metal/hw/firmware/src/tt-1xx/trisck.cc,73,tile_fused:trisc_kernel_base,1
4.73,4.754,16,active,13222245986834,13222245986858,slot0_x3_y3,0,3,3,TILE,THROUGHPUT_SECTION,/hdd/flapmax/tt-metal/tt_metal/hw/firmware/src/tt-1xx/trisck.cc,73,tile_fused:explicit_throughput,1
4.754,4.852,16,stall,13222245986858,13222245986956,slot0_x3_y3,0,3,3,TILE,TRISC-KERNEL,/hdd/flapmax/tt-metal/tt_metal/hw/firmware/src/tt-1xx/trisck.cc,73,tile_fused:trisc_kernel_base,1
4.852,4.871,16,active,13222245986956,13222245986975,slot0_x3_y3,0,3,3,TILE,THROUGHPUT_SECTION,/hdd/flapmax/tt-metal/tt_metal/hw/firmware/src/tt-1xx/trisck.cc,73,tile_fused:explicit_throughput,1
4.871,12.657,16,stall,13222245986975,13222245994761,slot0_x3_y3,0,3,3,TILE,TRISC-KERNEL,/hdd/flapmax/tt-metal/tt_metal/hw/firmware/src/tt-1xx/trisck.cc,73,tile_fused:trisc_kernel_base,1
12.657,12.717,16,active,13222245994761,13222245994821,slot0_x3_y3,0,3,3,TILE,THROUGHPUT_SECTION,/hdd/flapmax/tt-metal/tt_metal/hw/firmware/src/tt-1xx/trisck.cc,73,tile_fused:explicit_throughput,1
12.717,12.771,16,stall,13222245994821,13222245994875,slot0_x3_y3,0,3,3,TILE,TRISC-KERNEL,/hdd/flapmax/tt-metal/tt_metal/hw/firmware/src/tt-1xx/trisck.cc,73,tile_fused:trisc_kernel_base,1
12.771,12.792,16,active,13222245994875,13222245994896,slot0_x3_y3,0,3,3,TILE,THROUGHPUT_SECTION,/hdd/flapmax/tt-metal/tt_metal/hw/firmware/src/tt-1xx/trisck.cc,73,tile_fused:explicit_throughput,1
12.792,12.892,16,stall,13222245994896,13222245994996,slot0_x3_y3,0,3,3,TILE,TRISC-KERNEL,/hdd/flapmax/tt-metal/tt_metal/hw/firmware/src/tt-1xx/trisck.cc,73,tile_fused:trisc_kernel_base,1
12.892,12.912,16,active,13222245994996,13222245995016,slot0_x3_y3,0,3,3,TILE,THROUGHPUT_SECTION,/hdd/flapmax/tt-metal/tt_metal/hw/firmware/src/tt-1xx/trisck.cc,73,tile_fused:explicit_throughput,1
12.912,13.429,16,stall,13222245995016,13222245995533,slot0_x3_y3,0,3,3,TILE,TRISC-KERNEL,/hdd/flapmax/tt-metal/tt_metal/hw/firmware/src/tt-1xx/trisck.cc,73,tile_fused:trisc_kernel_base,1
13.429,13.476,16,active,13222245995533,13222245995580,slot0_x3_y3,0,3,3,TILE,THROUGHPUT_SECTION,/hdd/flapmax/tt-metal/tt_metal/hw/firmware/src/tt-1xx/trisck.cc,73,tile_fused:explicit_throughput,1
13.476,13.538,16,stall,13222245995580,13222245995642,slot0_x3_y3,0,3,3,TILE,TRISC-KERNEL,/hdd/flapmax/tt-metal/tt_metal/hw/firmware/src/tt-1xx/trisck.cc,73,tile_fused:trisc_kernel_base,1
13.538,13.56,16,active,13222245995642,13222245995664,slot0_x3_y3,0,3,3,TILE,THROUGHPUT_SECTION,/hdd/flapmax/tt-metal/tt_metal/hw/firmware/src/tt-1xx/trisck.cc,73,tile_fused:explicit_throughput,1
13.56,13.658,16,stall,13222245995664,13222245995762,slot0_x3_y3,0,3,3,TILE,TRISC-KERNEL,/hdd/flapmax/tt-metal/tt_metal/hw/firmware/src/tt-1xx/trisck.cc,73,tile_fused:trisc_kernel_base,1
13.658,13.677,16,active,13222245995762,13222245995781,slot0_x3_y3,0,3,3,TILE,THROUGHPUT_SECTION,/hdd/flapmax/tt-metal/tt_metal/hw/firmware/src/tt-1xx/trisck.cc,73,tile_fused:explicit_throughput,1
13.677,14.733,16,stall,13222245995781,13222245996837,slot0_x3_y3,0,3,3,TILE,TRISC-KERNEL,/hdd/flapmax/tt-metal/tt_metal/hw/firmware/src/tt-1xx/trisck.cc,73,tile_fused:trisc_kernel_base,1
14.733,14.787,16,active,13222245996837,13222245996891,slot0_x3_y3,0,3,3,TILE,THROUGHPUT_SECTION,/hdd/flapmax/tt-metal/tt_metal/hw/firmware/src/tt-1xx/trisck.cc,73,tile_fused:explicit_throughput,1
14.787,14.842,16,stall,13222245996891,13222245996946,slot0_x3_y3,0,3,3,TILE,TRISC-KERNEL,/hdd/flapmax/tt-metal/tt_metal/hw/firmware/src/tt-1xx/trisck.cc,73,tile_fused:trisc_kernel_base,1
14.842,14.864,16,active,13222245996946,13222245996968,slot0_x3_y3,0,3,3,TILE,THROUGHPUT_SECTION,/hdd/flapmax/tt-metal/tt_metal/hw/firmware/src/tt-1xx/trisck.cc,73,tile_fused:explicit_throughput,1
14.864,14.962,16,stall,13222245996968,13222245997066,slot0_x3_y3,0,3,3,TILE,TRISC-KERNEL,/hdd/flapmax/tt-metal/tt_metal/hw/firmware/src/tt-1xx/trisck.cc,73,tile_fused:trisc_kernel_base,1
14.962,14.981,16,active,13222245997066,13222245997085,slot0_x3_y3,0,3,3,TILE,THROUGHPUT_SECTION,/hdd/flapmax/tt-metal/tt_metal/hw/firmware/src/tt-1xx/trisck.cc,73,tile_fused:explicit_throughput,1
14.981,15.634,16,stall,13222245997085,13222245997738,slot0_x3_y3,0,3,3,TILE,TRISC-KERNEL,/hdd/flapmax/tt-metal/tt_metal/hw/firmware/src/tt-1xx/trisck.cc,73,tile_fused:trisc_kernel_base,1
15.634,15.682,16,active,13222245997738,13222245997786,slot0_x3_y3,0,3,3,TILE,THROUGHPUT_SECTION,/hdd/flapmax/tt-metal/tt_metal/hw/firmware/src/tt-1xx/trisck.cc,73,tile_fused:explicit_throughput,1
15.682,15.734,16,stall,13222245997786,13222245997838,slot0_x3_y3,0,3,3,TILE,TRISC-KERNEL,/hdd/flapmax/tt-metal/tt_metal/hw/firmware/src/tt-1xx/trisck.cc,73,tile_fused:trisc_kernel_base,1
15.734,15.756,16,active,13222245997838,13222245997860,slot0_x3_y3,0,3,3,TILE,THROUGHPUT_SECTION,/hdd/flapmax/tt-metal/tt_metal/hw/firmware/src/tt-1xx/trisck.cc,73,tile_fused:explicit_throughput,1
15.756,15.856,16,stall,13222245997860,13222245997960,slot0_x3_y3,0,3,3,TILE,TRISC-KERNEL,/hdd/flapmax/tt-metal/tt_metal/hw/firmware/src/tt-1xx/trisck.cc,73,tile_fused:trisc_kernel_base,1
15.856,15.875,16,active,13222245997960,13222245997979,slot0_x3_y3,0,3,3,TILE,THROUGHPUT_SECTION,/hdd/flapmax/tt-metal/tt_metal/hw/firmware/src/tt-1xx/trisck.cc,73,tile_fused:explicit_throughput,1
15.875,16.899,16,stall,13222245997979,13222245999003,slot0_x3_y3,0,3,3,TILE,TRISC-KERNEL,/hdd/flapmax/tt-metal/tt_metal/hw/firmware/src/tt-1xx/trisck.cc,73,tile_fused:trisc_kernel_base,1
16.899,16.953,16,active,13222245999003,13222245999057,slot0_x3_y3,0,3,3,TILE,THROUGHPUT_SECTION,/hdd/flapmax/tt-metal/tt_metal/hw/firmware/src/tt-1xx/trisck.cc,73,tile_fused:explicit_throughput,1
16.953,17.005,16,stall,13222245999057,13222245999109,slot0_x3_y3,0,3,3,TILE,TRISC-KERNEL,/hdd/flapmax/tt-metal/tt_metal/hw/firmware/src/tt-1xx/trisck.cc,73,tile_fused:trisc_kernel_base,1
17.005,17.027,16,active,13222245999109,13222245999131,slot0_x3_y3,0,3,3,TILE,THROUGHPUT_SECTION,/hdd/flapmax/tt-metal/tt_metal/hw/firmware/src/tt-1xx/trisck.cc,73,tile_fused:explicit_throughput,1
17.027,17.127,16,stall,13222245999131,13222245999231,slot0_x3_y3,0,3,3,TILE,TRISC-KERNEL,/hdd/flapmax/tt-metal/tt_metal/hw/firmware/src/tt-1xx/trisck.cc,73,tile_fused:trisc_kernel_base,1
17.127,17.146,16,active,13222245999231,13222245999250,slot0_x3_y3,0,3,3,TILE,THROUGHPUT_SECTION,/hdd/flapmax/tt-metal/tt_metal/hw/firmware/src/tt-1xx/trisck.cc,73,tile_fused:explicit_throughput,1
17.146,17.828,16,stall,13222245999250,13222245999932,slot0_x3_y3,0,3,3,TILE,TRISC-KERNEL,/hdd/flapmax/tt-metal/tt_metal/hw/firmware/src/tt-1xx/trisck.cc,73,tile_fused:trisc_kernel_base,1
17.828,17.875,16,active,13222245999932,13222245999979,slot0_x3_y3,0,3,3,TILE,THROUGHPUT_SECTION,/hdd/flapmax/tt-metal/tt_metal/hw/firmware/src/tt-1xx/trisck.cc,73,tile_fused:explicit_throughput,1
17.875,17.935,16,stall,13222245999979,13222246000039,slot0_x3_y3,0,3,3,TILE,TRISC-KERNEL,/hdd/flapmax/tt-metal/tt_metal/hw/firmware/src/tt-1xx/trisck.cc,73,tile_fused:trisc_kernel_base,1
17.935,17.957,16,active,13222246000039,13222246000061,slot0_x3_y3,0,3,3,TILE,THROUGHPUT_SECTION,/hdd/flapmax/tt-metal/tt_metal/hw/firmware/src/tt-1xx/trisck.cc,73,tile_fused:explicit_throughput,1
17.957,18.055,16,stall,13222246000061,13222246000159,slot0_x3_y3,0,3,3,TILE,TRISC-KERNEL,/hdd/flapmax/tt-metal/tt_metal/hw/firmware/src/tt-1xx/trisck.cc,73,tile_fused:trisc_kernel_base,1
18.055,18.074,16,active,13222246000159,13222246000178,slot0_x3_y3,0,3,3,TILE,THROUGHPUT_SECTION,/hdd/flapmax/tt-metal/tt_metal/hw/firmware/src/tt-1xx/trisck.cc,73,tile_fused:explicit_throughput,1
18.074,18.498,16,stall,13222246000178,13222246000602,slot0_x3_y3,0,3,3,TILE,TRISC-KERNEL,/hdd/flapmax/tt-metal/tt_metal/hw/firmware/src/tt-1xx/trisck.cc,73,tile_fused:trisc_kernel_base,1
18.498,18.552,16,active,13222246000602,13222246000656,slot0_x3_y3,0,3,3,TILE,THROUGHPUT_SECTION,/hdd/flapmax/tt-metal/tt_metal/hw/firmware/src/tt-1xx/trisck.cc,73,tile_fused:explicit_throughput,1
18.552,18.604,16,stall,13222246000656,13222246000708,slot0_x3_y3,0,3,3,TILE,TRISC-KERNEL,/hdd/flapmax/tt-metal/tt_metal/hw/firmware/src/tt-1xx/trisck.cc,73,tile_fused:trisc_kernel_base,1
18.604,18.626,16,active,13222246000708,13222246000730,slot0_x3_y3,0,3,3,TILE,THROUGHPUT_SECTION,/hdd/flapmax/tt-metal/tt_metal/hw/firmware/src/tt-1xx/trisck.cc,73,tile_fused:explicit_throughput,1
18.626,18.725,16,stall,13222246000730,13222246000829,slot0_x3_y3,0,3,3,TILE,TRISC-KERNEL,/hdd/flapmax/tt-metal/tt_metal/hw/firmware/src/tt-1xx/trisck.cc,73,tile_fused:trisc_kernel_base,1
18.725,18.744,16,active,13222246000829,13222246000848,slot0_x3_y3,0,3,3,TILE,THROUGHPUT_SECTION,/hdd/flapmax/tt-metal/tt_metal/hw/firmware/src/tt-1xx/trisck.cc,73,tile_fused:explicit_throughput,1
18.744,19.27,16,stall,13222246000848,13222246001374,slot0_x3_y3,0,3,3,TILE,TRISC-KERNEL,/hdd/flapmax/tt-metal/tt_metal/hw/firmware/src/tt-1xx/trisck.cc,73,tile_fused:trisc_kernel_base,1
19.27,19.317,16,active,13222246001374,13222246001421,slot0_x3_y3,0,3,3,TILE,THROUGHPUT_SECTION,/hdd/flapmax/tt-metal/tt_metal/hw/firmware/src/tt-1xx/trisck.cc,73,tile_fused:explicit_throughput,1
19.317,19.37,16,stall,13222246001421,13222246001474,slot0_x3_y3,0,3,3,TILE,TRISC-KERNEL,/hdd/flapmax/tt-metal/tt_metal/hw/firmware/src/tt-1xx/trisck.cc,73,tile_fused:trisc_kernel_base,1
19.37,19.391,16,active,13222246001474,13222246001495,slot0_x3_y3,0,3,3,TILE,THROUGHPUT_SECTION,/hdd/flapmax/tt-metal/tt_metal/hw/firmware/src/tt-1xx/trisck.cc,73,tile_fused:explicit_throughput,1
19.391,19.491,16,stall,13222246001495,13222246001595,slot0_x3_y3,0,3,3,TILE,TRISC-KERNEL,/hdd/flapmax/tt-metal/tt_metal/hw/firmware/src/tt-1xx/trisck.cc,73,tile_fused:trisc_kernel_base,1
19.491,19.511,16,active,13222246001595,13222246001615,slot0_x3_y3,0,3,3,TILE,THROUGHPUT_SECTION,/hdd/flapmax/tt-metal/tt_metal/hw/firmware/src/tt-1xx/trisck.cc,73,tile_fused:explicit_throughput,1
19.511,19.79,16,stall,13222246001615,13222246001894,slot0_x3_y3,0,3,3,TILE,TRISC-KERNEL,/hdd/flapmax/tt-metal/tt_metal/hw/firmware/src/tt-1xx/trisck.cc,73,tile_fused:trisc_kernel_base,1
19.79,19.844,16,active,13222246001894,13222246001948,slot0_x3_y3,0,3,3,TILE,THROUGHPUT_SECTION,/hdd/flapmax/tt-metal/tt_metal/hw/firmware/src/tt-1xx/trisck.cc,73,tile_fused:explicit_throughput,1
19.844,19.897,16,stall,13222246001948,13222246002001,slot0_x3_y3,0,3,3,TILE,TRISC-KERNEL,/hdd/flapmax/tt-metal/tt_metal/hw/firmware/src/tt-1xx/trisck.cc,73,tile_fused:trisc_kernel_base,1
19.897,19.919,16,active,13222246002001,13222246002023,slot0_x3_y3,0,3,3,TILE,THROUGHPUT_SECTION,/hdd/flapmax/tt-metal/tt_metal/hw/firmware/src/tt-1xx/trisck.cc,73,tile_fused:explicit_throughput,1
19.919,20.018,16,stall,13222246002023,13222246002122,slot0_x3_y3,0,3,3,TILE,TRISC-KERNEL,/hdd/flapmax/tt-metal/tt_metal/hw/firmware/src/tt-1xx/trisck.cc,73,tile_fused:trisc_kernel_base,1
20.018,20.037,16,active,13222246002122,13222246002141,slot0_x3_y3,0,3,3,TILE,THROUGHPUT_SECTION,/hdd/flapmax/tt-metal/tt_metal/hw/firmware/src/tt-1xx/trisck.cc,73,tile_fused:explicit_throughput,1
20.037,20.725,16,stall,13222246002141,13222246002829,slot0_x3_y3,0,3,3,TILE,TRISC-KERNEL,/hdd/flapmax/tt-metal/tt_metal/hw/firmware/src/tt-1xx/trisck.cc,73,tile_fused:trisc_kernel_base,1
20.725,20.772,16,active,13222246002829,13222246002876,slot0_x3_y3,0,3,3,TILE,THROUGHPUT_SECTION,/hdd/flapmax/tt-metal/tt_metal/hw/firmware/src/tt-1xx/trisck.cc,73,tile_fused:explicit_throughput,1
20.772,21.505,16,stall,13222246002876,13222246003609,slot0_x3_y3,0,3,3,TILE,TRISC-KERNEL,/hdd/flapmax/tt-metal/tt_metal/hw/firmware/src/tt-1xx/trisck.cc,73,tile_fused:trisc_kernel_base,1
21.505,21.559,16,active,13222246003609,13222246003663,slot0_x3_y3,0,3,3,TILE,THROUGHPUT_SECTION,/hdd/flapmax/tt-metal/tt_metal/hw/firmware/src/tt-1xx/trisck.cc,73,tile_fused:explicit_throughput,1
21.559,22.287,16,stall,13222246003663,13222246004391,slot0_x3_y3,0,3,3,TILE,TRISC-KERNEL,/hdd/flapmax/tt-metal/tt_metal/hw/firmware/src/tt-1xx/trisck.cc,73,tile_fused:trisc_kernel_base,1
0.038,0.216,17,stall,13222245982142,13222245982320,slot0_x3_y4,0,3,4,TILE,TRISC-KERNEL,/hdd/flapmax/tt-metal/tt_metal/hw/firmware/src/tt-1xx/trisck.cc,73,tile_fused:trisc_kernel_base,1
0.216,0.238,17,active,13222245982320,13222245982342,slot0_x3_y4,0,3,4,TILE,THROUGHPUT_SECTION,/hdd/flapmax/tt-metal/tt_metal/hw/firmware/src/tt-1xx/trisck.cc,73,tile_fused:explicit_throughput,1
0.238,0.272,17,stall,13222245982342,13222245982376,slot0_x3_y4,0,3,4,TILE,TRISC-KERNEL,/hdd/flapmax/tt-metal/tt_metal/hw/firmware/src/tt-1xx/trisck.cc,73,tile_fused:trisc_kernel_base,1
0.272,0.293,17,active,13222245982376,13222245982397,slot0_x3_y4,0,3,4,TILE,THROUGHPUT_SECTION,/hdd/flapmax/tt-metal/tt_metal/hw/firmware/src/tt-1xx/trisck.cc,73,tile_fused:explicit_throughput,1
0.293,0.49,17,stall,13222245982397,13222245982594,slot0_x3_y4,0,3,4,TILE,TRISC-KERNEL,/hdd/flapmax/tt-metal/tt_metal/hw/firmware/src/tt-1xx/trisck.cc,73,tile_fused:trisc_kernel_base,1
0.49,0.509,17,active,13222245982594,13222245982613,slot0_x3_y4,0,3,4,TILE,THROUGHPUT_SECTION,/hdd/flapmax/tt-metal/tt_metal/hw/firmware/src/tt-1xx/trisck.cc,73,tile_fused:explicit_throughput,1
0.509,0.62,17,stall,13222245982613,13222245982724,slot0_x3_y4,0,3,4,TILE,TRISC-KERNEL,/hdd/flapmax/tt-metal/tt_metal/hw/firmware/src/tt-1xx/trisck.cc,73,tile_fused:trisc_kernel_base,1
0.62,0.639,17,active,13222245982724,13222245982743,slot0_x3_y4,0,3,4,TILE,THROUGHPUT_SECTION,/hdd/flapmax/tt-metal/tt_metal/hw/firmware/src/tt-1xx/trisck.cc,73,tile_fused:explicit_throughput,1
0.639,1.29,17,stall,13222245982743,13222245983394,slot0_x3_y4,0,3,4,TILE,TRISC-KERNEL,/hdd/flapmax/tt-metal/tt_metal/hw/firmware/src/tt-1xx/trisck.cc,73,tile_fused:trisc_kernel_base,1
1.29,1.336,17,active,13222245983394,13222245983440,slot0_x3_y4,0,3,4,TILE,THROUGHPUT_SECTION,/hdd/flapmax/tt-metal/tt_metal/hw/firmware/src/tt-1xx/trisck.cc,73,tile_fused:explicit_throughput,1
1.336,1.39,17,stall,13222245983440,13222245983494,slot0_x3_y4,0,3,4,TILE,TRISC-KERNEL,/hdd/flapmax/tt-metal/tt_metal/hw/firmware/src/tt-1xx/trisck.cc,73,tile_fused:trisc_kernel_base,1
1.39,1.415,17,active,13222245983494,13222245983519,slot0_x3_y4,0,3,4,TILE,THROUGHPUT_SECTION,/hdd/flapmax/tt-metal/tt_metal/hw/firmware/src/tt-1xx/trisck.cc,73,tile_fused:explicit_throughput,1
1.415,1.512,17,stall,13222245983519,13222245983616,slot0_x3_y4,0,3,4,TILE,TRISC-KERNEL,/hdd/flapmax/tt-metal/tt_metal/hw/firmware/src/tt-1xx/trisck.cc,73,tile_fused:trisc_kernel_base,1
1.512,1.531,17,active,13222245983616,13222245983635,slot0_x3_y4,0,3,4,TILE,THROUGHPUT_SECTION,/hdd/flapmax/tt-metal/tt_metal/hw/firmware/src/tt-1xx/trisck.cc,73,tile_fused:explicit_throughput,1
1.531,2.032,17,stall,13222245983635,13222245984136,slot0_x3_y4,0,3,4,TILE,TRISC-KERNEL,/hdd/flapmax/tt-metal/tt_metal/hw/firmware/src/tt-1xx/trisck.cc,73,tile_fused:trisc_kernel_base,1
2.032,2.093,17,active,13222245984136,13222245984197,slot0_x3_y4,0,3,4,TILE,THROUGHPUT_SECTION,/hdd/flapmax/tt-metal/tt_metal/hw/firmware/src/tt-1xx/trisck.cc,73,tile_fused:explicit_throughput,1
2.093,2.147,17,stall,13222245984197,13222245984251,slot0_x3_y4,0,3,4,TILE,TRISC-KERNEL,/hdd/flapmax/tt-metal/tt_metal/hw/firmware/src/tt-1xx/trisck.cc,73,tile_fused:trisc_kernel_base,1
2.147,2.169,17,active,13222245984251,13222245984273,slot0_x3_y4,0,3,4,TILE,THROUGHPUT_SECTION,/hdd/flapmax/tt-metal/tt_metal/hw/firmware/src/tt-1xx/trisck.cc,73,tile_fused:explicit_throughput,1
2.169,2.269,17,stall,13222245984273,13222245984373,slot0_x3_y4,0,3,4,TILE,TRISC-KERNEL,/hdd/flapmax/tt-metal/tt_metal/hw/firmware/src/tt-1xx/trisck.cc,73,tile_fused:trisc_kernel_base,1
2.269,2.289,17,active,13222245984373,13222245984393,slot0_x3_y4,0,3,4,TILE,THROUGHPUT_SECTION,/hdd/flapmax/tt-metal/tt_metal/hw/firmware/src/tt-1xx/trisck.cc,73,tile_fused:explicit_throughput,1
2.289,10.381,17,stall,13222245984393,13222245992485,slot0_x3_y4,0,3,4,TILE,TRISC-KERNEL,/hdd/flapmax/tt-metal/tt_metal/hw/firmware/src/tt-1xx/trisck.cc,73,tile_fused:trisc_kernel_base,1
10.381,10.427,17,active,13222245992485,13222245992531,slot0_x3_y4,0,3,4,TILE,THROUGHPUT_SECTION,/hdd/flapmax/tt-metal/tt_metal/hw/firmware/src/tt-1xx/trisck.cc,73,tile_fused:explicit_throughput,1
10.427,10.489,17,stall,13222245992531,13222245992593,slot0_x3_y4,0,3,4,TILE,TRISC-KERNEL,/hdd/flapmax/tt-metal/tt_metal/hw/firmware/src/tt-1xx/trisck.cc,73,tile_fused:trisc_kernel_base,1
10.489,10.512,17,active,13222245992593,13222245992616,slot0_x3_y4,0,3,4,TILE,THROUGHPUT_SECTION,/hdd/flapmax/tt-metal/tt_metal/hw/firmware/src/tt-1xx/trisck.cc,73,tile_fused:explicit_throughput,1
10.512,10.609,17,stall,13222245992616,13222245992713,slot0_x3_y4,0,3,4,TILE,TRISC-KERNEL,/hdd/flapmax/tt-metal/tt_metal/hw/firmware/src/tt-1xx/trisck.cc,73,tile_fused:trisc_kernel_base,1
10.609,10.629,17,active,13222245992713,13222245992733,slot0_x3_y4,0,3,4,TILE,THROUGHPUT_SECTION,/hdd/flapmax/tt-metal/tt_metal/hw/firmware/src/tt-1xx/trisck.cc,73,tile_fused:explicit_throughput,1
10.629,18.682,17,stall,13222245992733,13222246000786,slot0_x3_y4,0,3,4,TILE,TRISC-KERNEL,/hdd/flapmax/tt-metal/tt_metal/hw/firmware/src/tt-1xx/trisck.cc,73,tile_fused:trisc_kernel_base,1
18.682,18.734,17,active,13222246000786,13222246000838,slot0_x3_y4,0,3,4,TILE,THROUGHPUT_SECTION,/hdd/flapmax/tt-metal/tt_metal/hw/firmware/src/tt-1xx/trisck.cc,73,tile_fused:explicit_throughput,1
18.734,18.788,17,stall,13222246000838,13222246000892,slot0_x3_y4,0,3,4,TILE,TRISC-KERNEL,/hdd/flapmax/tt-metal/tt_metal/hw/firmware/src/tt-1xx/trisck.cc,73,tile_fused:trisc_kernel_base,1
18.788,18.81,17,active,13222246000892,13222246000914,slot0_x3_y4,0,3,4,TILE,THROUGHPUT_SECTION,/hdd/flapmax/tt-metal/tt_metal/hw/firmware/src/tt-1xx/trisck.cc,73,tile_fused:explicit_throughput,1
18.81,18.909,17,stall,13222246000914,13222246001013,slot0_x3_y4,0,3,4,TILE,TRISC-KERNEL,/hdd/flapmax/tt-metal/tt_metal/hw/firmware/src/tt-1xx/trisck.cc,73,tile_fused:trisc_kernel_base,1
18.909,18.928,17,active,13222246001013,13222246001032,slot0_x3_y4,0,3,4,TILE,THROUGHPUT_SECTION,/hdd/flapmax/tt-metal/tt_metal/hw/firmware/src/tt-1xx/trisck.cc,73,tile_fused:explicit_throughput,1
18.928,19.459,17,stall,13222246001032,13222246001563,slot0_x3_y4,0,3,4,TILE,TRISC-KERNEL,/hdd/flapmax/tt-metal/tt_metal/hw/firmware/src/tt-1xx/trisck.cc,73,tile_fused:trisc_kernel_base,1
19.459,19.506,17,active,13222246001563,13222246001610,slot0_x3_y4,0,3,4,TILE,THROUGHPUT_SECTION,/hdd/flapmax/tt-metal/tt_metal/hw/firmware/src/tt-1xx/trisck.cc,73,tile_fused:explicit_throughput,1
19.506,19.559,17,stall,13222246001610,13222246001663,slot0_x3_y4,0,3,4,TILE,TRISC-KERNEL,/hdd/flapmax/tt-metal/tt_metal/hw/firmware/src/tt-1xx/trisck.cc,73,tile_fused:trisc_kernel_base,1
19.559,19.581,17,active,13222246001663,13222246001685,slot0_x3_y4,0,3,4,TILE,THROUGHPUT_SECTION,/hdd/flapmax/tt-metal/tt_metal/hw/firmware/src/tt-1xx/trisck.cc,73,tile_fused:explicit_throughput,1
19.581,19.681,17,stall,13222246001685,13222246001785,slot0_x3_y4,0,3,4,TILE,TRISC-KERNEL,/hdd/flapmax/tt-metal/tt_metal/hw/firmware/src/tt-1xx/trisck.cc,73,tile_fused:trisc_kernel_base,1
19.681,19.701,17,active,13222246001785,13222246001805,slot0_x3_y4,0,3,4,TILE,THROUGHPUT_SECTION,/hdd/flapmax/tt-metal/tt_metal/hw/firmware/src/tt-1xx/trisck.cc,73,tile_fused:explicit_throughput,1
19.701,20.319,17,stall,13222246001805,13222246002423,slot0_x3_y4,0,3,4,TILE,TRISC-KERNEL,/hdd/flapmax/tt-metal/tt_metal/hw/firmware/src/tt-1xx/trisck.cc,73,tile_fused:trisc_kernel_base,1
20.319,20.373,17,active,13222246002423,13222246002477,slot0_x3_y4,0,3,4,TILE,THROUGHPUT_SECTION,/hdd/flapmax/tt-metal/tt_metal/hw/firmware/src/tt-1xx/trisck.cc,73,tile_fused:explicit_throughput,1
20.373,20.425,17,stall,13222246002477,13222246002529,slot0_x3_y4,0,3,4,TILE,TRISC-KERNEL,/hdd/flapmax/tt-metal/tt_metal/hw/firmware/src/tt-1xx/trisck.cc,73,tile_fused:trisc_kernel_base,1
20.425,20.449,17,active,13222246002529,13222246002553,slot0_x3_y4,0,3,4,TILE,THROUGHPUT_SECTION,/hdd/flapmax/tt-metal/tt_metal/hw/firmware/src/tt-1xx/trisck.cc,73,tile_fused:explicit_throughput,1
20.449,20.546,17,stall,13222246002553,13222246002650,slot0_x3_y4,0,3,4,TILE,TRISC-KERNEL,/hdd/flapmax/tt-metal/tt_metal/hw/firmware/src/tt-1xx/trisck.cc,73,tile_fused:trisc_kernel_base,1
20.546,20.565,17,active,13222246002650,13222246002669,slot0_x3_y4,0,3,4,TILE,THROUGHPUT_SECTION,/hdd/flapmax/tt-metal/tt_metal/hw/firmware/src/tt-1xx/trisck.cc,73,tile_fused:explicit_throughput,1
20.565,20.984,17,stall,13222246002669,13222246003088,slot0_x3_y4,0,3,4,TILE,TRISC-KERNEL,/hdd/flapmax/tt-metal/tt_metal/hw/firmware/src/tt-1xx/trisck.cc,73,tile_fused:trisc_kernel_base,1
20.984,21.031,17,active,13222246003088,13222246003135,slot0_x3_y4,0,3,4,TILE,THROUGHPUT_SECTION,/hdd/flapmax/tt-metal/tt_metal/hw/firmware/src/tt-1xx/trisck.cc,73,tile_fused:explicit_throughput,1
21.031,21.092,17,stall,13222246003135,13222246003196,slot0_x3_y4,0,3,4,TILE,TRISC-KERNEL,/hdd/flapmax/tt-metal/tt_metal/hw/firmware/src/tt-1xx/trisck.cc,73,tile_fused:trisc_kernel_base,1
21.092,21.113,17,active,13222246003196,13222246003217,slot0_x3_y4,0,3,4,TILE,THROUGHPUT_SECTION,/hdd/flapmax/tt-metal/tt_metal/hw/firmware/src/tt-1xx/trisck.cc,73,tile_fused:explicit_throughput,1
21.113,21.211,17,stall,13222246003217,13222246003315,slot0_x3_y4,0,3,4,TILE,TRISC-KERNEL,/hdd/flapmax/tt-metal/tt_metal/hw/firmware/src/tt-1xx/trisck.cc,73,tile_fused:trisc_kernel_base,1
21.211,21.23,17,active,13222246003315,13222246003334,slot0_x3_y4,0,3,4,TILE,THROUGHPUT_SECTION,/hdd/flapmax/tt-metal/tt_metal/hw/firmware/src/tt-1xx/trisck.cc,73,tile_fused:explicit_throughput,1
21.23,21.816,17,stall,13222246003334,13222246003920,slot0_x3_y4,0,3,4,TILE,TRISC-KERNEL,/hdd/flapmax/tt-metal/tt_metal/hw/firmware/src/tt-1xx/trisck.cc,73,tile_fused:trisc_kernel_base,1
21.816,21.87,17,active,13222246003920,13222246003974,slot0_x3_y4,0,3,4,TILE,THROUGHPUT_SECTION,/hdd/flapmax/tt-metal/tt_metal/hw/firmware/src/tt-1xx/trisck.cc,73,tile_fused:explicit_throughput,1
21.87,21.922,17,stall,13222246003974,13222246004026,slot0_x3_y4,0,3,4,TILE,TRISC-KERNEL,/hdd/flapmax/tt-metal/tt_metal/hw/firmware/src/tt-1xx/trisck.cc,73,tile_fused:trisc_kernel_base,1
21.922,21.943,17,active,13222246004026,13222246004047,slot0_x3_y4,0,3,4,TILE,THROUGHPUT_SECTION,/hdd/flapmax/tt-metal/tt_metal/hw/firmware/src/tt-1xx/trisck.cc,73,tile_fused:explicit_throughput,1
21.943,22.043,17,stall,13222246004047,13222246004147,slot0_x3_y4,0,3,4,TILE,TRISC-KERNEL,/hdd/flapmax/tt-metal/tt_metal/hw/firmware/src/tt-1xx/trisck.cc,73,tile_fused:trisc_kernel_base,1
22.043,22.063,17,active,13222246004147,13222246004167,slot0_x3_y4,0,3,4,TILE,THROUGHPUT_SECTION,/hdd/flapmax/tt-metal/tt_metal/hw/firmware/src/tt-1xx/trisck.cc,73,tile_fused:explicit_throughput,1
22.063,22.63,17,stall,13222246004167,13222246004734,slot0_x3_y4,0,3,4,TILE,TRISC-KERNEL,/hdd/flapmax/tt-metal/tt_metal/hw/firmware/src/tt-1xx/trisck.cc,73,tile_fused:trisc_kernel_base,1
22.63,22.677,17,active,13222246004734,13222246004781,slot0_x3_y4,0,3,4,TILE,THROUGHPUT_SECTION,/hdd/flapmax/tt-metal/tt_metal/hw/firmware/src/tt-1xx/trisck.cc,73,tile_fused:explicit_throughput,1
22.677,22.73,17,stall,13222246004781,13222246004834,slot0_x3_y4,0,3,4,TILE,TRISC-KERNEL,/hdd/flapmax/tt-metal/tt_metal/hw/firmware/src/tt-1xx/trisck.cc,73,tile_fused:trisc_kernel_base,1
22.73,22.751,17,active,13222246004834,13222246004855,slot0_x3_y4,0,3,4,TILE,THROUGHPUT_SECTION,/hdd/flapmax/tt-metal/tt_metal/hw/firmware/src/tt-1xx/trisck.cc,73,tile_fused:explicit_throughput,1
22.751,22.851,17,stall,13222246004855,13222246004955,slot0_x3_y4,0,3,4,TILE,TRISC-KERNEL,/hdd/flapmax/tt-metal/tt_metal/hw/firmware/src/tt-1xx/trisck.cc,73,tile_fused:trisc_kernel_base,1
22.851,22.871,17,active,13222246004955,13222246004975,slot0_x3_y4,0,3,4,TILE,THROUGHPUT_SECTION,/hdd/flapmax/tt-metal/tt_metal/hw/firmware/src/tt-1xx/trisck.cc,73,tile_fused:explicit_throughput,1
22.871,23.568,17,stall,13222246004975,13222246005672,slot0_x3_y4,0,3,4,TILE,TRISC-KERNEL,/hdd/flapmax/tt-metal/tt_metal/hw/firmware/src/tt-1xx/trisck.cc,73,tile_fused:trisc_kernel_base,1
23.568,23.622,17,active,13222246005672,13222246005726,slot0_x3_y4,0,3,4,TILE,THROUGHPUT_SECTION,/hdd/flapmax/tt-metal/tt_metal/hw/firmware/src/tt-1xx/trisck.cc,73,tile_fused:explicit_throughput,1
23.622,24.417,17,stall,13222246005726,13222246006521,slot0_x3_y4,0,3,4,TILE,TRISC-KERNEL,/hdd/flapmax/tt-metal/tt_metal/hw/firmware/src/tt-1xx/trisck.cc,73,tile_fused:trisc_kernel_base,1
24.417,24.464,17,active,13222246006521,13222246006568,slot0_x3_y4,0,3,4,TILE,THROUGHPUT_SECTION,/hdd/flapmax/tt-metal/tt_metal/hw/firmware/src/tt-1xx/trisck.cc,73,tile_fused:explicit_throughput,1
24.464,25.187,17,stall,13222246006568,13222246007291,slot0_x3_y4,0,3,4,TILE,TRISC-KERNEL,/hdd/flapmax/tt-metal/tt_metal/hw/firmware/src/tt-1xx/trisck.cc,73,tile_fused:trisc_kernel_base,1
0.071,0.257,18,stall,13222245982175,13222245982361,slot0_x3_y5,0,3,5,TILE,TRISC-KERNEL,/hdd/flapmax/tt-metal/tt_metal/hw/firmware/src/tt-1xx/trisck.cc,73,tile_fused:trisc_kernel_base,1
0.257,0.279,18,active,13222245982361,13222245982383,slot0_x3_y5,0,3,5,TILE,THROUGHPUT_SECTION,/hdd/flapmax/tt-metal/tt_metal/hw/firmware/src/tt-1xx/trisck.cc,73,tile_fused:explicit_throughput,1
0.279,0.313,18,stall,13222245982383,13222245982417,slot0_x3_y5,0,3,5,TILE,TRISC-KERNEL,/hdd/flapmax/tt-metal/tt_metal/hw/firmware/src/tt-1xx/trisck.cc,73,tile_fused:trisc_kernel_base,1
0.313,0.334,18,active,13222245982417,13222245982438,slot0_x3_y5,0,3,5,TILE,THROUGHPUT_SECTION,/hdd/flapmax/tt-metal/tt_metal/hw/firmware/src/tt-1xx/trisck.cc,73,tile_fused:explicit_throughput,1
0.334,0.508,18,stall,13222245982438,13222245982612,slot0_x3_y5,0,3,5,TILE,TRISC-KERNEL,/hdd/flapmax/tt-metal/tt_metal/hw/firmware/src/tt-1xx/trisck.cc,73,tile_fused:trisc_kernel_base,1
0.508,0.527,18,active,13222245982612,13222245982631,slot0_x3_y5,0,3,5,TILE,THROUGHPUT_SECTION,/hdd/flapmax/tt-metal/tt_metal/hw/firmware/src/tt-1xx/trisck.cc,73,tile_fused:explicit_throughput,1
0.527,0.639,18,stall,13222245982631,13222245982743,slot0_x3_y5,0,3,5,TILE,TRISC-KERNEL,/hdd/flapmax/tt-metal/tt_metal/hw/firmware/src/tt-1xx/trisck.cc,73,tile_fused:trisc_kernel_base,1
0.639,0.658,18,active,13222245982743,13222245982762,slot0_x3_y5,0,3,5,TILE,THROUGHPUT_SECTION,/hdd/flapmax/tt-metal/tt_metal/hw/firmware/src/tt-1xx/trisck.cc,73,tile_fused:explicit_throughput,1
0.658,1.079,18,stall,13222245982762,13222245983183,slot0_x3_y5,0,3,5,TILE,TRISC-KERNEL,/hdd/flapmax/tt-metal/tt_metal/hw/firmware/src/tt-1xx/trisck.cc,73,tile_fused:trisc_kernel_base,1
1.079,1.125,18,active,13222245983183,13222245983229,slot0_x3_y5,0,3,5,TILE,THROUGHPUT_SECTION,/hdd/flapmax/tt-metal/tt_metal/hw/firmware/src/tt-1xx/trisck.cc,73,tile_fused:explicit_throughput,1
1.125,1.179,18,stall,13222245983229,13222245983283,slot0_x3_y5,0,3,5,TILE,TRISC-KERNEL,/hdd/flapmax/tt-metal/tt_metal/hw/firmware/src/tt-1xx/trisck.cc,73,tile_fused:trisc_kernel_base,1
1.179,1.204,18,active,13222245983283,13222245983308,slot0_x3_y5,0,3,5,TILE,THROUGHPUT_SECTION,/hdd/flapmax/tt-metal/tt_metal/hw/firmware/src/tt-1xx/trisck.cc,73,tile_fused:explicit_throughput,1
1.204,1.301,18,stall,13222245983308,13222245983405,slot0_x3_y5,0,3,5,TILE,TRISC-KERNEL,/hdd/flapmax/tt-metal/tt_metal/hw/firmware/src/tt-1xx/trisck.cc,73,tile_fused:trisc_kernel_base,1
1.301,1.32,18,active,13222245983405,13222245983424,slot0_x3_y5,0,3,5,TILE,THROUGHPUT_SECTION,/hdd/flapmax/tt-metal/tt_metal/hw/firmware/src/tt-1xx/trisck.cc,73,tile_fused:explicit_throughput,1
1.32,1.89,18,stall,13222245983424,13222245983994,slot0_x3_y5,0,3,5,TILE,TRISC-KERNEL,/hdd/flapmax/tt-metal/tt_metal/hw/firmware/src/tt-1xx/trisck.cc,73,tile_fused:trisc_kernel_base,1
1.89,1.949,18,active,13222245983994,13222245984053,slot0_x3_y5,0,3,5,TILE,THROUGHPUT_SECTION,/hdd/flapmax/tt-metal/tt_metal/hw/firmware/src/tt-1xx/trisck.cc,73,tile_fused:explicit_throughput,1
1.949,2.003,18,stall,13222245984053,13222245984107,slot0_x3_y5,0,3,5,TILE,TRISC-KERNEL,/hdd/flapmax/tt-metal/tt_metal/hw/firmware/src/tt-1xx/trisck.cc,73,tile_fused:trisc_kernel_base,1
2.003,2.024,18,active,13222245984107,13222245984128,slot0_x3_y5,0,3,5,TILE,THROUGHPUT_SECTION,/hdd/flapmax/tt-metal/tt_metal/hw/firmware/src/tt-1xx/trisck.cc,73,tile_fused:explicit_throughput,1
2.024,2.124,18,stall,13222245984128,13222245984228,slot0_x3_y5,0,3,5,TILE,TRISC-KERNEL,/hdd/flapmax/tt-metal/tt_metal/hw/firmware/src/tt-1xx/trisck.cc,73,tile_fused:trisc_kernel_base,1
2.124,2.144,18,active,13222245984228,13222245984248,slot0_x3_y5,0,3,5,TILE,THROUGHPUT_SECTION,/hdd/flapmax/tt-metal/tt_metal/hw/firmware/src/tt-1xx/trisck.cc,73,tile_fused:explicit_throughput,1
2.144,2.691,18,stall,13222245984248,13222245984795,slot0_x3_y5,0,3,5,TILE,TRISC-KERNEL,/hdd/flapmax/tt-metal/tt_metal/hw/firmware/src/tt-1xx/trisck.cc,73,tile_fused:trisc_kernel_base,1
2.691,2.738,18,active,13222245984795,13222245984842,slot0_x3_y5,0,3,5,TILE,THROUGHPUT_SECTION,/hdd/flapmax/tt-metal/tt_metal/hw/firmware/src/tt-1xx/trisck.cc,73,tile_fused:explicit_throughput,1
2.738,2.8,18,stall,13222245984842,13222245984904,slot0_x3_y5,0,3,5,TILE,TRISC-KERNEL,/hdd/flapmax/tt-metal/tt_metal/hw/firmware/src/tt-1xx/trisck.cc,73,tile_fused:trisc_kernel_base,1
2.8,2.822,18,active,13222245984904,13222245984926,slot0_x3_y5,0,3,5,TILE,THROUGHPUT_SECTION,/hdd/flapmax/tt-metal/tt_metal/hw/firmware/src/tt-1xx/trisck.cc,73,tile_fused:explicit_throughput,1
2.822,2.92,18,stall,13222245984926,13222245985024,slot0_x3_y5,0,3,5,TILE,TRISC-KERNEL,/hdd/flapmax/tt-metal/tt_metal/hw/firmware/src/tt-1xx/trisck.cc,73,tile_fused:trisc_kernel_base,1
2.92,2.94,18,active,13222245985024,13222245985044,slot0_x3_y5,0,3,5,TILE,THROUGHPUT_SECTION,/hdd/flapmax/tt-metal/tt_metal/hw/firmware/src/tt-1xx/trisck.cc,73,tile_fused:explicit_throughput,1
2.94,3.745,18,stall,13222245985044,13222245985849,slot0_x3_y5,0,3,5,TILE,TRISC-KERNEL,/hdd/flapmax/tt-metal/tt_metal/hw/firmware/src/tt-1xx/trisck.cc,73,tile_fused:trisc_kernel_base,1
3.745,3.799,18,active,13222245985849,13222245985903,slot0_x3_y5,0,3,5,TILE,THROUGHPUT_SECTION,/hdd/flapmax/tt-metal/tt_metal/hw/firmware/src/tt-1xx/trisck.cc,73,tile_fused:explicit_throughput,1
3.799,3.853,18,stall,13222245985903,13222245985957,slot0_x3_y5,0,3,5,TILE,TRISC-KERNEL,/hdd/flapmax/tt-metal/tt_metal/hw/firmware/src/tt-1xx/trisck.cc,73,tile_fused:trisc_kernel_base,1
3.853,3.876,18,active,13222245985957,13222245985980,slot0_x3_y5,0,3,5,TILE,THROUGHPUT_SECTION,/hdd/flapmax/tt-metal/tt_metal/hw/firmware/src/tt-1xx/trisck.cc,73,tile_fused:explicit_throughput,1
3.876,3.974,18,stall,13222245985980,13222245986078,slot0_x3_y5,0,3,5,TILE,TRISC-KERNEL,/hdd/flapmax/tt-metal/tt_metal/hw/firmware/src/tt-1xx/trisck.cc,73,tile_fused:trisc_kernel_base,1
3.974,3.993,18,active,13222245986078,13222245986097,slot0_x3_y5,0,3,5,TILE,THROUGHPUT_SECTION,/hdd/flapmax/tt-metal/tt_metal/hw/firmware/src/tt-1xx/trisck.cc,73,tile_fused:explicit_throughput,1
3.993,4.651,18,stall,13222245986097,13222245986755,slot0_x3_y5,0,3,5,TILE,TRISC-KERNEL,/hdd/flapmax/tt-metal/tt_metal/hw/firmware/src/tt-1xx/trisck.cc,73,tile_fused:trisc_kernel_base,1
4.651,4.698,18,active,13222245986755,13222245986802,slot0_x3_y5,0,3,5,TILE,THROUGHPUT_SECTION,/hdd/flapmax/tt-metal/tt_metal/hw/firmware/src/tt-1xx/trisck.cc,73,tile_fused:explicit_throughput,1
4.698,4.751,18,stall,13222245986802,13222245986855,slot0_x3_y5,0,3,5,TILE,TRISC-KERNEL,/hdd/flapmax/tt-metal/tt_metal/hw/firmware/src/tt-1xx/trisck.cc,73,tile_fused:trisc_kernel_base,1
4.751,4.772,18,active,13222245986855,13222245986876,slot0_x3_y5,0,3,5,TILE,THROUGHPUT_SECTION,/hdd/flapmax/tt-metal/tt_metal/hw/firmware/src/tt-1xx/trisck.cc,73,tile_fused:explicit_throughput,1
4.772,4.872,18,stall,13222245986876,13222245986976,slot0_x3_y5,0,3,5,TILE,TRISC-KERNEL,/hdd/flapmax/tt-metal/tt_metal/hw/firmware/src/tt-1xx/trisck.cc,73,tile_fused:trisc_kernel_base,1
4.872,4.894,18,active,13222245986976,13222245986998,slot0_x3_y5,0,3,5,TILE,THROUGHPUT_SECTION,/hdd/flapmax/tt-metal/tt_metal/hw/firmware/src/tt-1xx/trisck.cc,73,tile_fused:explicit_throughput,1
4.894,5.402,18,stall,13222245986998,13222245987506,slot0_x3_y5,0,3,5,TILE,TRISC-KERNEL,/hdd/flapmax/tt-metal/tt_metal/hw/firmware/src/tt-1xx/trisck.cc,73,tile_fused:trisc_kernel_base,1
5.402,5.456,18,active,13222245987506,13222245987560,slot0_x3_y5,0,3,5,TILE,THROUGHPUT_SECTION,/hdd/flapmax/tt-metal/tt_metal/hw/firmware/src/tt-1xx/trisck.cc,73,tile_fused:explicit_throughput,1
5.456,5.508,18,stall,13222245987560,13222245987612,slot0_x3_y5,0,3,5,TILE,TRISC-KERNEL,/hdd/flapmax/tt-metal/tt_metal/hw/firmware/src/tt-1xx/trisck.cc,73,tile_fused:trisc_kernel_base,1
5.508,5.53,18,active,13222245987612,13222245987634,slot0_x3_y5,0,3,5,TILE,THROUGHPUT_SECTION,/hdd/flapmax/tt-metal/tt_metal/hw/firmware/src/tt-1xx/trisck.cc,73,tile_fused:explicit_throughput,1
5.53,5.63,18,stall,13222245987634,13222245987734,slot0_x3_y5,0,3,5,TILE,TRISC-KERNEL,/hdd/flapmax/tt-metal/tt_metal/hw/firmware/src/tt-1xx/trisck.cc,73,tile_fused:trisc_kernel_base,1
5.63,5.65,18,active,13222245987734,13222245987754,slot0_x3_y5,0,3,5,TILE,THROUGHPUT_SECTION,/hdd/flapmax/tt-metal/tt_metal/hw/firmware/src/tt-1xx/trisck.cc,73,tile_fused:explicit_throughput,1
5.65,6.69,18,stall,13222245987754,13222245988794,slot0_x3_y5,0,3,5,TILE,TRISC-KERNEL,/hdd/flapmax/tt-metal/tt_metal/hw/firmware/src/tt-1xx/trisck.cc,73,tile_fused:trisc_kernel_base,1
6.69,6.737,18,active,13222245988794,13222245988841,slot0_x3_y5,0,3,5,TILE,THROUGHPUT_SECTION,/hdd/flapmax/tt-metal/tt_metal/hw/firmware/src/tt-1xx/trisck.cc,73,tile_fused:explicit_throughput,1
6.737,6.797,18,stall,13222245988841,13222245988901,slot0_x3_y5,0,3,5,TILE,TRISC-KERNEL,/hdd/flapmax/tt-metal/tt_metal/hw/firmware/src/tt-1xx/trisck.cc,73,tile_fused:trisc_kernel_base,1
6.797,6.819,18,active,13222245988901,13222245988923,slot0_x3_y5,0,3,5,TILE,THROUGHPUT_SECTION,/hdd/flapmax/tt-metal/tt_metal/hw/firmware/src/tt-1xx/trisck.cc,73,tile_fused:explicit_throughput,1
6.819,6.917,18,stall,13222245988923,13222245989021,slot0_x3_y5,0,3,5,TILE,TRISC-KERNEL,/hdd/flapmax/tt-metal/tt_metal/hw/firmware/src/tt-1xx/trisck.cc,73,tile_fused:trisc_kernel_base,1
6.917,6.936,18,active,13222245989021,13222245989040,slot0_x3_y5,0,3,5,TILE,THROUGHPUT_SECTION,/hdd/flapmax/tt-metal/tt_metal/hw/firmware/src/tt-1xx/trisck.cc,73,tile_fused:explicit_throughput,1
6.936,7.81,18,stall,13222245989040,13222245989914,slot0_x3_y5,0,3,5,TILE,TRISC-KERNEL,/hdd/flapmax/tt-metal/tt_metal/hw/firmware/src/tt-1xx/trisck.cc,73,tile_fused:trisc_kernel_base,1
7.81,7.864,18,active,13222245989914,13222245989968,slot0_x3_y5,0,3,5,TILE,THROUGHPUT_SECTION,/hdd/flapmax/tt-metal/tt_metal/hw/firmware/src/tt-1xx/trisck.cc,73,tile_fused:explicit_throughput,1
7.864,7.916,18,stall,13222245989968,13222245990020,slot0_x3_y5,0,3,5,TILE,TRISC-KERNEL,/hdd/flapmax/tt-metal/tt_metal/hw/firmware/src/tt-1xx/trisck.cc,73,tile_fused:trisc_kernel_base,1
7.916,7.938,18,active,13222245990020,13222245990042,slot0_x3_y5,0,3,5,TILE,THROUGHPUT_SECTION,/hdd/flapmax/tt-metal/tt_metal/hw/firmware/src/tt-1xx/trisck.cc,73,tile_fused:explicit_throughput,1
7.938,8.037,18,stall,13222245990042,13222245990141,slot0_x3_y5,0,3,5,TILE,TRISC-KERNEL,/hdd/flapmax/tt-metal/tt_metal/hw/firmware/src/tt-1xx/trisck.cc,73,tile_fused:trisc_kernel_base,1
8.037,8.057,18,active,13222245990141,13222245990161,slot0_x3_y5,0,3,5,TILE,THROUGHPUT_SECTION,/hdd/flapmax/tt-metal/tt_metal/hw/firmware/src/tt-1xx/trisck.cc,73,tile_fused:explicit_throughput,1
8.057,9.107,18,stall,13222245990161,13222245991211,slot0_x3_y5,0,3,5,TILE,TRISC-KERNEL,/hdd/flapmax/tt-metal/tt_metal/hw/firmware/src/tt-1xx/trisck.cc,73,tile_fused:trisc_kernel_base,1
9.107,9.154,18,active,13222245991211,13222245991258,slot0_x3_y5,0,3,5,TILE,THROUGHPUT_SECTION,/hdd/flapmax/tt-metal/tt_metal/hw/firmware/src/tt-1xx/trisck.cc,73,tile_fused:explicit_throughput,1
9.154,9.207,18,stall,13222245991258,13222245991311,slot0_x3_y5,0,3,5,TILE,TRISC-KERNEL,/hdd/flapmax/tt-metal/tt_metal/hw/firmware/src/tt-1xx/trisck.cc,73,tile_fused:trisc_kernel_base,1
9.207,9.228,18,active,13222245991311,13222245991332,slot0_x3_y5,0,3,5,TILE,THROUGHPUT_SECTION,/hdd/flapmax/tt-metal/tt_metal/hw/firmware/src/tt-1xx/trisck.cc,73,tile_fused:explicit_throughput,1
9.228,9.328,18,stall,13222245991332,13222245991432,slot0_x3_y5,0,3,5,TILE,TRISC-KERNEL,/hdd/flapmax/tt-metal/tt_metal/hw/firmware/src/tt-1xx/trisck.cc,73,tile_fused:trisc_kernel_base,1
9.328,9.35,18,active,13222245991432,13222245991454,slot0_x3_y5,0,3,5,TILE,THROUGHPUT_SECTION,/hdd/flapmax/tt-metal/tt_metal/hw/firmware/src/tt-1xx/trisck.cc,73,tile_fused:explicit_throughput,1
9.35,10.208,18,stall,13222245991454,13222245992312,slot0_x3_y5,0,3,5,TILE,TRISC-KERNEL,/hdd/flapmax/tt-metal/tt_metal/hw/firmware/src/tt-1xx/trisck.cc,73,tile_fused:trisc_kernel_base,1
10.208,10.262,18,active,13222245992312,13222245992366,slot0_x3_y5,0,3,5,TILE,THROUGHPUT_SECTION,/hdd/flapmax/tt-metal/tt_metal/hw/firmware/src/tt-1xx/trisck.cc,73,tile_fused:explicit_throughput,1
10.262,18.155,18,stall,13222245992366,13222246000259,slot0_x3_y5,0,3,5,TILE,TRISC-KERNEL,/hdd/flapmax/tt-metal/tt_metal/hw/firmware/src/tt-1xx/trisck.cc,73,tile_fused:trisc_kernel_base,1
18.155,18.202,18,active,13222246000259,13222246000306,slot0_x3_y5,0,3,5,TILE,THROUGHPUT_SECTION,/hdd/flapmax/tt-metal/tt_metal/hw/firmware/src/tt-1xx/trisck.cc,73,tile_fused:explicit_throughput,1
18.202,18.919,18,stall,13222246000306,13222246001023,slot0_x3_y5,0,3,5,TILE,TRISC-KERNEL,/hdd/flapmax/tt-metal/tt_metal/hw/firmware/src/tt-1xx/trisck.cc,73,tile_fused:trisc_kernel_base,1
0.044,0.225,19,stall,13222245982148,13222245982329,slot0_x3_y7,0,3,7,TILE,TRISC-KERNEL,/hdd/flapmax/tt-metal/tt_metal/hw/firmware/src/tt-1xx/trisck.cc,73,tile_fused:trisc_kernel_base,1
0.225,0.247,19,active,13222245982329,13222245982351,slot0_x3_y7,0,3,7,TILE,THROUGHPUT_SECTION,/hdd/flapmax/tt-metal/tt_metal/hw/firmware/src/tt-1xx/trisck.cc,73,tile_fused:explicit_throughput,1
0.247,0.281,19,stall,13222245982351,13222245982385,slot0_x3_y7,0,3,7,TILE,TRISC-KERNEL,/hdd/flapmax/tt-metal/tt_metal/hw/firmware/src/tt-1xx/trisck.cc,73,tile_fused:trisc_kernel_base,1
0.281,0.302,19,active,13222245982385,13222245982406,slot0_x3_y7,0,3,7,TILE,THROUGHPUT_SECTION,/hdd/flapmax/tt-metal/tt_metal/hw/firmware/src/tt-1xx/trisck.cc,73,tile_fused:explicit_throughput,1
0.302,0.493,19,stall,13222245982406,13222245982597,slot0_x3_y7,0,3,7,TILE,TRISC-KERNEL,/hdd/flapmax/tt-metal/tt_metal/hw/firmware/src/tt-1xx/trisck.cc,73,tile_fused:trisc_kernel_base,1
0.493,0.514,19,active,13222245982597,13222245982618,slot0_x3_y7,0,3,7,TILE,THROUGHPUT_SECTION,/hdd/flapmax/tt-metal/tt_metal/hw/firmware/src/tt-1xx/trisck.cc,73,tile_fused:explicit_throughput,1
0.514,0.624,19,stall,13222245982618,13222245982728,slot0_x3_y7,0,3,7,TILE,TRISC-KERNEL,/hdd/flapmax/tt-metal/tt_metal/hw/firmware/src/tt-1xx/trisck.cc,73,tile_fused:trisc_kernel_base,1
0.624,0.645,19,active,13222245982728,13222245982749,slot0_x3_y7,0,3,7,TILE,THROUGHPUT_SECTION,/hdd/flapmax/tt-metal/tt_metal/hw/firmware/src/tt-1xx/trisck.cc,73,tile_fused:explicit_throughput,1
0.645,1.22,19,stall,13222245982749,13222245983324,slot0_x3_y7,0,3,7,TILE,TRISC-KERNEL,/hdd/flapmax/tt-metal/tt_metal/hw/firmware/src/tt-1xx/trisck.cc,73,tile_fused:trisc_kernel_base,1
1.22,1.266,19,active,13222245983324,13222245983370,slot0_x3_y7,0,3,7,TILE,THROUGHPUT_SECTION,/hdd/flapmax/tt-metal/tt_metal/hw/firmware/src/tt-1xx/trisck.cc,73,tile_fused:explicit_throughput,1
1.266,1.32,19,stall,13222245983370,13222245983424,slot0_x3_y7,0,3,7,TILE,TRISC-KERNEL,/hdd/flapmax/tt-metal/tt_metal/hw/firmware/src/tt-1xx/trisck.cc,73,tile_fused:trisc_kernel_base,1
1.32,1.345,19,active,13222245983424,13222245983449,slot0_x3_y7,0,3,7,TILE,THROUGHPUT_SECTION,/hdd/flapmax/tt-metal/tt_metal/hw/firmware/src/tt-1xx/trisck.cc,73,tile_fused:explicit_throughput,1
1.345,1.442,19,stall,13222245983449,13222245983546,slot0_x3_y7,0,3,7,TILE,TRISC-KERNEL,/hdd/flapmax/tt-metal/tt_metal/hw/firmware/src/tt-1xx/trisck.cc,73,tile_fused:trisc_kernel_base,1
1.442,1.461,19,active,13222245983546,13222245983565,slot0_x3_y7,0,3,7,TILE,THROUGHPUT_SECTION,/hdd/flapmax/tt-metal/tt_metal/hw/firmware/src/tt-1xx/trisck.cc,73,tile_fused:explicit_throughput,1
1.461,2.033,19,stall,13222245983565,13222245984137,slot0_x3_y7,0,3,7,TILE,TRISC-KERNEL,/hdd/flapmax/tt-metal/tt_metal/hw/firmware/src/tt-1xx/trisck.cc,73,tile_fused:trisc_kernel_base,1
2.033,2.092,19,active,13222245984137,13222245984196,slot0_x3_y7,0,3,7,TILE,THROUGHPUT_SECTION,/hdd/flapmax/tt-metal/tt_metal/hw/firmware/src/tt-1xx/trisck.cc,73,tile_fused:explicit_throughput,1
2.092,2.146,19,stall,13222245984196,13222245984250,slot0_x3_y7,0,3,7,TILE,TRISC-KERNEL,/hdd/flapmax/tt-metal/tt_metal/hw/firmware/src/tt-1xx/trisck.cc,73,tile_fused:trisc_kernel_base,1
2.146,2.169,19,active,13222245984250,13222245984273,slot0_x3_y7,0,3,7,TILE,THROUGHPUT_SECTION,/hdd/flapmax/tt-metal/tt_metal/hw/firmware/src/tt-1xx/trisck.cc,73,tile_fused:explicit_throughput,1
2.169,2.267,19,stall,13222245984273,13222245984371,slot0_x3_y7,0,3,7,TILE,TRISC-KERNEL,/hdd/flapmax/tt-metal/tt_metal/hw/firmware/src/tt-1xx/trisck.cc,73,tile_fused:trisc_kernel_base,1
2.267,2.286,19,active,13222245984371,13222245984390,slot0_x3_y7,0,3,7,TILE,THROUGHPUT_SECTION,/hdd/flapmax/tt-metal/tt_metal/hw/firmware/src/tt-1xx/trisck.cc,73,tile_fused:explicit_throughput,1
2.286,3.151,19,stall,13222245984390,13222245985255,slot0_x3_y7,0,3,7,TILE,TRISC-KERNEL,/hdd/flapmax/tt-metal/tt_metal/hw/firmware/src/tt-1xx/trisck.cc,73,tile_fused:trisc_kernel_base,1
3.151,3.198,19,active,13222245985255,13222245985302,slot0_x3_y7,0,3,7,TILE,THROUGHPUT_SECTION,/hdd/flapmax/tt-metal/tt_metal/hw/firmware/src/tt-1xx/trisck.cc,73,tile_fused:explicit_throughput,1
3.198,3.262,19,stall,13222245985302,13222245985366,slot0_x3_y7,0,3,7,TILE,TRISC-KERNEL,/hdd/flapmax/tt-metal/tt_metal/hw/firmware/src/tt-1xx/trisck.cc,73,tile_fused:trisc_kernel_base,1
3.262,3.284,19,active,13222245985366,13222245985388,slot0_x3_y7,0,3,7,TILE,THROUGHPUT_SECTION,/hdd/flapmax/tt-metal/tt_metal/hw/firmware/src/tt-1xx/trisck.cc,73,tile_fused:explicit_throughput,1
3.284,3.38,19,stall,13222245985388,13222245985484,slot0_x3_y7,0,3,7,TILE,TRISC-KERNEL,/hdd/flapmax/tt-metal/tt_metal/hw/firmware/src/tt-1xx/trisck.cc,73,tile_fused:trisc_kernel_base,1
3.38,3.399,19,active,13222245985484,13222245985503,slot0_x3_y7,0,3,7,TILE,THROUGHPUT_SECTION,/hdd/flapmax/tt-metal/tt_metal/hw/firmware/src/tt-1xx/trisck.cc,73,tile_fused:explicit_throughput,1
3.399,4.247,19,stall,13222245985503,13222245986351,slot0_x3_y7,0,3,7,TILE,TRISC-KERNEL,/hdd/flapmax/tt-metal/tt_metal/hw/firmware/src/tt-1xx/trisck.cc,73,tile_fused:trisc_kernel_base,1
4.247,4.301,19,active,13222245986351,13222245986405,slot0_x3_y7,0,3,7,TILE,THROUGHPUT_SECTION,/hdd/flapmax/tt-metal/tt_metal/hw/firmware/src/tt-1xx/trisck.cc,73,tile_fused:explicit_throughput,1
4.301,4.355,19,stall,13222245986405,13222245986459,slot0_x3_y7,0,3,7,TILE,TRISC-KERNEL,/hdd/flapmax/tt-metal/tt_metal/hw/firmware/src/tt-1xx/trisck.cc,73,tile_fused:trisc_kernel_base,1
4.355,4.376,19,active,13222245986459,13222245986480,slot0_x3_y7,0,3,7,TILE,THROUGHPUT_SECTION,/hdd/flapmax/tt-metal/tt_metal/hw/firmware/src/tt-1xx/trisck.cc,73,tile_fused:explicit_throughput,1
4.376,4.476,19,stall,13222245986480,13222245986580,slot0_x3_y7,0,3,7,TILE,TRISC-KERNEL,/hdd/flapmax/tt-metal/tt_metal/hw/firmware/src/tt-1xx/trisck.cc,73,tile_fused:trisc_kernel_base,1
4.476,4.495,19,active,13222245986580,13222245986599,slot0_x3_y7,0,3,7,TILE,THROUGHPUT_SECTION,/hdd/flapmax/tt-metal/tt_metal/hw/firmware/src/tt-1xx/trisck.cc,73,tile_fused:explicit_throughput,1
4.495,5.019,19,stall,13222245986599,13222245987123,slot0_x3_y7,0,3,7,TILE,TRISC-KERNEL,/hdd/flapmax/tt-metal/tt_metal/hw/firmware/src/tt-1xx/trisck.cc,73,tile_fused:trisc_kernel_base,1
5.019,5.066,19,active,13222245987123,13222245987170,slot0_x3_y7,0,3,7,TILE,THROUGHPUT_SECTION,/hdd/flapmax/tt-metal/tt_metal/hw/firmware/src/tt-1xx/trisck.cc,73,tile_fused:explicit_throughput,1
5.066,5.119,19,stall,13222245987170,13222245987223,slot0_x3_y7,0,3,7,TILE,TRISC-KERNEL,/hdd/flapmax/tt-metal/tt_metal/hw/firmware/src/tt-1xx/trisck.cc,73,tile_fused:trisc_kernel_base,1
5.119,5.14,19,active,13222245987223,13222245987244,slot0_x3_y7,0,3,7,TILE,THROUGHPUT_SECTION,/hdd/flapmax/tt-metal/tt_metal/hw/firmware/src/tt-1xx/trisck.cc,73,tile_fused:explicit_throughput,1
5.14,5.24,19,stall,13222245987244,13222245987344,slot0_x3_y7,0,3,7,TILE,TRISC-KERNEL,/hdd/flapmax/tt-metal/tt_metal/hw/firmware/src/tt-1xx/trisck.cc,73,tile_fused:trisc_kernel_base,1
5.24,5.26,19,active,13222245987344,13222245987364,slot0_x3_y7,0,3,7,TILE,THROUGHPUT_SECTION,/hdd/flapmax/tt-metal/tt_metal/hw/firmware/src/tt-1xx/trisck.cc,73,tile_fused:explicit_throughput,1
5.26,5.799,19,stall,13222245987364,13222245987903,slot0_x3_y7,0,3,7,TILE,TRISC-KERNEL,/hdd/flapmax/tt-metal/tt_metal/hw/firmware/src/tt-1xx/trisck.cc,73,tile_fused:trisc_kernel_base,1
5.799,5.853,19,active,13222245987903,13222245987957,slot0_x3_y7,0,3,7,TILE,THROUGHPUT_SECTION,/hdd/flapmax/tt-metal/tt_metal/hw/firmware/src/tt-1xx/trisck.cc,73,tile_fused:explicit_throughput,1
5.853,5.905,19,stall,13222245987957,13222245988009,slot0_x3_y7,0,3,7,TILE,TRISC-KERNEL,/hdd/flapmax/tt-metal/tt_metal/hw/firmware/src/tt-1xx/trisck.cc,73,tile_fused:trisc_kernel_base,1
5.905,5.927,19,active,13222245988009,13222245988031,slot0_x3_y7,0,3,7,TILE,THROUGHPUT_SECTION,/hdd/flapmax/tt-metal/tt_metal/hw/firmware/src/tt-1xx/trisck.cc,73,tile_fused:explicit_throughput,1
5.927,6.027,19,stall,13222245988031,13222245988131,slot0_x3_y7,0,3,7,TILE,TRISC-KERNEL,/hdd/flapmax/tt-metal/tt_metal/hw/firmware/src/tt-1xx/trisck.cc,73,tile_fused:trisc_kernel_base,1
6.027,6.047,19,active,13222245988131,13222245988151,slot0_x3_y7,0,3,7,TILE,THROUGHPUT_SECTION,/hdd/flapmax/tt-metal/tt_metal/hw/firmware/src/tt-1xx/trisck.cc,73,tile_fused:explicit_throughput,1
6.047,14.948,19,stall,13222245988151,13222245997052,slot0_x3_y7,0,3,7,TILE,TRISC-KERNEL,/hdd/flapmax/tt-metal/tt_metal/hw/firmware/src/tt-1xx/trisck.cc,73,tile_fused:trisc_kernel_base,1
14.948,14.995,19,active,13222245997052,13222245997099,slot0_x3_y7,0,3,7,TILE,THROUGHPUT_SECTION,/hdd/flapmax/tt-metal/tt_metal/hw/firmware/src/tt-1xx/trisck.cc,73,tile_fused:explicit_throughput,1
14.995,15.055,19,stall,13222245997099,13222245997159,slot0_x3_y7,0,3,7,TILE,TRISC-KERNEL,/hdd/flapmax/tt-metal/tt_metal/hw/firmware/src/tt-1xx/trisck.cc,73,tile_fused:trisc_kernel_base,1
15.055,15.077,19,active,13222245997159,13222245997181,slot0_x3_y7,0,3,7,TILE,THROUGHPUT_SECTION,/hdd/flapmax/tt-metal/tt_metal/hw/firmware/src/tt-1xx/trisck.cc,73,tile_fused:explicit_throughput,1
15.077,15.175,19,stall,13222245997181,13222245997279,slot0_x3_y7,0,3,7,TILE,TRISC-KERNEL,/hdd/flapmax/tt-metal/tt_metal/hw/firmware/src/tt-1xx/trisck.cc,73,tile_fused:trisc_kernel_base,1
15.175,15.194,19,active,13222245997279,13222245997298,slot0_x3_y7,0,3,7,TILE,THROUGHPUT_SECTION,/hdd/flapmax/tt-metal/tt_metal/hw/firmware/src/tt-1xx/trisck.cc,73,tile_fused:explicit_throughput,1
15.194,22.349,19,stall,13222245997298,13222246004453,slot0_x3_y7,0,3,7,TILE,TRISC-KERNEL,/hdd/flapmax/tt-metal/tt_metal/hw/firmware/src/tt-1xx/trisck.cc,73,tile_fused:trisc_kernel_base,1
22.349,22.403,19,active,13222246004453,13222246004507,slot0_x3_y7,0,3,7,TILE,THROUGHPUT_SECTION,/hdd/flapmax/tt-metal/tt_metal/hw/firmware/src/tt-1xx/trisck.cc,73,tile_fused:explicit_throughput,1
22.403,22.455,19,stall,13222246004507,13222246004559,slot0_x3_y7,0,3,7,TILE,TRISC-KERNEL,/hdd/flapmax/tt-metal/tt_metal/hw/firmware/src/tt-1xx/trisck.cc,73,tile_fused:trisc_kernel_base,1
22.455,22.477,19,active,13222246004559,13222246004581,slot0_x3_y7,0,3,7,TILE,THROUGHPUT_SECTION,/hdd/flapmax/tt-metal/tt_metal/hw/firmware/src/tt-1xx/trisck.cc,73,tile_fused:explicit_throughput,1
22.477,22.576,19,stall,13222246004581,13222246004680,slot0_x3_y7,0,3,7,TILE,TRISC-KERNEL,/hdd/flapmax/tt-metal/tt_metal/hw/firmware/src/tt-1xx/trisck.cc,73,tile_fused:trisc_kernel_base,1
22.576,22.596,19,active,13222246004680,13222246004700,slot0_x3_y7,0,3,7,TILE,THROUGHPUT_SECTION,/hdd/flapmax/tt-metal/tt_metal/hw/firmware/src/tt-1xx/trisck.cc,73,tile_fused:explicit_throughput,1
22.596,26.648,19,stall,13222246004700,13222246008752,slot0_x3_y7,0,3,7,TILE,TRISC-KERNEL,/hdd/flapmax/tt-metal/tt_metal/hw/firmware/src/tt-1xx/trisck.cc,73,tile_fused:trisc_kernel_base,1
26.648,26.695,19,active,13222246008752,13222246008799,slot0_x3_y7,0,3,7,TILE,THROUGHPUT_SECTION,/hdd/flapmax/tt-metal/tt_metal/hw/firmware/src/tt-1xx/trisck.cc,73,tile_fused:explicit_throughput,1
26.695,26.748,19,stall,13222246008799,13222246008852,slot0_x3_y7,0,3,7,TILE,TRISC-KERNEL,/hdd/flapmax/tt-metal/tt_metal/hw/firmware/src/tt-1xx/trisck.cc,73,tile_fused:trisc_kernel_base,1
26.748,26.769,19,active,13222246008852,13222246008873,slot0_x3_y7,0,3,7,TILE,THROUGHPUT_SECTION,/hdd/flapmax/tt-metal/tt_metal/hw/firmware/src/tt-1xx/trisck.cc,73,tile_fused:explicit_throughput,1
26.769,26.869,19,stall,13222246008873,13222246008973,slot0_x3_y7,0,3,7,TILE,TRISC-KERNEL,/hdd/flapmax/tt-metal/tt_metal/hw/firmware/src/tt-1xx/trisck.cc,73,tile_fused:trisc_kernel_base,1
26.869,26.891,19,active,13222246008973,13222246008995,slot0_x3_y7,0,3,7,TILE,THROUGHPUT_SECTION,/hdd/flapmax/tt-metal/tt_metal/hw/firmware/src/tt-1xx/trisck.cc,73,tile_fused:explicit_throughput,1
26.891,28.12,19,stall,13222246008995,13222246010224,slot0_x3_y7,0,3,7,TILE,TRISC-KERNEL,/hdd/flapmax/tt-metal/tt_metal/hw/firmware/src/tt-1xx/trisck.cc,73,tile_fused:trisc_kernel_base,1
28.12,28.174,19,active,13222246010224,13222246010278,slot0_x3_y7,0,3,7,TILE,THROUGHPUT_SECTION,/hdd/flapmax/tt-metal/tt_metal/hw/firmware/src/tt-1xx/trisck.cc,73,tile_fused:explicit_throughput,1
28.174,28.984,19,stall,13222246010278,13222246011088,slot0_x3_y7,0,3,7,TILE,TRISC-KERNEL,/hdd/flapmax/tt-metal/tt_metal/hw/firmware/src/tt-1xx/trisck.cc,73,tile_fused:trisc_kernel_base,1
28.984,29.031,19,active,13222246011088,13222246011135,slot0_x3_y7,0,3,7,TILE,THROUGHPUT_SECTION,/hdd/flapmax/tt-metal/tt_metal/hw/firmware/src/tt-1xx/trisck.cc,73,tile_fused:explicit_throughput,1
29.031,29.748,19,stall,13222246011135,13222246011852,slot0_x3_y7,0,3,7,TILE,TRISC-KERNEL,/hdd/flapmax/tt-metal/tt_metal/hw/firmware/src/tt-1xx/trisck.cc,73,tile_fused:trisc_kernel_base,1
0.103,0.282,20,stall,13222245982207,13222245982386,slot0_x3_y8,0,3,8,TILE,TRISC-KERNEL,/hdd/flapmax/tt-metal/tt_metal/hw/firmware/src/tt-1xx/trisck.cc,73,tile_fused:trisc_kernel_base,1
0.282,0.303,20,active,13222245982386,13222245982407,slot0_x3_y8,0,3,8,TILE,THROUGHPUT_SECTION,/hdd/flapmax/tt-metal/tt_metal/hw/firmware/src/tt-1xx/trisck.cc,73,tile_fused:explicit_throughput,1
0.303,0.341,20,stall,13222245982407,13222245982445,slot0_x3_y8,0,3,8,TILE,TRISC-KERNEL,/hdd/flapmax/tt-metal/tt_metal/hw/firmware/src/tt-1xx/trisck.cc,73,tile_fused:trisc_kernel_base,1
0.341,0.362,20,active,13222245982445,13222245982466,slot0_x3_y8,0,3,8,TILE,THROUGHPUT_SECTION,/hdd/flapmax/tt-metal/tt_metal/hw/firmware/src/tt-1xx/trisck.cc,73,tile_fused:explicit_throughput,1
0.362,0.531,20,stall,13222245982466,13222245982635,slot0_x3_y8,0,3,8,TILE,TRISC-KERNEL,/hdd/flapmax/tt-metal/tt_metal/hw/firmware/src/tt-1xx/trisck.cc,73,tile_fused:trisc_kernel_base,1
0.531,0.55,20,active,13222245982635,13222245982654,slot0_x3_y8,0,3,8,TILE,THROUGHPUT_SECTION,/hdd/flapmax/tt-metal/tt_metal/hw/firmware/src/tt-1xx/trisck.cc,73,tile_fused:explicit_throughput,1
0.55,0.661,20,stall,13222245982654,13222245982765,slot0_x3_y8,0,3,8,TILE,TRISC-KERNEL,/hdd/flapmax/tt-metal/tt_metal/hw/firmware/src/tt-1xx/trisck.cc,73,tile_fused:trisc_kernel_base,1
0.661,0.68,20,active,13222245982765,13222245982784,slot0_x3_y8,0,3,8,TILE,THROUGHPUT_SECTION,/hdd/flapmax/tt-metal/tt_metal/hw/firmware/src/tt-1xx/trisck.cc,73,tile_fused:explicit_throughput,1
0.68,1.583,20,stall,13222245982784,13222245983687,slot0_x3_y8,0,3,8,TILE,TRISC-KERNEL,/hdd/flapmax/tt-metal/tt_metal/hw/firmware/src/tt-1xx/trisck.cc,73,tile_fused:trisc_kernel_base,1
1.583,1.629,20,active,13222245983687,13222245983733,slot0_x3_y8,0,3,8,TILE,THROUGHPUT_SECTION,/hdd/flapmax/tt-metal/tt_metal/hw/firmware/src/tt-1xx/trisck.cc,73,tile_fused:explicit_throughput,1
1.629,1.683,20,stall,13222245983733,13222245983787,slot0_x3_y8,0,3,8,TILE,TRISC-KERNEL,/hdd/flapmax/tt-metal/tt_metal/hw/firmware/src/tt-1xx/trisck.cc,73,tile_fused:trisc_kernel_base,1
1.683,1.707,20,active,13222245983787,13222245983811,slot0_x3_y8,0,3,8,TILE,THROUGHPUT_SECTION,/hdd/flapmax/tt-metal/tt_metal/hw/firmware/src/tt-1xx/trisck.cc,73,tile_fused:explicit_throughput,1
1.707,1.805,20,stall,13222245983811,13222245983909,slot0_x3_y8,0,3,8,TILE,TRISC-KERNEL,/hdd/flapmax/tt-metal/tt_metal/hw/firmware/src/tt-1xx/trisck.cc,73,tile_fused:trisc_kernel_base,1
1.805,1.824,20,active,13222245983909,13222245983928,slot0_x3_y8,0,3,8,TILE,THROUGHPUT_SECTION,/hdd/flapmax/tt-metal/tt_metal/hw/firmware/src/tt-1xx/trisck.cc,73,tile_fused:explicit_throughput,1
1.824,2.633,20,stall,13222245983928,13222245984737,slot0_x3_y8,0,3,8,TILE,TRISC-KERNEL,/hdd/flapmax/tt-metal/tt_metal/hw/firmware/src/tt-1xx/trisck.cc,73,tile_fused:trisc_kernel_base,1
2.633,2.692,20,active,13222245984737,13222245984796,slot0_x3_y8,0,3,8,TILE,THROUGHPUT_SECTION,/hdd/flapmax/tt-metal/tt_metal/hw/firmware/src/tt-1xx/trisck.cc,73,tile_fused:explicit_throughput,1
2.692,2.746,20,stall,13222245984796,13222245984850,slot0_x3_y8,0,3,8,TILE,TRISC-KERNEL,/hdd/flapmax/tt-metal/tt_metal/hw/firmware/src/tt-1xx/trisck.cc,73,tile_fused:trisc_kernel_base,1
2.746,2.767,20,active,13222245984850,13222245984871,slot0_x3_y8,0,3,8,TILE,THROUGHPUT_SECTION,/hdd/flapmax/tt-metal/tt_metal/hw/firmware/src/tt-1xx/trisck.cc,73,tile_fused:explicit_throughput,1
2.767,2.867,20,stall,13222245984871,13222245984971,slot0_x3_y8,0,3,8,TILE,TRISC-KERNEL,/hdd/flapmax/tt-metal/tt_metal/hw/firmware/src/tt-1xx/trisck.cc,73,tile_fused:trisc_kernel_base,1
2.867,2.887,20,active,13222245984971,13222245984991,slot0_x3_y8,0,3,8,TILE,THROUGHPUT_SECTION,/hdd/flapmax/tt-metal/tt_metal/hw/firmware/src/tt-1xx/trisck.cc,73,tile_fused:explicit_throughput,1
2.887,11.025,20,stall,13222245984991,13222245993129,slot0_x3_y8,0,3,8,TILE,TRISC-KERNEL,/hdd/flapmax/tt-metal/tt_metal/hw/firmware/src/tt-1xx/trisck.cc,73,tile_fused:trisc_kernel_base,1
11.025,11.071,20,active,13222245993129,13222245993175,slot0_x3_y8,0,3,8,TILE,THROUGHPUT_SECTION,/hdd/flapmax/tt-metal/tt_metal/hw/firmware/src/tt-1xx/trisck.cc,73,tile_fused:explicit_throughput,1
11.071,11.133,20,stall,13222245993175,13222245993237,slot0_x3_y8,0,3,8,TILE,TRISC-KERNEL,/hdd/flapmax/tt-metal/tt_metal/hw/firmware/src/tt-1xx/trisck.cc,73,tile_fused:trisc_kernel_base,1
11.133,11.156,20,active,13222245993237,13222245993260,slot0_x3_y8,0,3,8,TILE,THROUGHPUT_SECTION,/hdd/flapmax/tt-metal/tt_metal/hw/firmware/src/tt-1xx/trisck.cc,73,tile_fused:explicit_throughput,1
11.156,11.254,20,stall,13222245993260,13222245993358,slot0_x3_y8,0,3,8,TILE,TRISC-KERNEL,/hdd/flapmax/tt-metal/tt_metal/hw/firmware/src/tt-1xx/trisck.cc,73,tile_fused:trisc_kernel_base,1
11.254,11.273,20,active,13222245993358,13222245993377,slot0_x3_y8,0,3,8,TILE,THROUGHPUT_SECTION,/hdd/flapmax/tt-metal/tt_metal/hw/firmware/src/tt-1xx/trisck.cc,73,tile_fused:explicit_throughput,1
11.273,16.747,20,stall,13222245993377,13222245998851,slot0_x3_y8,0,3,8,TILE,TRISC-KERNEL,/hdd/flapmax/tt-metal/tt_metal/hw/firmware/src/tt-1xx/trisck.cc,73,tile_fused:trisc_kernel_base,1
16.747,16.801,20,active,13222245998851,13222245998905,slot0_x3_y8,0,3,8,TILE,THROUGHPUT_SECTION,/hdd/flapmax/tt-metal/tt_metal/hw/firmware/src/tt-1xx/trisck.cc,73,tile_fused:explicit_throughput,1
16.801,16.855,20,stall,13222245998905,13222245998959,slot0_x3_y8,0,3,8,TILE,TRISC-KERNEL,/hdd/flapmax/tt-metal/tt_metal/hw/firmware/src/tt-1xx/trisck.cc,73,tile_fused:trisc_kernel_base,1
16.855,16.877,20,active,13222245998959,13222245998981,slot0_x3_y8,0,3,8,TILE,THROUGHPUT_SECTION,/hdd/flapmax/tt-metal/tt_metal/hw/firmware/src/tt-1xx/trisck.cc,73,tile_fused:explicit_throughput,1
16.877,16.977,20,stall,13222245998981,13222245999081,slot0_x3_y8,0,3,8,TILE,TRISC-KERNEL,/hdd/flapmax/tt-metal/tt_metal/hw/firmware/src/tt-1xx/trisck.cc,73,tile_fused:trisc_kernel_base,1
16.977,16.996,20,active,13222245999081,13222245999100,slot0_x3_y8,0,3,8,TILE,THROUGHPUT_SECTION,/hdd/flapmax/tt-metal/tt_metal/hw/firmware/src/tt-1xx/trisck.cc,73,tile_fused:explicit_throughput,1
16.996,22.74,20,stall,13222245999100,13222246004844,slot0_x3_y8,0,3,8,TILE,TRISC-KERNEL,/hdd/flapmax/tt-metal/tt_metal/hw/firmware/src/tt-1xx/trisck.cc,73,tile_fused:trisc_kernel_base,1
22.74,22.787,20,active,13222246004844,13222246004891,slot0_x3_y8,0,3,8,TILE,THROUGHPUT_SECTION,/hdd/flapmax/tt-metal/tt_metal/hw/firmware/src/tt-1xx/trisck.cc,73,tile_fused:explicit_throughput,1
22.787,22.84,20,stall,13222246004891,13222246004944,slot0_x3_y8,0,3,8,TILE,TRISC-KERNEL,/hdd/flapmax/tt-metal/tt_metal/hw/firmware/src/tt-1xx/trisck.cc,73,tile_fused:trisc_kernel_base,1
22.84,22.861,20,active,13222246004944,13222246004965,slot0_x3_y8,0,3,8,TILE,THROUGHPUT_SECTION,/hdd/flapmax/tt-metal/tt_metal/hw/firmware/src/tt-1xx/trisck.cc,73,tile_fused:explicit_throughput,1
22.861,22.961,20,stall,13222246004965,13222246005065,slot0_x3_y8,0,3,8,TILE,TRISC-KERNEL,/hdd/flapmax/tt-metal/tt_metal/hw/firmware/src/tt-1xx/trisck.cc,73,tile_fused:trisc_kernel_base,1
22.961,22.983,20,active,13222246005065,13222246005087,slot0_x3_y8,0,3,8,TILE,THROUGHPUT_SECTION,/hdd/flapmax/tt-metal/tt_metal/hw/firmware/src/tt-1xx/trisck.cc,73,tile_fused:explicit_throughput,1
22.983,25.892,20,stall,13222246005087,13222246007996,slot0_x3_y8,0,3,8,TILE,TRISC-KERNEL,/hdd/flapmax/tt-metal/tt_metal/hw/firmware/src/tt-1xx/trisck.cc,73,tile_fused:trisc_kernel_base,1
25.892,25.946,20,active,13222246007996,13222246008050,slot0_x3_y8,0,3,8,TILE,THROUGHPUT_SECTION,/hdd/flapmax/tt-metal/tt_metal/hw/firmware/src/tt-1xx/trisck.cc,73,tile_fused:explicit_throughput,1
25.946,25.998,20,stall,13222246008050,13222246008102,slot0_x3_y8,0,3,8,TILE,TRISC-KERNEL,/hdd/flapmax/tt-metal/tt_metal/hw/firmware/src/tt-1xx/trisck.cc,73,tile_fused:trisc_kernel_base,1
25.998,26.02,20,active,13222246008102,13222246008124,slot0_x3_y8,0,3,8,TILE,THROUGHPUT_SECTION,/hdd/flapmax/tt-metal/tt_metal/hw/firmware/src/tt-1xx/trisck.cc,73,tile_fused:explicit_throughput,1
26.02,26.12,20,stall,13222246008124,13222246008224,slot0_x3_y8,0,3,8,TILE,TRISC-KERNEL,/hdd/flapmax/tt-metal/tt_metal/hw/firmware/src/tt-1xx/trisck.cc,73,tile_fused:trisc_kernel_base,1
26.12,26.139,20,active,13222246008224,13222246008243,slot0_x3_y8,0,3,8,TILE,THROUGHPUT_SECTION,/hdd/flapmax/tt-metal/tt_metal/hw/firmware/src/tt-1xx/trisck.cc,73,tile_fused:explicit_throughput,1
26.139,26.73,20,stall,13222246008243,13222246008834,slot0_x3_y8,0,3,8,TILE,TRISC-KERNEL,/hdd/flapmax/tt-metal/tt_metal/hw/firmware/src/tt-1xx/trisck.cc,73,tile_fused:trisc_kernel_base,1
26.73,26.777,20,active,13222246008834,13222246008881,slot0_x3_y8,0,3,8,TILE,THROUGHPUT_SECTION,/hdd/flapmax/tt-metal/tt_metal/hw/firmware/src/tt-1xx/trisck.cc,73,tile_fused:explicit_throughput,1
26.777,26.837,20,stall,13222246008881,13222246008941,slot0_x3_y8,0,3,8,TILE,TRISC-KERNEL,/hdd/flapmax/tt-metal/tt_metal/hw/firmware/src/tt-1xx/trisck.cc,73,tile_fused:trisc_kernel_base,1
26.837,26.859,20,active,13222246008941,13222246008963,slot0_x3_y8,0,3,8,TILE,THROUGHPUT_SECTION,/hdd/flapmax/tt-metal/tt_metal/hw/firmware/src/tt-1xx/trisck.cc,73,tile_fused:explicit_throughput,1
26.859,26.958,20,stall,13222246008963,13222246009062,slot0_x3_y8,0,3,8,TILE,TRISC-KERNEL,/hdd/flapmax/tt-metal/tt_metal/hw/firmware/src/tt-1xx/trisck.cc,73,tile_fused:trisc_kernel_base,1
26.958,26.977,20,active,13222246009062,13222246009081,slot0_x3_y8,0,3,8,TILE,THROUGHPUT_SECTION,/hdd/flapmax/tt-metal/tt_metal/hw/firmware/src/tt-1xx/trisck.cc,73,tile_fused:explicit_throughput,1
26.977,27.492,20,stall,13222246009081,13222246009596,slot0_x3_y8,0,3,8,TILE,TRISC-KERNEL,/hdd/flapmax/tt-metal/tt_metal/hw/firmware/src/tt-1xx/trisck.cc,73,tile_fused:trisc_kernel_base,1
27.492,27.546,20,active,13222246009596,13222246009650,slot0_x3_y8,0,3,8,TILE,THROUGHPUT_SECTION,/hdd/flapmax/tt-metal/tt_metal/hw/firmware/src/tt-1xx/trisck.cc,73,tile_fused:explicit_throughput,1
27.546,27.598,20,stall,13222246009650,13222246009702,slot0_x3_y8,0,3,8,TILE,TRISC-KERNEL,/hdd/flapmax/tt-metal/tt_metal/hw/firmware/src/tt-1xx/trisck.cc,73,tile_fused:trisc_kernel_base,1
27.598,27.619,20,active,13222246009702,13222246009723,slot0_x3_y8,0,3,8,TILE,THROUGHPUT_SECTION,/hdd/flapmax/tt-metal/tt_metal/hw/firmware/src/tt-1xx/trisck.cc,73,tile_fused:explicit_throughput,1
27.619,27.719,20,stall,13222246009723,13222246009823,slot0_x3_y8,0,3,8,TILE,TRISC-KERNEL,/hdd/flapmax/tt-metal/tt_metal/hw/firmware/src/tt-1xx/trisck.cc,73,tile_fused:trisc_kernel_base,1
27.719,27.739,20,active,13222246009823,13222246009843,slot0_x3_y8,0,3,8,TILE,THROUGHPUT_SECTION,/hdd/flapmax/tt-metal/tt_metal/hw/firmware/src/tt-1xx/trisck.cc,73,tile_fused:explicit_throughput,1
27.739,28.254,20,stall,13222246009843,13222246010358,slot0_x3_y8,0,3,8,TILE,TRISC-KERNEL,/hdd/flapmax/tt-metal/tt_metal/hw/firmware/src/tt-1xx/trisck.cc,73,tile_fused:trisc_kernel_base,1
28.254,28.301,20,active,13222246010358,13222246010405,slot0_x3_y8,0,3,8,TILE,THROUGHPUT_SECTION,/hdd/flapmax/tt-metal/tt_metal/hw/firmware/src/tt-1xx/trisck.cc,73,tile_fused:explicit_throughput,1
28.301,28.354,20,stall,13222246010405,13222246010458,slot0_x3_y8,0,3,8,TILE,TRISC-KERNEL,/hdd/flapmax/tt-metal/tt_metal/hw/firmware/src/tt-1xx/trisck.cc,73,tile_fused:trisc_kernel_base,1
28.354,28.375,20,active,13222246010458,13222246010479,slot0_x3_y8,0,3,8,TILE,THROUGHPUT_SECTION,/hdd/flapmax/tt-metal/tt_metal/hw/firmware/src/tt-1xx/trisck.cc,73,tile_fused:explicit_throughput,1
28.375,28.475,20,stall,13222246010479,13222246010579,slot0_x3_y8,0,3,8,TILE,TRISC-KERNEL,/hdd/flapmax/tt-metal/tt_metal/hw/firmware/src/tt-1xx/trisck.cc,73,tile_fused:trisc_kernel_base,1
28.475,28.497,20,active,13222246010579,13222246010601,slot0_x3_y8,0,3,8,TILE,THROUGHPUT_SECTION,/hdd/flapmax/tt-metal/tt_metal/hw/firmware/src/tt-1xx/trisck.cc,73,tile_fused:explicit_throughput,1
28.497,29.005,20,stall,13222246010601,13222246011109,slot0_x3_y8,0,3,8,TILE,TRISC-KERNEL,/hdd/flapmax/tt-metal/tt_metal/hw/firmware/src/tt-1xx/trisck.cc,73,tile_fused:trisc_kernel_base,1
29.005,29.059,20,active,13222246011109,13222246011163,slot0_x3_y8,0,3,8,TILE,THROUGHPUT_SECTION,/hdd/flapmax/tt-metal/tt_metal/hw/firmware/src/tt-1xx/trisck.cc,73,tile_fused:explicit_throughput,1
29.059,29.521,20,stall,13222246011163,13222246011625,slot0_x3_y8,0,3,8,TILE,TRISC-KERNEL,/hdd/flapmax/tt-metal/tt_metal/hw/firmware/src/tt-1xx/trisck.cc,73,tile_fused:trisc_kernel_base,1
29.521,29.568,20,active,13222246011625,13222246011672,slot0_x3_y8,0,3,8,TILE,THROUGHPUT_SECTION,/hdd/flapmax/tt-metal/tt_metal/hw/firmware/src/tt-1xx/trisck.cc,73,tile_fused:explicit_throughput,1
29.568,30.375,20,stall,13222246011672,13222246012479,slot0_x3_y8,0,3,8,TILE,TRISC-KERNEL,/hdd/flapmax/tt-metal/tt_metal/hw/firmware/src/tt-1xx/trisck.cc,73,tile_fused:trisc_kernel_base,1
0.032,0.211,21,stall,13222245982136,13222245982315,slot0_x4_y1,0,4,1,TILE,TRISC-KERNEL,/hdd/flapmax/tt-metal/tt_metal/hw/firmware/src/tt-1xx/trisck.cc,73,tile_fused:trisc_kernel_base,1
0.211,0.232,21,active,13222245982315,13222245982336,slot0_x4_y1,0,4,1,TILE,THROUGHPUT_SECTION,/hdd/flapmax/tt-metal/tt_metal/hw/firmware/src/tt-1xx/trisck.cc,73,tile_fused:explicit_throughput,1
0.232,0.27,21,stall,13222245982336,13222245982374,slot0_x4_y1,0,4,1,TILE,TRISC-KERNEL,/hdd/flapmax/tt-metal/tt_metal/hw/firmware/src/tt-1xx/trisck.cc,73,tile_fused:trisc_kernel_base,1
0.27,0.291,21,active,13222245982374,13222245982395,slot0_x4_y1,0,4,1,TILE,THROUGHPUT_SECTION,/hdd/flapmax/tt-metal/tt_metal/hw/firmware/src/tt-1xx/trisck.cc,73,tile_fused:explicit_throughput,1
0.291,0.46,21,stall,13222245982395,13222245982564,slot0_x4_y1,0,4,1,TILE,TRISC-KERNEL,/hdd/flapmax/tt-metal/tt_metal/hw/firmware/src/tt-1xx/trisck.cc,73,tile_fused:trisc_kernel_base,1
0.46,0.479,21,active,13222245982564,13222245982583,slot0_x4_y1,0,4,1,TILE,THROUGHPUT_SECTION,/hdd/flapmax/tt-metal/tt_metal/hw/firmware/src/tt-1xx/trisck.cc,73,tile_fused:explicit_throughput,1
0.479,0.59,21,stall,13222245982583,13222245982694,slot0_x4_y1,0,4,1,TILE,TRISC-KERNEL,/hdd/flapmax/tt-metal/tt_metal/hw/firmware/src/tt-1xx/trisck.cc,73,tile_fused:trisc_kernel_base,1
0.59,0.609,21,active,13222245982694,13222245982713,slot0_x4_y1,0,4,1,TILE,THROUGHPUT_SECTION,/hdd/flapmax/tt-metal/tt_metal/hw/firmware/src/tt-1xx/trisck.cc,73,tile_fused:explicit_throughput,1
0.609,5.942,21,stall,13222245982713,13222245988046,slot0_x4_y1,0,4,1,TILE,TRISC-KERNEL,/hdd/flapmax/tt-metal/tt_metal/hw/firmware/src/tt-1xx/trisck.cc,73,tile_fused:trisc_kernel_base,1
5.942,5.988,21,active,13222245988046,13222245988092,slot0_x4_y1,0,4,1,TILE,THROUGHPUT_SECTION,/hdd/flapmax/tt-metal/tt_metal/hw/firmware/src/tt-1xx/trisck.cc,73,tile_fused:explicit_throughput,1
5.988,6.042,21,stall,13222245988092,13222245988146,slot0_x4_y1,0,4,1,TILE,TRISC-KERNEL,/hdd/flapmax/tt-metal/tt_metal/hw/firmware/src/tt-1xx/trisck.cc,73,tile_fused:trisc_kernel_base,1
6.042,6.064,21,active,13222245988146,13222245988168,slot0_x4_y1,0,4,1,TILE,THROUGHPUT_SECTION,/hdd/flapmax/tt-metal/tt_metal/hw/firmware/src/tt-1xx/trisck.cc,73,tile_fused:explicit_throughput,1
6.064,6.164,21,stall,13222245988168,13222245988268,slot0_x4_y1,0,4,1,TILE,TRISC-KERNEL,/hdd/flapmax/tt-metal/tt_metal/hw/firmware/src/tt-1xx/trisck.cc,73,tile_fused:trisc_kernel_base,1
6.164,6.183,21,active,13222245988268,13222245988287,slot0_x4_y1,0,4,1,TILE,THROUGHPUT_SECTION,/hdd/flapmax/tt-metal/tt_metal/hw/firmware/src/tt-1xx/trisck.cc,73,tile_fused:explicit_throughput,1
6.183,6.464,21,stall,13222245988287,13222245988568,slot0_x4_y1,0,4,1,TILE,TRISC-KERNEL,/hdd/flapmax/tt-metal/tt_metal/hw/firmware/src/tt-1xx/trisck.cc,73,tile_fused:trisc_kernel_base,1
6.464,6.524,21,active,13222245988568,13222245988628,slot0_x4_y1,0,4,1,TILE,THROUGHPUT_SECTION,/hdd/flapmax/tt-metal/tt_metal/hw/firmware/src/tt-1xx/trisck.cc,73,tile_fused:explicit_throughput,1
6.524,6.578,21,stall,13222245988628,13222245988682,slot0_x4_y1,0,4,1,TILE,TRISC-KERNEL,/hdd/flapmax/tt-metal/tt_metal/hw/firmware/src/tt-1xx/trisck.cc,73,tile_fused:trisc_kernel_base,1
6.578,6.599,21,active,13222245988682,13222245988703,slot0_x4_y1,0,4,1,TILE,THROUGHPUT_SECTION,/hdd/flapmax/tt-metal/tt_metal/hw/firmware/src/tt-1xx/trisck.cc,73,tile_fused:explicit_throughput,1
6.599,6.7,21,stall,13222245988703,13222245988804,slot0_x4_y1,0,4,1,TILE,TRISC-KERNEL,/hdd/flapmax/tt-metal/tt_metal/hw/firmware/src/tt-1xx/trisck.cc,73,tile_fused:trisc_kernel_base,1
6.7,6.72,21,active,13222245988804,13222245988824,slot0_x4_y1,0,4,1,TILE,THROUGHPUT_SECTION,/hdd/flapmax/tt-metal/tt_metal/hw/firmware/src/tt-1xx/trisck.cc,73,tile_fused:explicit_throughput,1
6.72,7.23,21,stall,13222245988824,13222245989334,slot0_x4_y1,0,4,1,TILE,TRISC-KERNEL,/hdd/flapmax/tt-metal/tt_metal/hw/firmware/src/tt-1xx/trisck.cc,73,tile_fused:trisc_kernel_base,1
7.23,7.278,21,active,13222245989334,13222245989382,slot0_x4_y1,0,4,1,TILE,THROUGHPUT_SECTION,/hdd/flapmax/tt-metal/tt_metal/hw/firmware/src/tt-1xx/trisck.cc,73,tile_fused:explicit_throughput,1
7.278,7.335,21,stall,13222245989382,13222245989439,slot0_x4_y1,0,4,1,TILE,TRISC-KERNEL,/hdd/flapmax/tt-metal/tt_metal/hw/firmware/src/tt-1xx/trisck.cc,73,tile_fused:trisc_kernel_base,1
7.335,7.356,21,active,13222245989439,13222245989460,slot0_x4_y1,0,4,1,TILE,THROUGHPUT_SECTION,/hdd/flapmax/tt-metal/tt_metal/hw/firmware/src/tt-1xx/trisck.cc,73,tile_fused:explicit_throughput,1
7.356,7.456,21,stall,13222245989460,13222245989560,slot0_x4_y1,0,4,1,TILE,TRISC-KERNEL,/hdd/flapmax/tt-metal/tt_metal/hw/firmware/src/tt-1xx/trisck.cc,73,tile_fused:trisc_kernel_base,1
7.456,7.475,21,active,13222245989560,13222245989579,slot0_x4_y1,0,4,1,TILE,THROUGHPUT_SECTION,/hdd/flapmax/tt-metal/tt_metal/hw/firmware/src/tt-1xx/trisck.cc,73,tile_fused:explicit_throughput,1
7.475,9.135,21,stall,13222245989579,13222245991239,slot0_x4_y1,0,4,1,TILE,TRISC-KERNEL,/hdd/flapmax/tt-metal/tt_metal/hw/firmware/src/tt-1xx/trisck.cc,73,tile_fused:trisc_kernel_base,1
9.135,9.189,21,active,13222245991239,13222245991293,slot0_x4_y1,0,4,1,TILE,THROUGHPUT_SECTION,/hdd/flapmax/tt-metal/tt_metal/hw/firmware/src/tt-1xx/trisck.cc,73,tile_fused:explicit_throughput,1
9.189,9.243,21,stall,13222245991293,13222245991347,slot0_x4_y1,0,4,1,TILE,TRISC-KERNEL,/hdd/flapmax/tt-metal/tt_metal/hw/firmware/src/tt-1xx/trisck.cc,73,tile_fused:trisc_kernel_base,1
9.243,9.264,21,active,13222245991347,13222245991368,slot0_x4_y1,0,4,1,TILE,THROUGHPUT_SECTION,/hdd/flapmax/tt-metal/tt_metal/hw/firmware/src/tt-1xx/trisck.cc,73,tile_fused:explicit_throughput,1
9.264,9.365,21,stall,13222245991368,13222245991469,slot0_x4_y1,0,4,1,TILE,TRISC-KERNEL,/hdd/flapmax/tt-metal/tt_metal/hw/firmware/src/tt-1xx/trisck.cc,73,tile_fused:trisc_kernel_base,1
9.365,9.384,21,active,13222245991469,13222245991488,slot0_x4_y1,0,4,1,TILE,THROUGHPUT_SECTION,/hdd/flapmax/tt-metal/tt_metal/hw/firmware/src/tt-1xx/trisck.cc,73,tile_fused:explicit_throughput,1
9.384,9.765,21,stall,13222245991488,13222245991869,slot0_x4_y1,0,4,1,TILE,TRISC-KERNEL,/hdd/flapmax/tt-metal/tt_metal/hw/firmware/src/tt-1xx/trisck.cc,73,tile_fused:trisc_kernel_base,1
9.765,9.812,21,active,13222245991869,13222245991916,slot0_x4_y1,0,4,1,TILE,THROUGHPUT_SECTION,/hdd/flapmax/tt-metal/tt_metal/hw/firmware/src/tt-1xx/trisck.cc,73,tile_fused:explicit_throughput,1
9.812,9.865,21,stall,13222245991916,13222245991969,slot0_x4_y1,0,4,1,TILE,TRISC-KERNEL,/hdd/flapmax/tt-metal/tt_metal/hw/firmware/src/tt-1xx/trisck.cc,73,tile_fused:trisc_kernel_base,1
9.865,9.886,21,active,13222245991969,13222245991990,slot0_x4_y1,0,4,1,TILE,THROUGHPUT_SECTION,/hdd/flapmax/tt-metal/tt_metal/hw/firmware/src/tt-1xx/trisck.cc,73,tile_fused:explicit_throughput,1
9.886,9.986,21,stall,13222245991990,13222245992090,slot0_x4_y1,0,4,1,TILE,TRISC-KERNEL,/hdd/flapmax/tt-metal/tt_metal/hw/firmware/src/tt-1xx/trisck.cc,73,tile_fused:trisc_kernel_base,1
9.986,10.006,21,active,13222245992090,13222245992110,slot0_x4_y1,0,4,1,TILE,THROUGHPUT_SECTION,/hdd/flapmax/tt-metal/tt_metal/hw/firmware/src/tt-1xx/trisck.cc,73,tile_fused:explicit_throughput,1
10.006,10.927,21,stall,13222245992110,13222245993031,slot0_x4_y1,0,4,1,TILE,TRISC-KERNEL,/hdd/flapmax/tt-metal/tt_metal/hw/firmware/src/tt-1xx/trisck.cc,73,tile_fused:trisc_kernel_base,1
10.927,10.981,21,active,13222245993031,13222245993085,slot0_x4_y1,0,4,1,TILE,THROUGHPUT_SECTION,/hdd/flapmax/tt-metal/tt_metal/hw/firmware/src/tt-1xx/trisck.cc,73,tile_fused:explicit_throughput,1
10.981,11.033,21,stall,13222245993085,13222245993137,slot0_x4_y1,0,4,1,TILE,TRISC-KERNEL,/hdd/flapmax/tt-metal/tt_metal/hw/firmware/src/tt-1xx/trisck.cc,73,tile_fused:trisc_kernel_base,1
11.033,11.055,21,active,13222245993137,13222245993159,slot0_x4_y1,0,4,1,TILE,THROUGHPUT_SECTION,/hdd/flapmax/tt-metal/tt_metal/hw/firmware/src/tt-1xx/trisck.cc,73,tile_fused:explicit_throughput,1
11.055,11.155,21,stall,13222245993159,13222245993259,slot0_x4_y1,0,4,1,TILE,TRISC-KERNEL,/hdd/flapmax/tt-metal/tt_metal/hw/firmware/src/tt-1xx/trisck.cc,73,tile_fused:trisc_kernel_base,1
11.155,11.174,21,active,13222245993259,13222245993278,slot0_x4_y1,0,4,1,TILE,THROUGHPUT_SECTION,/hdd/flapmax/tt-metal/tt_metal/hw/firmware/src/tt-1xx/trisck.cc,73,tile_fused:explicit_throughput,1
11.174,11.808,21,stall,13222245993278,13222245993912,slot0_x4_y1,0,4,1,TILE,TRISC-KERNEL,/hdd/flapmax/tt-metal/tt_metal/hw/firmware/src/tt-1xx/trisck.cc,73,tile_fused:trisc_kernel_base,1
11.808,11.855,21,active,13222245993912,13222245993959,slot0_x4_y1,0,4,1,TILE,THROUGHPUT_SECTION,/hdd/flapmax/tt-metal/tt_metal/hw/firmware/src/tt-1xx/trisck.cc,73,tile_fused:explicit_throughput,1
11.855,11.915,21,stall,13222245993959,13222245994019,slot0_x4_y1,0,4,1,TILE,TRISC-KERNEL,/hdd/flapmax/tt-metal/tt_metal/hw/firmware/src/tt-1xx/trisck.cc,73,tile_fused:trisc_kernel_base,1
11.915,11.937,21,active,13222245994019,13222245994041,slot0_x4_y1,0,4,1,TILE,THROUGHPUT_SECTION,/hdd/flapmax/tt-metal/tt_metal/hw/firmware/src/tt-1xx/trisck.cc,73,tile_fused:explicit_throughput,1
11.937,12.036,21,stall,13222245994041,13222245994140,slot0_x4_y1,0,4,1,TILE,TRISC-KERNEL,/hdd/flapmax/tt-metal/tt_metal/hw/firmware/src/tt-1xx/trisck.cc,73,tile_fused:trisc_kernel_base,1
12.036,12.055,21,active,13222245994140,13222245994159,slot0_x4_y1,0,4,1,TILE,THROUGHPUT_SECTION,/hdd/flapmax/tt-metal/tt_metal/hw/firmware/src/tt-1xx/trisck.cc,73,tile_fused:explicit_throughput,1
12.055,12.601,21,stall,13222245994159,13222245994705,slot0_x4_y1,0,4,1,TILE,TRISC-KERNEL,/hdd/flapmax/tt-metal/tt_metal/hw/firmware/src/tt-1xx/trisck.cc,73,tile_fused:trisc_kernel_base,1
12.601,12.655,21,active,13222245994705,13222245994759,slot0_x4_y1,0,4,1,TILE,THROUGHPUT_SECTION,/hdd/flapmax/tt-metal/tt_metal/hw/firmware/src/tt-1xx/trisck.cc,73,tile_fused:explicit_throughput,1
12.655,12.707,21,stall,13222245994759,13222245994811,slot0_x4_y1,0,4,1,TILE,TRISC-KERNEL,/hdd/flapmax/tt-metal/tt_metal/hw/firmware/src/tt-1xx/trisck.cc,73,tile_fused:trisc_kernel_base,1
12.707,12.729,21,active,13222245994811,13222245994833,slot0_x4_y1,0,4,1,TILE,THROUGHPUT_SECTION,/hdd/flapmax/tt-metal/tt_metal/hw/firmware/src/tt-1xx/trisck.cc,73,tile_fused:explicit_throughput,1
12.729,12.828,21,stall,13222245994833,13222245994932,slot0_x4_y1,0,4,1,TILE,TRISC-KERNEL,/hdd/flapmax/tt-metal/tt_metal/hw/firmware/src/tt-1xx/trisck.cc,73,tile_fused:trisc_kernel_base,1
12.828,12.848,21,active,13222245994932,13222245994952,slot0_x4_y1,0,4,1,TILE,THROUGHPUT_SECTION,/hdd/flapmax/tt-metal/tt_metal/hw/firmware/src/tt-1xx/trisck.cc,73,tile_fused:explicit_throughput,1
12.848,13.38,21,stall,13222245994952,13222245995484,slot0_x4_y1,0,4,1,TILE,TRISC-KERNEL,/hdd/flapmax/tt-metal/tt_metal/hw/firmware/src/tt-1xx/trisck.cc,73,tile_fused:trisc_kernel_base,1
13.38,13.427,21,active,13222245995484,13222245995531,slot0_x4_y1,0,4,1,TILE,THROUGHPUT_SECTION,/hdd/flapmax/tt-metal/tt_metal/hw/firmware/src/tt-1xx/trisck.cc,73,tile_fused:explicit_throughput,1
13.427,13.48,21,stall,13222245995531,13222245995584,slot0_x4_y1,0,4,1,TILE,TRISC-KERNEL,/hdd/flapmax/tt-metal/tt_metal/hw/firmware/src/tt-1xx/trisck.cc,73,tile_fused:trisc_kernel_base,1
13.48,13.501,21,active,13222245995584,13222245995605,slot0_x4_y1,0,4,1,TILE,THROUGHPUT_SECTION,/hdd/flapmax/tt-metal/tt_metal/hw/firmware/src/tt-1xx/trisck.cc,73,tile_fused:explicit_throughput,1
13.501,13.601,21,stall,13222245995605,13222245995705,slot0_x4_y1,0,4,1,TILE,TRISC-KERNEL,/hdd/flapmax/tt-metal/tt_metal/hw/firmware/src/tt-1xx/trisck.cc,73,tile_fused:trisc_kernel_base,1
13.601,13.623,21,active,13222245995705,13222245995727,slot0_x4_y1,0,4,1,TILE,THROUGHPUT_SECTION,/hdd/flapmax/tt-metal/tt_metal/hw/firmware/src/tt-1xx/trisck.cc,73,tile_fused:explicit_throughput,1
13.623,14.081,21,stall,13222245995727,13222245996185,slot0_x4_y1,0,4,1,TILE,TRISC-KERNEL,/hdd/flapmax/tt-metal/tt_metal/hw/firmware/src/tt-1xx/trisck.cc,73,tile_fused:trisc_kernel_base,1
14.081,14.136,21,active,13222245996185,13222245996240,slot0_x4_y1,0,4,1,TILE,THROUGHPUT_SECTION,/hdd/flapmax/tt-metal/tt_metal/hw/firmware/src/tt-1xx/trisck.cc,73,tile_fused:explicit_throughput,1
14.136,14.186,21,stall,13222245996240,13222245996290,slot0_x4_y1,0,4,1,TILE,TRISC-KERNEL,/hdd/flapmax/tt-metal/tt_metal/hw/firmware/src/tt-1xx/trisck.cc,73,tile_fused:trisc_kernel_base,1
14.186,14.208,21,active,13222245996290,13222245996312,slot0_x4_y1,0,4,1,TILE,THROUGHPUT_SECTION,/hdd/flapmax/tt-metal/tt_metal/hw/firmware/src/tt-1xx/trisck.cc,73,tile_fused:explicit_throughput,1
14.208,14.307,21,stall,13222245996312,13222245996411,slot0_x4_y1,0,4,1,TILE,TRISC-KERNEL,/hdd/flapmax/tt-metal/tt_metal/hw/firmware/src/tt-1xx/trisck.cc,73,tile_fused:trisc_kernel_base,1
14.307,14.327,21,active,13222245996411,13222245996431,slot0_x4_y1,0,4,1,TILE,THROUGHPUT_SECTION,/hdd/flapmax/tt-metal/tt_metal/hw/firmware/src/tt-1xx/trisck.cc,73,tile_fused:explicit_throughput,1
14.327,14.698,21,stall,13222245996431,13222245996802,slot0_x4_y1,0,4,1,TILE,TRISC-KERNEL,/hdd/flapmax/tt-metal/tt_metal/hw/firmware/src/tt-1xx/trisck.cc,73,tile_fused:trisc_kernel_base,1
14.698,14.745,21,active,13222245996802,13222245996849,slot0_x4_y1,0,4,1,TILE,THROUGHPUT_SECTION,/hdd/flapmax/tt-metal/tt_metal/hw/firmware/src/tt-1xx/trisck.cc,73,tile_fused:explicit_throughput,1
14.745,15.401,21,stall,13222245996849,13222245997505,slot0_x4_y1,0,4,1,TILE,TRISC-KERNEL,/hdd/flapmax/tt-metal/tt_metal/hw/firmware/src/tt-1xx/trisck.cc,73,tile_fused:trisc_kernel_base,1
15.401,15.455,21,active,13222245997505,13222245997559,slot0_x4_y1,0,4,1,TILE,THROUGHPUT_SECTION,/hdd/flapmax/tt-metal/tt_metal/hw/firmware/src/tt-1xx/trisck.cc,73,tile_fused:explicit_throughput,1
15.455,16.177,21,stall,13222245997559,13222245998281,slot0_x4_y1,0,4,1,TILE,TRISC-KERNEL,/hdd/flapmax/tt-metal/tt_metal/hw/firmware/src/tt-1xx/trisck.cc,73,tile_fused:trisc_kernel_base,1
0.0,0.184,22,stall,13222245982104,13222245982288,slot0_x4_y2,0,4,2,TILE,TRISC-KERNEL,/hdd/flapmax/tt-metal/tt_metal/hw/firmware/src/tt-1xx/trisck.cc,73,tile_fused:trisc_kernel_base,1
0.184,0.205,22,active,13222245982288,13222245982309,slot0_x4_y2,0,4,2,TILE,THROUGHPUT_SECTION,/hdd/flapmax/tt-metal/tt_metal/hw/firmware/src/tt-1xx/trisck.cc,73,tile_fused:explicit_throughput,1
0.205,0.243,22,stall,13222245982309,13222245982347,slot0_x4_y2,0,4,2,TILE,TRISC-KERNEL,/hdd/flapmax/tt-metal/tt_metal/hw/firmware/src/tt-1xx/trisck.cc,73,tile_fused:trisc_kernel_base,1
0.243,0.264,22,active,13222245982347,13222245982368,slot0_x4_y2,0,4,2,TILE,THROUGHPUT_SECTION,/hdd/flapmax/tt-metal/tt_metal/hw/firmware/src/tt-1xx/trisck.cc,73,tile_fused:explicit_throughput,1
0.264,0.448,22,stall,13222245982368,13222245982552,slot0_x4_y2,0,4,2,TILE,TRISC-KERNEL,/hdd/flapmax/tt-metal/tt_metal/hw/firmware/src/tt-1xx/trisck.cc,73,tile_fused:trisc_kernel_base,1
0.448,0.467,22,active,13222245982552,13222245982571,slot0_x4_y2,0,4,2,TILE,THROUGHPUT_SECTION,/hdd/flapmax/tt-metal/tt_metal/hw/firmware/src/tt-1xx/trisck.cc,73,tile_fused:explicit_throughput,1
0.467,0.579,22,stall,13222245982571,13222245982683,slot0_x4_y2,0,4,2,TILE,TRISC-KERNEL,/hdd/flapmax/tt-metal/tt_metal/hw/firmware/src/tt-1xx/trisck.cc,73,tile_fused:trisc_kernel_base,1
0.579,0.598,22,active,13222245982683,13222245982702,slot0_x4_y2,0,4,2,TILE,THROUGHPUT_SECTION,/hdd/flapmax/tt-metal/tt_metal/hw/firmware/src/tt-1xx/trisck.cc,73,tile_fused:explicit_throughput,1
0.598,3.009,22,stall,13222245982702,13222245985113,slot0_x4_y2,0,4,2,TILE,TRISC-KERNEL,/hdd/flapmax/tt-metal/tt_metal/hw/firmware/src/tt-1xx/trisck.cc,73,tile_fused:trisc_kernel_base,1
3.009,3.055,22,active,13222245985113,13222245985159,slot0_x4_y2,0,4,2,TILE,THROUGHPUT_SECTION,/hdd/flapmax/tt-metal/tt_metal/hw/firmware/src/tt-1xx/trisck.cc,73,tile_fused:explicit_throughput,1
3.055,3.109,22,stall,13222245985159,13222245985213,slot0_x4_y2,0,4,2,TILE,TRISC-KERNEL,/hdd/flapmax/tt-metal/tt_metal/hw/firmware/src/tt-1xx/trisck.cc,73,tile_fused:trisc_kernel_base,1
3.109,3.134,22,active,13222245985213,13222245985238,slot0_x4_y2,0,4,2,TILE,THROUGHPUT_SECTION,/hdd/flapmax/tt-metal/tt_metal/hw/firmware/src/tt-1xx/trisck.cc,73,tile_fused:explicit_throughput,1
3.134,3.231,22,stall,13222245985238,13222245985335,slot0_x4_y2,0,4,2,TILE,TRISC-KERNEL,/hdd/flapmax/tt-metal/tt_metal/hw/firmware/src/tt-1xx/trisck.cc,73,tile_fused:trisc_kernel_base,1
3.231,3.25,22,active,13222245985335,13222245985354,slot0_x4_y2,0,4,2,TILE,THROUGHPUT_SECTION,/hdd/flapmax/tt-metal/tt_metal/hw/firmware/src/tt-1xx/trisck.cc,73,tile_fused:explicit_throughput,1
3.25,10.552,22,stall,13222245985354,13222245992656,slot0_x4_y2,0,4,2,TILE,TRISC-KERNEL,/hdd/flapmax/tt-metal/tt_metal/hw/firmware/src/tt-1xx/trisck.cc,73,tile_fused:trisc_kernel_base,1
10.552,10.612,22,active,13222245992656,13222245992716,slot0_x4_y2,0,4,2,TILE,THROUGHPUT_SECTION,/hdd/flapmax/tt-metal/tt_metal/hw/firmware/src/tt-1xx/trisck.cc,73,tile_fused:explicit_throughput,1
10.612,10.666,22,stall,13222245992716,13222245992770,slot0_x4_y2,0,4,2,TILE,TRISC-KERNEL,/hdd/flapmax/tt-metal/tt_metal/hw/firmware/src/tt-1xx/trisck.cc,73,tile_fused:trisc_kernel_base,1
10.666,10.688,22,active,13222245992770,13222245992792,slot0_x4_y2,0,4,2,TILE,THROUGHPUT_SECTION,/hdd/flapmax/tt-metal/tt_metal/hw/firmware/src/tt-1xx/trisck.cc,73,tile_fused:explicit_throughput,1
10.688,10.787,22,stall,13222245992792,13222245992891,slot0_x4_y2,0,4,2,TILE,TRISC-KERNEL,/hdd/flapmax/tt-metal/tt_metal/hw/firmware/src/tt-1xx/trisck.cc,73,tile_fused:trisc_kernel_base,1
10.787,10.807,22,active,13222245992891,13222245992911,slot0_x4_y2,0,4,2,TILE,THROUGHPUT_SECTION,/hdd/flapmax/tt-metal/tt_metal/hw/firmware/src/tt-1xx/trisck.cc,73,tile_fused:explicit_throughput,1
10.807,11.467,22,stall,13222245992911,13222245993571,slot0_x4_y2,0,4,2,TILE,TRISC-KERNEL,/hdd/flapmax/tt-metal/tt_metal/hw/firmware/src/tt-1xx/trisck.cc,73,tile_fused:trisc_kernel_base,1
11.467,11.514,22,active,13222245993571,13222245993618,slot0_x4_y2,0,4,2,TILE,THROUGHPUT_SECTION,/hdd/flapmax/tt-metal/tt_metal/hw/firmware/src/tt-1xx/trisck.cc,73,tile_fused:explicit_throughput,1
11.514,11.578,22,stall,13222245993618,13222245993682,slot0_x4_y2,0,4,2,TILE,TRISC-KERNEL,/hdd/flapmax/tt-metal/tt_metal/hw/firmware/src/tt-1xx/trisck.cc,73,tile_fused:trisc_kernel_base,1
11.578,11.599,22,active,13222245993682,13222245993703,slot0_x4_y2,0,4,2,TILE,THROUGHPUT_SECTION,/hdd/flapmax/tt-metal/tt_metal/hw/firmware/src/tt-1xx/trisck.cc,73,tile_fused:explicit_throughput,1
11.599,11.696,22,stall,13222245993703,13222245993800,slot0_x4_y2,0,4,2,TILE,TRISC-KERNEL,/hdd/flapmax/tt-metal/tt_metal/hw/firmware/src/tt-1xx/trisck.cc,73,tile_fused:trisc_kernel_base,1
11.696,11.715,22,active,13222245993800,13222245993819,slot0_x4_y2,0,4,2,TILE,THROUGHPUT_SECTION,/hdd/flapmax/tt-metal/tt_metal/hw/firmware/src/tt-1xx/trisck.cc,73,tile_fused:explicit_throughput,1
11.715,12.81,22,stall,13222245993819,13222245994914,slot0_x4_y2,0,4,2,TILE,TRISC-KERNEL,/hdd/flapmax/tt-metal/tt_metal/hw/firmware/src/tt-1xx/trisck.cc,73,tile_fused:trisc_kernel_base,1
12.81,12.864,22,active,13222245994914,13222245994968,slot0_x4_y2,0,4,2,TILE,THROUGHPUT_SECTION,/hdd/flapmax/tt-metal/tt_metal/hw/firmware/src/tt-1xx/trisck.cc,73,tile_fused:explicit_throughput,1
12.864,12.918,22,stall,13222245994968,13222245995022,slot0_x4_y2,0,4,2,TILE,TRISC-KERNEL,/hdd/flapmax/tt-metal/tt_metal/hw/firmware/src/tt-1xx/trisck.cc,73,tile_fused:trisc_kernel_base,1
12.918,12.94,22,active,13222245995022,13222245995044,slot0_x4_y2,0,4,2,TILE,THROUGHPUT_SECTION,/hdd/flapmax/tt-metal/tt_metal/hw/firmware/src/tt-1xx/trisck.cc,73,tile_fused:explicit_throughput,1
12.94,13.04,22,stall,13222245995044,13222245995144,slot0_x4_y2,0,4,2,TILE,TRISC-KERNEL,/hdd/flapmax/tt-metal/tt_metal/hw/firmware/src/tt-1xx/trisck.cc,73,tile_fused:trisc_kernel_base,1
13.04,13.059,22,active,13222245995144,13222245995163,slot0_x4_y2,0,4,2,TILE,THROUGHPUT_SECTION,/hdd/flapmax/tt-metal/tt_metal/hw/firmware/src/tt-1xx/trisck.cc,73,tile_fused:explicit_throughput,1
13.059,13.643,22,stall,13222245995163,13222245995747,slot0_x4_y2,0,4,2,TILE,TRISC-KERNEL,/hdd/flapmax/tt-metal/tt_metal/hw/firmware/src/tt-1xx/trisck.cc,73,tile_fused:trisc_kernel_base,1
13.643,13.691,22,active,13222245995747,13222245995795,slot0_x4_y2,0,4,2,TILE,THROUGHPUT_SECTION,/hdd/flapmax/tt-metal/tt_metal/hw/firmware/src/tt-1xx/trisck.cc,73,tile_fused:explicit_throughput,1
13.691,13.743,22,stall,13222245995795,13222245995847,slot0_x4_y2,0,4,2,TILE,TRISC-KERNEL,/hdd/flapmax/tt-metal/tt_metal/hw/firmware/src/tt-1xx/trisck.cc,73,tile_fused:trisc_kernel_base,1
13.743,13.765,22,active,13222245995847,13222245995869,slot0_x4_y2,0,4,2,TILE,THROUGHPUT_SECTION,/hdd/flapmax/tt-metal/tt_metal/hw/firmware/src/tt-1xx/trisck.cc,73,tile_fused:explicit_throughput,1
13.765,13.865,22,stall,13222245995869,13222245995969,slot0_x4_y2,0,4,2,TILE,TRISC-KERNEL,/hdd/flapmax/tt-metal/tt_metal/hw/firmware/src/tt-1xx/trisck.cc,73,tile_fused:trisc_kernel_base,1
13.865,13.885,22,active,13222245995969,13222245995989,slot0_x4_y2,0,4,2,TILE,THROUGHPUT_SECTION,/hdd/flapmax/tt-metal/tt_metal/hw/firmware/src/tt-1xx/trisck.cc,73,tile_fused:explicit_throughput,1
13.885,14.585,22,stall,13222245995989,13222245996689,slot0_x4_y2,0,4,2,TILE,TRISC-KERNEL,/hdd/flapmax/tt-metal/tt_metal/hw/firmware/src/tt-1xx/trisck.cc,73,tile_fused:trisc_kernel_base,1
14.585,14.639,22,active,13222245996689,13222245996743,slot0_x4_y2,0,4,2,TILE,THROUGHPUT_SECTION,/hdd/flapmax/tt-metal/tt_metal/hw/firmware/src/tt-1xx/trisck.cc,73,tile_fused:explicit_throughput,1
14.639,14.691,22,stall,13222245996743,13222245996795,slot0_x4_y2,0,4,2,TILE,TRISC-KERNEL,/hdd/flapmax/tt-metal/tt_metal/hw/firmware/src/tt-1xx/trisck.cc,73,tile_fused:trisc_kernel_base,1
14.691,14.714,22,active,13222245996795,13222245996818,slot0_x4_y2,0,4,2,TILE,THROUGHPUT_SECTION,/hdd/flapmax/tt-metal/tt_metal/hw/firmware/src/tt-1xx/trisck.cc,73,tile_fused:explicit_throughput,1
14.714,14.812,22,stall,13222245996818,13222245996916,slot0_x4_y2,0,4,2,TILE,TRISC-KERNEL,/hdd/flapmax/tt-metal/tt_metal/hw/firmware/src/tt-1xx/trisck.cc,73,tile_fused:trisc_kernel_base,1
14.812,14.831,22,active,13222245996916,13222245996935,slot0_x4_y2,0,4,2,TILE,THROUGHPUT_SECTION,/hdd/flapmax/tt-metal/tt_metal/hw/firmware/src/tt-1xx/trisck.cc,73,tile_fused:explicit_throughput,1
14.831,15.097,22,stall,13222245996935,13222245997201,slot0_x4_y2,0,4,2,TILE,TRISC-KERNEL,/hdd/flapmax/tt-metal/tt_metal/hw/firmware/src/tt-1xx/trisck.cc,73,tile_fused:trisc_kernel_base,1
15.097,15.145,22,active,13222245997201,13222245997249,slot0_x4_y2,0,4,2,TILE,THROUGHPUT_SECTION,/hdd/flapmax/tt-metal/tt_metal/hw/firmware/src/tt-1xx/trisck.cc,73,tile_fused:explicit_throughput,1
15.145,15.205,22,stall,13222245997249,13222245997309,slot0_x4_y2,0,4,2,TILE,TRISC-KERNEL,/hdd/flapmax/tt-metal/tt_metal/hw/firmware/src/tt-1xx/trisck.cc,73,tile_fused:trisc_kernel_base,1
15.205,15.227,22,active,13222245997309,13222245997331,slot0_x4_y2,0,4,2,TILE,THROUGHPUT_SECTION,/hdd/flapmax/tt-metal/tt_metal/hw/firmware/src/tt-1xx/trisck.cc,73,tile_fused:explicit_throughput,1
15.227,15.325,22,stall,13222245997331,13222245997429,slot0_x4_y2,0,4,2,TILE,TRISC-KERNEL,/hdd/flapmax/tt-metal/tt_metal/hw/firmware/src/tt-1xx/trisck.cc,73,tile_fused:trisc_kernel_base,1
15.325,15.344,22,active,13222245997429,13222245997448,slot0_x4_y2,0,4,2,TILE,THROUGHPUT_SECTION,/hdd/flapmax/tt-metal/tt_metal/hw/firmware/src/tt-1xx/trisck.cc,73,tile_fused:explicit_throughput,1
15.344,15.767,22,stall,13222245997448,13222245997871,slot0_x4_y2,0,4,2,TILE,TRISC-KERNEL,/hdd/flapmax/tt-metal/tt_metal/hw/firmware/src/tt-1xx/trisck.cc,73,tile_fused:trisc_kernel_base,1
15.767,15.821,22,active,13222245997871,13222245997925,slot0_x4_y2,0,4,2,TILE,THROUGHPUT_SECTION,/hdd/flapmax/tt-metal/tt_metal/hw/firmware/src/tt-1xx/trisck.cc,73,tile_fused:explicit_throughput,1
15.821,15.873,22,stall,13222245997925,13222245997977,slot0_x4_y2,0,4,2,TILE,TRISC-KERNEL,/hdd/flapmax/tt-metal/tt_metal/hw/firmware/src/tt-1xx/trisck.cc,73,tile_fused:trisc_kernel_base,1
15.873,15.896,22,active,13222245997977,13222245998000,slot0_x4_y2,0,4,2,TILE,THROUGHPUT_SECTION,/hdd/flapmax/tt-metal/tt_metal/hw/firmware/src/tt-1xx/trisck.cc,73,tile_fused:explicit_throughput,1
15.896,15.994,22,stall,13222245998000,13222245998098,slot0_x4_y2,0,4,2,TILE,TRISC-KERNEL,/hdd/flapmax/tt-metal/tt_metal/hw/firmware/src/tt-1xx/trisck.cc,73,tile_fused:trisc_kernel_base,1
15.994,16.013,22,active,13222245998098,13222245998117,slot0_x4_y2,0,4,2,TILE,THROUGHPUT_SECTION,/hdd/flapmax/tt-metal/tt_metal/hw/firmware/src/tt-1xx/trisck.cc,73,tile_fused:explicit_throughput,1
16.013,16.528,22,stall,13222245998117,13222245998632,slot0_x4_y2,0,4,2,TILE,TRISC-KERNEL,/hdd/flapmax/tt-metal/tt_metal/hw/firmware/src/tt-1xx/trisck.cc,73,tile_fused:trisc_kernel_base,1
16.528,16.575,22,active,13222245998632,13222245998679,slot0_x4_y2,0,4,2,TILE,THROUGHPUT_SECTION,/hdd/flapmax/tt-metal/tt_metal/hw/firmware/src/tt-1xx/trisck.cc,73,tile_fused:explicit_throughput,1
16.575,16.628,22,stall,13222245998679,13222245998732,slot0_x4_y2,0,4,2,TILE,TRISC-KERNEL,/hdd/flapmax/tt-metal/tt_metal/hw/firmware/src/tt-1xx/trisck.cc,73,tile_fused:trisc_kernel_base,1
16.628,16.649,22,active,13222245998732,13222245998753,slot0_x4_y2,0,4,2,TILE,THROUGHPUT_SECTION,/hdd/flapmax/tt-metal/tt_metal/hw/firmware/src/tt-1xx/trisck.cc,73,tile_fused:explicit_throughput,1
16.649,16.749,22,stall,13222245998753,13222245998853,slot0_x4_y2,0,4,2,TILE,TRISC-KERNEL,/hdd/flapmax/tt-metal/tt_metal/hw/firmware/src/tt-1xx/trisck.cc,73,tile_fused:trisc_kernel_base,1
16.749,16.771,22,active,13222245998853,13222245998875,slot0_x4_y2,0,4,2,TILE,THROUGHPUT_SECTION,/hdd/flapmax/tt-metal/tt_metal/hw/firmware/src/tt-1xx/trisck.cc,73,tile_fused:explicit_throughput,1
16.771,17.327,22,stall,13222245998875,13222245999431,slot0_x4_y2,0,4,2,TILE,TRISC-KERNEL,/hdd/flapmax/tt-metal/tt_metal/hw/firmware/src/tt-1xx/trisck.cc,73,tile_fused:trisc_kernel_base,1
17.327,17.381,22,active,13222245999431,13222245999485,slot0_x4_y2,0,4,2,TILE,THROUGHPUT_SECTION,/hdd/flapmax/tt-metal/tt_metal/hw/firmware/src/tt-1xx/trisck.cc,73,tile_fused:explicit_throughput,1
17.381,17.434,22,stall,13222245999485,13222245999538,slot0_x4_y2,0,4,2,TILE,TRISC-KERNEL,/hdd/flapmax/tt-metal/tt_metal/hw/firmware/src/tt-1xx/trisck.cc,73,tile_fused:trisc_kernel_base,1
17.434,17.455,22,active,13222245999538,13222245999559,slot0_x4_y2,0,4,2,TILE,THROUGHPUT_SECTION,/hdd/flapmax/tt-metal/tt_metal/hw/firmware/src/tt-1xx/trisck.cc,73,tile_fused:explicit_throughput,1
17.455,17.555,22,stall,13222245999559,13222245999659,slot0_x4_y2,0,4,2,TILE,TRISC-KERNEL,/hdd/flapmax/tt-metal/tt_metal/hw/firmware/src/tt-1xx/trisck.cc,73,tile_fused:trisc_kernel_base,1
17.555,17.577,22,active,13222245999659,13222245999681,slot0_x4_y2,0,4,2,TILE,THROUGHPUT_SECTION,/hdd/flapmax/tt-metal/tt_metal/hw/firmware/src/tt-1xx/trisck.cc,73,tile_fused:explicit_throughput,1
17.577,18.293,22,stall,13222245999681,13222246000397,slot0_x4_y2,0,4,2,TILE,TRISC-KERNEL,/hdd/flapmax/tt-metal/tt_metal/hw/firmware/src/tt-1xx/trisck.cc,73,tile_fused:trisc_kernel_base,1
18.293,18.34,22,active,13222246000397,13222246000444,slot0_x4_y2,0,4,2,TILE,THROUGHPUT_SECTION,/hdd/flapmax/tt-metal/tt_metal/hw/firmware/src/tt-1xx/trisck.cc,73,tile_fused:explicit_throughput,1
18.34,19.023,22,stall,13222246000444,13222246001127,slot0_x4_y2,0,4,2,TILE,TRISC-KERNEL,/hdd/flapmax/tt-metal/tt_metal/hw/firmware/src/tt-1xx/trisck.cc,73,tile_fused:trisc_kernel_base,1
19.023,19.077,22,active,13222246001127,13222246001181,slot0_x4_y2,0,4,2,TILE,THROUGHPUT_SECTION,/hdd/flapmax/tt-metal/tt_metal/hw/firmware/src/tt-1xx/trisck.cc,73,tile_fused:explicit_throughput,1
19.077,20.022,22,stall,13222246001181,13222246002126,slot0_x4_y2,0,4,2,TILE,TRISC-KERNEL,/hdd/flapmax/tt-metal/tt_metal/hw/firmware/src/tt-1xx/trisck.cc,73,tile_fused:trisc_kernel_base,1
0.052,0.233,23,stall,13222245982156,13222245982337,slot0_x4_y3,0,4,3,TILE,TRISC-KERNEL,/hdd/flapmax/tt-metal/tt_metal/hw/firmware/src/tt-1xx/trisck.cc,73,tile_fused:trisc_kernel_base,1
0.233,0.255,23,active,13222245982337,13222245982359,slot0_x4_y3,0,4,3,TILE,THROUGHPUT_SECTION,/hdd/flapmax/tt-metal/tt_metal/hw/firmware/src/tt-1xx/trisck.cc,73,tile_fused:explicit_throughput,1
0.255,0.289,23,stall,13222245982359,13222245982393,slot0_x4_y3,0,4,3,TILE,TRISC-KERNEL,/hdd/flapmax/tt-metal/tt_metal/hw/firmware/src/tt-1xx/trisck.cc,73,tile_fused:trisc_kernel_base,1
0.289,0.31,23,active,13222245982393,13222245982414,slot0_x4_y3,0,4,3,TILE,THROUGHPUT_SECTION,/hdd/flapmax/tt-metal/tt_metal/hw/firmware/src/tt-1xx/trisck.cc,73,tile_fused:explicit_throughput,1
0.31,0.507,23,stall,13222245982414,13222245982611,slot0_x4_y3,0,4,3,TILE,TRISC-KERNEL,/hdd/flapmax/tt-metal/tt_metal/hw/firmware/src/tt-1xx/trisck.cc,73,tile_fused:trisc_kernel_base,1
0.507,0.526,23,active,13222245982611,13222245982630,slot0_x4_y3,0,4,3,TILE,THROUGHPUT_SECTION,/hdd/flapmax/tt-metal/tt_metal/hw/firmware/src/tt-1xx/trisck.cc,73,tile_fused:explicit_throughput,1
0.526,0.638,23,stall,13222245982630,13222245982742,slot0_x4_y3,0,4,3,TILE,TRISC-KERNEL,/hdd/flapmax/tt-metal/tt_metal/hw/firmware/src/tt-1xx/trisck.cc,73,tile_fused:trisc_kernel_base,1
0.638,0.657,23,active,13222245982742,13222245982761,slot0_x4_y3,0,4,3,TILE,THROUGHPUT_SECTION,/hdd/flapmax/tt-metal/tt_metal/hw/firmware/src/tt-1xx/trisck.cc,73,tile_fused:explicit_throughput,1
0.657,6.267,23,stall,13222245982761,13222245988371,slot0_x4_y3,0,4,3,TILE,TRISC-KERNEL,/hdd/flapmax/tt-metal/tt_metal/hw/firmware/src/tt-1xx/trisck.cc,73,tile_fused:trisc_kernel_base,1
6.267,6.313,23,active,13222245988371,13222245988417,slot0_x4_y3,0,4,3,TILE,THROUGHPUT_SECTION,/hdd/flapmax/tt-metal/tt_metal/hw/firmware/src/tt-1xx/trisck.cc,73,tile_fused:explicit_throughput,1
6.313,6.367,23,stall,13222245988417,13222245988471,slot0_x4_y3,0,4,3,TILE,TRISC-KERNEL,/hdd/flapmax/tt-metal/tt_metal/hw/firmware/src/tt-1xx/trisck.cc,73,tile_fused:trisc_kernel_base,1
6.367,6.391,23,active,13222245988471,13222245988495,slot0_x4_y3,0,4,3,TILE,THROUGHPUT_SECTION,/hdd/flapmax/tt-metal/tt_metal/hw/firmware/src/tt-1xx/trisck.cc,73,tile_fused:explicit_throughput,1
6.391,6.489,23,stall,13222245988495,13222245988593,slot0_x4_y3,0,4,3,TILE,TRISC-KERNEL,/hdd/flapmax/tt-metal/tt_metal/hw/firmware/src/tt-1xx/trisck.cc,73,tile_fused:trisc_kernel_base,1
6.489,6.508,23,active,13222245988593,13222245988612,slot0_x4_y3,0,4,3,TILE,THROUGHPUT_SECTION,/hdd/flapmax/tt-metal/tt_metal/hw/firmware/src/tt-1xx/trisck.cc,73,tile_fused:explicit_throughput,1
6.508,14.745,23,stall,13222245988612,13222245996849,slot0_x4_y3,0,4,3,TILE,TRISC-KERNEL,/hdd/flapmax/tt-metal/tt_metal/hw/firmware/src/tt-1xx/trisck.cc,73,tile_fused:trisc_kernel_base,1
14.745,14.804,23,active,13222245996849,13222245996908,slot0_x4_y3,0,4,3,TILE,THROUGHPUT_SECTION,/hdd/flapmax/tt-metal/tt_metal/hw/firmware/src/tt-1xx/trisck.cc,73,tile_fused:explicit_throughput,1
14.804,14.859,23,stall,13222245996908,13222245996963,slot0_x4_y3,0,4,3,TILE,TRISC-KERNEL,/hdd/flapmax/tt-metal/tt_metal/hw/firmware/src/tt-1xx/trisck.cc,73,tile_fused:trisc_kernel_base,1
14.859,14.881,23,active,13222245996963,13222245996985,slot0_x4_y3,0,4,3,TILE,THROUGHPUT_SECTION,/hdd/flapmax/tt-metal/tt_metal/hw/firmware/src/tt-1xx/trisck.cc,73,tile_fused:explicit_throughput,1
14.881,14.979,23,stall,13222245996985,13222245997083,slot0_x4_y3,0,4,3,TILE,TRISC-KERNEL,/hdd/flapmax/tt-metal/tt_metal/hw/firmware/src/tt-1xx/trisck.cc,73,tile_fused:trisc_kernel_base,1
14.979,14.998,23,active,13222245997083,13222245997102,slot0_x4_y3,0,4,3,TILE,THROUGHPUT_SECTION,/hdd/flapmax/tt-metal/tt_metal/hw/firmware/src/tt-1xx/trisck.cc,73,tile_fused:explicit_throughput,1
14.998,15.499,23,stall,13222245997102,13222245997603,slot0_x4_y3,0,4,3,TILE,TRISC-KERNEL,/hdd/flapmax/tt-metal/tt_metal/hw/firmware/src/tt-1xx/trisck.cc,73,tile_fused:trisc_kernel_base,1
15.499,15.545,23,active,13222245997603,13222245997649,slot0_x4_y3,0,4,3,TILE,THROUGHPUT_SECTION,/hdd/flapmax/tt-metal/tt_metal/hw/firmware/src/tt-1xx/trisck.cc,73,tile_fused:explicit_throughput,1
15.545,15.607,23,stall,13222245997649,13222245997711,slot0_x4_y3,0,4,3,TILE,TRISC-KERNEL,/hdd/flapmax/tt-metal/tt_metal/hw/firmware/src/tt-1xx/trisck.cc,73,tile_fused:trisc_kernel_base,1
15.607,15.629,23,active,13222245997711,13222245997733,slot0_x4_y3,0,4,3,TILE,THROUGHPUT_SECTION,/hdd/flapmax/tt-metal/tt_metal/hw/firmware/src/tt-1xx/trisck.cc,73,tile_fused:explicit_throughput,1
15.629,15.727,23,stall,13222245997733,13222245997831,slot0_x4_y3,0,4,3,TILE,TRISC-KERNEL,/hdd/flapmax/tt-metal/tt_metal/hw/firmware/src/tt-1xx/trisck.cc,73,tile_fused:trisc_kernel_base,1
15.727,15.747,23,active,13222245997831,13222245997851,slot0_x4_y3,0,4,3,TILE,THROUGHPUT_SECTION,/hdd/flapmax/tt-metal/tt_metal/hw/firmware/src/tt-1xx/trisck.cc,73,tile_fused:explicit_throughput,1
15.747,16.482,23,stall,13222245997851,13222245998586,slot0_x4_y3,0,4,3,TILE,TRISC-KERNEL,/hdd/flapmax/tt-metal/tt_metal/hw/firmware/src/tt-1xx/trisck.cc,73,tile_fused:trisc_kernel_base,1
16.482,16.536,23,active,13222245998586,13222245998640,slot0_x4_y3,0,4,3,TILE,THROUGHPUT_SECTION,/hdd/flapmax/tt-metal/tt_metal/hw/firmware/src/tt-1xx/trisck.cc,73,tile_fused:explicit_throughput,1
16.536,16.59,23,stall,13222245998640,13222245998694,slot0_x4_y3,0,4,3,TILE,TRISC-KERNEL,/hdd/flapmax/tt-metal/tt_metal/hw/firmware/src/tt-1xx/trisck.cc,73,tile_fused:trisc_kernel_base,1
16.59,16.611,23,active,13222245998694,13222245998715,slot0_x4_y3,0,4,3,TILE,THROUGHPUT_SECTION,/hdd/flapmax/tt-metal/tt_metal/hw/firmware/src/tt-1xx/trisck.cc,73,tile_fused:explicit_throughput,1
16.611,16.711,23,stall,13222245998715,13222245998815,slot0_x4_y3,0,4,3,TILE,TRISC-KERNEL,/hdd/flapmax/tt-metal/tt_metal/hw/firmware/src/tt-1xx/trisck.cc,73,tile_fused:trisc_kernel_base,1
16.711,16.73,23,active,13222245998815,13222245998834,slot0_x4_y3,0,4,3,TILE,THROUGHPUT_SECTION,/hdd/flapmax/tt-metal/tt_metal/hw/firmware/src/tt-1xx/trisck.cc,73,tile_fused:explicit_throughput,1
16.73,17.314,23,stall,13222245998834,13222245999418,slot0_x4_y3,0,4,3,TILE,TRISC-KERNEL,/hdd/flapmax/tt-metal/tt_metal/hw/firmware/src/tt-1xx/trisck.cc,73,tile_fused:trisc_kernel_base,1
17.314,17.361,23,active,13222245999418,13222245999465,slot0_x4_y3,0,4,3,TILE,THROUGHPUT_SECTION,/hdd/flapmax/tt-metal/tt_metal/hw/firmware/src/tt-1xx/trisck.cc,73,tile_fused:explicit_throughput,1
17.361,17.414,23,stall,13222245999465,13222245999518,slot0_x4_y3,0,4,3,TILE,TRISC-KERNEL,/hdd/flapmax/tt-metal/tt_metal/hw/firmware/src/tt-1xx/trisck.cc,73,tile_fused:trisc_kernel_base,1
17.414,17.435,23,active,13222245999518,13222245999539,slot0_x4_y3,0,4,3,TILE,THROUGHPUT_SECTION,/hdd/flapmax/tt-metal/tt_metal/hw/firmware/src/tt-1xx/trisck.cc,73,tile_fused:explicit_throughput,1
17.435,17.535,23,stall,13222245999539,13222245999639,slot0_x4_y3,0,4,3,TILE,TRISC-KERNEL,/hdd/flapmax/tt-metal/tt_metal/hw/firmware/src/tt-1xx/trisck.cc,73,tile_fused:trisc_kernel_base,1
17.535,17.555,23,active,13222245999639,13222245999659,slot0_x4_y3,0,4,3,TILE,THROUGHPUT_SECTION,/hdd/flapmax/tt-metal/tt_metal/hw/firmware/src/tt-1xx/trisck.cc,73,tile_fused:explicit_throughput,1
17.555,18.112,23,stall,13222245999659,13222246000216,slot0_x4_y3,0,4,3,TILE,TRISC-KERNEL,/hdd/flapmax/tt-metal/tt_metal/hw/firmware/src/tt-1xx/trisck.cc,73,tile_fused:trisc_kernel_base,1
18.112,18.166,23,active,13222246000216,13222246000270,slot0_x4_y3,0,4,3,TILE,THROUGHPUT_SECTION,/hdd/flapmax/tt-metal/tt_metal/hw/firmware/src/tt-1xx/trisck.cc,73,tile_fused:explicit_throughput,1
18.166,18.219,23,stall,13222246000270,13222246000323,slot0_x4_y3,0,4,3,TILE,TRISC-KERNEL,/hdd/flapmax/tt-metal/tt_metal/hw/firmware/src/tt-1xx/trisck.cc,73,tile_fused:trisc_kernel_base,1
18.219,18.241,23,active,13222246000323,13222246000345,slot0_x4_y3,0,4,3,TILE,THROUGHPUT_SECTION,/hdd/flapmax/tt-metal/tt_metal/hw/firmware/src/tt-1xx/trisck.cc,73,tile_fused:explicit_throughput,1
18.241,18.339,23,stall,13222246000345,13222246000443,slot0_x4_y3,0,4,3,TILE,TRISC-KERNEL,/hdd/flapmax/tt-metal/tt_metal/hw/firmware/src/tt-1xx/trisck.cc,73,tile_fused:trisc_kernel_base,1
18.339,18.358,23,active,13222246000443,13222246000462,slot0_x4_y3,0,4,3,TILE,THROUGHPUT_SECTION,/hdd/flapmax/tt-metal/tt_metal/hw/firmware/src/tt-1xx/trisck.cc,73,tile_fused:explicit_throughput,1
18.358,18.939,23,stall,13222246000462,13222246001043,slot0_x4_y3,0,4,3,TILE,TRISC-KERNEL,/hdd/flapmax/tt-metal/tt_metal/hw/firmware/src/tt-1xx/trisck.cc,73,tile_fused:trisc_kernel_base,1
18.939,18.986,23,active,13222246001043,13222246001090,slot0_x4_y3,0,4,3,TILE,THROUGHPUT_SECTION,/hdd/flapmax/tt-metal/tt_metal/hw/firmware/src/tt-1xx/trisck.cc,73,tile_fused:explicit_throughput,1
18.986,19.046,23,stall,13222246001090,13222246001150,slot0_x4_y3,0,4,3,TILE,TRISC-KERNEL,/hdd/flapmax/tt-metal/tt_metal/hw/firmware/src/tt-1xx/trisck.cc,73,tile_fused:trisc_kernel_base,1
19.046,19.068,23,active,13222246001150,13222246001172,slot0_x4_y3,0,4,3,TILE,THROUGHPUT_SECTION,/hdd/flapmax/tt-metal/tt_metal/hw/firmware/src/tt-1xx/trisck.cc,73,tile_fused:explicit_throughput,1
19.068,19.166,23,stall,13222246001172,13222246001270,slot0_x4_y3,0,4,3,TILE,TRISC-KERNEL,/hdd/flapmax/tt-metal/tt_metal/hw/firmware/src/tt-1xx/trisck.cc,73,tile_fused:trisc_kernel_base,1
19.166,19.185,23,active,13222246001270,13222246001289,slot0_x4_y3,0,4,3,TILE,THROUGHPUT_SECTION,/hdd/flapmax/tt-metal/tt_metal/hw/firmware/src/tt-1xx/trisck.cc,73,tile_fused:explicit_throughput,1
19.185,19.838,23,stall,13222246001289,13222246001942,slot0_x4_y3,0,4,3,TILE,TRISC-KERNEL,/hdd/flapmax/tt-metal/tt_metal/hw/firmware/src/tt-1xx/trisck.cc,73,tile_fused:trisc_kernel_base,1
19.838,19.892,23,active,13222246001942,13222246001996,slot0_x4_y3,0,4,3,TILE,THROUGHPUT_SECTION,/hdd/flapmax/tt-metal/tt_metal/hw/firmware/src/tt-1xx/trisck.cc,73,tile_fused:explicit_throughput,1
19.892,19.944,23,stall,13222246001996,13222246002048,slot0_x4_y3,0,4,3,TILE,TRISC-KERNEL,/hdd/flapmax/tt-metal/tt_metal/hw/firmware/src/tt-1xx/trisck.cc,73,tile_fused:trisc_kernel_base,1
19.944,19.967,23,active,13222246002048,13222246002071,slot0_x4_y3,0,4,3,TILE,THROUGHPUT_SECTION,/hdd/flapmax/tt-metal/tt_metal/hw/firmware/src/tt-1xx/trisck.cc,73,tile_fused:explicit_throughput,1
19.967,20.065,23,stall,13222246002071,13222246002169,slot0_x4_y3,0,4,3,TILE,TRISC-KERNEL,/hdd/flapmax/tt-metal/tt_metal/hw/firmware/src/tt-1xx/trisck.cc,73,tile_fused:trisc_kernel_base,1
20.065,20.084,23,active,13222246002169,13222246002188,slot0_x4_y3,0,4,3,TILE,THROUGHPUT_SECTION,/hdd/flapmax/tt-metal/tt_metal/hw/firmware/src/tt-1xx/trisck.cc,73,tile_fused:explicit_throughput,1
20.084,20.561,23,stall,13222246002188,13222246002665,slot0_x4_y3,0,4,3,TILE,TRISC-KERNEL,/hdd/flapmax/tt-metal/tt_metal/hw/firmware/src/tt-1xx/trisck.cc,73,tile_fused:trisc_kernel_base,1
20.561,20.608,23,active,13222246002665,13222246002712,slot0_x4_y3,0,4,3,TILE,THROUGHPUT_SECTION,/hdd/flapmax/tt-metal/tt_metal/hw/firmware/src/tt-1xx/trisck.cc,73,tile_fused:explicit_throughput,1
20.608,20.661,23,stall,13222246002712,13222246002765,slot0_x4_y3,0,4,3,TILE,TRISC-KERNEL,/hdd/flapmax/tt-metal/tt_metal/hw/firmware/src/tt-1xx/trisck.cc,73,tile_fused:trisc_kernel_base,1
20.661,20.682,23,active,13222246002765,13222246002786,slot0_x4_y3,0,4,3,TILE,THROUGHPUT_SECTION,/hdd/flapmax/tt-metal/tt_metal/hw/firmware/src/tt-1xx/trisck.cc,73,tile_fused:explicit_throughput,1
20.682,20.782,23,stall,13222246002786,13222246002886,slot0_x4_y3,0,4,3,TILE,TRISC-KERNEL,/hdd/flapmax/tt-metal/tt_metal/hw/firmware/src/tt-1xx/trisck.cc,73,tile_fused:trisc_kernel_base,1
20.782,20.802,23,active,13222246002886,13222246002906,slot0_x4_y3,0,4,3,TILE,THROUGHPUT_SECTION,/hdd/flapmax/tt-metal/tt_metal/hw/firmware/src/tt-1xx/trisck.cc,73,tile_fused:explicit_throughput,1
20.802,21.405,23,stall,13222246002906,13222246003509,slot0_x4_y3,0,4,3,TILE,TRISC-KERNEL,/hdd/flapmax/tt-metal/tt_metal/hw/firmware/src/tt-1xx/trisck.cc,73,tile_fused:trisc_kernel_base,1
21.405,21.459,23,active,13222246003509,13222246003563,slot0_x4_y3,0,4,3,TILE,THROUGHPUT_SECTION,/hdd/flapmax/tt-metal/tt_metal/hw/firmware/src/tt-1xx/trisck.cc,73,tile_fused:explicit_throughput,1
21.459,21.512,23,stall,13222246003563,13222246003616,slot0_x4_y3,0,4,3,TILE,TRISC-KERNEL,/hdd/flapmax/tt-metal/tt_metal/hw/firmware/src/tt-1xx/trisck.cc,73,tile_fused:trisc_kernel_base,1
21.512,21.533,23,active,13222246003616,13222246003637,slot0_x4_y3,0,4,3,TILE,THROUGHPUT_SECTION,/hdd/flapmax/tt-metal/tt_metal/hw/firmware/src/tt-1xx/trisck.cc,73,tile_fused:explicit_throughput,1
21.533,21.633,23,stall,13222246003637,13222246003737,slot0_x4_y3,0,4,3,TILE,TRISC-KERNEL,/hdd/flapmax/tt-metal/tt_metal/hw/firmware/src/tt-1xx/trisck.cc,73,tile_fused:trisc_kernel_base,1
21.633,21.655,23,active,13222246003737,13222246003759,slot0_x4_y3,0,4,3,TILE,THROUGHPUT_SECTION,/hdd/flapmax/tt-metal/tt_metal/hw/firmware/src/tt-1xx/trisck.cc,73,tile_fused:explicit_throughput,1
21.655,22.742,23,stall,13222246003759,13222246004846,slot0_x4_y3,0,4,3,TILE,TRISC-KERNEL,/hdd/flapmax/tt-metal/tt_metal/hw/firmware/src/tt-1xx/trisck.cc,73,tile_fused:trisc_kernel_base,1
22.742,22.789,23,active,13222246004846,13222246004893,slot0_x4_y3,0,4,3,TILE,THROUGHPUT_SECTION,/hdd/flapmax/tt-metal/tt_metal/hw/firmware/src/tt-1xx/trisck.cc,73,tile_fused:explicit_throughput,1
22.789,23.379,23,stall,13222246004893,13222246005483,slot0_x4_y3,0,4,3,TILE,TRISC-KERNEL,/hdd/flapmax/tt-metal/tt_metal/hw/firmware/src/tt-1xx/trisck.cc,73,tile_fused:trisc_kernel_base,1
23.379,23.433,23,active,13222246005483,13222246005537,slot0_x4_y3,0,4,3,TILE,THROUGHPUT_SECTION,/hdd/flapmax/tt-metal/tt_metal/hw/firmware/src/tt-1xx/trisck.cc,73,tile_fused:explicit_throughput,1
23.433,24.731,23,stall,13222246005537,13222246006835,slot0_x4_y3,0,4,3,TILE,TRISC-KERNEL,/hdd/flapmax/tt-metal/tt_metal/hw/firmware/src/tt-1xx/trisck.cc,73,tile_fused:trisc_kernel_base,1
0.062,0.243,24,stall,13222245982166,13222245982347,slot0_x4_y4,0,4,4,TILE,TRISC-KERNEL,/hdd/flapmax/tt-metal/tt_metal/hw/firmware/src/tt-1xx/trisck.cc,73,tile_fused:trisc_kernel_base,1
0.243,0.265,24,active,13222245982347,13222245982369,slot0_x4_y4,0,4,4,TILE,THROUGHPUT_SECTION,/hdd/flapmax/tt-metal/tt_metal/hw/firmware/src/tt-1xx/trisck.cc,73,tile_fused:explicit_throughput,1
0.265,0.299,24,stall,13222245982369,13222245982403,slot0_x4_y4,0,4,4,TILE,TRISC-KERNEL,/hdd/flapmax/tt-metal/tt_metal/hw/firmware/src/tt-1xx/trisck.cc,73,tile_fused:trisc_kernel_base,1
0.299,0.32,24,active,13222245982403,13222245982424,slot0_x4_y4,0,4,4,TILE,THROUGHPUT_SECTION,/hdd/flapmax/tt-metal/tt_metal/hw/firmware/src/tt-1xx/trisck.cc,73,tile_fused:explicit_throughput,1
0.32,0.504,24,stall,13222245982424,13222245982608,slot0_x4_y4,0,4,4,TILE,TRISC-KERNEL,/hdd/flapmax/tt-metal/tt_metal/hw/firmware/src/tt-1xx/trisck.cc,73,tile_fused:trisc_kernel_base,1
0.504,0.523,24,active,13222245982608,13222245982627,slot0_x4_y4,0,4,4,TILE,THROUGHPUT_SECTION,/hdd/flapmax/tt-metal/tt_metal/hw/firmware/src/tt-1xx/trisck.cc,73,tile_fused:explicit_throughput,1
0.523,0.635,24,stall,13222245982627,13222245982739,slot0_x4_y4,0,4,4,TILE,TRISC-KERNEL,/hdd/flapmax/tt-metal/tt_metal/hw/firmware/src/tt-1xx/trisck.cc,73,tile_fused:trisc_kernel_base,1
0.635,0.654,24,active,13222245982739,13222245982758,slot0_x4_y4,0,4,4,TILE,THROUGHPUT_SECTION,/hdd/flapmax/tt-metal/tt_metal/hw/firmware/src/tt-1xx/trisck.cc,73,tile_fused:explicit_throughput,1
0.654,1.326,24,stall,13222245982758,13222245983430,slot0_x4_y4,0,4,4,TILE,TRISC-KERNEL,/hdd/flapmax/tt-metal/tt_metal/hw/firmware/src/tt-1xx/trisck.cc,73,tile_fused:trisc_kernel_base,1
1.326,1.372,24,active,13222245983430,13222245983476,slot0_x4_y4,0,4,4,TILE,THROUGHPUT_SECTION,/hdd/flapmax/tt-metal/tt_metal/hw/firmware/src/tt-1xx/trisck.cc,73,tile_fused:explicit_throughput,1
1.372,1.426,24,stall,13222245983476,13222245983530,slot0_x4_y4,0,4,4,TILE,TRISC-KERNEL,/hdd/flapmax/tt-metal/tt_metal/hw/firmware/src/tt-1xx/trisck.cc,73,tile_fused:trisc_kernel_base,1
1.426,1.448,24,active,13222245983530,13222245983552,slot0_x4_y4,0,4,4,TILE,THROUGHPUT_SECTION,/hdd/flapmax/tt-metal/tt_metal/hw/firmware/src/tt-1xx/trisck.cc,73,tile_fused:explicit_throughput,1
1.448,1.548,24,stall,13222245983552,13222245983652,slot0_x4_y4,0,4,4,TILE,TRISC-KERNEL,/hdd/flapmax/tt-metal/tt_metal/hw/firmware/src/tt-1xx/trisck.cc,73,tile_fused:trisc_kernel_base,1
1.548,1.567,24,active,13222245983652,13222245983671,slot0_x4_y4,0,4,4,TILE,THROUGHPUT_SECTION,/hdd/flapmax/tt-metal/tt_metal/hw/firmware/src/tt-1xx/trisck.cc,73,tile_fused:explicit_throughput,1
1.567,2.148,24,stall,13222245983671,13222245984252,slot0_x4_y4,0,4,4,TILE,TRISC-KERNEL,/hdd/flapmax/tt-metal/tt_metal/hw/firmware/src/tt-1xx/trisck.cc,73,tile_fused:trisc_kernel_base,1
2.148,2.208,24,active,13222245984252,13222245984312,slot0_x4_y4,0,4,4,TILE,THROUGHPUT_SECTION,/hdd/flapmax/tt-metal/tt_metal/hw/firmware/src/tt-1xx/trisck.cc,73,tile_fused:explicit_throughput,1
2.208,2.262,24,stall,13222245984312,13222245984366,slot0_x4_y4,0,4,4,TILE,TRISC-KERNEL,/hdd/flapmax/tt-metal/tt_metal/hw/firmware/src/tt-1xx/trisck.cc,73,tile_fused:trisc_kernel_base,1
2.262,2.283,24,active,13222245984366,13222245984387,slot0_x4_y4,0,4,4,TILE,THROUGHPUT_SECTION,/hdd/flapmax/tt-metal/tt_metal/hw/firmware/src/tt-1xx/trisck.cc,73,tile_fused:explicit_throughput,1
2.283,2.383,24,stall,13222245984387,13222245984487,slot0_x4_y4,0,4,4,TILE,TRISC-KERNEL,/hdd/flapmax/tt-metal/tt_metal/hw/firmware/src/tt-1xx/trisck.cc,73,tile_fused:trisc_kernel_base,1
2.383,2.403,24,active,13222245984487,13222245984507,slot0_x4_y4,0,4,4,TILE,THROUGHPUT_SECTION,/hdd/flapmax/tt-metal/tt_metal/hw/firmware/src/tt-1xx/trisck.cc,73,tile_fused:explicit_throughput,1
2.403,2.909,24,stall,13222245984507,13222245985013,slot0_x4_y4,0,4,4,TILE,TRISC-KERNEL,/hdd/flapmax/tt-metal/tt_metal/hw/firmware/src/tt-1xx/trisck.cc,73,tile_fused:trisc_kernel_base,1
2.909,2.956,24,active,13222245985013,13222245985060,slot0_x4_y4,0,4,4,TILE,THROUGHPUT_SECTION,/hdd/flapmax/tt-metal/tt_metal/hw/firmware/src/tt-1xx/trisck.cc,73,tile_fused:explicit_throughput,1
2.956,3.018,24,stall,13222245985060,13222245985122,slot0_x4_y4,0,4,4,TILE,TRISC-KERNEL,/hdd/flapmax/tt-metal/tt_metal/hw/firmware/src/tt-1xx/trisck.cc,73,tile_fused:trisc_kernel_base,1
3.018,3.04,24,active,13222245985122,13222245985144,slot0_x4_y4,0,4,4,TILE,THROUGHPUT_SECTION,/hdd/flapmax/tt-metal/tt_metal/hw/firmware/src/tt-1xx/trisck.cc,73,tile_fused:explicit_throughput,1
3.04,3.138,24,stall,13222245985144,13222245985242,slot0_x4_y4,0,4,4,TILE,TRISC-KERNEL,/hdd/flapmax/tt-metal/tt_metal/hw/firmware/src/tt-1xx/trisck.cc,73,tile_fused:trisc_kernel_base,1
3.138,3.158,24,active,13222245985242,13222245985262,slot0_x4_y4,0,4,4,TILE,THROUGHPUT_SECTION,/hdd/flapmax/tt-metal/tt_metal/hw/firmware/src/tt-1xx/trisck.cc,73,tile_fused:explicit_throughput,1
3.158,11.347,24,stall,13222245985262,13222245993451,slot0_x4_y4,0,4,4,TILE,TRISC-KERNEL,/hdd/flapmax/tt-metal/tt_metal/hw/firmware/src/tt-1xx/trisck.cc,73,tile_fused:trisc_kernel_base,1
11.347,11.401,24,active,13222245993451,13222245993505,slot0_x4_y4,0,4,4,TILE,THROUGHPUT_SECTION,/hdd/flapmax/tt-metal/tt_metal/hw/firmware/src/tt-1xx/trisck.cc,73,tile_fused:explicit_throughput,1
11.401,11.455,24,stall,13222245993505,13222245993559,slot0_x4_y4,0,4,4,TILE,TRISC-KERNEL,/hdd/flapmax/tt-metal/tt_metal/hw/firmware/src/tt-1xx/trisck.cc,73,tile_fused:trisc_kernel_base,1
11.455,11.478,24,active,13222245993559,13222245993582,slot0_x4_y4,0,4,4,TILE,THROUGHPUT_SECTION,/hdd/flapmax/tt-metal/tt_metal/hw/firmware/src/tt-1xx/trisck.cc,73,tile_fused:explicit_throughput,1
11.478,11.576,24,stall,13222245993582,13222245993680,slot0_x4_y4,0,4,4,TILE,TRISC-KERNEL,/hdd/flapmax/tt-metal/tt_metal/hw/firmware/src/tt-1xx/trisck.cc,73,tile_fused:trisc_kernel_base,1
11.576,11.595,24,active,13222245993680,13222245993699,slot0_x4_y4,0,4,4,TILE,THROUGHPUT_SECTION,/hdd/flapmax/tt-metal/tt_metal/hw/firmware/src/tt-1xx/trisck.cc,73,tile_fused:explicit_throughput,1
11.595,19.674,24,stall,13222245993699,13222246001778,slot0_x4_y4,0,4,4,TILE,TRISC-KERNEL,/hdd/flapmax/tt-metal/tt_metal/hw/firmware/src/tt-1xx/trisck.cc,73,tile_fused:trisc_kernel_base,1
19.674,19.721,24,active,13222246001778,13222246001825,slot0_x4_y4,0,4,4,TILE,THROUGHPUT_SECTION,/hdd/flapmax/tt-metal/tt_metal/hw/firmware/src/tt-1xx/trisck.cc,73,tile_fused:explicit_throughput,1
19.721,19.774,24,stall,13222246001825,13222246001878,slot0_x4_y4,0,4,4,TILE,TRISC-KERNEL,/hdd/flapmax/tt-metal/tt_metal/hw/firmware/src/tt-1xx/trisck.cc,73,tile_fused:trisc_kernel_base,1
19.774,19.795,24,active,13222246001878,13222246001899,slot0_x4_y4,0,4,4,TILE,THROUGHPUT_SECTION,/hdd/flapmax/tt-metal/tt_metal/hw/firmware/src/tt-1xx/trisck.cc,73,tile_fused:explicit_throughput,1
19.795,19.895,24,stall,13222246001899,13222246001999,slot0_x4_y4,0,4,4,TILE,TRISC-KERNEL,/hdd/flapmax/tt-metal/tt_metal/hw/firmware/src/tt-1xx/trisck.cc,73,tile_fused:trisc_kernel_base,1
19.895,19.917,24,active,13222246001999,13222246002021,slot0_x4_y4,0,4,4,TILE,THROUGHPUT_SECTION,/hdd/flapmax/tt-metal/tt_metal/hw/firmware/src/tt-1xx/trisck.cc,73,tile_fused:explicit_throughput,1
19.917,20.513,24,stall,13222246002021,13222246002617,slot0_x4_y4,0,4,4,TILE,TRISC-KERNEL,/hdd/flapmax/tt-metal/tt_metal/hw/firmware/src/tt-1xx/trisck.cc,73,tile_fused:trisc_kernel_base,1
20.513,20.567,24,active,13222246002617,13222246002671,slot0_x4_y4,0,4,4,TILE,THROUGHPUT_SECTION,/hdd/flapmax/tt-metal/tt_metal/hw/firmware/src/tt-1xx/trisck.cc,73,tile_fused:explicit_throughput,1
20.567,20.619,24,stall,13222246002671,13222246002723,slot0_x4_y4,0,4,4,TILE,TRISC-KERNEL,/hdd/flapmax/tt-metal/tt_metal/hw/firmware/src/tt-1xx/trisck.cc,73,tile_fused:trisc_kernel_base,1
20.619,20.642,24,active,13222246002723,13222246002746,slot0_x4_y4,0,4,4,TILE,THROUGHPUT_SECTION,/hdd/flapmax/tt-metal/tt_metal/hw/firmware/src/tt-1xx/trisck.cc,73,tile_fused:explicit_throughput,1
20.642,20.74,24,stall,13222246002746,13222246002844,slot0_x4_y4,0,4,4,TILE,TRISC-KERNEL,/hdd/flapmax/tt-metal/tt_metal/hw/firmware/src/tt-1xx/trisck.cc,73,tile_fused:trisc_kernel_base,1
20.74,20.759,24,active,13222246002844,13222246002863,slot0_x4_y4,0,4,4,TILE,THROUGHPUT_SECTION,/hdd/flapmax/tt-metal/tt_metal/hw/firmware/src/tt-1xx/trisck.cc,73,tile_fused:explicit_throughput,1
20.759,21.292,24,stall,13222246002863,13222246003396,slot0_x4_y4,0,4,4,TILE,TRISC-KERNEL,/hdd/flapmax/tt-metal/tt_metal/hw/firmware/src/tt-1xx/trisck.cc,73,tile_fused:trisc_kernel_base,1
21.292,21.339,24,active,13222246003396,13222246003443,slot0_x4_y4,0,4,4,TILE,THROUGHPUT_SECTION,/hdd/flapmax/tt-metal/tt_metal/hw/firmware/src/tt-1xx/trisck.cc,73,tile_fused:explicit_throughput,1
21.339,21.399,24,stall,13222246003443,13222246003503,slot0_x4_y4,0,4,4,TILE,TRISC-KERNEL,/hdd/flapmax/tt-metal/tt_metal/hw/firmware/src/tt-1xx/trisck.cc,73,tile_fused:trisc_kernel_base,1
21.399,21.42,24,active,13222246003503,13222246003524,slot0_x4_y4,0,4,4,TILE,THROUGHPUT_SECTION,/hdd/flapmax/tt-metal/tt_metal/hw/firmware/src/tt-1xx/trisck.cc,73,tile_fused:explicit_throughput,1
21.42,21.519,24,stall,13222246003524,13222246003623,slot0_x4_y4,0,4,4,TILE,TRISC-KERNEL,/hdd/flapmax/tt-metal/tt_metal/hw/firmware/src/tt-1xx/trisck.cc,73,tile_fused:trisc_kernel_base,1
21.519,21.538,24,active,13222246003623,13222246003642,slot0_x4_y4,0,4,4,TILE,THROUGHPUT_SECTION,/hdd/flapmax/tt-metal/tt_metal/hw/firmware/src/tt-1xx/trisck.cc,73,tile_fused:explicit_throughput,1
21.538,22.084,24,stall,13222246003642,13222246004188,slot0_x4_y4,0,4,4,TILE,TRISC-KERNEL,/hdd/flapmax/tt-metal/tt_metal/hw/firmware/src/tt-1xx/trisck.cc,73,tile_fused:trisc_kernel_base,1
22.084,22.138,24,active,13222246004188,13222246004242,slot0_x4_y4,0,4,4,TILE,THROUGHPUT_SECTION,/hdd/flapmax/tt-metal/tt_metal/hw/firmware/src/tt-1xx/trisck.cc,73,tile_fused:explicit_throughput,1
22.138,22.19,24,stall,13222246004242,13222246004294,slot0_x4_y4,0,4,4,TILE,TRISC-KERNEL,/hdd/flapmax/tt-metal/tt_metal/hw/firmware/src/tt-1xx/trisck.cc,73,tile_fused:trisc_kernel_base,1
22.19,22.212,24,active,13222246004294,13222246004316,slot0_x4_y4,0,4,4,TILE,THROUGHPUT_SECTION,/hdd/flapmax/tt-metal/tt_metal/hw/firmware/src/tt-1xx/trisck.cc,73,tile_fused:explicit_throughput,1
22.212,22.311,24,stall,13222246004316,13222246004415,slot0_x4_y4,0,4,4,TILE,TRISC-KERNEL,/hdd/flapmax/tt-metal/tt_metal/hw/firmware/src/tt-1xx/trisck.cc,73,tile_fused:trisc_kernel_base,1
22.311,22.331,24,active,13222246004415,13222246004435,slot0_x4_y4,0,4,4,TILE,THROUGHPUT_SECTION,/hdd/flapmax/tt-metal/tt_metal/hw/firmware/src/tt-1xx/trisck.cc,73,tile_fused:explicit_throughput,1
22.331,22.865,24,stall,13222246004435,13222246004969,slot0_x4_y4,0,4,4,TILE,TRISC-KERNEL,/hdd/flapmax/tt-metal/tt_metal/hw/firmware/src/tt-1xx/trisck.cc,73,tile_fused:trisc_kernel_base,1
22.865,22.912,24,active,13222246004969,13222246005016,slot0_x4_y4,0,4,4,TILE,THROUGHPUT_SECTION,/hdd/flapmax/tt-metal/tt_metal/hw/firmware/src/tt-1xx/trisck.cc,73,tile_fused:explicit_throughput,1
22.912,22.965,24,stall,13222246005016,13222246005069,slot0_x4_y4,0,4,4,TILE,TRISC-KERNEL,/hdd/flapmax/tt-metal/tt_metal/hw/firmware/src/tt-1xx/trisck.cc,73,tile_fused:trisc_kernel_base,1
22.965,22.986,24,active,13222246005069,13222246005090,slot0_x4_y4,0,4,4,TILE,THROUGHPUT_SECTION,/hdd/flapmax/tt-metal/tt_metal/hw/firmware/src/tt-1xx/trisck.cc,73,tile_fused:explicit_throughput,1
22.986,23.086,24,stall,13222246005090,13222246005190,slot0_x4_y4,0,4,4,TILE,TRISC-KERNEL,/hdd/flapmax/tt-metal/tt_metal/hw/firmware/src/tt-1xx/trisck.cc,73,tile_fused:trisc_kernel_base,1
23.086,23.108,24,active,13222246005190,13222246005212,slot0_x4_y4,0,4,4,TILE,THROUGHPUT_SECTION,/hdd/flapmax/tt-metal/tt_metal/hw/firmware/src/tt-1xx/trisck.cc,73,tile_fused:explicit_throughput,1
23.108,23.815,24,stall,13222246005212,13222246005919,slot0_x4_y4,0,4,4,TILE,TRISC-KERNEL,/hdd/flapmax/tt-metal/tt_metal/hw/firmware/src/tt-1xx/trisck.cc,73,tile_fused:trisc_kernel_base,1
23.815,23.869,24,active,13222246005919,13222246005973,slot0_x4_y4,0,4,4,TILE,THROUGHPUT_SECTION,/hdd/flapmax/tt-metal/tt_metal/hw/firmware/src/tt-1xx/trisck.cc,73,tile_fused:explicit_throughput,1
23.869,24.574,24,stall,13222246005973,13222246006678,slot0_x4_y4,0,4,4,TILE,TRISC-KERNEL,/hdd/flapmax/tt-metal/tt_metal/hw/firmware/src/tt-1xx/trisck.cc,73,tile_fused:trisc_kernel_base,1
24.574,24.621,24,active,13222246006678,13222246006725,slot0_x4_y4,0,4,4,TILE,THROUGHPUT_SECTION,/hdd/flapmax/tt-metal/tt_metal/hw/firmware/src/tt-1xx/trisck.cc,73,tile_fused:explicit_throughput,1
24.621,25.337,24,stall,13222246006725,13222246007441,slot0_x4_y4,0,4,4,TILE,TRISC-KERNEL,/hdd/flapmax/tt-metal/tt_metal/hw/firmware/src/tt-1xx/trisck.cc,73,tile_fused:trisc_kernel_base,1
0.081,0.262,25,stall,13222245982185,13222245982366,slot0_x4_y5,0,4,5,TILE,TRISC-KERNEL,/hdd/flapmax/tt-metal/tt_metal/hw/firmware/src/tt-1xx/trisck.cc,73,tile_fused:trisc_kernel_base,1
0.262,0.283,25,active,13222245982366,13222245982387,slot0_x4_y5,0,4,5,TILE,THROUGHPUT_SECTION,/hdd/flapmax/tt-metal/tt_metal/hw/firmware/src/tt-1xx/trisck.cc,73,tile_fused:explicit_throughput,1
0.283,0.321,25,stall,13222245982387,13222245982425,slot0_x4_y5,0,4,5,TILE,TRISC-KERNEL,/hdd/flapmax/tt-metal/tt_metal/hw/firmware/src/tt-1xx/trisck.cc,73,tile_fused:trisc_kernel_base,1
0.321,0.342,25,active,13222245982425,13222245982446,slot0_x4_y5,0,4,5,TILE,THROUGHPUT_SECTION,/hdd/flapmax/tt-metal/tt_metal/hw/firmware/src/tt-1xx/trisck.cc,73,tile_fused:explicit_throughput,1
0.342,0.532,25,stall,13222245982446,13222245982636,slot0_x4_y5,0,4,5,TILE,TRISC-KERNEL,/hdd/flapmax/tt-metal/tt_metal/hw/firmware/src/tt-1xx/trisck.cc,73,tile_fused:trisc_kernel_base,1
0.532,0.553,25,active,13222245982636,13222245982657,slot0_x4_y5,0,4,5,TILE,THROUGHPUT_SECTION,/hdd/flapmax/tt-metal/tt_metal/hw/firmware/src/tt-1xx/trisck.cc,73,tile_fused:explicit_throughput,1
0.553,0.663,25,stall,13222245982657,13222245982767,slot0_x4_y5,0,4,5,TILE,TRISC-KERNEL,/hdd/flapmax/tt-metal/tt_metal/hw/firmware/src/tt-1xx/trisck.cc,73,tile_fused:trisc_kernel_base,1
0.663,0.684,25,active,13222245982767,13222245982788,slot0_x4_y5,0,4,5,TILE,THROUGHPUT_SECTION,/hdd/flapmax/tt-metal/tt_metal/hw/firmware/src/tt-1xx/trisck.cc,73,tile_fused:explicit_throughput,1
0.684,5.879,25,stall,13222245982788,13222245987983,slot0_x4_y5,0,4,5,TILE,TRISC-KERNEL,/hdd/flapmax/tt-metal/tt_metal/hw/firmware/src/tt-1xx/trisck.cc,73,tile_fused:trisc_kernel_base,1
5.879,5.925,25,active,13222245987983,13222245988029,slot0_x4_y5,0,4,5,TILE,THROUGHPUT_SECTION,/hdd/flapmax/tt-metal/tt_metal/hw/firmware/src/tt-1xx/trisck.cc,73,tile_fused:explicit_throughput,1
5.925,5.979,25,stall,13222245988029,13222245988083,slot0_x4_y5,0,4,5,TILE,TRISC-KERNEL,/hdd/flapmax/tt-metal/tt_metal/hw/firmware/src/tt-1xx/trisck.cc,73,tile_fused:trisc_kernel_base,1
5.979,6.004,25,active,13222245988083,13222245988108,slot0_x4_y5,0,4,5,TILE,THROUGHPUT_SECTION,/hdd/flapmax/tt-metal/tt_metal/hw/firmware/src/tt-1xx/trisck.cc,73,tile_fused:explicit_throughput,1
6.004,6.101,25,stall,13222245988108,13222245988205,slot0_x4_y5,0,4,5,TILE,TRISC-KERNEL,/hdd/flapmax/tt-metal/tt_metal/hw/firmware/src/tt-1xx/trisck.cc,73,tile_fused:trisc_kernel_base,1
6.101,6.12,25,active,13222245988205,13222245988224,slot0_x4_y5,0,4,5,TILE,THROUGHPUT_SECTION,/hdd/flapmax/tt-metal/tt_metal/hw/firmware/src/tt-1xx/trisck.cc,73,tile_fused:explicit_throughput,1
6.12,6.715,25,stall,13222245988224,13222245988819,slot0_x4_y5,0,4,5,TILE,TRISC-KERNEL,/hdd/flapmax/tt-metal/tt_metal/hw/firmware/src/tt-1xx/trisck.cc,73,tile_fused:trisc_kernel_base,1
6.715,6.774,25,active,13222245988819,13222245988878,slot0_x4_y5,0,4,5,TILE,THROUGHPUT_SECTION,/hdd/flapmax/tt-metal/tt_metal/hw/firmware/src/tt-1xx/trisck.cc,73,tile_fused:explicit_throughput,1
6.774,6.828,25,stall,13222245988878,13222245988932,slot0_x4_y5,0,4,5,TILE,TRISC-KERNEL,/hdd/flapmax/tt-metal/tt_metal/hw/firmware/src/tt-1xx/trisck.cc,73,tile_fused:trisc_kernel_base,1
6.828,6.849,25,active,13222245988932,13222245988953,slot0_x4_y5,0,4,5,TILE,THROUGHPUT_SECTION,/hdd/flapmax/tt-metal/tt_metal/hw/firmware/src/tt-1xx/trisck.cc,73,tile_fused:explicit_throughput,1
6.849,6.949,25,stall,13222245988953,13222245989053,slot0_x4_y5,0,4,5,TILE,TRISC-KERNEL,/hdd/flapmax/tt-metal/tt_metal/hw/firmware/src/tt-1xx/trisck.cc,73,tile_fused:trisc_kernel_base,1
6.949,6.969,25,active,13222245989053,13222245989073,slot0_x4_y5,0,4,5,TILE,THROUGHPUT_SECTION,/hdd/flapmax/tt-metal/tt_metal/hw/firmware/src/tt-1xx/trisck.cc,73,tile_fused:explicit_throughput,1
6.969,8.367,25,stall,13222245989073,13222245990471,slot0_x4_y5,0,4,5,TILE,TRISC-KERNEL,/hdd/flapmax/tt-metal/tt_metal/hw/firmware/src/tt-1xx/trisck.cc,73,tile_fused:trisc_kernel_base,1
8.367,8.415,25,active,13222245990471,13222245990519,slot0_x4_y5,0,4,5,TILE,THROUGHPUT_SECTION,/hdd/flapmax/tt-metal/tt_metal/hw/firmware/src/tt-1xx/trisck.cc,73,tile_fused:explicit_throughput,1
8.415,8.472,25,stall,13222245990519,13222245990576,slot0_x4_y5,0,4,5,TILE,TRISC-KERNEL,/hdd/flapmax/tt-metal/tt_metal/hw/firmware/src/tt-1xx/trisck.cc,73,tile_fused:trisc_kernel_base,1
8.472,8.493,25,active,13222245990576,13222245990597,slot0_x4_y5,0,4,5,TILE,THROUGHPUT_SECTION,/hdd/flapmax/tt-metal/tt_metal/hw/firmware/src/tt-1xx/trisck.cc,73,tile_fused:explicit_throughput,1
8.493,8.592,25,stall,13222245990597,13222245990696,slot0_x4_y5,0,4,5,TILE,TRISC-KERNEL,/hdd/flapmax/tt-metal/tt_metal/hw/firmware/src/tt-1xx/trisck.cc,73,tile_fused:trisc_kernel_base,1
8.592,8.611,25,active,13222245990696,13222245990715,slot0_x4_y5,0,4,5,TILE,THROUGHPUT_SECTION,/hdd/flapmax/tt-metal/tt_metal/hw/firmware/src/tt-1xx/trisck.cc,73,tile_fused:explicit_throughput,1
8.611,9.221,25,stall,13222245990715,13222245991325,slot0_x4_y5,0,4,5,TILE,TRISC-KERNEL,/hdd/flapmax/tt-metal/tt_metal/hw/firmware/src/tt-1xx/trisck.cc,73,tile_fused:trisc_kernel_base,1
9.221,9.275,25,active,13222245991325,13222245991379,slot0_x4_y5,0,4,5,TILE,THROUGHPUT_SECTION,/hdd/flapmax/tt-metal/tt_metal/hw/firmware/src/tt-1xx/trisck.cc,73,tile_fused:explicit_throughput,1
9.275,9.329,25,stall,13222245991379,13222245991433,slot0_x4_y5,0,4,5,TILE,TRISC-KERNEL,/hdd/flapmax/tt-metal/tt_metal/hw/firmware/src/tt-1xx/trisck.cc,73,tile_fused:trisc_kernel_base,1
9.329,9.352,25,active,13222245991433,13222245991456,slot0_x4_y5,0,4,5,TILE,THROUGHPUT_SECTION,/hdd/flapmax/tt-metal/tt_metal/hw/firmware/src/tt-1xx/trisck.cc,73,tile_fused:explicit_throughput,1
9.352,9.45,25,stall,13222245991456,13222245991554,slot0_x4_y5,0,4,5,TILE,TRISC-KERNEL,/hdd/flapmax/tt-metal/tt_metal/hw/firmware/src/tt-1xx/trisck.cc,73,tile_fused:trisc_kernel_base,1
9.45,9.469,25,active,13222245991554,13222245991573,slot0_x4_y5,0,4,5,TILE,THROUGHPUT_SECTION,/hdd/flapmax/tt-metal/tt_metal/hw/firmware/src/tt-1xx/trisck.cc,73,tile_fused:explicit_throughput,1
9.469,9.876,25,stall,13222245991573,13222245991980,slot0_x4_y5,0,4,5,TILE,TRISC-KERNEL,/hdd/flapmax/tt-metal/tt_metal/hw/firmware/src/tt-1xx/trisck.cc,73,tile_fused:trisc_kernel_base,1
9.876,9.923,25,active,13222245991980,13222245992027,slot0_x4_y5,0,4,5,TILE,THROUGHPUT_SECTION,/hdd/flapmax/tt-metal/tt_metal/hw/firmware/src/tt-1xx/trisck.cc,73,tile_fused:explicit_throughput,1
9.923,9.977,25,stall,13222245992027,13222245992081,slot0_x4_y5,0,4,5,TILE,TRISC-KERNEL,/hdd/flapmax/tt-metal/tt_metal/hw/firmware/src/tt-1xx/trisck.cc,73,tile_fused:trisc_kernel_base,1
9.977,9.998,25,active,13222245992081,13222245992102,slot0_x4_y5,0,4,5,TILE,THROUGHPUT_SECTION,/hdd/flapmax/tt-metal/tt_metal/hw/firmware/src/tt-1xx/trisck.cc,73,tile_fused:explicit_throughput,1
9.998,10.097,25,stall,13222245992102,13222245992201,slot0_x4_y5,0,4,5,TILE,TRISC-KERNEL,/hdd/flapmax/tt-metal/tt_metal/hw/firmware/src/tt-1xx/trisck.cc,73,tile_fused:trisc_kernel_base,1
10.097,10.116,25,active,13222245992201,13222245992220,slot0_x4_y5,0,4,5,TILE,THROUGHPUT_SECTION,/hdd/flapmax/tt-metal/tt_metal/hw/firmware/src/tt-1xx/trisck.cc,73,tile_fused:explicit_throughput,1
10.116,10.589,25,stall,13222245992220,13222245992693,slot0_x4_y5,0,4,5,TILE,TRISC-KERNEL,/hdd/flapmax/tt-metal/tt_metal/hw/firmware/src/tt-1xx/trisck.cc,73,tile_fused:trisc_kernel_base,1
10.589,10.644,25,active,13222245992693,13222245992748,slot0_x4_y5,0,4,5,TILE,THROUGHPUT_SECTION,/hdd/flapmax/tt-metal/tt_metal/hw/firmware/src/tt-1xx/trisck.cc,73,tile_fused:explicit_throughput,1
10.644,10.696,25,stall,13222245992748,13222245992800,slot0_x4_y5,0,4,5,TILE,TRISC-KERNEL,/hdd/flapmax/tt-metal/tt_metal/hw/firmware/src/tt-1xx/trisck.cc,73,tile_fused:trisc_kernel_base,1
10.696,10.719,25,active,13222245992800,13222245992823,slot0_x4_y5,0,4,5,TILE,THROUGHPUT_SECTION,/hdd/flapmax/tt-metal/tt_metal/hw/firmware/src/tt-1xx/trisck.cc,73,tile_fused:explicit_throughput,1
10.719,10.817,25,stall,13222245992823,13222245992921,slot0_x4_y5,0,4,5,TILE,TRISC-KERNEL,/hdd/flapmax/tt-metal/tt_metal/hw/firmware/src/tt-1xx/trisck.cc,73,tile_fused:trisc_kernel_base,1
10.817,10.836,25,active,13222245992921,13222245992940,slot0_x4_y5,0,4,5,TILE,THROUGHPUT_SECTION,/hdd/flapmax/tt-metal/tt_metal/hw/firmware/src/tt-1xx/trisck.cc,73,tile_fused:explicit_throughput,1
10.836,11.481,25,stall,13222245992940,13222245993585,slot0_x4_y5,0,4,5,TILE,TRISC-KERNEL,/hdd/flapmax/tt-metal/tt_metal/hw/firmware/src/tt-1xx/trisck.cc,73,tile_fused:trisc_kernel_base,1
11.481,11.528,25,active,13222245993585,13222245993632,slot0_x4_y5,0,4,5,TILE,THROUGHPUT_SECTION,/hdd/flapmax/tt-metal/tt_metal/hw/firmware/src/tt-1xx/trisck.cc,73,tile_fused:explicit_throughput,1
11.528,11.588,25,stall,13222245993632,13222245993692,slot0_x4_y5,0,4,5,TILE,TRISC-KERNEL,/hdd/flapmax/tt-metal/tt_metal/hw/firmware/src/tt-1xx/trisck.cc,73,tile_fused:trisc_kernel_base,1
11.588,11.61,25,active,13222245993692,13222245993714,slot0_x4_y5,0,4,5,TILE,THROUGHPUT_SECTION,/hdd/flapmax/tt-metal/tt_metal/hw/firmware/src/tt-1xx/trisck.cc,73,tile_fused:explicit_throughput,1
11.61,11.708,25,stall,13222245993714,13222245993812,slot0_x4_y5,0,4,5,TILE,TRISC-KERNEL,/hdd/flapmax/tt-metal/tt_metal/hw/firmware/src/tt-1xx/trisck.cc,73,tile_fused:trisc_kernel_base,1
11.708,11.727,25,active,13222245993812,13222245993831,slot0_x4_y5,0,4,5,TILE,THROUGHPUT_SECTION,/hdd/flapmax/tt-metal/tt_metal/hw/firmware/src/tt-1xx/trisck.cc,73,tile_fused:explicit_throughput,1
11.727,12.102,25,stall,13222245993831,13222245994206,slot0_x4_y5,0,4,5,TILE,TRISC-KERNEL,/hdd/flapmax/tt-metal/tt_metal/hw/firmware/src/tt-1xx/trisck.cc,73,tile_fused:trisc_kernel_base,1
12.102,12.156,25,active,13222245994206,13222245994260,slot0_x4_y5,0,4,5,TILE,THROUGHPUT_SECTION,/hdd/flapmax/tt-metal/tt_metal/hw/firmware/src/tt-1xx/trisck.cc,73,tile_fused:explicit_throughput,1
12.156,12.209,25,stall,13222245994260,13222245994313,slot0_x4_y5,0,4,5,TILE,TRISC-KERNEL,/hdd/flapmax/tt-metal/tt_metal/hw/firmware/src/tt-1xx/trisck.cc,73,tile_fused:trisc_kernel_base,1
12.209,12.23,25,active,13222245994313,13222245994334,slot0_x4_y5,0,4,5,TILE,THROUGHPUT_SECTION,/hdd/flapmax/tt-metal/tt_metal/hw/firmware/src/tt-1xx/trisck.cc,73,tile_fused:explicit_throughput,1
12.23,12.329,25,stall,13222245994334,13222245994433,slot0_x4_y5,0,4,5,TILE,TRISC-KERNEL,/hdd/flapmax/tt-metal/tt_metal/hw/firmware/src/tt-1xx/trisck.cc,73,tile_fused:trisc_kernel_base,1
12.329,12.348,25,active,13222245994433,13222245994452,slot0_x4_y5,0,4,5,TILE,THROUGHPUT_SECTION,/hdd/flapmax/tt-metal/tt_metal/hw/firmware/src/tt-1xx/trisck.cc,73,tile_fused:explicit_throughput,1
12.348,12.731,25,stall,13222245994452,13222245994835,slot0_x4_y5,0,4,5,TILE,TRISC-KERNEL,/hdd/flapmax/tt-metal/tt_metal/hw/firmware/src/tt-1xx/trisck.cc,73,tile_fused:trisc_kernel_base,1
12.731,12.778,25,active,13222245994835,13222245994882,slot0_x4_y5,0,4,5,TILE,THROUGHPUT_SECTION,/hdd/flapmax/tt-metal/tt_metal/hw/firmware/src/tt-1xx/trisck.cc,73,tile_fused:explicit_throughput,1
12.778,12.831,25,stall,13222245994882,13222245994935,slot0_x4_y5,0,4,5,TILE,TRISC-KERNEL,/hdd/flapmax/tt-metal/tt_metal/hw/firmware/src/tt-1xx/trisck.cc,73,tile_fused:trisc_kernel_base,1
12.831,12.852,25,active,13222245994935,13222245994956,slot0_x4_y5,0,4,5,TILE,THROUGHPUT_SECTION,/hdd/flapmax/tt-metal/tt_metal/hw/firmware/src/tt-1xx/trisck.cc,73,tile_fused:explicit_throughput,1
12.852,12.952,25,stall,13222245994956,13222245995056,slot0_x4_y5,0,4,5,TILE,TRISC-KERNEL,/hdd/flapmax/tt-metal/tt_metal/hw/firmware/src/tt-1xx/trisck.cc,73,tile_fused:trisc_kernel_base,1
12.952,12.971,25,active,13222245995056,13222245995075,slot0_x4_y5,0,4,5,TILE,THROUGHPUT_SECTION,/hdd/flapmax/tt-metal/tt_metal/hw/firmware/src/tt-1xx/trisck.cc,73,tile_fused:explicit_throughput,1
12.971,13.332,25,stall,13222245995075,13222245995436,slot0_x4_y5,0,4,5,TILE,TRISC-KERNEL,/hdd/flapmax/tt-metal/tt_metal/hw/firmware/src/tt-1xx/trisck.cc,73,tile_fused:trisc_kernel_base,1
13.332,13.386,25,active,13222245995436,13222245995490,slot0_x4_y5,0,4,5,TILE,THROUGHPUT_SECTION,/hdd/flapmax/tt-metal/tt_metal/hw/firmware/src/tt-1xx/trisck.cc,73,tile_fused:explicit_throughput,1
13.386,14.148,25,stall,13222245995490,13222245996252,slot0_x4_y5,0,4,5,TILE,TRISC-KERNEL,/hdd/flapmax/tt-metal/tt_metal/hw/firmware/src/tt-1xx/trisck.cc,73,tile_fused:trisc_kernel_base,1
14.148,14.195,25,active,13222245996252,13222245996299,slot0_x4_y5,0,4,5,TILE,THROUGHPUT_SECTION,/hdd/flapmax/tt-metal/tt_metal/hw/firmware/src/tt-1xx/trisck.cc,73,tile_fused:explicit_throughput,1
14.195,14.97,25,stall,13222245996299,13222245997074,slot0_x4_y5,0,4,5,TILE,TRISC-KERNEL,/hdd/flapmax/tt-metal/tt_metal/hw/firmware/src/tt-1xx/trisck.cc,73,tile_fused:trisc_kernel_base,1
0.054,0.236,26,stall,13222245982158,13222245982340,slot0_x4_y7,0,4,7,TILE,TRISC-KERNEL,/hdd/flapmax/tt-metal/tt_metal/hw/firmware/src/tt-1xx/trisck.cc,73,tile_fused:trisc_kernel_base,1
0.236,0.257,26,active,13222245982340,13222245982361,slot0_x4_y7,0,4,7,TILE,THROUGHPUT_SECTION,/hdd/flapmax/tt-metal/tt_metal/hw/firmware/src/tt-1xx/trisck.cc,73,tile_fused:explicit_throughput,1
0.257,0.295,26,stall,13222245982361,13222245982399,slot0_x4_y7,0,4,7,TILE,TRISC-KERNEL,/hdd/flapmax/tt-metal/tt_metal/hw/firmware/src/tt-1xx/trisck.cc,73,tile_fused:trisc_kernel_base,1
0.295,0.316,26,active,13222245982399,13222245982420,slot0_x4_y7,0,4,7,TILE,THROUGHPUT_SECTION,/hdd/flapmax/tt-metal/tt_metal/hw/firmware/src/tt-1xx/trisck.cc,73,tile_fused:explicit_throughput,1
0.316,0.506,26,stall,13222245982420,13222245982610,slot0_x4_y7,0,4,7,TILE,TRISC-KERNEL,/hdd/flapmax/tt-metal/tt_metal/hw/firmware/src/tt-1xx/trisck.cc,73,tile_fused:trisc_kernel_base,1
0.506,0.527,26,active,13222245982610,13222245982631,slot0_x4_y7,0,4,7,TILE,THROUGHPUT_SECTION,/hdd/flapmax/tt-metal/tt_metal/hw/firmware/src/tt-1xx/trisck.cc,73,tile_fused:explicit_throughput,1
0.527,0.637,26,stall,13222245982631,13222245982741,slot0_x4_y7,0,4,7,TILE,TRISC-KERNEL,/hdd/flapmax/tt-metal/tt_metal/hw/firmware/src/tt-1xx/trisck.cc,73,tile_fused:trisc_kernel_base,1
0.637,0.658,26,active,13222245982741,13222245982762,slot0_x4_y7,0,4,7,TILE,THROUGHPUT_SECTION,/hdd/flapmax/tt-metal/tt_metal/hw/firmware/src/tt-1xx/trisck.cc,73,tile_fused:explicit_throughput,1
0.658,1.233,26,stall,13222245982762,13222245983337,slot0_x4_y7,0,4,7,TILE,TRISC-KERNEL,/hdd/flapmax/tt-metal/tt_metal/hw/firmware/src/tt-1xx/trisck.cc,73,tile_fused:trisc_kernel_base,1
1.233,1.279,26,active,13222245983337,13222245983383,slot0_x4_y7,0,4,7,TILE,THROUGHPUT_SECTION,/hdd/flapmax/tt-metal/tt_metal/hw/firmware/src/tt-1xx/trisck.cc,73,tile_fused:explicit_throughput,1
1.279,1.333,26,stall,13222245983383,13222245983437,slot0_x4_y7,0,4,7,TILE,TRISC-KERNEL,/hdd/flapmax/tt-metal/tt_metal/hw/firmware/src/tt-1xx/trisck.cc,73,tile_fused:trisc_kernel_base,1
1.333,1.357,26,active,13222245983437,13222245983461,slot0_x4_y7,0,4,7,TILE,THROUGHPUT_SECTION,/hdd/flapmax/tt-metal/tt_metal/hw/firmware/src/tt-1xx/trisck.cc,73,tile_fused:explicit_throughput,1
1.357,1.455,26,stall,13222245983461,13222245983559,slot0_x4_y7,0,4,7,TILE,TRISC-KERNEL,/hdd/flapmax/tt-metal/tt_metal/hw/firmware/src/tt-1xx/trisck.cc,73,tile_fused:trisc_kernel_base,1
1.455,1.474,26,active,13222245983559,13222245983578,slot0_x4_y7,0,4,7,TILE,THROUGHPUT_SECTION,/hdd/flapmax/tt-metal/tt_metal/hw/firmware/src/tt-1xx/trisck.cc,73,tile_fused:explicit_throughput,1
1.474,1.966,26,stall,13222245983578,13222245984070,slot0_x4_y7,0,4,7,TILE,TRISC-KERNEL,/hdd/flapmax/tt-metal/tt_metal/hw/firmware/src/tt-1xx/trisck.cc,73,tile_fused:trisc_kernel_base,1
1.966,2.025,26,active,13222245984070,13222245984129,slot0_x4_y7,0,4,7,TILE,THROUGHPUT_SECTION,/hdd/flapmax/tt-metal/tt_metal/hw/firmware/src/tt-1xx/trisck.cc,73,tile_fused:explicit_throughput,1
2.025,2.079,26,stall,13222245984129,13222245984183,slot0_x4_y7,0,4,7,TILE,TRISC-KERNEL,/hdd/flapmax/tt-metal/tt_metal/hw/firmware/src/tt-1xx/trisck.cc,73,tile_fused:trisc_kernel_base,1
2.079,2.101,26,active,13222245984183,13222245984205,slot0_x4_y7,0,4,7,TILE,THROUGHPUT_SECTION,/hdd/flapmax/tt-metal/tt_metal/hw/firmware/src/tt-1xx/trisck.cc,73,tile_fused:explicit_throughput,1
2.101,2.2,26,stall,13222245984205,13222245984304,slot0_x4_y7,0,4,7,TILE,TRISC-KERNEL,/hdd/flapmax/tt-metal/tt_metal/hw/firmware/src/tt-1xx/trisck.cc,73,tile_fused:trisc_kernel_base,1
2.2,2.219,26,active,13222245984304,13222245984323,slot0_x4_y7,0,4,7,TILE,THROUGHPUT_SECTION,/hdd/flapmax/tt-metal/tt_metal/hw/firmware/src/tt-1xx/trisck.cc,73,tile_fused:explicit_throughput,1
2.219,3.182,26,stall,13222245984323,13222245985286,slot0_x4_y7,0,4,7,TILE,TRISC-KERNEL,/hdd/flapmax/tt-metal/tt_metal/hw/firmware/src/tt-1xx/trisck.cc,73,tile_fused:trisc_kernel_base,1
3.182,3.23,26,active,13222245985286,13222245985334,slot0_x4_y7,0,4,7,TILE,THROUGHPUT_SECTION,/hdd/flapmax/tt-metal/tt_metal/hw/firmware/src/tt-1xx/trisck.cc,73,tile_fused:explicit_throughput,1
3.23,3.287,26,stall,13222245985334,13222245985391,slot0_x4_y7,0,4,7,TILE,TRISC-KERNEL,/hdd/flapmax/tt-metal/tt_metal/hw/firmware/src/tt-1xx/trisck.cc,73,tile_fused:trisc_kernel_base,1
3.287,3.308,26,active,13222245985391,13222245985412,slot0_x4_y7,0,4,7,TILE,THROUGHPUT_SECTION,/hdd/flapmax/tt-metal/tt_metal/hw/firmware/src/tt-1xx/trisck.cc,73,tile_fused:explicit_throughput,1
3.308,3.407,26,stall,13222245985412,13222245985511,slot0_x4_y7,0,4,7,TILE,TRISC-KERNEL,/hdd/flapmax/tt-metal/tt_metal/hw/firmware/src/tt-1xx/trisck.cc,73,tile_fused:trisc_kernel_base,1
3.407,3.426,26,active,13222245985511,13222245985530,slot0_x4_y7,0,4,7,TILE,THROUGHPUT_SECTION,/hdd/flapmax/tt-metal/tt_metal/hw/firmware/src/tt-1xx/trisck.cc,73,tile_fused:explicit_throughput,1
3.426,4.556,26,stall,13222245985530,13222245986660,slot0_x4_y7,0,4,7,TILE,TRISC-KERNEL,/hdd/flapmax/tt-metal/tt_metal/hw/firmware/src/tt-1xx/trisck.cc,73,tile_fused:trisc_kernel_base,1
4.556,4.61,26,active,13222245986660,13222245986714,slot0_x4_y7,0,4,7,TILE,THROUGHPUT_SECTION,/hdd/flapmax/tt-metal/tt_metal/hw/firmware/src/tt-1xx/trisck.cc,73,tile_fused:explicit_throughput,1
4.61,4.664,26,stall,13222245986714,13222245986768,slot0_x4_y7,0,4,7,TILE,TRISC-KERNEL,/hdd/flapmax/tt-metal/tt_metal/hw/firmware/src/tt-1xx/trisck.cc,73,tile_fused:trisc_kernel_base,1
4.664,4.685,26,active,13222245986768,13222245986789,slot0_x4_y7,0,4,7,TILE,THROUGHPUT_SECTION,/hdd/flapmax/tt-metal/tt_metal/hw/firmware/src/tt-1xx/trisck.cc,73,tile_fused:explicit_throughput,1
4.685,4.786,26,stall,13222245986789,13222245986890,slot0_x4_y7,0,4,7,TILE,TRISC-KERNEL,/hdd/flapmax/tt-metal/tt_metal/hw/firmware/src/tt-1xx/trisck.cc,73,tile_fused:trisc_kernel_base,1
4.786,4.805,26,active,13222245986890,13222245986909,slot0_x4_y7,0,4,7,TILE,THROUGHPUT_SECTION,/hdd/flapmax/tt-metal/tt_metal/hw/firmware/src/tt-1xx/trisck.cc,73,tile_fused:explicit_throughput,1
4.805,5.684,26,stall,13222245986909,13222245987788,slot0_x4_y7,0,4,7,TILE,TRISC-KERNEL,/hdd/flapmax/tt-metal/tt_metal/hw/firmware/src/tt-1xx/trisck.cc,73,tile_fused:trisc_kernel_base,1
5.684,5.731,26,active,13222245987788,13222245987835,slot0_x4_y7,0,4,7,TILE,THROUGHPUT_SECTION,/hdd/flapmax/tt-metal/tt_metal/hw/firmware/src/tt-1xx/trisck.cc,73,tile_fused:explicit_throughput,1
5.731,5.784,26,stall,13222245987835,13222245987888,slot0_x4_y7,0,4,7,TILE,TRISC-KERNEL,/hdd/flapmax/tt-metal/tt_metal/hw/firmware/src/tt-1xx/trisck.cc,73,tile_fused:trisc_kernel_base,1
5.784,5.805,26,active,13222245987888,13222245987909,slot0_x4_y7,0,4,7,TILE,THROUGHPUT_SECTION,/hdd/flapmax/tt-metal/tt_metal/hw/firmware/src/tt-1xx/trisck.cc,73,tile_fused:explicit_throughput,1
5.805,5.905,26,stall,13222245987909,13222245988009,slot0_x4_y7,0,4,7,TILE,TRISC-KERNEL,/hdd/flapmax/tt-metal/tt_metal/hw/firmware/src/tt-1xx/trisck.cc,73,tile_fused:trisc_kernel_base,1
5.905,5.927,26,active,13222245988009,13222245988031,slot0_x4_y7,0,4,7,TILE,THROUGHPUT_SECTION,/hdd/flapmax/tt-metal/tt_metal/hw/firmware/src/tt-1xx/trisck.cc,73,tile_fused:explicit_throughput,1
5.927,6.626,26,stall,13222245988031,13222245988730,slot0_x4_y7,0,4,7,TILE,TRISC-KERNEL,/hdd/flapmax/tt-metal/tt_metal/hw/firmware/src/tt-1xx/trisck.cc,73,tile_fused:trisc_kernel_base,1
6.626,6.68,26,active,13222245988730,13222245988784,slot0_x4_y7,0,4,7,TILE,THROUGHPUT_SECTION,/hdd/flapmax/tt-metal/tt_metal/hw/firmware/src/tt-1xx/trisck.cc,73,tile_fused:explicit_throughput,1
6.68,6.732,26,stall,13222245988784,13222245988836,slot0_x4_y7,0,4,7,TILE,TRISC-KERNEL,/hdd/flapmax/tt-metal/tt_metal/hw/firmware/src/tt-1xx/trisck.cc,73,tile_fused:trisc_kernel_base,1
6.732,6.754,26,active,13222245988836,13222245988858,slot0_x4_y7,0,4,7,TILE,THROUGHPUT_SECTION,/hdd/flapmax/tt-metal/tt_metal/hw/firmware/src/tt-1xx/trisck.cc,73,tile_fused:explicit_throughput,1
6.754,6.853,26,stall,13222245988858,13222245988957,slot0_x4_y7,0,4,7,TILE,TRISC-KERNEL,/hdd/flapmax/tt-metal/tt_metal/hw/firmware/src/tt-1xx/trisck.cc,73,tile_fused:trisc_kernel_base,1
6.853,6.872,26,active,13222245988957,13222245988976,slot0_x4_y7,0,4,7,TILE,THROUGHPUT_SECTION,/hdd/flapmax/tt-metal/tt_metal/hw/firmware/src/tt-1xx/trisck.cc,73,tile_fused:explicit_throughput,1
6.872,7.264,26,stall,13222245988976,13222245989368,slot0_x4_y7,0,4,7,TILE,TRISC-KERNEL,/hdd/flapmax/tt-metal/tt_metal/hw/firmware/src/tt-1xx/trisck.cc,73,tile_fused:trisc_kernel_base,1
7.264,7.311,26,active,13222245989368,13222245989415,slot0_x4_y7,0,4,7,TILE,THROUGHPUT_SECTION,/hdd/flapmax/tt-metal/tt_metal/hw/firmware/src/tt-1xx/trisck.cc,73,tile_fused:explicit_throughput,1
7.311,7.371,26,stall,13222245989415,13222245989475,slot0_x4_y7,0,4,7,TILE,TRISC-KERNEL,/hdd/flapmax/tt-metal/tt_metal/hw/firmware/src/tt-1xx/trisck.cc,73,tile_fused:trisc_kernel_base,1
7.371,7.392,26,active,13222245989475,13222245989496,slot0_x4_y7,0,4,7,TILE,THROUGHPUT_SECTION,/hdd/flapmax/tt-metal/tt_metal/hw/firmware/src/tt-1xx/trisck.cc,73,tile_fused:explicit_throughput,1
7.392,7.491,26,stall,13222245989496,13222245989595,slot0_x4_y7,0,4,7,TILE,TRISC-KERNEL,/hdd/flapmax/tt-metal/tt_metal/hw/firmware/src/tt-1xx/trisck.cc,73,tile_fused:trisc_kernel_base,1
7.491,7.51,26,active,13222245989595,13222245989614,slot0_x4_y7,0,4,7,TILE,THROUGHPUT_SECTION,/hdd/flapmax/tt-metal/tt_metal/hw/firmware/src/tt-1xx/trisck.cc,73,tile_fused:explicit_throughput,1
7.51,15.909,26,stall,13222245989614,13222245998013,slot0_x4_y7,0,4,7,TILE,TRISC-KERNEL,/hdd/flapmax/tt-metal/tt_metal/hw/firmware/src/tt-1xx/trisck.cc,73,tile_fused:trisc_kernel_base,1
15.909,15.963,26,active,13222245998013,13222245998067,slot0_x4_y7,0,4,7,TILE,THROUGHPUT_SECTION,/hdd/flapmax/tt-metal/tt_metal/hw/firmware/src/tt-1xx/trisck.cc,73,tile_fused:explicit_throughput,1
15.963,16.016,26,stall,13222245998067,13222245998120,slot0_x4_y7,0,4,7,TILE,TRISC-KERNEL,/hdd/flapmax/tt-metal/tt_metal/hw/firmware/src/tt-1xx/trisck.cc,73,tile_fused:trisc_kernel_base,1
16.016,16.038,26,active,13222245998120,13222245998142,slot0_x4_y7,0,4,7,TILE,THROUGHPUT_SECTION,/hdd/flapmax/tt-metal/tt_metal/hw/firmware/src/tt-1xx/trisck.cc,73,tile_fused:explicit_throughput,1
16.038,16.136,26,stall,13222245998142,13222245998240,slot0_x4_y7,0,4,7,TILE,TRISC-KERNEL,/hdd/flapmax/tt-metal/tt_metal/hw/firmware/src/tt-1xx/trisck.cc,73,tile_fused:trisc_kernel_base,1
16.136,16.155,26,active,13222245998240,13222245998259,slot0_x4_y7,0,4,7,TILE,THROUGHPUT_SECTION,/hdd/flapmax/tt-metal/tt_metal/hw/firmware/src/tt-1xx/trisck.cc,73,tile_fused:explicit_throughput,1
16.155,23.121,26,stall,13222245998259,13222246005225,slot0_x4_y7,0,4,7,TILE,TRISC-KERNEL,/hdd/flapmax/tt-metal/tt_metal/hw/firmware/src/tt-1xx/trisck.cc,73,tile_fused:trisc_kernel_base,1
23.121,23.168,26,active,13222246005225,13222246005272,slot0_x4_y7,0,4,7,TILE,THROUGHPUT_SECTION,/hdd/flapmax/tt-metal/tt_metal/hw/firmware/src/tt-1xx/trisck.cc,73,tile_fused:explicit_throughput,1
23.168,23.221,26,stall,13222246005272,13222246005325,slot0_x4_y7,0,4,7,TILE,TRISC-KERNEL,/hdd/flapmax/tt-metal/tt_metal/hw/firmware/src/tt-1xx/trisck.cc,73,tile_fused:trisc_kernel_base,1
23.221,23.242,26,active,13222246005325,13222246005346,slot0_x4_y7,0,4,7,TILE,THROUGHPUT_SECTION,/hdd/flapmax/tt-metal/tt_metal/hw/firmware/src/tt-1xx/trisck.cc,73,tile_fused:explicit_throughput,1
23.242,23.342,26,stall,13222246005346,13222246005446,slot0_x4_y7,0,4,7,TILE,TRISC-KERNEL,/hdd/flapmax/tt-metal/tt_metal/hw/firmware/src/tt-1xx/trisck.cc,73,tile_fused:trisc_kernel_base,1
23.342,23.362,26,active,13222246005446,13222246005466,slot0_x4_y7,0,4,7,TILE,THROUGHPUT_SECTION,/hdd/flapmax/tt-metal/tt_metal/hw/firmware/src/tt-1xx/trisck.cc,73,tile_fused:explicit_throughput,1
23.362,27.172,26,stall,13222246005466,13222246009276,slot0_x4_y7,0,4,7,TILE,TRISC-KERNEL,/hdd/flapmax/tt-metal/tt_metal/hw/firmware/src/tt-1xx/trisck.cc,73,tile_fused:trisc_kernel_base,1
27.172,27.226,26,active,13222246009276,13222246009330,slot0_x4_y7,0,4,7,TILE,THROUGHPUT_SECTION,/hdd/flapmax/tt-metal/tt_metal/hw/firmware/src/tt-1xx/trisck.cc,73,tile_fused:explicit_throughput,1
27.226,28.579,26,stall,13222246009330,13222246010683,slot0_x4_y7,0,4,7,TILE,TRISC-KERNEL,/hdd/flapmax/tt-metal/tt_metal/hw/firmware/src/tt-1xx/trisck.cc,73,tile_fused:trisc_kernel_base,1
28.579,28.626,26,active,13222246010683,13222246010730,slot0_x4_y7,0,4,7,TILE,THROUGHPUT_SECTION,/hdd/flapmax/tt-metal/tt_metal/hw/firmware/src/tt-1xx/trisck.cc,73,tile_fused:explicit_throughput,1
28.626,29.239,26,stall,13222246010730,13222246011343,slot0_x4_y7,0,4,7,TILE,TRISC-KERNEL,/hdd/flapmax/tt-metal/tt_metal/hw/firmware/src/tt-1xx/trisck.cc,73,tile_fused:trisc_kernel_base,1
0.082,0.265,27,stall,13222245982186,13222245982369,slot0_x4_y8,0,4,8,TILE,TRISC-KERNEL,/hdd/flapmax/tt-metal/tt_metal/hw/firmware/src/tt-1xx/trisck.cc,73,tile_fused:trisc_kernel_base,1
0.265,0.286,27,active,13222245982369,13222245982390,slot0_x4_y8,0,4,8,TILE,THROUGHPUT_SECTION,/hdd/flapmax/tt-metal/tt_metal/hw/firmware/src/tt-1xx/trisck.cc,73,tile_fused:explicit_throughput,1
0.286,0.324,27,stall,13222245982390,13222245982428,slot0_x4_y8,0,4,8,TILE,TRISC-KERNEL,/hdd/flapmax/tt-metal/tt_metal/hw/firmware/src/tt-1xx/trisck.cc,73,tile_fused:trisc_kernel_base,1
0.324,0.345,27,active,13222245982428,13222245982449,slot0_x4_y8,0,4,8,TILE,THROUGHPUT_SECTION,/hdd/flapmax/tt-metal/tt_metal/hw/firmware/src/tt-1xx/trisck.cc,73,tile_fused:explicit_throughput,1
0.345,0.518,27,stall,13222245982449,13222245982622,slot0_x4_y8,0,4,8,TILE,TRISC-KERNEL,/hdd/flapmax/tt-metal/tt_metal/hw/firmware/src/tt-1xx/trisck.cc,73,tile_fused:trisc_kernel_base,1
0.518,0.537,27,active,13222245982622,13222245982641,slot0_x4_y8,0,4,8,TILE,THROUGHPUT_SECTION,/hdd/flapmax/tt-metal/tt_metal/hw/firmware/src/tt-1xx/trisck.cc,73,tile_fused:explicit_throughput,1
0.537,0.649,27,stall,13222245982641,13222245982753,slot0_x4_y8,0,4,8,TILE,TRISC-KERNEL,/hdd/flapmax/tt-metal/tt_metal/hw/firmware/src/tt-1xx/trisck.cc,73,tile_fused:trisc_kernel_base,1
0.649,0.668,27,active,13222245982753,13222245982772,slot0_x4_y8,0,4,8,TILE,THROUGHPUT_SECTION,/hdd/flapmax/tt-metal/tt_metal/hw/firmware/src/tt-1xx/trisck.cc,73,tile_fused:explicit_throughput,1
0.668,1.28,27,stall,13222245982772,13222245983384,slot0_x4_y8,0,4,8,TILE,TRISC-KERNEL,/hdd/flapmax/tt-metal/tt_metal/hw/firmware/src/tt-1xx/trisck.cc,73,tile_fused:trisc_kernel_base,1
1.28,1.326,27,active,13222245983384,13222245983430,slot0_x4_y8,0,4,8,TILE,THROUGHPUT_SECTION,/hdd/flapmax/tt-metal/tt_metal/hw/firmware/src/tt-1xx/trisck.cc,73,tile_fused:explicit_throughput,1
1.326,1.38,27,stall,13222245983430,13222245983484,slot0_x4_y8,0,4,8,TILE,TRISC-KERNEL,/hdd/flapmax/tt-metal/tt_metal/hw/firmware/src/tt-1xx/trisck.cc,73,tile_fused:trisc_kernel_base,1
1.38,1.404,27,active,13222245983484,13222245983508,slot0_x4_y8,0,4,8,TILE,THROUGHPUT_SECTION,/hdd/flapmax/tt-metal/tt_metal/hw/firmware/src/tt-1xx/trisck.cc,73,tile_fused:explicit_throughput,1
1.404,1.502,27,stall,13222245983508,13222245983606,slot0_x4_y8,0,4,8,TILE,TRISC-KERNEL,/hdd/flapmax/tt-metal/tt_metal/hw/firmware/src/tt-1xx/trisck.cc,73,tile_fused:trisc_kernel_base,1
1.502,1.521,27,active,13222245983606,13222245983625,slot0_x4_y8,0,4,8,TILE,THROUGHPUT_SECTION,/hdd/flapmax/tt-metal/tt_metal/hw/firmware/src/tt-1xx/trisck.cc,73,tile_fused:explicit_throughput,1
1.521,2.197,27,stall,13222245983625,13222245984301,slot0_x4_y8,0,4,8,TILE,TRISC-KERNEL,/hdd/flapmax/tt-metal/tt_metal/hw/firmware/src/tt-1xx/trisck.cc,73,tile_fused:trisc_kernel_base,1
2.197,2.256,27,active,13222245984301,13222245984360,slot0_x4_y8,0,4,8,TILE,THROUGHPUT_SECTION,/hdd/flapmax/tt-metal/tt_metal/hw/firmware/src/tt-1xx/trisck.cc,73,tile_fused:explicit_throughput,1
2.256,2.31,27,stall,13222245984360,13222245984414,slot0_x4_y8,0,4,8,TILE,TRISC-KERNEL,/hdd/flapmax/tt-metal/tt_metal/hw/firmware/src/tt-1xx/trisck.cc,73,tile_fused:trisc_kernel_base,1
2.31,2.332,27,active,13222245984414,13222245984436,slot0_x4_y8,0,4,8,TILE,THROUGHPUT_SECTION,/hdd/flapmax/tt-metal/tt_metal/hw/firmware/src/tt-1xx/trisck.cc,73,tile_fused:explicit_throughput,1
2.332,2.431,27,stall,13222245984436,13222245984535,slot0_x4_y8,0,4,8,TILE,TRISC-KERNEL,/hdd/flapmax/tt-metal/tt_metal/hw/firmware/src/tt-1xx/trisck.cc,73,tile_fused:trisc_kernel_base,1
2.431,2.452,27,active,13222245984535,13222245984556,slot0_x4_y8,0,4,8,TILE,THROUGHPUT_SECTION,/hdd/flapmax/tt-metal/tt_metal/hw/firmware/src/tt-1xx/trisck.cc,73,tile_fused:explicit_throughput,1
2.452,3.293,27,stall,13222245984556,13222245985397,slot0_x4_y8,0,4,8,TILE,TRISC-KERNEL,/hdd/flapmax/tt-metal/tt_metal/hw/firmware/src/tt-1xx/trisck.cc,73,tile_fused:trisc_kernel_base,1
3.293,3.341,27,active,13222245985397,13222245985445,slot0_x4_y8,0,4,8,TILE,THROUGHPUT_SECTION,/hdd/flapmax/tt-metal/tt_metal/hw/firmware/src/tt-1xx/trisck.cc,73,tile_fused:explicit_throughput,1
3.341,3.398,27,stall,13222245985445,13222245985502,slot0_x4_y8,0,4,8,TILE,TRISC-KERNEL,/hdd/flapmax/tt-metal/tt_metal/hw/firmware/src/tt-1xx/trisck.cc,73,tile_fused:trisc_kernel_base,1
3.398,3.419,27,active,13222245985502,13222245985523,slot0_x4_y8,0,4,8,TILE,THROUGHPUT_SECTION,/hdd/flapmax/tt-metal/tt_metal/hw/firmware/src/tt-1xx/trisck.cc,73,tile_fused:explicit_throughput,1
3.419,3.518,27,stall,13222245985523,13222245985622,slot0_x4_y8,0,4,8,TILE,TRISC-KERNEL,/hdd/flapmax/tt-metal/tt_metal/hw/firmware/src/tt-1xx/trisck.cc,73,tile_fused:trisc_kernel_base,1
3.518,3.537,27,active,13222245985622,13222245985641,slot0_x4_y8,0,4,8,TILE,THROUGHPUT_SECTION,/hdd/flapmax/tt-metal/tt_metal/hw/firmware/src/tt-1xx/trisck.cc,73,tile_fused:explicit_throughput,1
3.537,11.816,27,stall,13222245985641,13222245993920,slot0_x4_y8,0,4,8,TILE,TRISC-KERNEL,/hdd/flapmax/tt-metal/tt_metal/hw/firmware/src/tt-1xx/trisck.cc,73,tile_fused:trisc_kernel_base,1
11.816,11.87,27,active,13222245993920,13222245993974,slot0_x4_y8,0,4,8,TILE,THROUGHPUT_SECTION,/hdd/flapmax/tt-metal/tt_metal/hw/firmware/src/tt-1xx/trisck.cc,73,tile_fused:explicit_throughput,1
11.87,11.924,27,stall,13222245993974,13222245994028,slot0_x4_y8,0,4,8,TILE,TRISC-KERNEL,/hdd/flapmax/tt-metal/tt_metal/hw/firmware/src/tt-1xx/trisck.cc,73,tile_fused:trisc_kernel_base,1
11.924,11.946,27,active,13222245994028,13222245994050,slot0_x4_y8,0,4,8,TILE,THROUGHPUT_SECTION,/hdd/flapmax/tt-metal/tt_metal/hw/firmware/src/tt-1xx/trisck.cc,73,tile_fused:explicit_throughput,1
11.946,12.046,27,stall,13222245994050,13222245994150,slot0_x4_y8,0,4,8,TILE,TRISC-KERNEL,/hdd/flapmax/tt-metal/tt_metal/hw/firmware/src/tt-1xx/trisck.cc,73,tile_fused:trisc_kernel_base,1
12.046,12.065,27,active,13222245994150,13222245994169,slot0_x4_y8,0,4,8,TILE,THROUGHPUT_SECTION,/hdd/flapmax/tt-metal/tt_metal/hw/firmware/src/tt-1xx/trisck.cc,73,tile_fused:explicit_throughput,1
12.065,17.48,27,stall,13222245994169,13222245999584,slot0_x4_y8,0,4,8,TILE,TRISC-KERNEL,/hdd/flapmax/tt-metal/tt_metal/hw/firmware/src/tt-1xx/trisck.cc,73,tile_fused:trisc_kernel_base,1
17.48,17.527,27,active,13222245999584,13222245999631,slot0_x4_y8,0,4,8,TILE,THROUGHPUT_SECTION,/hdd/flapmax/tt-metal/tt_metal/hw/firmware/src/tt-1xx/trisck.cc,73,tile_fused:explicit_throughput,1
17.527,17.58,27,stall,13222245999631,13222245999684,slot0_x4_y8,0,4,8,TILE,TRISC-KERNEL,/hdd/flapmax/tt-metal/tt_metal/hw/firmware/src/tt-1xx/trisck.cc,73,tile_fused:trisc_kernel_base,1
17.58,17.601,27,active,13222245999684,13222245999705,slot0_x4_y8,0,4,8,TILE,THROUGHPUT_SECTION,/hdd/flapmax/tt-metal/tt_metal/hw/firmware/src/tt-1xx/trisck.cc,73,tile_fused:explicit_throughput,1
17.601,17.701,27,stall,13222245999705,13222245999805,slot0_x4_y8,0,4,8,TILE,TRISC-KERNEL,/hdd/flapmax/tt-metal/tt_metal/hw/firmware/src/tt-1xx/trisck.cc,73,tile_fused:trisc_kernel_base,1
17.701,17.723,27,active,13222245999805,13222245999827,slot0_x4_y8,0,4,8,TILE,THROUGHPUT_SECTION,/hdd/flapmax/tt-metal/tt_metal/hw/firmware/src/tt-1xx/trisck.cc,73,tile_fused:explicit_throughput,1
17.723,23.749,27,stall,13222245999827,13222246005853,slot0_x4_y8,0,4,8,TILE,TRISC-KERNEL,/hdd/flapmax/tt-metal/tt_metal/hw/firmware/src/tt-1xx/trisck.cc,73,tile_fused:trisc_kernel_base,1
23.749,23.803,27,active,13222246005853,13222246005907,slot0_x4_y8,0,4,8,TILE,THROUGHPUT_SECTION,/hdd/flapmax/tt-metal/tt_metal/hw/firmware/src/tt-1xx/trisck.cc,73,tile_fused:explicit_throughput,1
23.803,23.855,27,stall,13222246005907,13222246005959,slot0_x4_y8,0,4,8,TILE,TRISC-KERNEL,/hdd/flapmax/tt-metal/tt_metal/hw/firmware/src/tt-1xx/trisck.cc,73,tile_fused:trisc_kernel_base,1
23.855,23.877,27,active,13222246005959,13222246005981,slot0_x4_y8,0,4,8,TILE,THROUGHPUT_SECTION,/hdd/flapmax/tt-metal/tt_metal/hw/firmware/src/tt-1xx/trisck.cc,73,tile_fused:explicit_throughput,1
23.877,23.977,27,stall,13222246005981,13222246006081,slot0_x4_y8,0,4,8,TILE,TRISC-KERNEL,/hdd/flapmax/tt-metal/tt_metal/hw/firmware/src/tt-1xx/trisck.cc,73,tile_fused:trisc_kernel_base,1
23.977,23.997,27,active,13222246006081,13222246006101,slot0_x4_y8,0,4,8,TILE,THROUGHPUT_SECTION,/hdd/flapmax/tt-metal/tt_metal/hw/firmware/src/tt-1xx/trisck.cc,73,tile_fused:explicit_throughput,1
23.997,26.685,27,stall,13222246006101,13222246008789,slot0_x4_y8,0,4,8,TILE,TRISC-KERNEL,/hdd/flapmax/tt-metal/tt_metal/hw/firmware/src/tt-1xx/trisck.cc,73,tile_fused:trisc_kernel_base,1
26.685,26.733,27,active,13222246008789,13222246008837,slot0_x4_y8,0,4,8,TILE,THROUGHPUT_SECTION,/hdd/flapmax/tt-metal/tt_metal/hw/firmware/src/tt-1xx/trisck.cc,73,tile_fused:explicit_throughput,1
26.733,26.794,27,stall,13222246008837,13222246008898,slot0_x4_y8,0,4,8,TILE,TRISC-KERNEL,/hdd/flapmax/tt-metal/tt_metal/hw/firmware/src/tt-1xx/trisck.cc,73,tile_fused:trisc_kernel_base,1
26.794,26.815,27,active,13222246008898,13222246008919,slot0_x4_y8,0,4,8,TILE,THROUGHPUT_SECTION,/hdd/flapmax/tt-metal/tt_metal/hw/firmware/src/tt-1xx/trisck.cc,73,tile_fused:explicit_throughput,1
26.815,26.913,27,stall,13222246008919,13222246009017,slot0_x4_y8,0,4,8,TILE,TRISC-KERNEL,/hdd/flapmax/tt-metal/tt_metal/hw/firmware/src/tt-1xx/trisck.cc,73,tile_fused:trisc_kernel_base,1
26.913,26.932,27,active,13222246009017,13222246009036,slot0_x4_y8,0,4,8,TILE,THROUGHPUT_SECTION,/hdd/flapmax/tt-metal/tt_metal/hw/firmware/src/tt-1xx/trisck.cc,73,tile_fused:explicit_throughput,1
26.932,27.769,27,stall,13222246009036,13222246009873,slot0_x4_y8,0,4,8,TILE,TRISC-KERNEL,/hdd/flapmax/tt-metal/tt_metal/hw/firmware/src/tt-1xx/trisck.cc,73,tile_fused:trisc_kernel_base,1
27.769,27.823,27,active,13222246009873,13222246009927,slot0_x4_y8,0,4,8,TILE,THROUGHPUT_SECTION,/hdd/flapmax/tt-metal/tt_metal/hw/firmware/src/tt-1xx/trisck.cc,73,tile_fused:explicit_throughput,1
27.823,27.875,27,stall,13222246009927,13222246009979,slot0_x4_y8,0,4,8,TILE,TRISC-KERNEL,/hdd/flapmax/tt-metal/tt_metal/hw/firmware/src/tt-1xx/trisck.cc,73,tile_fused:trisc_kernel_base,1
27.875,27.897,27,active,13222246009979,13222246010001,slot0_x4_y8,0,4,8,TILE,THROUGHPUT_SECTION,/hdd/flapmax/tt-metal/tt_metal/hw/firmware/src/tt-1xx/trisck.cc,73,tile_fused:explicit_throughput,1
27.897,27.996,27,stall,13222246010001,13222246010100,slot0_x4_y8,0,4,8,TILE,TRISC-KERNEL,/hdd/flapmax/tt-metal/tt_metal/hw/firmware/src/tt-1xx/trisck.cc,73,tile_fused:trisc_kernel_base,1
27.996,28.016,27,active,13222246010100,13222246010120,slot0_x4_y8,0,4,8,TILE,THROUGHPUT_SECTION,/hdd/flapmax/tt-metal/tt_metal/hw/firmware/src/tt-1xx/trisck.cc,73,tile_fused:explicit_throughput,1
28.016,28.53,27,stall,13222246010120,13222246010634,slot0_x4_y8,0,4,8,TILE,TRISC-KERNEL,/hdd/flapmax/tt-metal/tt_metal/hw/firmware/src/tt-1xx/trisck.cc,73,tile_fused:trisc_kernel_base,1
28.53,28.577,27,active,13222246010634,13222246010681,slot0_x4_y8,0,4,8,TILE,THROUGHPUT_SECTION,/hdd/flapmax/tt-metal/tt_metal/hw/firmware/src/tt-1xx/trisck.cc,73,tile_fused:explicit_throughput,1
28.577,28.63,27,stall,13222246010681,13222246010734,slot0_x4_y8,0,4,8,TILE,TRISC-KERNEL,/hdd/flapmax/tt-metal/tt_metal/hw/firmware/src/tt-1xx/trisck.cc,73,tile_fused:trisc_kernel_base,1
28.63,28.651,27,active,13222246010734,13222246010755,slot0_x4_y8,0,4,8,TILE,THROUGHPUT_SECTION,/hdd/flapmax/tt-metal/tt_metal/hw/firmware/src/tt-1xx/trisck.cc,73,tile_fused:explicit_throughput,1
28.651,28.751,27,stall,13222246010755,13222246010855,slot0_x4_y8,0,4,8,TILE,TRISC-KERNEL,/hdd/flapmax/tt-metal/tt_metal/hw/firmware/src/tt-1xx/trisck.cc,73,tile_fused:trisc_kernel_base,1
28.751,28.771,27,active,13222246010855,13222246010875,slot0_x4_y8,0,4,8,TILE,THROUGHPUT_SECTION,/hdd/flapmax/tt-metal/tt_metal/hw/firmware/src/tt-1xx/trisck.cc,73,tile_fused:explicit_throughput,1
28.771,29.462,27,stall,13222246010875,13222246011566,slot0_x4_y8,0,4,8,TILE,TRISC-KERNEL,/hdd/flapmax/tt-metal/tt_metal/hw/firmware/src/tt-1xx/trisck.cc,73,tile_fused:trisc_kernel_base,1
29.462,29.516,27,active,13222246011566,13222246011620,slot0_x4_y8,0,4,8,TILE,THROUGHPUT_SECTION,/hdd/flapmax/tt-metal/tt_metal/hw/firmware/src/tt-1xx/trisck.cc,73,tile_fused:explicit_throughput,1
29.516,30.23,27,stall,13222246011620,13222246012334,slot0_x4_y8,0,4,8,TILE,TRISC-KERNEL,/hdd/flapmax/tt-metal/tt_metal/hw/firmware/src/tt-1xx/trisck.cc,73,tile_fused:trisc_kernel_base,1
30.23,30.277,27,active,13222246012334,13222246012381,slot0_x4_y8,0,4,8,TILE,THROUGHPUT_SECTION,/hdd/flapmax/tt-metal/tt_metal/hw/firmware/src/tt-1xx/trisck.cc,73,tile_fused:explicit_throughput,1
30.277,30.993,27,stall,13222246012381,13222246013097,slot0_x4_y8,0,4,8,TILE,TRISC-KERNEL,/hdd/flapmax/tt-metal/tt_metal/hw/firmware/src/tt-1xx/trisck.cc,73,tile_fused:trisc_kernel_base,1
0.059,0.24,28,stall,13222245982163,13222245982344,slot0_x6_y1,0,6,1,TILE,TRISC-KERNEL,/hdd/flapmax/tt-metal/tt_metal/hw/firmware/src/tt-1xx/trisck.cc,73,tile_fused:trisc_kernel_base,1
0.24,0.261,28,active,13222245982344,13222245982365,slot0_x6_y1,0,6,1,TILE,THROUGHPUT_SECTION,/hdd/flapmax/tt-metal/tt_metal/hw/firmware/src/tt-1xx/trisck.cc,73,tile_fused:explicit_throughput,1
0.261,0.299,28,stall,13222245982365,13222245982403,slot0_x6_y1,0,6,1,TILE,TRISC-KERNEL,/hdd/flapmax/tt-metal/tt_metal/hw/firmware/src/tt-1xx/trisck.cc,73,tile_fused:trisc_kernel_base,1
0.299,0.32,28,active,13222245982403,13222245982424,slot0_x6_y1,0,6,1,TILE,THROUGHPUT_SECTION,/hdd/flapmax/tt-metal/tt_metal/hw/firmware/src/tt-1xx/trisck.cc,73,tile_fused:explicit_throughput,1
0.32,0.51,28,stall,13222245982424,13222245982614,slot0_x6_y1,0,6,1,TILE,TRISC-KERNEL,/hdd/flapmax/tt-metal/tt_metal/hw/firmware/src/tt-1xx/trisck.cc,73,tile_fused:trisc_kernel_base,1
0.51,0.531,28,active,13222245982614,13222245982635,slot0_x6_y1,0,6,1,TILE,THROUGHPUT_SECTION,/hdd/flapmax/tt-metal/tt_metal/hw/firmware/src/tt-1xx/trisck.cc,73,tile_fused:explicit_throughput,1
0.531,0.641,28,stall,13222245982635,13222245982745,slot0_x6_y1,0,6,1,TILE,TRISC-KERNEL,/hdd/flapmax/tt-metal/tt_metal/hw/firmware/src/tt-1xx/trisck.cc,73,tile_fused:trisc_kernel_base,1
0.641,0.662,28,active,13222245982745,13222245982766,slot0_x6_y1,0,6,1,TILE,THROUGHPUT_SECTION,/hdd/flapmax/tt-metal/tt_metal/hw/firmware/src/tt-1xx/trisck.cc,73,tile_fused:explicit_throughput,1
0.662,7.277,28,stall,13222245982766,13222245989381,slot0_x6_y1,0,6,1,TILE,TRISC-KERNEL,/hdd/flapmax/tt-metal/tt_metal/hw/firmware/src/tt-1xx/trisck.cc,73,tile_fused:trisc_kernel_base,1
7.277,7.323,28,active,13222245989381,13222245989427,slot0_x6_y1,0,6,1,TILE,THROUGHPUT_SECTION,/hdd/flapmax/tt-metal/tt_metal/hw/firmware/src/tt-1xx/trisck.cc,73,tile_fused:explicit_throughput,1
7.323,7.377,28,stall,13222245989427,13222245989481,slot0_x6_y1,0,6,1,TILE,TRISC-KERNEL,/hdd/flapmax/tt-metal/tt_metal/hw/firmware/src/tt-1xx/trisck.cc,73,tile_fused:trisc_kernel_base,1
7.377,7.402,28,active,13222245989481,13222245989506,slot0_x6_y1,0,6,1,TILE,THROUGHPUT_SECTION,/hdd/flapmax/tt-metal/tt_metal/hw/firmware/src/tt-1xx/trisck.cc,73,tile_fused:explicit_throughput,1
7.402,7.499,28,stall,13222245989506,13222245989603,slot0_x6_y1,0,6,1,TILE,TRISC-KERNEL,/hdd/flapmax/tt-metal/tt_metal/hw/firmware/src/tt-1xx/trisck.cc,73,tile_fused:trisc_kernel_base,1
7.499,7.518,28,active,13222245989603,13222245989622,slot0_x6_y1,0,6,1,TILE,THROUGHPUT_SECTION,/hdd/flapmax/tt-metal/tt_metal/hw/firmware/src/tt-1xx/trisck.cc,73,tile_fused:explicit_throughput,1
7.518,7.795,28,stall,13222245989622,13222245989899,slot0_x6_y1,0,6,1,TILE,TRISC-KERNEL,/hdd/flapmax/tt-metal/tt_metal/hw/firmware/src/tt-1xx/trisck.cc,73,tile_fused:trisc_kernel_base,1
7.795,7.854,28,active,13222245989899,13222245989958,slot0_x6_y1,0,6,1,TILE,THROUGHPUT_SECTION,/hdd/flapmax/tt-metal/tt_metal/hw/firmware/src/tt-1xx/trisck.cc,73,tile_fused:explicit_throughput,1
7.854,7.908,28,stall,13222245989958,13222245990012,slot0_x6_y1,0,6,1,TILE,TRISC-KERNEL,/hdd/flapmax/tt-metal/tt_metal/hw/firmware/src/tt-1xx/trisck.cc,73,tile_fused:trisc_kernel_base,1
7.908,7.929,28,active,13222245990012,13222245990033,slot0_x6_y1,0,6,1,TILE,THROUGHPUT_SECTION,/hdd/flapmax/tt-metal/tt_metal/hw/firmware/src/tt-1xx/trisck.cc,73,tile_fused:explicit_throughput,1
7.929,8.03,28,stall,13222245990033,13222245990134,slot0_x6_y1,0,6,1,TILE,TRISC-KERNEL,/hdd/flapmax/tt-metal/tt_metal/hw/firmware/src/tt-1xx/trisck.cc,73,tile_fused:trisc_kernel_base,1
8.03,8.049,28,active,13222245990134,13222245990153,slot0_x6_y1,0,6,1,TILE,THROUGHPUT_SECTION,/hdd/flapmax/tt-metal/tt_metal/hw/firmware/src/tt-1xx/trisck.cc,73,tile_fused:explicit_throughput,1
8.049,8.538,28,stall,13222245990153,13222245990642,slot0_x6_y1,0,6,1,TILE,TRISC-KERNEL,/hdd/flapmax/tt-metal/tt_metal/hw/firmware/src/tt-1xx/trisck.cc,73,tile_fused:trisc_kernel_base,1
8.538,8.585,28,active,13222245990642,13222245990689,slot0_x6_y1,0,6,1,TILE,THROUGHPUT_SECTION,/hdd/flapmax/tt-metal/tt_metal/hw/firmware/src/tt-1xx/trisck.cc,73,tile_fused:explicit_throughput,1
8.585,8.647,28,stall,13222245990689,13222245990751,slot0_x6_y1,0,6,1,TILE,TRISC-KERNEL,/hdd/flapmax/tt-metal/tt_metal/hw/firmware/src/tt-1xx/trisck.cc,73,tile_fused:trisc_kernel_base,1
8.647,8.669,28,active,13222245990751,13222245990773,slot0_x6_y1,0,6,1,TILE,THROUGHPUT_SECTION,/hdd/flapmax/tt-metal/tt_metal/hw/firmware/src/tt-1xx/trisck.cc,73,tile_fused:explicit_throughput,1
8.669,8.767,28,stall,13222245990773,13222245990871,slot0_x6_y1,0,6,1,TILE,TRISC-KERNEL,/hdd/flapmax/tt-metal/tt_metal/hw/firmware/src/tt-1xx/trisck.cc,73,tile_fused:trisc_kernel_base,1
8.767,8.786,28,active,13222245990871,13222245990890,slot0_x6_y1,0,6,1,TILE,THROUGHPUT_SECTION,/hdd/flapmax/tt-metal/tt_metal/hw/firmware/src/tt-1xx/trisck.cc,73,tile_fused:explicit_throughput,1
8.786,9.981,28,stall,13222245990890,13222245992085,slot0_x6_y1,0,6,1,TILE,TRISC-KERNEL,/hdd/flapmax/tt-metal/tt_metal/hw/firmware/src/tt-1xx/trisck.cc,73,tile_fused:trisc_kernel_base,1
9.981,10.035,28,active,13222245992085,13222245992139,slot0_x6_y1,0,6,1,TILE,THROUGHPUT_SECTION,/hdd/flapmax/tt-metal/tt_metal/hw/firmware/src/tt-1xx/trisck.cc,73,tile_fused:explicit_throughput,1
10.035,10.09,28,stall,13222245992139,13222245992194,slot0_x6_y1,0,6,1,TILE,TRISC-KERNEL,/hdd/flapmax/tt-metal/tt_metal/hw/firmware/src/tt-1xx/trisck.cc,73,tile_fused:trisc_kernel_base,1
10.09,10.112,28,active,13222245992194,13222245992216,slot0_x6_y1,0,6,1,TILE,THROUGHPUT_SECTION,/hdd/flapmax/tt-metal/tt_metal/hw/firmware/src/tt-1xx/trisck.cc,73,tile_fused:explicit_throughput,1
10.112,10.21,28,stall,13222245992216,13222245992314,slot0_x6_y1,0,6,1,TILE,TRISC-KERNEL,/hdd/flapmax/tt-metal/tt_metal/hw/firmware/src/tt-1xx/trisck.cc,73,tile_fused:trisc_kernel_base,1
10.21,10.23,28,active,13222245992314,13222245992334,slot0_x6_y1,0,6,1,TILE,THROUGHPUT_SECTION,/hdd/flapmax/tt-metal/tt_metal/hw/firmware/src/tt-1xx/trisck.cc,73,tile_fused:explicit_throughput,1
10.23,10.843,28,stall,13222245992334,13222245992947,slot0_x6_y1,0,6,1,TILE,TRISC-KERNEL,/hdd/flapmax/tt-metal/tt_metal/hw/firmware/src/tt-1xx/trisck.cc,73,tile_fused:trisc_kernel_base,1
10.843,10.89,28,active,13222245992947,13222245992994,slot0_x6_y1,0,6,1,TILE,THROUGHPUT_SECTION,/hdd/flapmax/tt-metal/tt_metal/hw/firmware/src/tt-1xx/trisck.cc,73,tile_fused:explicit_throughput,1
10.89,10.943,28,stall,13222245992994,13222245993047,slot0_x6_y1,0,6,1,TILE,TRISC-KERNEL,/hdd/flapmax/tt-metal/tt_metal/hw/firmware/src/tt-1xx/trisck.cc,73,tile_fused:trisc_kernel_base,1
10.943,10.964,28,active,13222245993047,13222245993068,slot0_x6_y1,0,6,1,TILE,THROUGHPUT_SECTION,/hdd/flapmax/tt-metal/tt_metal/hw/firmware/src/tt-1xx/trisck.cc,73,tile_fused:explicit_throughput,1
10.964,11.064,28,stall,13222245993068,13222245993168,slot0_x6_y1,0,6,1,TILE,TRISC-KERNEL,/hdd/flapmax/tt-metal/tt_metal/hw/firmware/src/tt-1xx/trisck.cc,73,tile_fused:trisc_kernel_base,1
11.064,11.084,28,active,13222245993168,13222245993188,slot0_x6_y1,0,6,1,TILE,THROUGHPUT_SECTION,/hdd/flapmax/tt-metal/tt_metal/hw/firmware/src/tt-1xx/trisck.cc,73,tile_fused:explicit_throughput,1
11.084,11.483,28,stall,13222245993188,13222245993587,slot0_x6_y1,0,6,1,TILE,TRISC-KERNEL,/hdd/flapmax/tt-metal/tt_metal/hw/firmware/src/tt-1xx/trisck.cc,73,tile_fused:trisc_kernel_base,1
11.483,11.537,28,active,13222245993587,13222245993641,slot0_x6_y1,0,6,1,TILE,THROUGHPUT_SECTION,/hdd/flapmax/tt-metal/tt_metal/hw/firmware/src/tt-1xx/trisck.cc,73,tile_fused:explicit_throughput,1
11.537,11.589,28,stall,13222245993641,13222245993693,slot0_x6_y1,0,6,1,TILE,TRISC-KERNEL,/hdd/flapmax/tt-metal/tt_metal/hw/firmware/src/tt-1xx/trisck.cc,73,tile_fused:trisc_kernel_base,1
11.589,11.611,28,active,13222245993693,13222245993715,slot0_x6_y1,0,6,1,TILE,THROUGHPUT_SECTION,/hdd/flapmax/tt-metal/tt_metal/hw/firmware/src/tt-1xx/trisck.cc,73,tile_fused:explicit_throughput,1
11.611,11.711,28,stall,13222245993715,13222245993815,slot0_x6_y1,0,6,1,TILE,TRISC-KERNEL,/hdd/flapmax/tt-metal/tt_metal/hw/firmware/src/tt-1xx/trisck.cc,73,tile_fused:trisc_kernel_base,1
11.711,11.73,28,active,13222245993815,13222245993834,slot0_x6_y1,0,6,1,TILE,THROUGHPUT_SECTION,/hdd/flapmax/tt-metal/tt_metal/hw/firmware/src/tt-1xx/trisck.cc,73,tile_fused:explicit_throughput,1
11.73,12.452,28,stall,13222245993834,13222245994556,slot0_x6_y1,0,6,1,TILE,TRISC-KERNEL,/hdd/flapmax/tt-metal/tt_metal/hw/firmware/src/tt-1xx/trisck.cc,73,tile_fused:trisc_kernel_base,1
12.452,12.499,28,active,13222245994556,13222245994603,slot0_x6_y1,0,6,1,TILE,THROUGHPUT_SECTION,/hdd/flapmax/tt-metal/tt_metal/hw/firmware/src/tt-1xx/trisck.cc,73,tile_fused:explicit_throughput,1
12.499,12.559,28,stall,13222245994603,13222245994663,slot0_x6_y1,0,6,1,TILE,TRISC-KERNEL,/hdd/flapmax/tt-metal/tt_metal/hw/firmware/src/tt-1xx/trisck.cc,73,tile_fused:trisc_kernel_base,1
12.559,12.581,28,active,13222245994663,13222245994685,slot0_x6_y1,0,6,1,TILE,THROUGHPUT_SECTION,/hdd/flapmax/tt-metal/tt_metal/hw/firmware/src/tt-1xx/trisck.cc,73,tile_fused:explicit_throughput,1
12.581,12.679,28,stall,13222245994685,13222245994783,slot0_x6_y1,0,6,1,TILE,TRISC-KERNEL,/hdd/flapmax/tt-metal/tt_metal/hw/firmware/src/tt-1xx/trisck.cc,73,tile_fused:trisc_kernel_base,1
12.679,12.698,28,active,13222245994783,13222245994802,slot0_x6_y1,0,6,1,TILE,THROUGHPUT_SECTION,/hdd/flapmax/tt-metal/tt_metal/hw/firmware/src/tt-1xx/trisck.cc,73,tile_fused:explicit_throughput,1
12.698,13.082,28,stall,13222245994802,13222245995186,slot0_x6_y1,0,6,1,TILE,TRISC-KERNEL,/hdd/flapmax/tt-metal/tt_metal/hw/firmware/src/tt-1xx/trisck.cc,73,tile_fused:trisc_kernel_base,1
13.082,13.136,28,active,13222245995186,13222245995240,slot0_x6_y1,0,6,1,TILE,THROUGHPUT_SECTION,/hdd/flapmax/tt-metal/tt_metal/hw/firmware/src/tt-1xx/trisck.cc,73,tile_fused:explicit_throughput,1
13.136,13.188,28,stall,13222245995240,13222245995292,slot0_x6_y1,0,6,1,TILE,TRISC-KERNEL,/hdd/flapmax/tt-metal/tt_metal/hw/firmware/src/tt-1xx/trisck.cc,73,tile_fused:trisc_kernel_base,1
13.188,13.21,28,active,13222245995292,13222245995314,slot0_x6_y1,0,6,1,TILE,THROUGHPUT_SECTION,/hdd/flapmax/tt-metal/tt_metal/hw/firmware/src/tt-1xx/trisck.cc,73,tile_fused:explicit_throughput,1
13.21,13.309,28,stall,13222245995314,13222245995413,slot0_x6_y1,0,6,1,TILE,TRISC-KERNEL,/hdd/flapmax/tt-metal/tt_metal/hw/firmware/src/tt-1xx/trisck.cc,73,tile_fused:trisc_kernel_base,1
13.309,13.328,28,active,13222245995413,13222245995432,slot0_x6_y1,0,6,1,TILE,THROUGHPUT_SECTION,/hdd/flapmax/tt-metal/tt_metal/hw/firmware/src/tt-1xx/trisck.cc,73,tile_fused:explicit_throughput,1
13.328,13.828,28,stall,13222245995432,13222245995932,slot0_x6_y1,0,6,1,TILE,TRISC-KERNEL,/hdd/flapmax/tt-metal/tt_metal/hw/firmware/src/tt-1xx/trisck.cc,73,tile_fused:trisc_kernel_base,1
13.828,13.875,28,active,13222245995932,13222245995979,slot0_x6_y1,0,6,1,TILE,THROUGHPUT_SECTION,/hdd/flapmax/tt-metal/tt_metal/hw/firmware/src/tt-1xx/trisck.cc,73,tile_fused:explicit_throughput,1
13.875,13.928,28,stall,13222245995979,13222245996032,slot0_x6_y1,0,6,1,TILE,TRISC-KERNEL,/hdd/flapmax/tt-metal/tt_metal/hw/firmware/src/tt-1xx/trisck.cc,73,tile_fused:trisc_kernel_base,1
13.928,13.95,28,active,13222245996032,13222245996054,slot0_x6_y1,0,6,1,TILE,THROUGHPUT_SECTION,/hdd/flapmax/tt-metal/tt_metal/hw/firmware/src/tt-1xx/trisck.cc,73,tile_fused:explicit_throughput,1
13.95,14.049,28,stall,13222245996054,13222245996153,slot0_x6_y1,0,6,1,TILE,TRISC-KERNEL,/hdd/flapmax/tt-metal/tt_metal/hw/firmware/src/tt-1xx/trisck.cc,73,tile_fused:trisc_kernel_base,1
14.049,14.068,28,active,13222245996153,13222245996172,slot0_x6_y1,0,6,1,TILE,THROUGHPUT_SECTION,/hdd/flapmax/tt-metal/tt_metal/hw/firmware/src/tt-1xx/trisck.cc,73,tile_fused:explicit_throughput,1
14.068,14.582,28,stall,13222245996172,13222245996686,slot0_x6_y1,0,6,1,TILE,TRISC-KERNEL,/hdd/flapmax/tt-metal/tt_metal/hw/firmware/src/tt-1xx/trisck.cc,73,tile_fused:trisc_kernel_base,1
14.582,14.636,28,active,13222245996686,13222245996740,slot0_x6_y1,0,6,1,TILE,THROUGHPUT_SECTION,/hdd/flapmax/tt-metal/tt_metal/hw/firmware/src/tt-1xx/trisck.cc,73,tile_fused:explicit_throughput,1
14.636,14.689,28,stall,13222245996740,13222245996793,slot0_x6_y1,0,6,1,TILE,TRISC-KERNEL,/hdd/flapmax/tt-metal/tt_metal/hw/firmware/src/tt-1xx/trisck.cc,73,tile_fused:trisc_kernel_base,1
14.689,14.71,28,active,13222245996793,13222245996814,slot0_x6_y1,0,6,1,TILE,THROUGHPUT_SECTION,/hdd/flapmax/tt-metal/tt_metal/hw/firmware/src/tt-1xx/trisck.cc,73,tile_fused:explicit_throughput,1
14.71,14.81,28,stall,13222245996814,13222245996914,slot0_x6_y1,0,6,1,TILE,TRISC-KERNEL,/hdd/flapmax/tt-metal/tt_metal/hw/firmware/src/tt-1xx/trisck.cc,73,tile_fused:trisc_kernel_base,1
14.81,14.832,28,active,13222245996914,13222245996936,slot0_x6_y1,0,6,1,TILE,THROUGHPUT_SECTION,/hdd/flapmax/tt-metal/tt_metal/hw/firmware/src/tt-1xx/trisck.cc,73,tile_fused:explicit_throughput,1
14.832,15.261,28,stall,13222245996936,13222245997365,slot0_x6_y1,0,6,1,TILE,TRISC-KERNEL,/hdd/flapmax/tt-metal/tt_metal/hw/firmware/src/tt-1xx/trisck.cc,73,tile_fused:trisc_kernel_base,1
15.261,15.308,28,active,13222245997365,13222245997412,slot0_x6_y1,0,6,1,TILE,THROUGHPUT_SECTION,/hdd/flapmax/tt-metal/tt_metal/hw/firmware/src/tt-1xx/trisck.cc,73,tile_fused:explicit_throughput,1
15.308,16.002,28,stall,13222245997412,13222245998106,slot0_x6_y1,0,6,1,TILE,TRISC-KERNEL,/hdd/flapmax/tt-metal/tt_metal/hw/firmware/src/tt-1xx/trisck.cc,73,tile_fused:trisc_kernel_base,1
16.002,16.056,28,active,13222245998106,13222245998160,slot0_x6_y1,0,6,1,TILE,THROUGHPUT_SECTION,/hdd/flapmax/tt-metal/tt_metal/hw/firmware/src/tt-1xx/trisck.cc,73,tile_fused:explicit_throughput,1
16.056,16.778,28,stall,13222245998160,13222245998882,slot0_x6_y1,0,6,1,TILE,TRISC-KERNEL,/hdd/flapmax/tt-metal/tt_metal/hw/firmware/src/tt-1xx/trisck.cc,73,tile_fused:trisc_kernel_base,1
0.05,0.236,29,stall,13222245982154,13222245982340,slot0_x6_y2,0,6,2,TILE,TRISC-KERNEL,/hdd/flapmax/tt-metal/tt_metal/hw/firmware/src/tt-1xx/trisck.cc,73,tile_fused:trisc_kernel_base,1
0.236,0.258,29,active,13222245982340,13222245982362,slot0_x6_y2,0,6,2,TILE,THROUGHPUT_SECTION,/hdd/flapmax/tt-metal/tt_metal/hw/firmware/src/tt-1xx/trisck.cc,73,tile_fused:explicit_throughput,1
0.258,0.292,29,stall,13222245982362,13222245982396,slot0_x6_y2,0,6,2,TILE,TRISC-KERNEL,/hdd/flapmax/tt-metal/tt_metal/hw/firmware/src/tt-1xx/trisck.cc,73,tile_fused:trisc_kernel_base,1
0.292,0.313,29,active,13222245982396,13222245982417,slot0_x6_y2,0,6,2,TILE,THROUGHPUT_SECTION,/hdd/flapmax/tt-metal/tt_metal/hw/firmware/src/tt-1xx/trisck.cc,73,tile_fused:explicit_throughput,1
0.313,0.487,29,stall,13222245982417,13222245982591,slot0_x6_y2,0,6,2,TILE,TRISC-KERNEL,/hdd/flapmax/tt-metal/tt_metal/hw/firmware/src/tt-1xx/trisck.cc,73,tile_fused:trisc_kernel_base,1
0.487,0.506,29,active,13222245982591,13222245982610,slot0_x6_y2,0,6,2,TILE,THROUGHPUT_SECTION,/hdd/flapmax/tt-metal/tt_metal/hw/firmware/src/tt-1xx/trisck.cc,73,tile_fused:explicit_throughput,1
0.506,0.618,29,stall,13222245982610,13222245982722,slot0_x6_y2,0,6,2,TILE,TRISC-KERNEL,/hdd/flapmax/tt-metal/tt_metal/hw/firmware/src/tt-1xx/trisck.cc,73,tile_fused:trisc_kernel_base,1
0.618,0.637,29,active,13222245982722,13222245982741,slot0_x6_y2,0,6,2,TILE,THROUGHPUT_SECTION,/hdd/flapmax/tt-metal/tt_metal/hw/firmware/src/tt-1xx/trisck.cc,73,tile_fused:explicit_throughput,1
0.637,4.358,29,stall,13222245982741,13222245986462,slot0_x6_y2,0,6,2,TILE,TRISC-KERNEL,/hdd/flapmax/tt-metal/tt_metal/hw/firmware/src/tt-1xx/trisck.cc,73,tile_fused:trisc_kernel_base,1
4.358,4.404,29,active,13222245986462,13222245986508,slot0_x6_y2,0,6,2,TILE,THROUGHPUT_SECTION,/hdd/flapmax/tt-metal/tt_metal/hw/firmware/src/tt-1xx/trisck.cc,73,tile_fused:explicit_throughput,1
4.404,4.458,29,stall,13222245986508,13222245986562,slot0_x6_y2,0,6,2,TILE,TRISC-KERNEL,/hdd/flapmax/tt-metal/tt_metal/hw/firmware/src/tt-1xx/trisck.cc,73,tile_fused:trisc_kernel_base,1
4.458,4.483,29,active,13222245986562,13222245986587,slot0_x6_y2,0,6,2,TILE,THROUGHPUT_SECTION,/hdd/flapmax/tt-metal/tt_metal/hw/firmware/src/tt-1xx/trisck.cc,73,tile_fused:explicit_throughput,1
4.483,4.58,29,stall,13222245986587,13222245986684,slot0_x6_y2,0,6,2,TILE,TRISC-KERNEL,/hdd/flapmax/tt-metal/tt_metal/hw/firmware/src/tt-1xx/trisck.cc,73,tile_fused:trisc_kernel_base,1
4.58,4.599,29,active,13222245986684,13222245986703,slot0_x6_y2,0,6,2,TILE,THROUGHPUT_SECTION,/hdd/flapmax/tt-metal/tt_metal/hw/firmware/src/tt-1xx/trisck.cc,73,tile_fused:explicit_throughput,1
4.599,12.118,29,stall,13222245986703,13222245994222,slot0_x6_y2,0,6,2,TILE,TRISC-KERNEL,/hdd/flapmax/tt-metal/tt_metal/hw/firmware/src/tt-1xx/trisck.cc,73,tile_fused:trisc_kernel_base,1
12.118,12.177,29,active,13222245994222,13222245994281,slot0_x6_y2,0,6,2,TILE,THROUGHPUT_SECTION,/hdd/flapmax/tt-metal/tt_metal/hw/firmware/src/tt-1xx/trisck.cc,73,tile_fused:explicit_throughput,1
12.177,12.231,29,stall,13222245994281,13222245994335,slot0_x6_y2,0,6,2,TILE,TRISC-KERNEL,/hdd/flapmax/tt-metal/tt_metal/hw/firmware/src/tt-1xx/trisck.cc,73,tile_fused:trisc_kernel_base,1
12.231,12.252,29,active,13222245994335,13222245994356,slot0_x6_y2,0,6,2,TILE,THROUGHPUT_SECTION,/hdd/flapmax/tt-metal/tt_metal/hw/firmware/src/tt-1xx/trisck.cc,73,tile_fused:explicit_throughput,1
12.252,12.352,29,stall,13222245994356,13222245994456,slot0_x6_y2,0,6,2,TILE,TRISC-KERNEL,/hdd/flapmax/tt-metal/tt_metal/hw/firmware/src/tt-1xx/trisck.cc,73,tile_fused:trisc_kernel_base,1
12.352,12.372,29,active,13222245994456,13222245994476,slot0_x6_y2,0,6,2,TILE,THROUGHPUT_SECTION,/hdd/flapmax/tt-metal/tt_metal/hw/firmware/src/tt-1xx/trisck.cc,73,tile_fused:explicit_throughput,1
12.372,12.98,29,stall,13222245994476,13222245995084,slot0_x6_y2,0,6,2,TILE,TRISC-KERNEL,/hdd/flapmax/tt-metal/tt_metal/hw/firmware/src/tt-1xx/trisck.cc,73,tile_fused:trisc_kernel_base,1
12.98,13.026,29,active,13222245995084,13222245995130,slot0_x6_y2,0,6,2,TILE,THROUGHPUT_SECTION,/hdd/flapmax/tt-metal/tt_metal/hw/firmware/src/tt-1xx/trisck.cc,73,tile_fused:explicit_throughput,1
13.026,13.088,29,stall,13222245995130,13222245995192,slot0_x6_y2,0,6,2,TILE,TRISC-KERNEL,/hdd/flapmax/tt-metal/tt_metal/hw/firmware/src/tt-1xx/trisck.cc,73,tile_fused:trisc_kernel_base,1
13.088,13.109,29,active,13222245995192,13222245995213,slot0_x6_y2,0,6,2,TILE,THROUGHPUT_SECTION,/hdd/flapmax/tt-metal/tt_metal/hw/firmware/src/tt-1xx/trisck.cc,73,tile_fused:explicit_throughput,1
13.109,13.208,29,stall,13222245995213,13222245995312,slot0_x6_y2,0,6,2,TILE,TRISC-KERNEL,/hdd/flapmax/tt-metal/tt_metal/hw/firmware/src/tt-1xx/trisck.cc,73,tile_fused:trisc_kernel_base,1
13.208,13.227,29,active,13222245995312,13222245995331,slot0_x6_y2,0,6,2,TILE,THROUGHPUT_SECTION,/hdd/flapmax/tt-metal/tt_metal/hw/firmware/src/tt-1xx/trisck.cc,73,tile_fused:explicit_throughput,1
13.227,14.269,29,stall,13222245995331,13222245996373,slot0_x6_y2,0,6,2,TILE,TRISC-KERNEL,/hdd/flapmax/tt-metal/tt_metal/hw/firmware/src/tt-1xx/trisck.cc,73,tile_fused:trisc_kernel_base,1
14.269,14.323,29,active,13222245996373,13222245996427,slot0_x6_y2,0,6,2,TILE,THROUGHPUT_SECTION,/hdd/flapmax/tt-metal/tt_metal/hw/firmware/src/tt-1xx/trisck.cc,73,tile_fused:explicit_throughput,1
14.323,14.377,29,stall,13222245996427,13222245996481,slot0_x6_y2,0,6,2,TILE,TRISC-KERNEL,/hdd/flapmax/tt-metal/tt_metal/hw/firmware/src/tt-1xx/trisck.cc,73,tile_fused:trisc_kernel_base,1
14.377,14.398,29,active,13222245996481,13222245996502,slot0_x6_y2,0,6,2,TILE,THROUGHPUT_SECTION,/hdd/flapmax/tt-metal/tt_metal/hw/firmware/src/tt-1xx/trisck.cc,73,tile_fused:explicit_throughput,1
14.398,14.498,29,stall,13222245996502,13222245996602,slot0_x6_y2,0,6,2,TILE,TRISC-KERNEL,/hdd/flapmax/tt-metal/tt_metal/hw/firmware/src/tt-1xx/trisck.cc,73,tile_fused:trisc_kernel_base,1
14.498,14.517,29,active,13222245996602,13222245996621,slot0_x6_y2,0,6,2,TILE,THROUGHPUT_SECTION,/hdd/flapmax/tt-metal/tt_metal/hw/firmware/src/tt-1xx/trisck.cc,73,tile_fused:explicit_throughput,1
14.517,15.362,29,stall,13222245996621,13222245997466,slot0_x6_y2,0,6,2,TILE,TRISC-KERNEL,/hdd/flapmax/tt-metal/tt_metal/hw/firmware/src/tt-1xx/trisck.cc,73,tile_fused:trisc_kernel_base,1
15.362,15.409,29,active,13222245997466,13222245997513,slot0_x6_y2,0,6,2,TILE,THROUGHPUT_SECTION,/hdd/flapmax/tt-metal/tt_metal/hw/firmware/src/tt-1xx/trisck.cc,73,tile_fused:explicit_throughput,1
15.409,15.463,29,stall,13222245997513,13222245997567,slot0_x6_y2,0,6,2,TILE,TRISC-KERNEL,/hdd/flapmax/tt-metal/tt_metal/hw/firmware/src/tt-1xx/trisck.cc,73,tile_fused:trisc_kernel_base,1
15.463,15.484,29,active,13222245997567,13222245997588,slot0_x6_y2,0,6,2,TILE,THROUGHPUT_SECTION,/hdd/flapmax/tt-metal/tt_metal/hw/firmware/src/tt-1xx/trisck.cc,73,tile_fused:explicit_throughput,1
15.484,15.584,29,stall,13222245997588,13222245997688,slot0_x6_y2,0,6,2,TILE,TRISC-KERNEL,/hdd/flapmax/tt-metal/tt_metal/hw/firmware/src/tt-1xx/trisck.cc,73,tile_fused:trisc_kernel_base,1
15.584,15.604,29,active,13222245997688,13222245997708,slot0_x6_y2,0,6,2,TILE,THROUGHPUT_SECTION,/hdd/flapmax/tt-metal/tt_metal/hw/firmware/src/tt-1xx/trisck.cc,73,tile_fused:explicit_throughput,1
15.604,16.182,29,stall,13222245997708,13222245998286,slot0_x6_y2,0,6,2,TILE,TRISC-KERNEL,/hdd/flapmax/tt-metal/tt_metal/hw/firmware/src/tt-1xx/trisck.cc,73,tile_fused:trisc_kernel_base,1
16.182,16.236,29,active,13222245998286,13222245998340,slot0_x6_y2,0,6,2,TILE,THROUGHPUT_SECTION,/hdd/flapmax/tt-metal/tt_metal/hw/firmware/src/tt-1xx/trisck.cc,73,tile_fused:explicit_throughput,1
16.236,16.288,29,stall,13222245998340,13222245998392,slot0_x6_y2,0,6,2,TILE,TRISC-KERNEL,/hdd/flapmax/tt-metal/tt_metal/hw/firmware/src/tt-1xx/trisck.cc,73,tile_fused:trisc_kernel_base,1
16.288,16.311,29,active,13222245998392,13222245998415,slot0_x6_y2,0,6,2,TILE,THROUGHPUT_SECTION,/hdd/flapmax/tt-metal/tt_metal/hw/firmware/src/tt-1xx/trisck.cc,73,tile_fused:explicit_throughput,1
16.311,16.409,29,stall,13222245998415,13222245998513,slot0_x6_y2,0,6,2,TILE,TRISC-KERNEL,/hdd/flapmax/tt-metal/tt_metal/hw/firmware/src/tt-1xx/trisck.cc,73,tile_fused:trisc_kernel_base,1
16.409,16.428,29,active,13222245998513,13222245998532,slot0_x6_y2,0,6,2,TILE,THROUGHPUT_SECTION,/hdd/flapmax/tt-metal/tt_metal/hw/firmware/src/tt-1xx/trisck.cc,73,tile_fused:explicit_throughput,1
16.428,16.721,29,stall,13222245998532,13222245998825,slot0_x6_y2,0,6,2,TILE,TRISC-KERNEL,/hdd/flapmax/tt-metal/tt_metal/hw/firmware/src/tt-1xx/trisck.cc,73,tile_fused:trisc_kernel_base,1
16.721,16.768,29,active,13222245998825,13222245998872,slot0_x6_y2,0,6,2,TILE,THROUGHPUT_SECTION,/hdd/flapmax/tt-metal/tt_metal/hw/firmware/src/tt-1xx/trisck.cc,73,tile_fused:explicit_throughput,1
16.768,16.828,29,stall,13222245998872,13222245998932,slot0_x6_y2,0,6,2,TILE,TRISC-KERNEL,/hdd/flapmax/tt-metal/tt_metal/hw/firmware/src/tt-1xx/trisck.cc,73,tile_fused:trisc_kernel_base,1
16.828,16.85,29,active,13222245998932,13222245998954,slot0_x6_y2,0,6,2,TILE,THROUGHPUT_SECTION,/hdd/flapmax/tt-metal/tt_metal/hw/firmware/src/tt-1xx/trisck.cc,73,tile_fused:explicit_throughput,1
16.85,16.948,29,stall,13222245998954,13222245999052,slot0_x6_y2,0,6,2,TILE,TRISC-KERNEL,/hdd/flapmax/tt-metal/tt_metal/hw/firmware/src/tt-1xx/trisck.cc,73,tile_fused:trisc_kernel_base,1
16.948,16.967,29,active,13222245999052,13222245999071,slot0_x6_y2,0,6,2,TILE,THROUGHPUT_SECTION,/hdd/flapmax/tt-metal/tt_metal/hw/firmware/src/tt-1xx/trisck.cc,73,tile_fused:explicit_throughput,1
16.967,17.411,29,stall,13222245999071,13222245999515,slot0_x6_y2,0,6,2,TILE,TRISC-KERNEL,/hdd/flapmax/tt-metal/tt_metal/hw/firmware/src/tt-1xx/trisck.cc,73,tile_fused:trisc_kernel_base,1
17.411,17.465,29,active,13222245999515,13222245999569,slot0_x6_y2,0,6,2,TILE,THROUGHPUT_SECTION,/hdd/flapmax/tt-metal/tt_metal/hw/firmware/src/tt-1xx/trisck.cc,73,tile_fused:explicit_throughput,1
17.465,17.517,29,stall,13222245999569,13222245999621,slot0_x6_y2,0,6,2,TILE,TRISC-KERNEL,/hdd/flapmax/tt-metal/tt_metal/hw/firmware/src/tt-1xx/trisck.cc,73,tile_fused:trisc_kernel_base,1
17.517,17.54,29,active,13222245999621,13222245999644,slot0_x6_y2,0,6,2,TILE,THROUGHPUT_SECTION,/hdd/flapmax/tt-metal/tt_metal/hw/firmware/src/tt-1xx/trisck.cc,73,tile_fused:explicit_throughput,1
17.54,17.638,29,stall,13222245999644,13222245999742,slot0_x6_y2,0,6,2,TILE,TRISC-KERNEL,/hdd/flapmax/tt-metal/tt_metal/hw/firmware/src/tt-1xx/trisck.cc,73,tile_fused:trisc_kernel_base,1
17.638,17.657,29,active,13222245999742,13222245999761,slot0_x6_y2,0,6,2,TILE,THROUGHPUT_SECTION,/hdd/flapmax/tt-metal/tt_metal/hw/firmware/src/tt-1xx/trisck.cc,73,tile_fused:explicit_throughput,1
17.657,18.165,29,stall,13222245999761,13222246000269,slot0_x6_y2,0,6,2,TILE,TRISC-KERNEL,/hdd/flapmax/tt-metal/tt_metal/hw/firmware/src/tt-1xx/trisck.cc,73,tile_fused:trisc_kernel_base,1
18.165,18.212,29,active,13222246000269,13222246000316,slot0_x6_y2,0,6,2,TILE,THROUGHPUT_SECTION,/hdd/flapmax/tt-metal/tt_metal/hw/firmware/src/tt-1xx/trisck.cc,73,tile_fused:explicit_throughput,1
18.212,18.265,29,stall,13222246000316,13222246000369,slot0_x6_y2,0,6,2,TILE,TRISC-KERNEL,/hdd/flapmax/tt-metal/tt_metal/hw/firmware/src/tt-1xx/trisck.cc,73,tile_fused:trisc_kernel_base,1
18.265,18.286,29,active,13222246000369,13222246000390,slot0_x6_y2,0,6,2,TILE,THROUGHPUT_SECTION,/hdd/flapmax/tt-metal/tt_metal/hw/firmware/src/tt-1xx/trisck.cc,73,tile_fused:explicit_throughput,1
18.286,18.387,29,stall,13222246000390,13222246000491,slot0_x6_y2,0,6,2,TILE,TRISC-KERNEL,/hdd/flapmax/tt-metal/tt_metal/hw/firmware/src/tt-1xx/trisck.cc,73,tile_fused:trisc_kernel_base,1
18.387,18.406,29,active,13222246000491,13222246000510,slot0_x6_y2,0,6,2,TILE,THROUGHPUT_SECTION,/hdd/flapmax/tt-metal/tt_metal/hw/firmware/src/tt-1xx/trisck.cc,73,tile_fused:explicit_throughput,1
18.406,19.163,29,stall,13222246000510,13222246001267,slot0_x6_y2,0,6,2,TILE,TRISC-KERNEL,/hdd/flapmax/tt-metal/tt_metal/hw/firmware/src/tt-1xx/trisck.cc,73,tile_fused:trisc_kernel_base,1
19.163,19.217,29,active,13222246001267,13222246001321,slot0_x6_y2,0,6,2,TILE,THROUGHPUT_SECTION,/hdd/flapmax/tt-metal/tt_metal/hw/firmware/src/tt-1xx/trisck.cc,73,tile_fused:explicit_throughput,1
19.217,19.27,29,stall,13222246001321,13222246001374,slot0_x6_y2,0,6,2,TILE,TRISC-KERNEL,/hdd/flapmax/tt-metal/tt_metal/hw/firmware/src/tt-1xx/trisck.cc,73,tile_fused:trisc_kernel_base,1
19.27,19.291,29,active,13222246001374,13222246001395,slot0_x6_y2,0,6,2,TILE,THROUGHPUT_SECTION,/hdd/flapmax/tt-metal/tt_metal/hw/firmware/src/tt-1xx/trisck.cc,73,tile_fused:explicit_throughput,1
19.291,19.391,29,stall,13222246001395,13222246001495,slot0_x6_y2,0,6,2,TILE,TRISC-KERNEL,/hdd/flapmax/tt-metal/tt_metal/hw/firmware/src/tt-1xx/trisck.cc,73,tile_fused:trisc_kernel_base,1
19.391,19.413,29,active,13222246001495,13222246001517,slot0_x6_y2,0,6,2,TILE,THROUGHPUT_SECTION,/hdd/flapmax/tt-metal/tt_metal/hw/firmware/src/tt-1xx/trisck.cc,73,tile_fused:explicit_throughput,1
19.413,20.1,29,stall,13222246001517,13222246002204,slot0_x6_y2,0,6,2,TILE,TRISC-KERNEL,/hdd/flapmax/tt-metal/tt_metal/hw/firmware/src/tt-1xx/trisck.cc,73,tile_fused:trisc_kernel_base,1
20.1,20.147,29,active,13222246002204,13222246002251,slot0_x6_y2,0,6,2,TILE,THROUGHPUT_SECTION,/hdd/flapmax/tt-metal/tt_metal/hw/firmware/src/tt-1xx/trisck.cc,73,tile_fused:explicit_throughput,1
20.147,20.757,29,stall,13222246002251,13222246002861,slot0_x6_y2,0,6,2,TILE,TRISC-KERNEL,/hdd/flapmax/tt-metal/tt_metal/hw/firmware/src/tt-1xx/trisck.cc,73,tile_fused:trisc_kernel_base,1
20.757,20.811,29,active,13222246002861,13222246002915,slot0_x6_y2,0,6,2,TILE,THROUGHPUT_SECTION,/hdd/flapmax/tt-metal/tt_metal/hw/firmware/src/tt-1xx/trisck.cc,73,tile_fused:explicit_throughput,1
20.811,21.593,29,stall,13222246002915,13222246003697,slot0_x6_y2,0,6,2,TILE,TRISC-KERNEL,/hdd/flapmax/tt-metal/tt_metal/hw/firmware/src/tt-1xx/trisck.cc,73,tile_fused:trisc_kernel_base,1
0.06,0.242,30,stall,13222245982164,13222245982346,slot0_x6_y3,0,6,3,TILE,TRISC-KERNEL,/hdd/flapmax/tt-metal/tt_metal/hw/firmware/src/tt-1xx/trisck.cc,73,tile_fused:trisc_kernel_base,1
0.242,0.263,30,active,13222245982346,13222245982367,slot0_x6_y3,0,6,3,TILE,THROUGHPUT_SECTION,/hdd/flapmax/tt-metal/tt_metal/hw/firmware/src/tt-1xx/trisck.cc,73,tile_fused:explicit_throughput,1
0.263,0.301,30,stall,13222245982367,13222245982405,slot0_x6_y3,0,6,3,TILE,TRISC-KERNEL,/hdd/flapmax/tt-metal/tt_metal/hw/firmware/src/tt-1xx/trisck.cc,73,tile_fused:trisc_kernel_base,1
0.301,0.322,30,active,13222245982405,13222245982426,slot0_x6_y3,0,6,3,TILE,THROUGHPUT_SECTION,/hdd/flapmax/tt-metal/tt_metal/hw/firmware/src/tt-1xx/trisck.cc,73,tile_fused:explicit_throughput,1
0.322,0.506,30,stall,13222245982426,13222245982610,slot0_x6_y3,0,6,3,TILE,TRISC-KERNEL,/hdd/flapmax/tt-metal/tt_metal/hw/firmware/src/tt-1xx/trisck.cc,73,tile_fused:trisc_kernel_base,1
0.506,0.525,30,active,13222245982610,13222245982629,slot0_x6_y3,0,6,3,TILE,THROUGHPUT_SECTION,/hdd/flapmax/tt-metal/tt_metal/hw/firmware/src/tt-1xx/trisck.cc,73,tile_fused:explicit_throughput,1
0.525,0.636,30,stall,13222245982629,13222245982740,slot0_x6_y3,0,6,3,TILE,TRISC-KERNEL,/hdd/flapmax/tt-metal/tt_metal/hw/firmware/src/tt-1xx/trisck.cc,73,tile_fused:trisc_kernel_base,1
0.636,0.655,30,active,13222245982740,13222245982759,slot0_x6_y3,0,6,3,TILE,THROUGHPUT_SECTION,/hdd/flapmax/tt-metal/tt_metal/hw/firmware/src/tt-1xx/trisck.cc,73,tile_fused:explicit_throughput,1
0.655,5.428,30,stall,13222245982759,13222245987532,slot0_x6_y3,0,6,3,TILE,TRISC-KERNEL,/hdd/flapmax/tt-metal/tt_metal/hw/firmware/src/tt-1xx/trisck.cc,73,tile_fused:trisc_kernel_base,1
5.428,5.474,30,active,13222245987532,13222245987578,slot0_x6_y3,0,6,3,TILE,THROUGHPUT_SECTION,/hdd/flapmax/tt-metal/tt_metal/hw/firmware/src/tt-1xx/trisck.cc,73,tile_fused:explicit_throughput,1
5.474,5.528,30,stall,13222245987578,13222245987632,slot0_x6_y3,0,6,3,TILE,TRISC-KERNEL,/hdd/flapmax/tt-metal/tt_metal/hw/firmware/src/tt-1xx/trisck.cc,73,tile_fused:trisc_kernel_base,1
5.528,5.553,30,active,13222245987632,13222245987657,slot0_x6_y3,0,6,3,TILE,THROUGHPUT_SECTION,/hdd/flapmax/tt-metal/tt_metal/hw/firmware/src/tt-1xx/trisck.cc,73,tile_fused:explicit_throughput,1
5.553,5.65,30,stall,13222245987657,13222245987754,slot0_x6_y3,0,6,3,TILE,TRISC-KERNEL,/hdd/flapmax/tt-metal/tt_metal/hw/firmware/src/tt-1xx/trisck.cc,73,tile_fused:trisc_kernel_base,1
5.65,5.669,30,active,13222245987754,13222245987773,slot0_x6_y3,0,6,3,TILE,THROUGHPUT_SECTION,/hdd/flapmax/tt-metal/tt_metal/hw/firmware/src/tt-1xx/trisck.cc,73,tile_fused:explicit_throughput,1
5.669,13.268,30,stall,13222245987773,13222245995372,slot0_x6_y3,0,6,3,TILE,TRISC-KERNEL,/hdd/flapmax/tt-metal/tt_metal/hw/firmware/src/tt-1xx/trisck.cc,73,tile_fused:trisc_kernel_base,1
13.268,13.327,30,active,13222245995372,13222245995431,slot0_x6_y3,0,6,3,TILE,THROUGHPUT_SECTION,/hdd/flapmax/tt-metal/tt_metal/hw/firmware/src/tt-1xx/trisck.cc,73,tile_fused:explicit_throughput,1
13.327,13.381,30,stall,13222245995431,13222245995485,slot0_x6_y3,0,6,3,TILE,TRISC-KERNEL,/hdd/flapmax/tt-metal/tt_metal/hw/firmware/src/tt-1xx/trisck.cc,73,tile_fused:trisc_kernel_base,1
13.381,13.404,30,active,13222245995485,13222245995508,slot0_x6_y3,0,6,3,TILE,THROUGHPUT_SECTION,/hdd/flapmax/tt-metal/tt_metal/hw/firmware/src/tt-1xx/trisck.cc,73,tile_fused:explicit_throughput,1
13.404,13.502,30,stall,13222245995508,13222245995606,slot0_x6_y3,0,6,3,TILE,TRISC-KERNEL,/hdd/flapmax/tt-metal/tt_metal/hw/firmware/src/tt-1xx/trisck.cc,73,tile_fused:trisc_kernel_base,1
13.502,13.521,30,active,13222245995606,13222245995625,slot0_x6_y3,0,6,3,TILE,THROUGHPUT_SECTION,/hdd/flapmax/tt-metal/tt_metal/hw/firmware/src/tt-1xx/trisck.cc,73,tile_fused:explicit_throughput,1
13.521,14.174,30,stall,13222245995625,13222245996278,slot0_x6_y3,0,6,3,TILE,TRISC-KERNEL,/hdd/flapmax/tt-metal/tt_metal/hw/firmware/src/tt-1xx/trisck.cc,73,tile_fused:trisc_kernel_base,1
14.174,14.221,30,active,13222245996278,13222245996325,slot0_x6_y3,0,6,3,TILE,THROUGHPUT_SECTION,/hdd/flapmax/tt-metal/tt_metal/hw/firmware/src/tt-1xx/trisck.cc,73,tile_fused:explicit_throughput,1
14.221,14.283,30,stall,13222245996325,13222245996387,slot0_x6_y3,0,6,3,TILE,TRISC-KERNEL,/hdd/flapmax/tt-metal/tt_metal/hw/firmware/src/tt-1xx/trisck.cc,73,tile_fused:trisc_kernel_base,1
14.283,14.304,30,active,13222245996387,13222245996408,slot0_x6_y3,0,6,3,TILE,THROUGHPUT_SECTION,/hdd/flapmax/tt-metal/tt_metal/hw/firmware/src/tt-1xx/trisck.cc,73,tile_fused:explicit_throughput,1
14.304,14.403,30,stall,13222245996408,13222245996507,slot0_x6_y3,0,6,3,TILE,TRISC-KERNEL,/hdd/flapmax/tt-metal/tt_metal/hw/firmware/src/tt-1xx/trisck.cc,73,tile_fused:trisc_kernel_base,1
14.403,14.422,30,active,13222245996507,13222245996526,slot0_x6_y3,0,6,3,TILE,THROUGHPUT_SECTION,/hdd/flapmax/tt-metal/tt_metal/hw/firmware/src/tt-1xx/trisck.cc,73,tile_fused:explicit_throughput,1
14.422,15.327,30,stall,13222245996526,13222245997431,slot0_x6_y3,0,6,3,TILE,TRISC-KERNEL,/hdd/flapmax/tt-metal/tt_metal/hw/firmware/src/tt-1xx/trisck.cc,73,tile_fused:trisc_kernel_base,1
15.327,15.381,30,active,13222245997431,13222245997485,slot0_x6_y3,0,6,3,TILE,THROUGHPUT_SECTION,/hdd/flapmax/tt-metal/tt_metal/hw/firmware/src/tt-1xx/trisck.cc,73,tile_fused:explicit_throughput,1
15.381,15.435,30,stall,13222245997485,13222245997539,slot0_x6_y3,0,6,3,TILE,TRISC-KERNEL,/hdd/flapmax/tt-metal/tt_metal/hw/firmware/src/tt-1xx/trisck.cc,73,tile_fused:trisc_kernel_base,1
15.435,15.457,30,active,13222245997539,13222245997561,slot0_x6_y3,0,6,3,TILE,THROUGHPUT_SECTION,/hdd/flapmax/tt-metal/tt_metal/hw/firmware/src/tt-1xx/trisck.cc,73,tile_fused:explicit_throughput,1
15.457,15.557,30,stall,13222245997561,13222245997661,slot0_x6_y3,0,6,3,TILE,TRISC-KERNEL,/hdd/flapmax/tt-metal/tt_metal/hw/firmware/src/tt-1xx/trisck.cc,73,tile_fused:trisc_kernel_base,1
15.557,15.577,30,active,13222245997661,13222245997681,slot0_x6_y3,0,6,3,TILE,THROUGHPUT_SECTION,/hdd/flapmax/tt-metal/tt_metal/hw/firmware/src/tt-1xx/trisck.cc,73,tile_fused:explicit_throughput,1
15.577,16.319,30,stall,13222245997681,13222245998423,slot0_x6_y3,0,6,3,TILE,TRISC-KERNEL,/hdd/flapmax/tt-metal/tt_metal/hw/firmware/src/tt-1xx/trisck.cc,73,tile_fused:trisc_kernel_base,1
16.319,16.366,30,active,13222245998423,13222245998470,slot0_x6_y3,0,6,3,TILE,THROUGHPUT_SECTION,/hdd/flapmax/tt-metal/tt_metal/hw/firmware/src/tt-1xx/trisck.cc,73,tile_fused:explicit_throughput,1
16.366,16.419,30,stall,13222245998470,13222245998523,slot0_x6_y3,0,6,3,TILE,TRISC-KERNEL,/hdd/flapmax/tt-metal/tt_metal/hw/firmware/src/tt-1xx/trisck.cc,73,tile_fused:trisc_kernel_base,1
16.419,16.44,30,active,13222245998523,13222245998544,slot0_x6_y3,0,6,3,TILE,THROUGHPUT_SECTION,/hdd/flapmax/tt-metal/tt_metal/hw/firmware/src/tt-1xx/trisck.cc,73,tile_fused:explicit_throughput,1
16.44,16.54,30,stall,13222245998544,13222245998644,slot0_x6_y3,0,6,3,TILE,TRISC-KERNEL,/hdd/flapmax/tt-metal/tt_metal/hw/firmware/src/tt-1xx/trisck.cc,73,tile_fused:trisc_kernel_base,1
16.54,16.56,30,active,13222245998644,13222245998664,slot0_x6_y3,0,6,3,TILE,THROUGHPUT_SECTION,/hdd/flapmax/tt-metal/tt_metal/hw/firmware/src/tt-1xx/trisck.cc,73,tile_fused:explicit_throughput,1
16.56,17.376,30,stall,13222245998664,13222245999480,slot0_x6_y3,0,6,3,TILE,TRISC-KERNEL,/hdd/flapmax/tt-metal/tt_metal/hw/firmware/src/tt-1xx/trisck.cc,73,tile_fused:trisc_kernel_base,1
17.376,17.43,30,active,13222245999480,13222245999534,slot0_x6_y3,0,6,3,TILE,THROUGHPUT_SECTION,/hdd/flapmax/tt-metal/tt_metal/hw/firmware/src/tt-1xx/trisck.cc,73,tile_fused:explicit_throughput,1
17.43,17.482,30,stall,13222245999534,13222245999586,slot0_x6_y3,0,6,3,TILE,TRISC-KERNEL,/hdd/flapmax/tt-metal/tt_metal/hw/firmware/src/tt-1xx/trisck.cc,73,tile_fused:trisc_kernel_base,1
17.482,17.504,30,active,13222245999586,13222245999608,slot0_x6_y3,0,6,3,TILE,THROUGHPUT_SECTION,/hdd/flapmax/tt-metal/tt_metal/hw/firmware/src/tt-1xx/trisck.cc,73,tile_fused:explicit_throughput,1
17.504,17.604,30,stall,13222245999608,13222245999708,slot0_x6_y3,0,6,3,TILE,TRISC-KERNEL,/hdd/flapmax/tt-metal/tt_metal/hw/firmware/src/tt-1xx/trisck.cc,73,tile_fused:trisc_kernel_base,1
17.604,17.624,30,active,13222245999708,13222245999728,slot0_x6_y3,0,6,3,TILE,THROUGHPUT_SECTION,/hdd/flapmax/tt-metal/tt_metal/hw/firmware/src/tt-1xx/trisck.cc,73,tile_fused:explicit_throughput,1
17.624,18.331,30,stall,13222245999728,13222246000435,slot0_x6_y3,0,6,3,TILE,TRISC-KERNEL,/hdd/flapmax/tt-metal/tt_metal/hw/firmware/src/tt-1xx/trisck.cc,73,tile_fused:trisc_kernel_base,1
18.331,18.379,30,active,13222246000435,13222246000483,slot0_x6_y3,0,6,3,TILE,THROUGHPUT_SECTION,/hdd/flapmax/tt-metal/tt_metal/hw/firmware/src/tt-1xx/trisck.cc,73,tile_fused:explicit_throughput,1
18.379,18.439,30,stall,13222246000483,13222246000543,slot0_x6_y3,0,6,3,TILE,TRISC-KERNEL,/hdd/flapmax/tt-metal/tt_metal/hw/firmware/src/tt-1xx/trisck.cc,73,tile_fused:trisc_kernel_base,1
18.439,18.46,30,active,13222246000543,13222246000564,slot0_x6_y3,0,6,3,TILE,THROUGHPUT_SECTION,/hdd/flapmax/tt-metal/tt_metal/hw/firmware/src/tt-1xx/trisck.cc,73,tile_fused:explicit_throughput,1
18.46,18.56,30,stall,13222246000564,13222246000664,slot0_x6_y3,0,6,3,TILE,TRISC-KERNEL,/hdd/flapmax/tt-metal/tt_metal/hw/firmware/src/tt-1xx/trisck.cc,73,tile_fused:trisc_kernel_base,1
18.56,18.579,30,active,13222246000664,13222246000683,slot0_x6_y3,0,6,3,TILE,THROUGHPUT_SECTION,/hdd/flapmax/tt-metal/tt_metal/hw/firmware/src/tt-1xx/trisck.cc,73,tile_fused:explicit_throughput,1
18.579,19.115,30,stall,13222246000683,13222246001219,slot0_x6_y3,0,6,3,TILE,TRISC-KERNEL,/hdd/flapmax/tt-metal/tt_metal/hw/firmware/src/tt-1xx/trisck.cc,73,tile_fused:trisc_kernel_base,1
19.115,19.169,30,active,13222246001219,13222246001273,slot0_x6_y3,0,6,3,TILE,THROUGHPUT_SECTION,/hdd/flapmax/tt-metal/tt_metal/hw/firmware/src/tt-1xx/trisck.cc,73,tile_fused:explicit_throughput,1
19.169,19.222,30,stall,13222246001273,13222246001326,slot0_x6_y3,0,6,3,TILE,TRISC-KERNEL,/hdd/flapmax/tt-metal/tt_metal/hw/firmware/src/tt-1xx/trisck.cc,73,tile_fused:trisc_kernel_base,1
19.222,19.243,30,active,13222246001326,13222246001347,slot0_x6_y3,0,6,3,TILE,THROUGHPUT_SECTION,/hdd/flapmax/tt-metal/tt_metal/hw/firmware/src/tt-1xx/trisck.cc,73,tile_fused:explicit_throughput,1
19.243,19.342,30,stall,13222246001347,13222246001446,slot0_x6_y3,0,6,3,TILE,TRISC-KERNEL,/hdd/flapmax/tt-metal/tt_metal/hw/firmware/src/tt-1xx/trisck.cc,73,tile_fused:trisc_kernel_base,1
19.342,19.361,30,active,13222246001446,13222246001465,slot0_x6_y3,0,6,3,TILE,THROUGHPUT_SECTION,/hdd/flapmax/tt-metal/tt_metal/hw/firmware/src/tt-1xx/trisck.cc,73,tile_fused:explicit_throughput,1
19.361,19.806,30,stall,13222246001465,13222246001910,slot0_x6_y3,0,6,3,TILE,TRISC-KERNEL,/hdd/flapmax/tt-metal/tt_metal/hw/firmware/src/tt-1xx/trisck.cc,73,tile_fused:trisc_kernel_base,1
19.806,19.853,30,active,13222246001910,13222246001957,slot0_x6_y3,0,6,3,TILE,THROUGHPUT_SECTION,/hdd/flapmax/tt-metal/tt_metal/hw/firmware/src/tt-1xx/trisck.cc,73,tile_fused:explicit_throughput,1
19.853,19.907,30,stall,13222246001957,13222246002011,slot0_x6_y3,0,6,3,TILE,TRISC-KERNEL,/hdd/flapmax/tt-metal/tt_metal/hw/firmware/src/tt-1xx/trisck.cc,73,tile_fused:trisc_kernel_base,1
19.907,19.928,30,active,13222246002011,13222246002032,slot0_x6_y3,0,6,3,TILE,THROUGHPUT_SECTION,/hdd/flapmax/tt-metal/tt_metal/hw/firmware/src/tt-1xx/trisck.cc,73,tile_fused:explicit_throughput,1
19.928,20.027,30,stall,13222246002032,13222246002131,slot0_x6_y3,0,6,3,TILE,TRISC-KERNEL,/hdd/flapmax/tt-metal/tt_metal/hw/firmware/src/tt-1xx/trisck.cc,73,tile_fused:trisc_kernel_base,1
20.027,20.047,30,active,13222246002131,13222246002151,slot0_x6_y3,0,6,3,TILE,THROUGHPUT_SECTION,/hdd/flapmax/tt-metal/tt_metal/hw/firmware/src/tt-1xx/trisck.cc,73,tile_fused:explicit_throughput,1
20.047,21.165,30,stall,13222246002151,13222246003269,slot0_x6_y3,0,6,3,TILE,TRISC-KERNEL,/hdd/flapmax/tt-metal/tt_metal/hw/firmware/src/tt-1xx/trisck.cc,73,tile_fused:trisc_kernel_base,1
21.165,21.219,30,active,13222246003269,13222246003323,slot0_x6_y3,0,6,3,TILE,THROUGHPUT_SECTION,/hdd/flapmax/tt-metal/tt_metal/hw/firmware/src/tt-1xx/trisck.cc,73,tile_fused:explicit_throughput,1
21.219,21.272,30,stall,13222246003323,13222246003376,slot0_x6_y3,0,6,3,TILE,TRISC-KERNEL,/hdd/flapmax/tt-metal/tt_metal/hw/firmware/src/tt-1xx/trisck.cc,73,tile_fused:trisc_kernel_base,1
21.272,21.293,30,active,13222246003376,13222246003397,slot0_x6_y3,0,6,3,TILE,THROUGHPUT_SECTION,/hdd/flapmax/tt-metal/tt_metal/hw/firmware/src/tt-1xx/trisck.cc,73,tile_fused:explicit_throughput,1
21.293,21.393,30,stall,13222246003397,13222246003497,slot0_x6_y3,0,6,3,TILE,TRISC-KERNEL,/hdd/flapmax/tt-metal/tt_metal/hw/firmware/src/tt-1xx/trisck.cc,73,tile_fused:trisc_kernel_base,1
21.393,21.415,30,active,13222246003497,13222246003519,slot0_x6_y3,0,6,3,TILE,THROUGHPUT_SECTION,/hdd/flapmax/tt-metal/tt_metal/hw/firmware/src/tt-1xx/trisck.cc,73,tile_fused:explicit_throughput,1
21.415,22.404,30,stall,13222246003519,13222246004508,slot0_x6_y3,0,6,3,TILE,TRISC-KERNEL,/hdd/flapmax/tt-metal/tt_metal/hw/firmware/src/tt-1xx/trisck.cc,73,tile_fused:trisc_kernel_base,1
22.404,22.451,30,active,13222246004508,13222246004555,slot0_x6_y3,0,6,3,TILE,THROUGHPUT_SECTION,/hdd/flapmax/tt-metal/tt_metal/hw/firmware/src/tt-1xx/trisck.cc,73,tile_fused:explicit_throughput,1
22.451,23.041,30,stall,13222246004555,13222246005145,slot0_x6_y3,0,6,3,TILE,TRISC-KERNEL,/hdd/flapmax/tt-metal/tt_metal/hw/firmware/src/tt-1xx/trisck.cc,73,tile_fused:trisc_kernel_base,1
23.041,23.095,30,active,13222246005145,13222246005199,slot0_x6_y3,0,6,3,TILE,THROUGHPUT_SECTION,/hdd/flapmax/tt-metal/tt_metal/hw/firmware/src/tt-1xx/trisck.cc,73,tile_fused:explicit_throughput,1
23.095,23.823,30,stall,13222246005199,13222246005927,slot0_x6_y3,0,6,3,TILE,TRISC-KERNEL,/hdd/flapmax/tt-metal/tt_metal/hw/firmware/src/tt-1xx/trisck.cc,73,tile_fused:trisc_kernel_base,1
0.043,0.23,31,stall,13222245982147,13222245982334,slot0_x6_y4,0,6,4,TILE,TRISC-KERNEL,/hdd/flapmax/tt-metal/tt_metal/hw/firmware/src/tt-1xx/trisck.cc,73,tile_fused:trisc_kernel_base,1
0.23,0.251,31,active,13222245982334,13222245982355,slot0_x6_y4,0,6,4,TILE,THROUGHPUT_SECTION,/hdd/flapmax/tt-metal/tt_metal/hw/firmware/src/tt-1xx/trisck.cc,73,tile_fused:explicit_throughput,1
0.251,0.289,31,stall,13222245982355,13222245982393,slot0_x6_y4,0,6,4,TILE,TRISC-KERNEL,/hdd/flapmax/tt-metal/tt_metal/hw/firmware/src/tt-1xx/trisck.cc,73,tile_fused:trisc_kernel_base,1
0.289,0.31,31,active,13222245982393,13222245982414,slot0_x6_y4,0,6,4,TILE,THROUGHPUT_SECTION,/hdd/flapmax/tt-metal/tt_metal/hw/firmware/src/tt-1xx/trisck.cc,73,tile_fused:explicit_throughput,1
0.31,0.483,31,stall,13222245982414,13222245982587,slot0_x6_y4,0,6,4,TILE,TRISC-KERNEL,/hdd/flapmax/tt-metal/tt_metal/hw/firmware/src/tt-1xx/trisck.cc,73,tile_fused:trisc_kernel_base,1
0.483,0.503,31,active,13222245982587,13222245982607,slot0_x6_y4,0,6,4,TILE,THROUGHPUT_SECTION,/hdd/flapmax/tt-metal/tt_metal/hw/firmware/src/tt-1xx/trisck.cc,73,tile_fused:explicit_throughput,1
0.503,0.614,31,stall,13222245982607,13222245982718,slot0_x6_y4,0,6,4,TILE,TRISC-KERNEL,/hdd/flapmax/tt-metal/tt_metal/hw/firmware/src/tt-1xx/trisck.cc,73,tile_fused:trisc_kernel_base,1
0.614,0.634,31,active,13222245982718,13222245982738,slot0_x6_y4,0,6,4,TILE,THROUGHPUT_SECTION,/hdd/flapmax/tt-metal/tt_metal/hw/firmware/src/tt-1xx/trisck.cc,73,tile_fused:explicit_throughput,1
0.634,1.298,31,stall,13222245982738,13222245983402,slot0_x6_y4,0,6,4,TILE,TRISC-KERNEL,/hdd/flapmax/tt-metal/tt_metal/hw/firmware/src/tt-1xx/trisck.cc,73,tile_fused:trisc_kernel_base,1
1.298,1.344,31,active,13222245983402,13222245983448,slot0_x6_y4,0,6,4,TILE,THROUGHPUT_SECTION,/hdd/flapmax/tt-metal/tt_metal/hw/firmware/src/tt-1xx/trisck.cc,73,tile_fused:explicit_throughput,1
1.344,1.398,31,stall,13222245983448,13222245983502,slot0_x6_y4,0,6,4,TILE,TRISC-KERNEL,/hdd/flapmax/tt-metal/tt_metal/hw/firmware/src/tt-1xx/trisck.cc,73,tile_fused:trisc_kernel_base,1
1.398,1.423,31,active,13222245983502,13222245983527,slot0_x6_y4,0,6,4,TILE,THROUGHPUT_SECTION,/hdd/flapmax/tt-metal/tt_metal/hw/firmware/src/tt-1xx/trisck.cc,73,tile_fused:explicit_throughput,1
1.423,1.52,31,stall,13222245983527,13222245983624,slot0_x6_y4,0,6,4,TILE,TRISC-KERNEL,/hdd/flapmax/tt-metal/tt_metal/hw/firmware/src/tt-1xx/trisck.cc,73,tile_fused:trisc_kernel_base,1
1.52,1.539,31,active,13222245983624,13222245983643,slot0_x6_y4,0,6,4,TILE,THROUGHPUT_SECTION,/hdd/flapmax/tt-metal/tt_metal/hw/firmware/src/tt-1xx/trisck.cc,73,tile_fused:explicit_throughput,1
1.539,2.236,31,stall,13222245983643,13222245984340,slot0_x6_y4,0,6,4,TILE,TRISC-KERNEL,/hdd/flapmax/tt-metal/tt_metal/hw/firmware/src/tt-1xx/trisck.cc,73,tile_fused:trisc_kernel_base,1
2.236,2.295,31,active,13222245984340,13222245984399,slot0_x6_y4,0,6,4,TILE,THROUGHPUT_SECTION,/hdd/flapmax/tt-metal/tt_metal/hw/firmware/src/tt-1xx/trisck.cc,73,tile_fused:explicit_throughput,1
2.295,2.349,31,stall,13222245984399,13222245984453,slot0_x6_y4,0,6,4,TILE,TRISC-KERNEL,/hdd/flapmax/tt-metal/tt_metal/hw/firmware/src/tt-1xx/trisck.cc,73,tile_fused:trisc_kernel_base,1
2.349,2.371,31,active,13222245984453,13222245984475,slot0_x6_y4,0,6,4,TILE,THROUGHPUT_SECTION,/hdd/flapmax/tt-metal/tt_metal/hw/firmware/src/tt-1xx/trisck.cc,73,tile_fused:explicit_throughput,1
2.371,2.47,31,stall,13222245984475,13222245984574,slot0_x6_y4,0,6,4,TILE,TRISC-KERNEL,/hdd/flapmax/tt-metal/tt_metal/hw/firmware/src/tt-1xx/trisck.cc,73,tile_fused:trisc_kernel_base,1
2.47,2.49,31,active,13222245984574,13222245984594,slot0_x6_y4,0,6,4,TILE,THROUGHPUT_SECTION,/hdd/flapmax/tt-metal/tt_metal/hw/firmware/src/tt-1xx/trisck.cc,73,tile_fused:explicit_throughput,1
2.49,3.306,31,stall,13222245984594,13222245985410,slot0_x6_y4,0,6,4,TILE,TRISC-KERNEL,/hdd/flapmax/tt-metal/tt_metal/hw/firmware/src/tt-1xx/trisck.cc,73,tile_fused:trisc_kernel_base,1
3.306,3.352,31,active,13222245985410,13222245985456,slot0_x6_y4,0,6,4,TILE,THROUGHPUT_SECTION,/hdd/flapmax/tt-metal/tt_metal/hw/firmware/src/tt-1xx/trisck.cc,73,tile_fused:explicit_throughput,1
3.352,3.414,31,stall,13222245985456,13222245985518,slot0_x6_y4,0,6,4,TILE,TRISC-KERNEL,/hdd/flapmax/tt-metal/tt_metal/hw/firmware/src/tt-1xx/trisck.cc,73,tile_fused:trisc_kernel_base,1
3.414,3.436,31,active,13222245985518,13222245985540,slot0_x6_y4,0,6,4,TILE,THROUGHPUT_SECTION,/hdd/flapmax/tt-metal/tt_metal/hw/firmware/src/tt-1xx/trisck.cc,73,tile_fused:explicit_throughput,1
3.436,3.534,31,stall,13222245985540,13222245985638,slot0_x6_y4,0,6,4,TILE,TRISC-KERNEL,/hdd/flapmax/tt-metal/tt_metal/hw/firmware/src/tt-1xx/trisck.cc,73,tile_fused:trisc_kernel_base,1
3.534,3.553,31,active,13222245985638,13222245985657,slot0_x6_y4,0,6,4,TILE,THROUGHPUT_SECTION,/hdd/flapmax/tt-metal/tt_metal/hw/firmware/src/tt-1xx/trisck.cc,73,tile_fused:explicit_throughput,1
3.553,4.316,31,stall,13222245985657,13222245986420,slot0_x6_y4,0,6,4,TILE,TRISC-KERNEL,/hdd/flapmax/tt-metal/tt_metal/hw/firmware/src/tt-1xx/trisck.cc,73,tile_fused:trisc_kernel_base,1
4.316,4.37,31,active,13222245986420,13222245986474,slot0_x6_y4,0,6,4,TILE,THROUGHPUT_SECTION,/hdd/flapmax/tt-metal/tt_metal/hw/firmware/src/tt-1xx/trisck.cc,73,tile_fused:explicit_throughput,1
4.37,4.424,31,stall,13222245986474,13222245986528,slot0_x6_y4,0,6,4,TILE,TRISC-KERNEL,/hdd/flapmax/tt-metal/tt_metal/hw/firmware/src/tt-1xx/trisck.cc,73,tile_fused:trisc_kernel_base,1
4.424,4.447,31,active,13222245986528,13222245986551,slot0_x6_y4,0,6,4,TILE,THROUGHPUT_SECTION,/hdd/flapmax/tt-metal/tt_metal/hw/firmware/src/tt-1xx/trisck.cc,73,tile_fused:explicit_throughput,1
4.447,4.545,31,stall,13222245986551,13222245986649,slot0_x6_y4,0,6,4,TILE,TRISC-KERNEL,/hdd/flapmax/tt-metal/tt_metal/hw/firmware/src/tt-1xx/trisck.cc,73,tile_fused:trisc_kernel_base,1
4.545,4.564,31,active,13222245986649,13222245986668,slot0_x6_y4,0,6,4,TILE,THROUGHPUT_SECTION,/hdd/flapmax/tt-metal/tt_metal/hw/firmware/src/tt-1xx/trisck.cc,73,tile_fused:explicit_throughput,1
4.564,12.583,31,stall,13222245986668,13222245994687,slot0_x6_y4,0,6,4,TILE,TRISC-KERNEL,/hdd/flapmax/tt-metal/tt_metal/hw/firmware/src/tt-1xx/trisck.cc,73,tile_fused:trisc_kernel_base,1
12.583,12.63,31,active,13222245994687,13222245994734,slot0_x6_y4,0,6,4,TILE,THROUGHPUT_SECTION,/hdd/flapmax/tt-metal/tt_metal/hw/firmware/src/tt-1xx/trisck.cc,73,tile_fused:explicit_throughput,1
12.63,12.683,31,stall,13222245994734,13222245994787,slot0_x6_y4,0,6,4,TILE,TRISC-KERNEL,/hdd/flapmax/tt-metal/tt_metal/hw/firmware/src/tt-1xx/trisck.cc,73,tile_fused:trisc_kernel_base,1
12.683,12.704,31,active,13222245994787,13222245994808,slot0_x6_y4,0,6,4,TILE,THROUGHPUT_SECTION,/hdd/flapmax/tt-metal/tt_metal/hw/firmware/src/tt-1xx/trisck.cc,73,tile_fused:explicit_throughput,1
12.704,12.804,31,stall,13222245994808,13222245994908,slot0_x6_y4,0,6,4,TILE,TRISC-KERNEL,/hdd/flapmax/tt-metal/tt_metal/hw/firmware/src/tt-1xx/trisck.cc,73,tile_fused:trisc_kernel_base,1
12.804,12.826,31,active,13222245994908,13222245994930,slot0_x6_y4,0,6,4,TILE,THROUGHPUT_SECTION,/hdd/flapmax/tt-metal/tt_metal/hw/firmware/src/tt-1xx/trisck.cc,73,tile_fused:explicit_throughput,1
12.826,20.164,31,stall,13222245994930,13222246002268,slot0_x6_y4,0,6,4,TILE,TRISC-KERNEL,/hdd/flapmax/tt-metal/tt_metal/hw/firmware/src/tt-1xx/trisck.cc,73,tile_fused:trisc_kernel_base,1
20.164,20.218,31,active,13222246002268,13222246002322,slot0_x6_y4,0,6,4,TILE,THROUGHPUT_SECTION,/hdd/flapmax/tt-metal/tt_metal/hw/firmware/src/tt-1xx/trisck.cc,73,tile_fused:explicit_throughput,1
20.218,20.27,31,stall,13222246002322,13222246002374,slot0_x6_y4,0,6,4,TILE,TRISC-KERNEL,/hdd/flapmax/tt-metal/tt_metal/hw/firmware/src/tt-1xx/trisck.cc,73,tile_fused:trisc_kernel_base,1
20.27,20.293,31,active,13222246002374,13222246002397,slot0_x6_y4,0,6,4,TILE,THROUGHPUT_SECTION,/hdd/flapmax/tt-metal/tt_metal/hw/firmware/src/tt-1xx/trisck.cc,73,tile_fused:explicit_throughput,1
20.293,20.391,31,stall,13222246002397,13222246002495,slot0_x6_y4,0,6,4,TILE,TRISC-KERNEL,/hdd/flapmax/tt-metal/tt_metal/hw/firmware/src/tt-1xx/trisck.cc,73,tile_fused:trisc_kernel_base,1
20.391,20.41,31,active,13222246002495,13222246002514,slot0_x6_y4,0,6,4,TILE,THROUGHPUT_SECTION,/hdd/flapmax/tt-metal/tt_metal/hw/firmware/src/tt-1xx/trisck.cc,73,tile_fused:explicit_throughput,1
20.41,21.074,31,stall,13222246002514,13222246003178,slot0_x6_y4,0,6,4,TILE,TRISC-KERNEL,/hdd/flapmax/tt-metal/tt_metal/hw/firmware/src/tt-1xx/trisck.cc,73,tile_fused:trisc_kernel_base,1
21.074,21.122,31,active,13222246003178,13222246003226,slot0_x6_y4,0,6,4,TILE,THROUGHPUT_SECTION,/hdd/flapmax/tt-metal/tt_metal/hw/firmware/src/tt-1xx/trisck.cc,73,tile_fused:explicit_throughput,1
21.122,21.182,31,stall,13222246003226,13222246003286,slot0_x6_y4,0,6,4,TILE,TRISC-KERNEL,/hdd/flapmax/tt-metal/tt_metal/hw/firmware/src/tt-1xx/trisck.cc,73,tile_fused:trisc_kernel_base,1
21.182,21.203,31,active,13222246003286,13222246003307,slot0_x6_y4,0,6,4,TILE,THROUGHPUT_SECTION,/hdd/flapmax/tt-metal/tt_metal/hw/firmware/src/tt-1xx/trisck.cc,73,tile_fused:explicit_throughput,1
21.203,21.302,31,stall,13222246003307,13222246003406,slot0_x6_y4,0,6,4,TILE,TRISC-KERNEL,/hdd/flapmax/tt-metal/tt_metal/hw/firmware/src/tt-1xx/trisck.cc,73,tile_fused:trisc_kernel_base,1
21.302,21.321,31,active,13222246003406,13222246003425,slot0_x6_y4,0,6,4,TILE,THROUGHPUT_SECTION,/hdd/flapmax/tt-metal/tt_metal/hw/firmware/src/tt-1xx/trisck.cc,73,tile_fused:explicit_throughput,1
21.321,21.986,31,stall,13222246003425,13222246004090,slot0_x6_y4,0,6,4,TILE,TRISC-KERNEL,/hdd/flapmax/tt-metal/tt_metal/hw/firmware/src/tt-1xx/trisck.cc,73,tile_fused:trisc_kernel_base,1
21.986,22.04,31,active,13222246004090,13222246004144,slot0_x6_y4,0,6,4,TILE,THROUGHPUT_SECTION,/hdd/flapmax/tt-metal/tt_metal/hw/firmware/src/tt-1xx/trisck.cc,73,tile_fused:explicit_throughput,1
22.04,22.092,31,stall,13222246004144,13222246004196,slot0_x6_y4,0,6,4,TILE,TRISC-KERNEL,/hdd/flapmax/tt-metal/tt_metal/hw/firmware/src/tt-1xx/trisck.cc,73,tile_fused:trisc_kernel_base,1
22.092,22.114,31,active,13222246004196,13222246004218,slot0_x6_y4,0,6,4,TILE,THROUGHPUT_SECTION,/hdd/flapmax/tt-metal/tt_metal/hw/firmware/src/tt-1xx/trisck.cc,73,tile_fused:explicit_throughput,1
22.114,22.213,31,stall,13222246004218,13222246004317,slot0_x6_y4,0,6,4,TILE,TRISC-KERNEL,/hdd/flapmax/tt-metal/tt_metal/hw/firmware/src/tt-1xx/trisck.cc,73,tile_fused:trisc_kernel_base,1
22.213,22.233,31,active,13222246004317,13222246004337,slot0_x6_y4,0,6,4,TILE,THROUGHPUT_SECTION,/hdd/flapmax/tt-metal/tt_metal/hw/firmware/src/tt-1xx/trisck.cc,73,tile_fused:explicit_throughput,1
22.233,22.624,31,stall,13222246004337,13222246004728,slot0_x6_y4,0,6,4,TILE,TRISC-KERNEL,/hdd/flapmax/tt-metal/tt_metal/hw/firmware/src/tt-1xx/trisck.cc,73,tile_fused:trisc_kernel_base,1
22.624,22.671,31,active,13222246004728,13222246004775,slot0_x6_y4,0,6,4,TILE,THROUGHPUT_SECTION,/hdd/flapmax/tt-metal/tt_metal/hw/firmware/src/tt-1xx/trisck.cc,73,tile_fused:explicit_throughput,1
22.671,22.724,31,stall,13222246004775,13222246004828,slot0_x6_y4,0,6,4,TILE,TRISC-KERNEL,/hdd/flapmax/tt-metal/tt_metal/hw/firmware/src/tt-1xx/trisck.cc,73,tile_fused:trisc_kernel_base,1
22.724,22.745,31,active,13222246004828,13222246004849,slot0_x6_y4,0,6,4,TILE,THROUGHPUT_SECTION,/hdd/flapmax/tt-metal/tt_metal/hw/firmware/src/tt-1xx/trisck.cc,73,tile_fused:explicit_throughput,1
22.745,22.845,31,stall,13222246004849,13222246004949,slot0_x6_y4,0,6,4,TILE,TRISC-KERNEL,/hdd/flapmax/tt-metal/tt_metal/hw/firmware/src/tt-1xx/trisck.cc,73,tile_fused:trisc_kernel_base,1
22.845,22.864,31,active,13222246004949,13222246004968,slot0_x6_y4,0,6,4,TILE,THROUGHPUT_SECTION,/hdd/flapmax/tt-metal/tt_metal/hw/firmware/src/tt-1xx/trisck.cc,73,tile_fused:explicit_throughput,1
22.864,23.257,31,stall,13222246004968,13222246005361,slot0_x6_y4,0,6,4,TILE,TRISC-KERNEL,/hdd/flapmax/tt-metal/tt_metal/hw/firmware/src/tt-1xx/trisck.cc,73,tile_fused:trisc_kernel_base,1
23.257,23.311,31,active,13222246005361,13222246005415,slot0_x6_y4,0,6,4,TILE,THROUGHPUT_SECTION,/hdd/flapmax/tt-metal/tt_metal/hw/firmware/src/tt-1xx/trisck.cc,73,tile_fused:explicit_throughput,1
23.311,24.175,31,stall,13222246005415,13222246006279,slot0_x6_y4,0,6,4,TILE,TRISC-KERNEL,/hdd/flapmax/tt-metal/tt_metal/hw/firmware/src/tt-1xx/trisck.cc,73,tile_fused:trisc_kernel_base,1
24.175,24.222,31,active,13222246006279,13222246006326,slot0_x6_y4,0,6,4,TILE,THROUGHPUT_SECTION,/hdd/flapmax/tt-metal/tt_metal/hw/firmware/src/tt-1xx/trisck.cc,73,tile_fused:explicit_throughput,1
24.222,24.94,31,stall,13222246006326,13222246007044,slot0_x6_y4,0,6,4,TILE,TRISC-KERNEL,/hdd/flapmax/tt-metal/tt_metal/hw/firmware/src/tt-1xx/trisck.cc,73,tile_fused:trisc_kernel_base,1
0.09,0.272,32,stall,13222245982194,13222245982376,slot0_x6_y5,0,6,5,TILE,TRISC-KERNEL,/hdd/flapmax/tt-metal/tt_metal/hw/firmware/src/tt-1xx/trisck.cc,73,tile_fused:trisc_kernel_base,1
0.272,0.293,32,active,13222245982376,13222245982397,slot0_x6_y5,0,6,5,TILE,THROUGHPUT_SECTION,/hdd/flapmax/tt-metal/tt_metal/hw/firmware/src/tt-1xx/trisck.cc,73,tile_fused:explicit_throughput,1
0.293,0.331,32,stall,13222245982397,13222245982435,slot0_x6_y5,0,6,5,TILE,TRISC-KERNEL,/hdd/flapmax/tt-metal/tt_metal/hw/firmware/src/tt-1xx/trisck.cc,73,tile_fused:trisc_kernel_base,1
0.331,0.352,32,active,13222245982435,13222245982456,slot0_x6_y5,0,6,5,TILE,THROUGHPUT_SECTION,/hdd/flapmax/tt-metal/tt_metal/hw/firmware/src/tt-1xx/trisck.cc,73,tile_fused:explicit_throughput,1
0.352,0.542,32,stall,13222245982456,13222245982646,slot0_x6_y5,0,6,5,TILE,TRISC-KERNEL,/hdd/flapmax/tt-metal/tt_metal/hw/firmware/src/tt-1xx/trisck.cc,73,tile_fused:trisc_kernel_base,1
0.542,0.561,32,active,13222245982646,13222245982665,slot0_x6_y5,0,6,5,TILE,THROUGHPUT_SECTION,/hdd/flapmax/tt-metal/tt_metal/hw/firmware/src/tt-1xx/trisck.cc,73,tile_fused:explicit_throughput,1
0.561,0.672,32,stall,13222245982665,13222245982776,slot0_x6_y5,0,6,5,TILE,TRISC-KERNEL,/hdd/flapmax/tt-metal/tt_metal/hw/firmware/src/tt-1xx/trisck.cc,73,tile_fused:trisc_kernel_base,1
0.672,0.691,32,active,13222245982776,13222245982795,slot0_x6_y5,0,6,5,TILE,THROUGHPUT_SECTION,/hdd/flapmax/tt-metal/tt_metal/hw/firmware/src/tt-1xx/trisck.cc,73,tile_fused:explicit_throughput,1
0.691,7.182,32,stall,13222245982795,13222245989286,slot0_x6_y5,0,6,5,TILE,TRISC-KERNEL,/hdd/flapmax/tt-metal/tt_metal/hw/firmware/src/tt-1xx/trisck.cc,73,tile_fused:trisc_kernel_base,1
7.182,7.228,32,active,13222245989286,13222245989332,slot0_x6_y5,0,6,5,TILE,THROUGHPUT_SECTION,/hdd/flapmax/tt-metal/tt_metal/hw/firmware/src/tt-1xx/trisck.cc,73,tile_fused:explicit_throughput,1
7.228,7.282,32,stall,13222245989332,13222245989386,slot0_x6_y5,0,6,5,TILE,TRISC-KERNEL,/hdd/flapmax/tt-metal/tt_metal/hw/firmware/src/tt-1xx/trisck.cc,73,tile_fused:trisc_kernel_base,1
7.282,7.307,32,active,13222245989386,13222245989411,slot0_x6_y5,0,6,5,TILE,THROUGHPUT_SECTION,/hdd/flapmax/tt-metal/tt_metal/hw/firmware/src/tt-1xx/trisck.cc,73,tile_fused:explicit_throughput,1
7.307,7.404,32,stall,13222245989411,13222245989508,slot0_x6_y5,0,6,5,TILE,TRISC-KERNEL,/hdd/flapmax/tt-metal/tt_metal/hw/firmware/src/tt-1xx/trisck.cc,73,tile_fused:trisc_kernel_base,1
7.404,7.423,32,active,13222245989508,13222245989527,slot0_x6_y5,0,6,5,TILE,THROUGHPUT_SECTION,/hdd/flapmax/tt-metal/tt_metal/hw/firmware/src/tt-1xx/trisck.cc,73,tile_fused:explicit_throughput,1
7.423,15.419,32,stall,13222245989527,13222245997523,slot0_x6_y5,0,6,5,TILE,TRISC-KERNEL,/hdd/flapmax/tt-metal/tt_metal/hw/firmware/src/tt-1xx/trisck.cc,73,tile_fused:trisc_kernel_base,1
15.419,15.479,32,active,13222245997523,13222245997583,slot0_x6_y5,0,6,5,TILE,THROUGHPUT_SECTION,/hdd/flapmax/tt-metal/tt_metal/hw/firmware/src/tt-1xx/trisck.cc,73,tile_fused:explicit_throughput,1
15.479,15.533,32,stall,13222245997583,13222245997637,slot0_x6_y5,0,6,5,TILE,TRISC-KERNEL,/hdd/flapmax/tt-metal/tt_metal/hw/firmware/src/tt-1xx/trisck.cc,73,tile_fused:trisc_kernel_base,1
15.533,15.555,32,active,13222245997637,13222245997659,slot0_x6_y5,0,6,5,TILE,THROUGHPUT_SECTION,/hdd/flapmax/tt-metal/tt_metal/hw/firmware/src/tt-1xx/trisck.cc,73,tile_fused:explicit_throughput,1
15.555,15.655,32,stall,13222245997659,13222245997759,slot0_x6_y5,0,6,5,TILE,TRISC-KERNEL,/hdd/flapmax/tt-metal/tt_metal/hw/firmware/src/tt-1xx/trisck.cc,73,tile_fused:trisc_kernel_base,1
15.655,15.675,32,active,13222245997759,13222245997779,slot0_x6_y5,0,6,5,TILE,THROUGHPUT_SECTION,/hdd/flapmax/tt-metal/tt_metal/hw/firmware/src/tt-1xx/trisck.cc,73,tile_fused:explicit_throughput,1
15.675,15.934,32,stall,13222245997779,13222245998038,slot0_x6_y5,0,6,5,TILE,TRISC-KERNEL,/hdd/flapmax/tt-metal/tt_metal/hw/firmware/src/tt-1xx/trisck.cc,73,tile_fused:trisc_kernel_base,1
15.934,15.981,32,active,13222245998038,13222245998085,slot0_x6_y5,0,6,5,TILE,THROUGHPUT_SECTION,/hdd/flapmax/tt-metal/tt_metal/hw/firmware/src/tt-1xx/trisck.cc,73,tile_fused:explicit_throughput,1
15.981,16.043,32,stall,13222245998085,13222245998147,slot0_x6_y5,0,6,5,TILE,TRISC-KERNEL,/hdd/flapmax/tt-metal/tt_metal/hw/firmware/src/tt-1xx/trisck.cc,73,tile_fused:trisc_kernel_base,1
16.043,16.065,32,active,13222245998147,13222245998169,slot0_x6_y5,0,6,5,TILE,THROUGHPUT_SECTION,/hdd/flapmax/tt-metal/tt_metal/hw/firmware/src/tt-1xx/trisck.cc,73,tile_fused:explicit_throughput,1
16.065,16.163,32,stall,13222245998169,13222245998267,slot0_x6_y5,0,6,5,TILE,TRISC-KERNEL,/hdd/flapmax/tt-metal/tt_metal/hw/firmware/src/tt-1xx/trisck.cc,73,tile_fused:trisc_kernel_base,1
16.163,16.183,32,active,13222245998267,13222245998287,slot0_x6_y5,0,6,5,TILE,THROUGHPUT_SECTION,/hdd/flapmax/tt-metal/tt_metal/hw/firmware/src/tt-1xx/trisck.cc,73,tile_fused:explicit_throughput,1
16.183,17.19,32,stall,13222245998287,13222245999294,slot0_x6_y5,0,6,5,TILE,TRISC-KERNEL,/hdd/flapmax/tt-metal/tt_metal/hw/firmware/src/tt-1xx/trisck.cc,73,tile_fused:trisc_kernel_base,1
17.19,17.244,32,active,13222245999294,13222245999348,slot0_x6_y5,0,6,5,TILE,THROUGHPUT_SECTION,/hdd/flapmax/tt-metal/tt_metal/hw/firmware/src/tt-1xx/trisck.cc,73,tile_fused:explicit_throughput,1
17.244,17.299,32,stall,13222245999348,13222245999403,slot0_x6_y5,0,6,5,TILE,TRISC-KERNEL,/hdd/flapmax/tt-metal/tt_metal/hw/firmware/src/tt-1xx/trisck.cc,73,tile_fused:trisc_kernel_base,1
17.299,17.321,32,active,13222245999403,13222245999425,slot0_x6_y5,0,6,5,TILE,THROUGHPUT_SECTION,/hdd/flapmax/tt-metal/tt_metal/hw/firmware/src/tt-1xx/trisck.cc,73,tile_fused:explicit_throughput,1
17.321,17.419,32,stall,13222245999425,13222245999523,slot0_x6_y5,0,6,5,TILE,TRISC-KERNEL,/hdd/flapmax/tt-metal/tt_metal/hw/firmware/src/tt-1xx/trisck.cc,73,tile_fused:trisc_kernel_base,1
17.419,17.438,32,active,13222245999523,13222245999542,slot0_x6_y5,0,6,5,TILE,THROUGHPUT_SECTION,/hdd/flapmax/tt-metal/tt_metal/hw/firmware/src/tt-1xx/trisck.cc,73,tile_fused:explicit_throughput,1
17.438,18.202,32,stall,13222245999542,13222246000306,slot0_x6_y5,0,6,5,TILE,TRISC-KERNEL,/hdd/flapmax/tt-metal/tt_metal/hw/firmware/src/tt-1xx/trisck.cc,73,tile_fused:trisc_kernel_base,1
18.202,18.249,32,active,13222246000306,13222246000353,slot0_x6_y5,0,6,5,TILE,THROUGHPUT_SECTION,/hdd/flapmax/tt-metal/tt_metal/hw/firmware/src/tt-1xx/trisck.cc,73,tile_fused:explicit_throughput,1
18.249,18.302,32,stall,13222246000353,13222246000406,slot0_x6_y5,0,6,5,TILE,TRISC-KERNEL,/hdd/flapmax/tt-metal/tt_metal/hw/firmware/src/tt-1xx/trisck.cc,73,tile_fused:trisc_kernel_base,1
18.302,18.323,32,active,13222246000406,13222246000427,slot0_x6_y5,0,6,5,TILE,THROUGHPUT_SECTION,/hdd/flapmax/tt-metal/tt_metal/hw/firmware/src/tt-1xx/trisck.cc,73,tile_fused:explicit_throughput,1
18.323,18.423,32,stall,13222246000427,13222246000527,slot0_x6_y5,0,6,5,TILE,TRISC-KERNEL,/hdd/flapmax/tt-metal/tt_metal/hw/firmware/src/tt-1xx/trisck.cc,73,tile_fused:trisc_kernel_base,1
18.423,18.443,32,active,13222246000527,13222246000547,slot0_x6_y5,0,6,5,TILE,THROUGHPUT_SECTION,/hdd/flapmax/tt-metal/tt_metal/hw/firmware/src/tt-1xx/trisck.cc,73,tile_fused:explicit_throughput,1
18.443,19.099,32,stall,13222246000547,13222246001203,slot0_x6_y5,0,6,5,TILE,TRISC-KERNEL,/hdd/flapmax/tt-metal/tt_metal/hw/firmware/src/tt-1xx/trisck.cc,73,tile_fused:trisc_kernel_base,1
19.099,19.153,32,active,13222246001203,13222246001257,slot0_x6_y5,0,6,5,TILE,THROUGHPUT_SECTION,/hdd/flapmax/tt-metal/tt_metal/hw/firmware/src/tt-1xx/trisck.cc,73,tile_fused:explicit_throughput,1
19.153,19.205,32,stall,13222246001257,13222246001309,slot0_x6_y5,0,6,5,TILE,TRISC-KERNEL,/hdd/flapmax/tt-metal/tt_metal/hw/firmware/src/tt-1xx/trisck.cc,73,tile_fused:trisc_kernel_base,1
19.205,19.227,32,active,13222246001309,13222246001331,slot0_x6_y5,0,6,5,TILE,THROUGHPUT_SECTION,/hdd/flapmax/tt-metal/tt_metal/hw/firmware/src/tt-1xx/trisck.cc,73,tile_fused:explicit_throughput,1
19.227,19.327,32,stall,13222246001331,13222246001431,slot0_x6_y5,0,6,5,TILE,TRISC-KERNEL,/hdd/flapmax/tt-metal/tt_metal/hw/firmware/src/tt-1xx/trisck.cc,73,tile_fused:trisc_kernel_base,1
19.327,19.347,32,active,13222246001431,13222246001451,slot0_x6_y5,0,6,5,TILE,THROUGHPUT_SECTION,/hdd/flapmax/tt-metal/tt_metal/hw/firmware/src/tt-1xx/trisck.cc,73,tile_fused:explicit_throughput,1
19.347,19.893,32,stall,13222246001451,13222246001997,slot0_x6_y5,0,6,5,TILE,TRISC-KERNEL,/hdd/flapmax/tt-metal/tt_metal/hw/firmware/src/tt-1xx/trisck.cc,73,tile_fused:trisc_kernel_base,1
19.893,19.94,32,active,13222246001997,13222246002044,slot0_x6_y5,0,6,5,TILE,THROUGHPUT_SECTION,/hdd/flapmax/tt-metal/tt_metal/hw/firmware/src/tt-1xx/trisck.cc,73,tile_fused:explicit_throughput,1
19.94,20.0,32,stall,13222246002044,13222246002104,slot0_x6_y5,0,6,5,TILE,TRISC-KERNEL,/hdd/flapmax/tt-metal/tt_metal/hw/firmware/src/tt-1xx/trisck.cc,73,tile_fused:trisc_kernel_base,1
20.0,20.022,32,active,13222246002104,13222246002126,slot0_x6_y5,0,6,5,TILE,THROUGHPUT_SECTION,/hdd/flapmax/tt-metal/tt_metal/hw/firmware/src/tt-1xx/trisck.cc,73,tile_fused:explicit_throughput,1
20.022,20.12,32,stall,13222246002126,13222246002224,slot0_x6_y5,0,6,5,TILE,TRISC-KERNEL,/hdd/flapmax/tt-metal/tt_metal/hw/firmware/src/tt-1xx/trisck.cc,73,tile_fused:trisc_kernel_base,1
20.12,20.139,32,active,13222246002224,13222246002243,slot0_x6_y5,0,6,5,TILE,THROUGHPUT_SECTION,/hdd/flapmax/tt-metal/tt_metal/hw/firmware/src/tt-1xx/trisck.cc,73,tile_fused:explicit_throughput,1
20.139,20.523,32,stall,13222246002243,13222246002627,slot0_x6_y5,0,6,5,TILE,TRISC-KERNEL,/hdd/flapmax/tt-metal/tt_metal/hw/firmware/src/tt-1xx/trisck.cc,73,tile_fused:trisc_kernel_base,1
20.523,20.577,32,active,13222246002627,13222246002681,slot0_x6_y5,0,6,5,TILE,THROUGHPUT_SECTION,/hdd/flapmax/tt-metal/tt_metal/hw/firmware/src/tt-1xx/trisck.cc,73,tile_fused:explicit_throughput,1
20.577,20.629,32,stall,13222246002681,13222246002733,slot0_x6_y5,0,6,5,TILE,TRISC-KERNEL,/hdd/flapmax/tt-metal/tt_metal/hw/firmware/src/tt-1xx/trisck.cc,73,tile_fused:trisc_kernel_base,1
20.629,20.652,32,active,13222246002733,13222246002756,slot0_x6_y5,0,6,5,TILE,THROUGHPUT_SECTION,/hdd/flapmax/tt-metal/tt_metal/hw/firmware/src/tt-1xx/trisck.cc,73,tile_fused:explicit_throughput,1
20.652,20.75,32,stall,13222246002756,13222246002854,slot0_x6_y5,0,6,5,TILE,TRISC-KERNEL,/hdd/flapmax/tt-metal/tt_metal/hw/firmware/src/tt-1xx/trisck.cc,73,tile_fused:trisc_kernel_base,1
20.75,20.77,32,active,13222246002854,13222246002874,slot0_x6_y5,0,6,5,TILE,THROUGHPUT_SECTION,/hdd/flapmax/tt-metal/tt_metal/hw/firmware/src/tt-1xx/trisck.cc,73,tile_fused:explicit_throughput,1
20.77,21.297,32,stall,13222246002874,13222246003401,slot0_x6_y5,0,6,5,TILE,TRISC-KERNEL,/hdd/flapmax/tt-metal/tt_metal/hw/firmware/src/tt-1xx/trisck.cc,73,tile_fused:trisc_kernel_base,1
21.297,21.344,32,active,13222246003401,13222246003448,slot0_x6_y5,0,6,5,TILE,THROUGHPUT_SECTION,/hdd/flapmax/tt-metal/tt_metal/hw/firmware/src/tt-1xx/trisck.cc,73,tile_fused:explicit_throughput,1
21.344,21.397,32,stall,13222246003448,13222246003501,slot0_x6_y5,0,6,5,TILE,TRISC-KERNEL,/hdd/flapmax/tt-metal/tt_metal/hw/firmware/src/tt-1xx/trisck.cc,73,tile_fused:trisc_kernel_base,1
21.397,21.418,32,active,13222246003501,13222246003522,slot0_x6_y5,0,6,5,TILE,THROUGHPUT_SECTION,/hdd/flapmax/tt-metal/tt_metal/hw/firmware/src/tt-1xx/trisck.cc,73,tile_fused:explicit_throughput,1
21.418,21.519,32,stall,13222246003522,13222246003623,slot0_x6_y5,0,6,5,TILE,TRISC-KERNEL,/hdd/flapmax/tt-metal/tt_metal/hw/firmware/src/tt-1xx/trisck.cc,73,tile_fused:trisc_kernel_base,1
21.519,21.539,32,active,13222246003623,13222246003643,slot0_x6_y5,0,6,5,TILE,THROUGHPUT_SECTION,/hdd/flapmax/tt-metal/tt_metal/hw/firmware/src/tt-1xx/trisck.cc,73,tile_fused:explicit_throughput,1
21.539,22.198,32,stall,13222246003643,13222246004302,slot0_x6_y5,0,6,5,TILE,TRISC-KERNEL,/hdd/flapmax/tt-metal/tt_metal/hw/firmware/src/tt-1xx/trisck.cc,73,tile_fused:trisc_kernel_base,1
22.198,22.252,32,active,13222246004302,13222246004356,slot0_x6_y5,0,6,5,TILE,THROUGHPUT_SECTION,/hdd/flapmax/tt-metal/tt_metal/hw/firmware/src/tt-1xx/trisck.cc,73,tile_fused:explicit_throughput,1
22.252,22.77,32,stall,13222246004356,13222246004874,slot0_x6_y5,0,6,5,TILE,TRISC-KERNEL,/hdd/flapmax/tt-metal/tt_metal/hw/firmware/src/tt-1xx/trisck.cc,73,tile_fused:trisc_kernel_base,1
22.77,22.817,32,active,13222246004874,13222246004921,slot0_x6_y5,0,6,5,TILE,THROUGHPUT_SECTION,/hdd/flapmax/tt-metal/tt_metal/hw/firmware/src/tt-1xx/trisck.cc,73,tile_fused:explicit_throughput,1
22.817,23.822,32,stall,13222246004921,13222246005926,slot0_x6_y5,0,6,5,TILE,TRISC-KERNEL,/hdd/flapmax/tt-metal/tt_metal/hw/firmware/src/tt-1xx/trisck.cc,73,tile_fused:trisc_kernel_base,1
0.082,0.265,33,stall,13222245982186,13222245982369,slot0_x6_y7,0,6,7,TILE,TRISC-KERNEL,/hdd/flapmax/tt-metal/tt_metal/hw/firmware/src/tt-1xx/trisck.cc,73,tile_fused:trisc_kernel_base,1
0.265,0.286,33,active,13222245982369,13222245982390,slot0_x6_y7,0,6,7,TILE,THROUGHPUT_SECTION,/hdd/flapmax/tt-metal/tt_metal/hw/firmware/src/tt-1xx/trisck.cc,73,tile_fused:explicit_throughput,1
0.286,0.324,33,stall,13222245982390,13222245982428,slot0_x6_y7,0,6,7,TILE,TRISC-KERNEL,/hdd/flapmax/tt-metal/tt_metal/hw/firmware/src/tt-1xx/trisck.cc,73,tile_fused:trisc_kernel_base,1
0.324,0.346,33,active,13222245982428,13222245982450,slot0_x6_y7,0,6,7,TILE,THROUGHPUT_SECTION,/hdd/flapmax/tt-metal/tt_metal/hw/firmware/src/tt-1xx/trisck.cc,73,tile_fused:explicit_throughput,1
0.346,0.533,33,stall,13222245982450,13222245982637,slot0_x6_y7,0,6,7,TILE,TRISC-KERNEL,/hdd/flapmax/tt-metal/tt_metal/hw/firmware/src/tt-1xx/trisck.cc,73,tile_fused:trisc_kernel_base,1
0.533,0.552,33,active,13222245982637,13222245982656,slot0_x6_y7,0,6,7,TILE,THROUGHPUT_SECTION,/hdd/flapmax/tt-metal/tt_metal/hw/firmware/src/tt-1xx/trisck.cc,73,tile_fused:explicit_throughput,1
0.552,0.663,33,stall,13222245982656,13222245982767,slot0_x6_y7,0,6,7,TILE,TRISC-KERNEL,/hdd/flapmax/tt-metal/tt_metal/hw/firmware/src/tt-1xx/trisck.cc,73,tile_fused:trisc_kernel_base,1
0.663,0.682,33,active,13222245982767,13222245982786,slot0_x6_y7,0,6,7,TILE,THROUGHPUT_SECTION,/hdd/flapmax/tt-metal/tt_metal/hw/firmware/src/tt-1xx/trisck.cc,73,tile_fused:explicit_throughput,1
0.682,1.303,33,stall,13222245982786,13222245983407,slot0_x6_y7,0,6,7,TILE,TRISC-KERNEL,/hdd/flapmax/tt-metal/tt_metal/hw/firmware/src/tt-1xx/trisck.cc,73,tile_fused:trisc_kernel_base,1
1.303,1.349,33,active,13222245983407,13222245983453,slot0_x6_y7,0,6,7,TILE,THROUGHPUT_SECTION,/hdd/flapmax/tt-metal/tt_metal/hw/firmware/src/tt-1xx/trisck.cc,73,tile_fused:explicit_throughput,1
1.349,1.403,33,stall,13222245983453,13222245983507,slot0_x6_y7,0,6,7,TILE,TRISC-KERNEL,/hdd/flapmax/tt-metal/tt_metal/hw/firmware/src/tt-1xx/trisck.cc,73,tile_fused:trisc_kernel_base,1
1.403,1.427,33,active,13222245983507,13222245983531,slot0_x6_y7,0,6,7,TILE,THROUGHPUT_SECTION,/hdd/flapmax/tt-metal/tt_metal/hw/firmware/src/tt-1xx/trisck.cc,73,tile_fused:explicit_throughput,1
1.427,1.525,33,stall,13222245983531,13222245983629,slot0_x6_y7,0,6,7,TILE,TRISC-KERNEL,/hdd/flapmax/tt-metal/tt_metal/hw/firmware/src/tt-1xx/trisck.cc,73,tile_fused:trisc_kernel_base,1
1.525,1.544,33,active,13222245983629,13222245983648,slot0_x6_y7,0,6,7,TILE,THROUGHPUT_SECTION,/hdd/flapmax/tt-metal/tt_metal/hw/firmware/src/tt-1xx/trisck.cc,73,tile_fused:explicit_throughput,1
1.544,2.015,33,stall,13222245983648,13222245984119,slot0_x6_y7,0,6,7,TILE,TRISC-KERNEL,/hdd/flapmax/tt-metal/tt_metal/hw/firmware/src/tt-1xx/trisck.cc,73,tile_fused:trisc_kernel_base,1
2.015,2.074,33,active,13222245984119,13222245984178,slot0_x6_y7,0,6,7,TILE,THROUGHPUT_SECTION,/hdd/flapmax/tt-metal/tt_metal/hw/firmware/src/tt-1xx/trisck.cc,73,tile_fused:explicit_throughput,1
2.074,2.128,33,stall,13222245984178,13222245984232,slot0_x6_y7,0,6,7,TILE,TRISC-KERNEL,/hdd/flapmax/tt-metal/tt_metal/hw/firmware/src/tt-1xx/trisck.cc,73,tile_fused:trisc_kernel_base,1
2.128,2.15,33,active,13222245984232,13222245984254,slot0_x6_y7,0,6,7,TILE,THROUGHPUT_SECTION,/hdd/flapmax/tt-metal/tt_metal/hw/firmware/src/tt-1xx/trisck.cc,73,tile_fused:explicit_throughput,1
2.15,2.25,33,stall,13222245984254,13222245984354,slot0_x6_y7,0,6,7,TILE,TRISC-KERNEL,/hdd/flapmax/tt-metal/tt_metal/hw/firmware/src/tt-1xx/trisck.cc,73,tile_fused:trisc_kernel_base,1
2.25,2.27,33,active,13222245984354,13222245984374,slot0_x6_y7,0,6,7,TILE,THROUGHPUT_SECTION,/hdd/flapmax/tt-metal/tt_metal/hw/firmware/src/tt-1xx/trisck.cc,73,tile_fused:explicit_throughput,1
2.27,3.225,33,stall,13222245984374,13222245985329,slot0_x6_y7,0,6,7,TILE,TRISC-KERNEL,/hdd/flapmax/tt-metal/tt_metal/hw/firmware/src/tt-1xx/trisck.cc,73,tile_fused:trisc_kernel_base,1
3.225,3.272,33,active,13222245985329,13222245985376,slot0_x6_y7,0,6,7,TILE,THROUGHPUT_SECTION,/hdd/flapmax/tt-metal/tt_metal/hw/firmware/src/tt-1xx/trisck.cc,73,tile_fused:explicit_throughput,1
3.272,3.334,33,stall,13222245985376,13222245985438,slot0_x6_y7,0,6,7,TILE,TRISC-KERNEL,/hdd/flapmax/tt-metal/tt_metal/hw/firmware/src/tt-1xx/trisck.cc,73,tile_fused:trisc_kernel_base,1
3.334,3.356,33,active,13222245985438,13222245985460,slot0_x6_y7,0,6,7,TILE,THROUGHPUT_SECTION,/hdd/flapmax/tt-metal/tt_metal/hw/firmware/src/tt-1xx/trisck.cc,73,tile_fused:explicit_throughput,1
3.356,3.454,33,stall,13222245985460,13222245985558,slot0_x6_y7,0,6,7,TILE,TRISC-KERNEL,/hdd/flapmax/tt-metal/tt_metal/hw/firmware/src/tt-1xx/trisck.cc,73,tile_fused:trisc_kernel_base,1
3.454,3.473,33,active,13222245985558,13222245985577,slot0_x6_y7,0,6,7,TILE,THROUGHPUT_SECTION,/hdd/flapmax/tt-metal/tt_metal/hw/firmware/src/tt-1xx/trisck.cc,73,tile_fused:explicit_throughput,1
3.473,3.853,33,stall,13222245985577,13222245985957,slot0_x6_y7,0,6,7,TILE,TRISC-KERNEL,/hdd/flapmax/tt-metal/tt_metal/hw/firmware/src/tt-1xx/trisck.cc,73,tile_fused:trisc_kernel_base,1
3.853,3.907,33,active,13222245985957,13222245986011,slot0_x6_y7,0,6,7,TILE,THROUGHPUT_SECTION,/hdd/flapmax/tt-metal/tt_metal/hw/firmware/src/tt-1xx/trisck.cc,73,tile_fused:explicit_throughput,1
3.907,3.962,33,stall,13222245986011,13222245986066,slot0_x6_y7,0,6,7,TILE,TRISC-KERNEL,/hdd/flapmax/tt-metal/tt_metal/hw/firmware/src/tt-1xx/trisck.cc,73,tile_fused:trisc_kernel_base,1
3.962,3.984,33,active,13222245986066,13222245986088,slot0_x6_y7,0,6,7,TILE,THROUGHPUT_SECTION,/hdd/flapmax/tt-metal/tt_metal/hw/firmware/src/tt-1xx/trisck.cc,73,tile_fused:explicit_throughput,1
3.984,4.082,33,stall,13222245986088,13222245986186,slot0_x6_y7,0,6,7,TILE,TRISC-KERNEL,/hdd/flapmax/tt-metal/tt_metal/hw/firmware/src/tt-1xx/trisck.cc,73,tile_fused:trisc_kernel_base,1
4.082,4.102,33,active,13222245986186,13222245986206,slot0_x6_y7,0,6,7,TILE,THROUGHPUT_SECTION,/hdd/flapmax/tt-metal/tt_metal/hw/firmware/src/tt-1xx/trisck.cc,73,tile_fused:explicit_throughput,1
4.102,5.123,33,stall,13222245986206,13222245987227,slot0_x6_y7,0,6,7,TILE,TRISC-KERNEL,/hdd/flapmax/tt-metal/tt_metal/hw/firmware/src/tt-1xx/trisck.cc,73,tile_fused:trisc_kernel_base,1
5.123,5.17,33,active,13222245987227,13222245987274,slot0_x6_y7,0,6,7,TILE,THROUGHPUT_SECTION,/hdd/flapmax/tt-metal/tt_metal/hw/firmware/src/tt-1xx/trisck.cc,73,tile_fused:explicit_throughput,1
5.17,5.223,33,stall,13222245987274,13222245987327,slot0_x6_y7,0,6,7,TILE,TRISC-KERNEL,/hdd/flapmax/tt-metal/tt_metal/hw/firmware/src/tt-1xx/trisck.cc,73,tile_fused:trisc_kernel_base,1
5.223,5.244,33,active,13222245987327,13222245987348,slot0_x6_y7,0,6,7,TILE,THROUGHPUT_SECTION,/hdd/flapmax/tt-metal/tt_metal/hw/firmware/src/tt-1xx/trisck.cc,73,tile_fused:explicit_throughput,1
5.244,5.344,33,stall,13222245987348,13222245987448,slot0_x6_y7,0,6,7,TILE,TRISC-KERNEL,/hdd/flapmax/tt-metal/tt_metal/hw/firmware/src/tt-1xx/trisck.cc,73,tile_fused:trisc_kernel_base,1
5.344,5.366,33,active,13222245987448,13222245987470,slot0_x6_y7,0,6,7,TILE,THROUGHPUT_SECTION,/hdd/flapmax/tt-metal/tt_metal/hw/firmware/src/tt-1xx/trisck.cc,73,tile_fused:explicit_throughput,1
5.366,6.122,33,stall,13222245987470,13222245988226,slot0_x6_y7,0,6,7,TILE,TRISC-KERNEL,/hdd/flapmax/tt-metal/tt_metal/hw/firmware/src/tt-1xx/trisck.cc,73,tile_fused:trisc_kernel_base,1
6.122,6.176,33,active,13222245988226,13222245988280,slot0_x6_y7,0,6,7,TILE,THROUGHPUT_SECTION,/hdd/flapmax/tt-metal/tt_metal/hw/firmware/src/tt-1xx/trisck.cc,73,tile_fused:explicit_throughput,1
6.176,6.228,33,stall,13222245988280,13222245988332,slot0_x6_y7,0,6,7,TILE,TRISC-KERNEL,/hdd/flapmax/tt-metal/tt_metal/hw/firmware/src/tt-1xx/trisck.cc,73,tile_fused:trisc_kernel_base,1
6.228,6.251,33,active,13222245988332,13222245988355,slot0_x6_y7,0,6,7,TILE,THROUGHPUT_SECTION,/hdd/flapmax/tt-metal/tt_metal/hw/firmware/src/tt-1xx/trisck.cc,73,tile_fused:explicit_throughput,1
6.251,6.349,33,stall,13222245988355,13222245988453,slot0_x6_y7,0,6,7,TILE,TRISC-KERNEL,/hdd/flapmax/tt-metal/tt_metal/hw/firmware/src/tt-1xx/trisck.cc,73,tile_fused:trisc_kernel_base,1
6.349,6.368,33,active,13222245988453,13222245988472,slot0_x6_y7,0,6,7,TILE,THROUGHPUT_SECTION,/hdd/flapmax/tt-metal/tt_metal/hw/firmware/src/tt-1xx/trisck.cc,73,tile_fused:explicit_throughput,1
6.368,7.599,33,stall,13222245988472,13222245989703,slot0_x6_y7,0,6,7,TILE,TRISC-KERNEL,/hdd/flapmax/tt-metal/tt_metal/hw/firmware/src/tt-1xx/trisck.cc,73,tile_fused:trisc_kernel_base,1
7.599,7.646,33,active,13222245989703,13222245989750,slot0_x6_y7,0,6,7,TILE,THROUGHPUT_SECTION,/hdd/flapmax/tt-metal/tt_metal/hw/firmware/src/tt-1xx/trisck.cc,73,tile_fused:explicit_throughput,1
7.646,7.706,33,stall,13222245989750,13222245989810,slot0_x6_y7,0,6,7,TILE,TRISC-KERNEL,/hdd/flapmax/tt-metal/tt_metal/hw/firmware/src/tt-1xx/trisck.cc,73,tile_fused:trisc_kernel_base,1
7.706,7.729,33,active,13222245989810,13222245989833,slot0_x6_y7,0,6,7,TILE,THROUGHPUT_SECTION,/hdd/flapmax/tt-metal/tt_metal/hw/firmware/src/tt-1xx/trisck.cc,73,tile_fused:explicit_throughput,1
7.729,7.827,33,stall,13222245989833,13222245989931,slot0_x6_y7,0,6,7,TILE,TRISC-KERNEL,/hdd/flapmax/tt-metal/tt_metal/hw/firmware/src/tt-1xx/trisck.cc,73,tile_fused:trisc_kernel_base,1
7.827,7.846,33,active,13222245989931,13222245989950,slot0_x6_y7,0,6,7,TILE,THROUGHPUT_SECTION,/hdd/flapmax/tt-metal/tt_metal/hw/firmware/src/tt-1xx/trisck.cc,73,tile_fused:explicit_throughput,1
7.846,8.9,33,stall,13222245989950,13222245991004,slot0_x6_y7,0,6,7,TILE,TRISC-KERNEL,/hdd/flapmax/tt-metal/tt_metal/hw/firmware/src/tt-1xx/trisck.cc,73,tile_fused:trisc_kernel_base,1
8.9,8.954,33,active,13222245991004,13222245991058,slot0_x6_y7,0,6,7,TILE,THROUGHPUT_SECTION,/hdd/flapmax/tt-metal/tt_metal/hw/firmware/src/tt-1xx/trisck.cc,73,tile_fused:explicit_throughput,1
8.954,9.006,33,stall,13222245991058,13222245991110,slot0_x6_y7,0,6,7,TILE,TRISC-KERNEL,/hdd/flapmax/tt-metal/tt_metal/hw/firmware/src/tt-1xx/trisck.cc,73,tile_fused:trisc_kernel_base,1
9.006,9.028,33,active,13222245991110,13222245991132,slot0_x6_y7,0,6,7,TILE,THROUGHPUT_SECTION,/hdd/flapmax/tt-metal/tt_metal/hw/firmware/src/tt-1xx/trisck.cc,73,tile_fused:explicit_throughput,1
9.028,9.127,33,stall,13222245991132,13222245991231,slot0_x6_y7,0,6,7,TILE,TRISC-KERNEL,/hdd/flapmax/tt-metal/tt_metal/hw/firmware/src/tt-1xx/trisck.cc,73,tile_fused:trisc_kernel_base,1
9.127,9.146,33,active,13222245991231,13222245991250,slot0_x6_y7,0,6,7,TILE,THROUGHPUT_SECTION,/hdd/flapmax/tt-metal/tt_metal/hw/firmware/src/tt-1xx/trisck.cc,73,tile_fused:explicit_throughput,1
9.146,16.525,33,stall,13222245991250,13222245998629,slot0_x6_y7,0,6,7,TILE,TRISC-KERNEL,/hdd/flapmax/tt-metal/tt_metal/hw/firmware/src/tt-1xx/trisck.cc,73,tile_fused:trisc_kernel_base,1
16.525,16.572,33,active,13222245998629,13222245998676,slot0_x6_y7,0,6,7,TILE,THROUGHPUT_SECTION,/hdd/flapmax/tt-metal/tt_metal/hw/firmware/src/tt-1xx/trisck.cc,73,tile_fused:explicit_throughput,1
16.572,16.625,33,stall,13222245998676,13222245998729,slot0_x6_y7,0,6,7,TILE,TRISC-KERNEL,/hdd/flapmax/tt-metal/tt_metal/hw/firmware/src/tt-1xx/trisck.cc,73,tile_fused:trisc_kernel_base,1
16.625,16.646,33,active,13222245998729,13222245998750,slot0_x6_y7,0,6,7,TILE,THROUGHPUT_SECTION,/hdd/flapmax/tt-metal/tt_metal/hw/firmware/src/tt-1xx/trisck.cc,73,tile_fused:explicit_throughput,1
16.646,16.746,33,stall,13222245998750,13222245998850,slot0_x6_y7,0,6,7,TILE,TRISC-KERNEL,/hdd/flapmax/tt-metal/tt_metal/hw/firmware/src/tt-1xx/trisck.cc,73,tile_fused:trisc_kernel_base,1
16.746,16.768,33,active,13222245998850,13222245998872,slot0_x6_y7,0,6,7,TILE,THROUGHPUT_SECTION,/hdd/flapmax/tt-metal/tt_metal/hw/firmware/src/tt-1xx/trisck.cc,73,tile_fused:explicit_throughput,1
16.768,23.777,33,stall,13222245998872,13222246005881,slot0_x6_y7,0,6,7,TILE,TRISC-KERNEL,/hdd/flapmax/tt-metal/tt_metal/hw/firmware/src/tt-1xx/trisck.cc,73,tile_fused:trisc_kernel_base,1
23.777,23.831,33,active,13222246005881,13222246005935,slot0_x6_y7,0,6,7,TILE,THROUGHPUT_SECTION,/hdd/flapmax/tt-metal/tt_metal/hw/firmware/src/tt-1xx/trisck.cc,73,tile_fused:explicit_throughput,1
23.831,27.566,33,stall,13222246005935,13222246009670,slot0_x6_y7,0,6,7,TILE,TRISC-KERNEL,/hdd/flapmax/tt-metal/tt_metal/hw/firmware/src/tt-1xx/trisck.cc,73,tile_fused:trisc_kernel_base,1
27.566,27.613,33,active,13222246009670,13222246009717,slot0_x6_y7,0,6,7,TILE,THROUGHPUT_SECTION,/hdd/flapmax/tt-metal/tt_metal/hw/firmware/src/tt-1xx/trisck.cc,73,tile_fused:explicit_throughput,1
27.613,28.34,33,stall,13222246009717,13222246010444,slot0_x6_y7,0,6,7,TILE,TRISC-KERNEL,/hdd/flapmax/tt-metal/tt_metal/hw/firmware/src/tt-1xx/trisck.cc,73,tile_fused:trisc_kernel_base,1
0.081,0.264,34,stall,13222245982185,13222245982368,slot0_x6_y8,0,6,8,TILE,TRISC-KERNEL,/hdd/flapmax/tt-metal/tt_metal/hw/firmware/src/tt-1xx/trisck.cc,73,tile_fused:trisc_kernel_base,1
0.264,0.285,34,active,13222245982368,13222245982389,slot0_x6_y8,0,6,8,TILE,THROUGHPUT_SECTION,/hdd/flapmax/tt-metal/tt_metal/hw/firmware/src/tt-1xx/trisck.cc,73,tile_fused:explicit_throughput,1
0.285,0.323,34,stall,13222245982389,13222245982427,slot0_x6_y8,0,6,8,TILE,TRISC-KERNEL,/hdd/flapmax/tt-metal/tt_metal/hw/firmware/src/tt-1xx/trisck.cc,73,tile_fused:trisc_kernel_base,1
0.323,0.344,34,active,13222245982427,13222245982448,slot0_x6_y8,0,6,8,TILE,THROUGHPUT_SECTION,/hdd/flapmax/tt-metal/tt_metal/hw/firmware/src/tt-1xx/trisck.cc,73,tile_fused:explicit_throughput,1
0.344,0.517,34,stall,13222245982448,13222245982621,slot0_x6_y8,0,6,8,TILE,TRISC-KERNEL,/hdd/flapmax/tt-metal/tt_metal/hw/firmware/src/tt-1xx/trisck.cc,73,tile_fused:trisc_kernel_base,1
0.517,0.536,34,active,13222245982621,13222245982640,slot0_x6_y8,0,6,8,TILE,THROUGHPUT_SECTION,/hdd/flapmax/tt-metal/tt_metal/hw/firmware/src/tt-1xx/trisck.cc,73,tile_fused:explicit_throughput,1
0.536,0.648,34,stall,13222245982640,13222245982752,slot0_x6_y8,0,6,8,TILE,TRISC-KERNEL,/hdd/flapmax/tt-metal/tt_metal/hw/firmware/src/tt-1xx/trisck.cc,73,tile_fused:trisc_kernel_base,1
0.648,0.667,34,active,13222245982752,13222245982771,slot0_x6_y8,0,6,8,TILE,THROUGHPUT_SECTION,/hdd/flapmax/tt-metal/tt_metal/hw/firmware/src/tt-1xx/trisck.cc,73,tile_fused:explicit_throughput,1
0.667,1.135,34,stall,13222245982771,13222245983239,slot0_x6_y8,0,6,8,TILE,TRISC-KERNEL,/hdd/flapmax/tt-metal/tt_metal/hw/firmware/src/tt-1xx/trisck.cc,73,tile_fused:trisc_kernel_base,1
1.135,1.181,34,active,13222245983239,13222245983285,slot0_x6_y8,0,6,8,TILE,THROUGHPUT_SECTION,/hdd/flapmax/tt-metal/tt_metal/hw/firmware/src/tt-1xx/trisck.cc,73,tile_fused:explicit_throughput,1
1.181,1.235,34,stall,13222245983285,13222245983339,slot0_x6_y8,0,6,8,TILE,TRISC-KERNEL,/hdd/flapmax/tt-metal/tt_metal/hw/firmware/src/tt-1xx/trisck.cc,73,tile_fused:trisc_kernel_base,1
1.235,1.259,34,active,13222245983339,13222245983363,slot0_x6_y8,0,6,8,TILE,THROUGHPUT_SECTION,/hdd/flapmax/tt-metal/tt_metal/hw/firmware/src/tt-1xx/trisck.cc,73,tile_fused:explicit_throughput,1
1.259,1.357,34,stall,13222245983363,13222245983461,slot0_x6_y8,0,6,8,TILE,TRISC-KERNEL,/hdd/flapmax/tt-metal/tt_metal/hw/firmware/src/tt-1xx/trisck.cc,73,tile_fused:trisc_kernel_base,1
1.357,1.376,34,active,13222245983461,13222245983480,slot0_x6_y8,0,6,8,TILE,THROUGHPUT_SECTION,/hdd/flapmax/tt-metal/tt_metal/hw/firmware/src/tt-1xx/trisck.cc,73,tile_fused:explicit_throughput,1
1.376,2.0,34,stall,13222245983480,13222245984104,slot0_x6_y8,0,6,8,TILE,TRISC-KERNEL,/hdd/flapmax/tt-metal/tt_metal/hw/firmware/src/tt-1xx/trisck.cc,73,tile_fused:trisc_kernel_base,1
2.0,2.06,34,active,13222245984104,13222245984164,slot0_x6_y8,0,6,8,TILE,THROUGHPUT_SECTION,/hdd/flapmax/tt-metal/tt_metal/hw/firmware/src/tt-1xx/trisck.cc,73,tile_fused:explicit_throughput,1
2.06,2.114,34,stall,13222245984164,13222245984218,slot0_x6_y8,0,6,8,TILE,TRISC-KERNEL,/hdd/flapmax/tt-metal/tt_metal/hw/firmware/src/tt-1xx/trisck.cc,73,tile_fused:trisc_kernel_base,1
2.114,2.136,34,active,13222245984218,13222245984240,slot0_x6_y8,0,6,8,TILE,THROUGHPUT_SECTION,/hdd/flapmax/tt-metal/tt_metal/hw/firmware/src/tt-1xx/trisck.cc,73,tile_fused:explicit_throughput,1
2.136,2.236,34,stall,13222245984240,13222245984340,slot0_x6_y8,0,6,8,TILE,TRISC-KERNEL,/hdd/flapmax/tt-metal/tt_metal/hw/firmware/src/tt-1xx/trisck.cc,73,tile_fused:trisc_kernel_base,1
2.236,2.255,34,active,13222245984340,13222245984359,slot0_x6_y8,0,6,8,TILE,THROUGHPUT_SECTION,/hdd/flapmax/tt-metal/tt_metal/hw/firmware/src/tt-1xx/trisck.cc,73,tile_fused:explicit_throughput,1
2.255,2.709,34,stall,13222245984359,13222245984813,slot0_x6_y8,0,6,8,TILE,TRISC-KERNEL,/hdd/flapmax/tt-metal/tt_metal/hw/firmware/src/tt-1xx/trisck.cc,73,tile_fused:trisc_kernel_base,1
2.709,2.756,34,active,13222245984813,13222245984860,slot0_x6_y8,0,6,8,TILE,THROUGHPUT_SECTION,/hdd/flapmax/tt-metal/tt_metal/hw/firmware/src/tt-1xx/trisck.cc,73,tile_fused:explicit_throughput,1
2.756,2.818,34,stall,13222245984860,13222245984922,slot0_x6_y8,0,6,8,TILE,TRISC-KERNEL,/hdd/flapmax/tt-metal/tt_metal/hw/firmware/src/tt-1xx/trisck.cc,73,tile_fused:trisc_kernel_base,1
2.818,2.841,34,active,13222245984922,13222245984945,slot0_x6_y8,0,6,8,TILE,THROUGHPUT_SECTION,/hdd/flapmax/tt-metal/tt_metal/hw/firmware/src/tt-1xx/trisck.cc,73,tile_fused:explicit_throughput,1
2.841,2.938,34,stall,13222245984945,13222245985042,slot0_x6_y8,0,6,8,TILE,TRISC-KERNEL,/hdd/flapmax/tt-metal/tt_metal/hw/firmware/src/tt-1xx/trisck.cc,73,tile_fused:trisc_kernel_base,1
2.938,2.957,34,active,13222245985042,13222245985061,slot0_x6_y8,0,6,8,TILE,THROUGHPUT_SECTION,/hdd/flapmax/tt-metal/tt_metal/hw/firmware/src/tt-1xx/trisck.cc,73,tile_fused:explicit_throughput,1
2.957,3.851,34,stall,13222245985061,13222245985955,slot0_x6_y8,0,6,8,TILE,TRISC-KERNEL,/hdd/flapmax/tt-metal/tt_metal/hw/firmware/src/tt-1xx/trisck.cc,73,tile_fused:trisc_kernel_base,1
3.851,3.905,34,active,13222245985955,13222245986009,slot0_x6_y8,0,6,8,TILE,THROUGHPUT_SECTION,/hdd/flapmax/tt-metal/tt_metal/hw/firmware/src/tt-1xx/trisck.cc,73,tile_fused:explicit_throughput,1
3.905,3.96,34,stall,13222245986009,13222245986064,slot0_x6_y8,0,6,8,TILE,TRISC-KERNEL,/hdd/flapmax/tt-metal/tt_metal/hw/firmware/src/tt-1xx/trisck.cc,73,tile_fused:trisc_kernel_base,1
3.96,3.982,34,active,13222245986064,13222245986086,slot0_x6_y8,0,6,8,TILE,THROUGHPUT_SECTION,/hdd/flapmax/tt-metal/tt_metal/hw/firmware/src/tt-1xx/trisck.cc,73,tile_fused:explicit_throughput,1
3.982,4.081,34,stall,13222245986086,13222245986185,slot0_x6_y8,0,6,8,TILE,TRISC-KERNEL,/hdd/flapmax/tt-metal/tt_metal/hw/firmware/src/tt-1xx/trisck.cc,73,tile_fused:trisc_kernel_base,1
4.081,4.1,34,active,13222245986185,13222245986204,slot0_x6_y8,0,6,8,TILE,THROUGHPUT_SECTION,/hdd/flapmax/tt-metal/tt_metal/hw/firmware/src/tt-1xx/trisck.cc,73,tile_fused:explicit_throughput,1
4.1,12.462,34,stall,13222245986204,13222245994566,slot0_x6_y8,0,6,8,TILE,TRISC-KERNEL,/hdd/flapmax/tt-metal/tt_metal/hw/firmware/src/tt-1xx/trisck.cc,73,tile_fused:trisc_kernel_base,1
12.462,12.509,34,active,13222245994566,13222245994613,slot0_x6_y8,0,6,8,TILE,THROUGHPUT_SECTION,/hdd/flapmax/tt-metal/tt_metal/hw/firmware/src/tt-1xx/trisck.cc,73,tile_fused:explicit_throughput,1
12.509,12.562,34,stall,13222245994613,13222245994666,slot0_x6_y8,0,6,8,TILE,TRISC-KERNEL,/hdd/flapmax/tt-metal/tt_metal/hw/firmware/src/tt-1xx/trisck.cc,73,tile_fused:trisc_kernel_base,1
12.562,12.583,34,active,13222245994666,13222245994687,slot0_x6_y8,0,6,8,TILE,THROUGHPUT_SECTION,/hdd/flapmax/tt-metal/tt_metal/hw/firmware/src/tt-1xx/trisck.cc,73,tile_fused:explicit_throughput,1
12.583,12.683,34,stall,13222245994687,13222245994787,slot0_x6_y8,0,6,8,TILE,TRISC-KERNEL,/hdd/flapmax/tt-metal/tt_metal/hw/firmware/src/tt-1xx/trisck.cc,73,tile_fused:trisc_kernel_base,1
12.683,12.705,34,active,13222245994787,13222245994809,slot0_x6_y8,0,6,8,TILE,THROUGHPUT_SECTION,/hdd/flapmax/tt-metal/tt_metal/hw/firmware/src/tt-1xx/trisck.cc,73,tile_fused:explicit_throughput,1
12.705,18.261,34,stall,13222245994809,13222246000365,slot0_x6_y8,0,6,8,TILE,TRISC-KERNEL,/hdd/flapmax/tt-metal/tt_metal/hw/firmware/src/tt-1xx/trisck.cc,73,tile_fused:trisc_kernel_base,1
18.261,18.315,34,active,13222246000365,13222246000419,slot0_x6_y8,0,6,8,TILE,THROUGHPUT_SECTION,/hdd/flapmax/tt-metal/tt_metal/hw/firmware/src/tt-1xx/trisck.cc,73,tile_fused:explicit_throughput,1
18.315,18.367,34,stall,13222246000419,13222246000471,slot0_x6_y8,0,6,8,TILE,TRISC-KERNEL,/hdd/flapmax/tt-metal/tt_metal/hw/firmware/src/tt-1xx/trisck.cc,73,tile_fused:trisc_kernel_base,1
18.367,18.39,34,active,13222246000471,13222246000494,slot0_x6_y8,0,6,8,TILE,THROUGHPUT_SECTION,/hdd/flapmax/tt-metal/tt_metal/hw/firmware/src/tt-1xx/trisck.cc,73,tile_fused:explicit_throughput,1
18.39,18.488,34,stall,13222246000494,13222246000592,slot0_x6_y8,0,6,8,TILE,TRISC-KERNEL,/hdd/flapmax/tt-metal/tt_metal/hw/firmware/src/tt-1xx/trisck.cc,73,tile_fused:trisc_kernel_base,1
18.488,18.508,34,active,13222246000592,13222246000612,slot0_x6_y8,0,6,8,TILE,THROUGHPUT_SECTION,/hdd/flapmax/tt-metal/tt_metal/hw/firmware/src/tt-1xx/trisck.cc,73,tile_fused:explicit_throughput,1
18.508,23.971,34,stall,13222246000612,13222246006075,slot0_x6_y8,0,6,8,TILE,TRISC-KERNEL,/hdd/flapmax/tt-metal/tt_metal/hw/firmware/src/tt-1xx/trisck.cc,73,tile_fused:trisc_kernel_base,1
23.971,24.018,34,active,13222246006075,13222246006122,slot0_x6_y8,0,6,8,TILE,THROUGHPUT_SECTION,/hdd/flapmax/tt-metal/tt_metal/hw/firmware/src/tt-1xx/trisck.cc,73,tile_fused:explicit_throughput,1
24.018,24.078,34,stall,13222246006122,13222246006182,slot0_x6_y8,0,6,8,TILE,TRISC-KERNEL,/hdd/flapmax/tt-metal/tt_metal/hw/firmware/src/tt-1xx/trisck.cc,73,tile_fused:trisc_kernel_base,1
24.078,24.1,34,active,13222246006182,13222246006204,slot0_x6_y8,0,6,8,TILE,THROUGHPUT_SECTION,/hdd/flapmax/tt-metal/tt_metal/hw/firmware/src/tt-1xx/trisck.cc,73,tile_fused:explicit_throughput,1
24.1,24.198,34,stall,13222246006204,13222246006302,slot0_x6_y8,0,6,8,TILE,TRISC-KERNEL,/hdd/flapmax/tt-metal/tt_metal/hw/firmware/src/tt-1xx/trisck.cc,73,tile_fused:trisc_kernel_base,1
24.198,24.217,34,active,13222246006302,13222246006321,slot0_x6_y8,0,6,8,TILE,THROUGHPUT_SECTION,/hdd/flapmax/tt-metal/tt_metal/hw/firmware/src/tt-1xx/trisck.cc,73,tile_fused:explicit_throughput,1
24.217,27.022,34,stall,13222246006321,13222246009126,slot0_x6_y8,0,6,8,TILE,TRISC-KERNEL,/hdd/flapmax/tt-metal/tt_metal/hw/firmware/src/tt-1xx/trisck.cc,73,tile_fused:trisc_kernel_base,1
27.022,27.076,34,active,13222246009126,13222246009180,slot0_x6_y8,0,6,8,TILE,THROUGHPUT_SECTION,/hdd/flapmax/tt-metal/tt_metal/hw/firmware/src/tt-1xx/trisck.cc,73,tile_fused:explicit_throughput,1
27.076,27.128,34,stall,13222246009180,13222246009232,slot0_x6_y8,0,6,8,TILE,TRISC-KERNEL,/hdd/flapmax/tt-metal/tt_metal/hw/firmware/src/tt-1xx/trisck.cc,73,tile_fused:trisc_kernel_base,1
27.128,27.15,34,active,13222246009232,13222246009254,slot0_x6_y8,0,6,8,TILE,THROUGHPUT_SECTION,/hdd/flapmax/tt-metal/tt_metal/hw/firmware/src/tt-1xx/trisck.cc,73,tile_fused:explicit_throughput,1
27.15,27.249,34,stall,13222246009254,13222246009353,slot0_x6_y8,0,6,8,TILE,TRISC-KERNEL,/hdd/flapmax/tt-metal/tt_metal/hw/firmware/src/tt-1xx/trisck.cc,73,tile_fused:trisc_kernel_base,1
27.249,27.269,34,active,13222246009353,13222246009373,slot0_x6_y8,0,6,8,TILE,THROUGHPUT_SECTION,/hdd/flapmax/tt-metal/tt_metal/hw/firmware/src/tt-1xx/trisck.cc,73,tile_fused:explicit_throughput,1
27.269,27.865,34,stall,13222246009373,13222246009969,slot0_x6_y8,0,6,8,TILE,TRISC-KERNEL,/hdd/flapmax/tt-metal/tt_metal/hw/firmware/src/tt-1xx/trisck.cc,73,tile_fused:trisc_kernel_base,1
27.865,27.912,34,active,13222246009969,13222246010016,slot0_x6_y8,0,6,8,TILE,THROUGHPUT_SECTION,/hdd/flapmax/tt-metal/tt_metal/hw/firmware/src/tt-1xx/trisck.cc,73,tile_fused:explicit_throughput,1
27.912,27.965,34,stall,13222246010016,13222246010069,slot0_x6_y8,0,6,8,TILE,TRISC-KERNEL,/hdd/flapmax/tt-metal/tt_metal/hw/firmware/src/tt-1xx/trisck.cc,73,tile_fused:trisc_kernel_base,1
27.965,27.986,34,active,13222246010069,13222246010090,slot0_x6_y8,0,6,8,TILE,THROUGHPUT_SECTION,/hdd/flapmax/tt-metal/tt_metal/hw/firmware/src/tt-1xx/trisck.cc,73,tile_fused:explicit_throughput,1
27.986,28.086,34,stall,13222246010090,13222246010190,slot0_x6_y8,0,6,8,TILE,TRISC-KERNEL,/hdd/flapmax/tt-metal/tt_metal/hw/firmware/src/tt-1xx/trisck.cc,73,tile_fused:trisc_kernel_base,1
28.086,28.108,34,active,13222246010190,13222246010212,slot0_x6_y8,0,6,8,TILE,THROUGHPUT_SECTION,/hdd/flapmax/tt-metal/tt_metal/hw/firmware/src/tt-1xx/trisck.cc,73,tile_fused:explicit_throughput,1
28.108,28.624,34,stall,13222246010212,13222246010728,slot0_x6_y8,0,6,8,TILE,TRISC-KERNEL,/hdd/flapmax/tt-metal/tt_metal/hw/firmware/src/tt-1xx/trisck.cc,73,tile_fused:trisc_kernel_base,1
28.624,28.678,34,active,13222246010728,13222246010782,slot0_x6_y8,0,6,8,TILE,THROUGHPUT_SECTION,/hdd/flapmax/tt-metal/tt_metal/hw/firmware/src/tt-1xx/trisck.cc,73,tile_fused:explicit_throughput,1
28.678,29.62,34,stall,13222246010782,13222246011724,slot0_x6_y8,0,6,8,TILE,TRISC-KERNEL,/hdd/flapmax/tt-metal/tt_metal/hw/firmware/src/tt-1xx/trisck.cc,73,tile_fused:trisc_kernel_base,1
29.62,29.667,34,active,13222246011724,13222246011771,slot0_x6_y8,0,6,8,TILE,THROUGHPUT_SECTION,/hdd/flapmax/tt-metal/tt_metal/hw/firmware/src/tt-1xx/trisck.cc,73,tile_fused:explicit_throughput,1
29.667,30.413,34,stall,13222246011771,13222246012517,slot0_x6_y8,0,6,8,TILE,TRISC-KERNEL,/hdd/flapmax/tt-metal/tt_metal/hw/firmware/src/tt-1xx/trisck.cc,73,tile_fused:trisc_kernel_base,1
0.068,0.25,35,stall,13222245982172,13222245982354,slot0_x7_y1,0,7,1,TILE,TRISC-KERNEL,/hdd/flapmax/tt-metal/tt_metal/hw/firmware/src/tt-1xx/trisck.cc,73,tile_fused:trisc_kernel_base,1
0.25,0.271,35,active,13222245982354,13222245982375,slot0_x7_y1,0,7,1,TILE,THROUGHPUT_SECTION,/hdd/flapmax/tt-metal/tt_metal/hw/firmware/src/tt-1xx/trisck.cc,73,tile_fused:explicit_throughput,1
0.271,0.309,35,stall,13222245982375,13222245982413,slot0_x7_y1,0,7,1,TILE,TRISC-KERNEL,/hdd/flapmax/tt-metal/tt_metal/hw/firmware/src/tt-1xx/trisck.cc,73,tile_fused:trisc_kernel_base,1
0.309,0.33,35,active,13222245982413,13222245982434,slot0_x7_y1,0,7,1,TILE,THROUGHPUT_SECTION,/hdd/flapmax/tt-metal/tt_metal/hw/firmware/src/tt-1xx/trisck.cc,73,tile_fused:explicit_throughput,1
0.33,0.52,35,stall,13222245982434,13222245982624,slot0_x7_y1,0,7,1,TILE,TRISC-KERNEL,/hdd/flapmax/tt-metal/tt_metal/hw/firmware/src/tt-1xx/trisck.cc,73,tile_fused:trisc_kernel_base,1
0.52,0.539,35,active,13222245982624,13222245982643,slot0_x7_y1,0,7,1,TILE,THROUGHPUT_SECTION,/hdd/flapmax/tt-metal/tt_metal/hw/firmware/src/tt-1xx/trisck.cc,73,tile_fused:explicit_throughput,1
0.539,0.65,35,stall,13222245982643,13222245982754,slot0_x7_y1,0,7,1,TILE,TRISC-KERNEL,/hdd/flapmax/tt-metal/tt_metal/hw/firmware/src/tt-1xx/trisck.cc,73,tile_fused:trisc_kernel_base,1
0.65,0.669,35,active,13222245982754,13222245982773,slot0_x7_y1,0,7,1,TILE,THROUGHPUT_SECTION,/hdd/flapmax/tt-metal/tt_metal/hw/firmware/src/tt-1xx/trisck.cc,73,tile_fused:explicit_throughput,1
0.669,4.878,35,stall,13222245982773,13222245986982,slot0_x7_y1,0,7,1,TILE,TRISC-KERNEL,/hdd/flapmax/tt-metal/tt_metal/hw/firmware/src/tt-1xx/trisck.cc,73,tile_fused:trisc_kernel_base,1
4.878,4.924,35,active,13222245986982,13222245987028,slot0_x7_y1,0,7,1,TILE,THROUGHPUT_SECTION,/hdd/flapmax/tt-metal/tt_metal/hw/firmware/src/tt-1xx/trisck.cc,73,tile_fused:explicit_throughput,1
4.924,4.979,35,stall,13222245987028,13222245987083,slot0_x7_y1,0,7,1,TILE,TRISC-KERNEL,/hdd/flapmax/tt-metal/tt_metal/hw/firmware/src/tt-1xx/trisck.cc,73,tile_fused:trisc_kernel_base,1
4.979,5.0,35,active,13222245987083,13222245987104,slot0_x7_y1,0,7,1,TILE,THROUGHPUT_SECTION,/hdd/flapmax/tt-metal/tt_metal/hw/firmware/src/tt-1xx/trisck.cc,73,tile_fused:explicit_throughput,1
5.0,5.1,35,stall,13222245987104,13222245987204,slot0_x7_y1,0,7,1,TILE,TRISC-KERNEL,/hdd/flapmax/tt-metal/tt_metal/hw/firmware/src/tt-1xx/trisck.cc,73,tile_fused:trisc_kernel_base,1
5.1,5.119,35,active,13222245987204,13222245987223,slot0_x7_y1,0,7,1,TILE,THROUGHPUT_SECTION,/hdd/flapmax/tt-metal/tt_metal/hw/firmware/src/tt-1xx/trisck.cc,73,tile_fused:explicit_throughput,1
5.119,5.608,35,stall,13222245987223,13222245987712,slot0_x7_y1,0,7,1,TILE,TRISC-KERNEL,/hdd/flapmax/tt-metal/tt_metal/hw/firmware/src/tt-1xx/trisck.cc,73,tile_fused:trisc_kernel_base,1
5.608,5.667,35,active,13222245987712,13222245987771,slot0_x7_y1,0,7,1,TILE,THROUGHPUT_SECTION,/hdd/flapmax/tt-metal/tt_metal/hw/firmware/src/tt-1xx/trisck.cc,73,tile_fused:explicit_throughput,1
5.667,5.721,35,stall,13222245987771,13222245987825,slot0_x7_y1,0,7,1,TILE,TRISC-KERNEL,/hdd/flapmax/tt-metal/tt_metal/hw/firmware/src/tt-1xx/trisck.cc,73,tile_fused:trisc_kernel_base,1
5.721,5.742,35,active,13222245987825,13222245987846,slot0_x7_y1,0,7,1,TILE,THROUGHPUT_SECTION,/hdd/flapmax/tt-metal/tt_metal/hw/firmware/src/tt-1xx/trisck.cc,73,tile_fused:explicit_throughput,1
5.742,5.842,35,stall,13222245987846,13222245987946,slot0_x7_y1,0,7,1,TILE,TRISC-KERNEL,/hdd/flapmax/tt-metal/tt_metal/hw/firmware/src/tt-1xx/trisck.cc,73,tile_fused:trisc_kernel_base,1
5.842,5.862,35,active,13222245987946,13222245987966,slot0_x7_y1,0,7,1,TILE,THROUGHPUT_SECTION,/hdd/flapmax/tt-metal/tt_metal/hw/firmware/src/tt-1xx/trisck.cc,73,tile_fused:explicit_throughput,1
5.862,6.482,35,stall,13222245987966,13222245988586,slot0_x7_y1,0,7,1,TILE,TRISC-KERNEL,/hdd/flapmax/tt-metal/tt_metal/hw/firmware/src/tt-1xx/trisck.cc,73,tile_fused:trisc_kernel_base,1
6.482,6.529,35,active,13222245988586,13222245988633,slot0_x7_y1,0,7,1,TILE,THROUGHPUT_SECTION,/hdd/flapmax/tt-metal/tt_metal/hw/firmware/src/tt-1xx/trisck.cc,73,tile_fused:explicit_throughput,1
6.529,6.591,35,stall,13222245988633,13222245988695,slot0_x7_y1,0,7,1,TILE,TRISC-KERNEL,/hdd/flapmax/tt-metal/tt_metal/hw/firmware/src/tt-1xx/trisck.cc,73,tile_fused:trisc_kernel_base,1
6.591,6.614,35,active,13222245988695,13222245988718,slot0_x7_y1,0,7,1,TILE,THROUGHPUT_SECTION,/hdd/flapmax/tt-metal/tt_metal/hw/firmware/src/tt-1xx/trisck.cc,73,tile_fused:explicit_throughput,1
6.614,6.712,35,stall,13222245988718,13222245988816,slot0_x7_y1,0,7,1,TILE,TRISC-KERNEL,/hdd/flapmax/tt-metal/tt_metal/hw/firmware/src/tt-1xx/trisck.cc,73,tile_fused:trisc_kernel_base,1
6.712,6.731,35,active,13222245988816,13222245988835,slot0_x7_y1,0,7,1,TILE,THROUGHPUT_SECTION,/hdd/flapmax/tt-metal/tt_metal/hw/firmware/src/tt-1xx/trisck.cc,73,tile_fused:explicit_throughput,1
6.731,7.987,35,stall,13222245988835,13222245990091,slot0_x7_y1,0,7,1,TILE,TRISC-KERNEL,/hdd/flapmax/tt-metal/tt_metal/hw/firmware/src/tt-1xx/trisck.cc,73,tile_fused:trisc_kernel_base,1
7.987,8.041,35,active,13222245990091,13222245990145,slot0_x7_y1,0,7,1,TILE,THROUGHPUT_SECTION,/hdd/flapmax/tt-metal/tt_metal/hw/firmware/src/tt-1xx/trisck.cc,73,tile_fused:explicit_throughput,1
8.041,8.096,35,stall,13222245990145,13222245990200,slot0_x7_y1,0,7,1,TILE,TRISC-KERNEL,/hdd/flapmax/tt-metal/tt_metal/hw/firmware/src/tt-1xx/trisck.cc,73,tile_fused:trisc_kernel_base,1
8.096,8.119,35,active,13222245990200,13222245990223,slot0_x7_y1,0,7,1,TILE,THROUGHPUT_SECTION,/hdd/flapmax/tt-metal/tt_metal/hw/firmware/src/tt-1xx/trisck.cc,73,tile_fused:explicit_throughput,1
8.119,8.216,35,stall,13222245990223,13222245990320,slot0_x7_y1,0,7,1,TILE,TRISC-KERNEL,/hdd/flapmax/tt-metal/tt_metal/hw/firmware/src/tt-1xx/trisck.cc,73,tile_fused:trisc_kernel_base,1
8.216,8.235,35,active,13222245990320,13222245990339,slot0_x7_y1,0,7,1,TILE,THROUGHPUT_SECTION,/hdd/flapmax/tt-metal/tt_metal/hw/firmware/src/tt-1xx/trisck.cc,73,tile_fused:explicit_throughput,1
8.235,8.768,35,stall,13222245990339,13222245990872,slot0_x7_y1,0,7,1,TILE,TRISC-KERNEL,/hdd/flapmax/tt-metal/tt_metal/hw/firmware/src/tt-1xx/trisck.cc,73,tile_fused:trisc_kernel_base,1
8.768,8.815,35,active,13222245990872,13222245990919,slot0_x7_y1,0,7,1,TILE,THROUGHPUT_SECTION,/hdd/flapmax/tt-metal/tt_metal/hw/firmware/src/tt-1xx/trisck.cc,73,tile_fused:explicit_throughput,1
8.815,8.868,35,stall,13222245990919,13222245990972,slot0_x7_y1,0,7,1,TILE,TRISC-KERNEL,/hdd/flapmax/tt-metal/tt_metal/hw/firmware/src/tt-1xx/trisck.cc,73,tile_fused:trisc_kernel_base,1
8.868,8.889,35,active,13222245990972,13222245990993,slot0_x7_y1,0,7,1,TILE,THROUGHPUT_SECTION,/hdd/flapmax/tt-metal/tt_metal/hw/firmware/src/tt-1xx/trisck.cc,73,tile_fused:explicit_throughput,1
8.889,8.989,35,stall,13222245990993,13222245991093,slot0_x7_y1,0,7,1,TILE,TRISC-KERNEL,/hdd/flapmax/tt-metal/tt_metal/hw/firmware/src/tt-1xx/trisck.cc,73,tile_fused:trisc_kernel_base,1
8.989,9.009,35,active,13222245991093,13222245991113,slot0_x7_y1,0,7,1,TILE,THROUGHPUT_SECTION,/hdd/flapmax/tt-metal/tt_metal/hw/firmware/src/tt-1xx/trisck.cc,73,tile_fused:explicit_throughput,1
9.009,9.468,35,stall,13222245991113,13222245991572,slot0_x7_y1,0,7,1,TILE,TRISC-KERNEL,/hdd/flapmax/tt-metal/tt_metal/hw/firmware/src/tt-1xx/trisck.cc,73,tile_fused:trisc_kernel_base,1
9.468,9.522,35,active,13222245991572,13222245991626,slot0_x7_y1,0,7,1,TILE,THROUGHPUT_SECTION,/hdd/flapmax/tt-metal/tt_metal/hw/firmware/src/tt-1xx/trisck.cc,73,tile_fused:explicit_throughput,1
9.522,9.574,35,stall,13222245991626,13222245991678,slot0_x7_y1,0,7,1,TILE,TRISC-KERNEL,/hdd/flapmax/tt-metal/tt_metal/hw/firmware/src/tt-1xx/trisck.cc,73,tile_fused:trisc_kernel_base,1
9.574,9.596,35,active,13222245991678,13222245991700,slot0_x7_y1,0,7,1,TILE,THROUGHPUT_SECTION,/hdd/flapmax/tt-metal/tt_metal/hw/firmware/src/tt-1xx/trisck.cc,73,tile_fused:explicit_throughput,1
9.596,9.696,35,stall,13222245991700,13222245991800,slot0_x7_y1,0,7,1,TILE,TRISC-KERNEL,/hdd/flapmax/tt-metal/tt_metal/hw/firmware/src/tt-1xx/trisck.cc,73,tile_fused:trisc_kernel_base,1
9.696,9.716,35,active,13222245991800,13222245991820,slot0_x7_y1,0,7,1,TILE,THROUGHPUT_SECTION,/hdd/flapmax/tt-metal/tt_metal/hw/firmware/src/tt-1xx/trisck.cc,73,tile_fused:explicit_throughput,1
9.716,10.254,35,stall,13222245991820,13222245992358,slot0_x7_y1,0,7,1,TILE,TRISC-KERNEL,/hdd/flapmax/tt-metal/tt_metal/hw/firmware/src/tt-1xx/trisck.cc,73,tile_fused:trisc_kernel_base,1
10.254,10.301,35,active,13222245992358,13222245992405,slot0_x7_y1,0,7,1,TILE,THROUGHPUT_SECTION,/hdd/flapmax/tt-metal/tt_metal/hw/firmware/src/tt-1xx/trisck.cc,73,tile_fused:explicit_throughput,1
10.301,10.361,35,stall,13222245992405,13222245992465,slot0_x7_y1,0,7,1,TILE,TRISC-KERNEL,/hdd/flapmax/tt-metal/tt_metal/hw/firmware/src/tt-1xx/trisck.cc,73,tile_fused:trisc_kernel_base,1
10.361,10.382,35,active,13222245992465,13222245992486,slot0_x7_y1,0,7,1,TILE,THROUGHPUT_SECTION,/hdd/flapmax/tt-metal/tt_metal/hw/firmware/src/tt-1xx/trisck.cc,73,tile_fused:explicit_throughput,1
10.382,10.481,35,stall,13222245992486,13222245992585,slot0_x7_y1,0,7,1,TILE,TRISC-KERNEL,/hdd/flapmax/tt-metal/tt_metal/hw/firmware/src/tt-1xx/trisck.cc,73,tile_fused:trisc_kernel_base,1
10.481,10.5,35,active,13222245992585,13222245992604,slot0_x7_y1,0,7,1,TILE,THROUGHPUT_SECTION,/hdd/flapmax/tt-metal/tt_metal/hw/firmware/src/tt-1xx/trisck.cc,73,tile_fused:explicit_throughput,1
10.5,10.874,35,stall,13222245992604,13222245992978,slot0_x7_y1,0,7,1,TILE,TRISC-KERNEL,/hdd/flapmax/tt-metal/tt_metal/hw/firmware/src/tt-1xx/trisck.cc,73,tile_fused:trisc_kernel_base,1
10.874,10.928,35,active,13222245992978,13222245993032,slot0_x7_y1,0,7,1,TILE,THROUGHPUT_SECTION,/hdd/flapmax/tt-metal/tt_metal/hw/firmware/src/tt-1xx/trisck.cc,73,tile_fused:explicit_throughput,1
10.928,10.98,35,stall,13222245993032,13222245993084,slot0_x7_y1,0,7,1,TILE,TRISC-KERNEL,/hdd/flapmax/tt-metal/tt_metal/hw/firmware/src/tt-1xx/trisck.cc,73,tile_fused:trisc_kernel_base,1
10.98,11.002,35,active,13222245993084,13222245993106,slot0_x7_y1,0,7,1,TILE,THROUGHPUT_SECTION,/hdd/flapmax/tt-metal/tt_metal/hw/firmware/src/tt-1xx/trisck.cc,73,tile_fused:explicit_throughput,1
11.002,11.101,35,stall,13222245993106,13222245993205,slot0_x7_y1,0,7,1,TILE,TRISC-KERNEL,/hdd/flapmax/tt-metal/tt_metal/hw/firmware/src/tt-1xx/trisck.cc,73,tile_fused:trisc_kernel_base,1
11.101,11.12,35,active,13222245993205,13222245993224,slot0_x7_y1,0,7,1,TILE,THROUGHPUT_SECTION,/hdd/flapmax/tt-metal/tt_metal/hw/firmware/src/tt-1xx/trisck.cc,73,tile_fused:explicit_throughput,1
11.12,11.574,35,stall,13222245993224,13222245993678,slot0_x7_y1,0,7,1,TILE,TRISC-KERNEL,/hdd/flapmax/tt-metal/tt_metal/hw/firmware/src/tt-1xx/trisck.cc,73,tile_fused:trisc_kernel_base,1
11.574,11.621,35,active,13222245993678,13222245993725,slot0_x7_y1,0,7,1,TILE,THROUGHPUT_SECTION,/hdd/flapmax/tt-metal/tt_metal/hw/firmware/src/tt-1xx/trisck.cc,73,tile_fused:explicit_throughput,1
11.621,11.674,35,stall,13222245993725,13222245993778,slot0_x7_y1,0,7,1,TILE,TRISC-KERNEL,/hdd/flapmax/tt-metal/tt_metal/hw/firmware/src/tt-1xx/trisck.cc,73,tile_fused:trisc_kernel_base,1
11.674,11.695,35,active,13222245993778,13222245993799,slot0_x7_y1,0,7,1,TILE,THROUGHPUT_SECTION,/hdd/flapmax/tt-metal/tt_metal/hw/firmware/src/tt-1xx/trisck.cc,73,tile_fused:explicit_throughput,1
11.695,11.795,35,stall,13222245993799,13222245993899,slot0_x7_y1,0,7,1,TILE,TRISC-KERNEL,/hdd/flapmax/tt-metal/tt_metal/hw/firmware/src/tt-1xx/trisck.cc,73,tile_fused:trisc_kernel_base,1
11.795,11.815,35,active,13222245993899,13222245993919,slot0_x7_y1,0,7,1,TILE,THROUGHPUT_SECTION,/hdd/flapmax/tt-metal/tt_metal/hw/firmware/src/tt-1xx/trisck.cc,73,tile_fused:explicit_throughput,1
11.815,12.224,35,stall,13222245993919,13222245994328,slot0_x7_y1,0,7,1,TILE,TRISC-KERNEL,/hdd/flapmax/tt-metal/tt_metal/hw/firmware/src/tt-1xx/trisck.cc,73,tile_fused:trisc_kernel_base,1
12.224,12.278,35,active,13222245994328,13222245994382,slot0_x7_y1,0,7,1,TILE,THROUGHPUT_SECTION,/hdd/flapmax/tt-metal/tt_metal/hw/firmware/src/tt-1xx/trisck.cc,73,tile_fused:explicit_throughput,1
12.278,12.331,35,stall,13222245994382,13222245994435,slot0_x7_y1,0,7,1,TILE,TRISC-KERNEL,/hdd/flapmax/tt-metal/tt_metal/hw/firmware/src/tt-1xx/trisck.cc,73,tile_fused:trisc_kernel_base,1
12.331,12.352,35,active,13222245994435,13222245994456,slot0_x7_y1,0,7,1,TILE,THROUGHPUT_SECTION,/hdd/flapmax/tt-metal/tt_metal/hw/firmware/src/tt-1xx/trisck.cc,73,tile_fused:explicit_throughput,1
12.352,12.452,35,stall,13222245994456,13222245994556,slot0_x7_y1,0,7,1,TILE,TRISC-KERNEL,/hdd/flapmax/tt-metal/tt_metal/hw/firmware/src/tt-1xx/trisck.cc,73,tile_fused:trisc_kernel_base,1
12.452,12.471,35,active,13222245994556,13222245994575,slot0_x7_y1,0,7,1,TILE,THROUGHPUT_SECTION,/hdd/flapmax/tt-metal/tt_metal/hw/firmware/src/tt-1xx/trisck.cc,73,tile_fused:explicit_throughput,1
12.471,12.992,35,stall,13222245994575,13222245995096,slot0_x7_y1,0,7,1,TILE,TRISC-KERNEL,/hdd/flapmax/tt-metal/tt_metal/hw/firmware/src/tt-1xx/trisck.cc,73,tile_fused:trisc_kernel_base,1
12.992,13.039,35,active,13222245995096,13222245995143,slot0_x7_y1,0,7,1,TILE,THROUGHPUT_SECTION,/hdd/flapmax/tt-metal/tt_metal/hw/firmware/src/tt-1xx/trisck.cc,73,tile_fused:explicit_throughput,1
13.039,13.794,35,stall,13222245995143,13222245995898,slot0_x7_y1,0,7,1,TILE,TRISC-KERNEL,/hdd/flapmax/tt-metal/tt_metal/hw/firmware/src/tt-1xx/trisck.cc,73,tile_fused:trisc_kernel_base,1
13.794,13.848,35,active,13222245995898,13222245995952,slot0_x7_y1,0,7,1,TILE,THROUGHPUT_SECTION,/hdd/flapmax/tt-metal/tt_metal/hw/firmware/src/tt-1xx/trisck.cc,73,tile_fused:explicit_throughput,1
13.848,14.739,35,stall,13222245995952,13222245996843,slot0_x7_y1,0,7,1,TILE,TRISC-KERNEL,/hdd/flapmax/tt-metal/tt_metal/hw/firmware/src/tt-1xx/trisck.cc,73,tile_fused:trisc_kernel_base,1
0.056,0.242,36,stall,13222245982160,13222245982346,slot0_x7_y2,0,7,2,TILE,TRISC-KERNEL,/hdd/flapmax/tt-metal/tt_metal/hw/firmware/src/tt-1xx/trisck.cc,73,tile_fused:trisc_kernel_base,1
0.242,0.264,36,active,13222245982346,13222245982368,slot0_x7_y2,0,7,2,TILE,THROUGHPUT_SECTION,/hdd/flapmax/tt-metal/tt_metal/hw/firmware/src/tt-1xx/trisck.cc,73,tile_fused:explicit_throughput,1
0.264,0.298,36,stall,13222245982368,13222245982402,slot0_x7_y2,0,7,2,TILE,TRISC-KERNEL,/hdd/flapmax/tt-metal/tt_metal/hw/firmware/src/tt-1xx/trisck.cc,73,tile_fused:trisc_kernel_base,1
0.298,0.319,36,active,13222245982402,13222245982423,slot0_x7_y2,0,7,2,TILE,THROUGHPUT_SECTION,/hdd/flapmax/tt-metal/tt_metal/hw/firmware/src/tt-1xx/trisck.cc,73,tile_fused:explicit_throughput,1
0.319,0.493,36,stall,13222245982423,13222245982597,slot0_x7_y2,0,7,2,TILE,TRISC-KERNEL,/hdd/flapmax/tt-metal/tt_metal/hw/firmware/src/tt-1xx/trisck.cc,73,tile_fused:trisc_kernel_base,1
0.493,0.512,36,active,13222245982597,13222245982616,slot0_x7_y2,0,7,2,TILE,THROUGHPUT_SECTION,/hdd/flapmax/tt-metal/tt_metal/hw/firmware/src/tt-1xx/trisck.cc,73,tile_fused:explicit_throughput,1
0.512,0.624,36,stall,13222245982616,13222245982728,slot0_x7_y2,0,7,2,TILE,TRISC-KERNEL,/hdd/flapmax/tt-metal/tt_metal/hw/firmware/src/tt-1xx/trisck.cc,73,tile_fused:trisc_kernel_base,1
0.624,0.643,36,active,13222245982728,13222245982747,slot0_x7_y2,0,7,2,TILE,THROUGHPUT_SECTION,/hdd/flapmax/tt-metal/tt_metal/hw/firmware/src/tt-1xx/trisck.cc,73,tile_fused:explicit_throughput,1
0.643,3.614,36,stall,13222245982747,13222245985718,slot0_x7_y2,0,7,2,TILE,TRISC-KERNEL,/hdd/flapmax/tt-metal/tt_metal/hw/firmware/src/tt-1xx/trisck.cc,73,tile_fused:trisc_kernel_base,1
3.614,3.66,36,active,13222245985718,13222245985764,slot0_x7_y2,0,7,2,TILE,THROUGHPUT_SECTION,/hdd/flapmax/tt-metal/tt_metal/hw/firmware/src/tt-1xx/trisck.cc,73,tile_fused:explicit_throughput,1
3.66,3.714,36,stall,13222245985764,13222245985818,slot0_x7_y2,0,7,2,TILE,TRISC-KERNEL,/hdd/flapmax/tt-metal/tt_metal/hw/firmware/src/tt-1xx/trisck.cc,73,tile_fused:trisc_kernel_base,1
3.714,3.738,36,active,13222245985818,13222245985842,slot0_x7_y2,0,7,2,TILE,THROUGHPUT_SECTION,/hdd/flapmax/tt-metal/tt_metal/hw/firmware/src/tt-1xx/trisck.cc,73,tile_fused:explicit_throughput,1
3.738,3.836,36,stall,13222245985842,13222245985940,slot0_x7_y2,0,7,2,TILE,TRISC-KERNEL,/hdd/flapmax/tt-metal/tt_metal/hw/firmware/src/tt-1xx/trisck.cc,73,tile_fused:trisc_kernel_base,1
3.836,3.855,36,active,13222245985940,13222245985959,slot0_x7_y2,0,7,2,TILE,THROUGHPUT_SECTION,/hdd/flapmax/tt-metal/tt_metal/hw/firmware/src/tt-1xx/trisck.cc,73,tile_fused:explicit_throughput,1
3.855,11.25,36,stall,13222245985959,13222245993354,slot0_x7_y2,0,7,2,TILE,TRISC-KERNEL,/hdd/flapmax/tt-metal/tt_metal/hw/firmware/src/tt-1xx/trisck.cc,73,tile_fused:trisc_kernel_base,1
11.25,11.309,36,active,13222245993354,13222245993413,slot0_x7_y2,0,7,2,TILE,THROUGHPUT_SECTION,/hdd/flapmax/tt-metal/tt_metal/hw/firmware/src/tt-1xx/trisck.cc,73,tile_fused:explicit_throughput,1
11.309,11.363,36,stall,13222245993413,13222245993467,slot0_x7_y2,0,7,2,TILE,TRISC-KERNEL,/hdd/flapmax/tt-metal/tt_metal/hw/firmware/src/tt-1xx/trisck.cc,73,tile_fused:trisc_kernel_base,1
11.363,11.384,36,active,13222245993467,13222245993488,slot0_x7_y2,0,7,2,TILE,THROUGHPUT_SECTION,/hdd/flapmax/tt-metal/tt_metal/hw/firmware/src/tt-1xx/trisck.cc,73,tile_fused:explicit_throughput,1
11.384,11.484,36,stall,13222245993488,13222245993588,slot0_x7_y2,0,7,2,TILE,TRISC-KERNEL,/hdd/flapmax/tt-metal/tt_metal/hw/firmware/src/tt-1xx/trisck.cc,73,tile_fused:trisc_kernel_base,1
11.484,11.504,36,active,13222245993588,13222245993608,slot0_x7_y2,0,7,2,TILE,THROUGHPUT_SECTION,/hdd/flapmax/tt-metal/tt_metal/hw/firmware/src/tt-1xx/trisck.cc,73,tile_fused:explicit_throughput,1
11.504,12.162,36,stall,13222245993608,13222245994266,slot0_x7_y2,0,7,2,TILE,TRISC-KERNEL,/hdd/flapmax/tt-metal/tt_metal/hw/firmware/src/tt-1xx/trisck.cc,73,tile_fused:trisc_kernel_base,1
12.162,12.209,36,active,13222245994266,13222245994313,slot0_x7_y2,0,7,2,TILE,THROUGHPUT_SECTION,/hdd/flapmax/tt-metal/tt_metal/hw/firmware/src/tt-1xx/trisck.cc,73,tile_fused:explicit_throughput,1
12.209,12.273,36,stall,13222245994313,13222245994377,slot0_x7_y2,0,7,2,TILE,TRISC-KERNEL,/hdd/flapmax/tt-metal/tt_metal/hw/firmware/src/tt-1xx/trisck.cc,73,tile_fused:trisc_kernel_base,1
12.273,12.295,36,active,13222245994377,13222245994399,slot0_x7_y2,0,7,2,TILE,THROUGHPUT_SECTION,/hdd/flapmax/tt-metal/tt_metal/hw/firmware/src/tt-1xx/trisck.cc,73,tile_fused:explicit_throughput,1
12.295,12.391,36,stall,13222245994399,13222245994495,slot0_x7_y2,0,7,2,TILE,TRISC-KERNEL,/hdd/flapmax/tt-metal/tt_metal/hw/firmware/src/tt-1xx/trisck.cc,73,tile_fused:trisc_kernel_base,1
12.391,12.41,36,active,13222245994495,13222245994514,slot0_x7_y2,0,7,2,TILE,THROUGHPUT_SECTION,/hdd/flapmax/tt-metal/tt_metal/hw/firmware/src/tt-1xx/trisck.cc,73,tile_fused:explicit_throughput,1
12.41,13.376,36,stall,13222245994514,13222245995480,slot0_x7_y2,0,7,2,TILE,TRISC-KERNEL,/hdd/flapmax/tt-metal/tt_metal/hw/firmware/src/tt-1xx/trisck.cc,73,tile_fused:trisc_kernel_base,1
13.376,13.43,36,active,13222245995480,13222245995534,slot0_x7_y2,0,7,2,TILE,THROUGHPUT_SECTION,/hdd/flapmax/tt-metal/tt_metal/hw/firmware/src/tt-1xx/trisck.cc,73,tile_fused:explicit_throughput,1
13.43,13.484,36,stall,13222245995534,13222245995588,slot0_x7_y2,0,7,2,TILE,TRISC-KERNEL,/hdd/flapmax/tt-metal/tt_metal/hw/firmware/src/tt-1xx/trisck.cc,73,tile_fused:trisc_kernel_base,1
13.484,13.506,36,active,13222245995588,13222245995610,slot0_x7_y2,0,7,2,TILE,THROUGHPUT_SECTION,/hdd/flapmax/tt-metal/tt_metal/hw/firmware/src/tt-1xx/trisck.cc,73,tile_fused:explicit_throughput,1
13.506,13.605,36,stall,13222245995610,13222245995709,slot0_x7_y2,0,7,2,TILE,TRISC-KERNEL,/hdd/flapmax/tt-metal/tt_metal/hw/firmware/src/tt-1xx/trisck.cc,73,tile_fused:trisc_kernel_base,1
13.605,13.624,36,active,13222245995709,13222245995728,slot0_x7_y2,0,7,2,TILE,THROUGHPUT_SECTION,/hdd/flapmax/tt-metal/tt_metal/hw/firmware/src/tt-1xx/trisck.cc,73,tile_fused:explicit_throughput,1
13.624,14.275,36,stall,13222245995728,13222245996379,slot0_x7_y2,0,7,2,TILE,TRISC-KERNEL,/hdd/flapmax/tt-metal/tt_metal/hw/firmware/src/tt-1xx/trisck.cc,73,tile_fused:trisc_kernel_base,1
14.275,14.322,36,active,13222245996379,13222245996426,slot0_x7_y2,0,7,2,TILE,THROUGHPUT_SECTION,/hdd/flapmax/tt-metal/tt_metal/hw/firmware/src/tt-1xx/trisck.cc,73,tile_fused:explicit_throughput,1
14.322,14.375,36,stall,13222245996426,13222245996479,slot0_x7_y2,0,7,2,TILE,TRISC-KERNEL,/hdd/flapmax/tt-metal/tt_metal/hw/firmware/src/tt-1xx/trisck.cc,73,tile_fused:trisc_kernel_base,1
14.375,14.396,36,active,13222245996479,13222245996500,slot0_x7_y2,0,7,2,TILE,THROUGHPUT_SECTION,/hdd/flapmax/tt-metal/tt_metal/hw/firmware/src/tt-1xx/trisck.cc,73,tile_fused:explicit_throughput,1
14.396,14.496,36,stall,13222245996500,13222245996600,slot0_x7_y2,0,7,2,TILE,TRISC-KERNEL,/hdd/flapmax/tt-metal/tt_metal/hw/firmware/src/tt-1xx/trisck.cc,73,tile_fused:trisc_kernel_base,1
14.496,14.516,36,active,13222245996600,13222245996620,slot0_x7_y2,0,7,2,TILE,THROUGHPUT_SECTION,/hdd/flapmax/tt-metal/tt_metal/hw/firmware/src/tt-1xx/trisck.cc,73,tile_fused:explicit_throughput,1
14.516,15.058,36,stall,13222245996620,13222245997162,slot0_x7_y2,0,7,2,TILE,TRISC-KERNEL,/hdd/flapmax/tt-metal/tt_metal/hw/firmware/src/tt-1xx/trisck.cc,73,tile_fused:trisc_kernel_base,1
15.058,15.112,36,active,13222245997162,13222245997216,slot0_x7_y2,0,7,2,TILE,THROUGHPUT_SECTION,/hdd/flapmax/tt-metal/tt_metal/hw/firmware/src/tt-1xx/trisck.cc,73,tile_fused:explicit_throughput,1
15.112,15.164,36,stall,13222245997216,13222245997268,slot0_x7_y2,0,7,2,TILE,TRISC-KERNEL,/hdd/flapmax/tt-metal/tt_metal/hw/firmware/src/tt-1xx/trisck.cc,73,tile_fused:trisc_kernel_base,1
15.164,15.187,36,active,13222245997268,13222245997291,slot0_x7_y2,0,7,2,TILE,THROUGHPUT_SECTION,/hdd/flapmax/tt-metal/tt_metal/hw/firmware/src/tt-1xx/trisck.cc,73,tile_fused:explicit_throughput,1
15.187,15.285,36,stall,13222245997291,13222245997389,slot0_x7_y2,0,7,2,TILE,TRISC-KERNEL,/hdd/flapmax/tt-metal/tt_metal/hw/firmware/src/tt-1xx/trisck.cc,73,tile_fused:trisc_kernel_base,1
15.285,15.304,36,active,13222245997389,13222245997408,slot0_x7_y2,0,7,2,TILE,THROUGHPUT_SECTION,/hdd/flapmax/tt-metal/tt_metal/hw/firmware/src/tt-1xx/trisck.cc,73,tile_fused:explicit_throughput,1
15.304,15.834,36,stall,13222245997408,13222245997938,slot0_x7_y2,0,7,2,TILE,TRISC-KERNEL,/hdd/flapmax/tt-metal/tt_metal/hw/firmware/src/tt-1xx/trisck.cc,73,tile_fused:trisc_kernel_base,1
15.834,15.881,36,active,13222245997938,13222245997985,slot0_x7_y2,0,7,2,TILE,THROUGHPUT_SECTION,/hdd/flapmax/tt-metal/tt_metal/hw/firmware/src/tt-1xx/trisck.cc,73,tile_fused:explicit_throughput,1
15.881,15.941,36,stall,13222245997985,13222245998045,slot0_x7_y2,0,7,2,TILE,TRISC-KERNEL,/hdd/flapmax/tt-metal/tt_metal/hw/firmware/src/tt-1xx/trisck.cc,73,tile_fused:trisc_kernel_base,1
15.941,15.963,36,active,13222245998045,13222245998067,slot0_x7_y2,0,7,2,TILE,THROUGHPUT_SECTION,/hdd/flapmax/tt-metal/tt_metal/hw/firmware/src/tt-1xx/trisck.cc,73,tile_fused:explicit_throughput,1
15.963,16.062,36,stall,13222245998067,13222245998166,slot0_x7_y2,0,7,2,TILE,TRISC-KERNEL,/hdd/flapmax/tt-metal/tt_metal/hw/firmware/src/tt-1xx/trisck.cc,73,tile_fused:trisc_kernel_base,1
16.062,16.081,36,active,13222245998166,13222245998185,slot0_x7_y2,0,7,2,TILE,THROUGHPUT_SECTION,/hdd/flapmax/tt-metal/tt_metal/hw/firmware/src/tt-1xx/trisck.cc,73,tile_fused:explicit_throughput,1
16.081,16.756,36,stall,13222245998185,13222245998860,slot0_x7_y2,0,7,2,TILE,TRISC-KERNEL,/hdd/flapmax/tt-metal/tt_metal/hw/firmware/src/tt-1xx/trisck.cc,73,tile_fused:trisc_kernel_base,1
16.756,16.81,36,active,13222245998860,13222245998914,slot0_x7_y2,0,7,2,TILE,THROUGHPUT_SECTION,/hdd/flapmax/tt-metal/tt_metal/hw/firmware/src/tt-1xx/trisck.cc,73,tile_fused:explicit_throughput,1
16.81,16.862,36,stall,13222245998914,13222245998966,slot0_x7_y2,0,7,2,TILE,TRISC-KERNEL,/hdd/flapmax/tt-metal/tt_metal/hw/firmware/src/tt-1xx/trisck.cc,73,tile_fused:trisc_kernel_base,1
16.862,16.884,36,active,13222245998966,13222245998988,slot0_x7_y2,0,7,2,TILE,THROUGHPUT_SECTION,/hdd/flapmax/tt-metal/tt_metal/hw/firmware/src/tt-1xx/trisck.cc,73,tile_fused:explicit_throughput,1
16.884,16.983,36,stall,13222245998988,13222245999087,slot0_x7_y2,0,7,2,TILE,TRISC-KERNEL,/hdd/flapmax/tt-metal/tt_metal/hw/firmware/src/tt-1xx/trisck.cc,73,tile_fused:trisc_kernel_base,1
16.983,17.003,36,active,13222245999087,13222245999107,slot0_x7_y2,0,7,2,TILE,THROUGHPUT_SECTION,/hdd/flapmax/tt-metal/tt_metal/hw/firmware/src/tt-1xx/trisck.cc,73,tile_fused:explicit_throughput,1
17.003,17.617,36,stall,13222245999107,13222245999721,slot0_x7_y2,0,7,2,TILE,TRISC-KERNEL,/hdd/flapmax/tt-metal/tt_metal/hw/firmware/src/tt-1xx/trisck.cc,73,tile_fused:trisc_kernel_base,1
17.617,17.665,36,active,13222245999721,13222245999769,slot0_x7_y2,0,7,2,TILE,THROUGHPUT_SECTION,/hdd/flapmax/tt-metal/tt_metal/hw/firmware/src/tt-1xx/trisck.cc,73,tile_fused:explicit_throughput,1
17.665,17.717,36,stall,13222245999769,13222245999821,slot0_x7_y2,0,7,2,TILE,TRISC-KERNEL,/hdd/flapmax/tt-metal/tt_metal/hw/firmware/src/tt-1xx/trisck.cc,73,tile_fused:trisc_kernel_base,1
17.717,17.739,36,active,13222245999821,13222245999843,slot0_x7_y2,0,7,2,TILE,THROUGHPUT_SECTION,/hdd/flapmax/tt-metal/tt_metal/hw/firmware/src/tt-1xx/trisck.cc,73,tile_fused:explicit_throughput,1
17.739,17.839,36,stall,13222245999843,13222245999943,slot0_x7_y2,0,7,2,TILE,TRISC-KERNEL,/hdd/flapmax/tt-metal/tt_metal/hw/firmware/src/tt-1xx/trisck.cc,73,tile_fused:trisc_kernel_base,1
17.839,17.859,36,active,13222245999943,13222245999963,slot0_x7_y2,0,7,2,TILE,THROUGHPUT_SECTION,/hdd/flapmax/tt-metal/tt_metal/hw/firmware/src/tt-1xx/trisck.cc,73,tile_fused:explicit_throughput,1
17.859,18.356,36,stall,13222245999963,13222246000460,slot0_x7_y2,0,7,2,TILE,TRISC-KERNEL,/hdd/flapmax/tt-metal/tt_metal/hw/firmware/src/tt-1xx/trisck.cc,73,tile_fused:trisc_kernel_base,1
18.356,18.41,36,active,13222246000460,13222246000514,slot0_x7_y2,0,7,2,TILE,THROUGHPUT_SECTION,/hdd/flapmax/tt-metal/tt_metal/hw/firmware/src/tt-1xx/trisck.cc,73,tile_fused:explicit_throughput,1
18.41,18.463,36,stall,13222246000514,13222246000567,slot0_x7_y2,0,7,2,TILE,TRISC-KERNEL,/hdd/flapmax/tt-metal/tt_metal/hw/firmware/src/tt-1xx/trisck.cc,73,tile_fused:trisc_kernel_base,1
18.463,18.484,36,active,13222246000567,13222246000588,slot0_x7_y2,0,7,2,TILE,THROUGHPUT_SECTION,/hdd/flapmax/tt-metal/tt_metal/hw/firmware/src/tt-1xx/trisck.cc,73,tile_fused:explicit_throughput,1
18.484,18.584,36,stall,13222246000588,13222246000688,slot0_x7_y2,0,7,2,TILE,TRISC-KERNEL,/hdd/flapmax/tt-metal/tt_metal/hw/firmware/src/tt-1xx/trisck.cc,73,tile_fused:trisc_kernel_base,1
18.584,18.604,36,active,13222246000688,13222246000708,slot0_x7_y2,0,7,2,TILE,THROUGHPUT_SECTION,/hdd/flapmax/tt-metal/tt_metal/hw/firmware/src/tt-1xx/trisck.cc,73,tile_fused:explicit_throughput,1
18.604,19.03,36,stall,13222246000708,13222246001134,slot0_x7_y2,0,7,2,TILE,TRISC-KERNEL,/hdd/flapmax/tt-metal/tt_metal/hw/firmware/src/tt-1xx/trisck.cc,73,tile_fused:trisc_kernel_base,1
19.03,19.077,36,active,13222246001134,13222246001181,slot0_x7_y2,0,7,2,TILE,THROUGHPUT_SECTION,/hdd/flapmax/tt-metal/tt_metal/hw/firmware/src/tt-1xx/trisck.cc,73,tile_fused:explicit_throughput,1
19.077,19.769,36,stall,13222246001181,13222246001873,slot0_x7_y2,0,7,2,TILE,TRISC-KERNEL,/hdd/flapmax/tt-metal/tt_metal/hw/firmware/src/tt-1xx/trisck.cc,73,tile_fused:trisc_kernel_base,1
19.769,19.823,36,active,13222246001873,13222246001927,slot0_x7_y2,0,7,2,TILE,THROUGHPUT_SECTION,/hdd/flapmax/tt-metal/tt_metal/hw/firmware/src/tt-1xx/trisck.cc,73,tile_fused:explicit_throughput,1
19.823,20.577,36,stall,13222246001927,13222246002681,slot0_x7_y2,0,7,2,TILE,TRISC-KERNEL,/hdd/flapmax/tt-metal/tt_metal/hw/firmware/src/tt-1xx/trisck.cc,73,tile_fused:trisc_kernel_base,1
0.083,0.263,37,stall,13222245982187,13222245982367,slot0_x7_y3,0,7,3,TILE,TRISC-KERNEL,/hdd/flapmax/tt-metal/tt_metal/hw/firmware/src/tt-1xx/trisck.cc,73,tile_fused:trisc_kernel_base,1
0.263,0.284,37,active,13222245982367,13222245982388,slot0_x7_y3,0,7,3,TILE,THROUGHPUT_SECTION,/hdd/flapmax/tt-metal/tt_metal/hw/firmware/src/tt-1xx/trisck.cc,73,tile_fused:explicit_throughput,1
0.284,0.322,37,stall,13222245982388,13222245982426,slot0_x7_y3,0,7,3,TILE,TRISC-KERNEL,/hdd/flapmax/tt-metal/tt_metal/hw/firmware/src/tt-1xx/trisck.cc,73,tile_fused:trisc_kernel_base,1
0.322,0.343,37,active,13222245982426,13222245982447,slot0_x7_y3,0,7,3,TILE,THROUGHPUT_SECTION,/hdd/flapmax/tt-metal/tt_metal/hw/firmware/src/tt-1xx/trisck.cc,73,tile_fused:explicit_throughput,1
0.343,0.516,37,stall,13222245982447,13222245982620,slot0_x7_y3,0,7,3,TILE,TRISC-KERNEL,/hdd/flapmax/tt-metal/tt_metal/hw/firmware/src/tt-1xx/trisck.cc,73,tile_fused:trisc_kernel_base,1
0.516,0.535,37,active,13222245982620,13222245982639,slot0_x7_y3,0,7,3,TILE,THROUGHPUT_SECTION,/hdd/flapmax/tt-metal/tt_metal/hw/firmware/src/tt-1xx/trisck.cc,73,tile_fused:explicit_throughput,1
0.535,0.646,37,stall,13222245982639,13222245982750,slot0_x7_y3,0,7,3,TILE,TRISC-KERNEL,/hdd/flapmax/tt-metal/tt_metal/hw/firmware/src/tt-1xx/trisck.cc,73,tile_fused:trisc_kernel_base,1
0.646,0.665,37,active,13222245982750,13222245982769,slot0_x7_y3,0,7,3,TILE,THROUGHPUT_SECTION,/hdd/flapmax/tt-metal/tt_metal/hw/firmware/src/tt-1xx/trisck.cc,73,tile_fused:explicit_throughput,1
0.665,4.295,37,stall,13222245982769,13222245986399,slot0_x7_y3,0,7,3,TILE,TRISC-KERNEL,/hdd/flapmax/tt-metal/tt_metal/hw/firmware/src/tt-1xx/trisck.cc,73,tile_fused:trisc_kernel_base,1
4.295,4.341,37,active,13222245986399,13222245986445,slot0_x7_y3,0,7,3,TILE,THROUGHPUT_SECTION,/hdd/flapmax/tt-metal/tt_metal/hw/firmware/src/tt-1xx/trisck.cc,73,tile_fused:explicit_throughput,1
4.341,4.395,37,stall,13222245986445,13222245986499,slot0_x7_y3,0,7,3,TILE,TRISC-KERNEL,/hdd/flapmax/tt-metal/tt_metal/hw/firmware/src/tt-1xx/trisck.cc,73,tile_fused:trisc_kernel_base,1
4.395,4.419,37,active,13222245986499,13222245986523,slot0_x7_y3,0,7,3,TILE,THROUGHPUT_SECTION,/hdd/flapmax/tt-metal/tt_metal/hw/firmware/src/tt-1xx/trisck.cc,73,tile_fused:explicit_throughput,1
4.419,4.517,37,stall,13222245986523,13222245986621,slot0_x7_y3,0,7,3,TILE,TRISC-KERNEL,/hdd/flapmax/tt-metal/tt_metal/hw/firmware/src/tt-1xx/trisck.cc,73,tile_fused:trisc_kernel_base,1
4.517,4.536,37,active,13222245986621,13222245986640,slot0_x7_y3,0,7,3,TILE,THROUGHPUT_SECTION,/hdd/flapmax/tt-metal/tt_metal/hw/firmware/src/tt-1xx/trisck.cc,73,tile_fused:explicit_throughput,1
4.536,11.698,37,stall,13222245986640,13222245993802,slot0_x7_y3,0,7,3,TILE,TRISC-KERNEL,/hdd/flapmax/tt-metal/tt_metal/hw/firmware/src/tt-1xx/trisck.cc,73,tile_fused:trisc_kernel_base,1
11.698,11.757,37,active,13222245993802,13222245993861,slot0_x7_y3,0,7,3,TILE,THROUGHPUT_SECTION,/hdd/flapmax/tt-metal/tt_metal/hw/firmware/src/tt-1xx/trisck.cc,73,tile_fused:explicit_throughput,1
11.757,11.811,37,stall,13222245993861,13222245993915,slot0_x7_y3,0,7,3,TILE,TRISC-KERNEL,/hdd/flapmax/tt-metal/tt_metal/hw/firmware/src/tt-1xx/trisck.cc,73,tile_fused:trisc_kernel_base,1
11.811,11.833,37,active,13222245993915,13222245993937,slot0_x7_y3,0,7,3,TILE,THROUGHPUT_SECTION,/hdd/flapmax/tt-metal/tt_metal/hw/firmware/src/tt-1xx/trisck.cc,73,tile_fused:explicit_throughput,1
11.833,11.932,37,stall,13222245993937,13222245994036,slot0_x7_y3,0,7,3,TILE,TRISC-KERNEL,/hdd/flapmax/tt-metal/tt_metal/hw/firmware/src/tt-1xx/trisck.cc,73,tile_fused:trisc_kernel_base,1
11.932,11.952,37,active,13222245994036,13222245994056,slot0_x7_y3,0,7,3,TILE,THROUGHPUT_SECTION,/hdd/flapmax/tt-metal/tt_metal/hw/firmware/src/tt-1xx/trisck.cc,73,tile_fused:explicit_throughput,1
11.952,12.65,37,stall,13222245994056,13222245994754,slot0_x7_y3,0,7,3,TILE,TRISC-KERNEL,/hdd/flapmax/tt-metal/tt_metal/hw/firmware/src/tt-1xx/trisck.cc,73,tile_fused:trisc_kernel_base,1
12.65,12.696,37,active,13222245994754,13222245994800,slot0_x7_y3,0,7,3,TILE,THROUGHPUT_SECTION,/hdd/flapmax/tt-metal/tt_metal/hw/firmware/src/tt-1xx/trisck.cc,73,tile_fused:explicit_throughput,1
12.696,12.758,37,stall,13222245994800,13222245994862,slot0_x7_y3,0,7,3,TILE,TRISC-KERNEL,/hdd/flapmax/tt-metal/tt_metal/hw/firmware/src/tt-1xx/trisck.cc,73,tile_fused:trisc_kernel_base,1
12.758,12.781,37,active,13222245994862,13222245994885,slot0_x7_y3,0,7,3,TILE,THROUGHPUT_SECTION,/hdd/flapmax/tt-metal/tt_metal/hw/firmware/src/tt-1xx/trisck.cc,73,tile_fused:explicit_throughput,1
12.781,12.878,37,stall,13222245994885,13222245994982,slot0_x7_y3,0,7,3,TILE,TRISC-KERNEL,/hdd/flapmax/tt-metal/tt_metal/hw/firmware/src/tt-1xx/trisck.cc,73,tile_fused:trisc_kernel_base,1
12.878,12.897,37,active,13222245994982,13222245995001,slot0_x7_y3,0,7,3,TILE,THROUGHPUT_SECTION,/hdd/flapmax/tt-metal/tt_metal/hw/firmware/src/tt-1xx/trisck.cc,73,tile_fused:explicit_throughput,1
12.897,13.86,37,stall,13222245995001,13222245995964,slot0_x7_y3,0,7,3,TILE,TRISC-KERNEL,/hdd/flapmax/tt-metal/tt_metal/hw/firmware/src/tt-1xx/trisck.cc,73,tile_fused:trisc_kernel_base,1
13.86,13.914,37,active,13222245995964,13222245996018,slot0_x7_y3,0,7,3,TILE,THROUGHPUT_SECTION,/hdd/flapmax/tt-metal/tt_metal/hw/firmware/src/tt-1xx/trisck.cc,73,tile_fused:explicit_throughput,1
13.914,13.968,37,stall,13222245996018,13222245996072,slot0_x7_y3,0,7,3,TILE,TRISC-KERNEL,/hdd/flapmax/tt-metal/tt_metal/hw/firmware/src/tt-1xx/trisck.cc,73,tile_fused:trisc_kernel_base,1
13.968,13.99,37,active,13222245996072,13222245996094,slot0_x7_y3,0,7,3,TILE,THROUGHPUT_SECTION,/hdd/flapmax/tt-metal/tt_metal/hw/firmware/src/tt-1xx/trisck.cc,73,tile_fused:explicit_throughput,1
13.99,14.09,37,stall,13222245996094,13222245996194,slot0_x7_y3,0,7,3,TILE,TRISC-KERNEL,/hdd/flapmax/tt-metal/tt_metal/hw/firmware/src/tt-1xx/trisck.cc,73,tile_fused:trisc_kernel_base,1
14.09,14.109,37,active,13222245996194,13222245996213,slot0_x7_y3,0,7,3,TILE,THROUGHPUT_SECTION,/hdd/flapmax/tt-metal/tt_metal/hw/firmware/src/tt-1xx/trisck.cc,73,tile_fused:explicit_throughput,1
14.109,15.025,37,stall,13222245996213,13222245997129,slot0_x7_y3,0,7,3,TILE,TRISC-KERNEL,/hdd/flapmax/tt-metal/tt_metal/hw/firmware/src/tt-1xx/trisck.cc,73,tile_fused:trisc_kernel_base,1
15.025,15.072,37,active,13222245997129,13222245997176,slot0_x7_y3,0,7,3,TILE,THROUGHPUT_SECTION,/hdd/flapmax/tt-metal/tt_metal/hw/firmware/src/tt-1xx/trisck.cc,73,tile_fused:explicit_throughput,1
15.072,15.125,37,stall,13222245997176,13222245997229,slot0_x7_y3,0,7,3,TILE,TRISC-KERNEL,/hdd/flapmax/tt-metal/tt_metal/hw/firmware/src/tt-1xx/trisck.cc,73,tile_fused:trisc_kernel_base,1
15.125,15.146,37,active,13222245997229,13222245997250,slot0_x7_y3,0,7,3,TILE,THROUGHPUT_SECTION,/hdd/flapmax/tt-metal/tt_metal/hw/firmware/src/tt-1xx/trisck.cc,73,tile_fused:explicit_throughput,1
15.146,15.246,37,stall,13222245997250,13222245997350,slot0_x7_y3,0,7,3,TILE,TRISC-KERNEL,/hdd/flapmax/tt-metal/tt_metal/hw/firmware/src/tt-1xx/trisck.cc,73,tile_fused:trisc_kernel_base,1
15.246,15.266,37,active,13222245997350,13222245997370,slot0_x7_y3,0,7,3,TILE,THROUGHPUT_SECTION,/hdd/flapmax/tt-metal/tt_metal/hw/firmware/src/tt-1xx/trisck.cc,73,tile_fused:explicit_throughput,1
15.266,15.916,37,stall,13222245997370,13222245998020,slot0_x7_y3,0,7,3,TILE,TRISC-KERNEL,/hdd/flapmax/tt-metal/tt_metal/hw/firmware/src/tt-1xx/trisck.cc,73,tile_fused:trisc_kernel_base,1
15.916,15.971,37,active,13222245998020,13222245998075,slot0_x7_y3,0,7,3,TILE,THROUGHPUT_SECTION,/hdd/flapmax/tt-metal/tt_metal/hw/firmware/src/tt-1xx/trisck.cc,73,tile_fused:explicit_throughput,1
15.971,16.023,37,stall,13222245998075,13222245998127,slot0_x7_y3,0,7,3,TILE,TRISC-KERNEL,/hdd/flapmax/tt-metal/tt_metal/hw/firmware/src/tt-1xx/trisck.cc,73,tile_fused:trisc_kernel_base,1
16.023,16.046,37,active,13222245998127,13222245998150,slot0_x7_y3,0,7,3,TILE,THROUGHPUT_SECTION,/hdd/flapmax/tt-metal/tt_metal/hw/firmware/src/tt-1xx/trisck.cc,73,tile_fused:explicit_throughput,1
16.046,16.144,37,stall,13222245998150,13222245998248,slot0_x7_y3,0,7,3,TILE,TRISC-KERNEL,/hdd/flapmax/tt-metal/tt_metal/hw/firmware/src/tt-1xx/trisck.cc,73,tile_fused:trisc_kernel_base,1
16.144,16.163,37,active,13222245998248,13222245998267,slot0_x7_y3,0,7,3,TILE,THROUGHPUT_SECTION,/hdd/flapmax/tt-metal/tt_metal/hw/firmware/src/tt-1xx/trisck.cc,73,tile_fused:explicit_throughput,1
16.163,16.828,37,stall,13222245998267,13222245998932,slot0_x7_y3,0,7,3,TILE,TRISC-KERNEL,/hdd/flapmax/tt-metal/tt_metal/hw/firmware/src/tt-1xx/trisck.cc,73,tile_fused:trisc_kernel_base,1
16.828,16.875,37,active,13222245998932,13222245998979,slot0_x7_y3,0,7,3,TILE,THROUGHPUT_SECTION,/hdd/flapmax/tt-metal/tt_metal/hw/firmware/src/tt-1xx/trisck.cc,73,tile_fused:explicit_throughput,1
16.875,16.935,37,stall,13222245998979,13222245999039,slot0_x7_y3,0,7,3,TILE,TRISC-KERNEL,/hdd/flapmax/tt-metal/tt_metal/hw/firmware/src/tt-1xx/trisck.cc,73,tile_fused:trisc_kernel_base,1
16.935,16.957,37,active,13222245999039,13222245999061,slot0_x7_y3,0,7,3,TILE,THROUGHPUT_SECTION,/hdd/flapmax/tt-metal/tt_metal/hw/firmware/src/tt-1xx/trisck.cc,73,tile_fused:explicit_throughput,1
16.957,17.055,37,stall,13222245999061,13222245999159,slot0_x7_y3,0,7,3,TILE,TRISC-KERNEL,/hdd/flapmax/tt-metal/tt_metal/hw/firmware/src/tt-1xx/trisck.cc,73,tile_fused:trisc_kernel_base,1
17.055,17.074,37,active,13222245999159,13222245999178,slot0_x7_y3,0,7,3,TILE,THROUGHPUT_SECTION,/hdd/flapmax/tt-metal/tt_metal/hw/firmware/src/tt-1xx/trisck.cc,73,tile_fused:explicit_throughput,1
17.074,17.847,37,stall,13222245999178,13222245999951,slot0_x7_y3,0,7,3,TILE,TRISC-KERNEL,/hdd/flapmax/tt-metal/tt_metal/hw/firmware/src/tt-1xx/trisck.cc,73,tile_fused:trisc_kernel_base,1
17.847,17.902,37,active,13222245999951,13222246000006,slot0_x7_y3,0,7,3,TILE,THROUGHPUT_SECTION,/hdd/flapmax/tt-metal/tt_metal/hw/firmware/src/tt-1xx/trisck.cc,73,tile_fused:explicit_throughput,1
17.902,17.954,37,stall,13222246000006,13222246000058,slot0_x7_y3,0,7,3,TILE,TRISC-KERNEL,/hdd/flapmax/tt-metal/tt_metal/hw/firmware/src/tt-1xx/trisck.cc,73,tile_fused:trisc_kernel_base,1
17.954,17.975,37,active,13222246000058,13222246000079,slot0_x7_y3,0,7,3,TILE,THROUGHPUT_SECTION,/hdd/flapmax/tt-metal/tt_metal/hw/firmware/src/tt-1xx/trisck.cc,73,tile_fused:explicit_throughput,1
17.975,18.075,37,stall,13222246000079,13222246000179,slot0_x7_y3,0,7,3,TILE,TRISC-KERNEL,/hdd/flapmax/tt-metal/tt_metal/hw/firmware/src/tt-1xx/trisck.cc,73,tile_fused:trisc_kernel_base,1
18.075,18.094,37,active,13222246000179,13222246000198,slot0_x7_y3,0,7,3,TILE,THROUGHPUT_SECTION,/hdd/flapmax/tt-metal/tt_metal/hw/firmware/src/tt-1xx/trisck.cc,73,tile_fused:explicit_throughput,1
18.094,18.75,37,stall,13222246000198,13222246000854,slot0_x7_y3,0,7,3,TILE,TRISC-KERNEL,/hdd/flapmax/tt-metal/tt_metal/hw/firmware/src/tt-1xx/trisck.cc,73,tile_fused:trisc_kernel_base,1
18.75,18.797,37,active,13222246000854,13222246000901,slot0_x7_y3,0,7,3,TILE,THROUGHPUT_SECTION,/hdd/flapmax/tt-metal/tt_metal/hw/firmware/src/tt-1xx/trisck.cc,73,tile_fused:explicit_throughput,1
18.797,18.85,37,stall,13222246000901,13222246000954,slot0_x7_y3,0,7,3,TILE,TRISC-KERNEL,/hdd/flapmax/tt-metal/tt_metal/hw/firmware/src/tt-1xx/trisck.cc,73,tile_fused:trisc_kernel_base,1
18.85,18.871,37,active,13222246000954,13222246000975,slot0_x7_y3,0,7,3,TILE,THROUGHPUT_SECTION,/hdd/flapmax/tt-metal/tt_metal/hw/firmware/src/tt-1xx/trisck.cc,73,tile_fused:explicit_throughput,1
18.871,18.971,37,stall,13222246000975,13222246001075,slot0_x7_y3,0,7,3,TILE,TRISC-KERNEL,/hdd/flapmax/tt-metal/tt_metal/hw/firmware/src/tt-1xx/trisck.cc,73,tile_fused:trisc_kernel_base,1
18.971,18.991,37,active,13222246001075,13222246001095,slot0_x7_y3,0,7,3,TILE,THROUGHPUT_SECTION,/hdd/flapmax/tt-metal/tt_metal/hw/firmware/src/tt-1xx/trisck.cc,73,tile_fused:explicit_throughput,1
18.991,19.28,37,stall,13222246001095,13222246001384,slot0_x7_y3,0,7,3,TILE,TRISC-KERNEL,/hdd/flapmax/tt-metal/tt_metal/hw/firmware/src/tt-1xx/trisck.cc,73,tile_fused:trisc_kernel_base,1
19.28,19.335,37,active,13222246001384,13222246001439,slot0_x7_y3,0,7,3,TILE,THROUGHPUT_SECTION,/hdd/flapmax/tt-metal/tt_metal/hw/firmware/src/tt-1xx/trisck.cc,73,tile_fused:explicit_throughput,1
19.335,19.385,37,stall,13222246001439,13222246001489,slot0_x7_y3,0,7,3,TILE,TRISC-KERNEL,/hdd/flapmax/tt-metal/tt_metal/hw/firmware/src/tt-1xx/trisck.cc,73,tile_fused:trisc_kernel_base,1
19.385,19.408,37,active,13222246001489,13222246001512,slot0_x7_y3,0,7,3,TILE,THROUGHPUT_SECTION,/hdd/flapmax/tt-metal/tt_metal/hw/firmware/src/tt-1xx/trisck.cc,73,tile_fused:explicit_throughput,1
19.408,19.506,37,stall,13222246001512,13222246001610,slot0_x7_y3,0,7,3,TILE,TRISC-KERNEL,/hdd/flapmax/tt-metal/tt_metal/hw/firmware/src/tt-1xx/trisck.cc,73,tile_fused:trisc_kernel_base,1
19.506,19.525,37,active,13222246001610,13222246001629,slot0_x7_y3,0,7,3,TILE,THROUGHPUT_SECTION,/hdd/flapmax/tt-metal/tt_metal/hw/firmware/src/tt-1xx/trisck.cc,73,tile_fused:explicit_throughput,1
19.525,20.423,37,stall,13222246001629,13222246002527,slot0_x7_y3,0,7,3,TILE,TRISC-KERNEL,/hdd/flapmax/tt-metal/tt_metal/hw/firmware/src/tt-1xx/trisck.cc,73,tile_fused:trisc_kernel_base,1
20.423,20.47,37,active,13222246002527,13222246002574,slot0_x7_y3,0,7,3,TILE,THROUGHPUT_SECTION,/hdd/flapmax/tt-metal/tt_metal/hw/firmware/src/tt-1xx/trisck.cc,73,tile_fused:explicit_throughput,1
20.47,21.184,37,stall,13222246002574,13222246003288,slot0_x7_y3,0,7,3,TILE,TRISC-KERNEL,/hdd/flapmax/tt-metal/tt_metal/hw/firmware/src/tt-1xx/trisck.cc,73,tile_fused:trisc_kernel_base,1
21.184,21.238,37,active,13222246003288,13222246003342,slot0_x7_y3,0,7,3,TILE,THROUGHPUT_SECTION,/hdd/flapmax/tt-metal/tt_metal/hw/firmware/src/tt-1xx/trisck.cc,73,tile_fused:explicit_throughput,1
21.238,21.97,37,stall,13222246003342,13222246004074,slot0_x7_y3,0,7,3,TILE,TRISC-KERNEL,/hdd/flapmax/tt-metal/tt_metal/hw/firmware/src/tt-1xx/trisck.cc,73,tile_fused:trisc_kernel_base,1
0.051,0.232,38,stall,13222245982155,13222245982336,slot0_x7_y4,0,7,4,TILE,TRISC-KERNEL,/hdd/flapmax/tt-metal/tt_metal/hw/firmware/src/tt-1xx/trisck.cc,73,tile_fused:trisc_kernel_base,1
0.232,0.253,38,active,13222245982336,13222245982357,slot0_x7_y4,0,7,4,TILE,THROUGHPUT_SECTION,/hdd/flapmax/tt-metal/tt_metal/hw/firmware/src/tt-1xx/trisck.cc,73,tile_fused:explicit_throughput,1
0.253,0.291,38,stall,13222245982357,13222245982395,slot0_x7_y4,0,7,4,TILE,TRISC-KERNEL,/hdd/flapmax/tt-metal/tt_metal/hw/firmware/src/tt-1xx/trisck.cc,73,tile_fused:trisc_kernel_base,1
0.291,0.312,38,active,13222245982395,13222245982416,slot0_x7_y4,0,7,4,TILE,THROUGHPUT_SECTION,/hdd/flapmax/tt-metal/tt_metal/hw/firmware/src/tt-1xx/trisck.cc,73,tile_fused:explicit_throughput,1
0.312,0.49,38,stall,13222245982416,13222245982594,slot0_x7_y4,0,7,4,TILE,TRISC-KERNEL,/hdd/flapmax/tt-metal/tt_metal/hw/firmware/src/tt-1xx/trisck.cc,73,tile_fused:trisc_kernel_base,1
0.49,0.509,38,active,13222245982594,13222245982613,slot0_x7_y4,0,7,4,TILE,THROUGHPUT_SECTION,/hdd/flapmax/tt-metal/tt_metal/hw/firmware/src/tt-1xx/trisck.cc,73,tile_fused:explicit_throughput,1
0.509,0.62,38,stall,13222245982613,13222245982724,slot0_x7_y4,0,7,4,TILE,TRISC-KERNEL,/hdd/flapmax/tt-metal/tt_metal/hw/firmware/src/tt-1xx/trisck.cc,73,tile_fused:trisc_kernel_base,1
0.62,0.639,38,active,13222245982724,13222245982743,slot0_x7_y4,0,7,4,TILE,THROUGHPUT_SECTION,/hdd/flapmax/tt-metal/tt_metal/hw/firmware/src/tt-1xx/trisck.cc,73,tile_fused:explicit_throughput,1
0.639,1.312,38,stall,13222245982743,13222245983416,slot0_x7_y4,0,7,4,TILE,TRISC-KERNEL,/hdd/flapmax/tt-metal/tt_metal/hw/firmware/src/tt-1xx/trisck.cc,73,tile_fused:trisc_kernel_base,1
1.312,1.358,38,active,13222245983416,13222245983462,slot0_x7_y4,0,7,4,TILE,THROUGHPUT_SECTION,/hdd/flapmax/tt-metal/tt_metal/hw/firmware/src/tt-1xx/trisck.cc,73,tile_fused:explicit_throughput,1
1.358,1.412,38,stall,13222245983462,13222245983516,slot0_x7_y4,0,7,4,TILE,TRISC-KERNEL,/hdd/flapmax/tt-metal/tt_metal/hw/firmware/src/tt-1xx/trisck.cc,73,tile_fused:trisc_kernel_base,1
1.412,1.436,38,active,13222245983516,13222245983540,slot0_x7_y4,0,7,4,TILE,THROUGHPUT_SECTION,/hdd/flapmax/tt-metal/tt_metal/hw/firmware/src/tt-1xx/trisck.cc,73,tile_fused:explicit_throughput,1
1.436,1.534,38,stall,13222245983540,13222245983638,slot0_x7_y4,0,7,4,TILE,TRISC-KERNEL,/hdd/flapmax/tt-metal/tt_metal/hw/firmware/src/tt-1xx/trisck.cc,73,tile_fused:trisc_kernel_base,1
1.534,1.553,38,active,13222245983638,13222245983657,slot0_x7_y4,0,7,4,TILE,THROUGHPUT_SECTION,/hdd/flapmax/tt-metal/tt_metal/hw/firmware/src/tt-1xx/trisck.cc,73,tile_fused:explicit_throughput,1
1.553,2.725,38,stall,13222245983657,13222245984829,slot0_x7_y4,0,7,4,TILE,TRISC-KERNEL,/hdd/flapmax/tt-metal/tt_metal/hw/firmware/src/tt-1xx/trisck.cc,73,tile_fused:trisc_kernel_base,1
2.725,2.784,38,active,13222245984829,13222245984888,slot0_x7_y4,0,7,4,TILE,THROUGHPUT_SECTION,/hdd/flapmax/tt-metal/tt_metal/hw/firmware/src/tt-1xx/trisck.cc,73,tile_fused:explicit_throughput,1
2.784,2.838,38,stall,13222245984888,13222245984942,slot0_x7_y4,0,7,4,TILE,TRISC-KERNEL,/hdd/flapmax/tt-metal/tt_metal/hw/firmware/src/tt-1xx/trisck.cc,73,tile_fused:trisc_kernel_base,1
2.838,2.859,38,active,13222245984942,13222245984963,slot0_x7_y4,0,7,4,TILE,THROUGHPUT_SECTION,/hdd/flapmax/tt-metal/tt_metal/hw/firmware/src/tt-1xx/trisck.cc,73,tile_fused:explicit_throughput,1
2.859,2.959,38,stall,13222245984963,13222245985063,slot0_x7_y4,0,7,4,TILE,TRISC-KERNEL,/hdd/flapmax/tt-metal/tt_metal/hw/firmware/src/tt-1xx/trisck.cc,73,tile_fused:trisc_kernel_base,1
2.959,2.979,38,active,13222245985063,13222245985083,slot0_x7_y4,0,7,4,TILE,THROUGHPUT_SECTION,/hdd/flapmax/tt-metal/tt_metal/hw/firmware/src/tt-1xx/trisck.cc,73,tile_fused:explicit_throughput,1
2.979,3.687,38,stall,13222245985083,13222245985791,slot0_x7_y4,0,7,4,TILE,TRISC-KERNEL,/hdd/flapmax/tt-metal/tt_metal/hw/firmware/src/tt-1xx/trisck.cc,73,tile_fused:trisc_kernel_base,1
3.687,3.734,38,active,13222245985791,13222245985838,slot0_x7_y4,0,7,4,TILE,THROUGHPUT_SECTION,/hdd/flapmax/tt-metal/tt_metal/hw/firmware/src/tt-1xx/trisck.cc,73,tile_fused:explicit_throughput,1
3.734,3.796,38,stall,13222245985838,13222245985900,slot0_x7_y4,0,7,4,TILE,TRISC-KERNEL,/hdd/flapmax/tt-metal/tt_metal/hw/firmware/src/tt-1xx/trisck.cc,73,tile_fused:trisc_kernel_base,1
3.796,3.819,38,active,13222245985900,13222245985923,slot0_x7_y4,0,7,4,TILE,THROUGHPUT_SECTION,/hdd/flapmax/tt-metal/tt_metal/hw/firmware/src/tt-1xx/trisck.cc,73,tile_fused:explicit_throughput,1
3.819,3.916,38,stall,13222245985923,13222245986020,slot0_x7_y4,0,7,4,TILE,TRISC-KERNEL,/hdd/flapmax/tt-metal/tt_metal/hw/firmware/src/tt-1xx/trisck.cc,73,tile_fused:trisc_kernel_base,1
3.916,3.935,38,active,13222245986020,13222245986039,slot0_x7_y4,0,7,4,TILE,THROUGHPUT_SECTION,/hdd/flapmax/tt-metal/tt_metal/hw/firmware/src/tt-1xx/trisck.cc,73,tile_fused:explicit_throughput,1
3.935,4.348,38,stall,13222245986039,13222245986452,slot0_x7_y4,0,7,4,TILE,TRISC-KERNEL,/hdd/flapmax/tt-metal/tt_metal/hw/firmware/src/tt-1xx/trisck.cc,73,tile_fused:trisc_kernel_base,1
4.348,4.402,38,active,13222245986452,13222245986506,slot0_x7_y4,0,7,4,TILE,THROUGHPUT_SECTION,/hdd/flapmax/tt-metal/tt_metal/hw/firmware/src/tt-1xx/trisck.cc,73,tile_fused:explicit_throughput,1
4.402,4.457,38,stall,13222245986506,13222245986561,slot0_x7_y4,0,7,4,TILE,TRISC-KERNEL,/hdd/flapmax/tt-metal/tt_metal/hw/firmware/src/tt-1xx/trisck.cc,73,tile_fused:trisc_kernel_base,1
4.457,4.479,38,active,13222245986561,13222245986583,slot0_x7_y4,0,7,4,TILE,THROUGHPUT_SECTION,/hdd/flapmax/tt-metal/tt_metal/hw/firmware/src/tt-1xx/trisck.cc,73,tile_fused:explicit_throughput,1
4.479,4.577,38,stall,13222245986583,13222245986681,slot0_x7_y4,0,7,4,TILE,TRISC-KERNEL,/hdd/flapmax/tt-metal/tt_metal/hw/firmware/src/tt-1xx/trisck.cc,73,tile_fused:trisc_kernel_base,1
4.577,4.597,38,active,13222245986681,13222245986701,slot0_x7_y4,0,7,4,TILE,THROUGHPUT_SECTION,/hdd/flapmax/tt-metal/tt_metal/hw/firmware/src/tt-1xx/trisck.cc,73,tile_fused:explicit_throughput,1
4.597,5.548,38,stall,13222245986701,13222245987652,slot0_x7_y4,0,7,4,TILE,TRISC-KERNEL,/hdd/flapmax/tt-metal/tt_metal/hw/firmware/src/tt-1xx/trisck.cc,73,tile_fused:trisc_kernel_base,1
5.548,5.594,38,active,13222245987652,13222245987698,slot0_x7_y4,0,7,4,TILE,THROUGHPUT_SECTION,/hdd/flapmax/tt-metal/tt_metal/hw/firmware/src/tt-1xx/trisck.cc,73,tile_fused:explicit_throughput,1
5.594,5.647,38,stall,13222245987698,13222245987751,slot0_x7_y4,0,7,4,TILE,TRISC-KERNEL,/hdd/flapmax/tt-metal/tt_metal/hw/firmware/src/tt-1xx/trisck.cc,73,tile_fused:trisc_kernel_base,1
5.647,5.668,38,active,13222245987751,13222245987772,slot0_x7_y4,0,7,4,TILE,THROUGHPUT_SECTION,/hdd/flapmax/tt-metal/tt_metal/hw/firmware/src/tt-1xx/trisck.cc,73,tile_fused:explicit_throughput,1
5.668,5.768,38,stall,13222245987772,13222245987872,slot0_x7_y4,0,7,4,TILE,TRISC-KERNEL,/hdd/flapmax/tt-metal/tt_metal/hw/firmware/src/tt-1xx/trisck.cc,73,tile_fused:trisc_kernel_base,1
5.768,5.788,38,active,13222245987872,13222245987892,slot0_x7_y4,0,7,4,TILE,THROUGHPUT_SECTION,/hdd/flapmax/tt-metal/tt_metal/hw/firmware/src/tt-1xx/trisck.cc,73,tile_fused:explicit_throughput,1
5.788,14.644,38,stall,13222245987892,13222245996748,slot0_x7_y4,0,7,4,TILE,TRISC-KERNEL,/hdd/flapmax/tt-metal/tt_metal/hw/firmware/src/tt-1xx/trisck.cc,73,tile_fused:trisc_kernel_base,1
14.644,14.698,38,active,13222245996748,13222245996802,slot0_x7_y4,0,7,4,TILE,THROUGHPUT_SECTION,/hdd/flapmax/tt-metal/tt_metal/hw/firmware/src/tt-1xx/trisck.cc,73,tile_fused:explicit_throughput,1
14.698,14.75,38,stall,13222245996802,13222245996854,slot0_x7_y4,0,7,4,TILE,TRISC-KERNEL,/hdd/flapmax/tt-metal/tt_metal/hw/firmware/src/tt-1xx/trisck.cc,73,tile_fused:trisc_kernel_base,1
14.75,14.772,38,active,13222245996854,13222245996876,slot0_x7_y4,0,7,4,TILE,THROUGHPUT_SECTION,/hdd/flapmax/tt-metal/tt_metal/hw/firmware/src/tt-1xx/trisck.cc,73,tile_fused:explicit_throughput,1
14.772,14.872,38,stall,13222245996876,13222245996976,slot0_x7_y4,0,7,4,TILE,TRISC-KERNEL,/hdd/flapmax/tt-metal/tt_metal/hw/firmware/src/tt-1xx/trisck.cc,73,tile_fused:trisc_kernel_base,1
14.872,14.892,38,active,13222245996976,13222245996996,slot0_x7_y4,0,7,4,TILE,THROUGHPUT_SECTION,/hdd/flapmax/tt-metal/tt_metal/hw/firmware/src/tt-1xx/trisck.cc,73,tile_fused:explicit_throughput,1
14.892,21.838,38,stall,13222245996996,13222246003942,slot0_x7_y4,0,7,4,TILE,TRISC-KERNEL,/hdd/flapmax/tt-metal/tt_metal/hw/firmware/src/tt-1xx/trisck.cc,73,tile_fused:trisc_kernel_base,1
21.838,21.885,38,active,13222246003942,13222246003989,slot0_x7_y4,0,7,4,TILE,THROUGHPUT_SECTION,/hdd/flapmax/tt-metal/tt_metal/hw/firmware/src/tt-1xx/trisck.cc,73,tile_fused:explicit_throughput,1
21.885,21.945,38,stall,13222246003989,13222246004049,slot0_x7_y4,0,7,4,TILE,TRISC-KERNEL,/hdd/flapmax/tt-metal/tt_metal/hw/firmware/src/tt-1xx/trisck.cc,73,tile_fused:trisc_kernel_base,1
21.945,21.969,38,active,13222246004049,13222246004073,slot0_x7_y4,0,7,4,TILE,THROUGHPUT_SECTION,/hdd/flapmax/tt-metal/tt_metal/hw/firmware/src/tt-1xx/trisck.cc,73,tile_fused:explicit_throughput,1
21.969,22.065,38,stall,13222246004073,13222246004169,slot0_x7_y4,0,7,4,TILE,TRISC-KERNEL,/hdd/flapmax/tt-metal/tt_metal/hw/firmware/src/tt-1xx/trisck.cc,73,tile_fused:trisc_kernel_base,1
22.065,22.084,38,active,13222246004169,13222246004188,slot0_x7_y4,0,7,4,TILE,THROUGHPUT_SECTION,/hdd/flapmax/tt-metal/tt_metal/hw/firmware/src/tt-1xx/trisck.cc,73,tile_fused:explicit_throughput,1
22.084,22.559,38,stall,13222246004188,13222246004663,slot0_x7_y4,0,7,4,TILE,TRISC-KERNEL,/hdd/flapmax/tt-metal/tt_metal/hw/firmware/src/tt-1xx/trisck.cc,73,tile_fused:trisc_kernel_base,1
22.559,22.613,38,active,13222246004663,13222246004717,slot0_x7_y4,0,7,4,TILE,THROUGHPUT_SECTION,/hdd/flapmax/tt-metal/tt_metal/hw/firmware/src/tt-1xx/trisck.cc,73,tile_fused:explicit_throughput,1
22.613,22.666,38,stall,13222246004717,13222246004770,slot0_x7_y4,0,7,4,TILE,TRISC-KERNEL,/hdd/flapmax/tt-metal/tt_metal/hw/firmware/src/tt-1xx/trisck.cc,73,tile_fused:trisc_kernel_base,1
22.666,22.687,38,active,13222246004770,13222246004791,slot0_x7_y4,0,7,4,TILE,THROUGHPUT_SECTION,/hdd/flapmax/tt-metal/tt_metal/hw/firmware/src/tt-1xx/trisck.cc,73,tile_fused:explicit_throughput,1
22.687,22.787,38,stall,13222246004791,13222246004891,slot0_x7_y4,0,7,4,TILE,TRISC-KERNEL,/hdd/flapmax/tt-metal/tt_metal/hw/firmware/src/tt-1xx/trisck.cc,73,tile_fused:trisc_kernel_base,1
22.787,22.806,38,active,13222246004891,13222246004910,slot0_x7_y4,0,7,4,TILE,THROUGHPUT_SECTION,/hdd/flapmax/tt-metal/tt_metal/hw/firmware/src/tt-1xx/trisck.cc,73,tile_fused:explicit_throughput,1
22.806,23.207,38,stall,13222246004910,13222246005311,slot0_x7_y4,0,7,4,TILE,TRISC-KERNEL,/hdd/flapmax/tt-metal/tt_metal/hw/firmware/src/tt-1xx/trisck.cc,73,tile_fused:trisc_kernel_base,1
23.207,23.254,38,active,13222246005311,13222246005358,slot0_x7_y4,0,7,4,TILE,THROUGHPUT_SECTION,/hdd/flapmax/tt-metal/tt_metal/hw/firmware/src/tt-1xx/trisck.cc,73,tile_fused:explicit_throughput,1
23.254,23.307,38,stall,13222246005358,13222246005411,slot0_x7_y4,0,7,4,TILE,TRISC-KERNEL,/hdd/flapmax/tt-metal/tt_metal/hw/firmware/src/tt-1xx/trisck.cc,73,tile_fused:trisc_kernel_base,1
23.307,23.328,38,active,13222246005411,13222246005432,slot0_x7_y4,0,7,4,TILE,THROUGHPUT_SECTION,/hdd/flapmax/tt-metal/tt_metal/hw/firmware/src/tt-1xx/trisck.cc,73,tile_fused:explicit_throughput,1
23.328,23.429,38,stall,13222246005432,13222246005533,slot0_x7_y4,0,7,4,TILE,TRISC-KERNEL,/hdd/flapmax/tt-metal/tt_metal/hw/firmware/src/tt-1xx/trisck.cc,73,tile_fused:trisc_kernel_base,1
23.429,23.449,38,active,13222246005533,13222246005553,slot0_x7_y4,0,7,4,TILE,THROUGHPUT_SECTION,/hdd/flapmax/tt-metal/tt_metal/hw/firmware/src/tt-1xx/trisck.cc,73,tile_fused:explicit_throughput,1
23.449,24.027,38,stall,13222246005553,13222246006131,slot0_x7_y4,0,7,4,TILE,TRISC-KERNEL,/hdd/flapmax/tt-metal/tt_metal/hw/firmware/src/tt-1xx/trisck.cc,73,tile_fused:trisc_kernel_base,1
24.027,24.081,38,active,13222246006131,13222246006185,slot0_x7_y4,0,7,4,TILE,THROUGHPUT_SECTION,/hdd/flapmax/tt-metal/tt_metal/hw/firmware/src/tt-1xx/trisck.cc,73,tile_fused:explicit_throughput,1
24.081,24.653,38,stall,13222246006185,13222246006757,slot0_x7_y4,0,7,4,TILE,TRISC-KERNEL,/hdd/flapmax/tt-metal/tt_metal/hw/firmware/src/tt-1xx/trisck.cc,73,tile_fused:trisc_kernel_base,1
24.653,24.7,38,active,13222246006757,13222246006804,slot0_x7_y4,0,7,4,TILE,THROUGHPUT_SECTION,/hdd/flapmax/tt-metal/tt_metal/hw/firmware/src/tt-1xx/trisck.cc,73,tile_fused:explicit_throughput,1
24.7,25.459,38,stall,13222246006804,13222246007563,slot0_x7_y4,0,7,4,TILE,TRISC-KERNEL,/hdd/flapmax/tt-metal/tt_metal/hw/firmware/src/tt-1xx/trisck.cc,73,tile_fused:trisc_kernel_base,1
0.11,0.291,39,stall,13222245982214,13222245982395,slot0_x7_y5,0,7,5,TILE,TRISC-KERNEL,/hdd/flapmax/tt-metal/tt_metal/hw/firmware/src/tt-1xx/trisck.cc,73,tile_fused:trisc_kernel_base,1
0.291,0.313,39,active,13222245982395,13222245982417,slot0_x7_y5,0,7,5,TILE,THROUGHPUT_SECTION,/hdd/flapmax/tt-metal/tt_metal/hw/firmware/src/tt-1xx/trisck.cc,73,tile_fused:explicit_throughput,1
0.313,0.347,39,stall,13222245982417,13222245982451,slot0_x7_y5,0,7,5,TILE,TRISC-KERNEL,/hdd/flapmax/tt-metal/tt_metal/hw/firmware/src/tt-1xx/trisck.cc,73,tile_fused:trisc_kernel_base,1
0.347,0.368,39,active,13222245982451,13222245982472,slot0_x7_y5,0,7,5,TILE,THROUGHPUT_SECTION,/hdd/flapmax/tt-metal/tt_metal/hw/firmware/src/tt-1xx/trisck.cc,73,tile_fused:explicit_throughput,1
0.368,0.565,39,stall,13222245982472,13222245982669,slot0_x7_y5,0,7,5,TILE,TRISC-KERNEL,/hdd/flapmax/tt-metal/tt_metal/hw/firmware/src/tt-1xx/trisck.cc,73,tile_fused:trisc_kernel_base,1
0.565,0.584,39,active,13222245982669,13222245982688,slot0_x7_y5,0,7,5,TILE,THROUGHPUT_SECTION,/hdd/flapmax/tt-metal/tt_metal/hw/firmware/src/tt-1xx/trisck.cc,73,tile_fused:explicit_throughput,1
0.584,0.696,39,stall,13222245982688,13222245982800,slot0_x7_y5,0,7,5,TILE,TRISC-KERNEL,/hdd/flapmax/tt-metal/tt_metal/hw/firmware/src/tt-1xx/trisck.cc,73,tile_fused:trisc_kernel_base,1
0.696,0.715,39,active,13222245982800,13222245982819,slot0_x7_y5,0,7,5,TILE,THROUGHPUT_SECTION,/hdd/flapmax/tt-metal/tt_metal/hw/firmware/src/tt-1xx/trisck.cc,73,tile_fused:explicit_throughput,1
0.715,1.495,39,stall,13222245982819,13222245983599,slot0_x7_y5,0,7,5,TILE,TRISC-KERNEL,/hdd/flapmax/tt-metal/tt_metal/hw/firmware/src/tt-1xx/trisck.cc,73,tile_fused:trisc_kernel_base,1
1.495,1.541,39,active,13222245983599,13222245983645,slot0_x7_y5,0,7,5,TILE,THROUGHPUT_SECTION,/hdd/flapmax/tt-metal/tt_metal/hw/firmware/src/tt-1xx/trisck.cc,73,tile_fused:explicit_throughput,1
1.541,1.595,39,stall,13222245983645,13222245983699,slot0_x7_y5,0,7,5,TILE,TRISC-KERNEL,/hdd/flapmax/tt-metal/tt_metal/hw/firmware/src/tt-1xx/trisck.cc,73,tile_fused:trisc_kernel_base,1
1.595,1.62,39,active,13222245983699,13222245983724,slot0_x7_y5,0,7,5,TILE,THROUGHPUT_SECTION,/hdd/flapmax/tt-metal/tt_metal/hw/firmware/src/tt-1xx/trisck.cc,73,tile_fused:explicit_throughput,1
1.62,1.717,39,stall,13222245983724,13222245983821,slot0_x7_y5,0,7,5,TILE,TRISC-KERNEL,/hdd/flapmax/tt-metal/tt_metal/hw/firmware/src/tt-1xx/trisck.cc,73,tile_fused:trisc_kernel_base,1
1.717,1.736,39,active,13222245983821,13222245983840,slot0_x7_y5,0,7,5,TILE,THROUGHPUT_SECTION,/hdd/flapmax/tt-metal/tt_metal/hw/firmware/src/tt-1xx/trisck.cc,73,tile_fused:explicit_throughput,1
1.736,9.285,39,stall,13222245983840,13222245991389,slot0_x7_y5,0,7,5,TILE,TRISC-KERNEL,/hdd/flapmax/tt-metal/tt_metal/hw/firmware/src/tt-1xx/trisck.cc,73,tile_fused:trisc_kernel_base,1
9.285,9.344,39,active,13222245991389,13222245991448,slot0_x7_y5,0,7,5,TILE,THROUGHPUT_SECTION,/hdd/flapmax/tt-metal/tt_metal/hw/firmware/src/tt-1xx/trisck.cc,73,tile_fused:explicit_throughput,1
9.344,9.398,39,stall,13222245991448,13222245991502,slot0_x7_y5,0,7,5,TILE,TRISC-KERNEL,/hdd/flapmax/tt-metal/tt_metal/hw/firmware/src/tt-1xx/trisck.cc,73,tile_fused:trisc_kernel_base,1
9.398,9.42,39,active,13222245991502,13222245991524,slot0_x7_y5,0,7,5,TILE,THROUGHPUT_SECTION,/hdd/flapmax/tt-metal/tt_metal/hw/firmware/src/tt-1xx/trisck.cc,73,tile_fused:explicit_throughput,1
9.42,9.52,39,stall,13222245991524,13222245991624,slot0_x7_y5,0,7,5,TILE,TRISC-KERNEL,/hdd/flapmax/tt-metal/tt_metal/hw/firmware/src/tt-1xx/trisck.cc,73,tile_fused:trisc_kernel_base,1
9.52,9.54,39,active,13222245991624,13222245991644,slot0_x7_y5,0,7,5,TILE,THROUGHPUT_SECTION,/hdd/flapmax/tt-metal/tt_metal/hw/firmware/src/tt-1xx/trisck.cc,73,tile_fused:explicit_throughput,1
9.54,17.838,39,stall,13222245991644,13222245999942,slot0_x7_y5,0,7,5,TILE,TRISC-KERNEL,/hdd/flapmax/tt-metal/tt_metal/hw/firmware/src/tt-1xx/trisck.cc,73,tile_fused:trisc_kernel_base,1
17.838,17.885,39,active,13222245999942,13222245999989,slot0_x7_y5,0,7,5,TILE,THROUGHPUT_SECTION,/hdd/flapmax/tt-metal/tt_metal/hw/firmware/src/tt-1xx/trisck.cc,73,tile_fused:explicit_throughput,1
17.885,17.947,39,stall,13222245999989,13222246000051,slot0_x7_y5,0,7,5,TILE,TRISC-KERNEL,/hdd/flapmax/tt-metal/tt_metal/hw/firmware/src/tt-1xx/trisck.cc,73,tile_fused:trisc_kernel_base,1
17.947,17.97,39,active,13222246000051,13222246000074,slot0_x7_y5,0,7,5,TILE,THROUGHPUT_SECTION,/hdd/flapmax/tt-metal/tt_metal/hw/firmware/src/tt-1xx/trisck.cc,73,tile_fused:explicit_throughput,1
17.97,18.067,39,stall,13222246000074,13222246000171,slot0_x7_y5,0,7,5,TILE,TRISC-KERNEL,/hdd/flapmax/tt-metal/tt_metal/hw/firmware/src/tt-1xx/trisck.cc,73,tile_fused:trisc_kernel_base,1
18.067,18.086,39,active,13222246000171,13222246000190,slot0_x7_y5,0,7,5,TILE,THROUGHPUT_SECTION,/hdd/flapmax/tt-metal/tt_metal/hw/firmware/src/tt-1xx/trisck.cc,73,tile_fused:explicit_throughput,1
18.086,18.351,39,stall,13222246000190,13222246000455,slot0_x7_y5,0,7,5,TILE,TRISC-KERNEL,/hdd/flapmax/tt-metal/tt_metal/hw/firmware/src/tt-1xx/trisck.cc,73,tile_fused:trisc_kernel_base,1
18.351,18.405,39,active,13222246000455,13222246000509,slot0_x7_y5,0,7,5,TILE,THROUGHPUT_SECTION,/hdd/flapmax/tt-metal/tt_metal/hw/firmware/src/tt-1xx/trisck.cc,73,tile_fused:explicit_throughput,1
18.405,18.459,39,stall,13222246000509,13222246000563,slot0_x7_y5,0,7,5,TILE,TRISC-KERNEL,/hdd/flapmax/tt-metal/tt_metal/hw/firmware/src/tt-1xx/trisck.cc,73,tile_fused:trisc_kernel_base,1
18.459,18.48,39,active,13222246000563,13222246000584,slot0_x7_y5,0,7,5,TILE,THROUGHPUT_SECTION,/hdd/flapmax/tt-metal/tt_metal/hw/firmware/src/tt-1xx/trisck.cc,73,tile_fused:explicit_throughput,1
18.48,18.581,39,stall,13222246000584,13222246000685,slot0_x7_y5,0,7,5,TILE,TRISC-KERNEL,/hdd/flapmax/tt-metal/tt_metal/hw/firmware/src/tt-1xx/trisck.cc,73,tile_fused:trisc_kernel_base,1
18.581,18.601,39,active,13222246000685,13222246000705,slot0_x7_y5,0,7,5,TILE,THROUGHPUT_SECTION,/hdd/flapmax/tt-metal/tt_metal/hw/firmware/src/tt-1xx/trisck.cc,73,tile_fused:explicit_throughput,1
18.601,19.148,39,stall,13222246000705,13222246001252,slot0_x7_y5,0,7,5,TILE,TRISC-KERNEL,/hdd/flapmax/tt-metal/tt_metal/hw/firmware/src/tt-1xx/trisck.cc,73,tile_fused:trisc_kernel_base,1
19.148,19.195,39,active,13222246001252,13222246001299,slot0_x7_y5,0,7,5,TILE,THROUGHPUT_SECTION,/hdd/flapmax/tt-metal/tt_metal/hw/firmware/src/tt-1xx/trisck.cc,73,tile_fused:explicit_throughput,1
19.195,19.249,39,stall,13222246001299,13222246001353,slot0_x7_y5,0,7,5,TILE,TRISC-KERNEL,/hdd/flapmax/tt-metal/tt_metal/hw/firmware/src/tt-1xx/trisck.cc,73,tile_fused:trisc_kernel_base,1
19.249,19.27,39,active,13222246001353,13222246001374,slot0_x7_y5,0,7,5,TILE,THROUGHPUT_SECTION,/hdd/flapmax/tt-metal/tt_metal/hw/firmware/src/tt-1xx/trisck.cc,73,tile_fused:explicit_throughput,1
19.27,19.37,39,stall,13222246001374,13222246001474,slot0_x7_y5,0,7,5,TILE,TRISC-KERNEL,/hdd/flapmax/tt-metal/tt_metal/hw/firmware/src/tt-1xx/trisck.cc,73,tile_fused:trisc_kernel_base,1
19.37,19.39,39,active,13222246001474,13222246001494,slot0_x7_y5,0,7,5,TILE,THROUGHPUT_SECTION,/hdd/flapmax/tt-metal/tt_metal/hw/firmware/src/tt-1xx/trisck.cc,73,tile_fused:explicit_throughput,1
19.39,19.955,39,stall,13222246001494,13222246002059,slot0_x7_y5,0,7,5,TILE,TRISC-KERNEL,/hdd/flapmax/tt-metal/tt_metal/hw/firmware/src/tt-1xx/trisck.cc,73,tile_fused:trisc_kernel_base,1
19.955,20.01,39,active,13222246002059,13222246002114,slot0_x7_y5,0,7,5,TILE,THROUGHPUT_SECTION,/hdd/flapmax/tt-metal/tt_metal/hw/firmware/src/tt-1xx/trisck.cc,73,tile_fused:explicit_throughput,1
20.01,20.062,39,stall,13222246002114,13222246002166,slot0_x7_y5,0,7,5,TILE,TRISC-KERNEL,/hdd/flapmax/tt-metal/tt_metal/hw/firmware/src/tt-1xx/trisck.cc,73,tile_fused:trisc_kernel_base,1
20.062,20.086,39,active,13222246002166,13222246002190,slot0_x7_y5,0,7,5,TILE,THROUGHPUT_SECTION,/hdd/flapmax/tt-metal/tt_metal/hw/firmware/src/tt-1xx/trisck.cc,73,tile_fused:explicit_throughput,1
20.086,20.183,39,stall,13222246002190,13222246002287,slot0_x7_y5,0,7,5,TILE,TRISC-KERNEL,/hdd/flapmax/tt-metal/tt_metal/hw/firmware/src/tt-1xx/trisck.cc,73,tile_fused:trisc_kernel_base,1
20.183,20.202,39,active,13222246002287,13222246002306,slot0_x7_y5,0,7,5,TILE,THROUGHPUT_SECTION,/hdd/flapmax/tt-metal/tt_metal/hw/firmware/src/tt-1xx/trisck.cc,73,tile_fused:explicit_throughput,1
20.202,20.857,39,stall,13222246002306,13222246002961,slot0_x7_y5,0,7,5,TILE,TRISC-KERNEL,/hdd/flapmax/tt-metal/tt_metal/hw/firmware/src/tt-1xx/trisck.cc,73,tile_fused:trisc_kernel_base,1
20.857,20.904,39,active,13222246002961,13222246003008,slot0_x7_y5,0,7,5,TILE,THROUGHPUT_SECTION,/hdd/flapmax/tt-metal/tt_metal/hw/firmware/src/tt-1xx/trisck.cc,73,tile_fused:explicit_throughput,1
20.904,20.965,39,stall,13222246003008,13222246003069,slot0_x7_y5,0,7,5,TILE,TRISC-KERNEL,/hdd/flapmax/tt-metal/tt_metal/hw/firmware/src/tt-1xx/trisck.cc,73,tile_fused:trisc_kernel_base,1
20.965,20.986,39,active,13222246003069,13222246003090,slot0_x7_y5,0,7,5,TILE,THROUGHPUT_SECTION,/hdd/flapmax/tt-metal/tt_metal/hw/firmware/src/tt-1xx/trisck.cc,73,tile_fused:explicit_throughput,1
20.986,21.084,39,stall,13222246003090,13222246003188,slot0_x7_y5,0,7,5,TILE,TRISC-KERNEL,/hdd/flapmax/tt-metal/tt_metal/hw/firmware/src/tt-1xx/trisck.cc,73,tile_fused:trisc_kernel_base,1
21.084,21.103,39,active,13222246003188,13222246003207,slot0_x7_y5,0,7,5,TILE,THROUGHPUT_SECTION,/hdd/flapmax/tt-metal/tt_metal/hw/firmware/src/tt-1xx/trisck.cc,73,tile_fused:explicit_throughput,1
21.103,21.722,39,stall,13222246003207,13222246003826,slot0_x7_y5,0,7,5,TILE,TRISC-KERNEL,/hdd/flapmax/tt-metal/tt_metal/hw/firmware/src/tt-1xx/trisck.cc,73,tile_fused:trisc_kernel_base,1
21.722,21.776,39,active,13222246003826,13222246003880,slot0_x7_y5,0,7,5,TILE,THROUGHPUT_SECTION,/hdd/flapmax/tt-metal/tt_metal/hw/firmware/src/tt-1xx/trisck.cc,73,tile_fused:explicit_throughput,1
21.776,21.828,39,stall,13222246003880,13222246003932,slot0_x7_y5,0,7,5,TILE,TRISC-KERNEL,/hdd/flapmax/tt-metal/tt_metal/hw/firmware/src/tt-1xx/trisck.cc,73,tile_fused:trisc_kernel_base,1
21.828,21.849,39,active,13222246003932,13222246003953,slot0_x7_y5,0,7,5,TILE,THROUGHPUT_SECTION,/hdd/flapmax/tt-metal/tt_metal/hw/firmware/src/tt-1xx/trisck.cc,73,tile_fused:explicit_throughput,1
21.849,21.949,39,stall,13222246003953,13222246004053,slot0_x7_y5,0,7,5,TILE,TRISC-KERNEL,/hdd/flapmax/tt-metal/tt_metal/hw/firmware/src/tt-1xx/trisck.cc,73,tile_fused:trisc_kernel_base,1
21.949,21.969,39,active,13222246004053,13222246004073,slot0_x7_y5,0,7,5,TILE,THROUGHPUT_SECTION,/hdd/flapmax/tt-metal/tt_metal/hw/firmware/src/tt-1xx/trisck.cc,73,tile_fused:explicit_throughput,1
21.969,22.776,39,stall,13222246004073,13222246004880,slot0_x7_y5,0,7,5,TILE,TRISC-KERNEL,/hdd/flapmax/tt-metal/tt_metal/hw/firmware/src/tt-1xx/trisck.cc,73,tile_fused:trisc_kernel_base,1
22.776,22.823,39,active,13222246004880,13222246004927,slot0_x7_y5,0,7,5,TILE,THROUGHPUT_SECTION,/hdd/flapmax/tt-metal/tt_metal/hw/firmware/src/tt-1xx/trisck.cc,73,tile_fused:explicit_throughput,1
22.823,22.876,39,stall,13222246004927,13222246004980,slot0_x7_y5,0,7,5,TILE,TRISC-KERNEL,/hdd/flapmax/tt-metal/tt_metal/hw/firmware/src/tt-1xx/trisck.cc,73,tile_fused:trisc_kernel_base,1
22.876,22.897,39,active,13222246004980,13222246005001,slot0_x7_y5,0,7,5,TILE,THROUGHPUT_SECTION,/hdd/flapmax/tt-metal/tt_metal/hw/firmware/src/tt-1xx/trisck.cc,73,tile_fused:explicit_throughput,1
22.897,22.997,39,stall,13222246005001,13222246005101,slot0_x7_y5,0,7,5,TILE,TRISC-KERNEL,/hdd/flapmax/tt-metal/tt_metal/hw/firmware/src/tt-1xx/trisck.cc,73,tile_fused:trisc_kernel_base,1
22.997,23.019,39,active,13222246005101,13222246005123,slot0_x7_y5,0,7,5,TILE,THROUGHPUT_SECTION,/hdd/flapmax/tt-metal/tt_metal/hw/firmware/src/tt-1xx/trisck.cc,73,tile_fused:explicit_throughput,1
23.019,23.415,39,stall,13222246005123,13222246005519,slot0_x7_y5,0,7,5,TILE,TRISC-KERNEL,/hdd/flapmax/tt-metal/tt_metal/hw/firmware/src/tt-1xx/trisck.cc,73,tile_fused:trisc_kernel_base,1
23.415,23.469,39,active,13222246005519,13222246005573,slot0_x7_y5,0,7,5,TILE,THROUGHPUT_SECTION,/hdd/flapmax/tt-metal/tt_metal/hw/firmware/src/tt-1xx/trisck.cc,73,tile_fused:explicit_throughput,1
23.469,24.472,39,stall,13222246005573,13222246006576,slot0_x7_y5,0,7,5,TILE,TRISC-KERNEL,/hdd/flapmax/tt-metal/tt_metal/hw/firmware/src/tt-1xx/trisck.cc,73,tile_fused:trisc_kernel_base,1
24.472,24.519,39,active,13222246006576,13222246006623,slot0_x7_y5,0,7,5,TILE,THROUGHPUT_SECTION,/hdd/flapmax/tt-metal/tt_metal/hw/firmware/src/tt-1xx/trisck.cc,73,tile_fused:explicit_throughput,1
24.519,25.259,39,stall,13222246006623,13222246007363,slot0_x7_y5,0,7,5,TILE,TRISC-KERNEL,/hdd/flapmax/tt-metal/tt_metal/hw/firmware/src/tt-1xx/trisck.cc,73,tile_fused:trisc_kernel_base,1
0.103,0.282,40,stall,13222245982207,13222245982386,slot0_x7_y7,0,7,7,TILE,TRISC-KERNEL,/hdd/flapmax/tt-metal/tt_metal/hw/firmware/src/tt-1xx/trisck.cc,73,tile_fused:trisc_kernel_base,1
0.282,0.303,40,active,13222245982386,13222245982407,slot0_x7_y7,0,7,7,TILE,THROUGHPUT_SECTION,/hdd/flapmax/tt-metal/tt_metal/hw/firmware/src/tt-1xx/trisck.cc,73,tile_fused:explicit_throughput,1
0.303,0.341,40,stall,13222245982407,13222245982445,slot0_x7_y7,0,7,7,TILE,TRISC-KERNEL,/hdd/flapmax/tt-metal/tt_metal/hw/firmware/src/tt-1xx/trisck.cc,73,tile_fused:trisc_kernel_base,1
0.341,0.362,40,active,13222245982445,13222245982466,slot0_x7_y7,0,7,7,TILE,THROUGHPUT_SECTION,/hdd/flapmax/tt-metal/tt_metal/hw/firmware/src/tt-1xx/trisck.cc,73,tile_fused:explicit_throughput,1
0.362,0.554,40,stall,13222245982466,13222245982658,slot0_x7_y7,0,7,7,TILE,TRISC-KERNEL,/hdd/flapmax/tt-metal/tt_metal/hw/firmware/src/tt-1xx/trisck.cc,73,tile_fused:trisc_kernel_base,1
0.554,0.573,40,active,13222245982658,13222245982677,slot0_x7_y7,0,7,7,TILE,THROUGHPUT_SECTION,/hdd/flapmax/tt-metal/tt_metal/hw/firmware/src/tt-1xx/trisck.cc,73,tile_fused:explicit_throughput,1
0.573,0.684,40,stall,13222245982677,13222245982788,slot0_x7_y7,0,7,7,TILE,TRISC-KERNEL,/hdd/flapmax/tt-metal/tt_metal/hw/firmware/src/tt-1xx/trisck.cc,73,tile_fused:trisc_kernel_base,1
0.684,0.703,40,active,13222245982788,13222245982807,slot0_x7_y7,0,7,7,TILE,THROUGHPUT_SECTION,/hdd/flapmax/tt-metal/tt_metal/hw/firmware/src/tt-1xx/trisck.cc,73,tile_fused:explicit_throughput,1
0.703,1.487,40,stall,13222245982807,13222245983591,slot0_x7_y7,0,7,7,TILE,TRISC-KERNEL,/hdd/flapmax/tt-metal/tt_metal/hw/firmware/src/tt-1xx/trisck.cc,73,tile_fused:trisc_kernel_base,1
1.487,1.533,40,active,13222245983591,13222245983637,slot0_x7_y7,0,7,7,TILE,THROUGHPUT_SECTION,/hdd/flapmax/tt-metal/tt_metal/hw/firmware/src/tt-1xx/trisck.cc,73,tile_fused:explicit_throughput,1
1.533,1.587,40,stall,13222245983637,13222245983691,slot0_x7_y7,0,7,7,TILE,TRISC-KERNEL,/hdd/flapmax/tt-metal/tt_metal/hw/firmware/src/tt-1xx/trisck.cc,73,tile_fused:trisc_kernel_base,1
1.587,1.609,40,active,13222245983691,13222245983713,slot0_x7_y7,0,7,7,TILE,THROUGHPUT_SECTION,/hdd/flapmax/tt-metal/tt_metal/hw/firmware/src/tt-1xx/trisck.cc,73,tile_fused:explicit_throughput,1
1.609,1.709,40,stall,13222245983713,13222245983813,slot0_x7_y7,0,7,7,TILE,TRISC-KERNEL,/hdd/flapmax/tt-metal/tt_metal/hw/firmware/src/tt-1xx/trisck.cc,73,tile_fused:trisc_kernel_base,1
1.709,1.728,40,active,13222245983813,13222245983832,slot0_x7_y7,0,7,7,TILE,THROUGHPUT_SECTION,/hdd/flapmax/tt-metal/tt_metal/hw/firmware/src/tt-1xx/trisck.cc,73,tile_fused:explicit_throughput,1
1.728,2.443,40,stall,13222245983832,13222245984547,slot0_x7_y7,0,7,7,TILE,TRISC-KERNEL,/hdd/flapmax/tt-metal/tt_metal/hw/firmware/src/tt-1xx/trisck.cc,73,tile_fused:trisc_kernel_base,1
2.443,2.502,40,active,13222245984547,13222245984606,slot0_x7_y7,0,7,7,TILE,THROUGHPUT_SECTION,/hdd/flapmax/tt-metal/tt_metal/hw/firmware/src/tt-1xx/trisck.cc,73,tile_fused:explicit_throughput,1
2.502,2.556,40,stall,13222245984606,13222245984660,slot0_x7_y7,0,7,7,TILE,TRISC-KERNEL,/hdd/flapmax/tt-metal/tt_metal/hw/firmware/src/tt-1xx/trisck.cc,73,tile_fused:trisc_kernel_base,1
2.556,2.578,40,active,13222245984660,13222245984682,slot0_x7_y7,0,7,7,TILE,THROUGHPUT_SECTION,/hdd/flapmax/tt-metal/tt_metal/hw/firmware/src/tt-1xx/trisck.cc,73,tile_fused:explicit_throughput,1
2.578,2.677,40,stall,13222245984682,13222245984781,slot0_x7_y7,0,7,7,TILE,TRISC-KERNEL,/hdd/flapmax/tt-metal/tt_metal/hw/firmware/src/tt-1xx/trisck.cc,73,tile_fused:trisc_kernel_base,1
2.677,2.697,40,active,13222245984781,13222245984801,slot0_x7_y7,0,7,7,TILE,THROUGHPUT_SECTION,/hdd/flapmax/tt-metal/tt_metal/hw/firmware/src/tt-1xx/trisck.cc,73,tile_fused:explicit_throughput,1
2.697,3.375,40,stall,13222245984801,13222245985479,slot0_x7_y7,0,7,7,TILE,TRISC-KERNEL,/hdd/flapmax/tt-metal/tt_metal/hw/firmware/src/tt-1xx/trisck.cc,73,tile_fused:trisc_kernel_base,1
3.375,3.422,40,active,13222245985479,13222245985526,slot0_x7_y7,0,7,7,TILE,THROUGHPUT_SECTION,/hdd/flapmax/tt-metal/tt_metal/hw/firmware/src/tt-1xx/trisck.cc,73,tile_fused:explicit_throughput,1
3.422,3.484,40,stall,13222245985526,13222245985588,slot0_x7_y7,0,7,7,TILE,TRISC-KERNEL,/hdd/flapmax/tt-metal/tt_metal/hw/firmware/src/tt-1xx/trisck.cc,73,tile_fused:trisc_kernel_base,1
3.484,3.507,40,active,13222245985588,13222245985611,slot0_x7_y7,0,7,7,TILE,THROUGHPUT_SECTION,/hdd/flapmax/tt-metal/tt_metal/hw/firmware/src/tt-1xx/trisck.cc,73,tile_fused:explicit_throughput,1
3.507,3.604,40,stall,13222245985611,13222245985708,slot0_x7_y7,0,7,7,TILE,TRISC-KERNEL,/hdd/flapmax/tt-metal/tt_metal/hw/firmware/src/tt-1xx/trisck.cc,73,tile_fused:trisc_kernel_base,1
3.604,3.623,40,active,13222245985708,13222245985727,slot0_x7_y7,0,7,7,TILE,THROUGHPUT_SECTION,/hdd/flapmax/tt-metal/tt_metal/hw/firmware/src/tt-1xx/trisck.cc,73,tile_fused:explicit_throughput,1
3.623,4.157,40,stall,13222245985727,13222245986261,slot0_x7_y7,0,7,7,TILE,TRISC-KERNEL,/hdd/flapmax/tt-metal/tt_metal/hw/firmware/src/tt-1xx/trisck.cc,73,tile_fused:trisc_kernel_base,1
4.157,4.211,40,active,13222245986261,13222245986315,slot0_x7_y7,0,7,7,TILE,THROUGHPUT_SECTION,/hdd/flapmax/tt-metal/tt_metal/hw/firmware/src/tt-1xx/trisck.cc,73,tile_fused:explicit_throughput,1
4.211,4.265,40,stall,13222245986315,13222245986369,slot0_x7_y7,0,7,7,TILE,TRISC-KERNEL,/hdd/flapmax/tt-metal/tt_metal/hw/firmware/src/tt-1xx/trisck.cc,73,tile_fused:trisc_kernel_base,1
4.265,4.286,40,active,13222245986369,13222245986390,slot0_x7_y7,0,7,7,TILE,THROUGHPUT_SECTION,/hdd/flapmax/tt-metal/tt_metal/hw/firmware/src/tt-1xx/trisck.cc,73,tile_fused:explicit_throughput,1
4.286,4.386,40,stall,13222245986390,13222245986490,slot0_x7_y7,0,7,7,TILE,TRISC-KERNEL,/hdd/flapmax/tt-metal/tt_metal/hw/firmware/src/tt-1xx/trisck.cc,73,tile_fused:trisc_kernel_base,1
4.386,4.405,40,active,13222245986490,13222245986509,slot0_x7_y7,0,7,7,TILE,THROUGHPUT_SECTION,/hdd/flapmax/tt-metal/tt_metal/hw/firmware/src/tt-1xx/trisck.cc,73,tile_fused:explicit_throughput,1
4.405,5.07,40,stall,13222245986509,13222245987174,slot0_x7_y7,0,7,7,TILE,TRISC-KERNEL,/hdd/flapmax/tt-metal/tt_metal/hw/firmware/src/tt-1xx/trisck.cc,73,tile_fused:trisc_kernel_base,1
5.07,5.117,40,active,13222245987174,13222245987221,slot0_x7_y7,0,7,7,TILE,THROUGHPUT_SECTION,/hdd/flapmax/tt-metal/tt_metal/hw/firmware/src/tt-1xx/trisck.cc,73,tile_fused:explicit_throughput,1
5.117,5.17,40,stall,13222245987221,13222245987274,slot0_x7_y7,0,7,7,TILE,TRISC-KERNEL,/hdd/flapmax/tt-metal/tt_metal/hw/firmware/src/tt-1xx/trisck.cc,73,tile_fused:trisc_kernel_base,1
5.17,5.191,40,active,13222245987274,13222245987295,slot0_x7_y7,0,7,7,TILE,THROUGHPUT_SECTION,/hdd/flapmax/tt-metal/tt_metal/hw/firmware/src/tt-1xx/trisck.cc,73,tile_fused:explicit_throughput,1
5.191,5.291,40,stall,13222245987295,13222245987395,slot0_x7_y7,0,7,7,TILE,TRISC-KERNEL,/hdd/flapmax/tt-metal/tt_metal/hw/firmware/src/tt-1xx/trisck.cc,73,tile_fused:trisc_kernel_base,1
5.291,5.313,40,active,13222245987395,13222245987417,slot0_x7_y7,0,7,7,TILE,THROUGHPUT_SECTION,/hdd/flapmax/tt-metal/tt_metal/hw/firmware/src/tt-1xx/trisck.cc,73,tile_fused:explicit_throughput,1
5.313,6.35,40,stall,13222245987417,13222245988454,slot0_x7_y7,0,7,7,TILE,TRISC-KERNEL,/hdd/flapmax/tt-metal/tt_metal/hw/firmware/src/tt-1xx/trisck.cc,73,tile_fused:trisc_kernel_base,1
6.35,6.404,40,active,13222245988454,13222245988508,slot0_x7_y7,0,7,7,TILE,THROUGHPUT_SECTION,/hdd/flapmax/tt-metal/tt_metal/hw/firmware/src/tt-1xx/trisck.cc,73,tile_fused:explicit_throughput,1
6.404,6.456,40,stall,13222245988508,13222245988560,slot0_x7_y7,0,7,7,TILE,TRISC-KERNEL,/hdd/flapmax/tt-metal/tt_metal/hw/firmware/src/tt-1xx/trisck.cc,73,tile_fused:trisc_kernel_base,1
6.456,6.478,40,active,13222245988560,13222245988582,slot0_x7_y7,0,7,7,TILE,THROUGHPUT_SECTION,/hdd/flapmax/tt-metal/tt_metal/hw/firmware/src/tt-1xx/trisck.cc,73,tile_fused:explicit_throughput,1
6.478,6.578,40,stall,13222245988582,13222245988682,slot0_x7_y7,0,7,7,TILE,TRISC-KERNEL,/hdd/flapmax/tt-metal/tt_metal/hw/firmware/src/tt-1xx/trisck.cc,73,tile_fused:trisc_kernel_base,1
6.578,6.598,40,active,13222245988682,13222245988702,slot0_x7_y7,0,7,7,TILE,THROUGHPUT_SECTION,/hdd/flapmax/tt-metal/tt_metal/hw/firmware/src/tt-1xx/trisck.cc,73,tile_fused:explicit_throughput,1
6.598,7.289,40,stall,13222245988702,13222245989393,slot0_x7_y7,0,7,7,TILE,TRISC-KERNEL,/hdd/flapmax/tt-metal/tt_metal/hw/firmware/src/tt-1xx/trisck.cc,73,tile_fused:trisc_kernel_base,1
7.289,7.336,40,active,13222245989393,13222245989440,slot0_x7_y7,0,7,7,TILE,THROUGHPUT_SECTION,/hdd/flapmax/tt-metal/tt_metal/hw/firmware/src/tt-1xx/trisck.cc,73,tile_fused:explicit_throughput,1
7.336,7.396,40,stall,13222245989440,13222245989500,slot0_x7_y7,0,7,7,TILE,TRISC-KERNEL,/hdd/flapmax/tt-metal/tt_metal/hw/firmware/src/tt-1xx/trisck.cc,73,tile_fused:trisc_kernel_base,1
7.396,7.418,40,active,13222245989500,13222245989522,slot0_x7_y7,0,7,7,TILE,THROUGHPUT_SECTION,/hdd/flapmax/tt-metal/tt_metal/hw/firmware/src/tt-1xx/trisck.cc,73,tile_fused:explicit_throughput,1
7.418,7.516,40,stall,13222245989522,13222245989620,slot0_x7_y7,0,7,7,TILE,TRISC-KERNEL,/hdd/flapmax/tt-metal/tt_metal/hw/firmware/src/tt-1xx/trisck.cc,73,tile_fused:trisc_kernel_base,1
7.516,7.535,40,active,13222245989620,13222245989639,slot0_x7_y7,0,7,7,TILE,THROUGHPUT_SECTION,/hdd/flapmax/tt-metal/tt_metal/hw/firmware/src/tt-1xx/trisck.cc,73,tile_fused:explicit_throughput,1
7.535,8.872,40,stall,13222245989639,13222245990976,slot0_x7_y7,0,7,7,TILE,TRISC-KERNEL,/hdd/flapmax/tt-metal/tt_metal/hw/firmware/src/tt-1xx/trisck.cc,73,tile_fused:trisc_kernel_base,1
8.872,8.926,40,active,13222245990976,13222245991030,slot0_x7_y7,0,7,7,TILE,THROUGHPUT_SECTION,/hdd/flapmax/tt-metal/tt_metal/hw/firmware/src/tt-1xx/trisck.cc,73,tile_fused:explicit_throughput,1
8.926,8.978,40,stall,13222245991030,13222245991082,slot0_x7_y7,0,7,7,TILE,TRISC-KERNEL,/hdd/flapmax/tt-metal/tt_metal/hw/firmware/src/tt-1xx/trisck.cc,73,tile_fused:trisc_kernel_base,1
8.978,9.001,40,active,13222245991082,13222245991105,slot0_x7_y7,0,7,7,TILE,THROUGHPUT_SECTION,/hdd/flapmax/tt-metal/tt_metal/hw/firmware/src/tt-1xx/trisck.cc,73,tile_fused:explicit_throughput,1
9.001,9.099,40,stall,13222245991105,13222245991203,slot0_x7_y7,0,7,7,TILE,TRISC-KERNEL,/hdd/flapmax/tt-metal/tt_metal/hw/firmware/src/tt-1xx/trisck.cc,73,tile_fused:trisc_kernel_base,1
9.099,9.118,40,active,13222245991203,13222245991222,slot0_x7_y7,0,7,7,TILE,THROUGHPUT_SECTION,/hdd/flapmax/tt-metal/tt_metal/hw/firmware/src/tt-1xx/trisck.cc,73,tile_fused:explicit_throughput,1
9.118,9.747,40,stall,13222245991222,13222245991851,slot0_x7_y7,0,7,7,TILE,TRISC-KERNEL,/hdd/flapmax/tt-metal/tt_metal/hw/firmware/src/tt-1xx/trisck.cc,73,tile_fused:trisc_kernel_base,1
9.747,9.794,40,active,13222245991851,13222245991898,slot0_x7_y7,0,7,7,TILE,THROUGHPUT_SECTION,/hdd/flapmax/tt-metal/tt_metal/hw/firmware/src/tt-1xx/trisck.cc,73,tile_fused:explicit_throughput,1
9.794,9.847,40,stall,13222245991898,13222245991951,slot0_x7_y7,0,7,7,TILE,TRISC-KERNEL,/hdd/flapmax/tt-metal/tt_metal/hw/firmware/src/tt-1xx/trisck.cc,73,tile_fused:trisc_kernel_base,1
9.847,9.868,40,active,13222245991951,13222245991972,slot0_x7_y7,0,7,7,TILE,THROUGHPUT_SECTION,/hdd/flapmax/tt-metal/tt_metal/hw/firmware/src/tt-1xx/trisck.cc,73,tile_fused:explicit_throughput,1
9.868,9.968,40,stall,13222245991972,13222245992072,slot0_x7_y7,0,7,7,TILE,TRISC-KERNEL,/hdd/flapmax/tt-metal/tt_metal/hw/firmware/src/tt-1xx/trisck.cc,73,tile_fused:trisc_kernel_base,1
9.968,9.99,40,active,13222245992072,13222245992094,slot0_x7_y7,0,7,7,TILE,THROUGHPUT_SECTION,/hdd/flapmax/tt-metal/tt_metal/hw/firmware/src/tt-1xx/trisck.cc,73,tile_fused:explicit_throughput,1
9.99,16.836,40,stall,13222245992094,13222245998940,slot0_x7_y7,0,7,7,TILE,TRISC-KERNEL,/hdd/flapmax/tt-metal/tt_metal/hw/firmware/src/tt-1xx/trisck.cc,73,tile_fused:trisc_kernel_base,1
16.836,16.89,40,active,13222245998940,13222245998994,slot0_x7_y7,0,7,7,TILE,THROUGHPUT_SECTION,/hdd/flapmax/tt-metal/tt_metal/hw/firmware/src/tt-1xx/trisck.cc,73,tile_fused:explicit_throughput,1
16.89,24.356,40,stall,13222245998994,13222246006460,slot0_x7_y7,0,7,7,TILE,TRISC-KERNEL,/hdd/flapmax/tt-metal/tt_metal/hw/firmware/src/tt-1xx/trisck.cc,73,tile_fused:trisc_kernel_base,1
24.356,24.403,40,active,13222246006460,13222246006507,slot0_x7_y7,0,7,7,TILE,THROUGHPUT_SECTION,/hdd/flapmax/tt-metal/tt_metal/hw/firmware/src/tt-1xx/trisck.cc,73,tile_fused:explicit_throughput,1
24.403,25.176,40,stall,13222246006507,13222246007280,slot0_x7_y7,0,7,7,TILE,TRISC-KERNEL,/hdd/flapmax/tt-metal/tt_metal/hw/firmware/src/tt-1xx/trisck.cc,73,tile_fused:trisc_kernel_base,1
0.111,0.294,41,stall,13222245982215,13222245982398,slot0_x7_y8,0,7,8,TILE,TRISC-KERNEL,/hdd/flapmax/tt-metal/tt_metal/hw/firmware/src/tt-1xx/trisck.cc,73,tile_fused:trisc_kernel_base,1
0.294,0.315,41,active,13222245982398,13222245982419,slot0_x7_y8,0,7,8,TILE,THROUGHPUT_SECTION,/hdd/flapmax/tt-metal/tt_metal/hw/firmware/src/tt-1xx/trisck.cc,73,tile_fused:explicit_throughput,1
0.315,0.353,41,stall,13222245982419,13222245982457,slot0_x7_y8,0,7,8,TILE,TRISC-KERNEL,/hdd/flapmax/tt-metal/tt_metal/hw/firmware/src/tt-1xx/trisck.cc,73,tile_fused:trisc_kernel_base,1
0.353,0.374,41,active,13222245982457,13222245982478,slot0_x7_y8,0,7,8,TILE,THROUGHPUT_SECTION,/hdd/flapmax/tt-metal/tt_metal/hw/firmware/src/tt-1xx/trisck.cc,73,tile_fused:explicit_throughput,1
0.374,0.572,41,stall,13222245982478,13222245982676,slot0_x7_y8,0,7,8,TILE,TRISC-KERNEL,/hdd/flapmax/tt-metal/tt_metal/hw/firmware/src/tt-1xx/trisck.cc,73,tile_fused:trisc_kernel_base,1
0.572,0.592,41,active,13222245982676,13222245982696,slot0_x7_y8,0,7,8,TILE,THROUGHPUT_SECTION,/hdd/flapmax/tt-metal/tt_metal/hw/firmware/src/tt-1xx/trisck.cc,73,tile_fused:explicit_throughput,1
0.592,0.703,41,stall,13222245982696,13222245982807,slot0_x7_y8,0,7,8,TILE,TRISC-KERNEL,/hdd/flapmax/tt-metal/tt_metal/hw/firmware/src/tt-1xx/trisck.cc,73,tile_fused:trisc_kernel_base,1
0.703,0.723,41,active,13222245982807,13222245982827,slot0_x7_y8,0,7,8,TILE,THROUGHPUT_SECTION,/hdd/flapmax/tt-metal/tt_metal/hw/firmware/src/tt-1xx/trisck.cc,73,tile_fused:explicit_throughput,1
0.723,1.442,41,stall,13222245982827,13222245983546,slot0_x7_y8,0,7,8,TILE,TRISC-KERNEL,/hdd/flapmax/tt-metal/tt_metal/hw/firmware/src/tt-1xx/trisck.cc,73,tile_fused:trisc_kernel_base,1
1.442,1.488,41,active,13222245983546,13222245983592,slot0_x7_y8,0,7,8,TILE,THROUGHPUT_SECTION,/hdd/flapmax/tt-metal/tt_metal/hw/firmware/src/tt-1xx/trisck.cc,73,tile_fused:explicit_throughput,1
1.488,1.542,41,stall,13222245983592,13222245983646,slot0_x7_y8,0,7,8,TILE,TRISC-KERNEL,/hdd/flapmax/tt-metal/tt_metal/hw/firmware/src/tt-1xx/trisck.cc,73,tile_fused:trisc_kernel_base,1
1.542,1.564,41,active,13222245983646,13222245983668,slot0_x7_y8,0,7,8,TILE,THROUGHPUT_SECTION,/hdd/flapmax/tt-metal/tt_metal/hw/firmware/src/tt-1xx/trisck.cc,73,tile_fused:explicit_throughput,1
1.564,1.664,41,stall,13222245983668,13222245983768,slot0_x7_y8,0,7,8,TILE,TRISC-KERNEL,/hdd/flapmax/tt-metal/tt_metal/hw/firmware/src/tt-1xx/trisck.cc,73,tile_fused:trisc_kernel_base,1
1.664,1.683,41,active,13222245983768,13222245983787,slot0_x7_y8,0,7,8,TILE,THROUGHPUT_SECTION,/hdd/flapmax/tt-metal/tt_metal/hw/firmware/src/tt-1xx/trisck.cc,73,tile_fused:explicit_throughput,1
1.683,2.836,41,stall,13222245983787,13222245984940,slot0_x7_y8,0,7,8,TILE,TRISC-KERNEL,/hdd/flapmax/tt-metal/tt_metal/hw/firmware/src/tt-1xx/trisck.cc,73,tile_fused:trisc_kernel_base,1
2.836,2.895,41,active,13222245984940,13222245984999,slot0_x7_y8,0,7,8,TILE,THROUGHPUT_SECTION,/hdd/flapmax/tt-metal/tt_metal/hw/firmware/src/tt-1xx/trisck.cc,73,tile_fused:explicit_throughput,1
2.895,2.949,41,stall,13222245984999,13222245985053,slot0_x7_y8,0,7,8,TILE,TRISC-KERNEL,/hdd/flapmax/tt-metal/tt_metal/hw/firmware/src/tt-1xx/trisck.cc,73,tile_fused:trisc_kernel_base,1
2.949,2.971,41,active,13222245985053,13222245985075,slot0_x7_y8,0,7,8,TILE,THROUGHPUT_SECTION,/hdd/flapmax/tt-metal/tt_metal/hw/firmware/src/tt-1xx/trisck.cc,73,tile_fused:explicit_throughput,1
2.971,3.07,41,stall,13222245985075,13222245985174,slot0_x7_y8,0,7,8,TILE,TRISC-KERNEL,/hdd/flapmax/tt-metal/tt_metal/hw/firmware/src/tt-1xx/trisck.cc,73,tile_fused:trisc_kernel_base,1
3.07,3.09,41,active,13222245985174,13222245985194,slot0_x7_y8,0,7,8,TILE,THROUGHPUT_SECTION,/hdd/flapmax/tt-metal/tt_metal/hw/firmware/src/tt-1xx/trisck.cc,73,tile_fused:explicit_throughput,1
3.09,3.907,41,stall,13222245985194,13222245986011,slot0_x7_y8,0,7,8,TILE,TRISC-KERNEL,/hdd/flapmax/tt-metal/tt_metal/hw/firmware/src/tt-1xx/trisck.cc,73,tile_fused:trisc_kernel_base,1
3.907,3.953,41,active,13222245986011,13222245986057,slot0_x7_y8,0,7,8,TILE,THROUGHPUT_SECTION,/hdd/flapmax/tt-metal/tt_metal/hw/firmware/src/tt-1xx/trisck.cc,73,tile_fused:explicit_throughput,1
3.953,4.015,41,stall,13222245986057,13222245986119,slot0_x7_y8,0,7,8,TILE,TRISC-KERNEL,/hdd/flapmax/tt-metal/tt_metal/hw/firmware/src/tt-1xx/trisck.cc,73,tile_fused:trisc_kernel_base,1
4.015,4.038,41,active,13222245986119,13222245986142,slot0_x7_y8,0,7,8,TILE,THROUGHPUT_SECTION,/hdd/flapmax/tt-metal/tt_metal/hw/firmware/src/tt-1xx/trisck.cc,73,tile_fused:explicit_throughput,1
4.038,4.135,41,stall,13222245986142,13222245986239,slot0_x7_y8,0,7,8,TILE,TRISC-KERNEL,/hdd/flapmax/tt-metal/tt_metal/hw/firmware/src/tt-1xx/trisck.cc,73,tile_fused:trisc_kernel_base,1
4.135,4.155,41,active,13222245986239,13222245986259,slot0_x7_y8,0,7,8,TILE,THROUGHPUT_SECTION,/hdd/flapmax/tt-metal/tt_metal/hw/firmware/src/tt-1xx/trisck.cc,73,tile_fused:explicit_throughput,1
4.155,5.47,41,stall,13222245986259,13222245987574,slot0_x7_y8,0,7,8,TILE,TRISC-KERNEL,/hdd/flapmax/tt-metal/tt_metal/hw/firmware/src/tt-1xx/trisck.cc,73,tile_fused:trisc_kernel_base,1
5.47,5.524,41,active,13222245987574,13222245987628,slot0_x7_y8,0,7,8,TILE,THROUGHPUT_SECTION,/hdd/flapmax/tt-metal/tt_metal/hw/firmware/src/tt-1xx/trisck.cc,73,tile_fused:explicit_throughput,1
5.524,5.578,41,stall,13222245987628,13222245987682,slot0_x7_y8,0,7,8,TILE,TRISC-KERNEL,/hdd/flapmax/tt-metal/tt_metal/hw/firmware/src/tt-1xx/trisck.cc,73,tile_fused:trisc_kernel_base,1
5.578,5.601,41,active,13222245987682,13222245987705,slot0_x7_y8,0,7,8,TILE,THROUGHPUT_SECTION,/hdd/flapmax/tt-metal/tt_metal/hw/firmware/src/tt-1xx/trisck.cc,73,tile_fused:explicit_throughput,1
5.601,5.699,41,stall,13222245987705,13222245987803,slot0_x7_y8,0,7,8,TILE,TRISC-KERNEL,/hdd/flapmax/tt-metal/tt_metal/hw/firmware/src/tt-1xx/trisck.cc,73,tile_fused:trisc_kernel_base,1
5.699,5.718,41,active,13222245987803,13222245987822,slot0_x7_y8,0,7,8,TILE,THROUGHPUT_SECTION,/hdd/flapmax/tt-metal/tt_metal/hw/firmware/src/tt-1xx/trisck.cc,73,tile_fused:explicit_throughput,1
5.718,6.176,41,stall,13222245987822,13222245988280,slot0_x7_y8,0,7,8,TILE,TRISC-KERNEL,/hdd/flapmax/tt-metal/tt_metal/hw/firmware/src/tt-1xx/trisck.cc,73,tile_fused:trisc_kernel_base,1
6.176,6.223,41,active,13222245988280,13222245988327,slot0_x7_y8,0,7,8,TILE,THROUGHPUT_SECTION,/hdd/flapmax/tt-metal/tt_metal/hw/firmware/src/tt-1xx/trisck.cc,73,tile_fused:explicit_throughput,1
6.223,6.276,41,stall,13222245988327,13222245988380,slot0_x7_y8,0,7,8,TILE,TRISC-KERNEL,/hdd/flapmax/tt-metal/tt_metal/hw/firmware/src/tt-1xx/trisck.cc,73,tile_fused:trisc_kernel_base,1
6.276,6.298,41,active,13222245988380,13222245988402,slot0_x7_y8,0,7,8,TILE,THROUGHPUT_SECTION,/hdd/flapmax/tt-metal/tt_metal/hw/firmware/src/tt-1xx/trisck.cc,73,tile_fused:explicit_throughput,1
6.298,6.397,41,stall,13222245988402,13222245988501,slot0_x7_y8,0,7,8,TILE,TRISC-KERNEL,/hdd/flapmax/tt-metal/tt_metal/hw/firmware/src/tt-1xx/trisck.cc,73,tile_fused:trisc_kernel_base,1
6.397,6.416,41,active,13222245988501,13222245988520,slot0_x7_y8,0,7,8,TILE,THROUGHPUT_SECTION,/hdd/flapmax/tt-metal/tt_metal/hw/firmware/src/tt-1xx/trisck.cc,73,tile_fused:explicit_throughput,1
6.416,13.35,41,stall,13222245988520,13222245995454,slot0_x7_y8,0,7,8,TILE,TRISC-KERNEL,/hdd/flapmax/tt-metal/tt_metal/hw/firmware/src/tt-1xx/trisck.cc,73,tile_fused:trisc_kernel_base,1
13.35,13.404,41,active,13222245995454,13222245995508,slot0_x7_y8,0,7,8,TILE,THROUGHPUT_SECTION,/hdd/flapmax/tt-metal/tt_metal/hw/firmware/src/tt-1xx/trisck.cc,73,tile_fused:explicit_throughput,1
13.404,13.456,41,stall,13222245995508,13222245995560,slot0_x7_y8,0,7,8,TILE,TRISC-KERNEL,/hdd/flapmax/tt-metal/tt_metal/hw/firmware/src/tt-1xx/trisck.cc,73,tile_fused:trisc_kernel_base,1
13.456,13.479,41,active,13222245995560,13222245995583,slot0_x7_y8,0,7,8,TILE,THROUGHPUT_SECTION,/hdd/flapmax/tt-metal/tt_metal/hw/firmware/src/tt-1xx/trisck.cc,73,tile_fused:explicit_throughput,1
13.479,13.577,41,stall,13222245995583,13222245995681,slot0_x7_y8,0,7,8,TILE,TRISC-KERNEL,/hdd/flapmax/tt-metal/tt_metal/hw/firmware/src/tt-1xx/trisck.cc,73,tile_fused:trisc_kernel_base,1
13.577,13.597,41,active,13222245995681,13222245995701,slot0_x7_y8,0,7,8,TILE,THROUGHPUT_SECTION,/hdd/flapmax/tt-metal/tt_metal/hw/firmware/src/tt-1xx/trisck.cc,73,tile_fused:explicit_throughput,1
13.597,19.58,41,stall,13222245995701,13222246001684,slot0_x7_y8,0,7,8,TILE,TRISC-KERNEL,/hdd/flapmax/tt-metal/tt_metal/hw/firmware/src/tt-1xx/trisck.cc,73,tile_fused:trisc_kernel_base,1
19.58,19.627,41,active,13222246001684,13222246001731,slot0_x7_y8,0,7,8,TILE,THROUGHPUT_SECTION,/hdd/flapmax/tt-metal/tt_metal/hw/firmware/src/tt-1xx/trisck.cc,73,tile_fused:explicit_throughput,1
19.627,19.687,41,stall,13222246001731,13222246001791,slot0_x7_y8,0,7,8,TILE,TRISC-KERNEL,/hdd/flapmax/tt-metal/tt_metal/hw/firmware/src/tt-1xx/trisck.cc,73,tile_fused:trisc_kernel_base,1
19.687,19.709,41,active,13222246001791,13222246001813,slot0_x7_y8,0,7,8,TILE,THROUGHPUT_SECTION,/hdd/flapmax/tt-metal/tt_metal/hw/firmware/src/tt-1xx/trisck.cc,73,tile_fused:explicit_throughput,1
19.709,19.807,41,stall,13222246001813,13222246001911,slot0_x7_y8,0,7,8,TILE,TRISC-KERNEL,/hdd/flapmax/tt-metal/tt_metal/hw/firmware/src/tt-1xx/trisck.cc,73,tile_fused:trisc_kernel_base,1
19.807,19.826,41,active,13222246001911,13222246001930,slot0_x7_y8,0,7,8,TILE,THROUGHPUT_SECTION,/hdd/flapmax/tt-metal/tt_metal/hw/firmware/src/tt-1xx/trisck.cc,73,tile_fused:explicit_throughput,1
19.826,24.35,41,stall,13222246001930,13222246006454,slot0_x7_y8,0,7,8,TILE,TRISC-KERNEL,/hdd/flapmax/tt-metal/tt_metal/hw/firmware/src/tt-1xx/trisck.cc,73,tile_fused:trisc_kernel_base,1
24.35,24.404,41,active,13222246006454,13222246006508,slot0_x7_y8,0,7,8,TILE,THROUGHPUT_SECTION,/hdd/flapmax/tt-metal/tt_metal/hw/firmware/src/tt-1xx/trisck.cc,73,tile_fused:explicit_throughput,1
24.404,24.456,41,stall,13222246006508,13222246006560,slot0_x7_y8,0,7,8,TILE,TRISC-KERNEL,/hdd/flapmax/tt-metal/tt_metal/hw/firmware/src/tt-1xx/trisck.cc,73,tile_fused:trisc_kernel_base,1
24.456,24.478,41,active,13222246006560,13222246006582,slot0_x7_y8,0,7,8,TILE,THROUGHPUT_SECTION,/hdd/flapmax/tt-metal/tt_metal/hw/firmware/src/tt-1xx/trisck.cc,73,tile_fused:explicit_throughput,1
24.478,24.577,41,stall,13222246006582,13222246006681,slot0_x7_y8,0,7,8,TILE,TRISC-KERNEL,/hdd/flapmax/tt-metal/tt_metal/hw/firmware/src/tt-1xx/trisck.cc,73,tile_fused:trisc_kernel_base,1
24.577,24.597,41,active,13222246006681,13222246006701,slot0_x7_y8,0,7,8,TILE,THROUGHPUT_SECTION,/hdd/flapmax/tt-metal/tt_metal/hw/firmware/src/tt-1xx/trisck.cc,73,tile_fused:explicit_throughput,1
24.597,27.528,41,stall,13222246006701,13222246009632,slot0_x7_y8,0,7,8,TILE,TRISC-KERNEL,/hdd/flapmax/tt-metal/tt_metal/hw/firmware/src/tt-1xx/trisck.cc,73,tile_fused:trisc_kernel_base,1
27.528,27.575,41,active,13222246009632,13222246009679,slot0_x7_y8,0,7,8,TILE,THROUGHPUT_SECTION,/hdd/flapmax/tt-metal/tt_metal/hw/firmware/src/tt-1xx/trisck.cc,73,tile_fused:explicit_throughput,1
27.575,27.628,41,stall,13222246009679,13222246009732,slot0_x7_y8,0,7,8,TILE,TRISC-KERNEL,/hdd/flapmax/tt-metal/tt_metal/hw/firmware/src/tt-1xx/trisck.cc,73,tile_fused:trisc_kernel_base,1
27.628,27.649,41,active,13222246009732,13222246009753,slot0_x7_y8,0,7,8,TILE,THROUGHPUT_SECTION,/hdd/flapmax/tt-metal/tt_metal/hw/firmware/src/tt-1xx/trisck.cc,73,tile_fused:explicit_throughput,1
27.649,27.749,41,stall,13222246009753,13222246009853,slot0_x7_y8,0,7,8,TILE,TRISC-KERNEL,/hdd/flapmax/tt-metal/tt_metal/hw/firmware/src/tt-1xx/trisck.cc,73,tile_fused:trisc_kernel_base,1
27.749,27.771,41,active,13222246009853,13222246009875,slot0_x7_y8,0,7,8,TILE,THROUGHPUT_SECTION,/hdd/flapmax/tt-metal/tt_metal/hw/firmware/src/tt-1xx/trisck.cc,73,tile_fused:explicit_throughput,1
27.771,28.18,41,stall,13222246009875,13222246010284,slot0_x7_y8,0,7,8,TILE,TRISC-KERNEL,/hdd/flapmax/tt-metal/tt_metal/hw/firmware/src/tt-1xx/trisck.cc,73,tile_fused:trisc_kernel_base,1
28.18,28.234,41,active,13222246010284,13222246010338,slot0_x7_y8,0,7,8,TILE,THROUGHPUT_SECTION,/hdd/flapmax/tt-metal/tt_metal/hw/firmware/src/tt-1xx/trisck.cc,73,tile_fused:explicit_throughput,1
28.234,28.805,41,stall,13222246010338,13222246010909,slot0_x7_y8,0,7,8,TILE,TRISC-KERNEL,/hdd/flapmax/tt-metal/tt_metal/hw/firmware/src/tt-1xx/trisck.cc,73,tile_fused:trisc_kernel_base,1
28.805,28.852,41,active,13222246010909,13222246010956,slot0_x7_y8,0,7,8,TILE,THROUGHPUT_SECTION,/hdd/flapmax/tt-metal/tt_metal/hw/firmware/src/tt-1xx/trisck.cc,73,tile_fused:explicit_throughput,1
28.852,29.763,41,stall,13222246010956,13222246011867,slot0_x7_y8,0,7,8,TILE,TRISC-KERNEL,/hdd/flapmax/tt-metal/tt_metal/hw/firmware/src/tt-1xx/trisck.cc,73,tile_fused:trisc_kernel_base,1
0.066,0.25,42,stall,13222245982170,13222245982354,slot0_x8_y1,0,8,1,TILE,TRISC-KERNEL,/hdd/flapmax/tt-metal/tt_metal/hw/firmware/src/tt-1xx/trisck.cc,73,tile_fused:trisc_kernel_base,1
0.25,0.271,42,active,13222245982354,13222245982375,slot0_x8_y1,0,8,1,TILE,THROUGHPUT_SECTION,/hdd/flapmax/tt-metal/tt_metal/hw/firmware/src/tt-1xx/trisck.cc,73,tile_fused:explicit_throughput,1
0.271,0.309,42,stall,13222245982375,13222245982413,slot0_x8_y1,0,8,1,TILE,TRISC-KERNEL,/hdd/flapmax/tt-metal/tt_metal/hw/firmware/src/tt-1xx/trisck.cc,73,tile_fused:trisc_kernel_base,1
0.309,0.33,42,active,13222245982413,13222245982434,slot0_x8_y1,0,8,1,TILE,THROUGHPUT_SECTION,/hdd/flapmax/tt-metal/tt_metal/hw/firmware/src/tt-1xx/trisck.cc,73,tile_fused:explicit_throughput,1
0.33,0.512,42,stall,13222245982434,13222245982616,slot0_x8_y1,0,8,1,TILE,TRISC-KERNEL,/hdd/flapmax/tt-metal/tt_metal/hw/firmware/src/tt-1xx/trisck.cc,73,tile_fused:trisc_kernel_base,1
0.512,0.532,42,active,13222245982616,13222245982636,slot0_x8_y1,0,8,1,TILE,THROUGHPUT_SECTION,/hdd/flapmax/tt-metal/tt_metal/hw/firmware/src/tt-1xx/trisck.cc,73,tile_fused:explicit_throughput,1
0.532,0.643,42,stall,13222245982636,13222245982747,slot0_x8_y1,0,8,1,TILE,TRISC-KERNEL,/hdd/flapmax/tt-metal/tt_metal/hw/firmware/src/tt-1xx/trisck.cc,73,tile_fused:trisc_kernel_base,1
0.643,0.663,42,active,13222245982747,13222245982767,slot0_x8_y1,0,8,1,TILE,THROUGHPUT_SECTION,/hdd/flapmax/tt-metal/tt_metal/hw/firmware/src/tt-1xx/trisck.cc,73,tile_fused:explicit_throughput,1
0.663,4.787,42,stall,13222245982767,13222245986891,slot0_x8_y1,0,8,1,TILE,TRISC-KERNEL,/hdd/flapmax/tt-metal/tt_metal/hw/firmware/src/tt-1xx/trisck.cc,73,tile_fused:trisc_kernel_base,1
4.787,4.833,42,active,13222245986891,13222245986937,slot0_x8_y1,0,8,1,TILE,THROUGHPUT_SECTION,/hdd/flapmax/tt-metal/tt_metal/hw/firmware/src/tt-1xx/trisck.cc,73,tile_fused:explicit_throughput,1
4.833,4.887,42,stall,13222245986937,13222245986991,slot0_x8_y1,0,8,1,TILE,TRISC-KERNEL,/hdd/flapmax/tt-metal/tt_metal/hw/firmware/src/tt-1xx/trisck.cc,73,tile_fused:trisc_kernel_base,1
4.887,4.911,42,active,13222245986991,13222245987015,slot0_x8_y1,0,8,1,TILE,THROUGHPUT_SECTION,/hdd/flapmax/tt-metal/tt_metal/hw/firmware/src/tt-1xx/trisck.cc,73,tile_fused:explicit_throughput,1
4.911,5.009,42,stall,13222245987015,13222245987113,slot0_x8_y1,0,8,1,TILE,TRISC-KERNEL,/hdd/flapmax/tt-metal/tt_metal/hw/firmware/src/tt-1xx/trisck.cc,73,tile_fused:trisc_kernel_base,1
5.009,5.028,42,active,13222245987113,13222245987132,slot0_x8_y1,0,8,1,TILE,THROUGHPUT_SECTION,/hdd/flapmax/tt-metal/tt_metal/hw/firmware/src/tt-1xx/trisck.cc,73,tile_fused:explicit_throughput,1
5.028,5.457,42,stall,13222245987132,13222245987561,slot0_x8_y1,0,8,1,TILE,TRISC-KERNEL,/hdd/flapmax/tt-metal/tt_metal/hw/firmware/src/tt-1xx/trisck.cc,73,tile_fused:trisc_kernel_base,1
5.457,5.516,42,active,13222245987561,13222245987620,slot0_x8_y1,0,8,1,TILE,THROUGHPUT_SECTION,/hdd/flapmax/tt-metal/tt_metal/hw/firmware/src/tt-1xx/trisck.cc,73,tile_fused:explicit_throughput,1
5.516,5.57,42,stall,13222245987620,13222245987674,slot0_x8_y1,0,8,1,TILE,TRISC-KERNEL,/hdd/flapmax/tt-metal/tt_metal/hw/firmware/src/tt-1xx/trisck.cc,73,tile_fused:trisc_kernel_base,1
5.57,5.593,42,active,13222245987674,13222245987697,slot0_x8_y1,0,8,1,TILE,THROUGHPUT_SECTION,/hdd/flapmax/tt-metal/tt_metal/hw/firmware/src/tt-1xx/trisck.cc,73,tile_fused:explicit_throughput,1
5.593,5.692,42,stall,13222245987697,13222245987796,slot0_x8_y1,0,8,1,TILE,TRISC-KERNEL,/hdd/flapmax/tt-metal/tt_metal/hw/firmware/src/tt-1xx/trisck.cc,73,tile_fused:trisc_kernel_base,1
5.692,5.712,42,active,13222245987796,13222245987816,slot0_x8_y1,0,8,1,TILE,THROUGHPUT_SECTION,/hdd/flapmax/tt-metal/tt_metal/hw/firmware/src/tt-1xx/trisck.cc,73,tile_fused:explicit_throughput,1
5.712,6.296,42,stall,13222245987816,13222245988400,slot0_x8_y1,0,8,1,TILE,TRISC-KERNEL,/hdd/flapmax/tt-metal/tt_metal/hw/firmware/src/tt-1xx/trisck.cc,73,tile_fused:trisc_kernel_base,1
6.296,6.343,42,active,13222245988400,13222245988447,slot0_x8_y1,0,8,1,TILE,THROUGHPUT_SECTION,/hdd/flapmax/tt-metal/tt_metal/hw/firmware/src/tt-1xx/trisck.cc,73,tile_fused:explicit_throughput,1
6.343,6.405,42,stall,13222245988447,13222245988509,slot0_x8_y1,0,8,1,TILE,TRISC-KERNEL,/hdd/flapmax/tt-metal/tt_metal/hw/firmware/src/tt-1xx/trisck.cc,73,tile_fused:trisc_kernel_base,1
6.405,6.427,42,active,13222245988509,13222245988531,slot0_x8_y1,0,8,1,TILE,THROUGHPUT_SECTION,/hdd/flapmax/tt-metal/tt_metal/hw/firmware/src/tt-1xx/trisck.cc,73,tile_fused:explicit_throughput,1
6.427,6.525,42,stall,13222245988531,13222245988629,slot0_x8_y1,0,8,1,TILE,TRISC-KERNEL,/hdd/flapmax/tt-metal/tt_metal/hw/firmware/src/tt-1xx/trisck.cc,73,tile_fused:trisc_kernel_base,1
6.525,6.545,42,active,13222245988629,13222245988649,slot0_x8_y1,0,8,1,TILE,THROUGHPUT_SECTION,/hdd/flapmax/tt-metal/tt_metal/hw/firmware/src/tt-1xx/trisck.cc,73,tile_fused:explicit_throughput,1
6.545,7.598,42,stall,13222245988649,13222245989702,slot0_x8_y1,0,8,1,TILE,TRISC-KERNEL,/hdd/flapmax/tt-metal/tt_metal/hw/firmware/src/tt-1xx/trisck.cc,73,tile_fused:trisc_kernel_base,1
7.598,7.652,42,active,13222245989702,13222245989756,slot0_x8_y1,0,8,1,TILE,THROUGHPUT_SECTION,/hdd/flapmax/tt-metal/tt_metal/hw/firmware/src/tt-1xx/trisck.cc,73,tile_fused:explicit_throughput,1
7.652,7.706,42,stall,13222245989756,13222245989810,slot0_x8_y1,0,8,1,TILE,TRISC-KERNEL,/hdd/flapmax/tt-metal/tt_metal/hw/firmware/src/tt-1xx/trisck.cc,73,tile_fused:trisc_kernel_base,1
7.706,7.727,42,active,13222245989810,13222245989831,slot0_x8_y1,0,8,1,TILE,THROUGHPUT_SECTION,/hdd/flapmax/tt-metal/tt_metal/hw/firmware/src/tt-1xx/trisck.cc,73,tile_fused:explicit_throughput,1
7.727,7.827,42,stall,13222245989831,13222245989931,slot0_x8_y1,0,8,1,TILE,TRISC-KERNEL,/hdd/flapmax/tt-metal/tt_metal/hw/firmware/src/tt-1xx/trisck.cc,73,tile_fused:trisc_kernel_base,1
7.827,7.847,42,active,13222245989931,13222245989951,slot0_x8_y1,0,8,1,TILE,THROUGHPUT_SECTION,/hdd/flapmax/tt-metal/tt_metal/hw/firmware/src/tt-1xx/trisck.cc,73,tile_fused:explicit_throughput,1
7.847,8.117,42,stall,13222245989951,13222245990221,slot0_x8_y1,0,8,1,TILE,TRISC-KERNEL,/hdd/flapmax/tt-metal/tt_metal/hw/firmware/src/tt-1xx/trisck.cc,73,tile_fused:trisc_kernel_base,1
8.117,8.165,42,active,13222245990221,13222245990269,slot0_x8_y1,0,8,1,TILE,THROUGHPUT_SECTION,/hdd/flapmax/tt-metal/tt_metal/hw/firmware/src/tt-1xx/trisck.cc,73,tile_fused:explicit_throughput,1
8.165,8.217,42,stall,13222245990269,13222245990321,slot0_x8_y1,0,8,1,TILE,TRISC-KERNEL,/hdd/flapmax/tt-metal/tt_metal/hw/firmware/src/tt-1xx/trisck.cc,73,tile_fused:trisc_kernel_base,1
8.217,8.24,42,active,13222245990321,13222245990344,slot0_x8_y1,0,8,1,TILE,THROUGHPUT_SECTION,/hdd/flapmax/tt-metal/tt_metal/hw/firmware/src/tt-1xx/trisck.cc,73,tile_fused:explicit_throughput,1
8.24,8.338,42,stall,13222245990344,13222245990442,slot0_x8_y1,0,8,1,TILE,TRISC-KERNEL,/hdd/flapmax/tt-metal/tt_metal/hw/firmware/src/tt-1xx/trisck.cc,73,tile_fused:trisc_kernel_base,1
8.338,8.357,42,active,13222245990442,13222245990461,slot0_x8_y1,0,8,1,TILE,THROUGHPUT_SECTION,/hdd/flapmax/tt-metal/tt_metal/hw/firmware/src/tt-1xx/trisck.cc,73,tile_fused:explicit_throughput,1
8.357,8.885,42,stall,13222245990461,13222245990989,slot0_x8_y1,0,8,1,TILE,TRISC-KERNEL,/hdd/flapmax/tt-metal/tt_metal/hw/firmware/src/tt-1xx/trisck.cc,73,tile_fused:trisc_kernel_base,1
8.885,8.94,42,active,13222245990989,13222245991044,slot0_x8_y1,0,8,1,TILE,THROUGHPUT_SECTION,/hdd/flapmax/tt-metal/tt_metal/hw/firmware/src/tt-1xx/trisck.cc,73,tile_fused:explicit_throughput,1
8.94,8.992,42,stall,13222245991044,13222245991096,slot0_x8_y1,0,8,1,TILE,TRISC-KERNEL,/hdd/flapmax/tt-metal/tt_metal/hw/firmware/src/tt-1xx/trisck.cc,73,tile_fused:trisc_kernel_base,1
8.992,9.014,42,active,13222245991096,13222245991118,slot0_x8_y1,0,8,1,TILE,THROUGHPUT_SECTION,/hdd/flapmax/tt-metal/tt_metal/hw/firmware/src/tt-1xx/trisck.cc,73,tile_fused:explicit_throughput,1
9.014,9.114,42,stall,13222245991118,13222245991218,slot0_x8_y1,0,8,1,TILE,TRISC-KERNEL,/hdd/flapmax/tt-metal/tt_metal/hw/firmware/src/tt-1xx/trisck.cc,73,tile_fused:trisc_kernel_base,1
9.114,9.134,42,active,13222245991218,13222245991238,slot0_x8_y1,0,8,1,TILE,THROUGHPUT_SECTION,/hdd/flapmax/tt-metal/tt_metal/hw/firmware/src/tt-1xx/trisck.cc,73,tile_fused:explicit_throughput,1
9.134,9.571,42,stall,13222245991238,13222245991675,slot0_x8_y1,0,8,1,TILE,TRISC-KERNEL,/hdd/flapmax/tt-metal/tt_metal/hw/firmware/src/tt-1xx/trisck.cc,73,tile_fused:trisc_kernel_base,1
9.571,9.618,42,active,13222245991675,13222245991722,slot0_x8_y1,0,8,1,TILE,THROUGHPUT_SECTION,/hdd/flapmax/tt-metal/tt_metal/hw/firmware/src/tt-1xx/trisck.cc,73,tile_fused:explicit_throughput,1
9.618,9.678,42,stall,13222245991722,13222245991782,slot0_x8_y1,0,8,1,TILE,TRISC-KERNEL,/hdd/flapmax/tt-metal/tt_metal/hw/firmware/src/tt-1xx/trisck.cc,73,tile_fused:trisc_kernel_base,1
9.678,9.699,42,active,13222245991782,13222245991803,slot0_x8_y1,0,8,1,TILE,THROUGHPUT_SECTION,/hdd/flapmax/tt-metal/tt_metal/hw/firmware/src/tt-1xx/trisck.cc,73,tile_fused:explicit_throughput,1
9.699,9.799,42,stall,13222245991803,13222245991903,slot0_x8_y1,0,8,1,TILE,TRISC-KERNEL,/hdd/flapmax/tt-metal/tt_metal/hw/firmware/src/tt-1xx/trisck.cc,73,tile_fused:trisc_kernel_base,1
9.799,9.818,42,active,13222245991903,13222245991922,slot0_x8_y1,0,8,1,TILE,THROUGHPUT_SECTION,/hdd/flapmax/tt-metal/tt_metal/hw/firmware/src/tt-1xx/trisck.cc,73,tile_fused:explicit_throughput,1
9.818,10.352,42,stall,13222245991922,13222245992456,slot0_x8_y1,0,8,1,TILE,TRISC-KERNEL,/hdd/flapmax/tt-metal/tt_metal/hw/firmware/src/tt-1xx/trisck.cc,73,tile_fused:trisc_kernel_base,1
10.352,10.406,42,active,13222245992456,13222245992510,slot0_x8_y1,0,8,1,TILE,THROUGHPUT_SECTION,/hdd/flapmax/tt-metal/tt_metal/hw/firmware/src/tt-1xx/trisck.cc,73,tile_fused:explicit_throughput,1
10.406,10.459,42,stall,13222245992510,13222245992563,slot0_x8_y1,0,8,1,TILE,TRISC-KERNEL,/hdd/flapmax/tt-metal/tt_metal/hw/firmware/src/tt-1xx/trisck.cc,73,tile_fused:trisc_kernel_base,1
10.459,10.48,42,active,13222245992563,13222245992584,slot0_x8_y1,0,8,1,TILE,THROUGHPUT_SECTION,/hdd/flapmax/tt-metal/tt_metal/hw/firmware/src/tt-1xx/trisck.cc,73,tile_fused:explicit_throughput,1
10.48,10.579,42,stall,13222245992584,13222245992683,slot0_x8_y1,0,8,1,TILE,TRISC-KERNEL,/hdd/flapmax/tt-metal/tt_metal/hw/firmware/src/tt-1xx/trisck.cc,73,tile_fused:trisc_kernel_base,1
10.579,10.598,42,active,13222245992683,13222245992702,slot0_x8_y1,0,8,1,TILE,THROUGHPUT_SECTION,/hdd/flapmax/tt-metal/tt_metal/hw/firmware/src/tt-1xx/trisck.cc,73,tile_fused:explicit_throughput,1
10.598,10.987,42,stall,13222245992702,13222245993091,slot0_x8_y1,0,8,1,TILE,TRISC-KERNEL,/hdd/flapmax/tt-metal/tt_metal/hw/firmware/src/tt-1xx/trisck.cc,73,tile_fused:trisc_kernel_base,1
10.987,11.034,42,active,13222245993091,13222245993138,slot0_x8_y1,0,8,1,TILE,THROUGHPUT_SECTION,/hdd/flapmax/tt-metal/tt_metal/hw/firmware/src/tt-1xx/trisck.cc,73,tile_fused:explicit_throughput,1
11.034,11.087,42,stall,13222245993138,13222245993191,slot0_x8_y1,0,8,1,TILE,TRISC-KERNEL,/hdd/flapmax/tt-metal/tt_metal/hw/firmware/src/tt-1xx/trisck.cc,73,tile_fused:trisc_kernel_base,1
11.087,11.109,42,active,13222245993191,13222245993213,slot0_x8_y1,0,8,1,TILE,THROUGHPUT_SECTION,/hdd/flapmax/tt-metal/tt_metal/hw/firmware/src/tt-1xx/trisck.cc,73,tile_fused:explicit_throughput,1
11.109,11.208,42,stall,13222245993213,13222245993312,slot0_x8_y1,0,8,1,TILE,TRISC-KERNEL,/hdd/flapmax/tt-metal/tt_metal/hw/firmware/src/tt-1xx/trisck.cc,73,tile_fused:trisc_kernel_base,1
11.208,11.228,42,active,13222245993312,13222245993332,slot0_x8_y1,0,8,1,TILE,THROUGHPUT_SECTION,/hdd/flapmax/tt-metal/tt_metal/hw/firmware/src/tt-1xx/trisck.cc,73,tile_fused:explicit_throughput,1
11.228,11.602,42,stall,13222245993332,13222245993706,slot0_x8_y1,0,8,1,TILE,TRISC-KERNEL,/hdd/flapmax/tt-metal/tt_metal/hw/firmware/src/tt-1xx/trisck.cc,73,tile_fused:trisc_kernel_base,1
11.602,11.656,42,active,13222245993706,13222245993760,slot0_x8_y1,0,8,1,TILE,THROUGHPUT_SECTION,/hdd/flapmax/tt-metal/tt_metal/hw/firmware/src/tt-1xx/trisck.cc,73,tile_fused:explicit_throughput,1
11.656,11.709,42,stall,13222245993760,13222245993813,slot0_x8_y1,0,8,1,TILE,TRISC-KERNEL,/hdd/flapmax/tt-metal/tt_metal/hw/firmware/src/tt-1xx/trisck.cc,73,tile_fused:trisc_kernel_base,1
11.709,11.73,42,active,13222245993813,13222245993834,slot0_x8_y1,0,8,1,TILE,THROUGHPUT_SECTION,/hdd/flapmax/tt-metal/tt_metal/hw/firmware/src/tt-1xx/trisck.cc,73,tile_fused:explicit_throughput,1
11.73,11.831,42,stall,13222245993834,13222245993935,slot0_x8_y1,0,8,1,TILE,TRISC-KERNEL,/hdd/flapmax/tt-metal/tt_metal/hw/firmware/src/tt-1xx/trisck.cc,73,tile_fused:trisc_kernel_base,1
11.831,11.851,42,active,13222245993935,13222245993955,slot0_x8_y1,0,8,1,TILE,THROUGHPUT_SECTION,/hdd/flapmax/tt-metal/tt_metal/hw/firmware/src/tt-1xx/trisck.cc,73,tile_fused:explicit_throughput,1
11.851,12.233,42,stall,13222245993955,13222245994337,slot0_x8_y1,0,8,1,TILE,TRISC-KERNEL,/hdd/flapmax/tt-metal/tt_metal/hw/firmware/src/tt-1xx/trisck.cc,73,tile_fused:trisc_kernel_base,1
12.233,12.28,42,active,13222245994337,13222245994384,slot0_x8_y1,0,8,1,TILE,THROUGHPUT_SECTION,/hdd/flapmax/tt-metal/tt_metal/hw/firmware/src/tt-1xx/trisck.cc,73,tile_fused:explicit_throughput,1
12.28,12.873,42,stall,13222245994384,13222245994977,slot0_x8_y1,0,8,1,TILE,TRISC-KERNEL,/hdd/flapmax/tt-metal/tt_metal/hw/firmware/src/tt-1xx/trisck.cc,73,tile_fused:trisc_kernel_base,1
12.873,12.927,42,active,13222245994977,13222245995031,slot0_x8_y1,0,8,1,TILE,THROUGHPUT_SECTION,/hdd/flapmax/tt-metal/tt_metal/hw/firmware/src/tt-1xx/trisck.cc,73,tile_fused:explicit_throughput,1
12.927,13.73,42,stall,13222245995031,13222245995834,slot0_x8_y1,0,8,1,TILE,TRISC-KERNEL,/hdd/flapmax/tt-metal/tt_metal/hw/firmware/src/tt-1xx/trisck.cc,73,tile_fused:trisc_kernel_base,1
0.104,0.29,43,stall,13222245982208,13222245982394,slot0_x8_y2,0,8,2,TILE,TRISC-KERNEL,/hdd/flapmax/tt-metal/tt_metal/hw/firmware/src/tt-1xx/trisck.cc,73,tile_fused:trisc_kernel_base,1
0.29,0.312,43,active,13222245982394,13222245982416,slot0_x8_y2,0,8,2,TILE,THROUGHPUT_SECTION,/hdd/flapmax/tt-metal/tt_metal/hw/firmware/src/tt-1xx/trisck.cc,73,tile_fused:explicit_throughput,1
0.312,0.346,43,stall,13222245982416,13222245982450,slot0_x8_y2,0,8,2,TILE,TRISC-KERNEL,/hdd/flapmax/tt-metal/tt_metal/hw/firmware/src/tt-1xx/trisck.cc,73,tile_fused:trisc_kernel_base,1
0.346,0.367,43,active,13222245982450,13222245982471,slot0_x8_y2,0,8,2,TILE,THROUGHPUT_SECTION,/hdd/flapmax/tt-metal/tt_metal/hw/firmware/src/tt-1xx/trisck.cc,73,tile_fused:explicit_throughput,1
0.367,0.541,43,stall,13222245982471,13222245982645,slot0_x8_y2,0,8,2,TILE,TRISC-KERNEL,/hdd/flapmax/tt-metal/tt_metal/hw/firmware/src/tt-1xx/trisck.cc,73,tile_fused:trisc_kernel_base,1
0.541,0.56,43,active,13222245982645,13222245982664,slot0_x8_y2,0,8,2,TILE,THROUGHPUT_SECTION,/hdd/flapmax/tt-metal/tt_metal/hw/firmware/src/tt-1xx/trisck.cc,73,tile_fused:explicit_throughput,1
0.56,0.672,43,stall,13222245982664,13222245982776,slot0_x8_y2,0,8,2,TILE,TRISC-KERNEL,/hdd/flapmax/tt-metal/tt_metal/hw/firmware/src/tt-1xx/trisck.cc,73,tile_fused:trisc_kernel_base,1
0.672,0.691,43,active,13222245982776,13222245982795,slot0_x8_y2,0,8,2,TILE,THROUGHPUT_SECTION,/hdd/flapmax/tt-metal/tt_metal/hw/firmware/src/tt-1xx/trisck.cc,73,tile_fused:explicit_throughput,1
0.691,6.932,43,stall,13222245982795,13222245989036,slot0_x8_y2,0,8,2,TILE,TRISC-KERNEL,/hdd/flapmax/tt-metal/tt_metal/hw/firmware/src/tt-1xx/trisck.cc,73,tile_fused:trisc_kernel_base,1
6.932,6.978,43,active,13222245989036,13222245989082,slot0_x8_y2,0,8,2,TILE,THROUGHPUT_SECTION,/hdd/flapmax/tt-metal/tt_metal/hw/firmware/src/tt-1xx/trisck.cc,73,tile_fused:explicit_throughput,1
6.978,7.032,43,stall,13222245989082,13222245989136,slot0_x8_y2,0,8,2,TILE,TRISC-KERNEL,/hdd/flapmax/tt-metal/tt_metal/hw/firmware/src/tt-1xx/trisck.cc,73,tile_fused:trisc_kernel_base,1
7.032,7.056,43,active,13222245989136,13222245989160,slot0_x8_y2,0,8,2,TILE,THROUGHPUT_SECTION,/hdd/flapmax/tt-metal/tt_metal/hw/firmware/src/tt-1xx/trisck.cc,73,tile_fused:explicit_throughput,1
7.056,7.154,43,stall,13222245989160,13222245989258,slot0_x8_y2,0,8,2,TILE,TRISC-KERNEL,/hdd/flapmax/tt-metal/tt_metal/hw/firmware/src/tt-1xx/trisck.cc,73,tile_fused:trisc_kernel_base,1
7.154,7.173,43,active,13222245989258,13222245989277,slot0_x8_y2,0,8,2,TILE,THROUGHPUT_SECTION,/hdd/flapmax/tt-metal/tt_metal/hw/firmware/src/tt-1xx/trisck.cc,73,tile_fused:explicit_throughput,1
7.173,15.144,43,stall,13222245989277,13222245997248,slot0_x8_y2,0,8,2,TILE,TRISC-KERNEL,/hdd/flapmax/tt-metal/tt_metal/hw/firmware/src/tt-1xx/trisck.cc,73,tile_fused:trisc_kernel_base,1
15.144,15.203,43,active,13222245997248,13222245997307,slot0_x8_y2,0,8,2,TILE,THROUGHPUT_SECTION,/hdd/flapmax/tt-metal/tt_metal/hw/firmware/src/tt-1xx/trisck.cc,73,tile_fused:explicit_throughput,1
15.203,15.257,43,stall,13222245997307,13222245997361,slot0_x8_y2,0,8,2,TILE,TRISC-KERNEL,/hdd/flapmax/tt-metal/tt_metal/hw/firmware/src/tt-1xx/trisck.cc,73,tile_fused:trisc_kernel_base,1
15.257,15.278,43,active,13222245997361,13222245997382,slot0_x8_y2,0,8,2,TILE,THROUGHPUT_SECTION,/hdd/flapmax/tt-metal/tt_metal/hw/firmware/src/tt-1xx/trisck.cc,73,tile_fused:explicit_throughput,1
15.278,15.378,43,stall,13222245997382,13222245997482,slot0_x8_y2,0,8,2,TILE,TRISC-KERNEL,/hdd/flapmax/tt-metal/tt_metal/hw/firmware/src/tt-1xx/trisck.cc,73,tile_fused:trisc_kernel_base,1
15.378,15.398,43,active,13222245997482,13222245997502,slot0_x8_y2,0,8,2,TILE,THROUGHPUT_SECTION,/hdd/flapmax/tt-metal/tt_metal/hw/firmware/src/tt-1xx/trisck.cc,73,tile_fused:explicit_throughput,1
15.398,15.886,43,stall,13222245997502,13222245997990,slot0_x8_y2,0,8,2,TILE,TRISC-KERNEL,/hdd/flapmax/tt-metal/tt_metal/hw/firmware/src/tt-1xx/trisck.cc,73,tile_fused:trisc_kernel_base,1
15.886,15.933,43,active,13222245997990,13222245998037,slot0_x8_y2,0,8,2,TILE,THROUGHPUT_SECTION,/hdd/flapmax/tt-metal/tt_metal/hw/firmware/src/tt-1xx/trisck.cc,73,tile_fused:explicit_throughput,1
15.933,15.995,43,stall,13222245998037,13222245998099,slot0_x8_y2,0,8,2,TILE,TRISC-KERNEL,/hdd/flapmax/tt-metal/tt_metal/hw/firmware/src/tt-1xx/trisck.cc,73,tile_fused:trisc_kernel_base,1
15.995,16.016,43,active,13222245998099,13222245998120,slot0_x8_y2,0,8,2,TILE,THROUGHPUT_SECTION,/hdd/flapmax/tt-metal/tt_metal/hw/firmware/src/tt-1xx/trisck.cc,73,tile_fused:explicit_throughput,1
16.016,16.116,43,stall,13222245998120,13222245998220,slot0_x8_y2,0,8,2,TILE,TRISC-KERNEL,/hdd/flapmax/tt-metal/tt_metal/hw/firmware/src/tt-1xx/trisck.cc,73,tile_fused:trisc_kernel_base,1
16.116,16.135,43,active,13222245998220,13222245998239,slot0_x8_y2,0,8,2,TILE,THROUGHPUT_SECTION,/hdd/flapmax/tt-metal/tt_metal/hw/firmware/src/tt-1xx/trisck.cc,73,tile_fused:explicit_throughput,1
16.135,16.829,43,stall,13222245998239,13222245998933,slot0_x8_y2,0,8,2,TILE,TRISC-KERNEL,/hdd/flapmax/tt-metal/tt_metal/hw/firmware/src/tt-1xx/trisck.cc,73,tile_fused:trisc_kernel_base,1
16.829,16.883,43,active,13222245998933,13222245998987,slot0_x8_y2,0,8,2,TILE,THROUGHPUT_SECTION,/hdd/flapmax/tt-metal/tt_metal/hw/firmware/src/tt-1xx/trisck.cc,73,tile_fused:explicit_throughput,1
16.883,16.937,43,stall,13222245998987,13222245999041,slot0_x8_y2,0,8,2,TILE,TRISC-KERNEL,/hdd/flapmax/tt-metal/tt_metal/hw/firmware/src/tt-1xx/trisck.cc,73,tile_fused:trisc_kernel_base,1
16.937,16.958,43,active,13222245999041,13222245999062,slot0_x8_y2,0,8,2,TILE,THROUGHPUT_SECTION,/hdd/flapmax/tt-metal/tt_metal/hw/firmware/src/tt-1xx/trisck.cc,73,tile_fused:explicit_throughput,1
16.958,17.059,43,stall,13222245999062,13222245999163,slot0_x8_y2,0,8,2,TILE,TRISC-KERNEL,/hdd/flapmax/tt-metal/tt_metal/hw/firmware/src/tt-1xx/trisck.cc,73,tile_fused:trisc_kernel_base,1
17.059,17.078,43,active,13222245999163,13222245999182,slot0_x8_y2,0,8,2,TILE,THROUGHPUT_SECTION,/hdd/flapmax/tt-metal/tt_metal/hw/firmware/src/tt-1xx/trisck.cc,73,tile_fused:explicit_throughput,1
17.078,17.64,43,stall,13222245999182,13222245999744,slot0_x8_y2,0,8,2,TILE,TRISC-KERNEL,/hdd/flapmax/tt-metal/tt_metal/hw/firmware/src/tt-1xx/trisck.cc,73,tile_fused:trisc_kernel_base,1
17.64,17.687,43,active,13222245999744,13222245999791,slot0_x8_y2,0,8,2,TILE,THROUGHPUT_SECTION,/hdd/flapmax/tt-metal/tt_metal/hw/firmware/src/tt-1xx/trisck.cc,73,tile_fused:explicit_throughput,1
17.687,17.74,43,stall,13222245999791,13222245999844,slot0_x8_y2,0,8,2,TILE,TRISC-KERNEL,/hdd/flapmax/tt-metal/tt_metal/hw/firmware/src/tt-1xx/trisck.cc,73,tile_fused:trisc_kernel_base,1
17.74,17.761,43,active,13222245999844,13222245999865,slot0_x8_y2,0,8,2,TILE,THROUGHPUT_SECTION,/hdd/flapmax/tt-metal/tt_metal/hw/firmware/src/tt-1xx/trisck.cc,73,tile_fused:explicit_throughput,1
17.761,17.861,43,stall,13222245999865,13222245999965,slot0_x8_y2,0,8,2,TILE,TRISC-KERNEL,/hdd/flapmax/tt-metal/tt_metal/hw/firmware/src/tt-1xx/trisck.cc,73,tile_fused:trisc_kernel_base,1
17.861,17.881,43,active,13222245999965,13222245999985,slot0_x8_y2,0,8,2,TILE,THROUGHPUT_SECTION,/hdd/flapmax/tt-metal/tt_metal/hw/firmware/src/tt-1xx/trisck.cc,73,tile_fused:explicit_throughput,1
17.881,18.61,43,stall,13222245999985,13222246000714,slot0_x8_y2,0,8,2,TILE,TRISC-KERNEL,/hdd/flapmax/tt-metal/tt_metal/hw/firmware/src/tt-1xx/trisck.cc,73,tile_fused:trisc_kernel_base,1
18.61,18.664,43,active,13222246000714,13222246000768,slot0_x8_y2,0,8,2,TILE,THROUGHPUT_SECTION,/hdd/flapmax/tt-metal/tt_metal/hw/firmware/src/tt-1xx/trisck.cc,73,tile_fused:explicit_throughput,1
18.664,18.716,43,stall,13222246000768,13222246000820,slot0_x8_y2,0,8,2,TILE,TRISC-KERNEL,/hdd/flapmax/tt-metal/tt_metal/hw/firmware/src/tt-1xx/trisck.cc,73,tile_fused:trisc_kernel_base,1
18.716,18.739,43,active,13222246000820,13222246000843,slot0_x8_y2,0,8,2,TILE,THROUGHPUT_SECTION,/hdd/flapmax/tt-metal/tt_metal/hw/firmware/src/tt-1xx/trisck.cc,73,tile_fused:explicit_throughput,1
18.739,18.837,43,stall,13222246000843,13222246000941,slot0_x8_y2,0,8,2,TILE,TRISC-KERNEL,/hdd/flapmax/tt-metal/tt_metal/hw/firmware/src/tt-1xx/trisck.cc,73,tile_fused:trisc_kernel_base,1
18.837,18.856,43,active,13222246000941,13222246000960,slot0_x8_y2,0,8,2,TILE,THROUGHPUT_SECTION,/hdd/flapmax/tt-metal/tt_metal/hw/firmware/src/tt-1xx/trisck.cc,73,tile_fused:explicit_throughput,1
18.856,19.345,43,stall,13222246000960,13222246001449,slot0_x8_y2,0,8,2,TILE,TRISC-KERNEL,/hdd/flapmax/tt-metal/tt_metal/hw/firmware/src/tt-1xx/trisck.cc,73,tile_fused:trisc_kernel_base,1
19.345,19.392,43,active,13222246001449,13222246001496,slot0_x8_y2,0,8,2,TILE,THROUGHPUT_SECTION,/hdd/flapmax/tt-metal/tt_metal/hw/firmware/src/tt-1xx/trisck.cc,73,tile_fused:explicit_throughput,1
19.392,19.452,43,stall,13222246001496,13222246001556,slot0_x8_y2,0,8,2,TILE,TRISC-KERNEL,/hdd/flapmax/tt-metal/tt_metal/hw/firmware/src/tt-1xx/trisck.cc,73,tile_fused:trisc_kernel_base,1
19.452,19.474,43,active,13222246001556,13222246001578,slot0_x8_y2,0,8,2,TILE,THROUGHPUT_SECTION,/hdd/flapmax/tt-metal/tt_metal/hw/firmware/src/tt-1xx/trisck.cc,73,tile_fused:explicit_throughput,1
19.474,19.572,43,stall,13222246001578,13222246001676,slot0_x8_y2,0,8,2,TILE,TRISC-KERNEL,/hdd/flapmax/tt-metal/tt_metal/hw/firmware/src/tt-1xx/trisck.cc,73,tile_fused:trisc_kernel_base,1
19.572,19.591,43,active,13222246001676,13222246001695,slot0_x8_y2,0,8,2,TILE,THROUGHPUT_SECTION,/hdd/flapmax/tt-metal/tt_metal/hw/firmware/src/tt-1xx/trisck.cc,73,tile_fused:explicit_throughput,1
19.591,20.168,43,stall,13222246001695,13222246002272,slot0_x8_y2,0,8,2,TILE,TRISC-KERNEL,/hdd/flapmax/tt-metal/tt_metal/hw/firmware/src/tt-1xx/trisck.cc,73,tile_fused:trisc_kernel_base,1
20.168,20.222,43,active,13222246002272,13222246002326,slot0_x8_y2,0,8,2,TILE,THROUGHPUT_SECTION,/hdd/flapmax/tt-metal/tt_metal/hw/firmware/src/tt-1xx/trisck.cc,73,tile_fused:explicit_throughput,1
20.222,20.274,43,stall,13222246002326,13222246002378,slot0_x8_y2,0,8,2,TILE,TRISC-KERNEL,/hdd/flapmax/tt-metal/tt_metal/hw/firmware/src/tt-1xx/trisck.cc,73,tile_fused:trisc_kernel_base,1
20.274,20.296,43,active,13222246002378,13222246002400,slot0_x8_y2,0,8,2,TILE,THROUGHPUT_SECTION,/hdd/flapmax/tt-metal/tt_metal/hw/firmware/src/tt-1xx/trisck.cc,73,tile_fused:explicit_throughput,1
20.296,20.395,43,stall,13222246002400,13222246002499,slot0_x8_y2,0,8,2,TILE,TRISC-KERNEL,/hdd/flapmax/tt-metal/tt_metal/hw/firmware/src/tt-1xx/trisck.cc,73,tile_fused:trisc_kernel_base,1
20.395,20.414,43,active,13222246002499,13222246002518,slot0_x8_y2,0,8,2,TILE,THROUGHPUT_SECTION,/hdd/flapmax/tt-metal/tt_metal/hw/firmware/src/tt-1xx/trisck.cc,73,tile_fused:explicit_throughput,1
20.414,21.176,43,stall,13222246002518,13222246003280,slot0_x8_y2,0,8,2,TILE,TRISC-KERNEL,/hdd/flapmax/tt-metal/tt_metal/hw/firmware/src/tt-1xx/trisck.cc,73,tile_fused:trisc_kernel_base,1
21.176,21.223,43,active,13222246003280,13222246003327,slot0_x8_y2,0,8,2,TILE,THROUGHPUT_SECTION,/hdd/flapmax/tt-metal/tt_metal/hw/firmware/src/tt-1xx/trisck.cc,73,tile_fused:explicit_throughput,1
21.223,21.276,43,stall,13222246003327,13222246003380,slot0_x8_y2,0,8,2,TILE,TRISC-KERNEL,/hdd/flapmax/tt-metal/tt_metal/hw/firmware/src/tt-1xx/trisck.cc,73,tile_fused:trisc_kernel_base,1
21.276,21.297,43,active,13222246003380,13222246003401,slot0_x8_y2,0,8,2,TILE,THROUGHPUT_SECTION,/hdd/flapmax/tt-metal/tt_metal/hw/firmware/src/tt-1xx/trisck.cc,73,tile_fused:explicit_throughput,1
21.297,21.397,43,stall,13222246003401,13222246003501,slot0_x8_y2,0,8,2,TILE,TRISC-KERNEL,/hdd/flapmax/tt-metal/tt_metal/hw/firmware/src/tt-1xx/trisck.cc,73,tile_fused:trisc_kernel_base,1
21.397,21.419,43,active,13222246003501,13222246003523,slot0_x8_y2,0,8,2,TILE,THROUGHPUT_SECTION,/hdd/flapmax/tt-metal/tt_metal/hw/firmware/src/tt-1xx/trisck.cc,73,tile_fused:explicit_throughput,1
21.419,21.848,43,stall,13222246003523,13222246003952,slot0_x8_y2,0,8,2,TILE,TRISC-KERNEL,/hdd/flapmax/tt-metal/tt_metal/hw/firmware/src/tt-1xx/trisck.cc,73,tile_fused:trisc_kernel_base,1
21.848,21.902,43,active,13222246003952,13222246004006,slot0_x8_y2,0,8,2,TILE,THROUGHPUT_SECTION,/hdd/flapmax/tt-metal/tt_metal/hw/firmware/src/tt-1xx/trisck.cc,73,tile_fused:explicit_throughput,1
21.902,21.955,43,stall,13222246004006,13222246004059,slot0_x8_y2,0,8,2,TILE,TRISC-KERNEL,/hdd/flapmax/tt-metal/tt_metal/hw/firmware/src/tt-1xx/trisck.cc,73,tile_fused:trisc_kernel_base,1
21.955,21.976,43,active,13222246004059,13222246004080,slot0_x8_y2,0,8,2,TILE,THROUGHPUT_SECTION,/hdd/flapmax/tt-metal/tt_metal/hw/firmware/src/tt-1xx/trisck.cc,73,tile_fused:explicit_throughput,1
21.976,22.076,43,stall,13222246004080,13222246004180,slot0_x8_y2,0,8,2,TILE,TRISC-KERNEL,/hdd/flapmax/tt-metal/tt_metal/hw/firmware/src/tt-1xx/trisck.cc,73,tile_fused:trisc_kernel_base,1
22.076,22.096,43,active,13222246004180,13222246004200,slot0_x8_y2,0,8,2,TILE,THROUGHPUT_SECTION,/hdd/flapmax/tt-metal/tt_metal/hw/firmware/src/tt-1xx/trisck.cc,73,tile_fused:explicit_throughput,1
22.096,22.814,43,stall,13222246004200,13222246004918,slot0_x8_y2,0,8,2,TILE,TRISC-KERNEL,/hdd/flapmax/tt-metal/tt_metal/hw/firmware/src/tt-1xx/trisck.cc,73,tile_fused:trisc_kernel_base,1
22.814,22.861,43,active,13222246004918,13222246004965,slot0_x8_y2,0,8,2,TILE,THROUGHPUT_SECTION,/hdd/flapmax/tt-metal/tt_metal/hw/firmware/src/tt-1xx/trisck.cc,73,tile_fused:explicit_throughput,1
22.861,23.545,43,stall,13222246004965,13222246005649,slot0_x8_y2,0,8,2,TILE,TRISC-KERNEL,/hdd/flapmax/tt-metal/tt_metal/hw/firmware/src/tt-1xx/trisck.cc,73,tile_fused:trisc_kernel_base,1
23.545,23.599,43,active,13222246005649,13222246005703,slot0_x8_y2,0,8,2,TILE,THROUGHPUT_SECTION,/hdd/flapmax/tt-metal/tt_metal/hw/firmware/src/tt-1xx/trisck.cc,73,tile_fused:explicit_throughput,1
23.599,24.811,43,stall,13222246005703,13222246006915,slot0_x8_y2,0,8,2,TILE,TRISC-KERNEL,/hdd/flapmax/tt-metal/tt_metal/hw/firmware/src/tt-1xx/trisck.cc,73,tile_fused:trisc_kernel_base,1
0.103,0.289,44,stall,13222245982207,13222245982393,slot0_x8_y3,0,8,3,TILE,TRISC-KERNEL,/hdd/flapmax/tt-metal/tt_metal/hw/firmware/src/tt-1xx/trisck.cc,73,tile_fused:trisc_kernel_base,1
0.289,0.311,44,active,13222245982393,13222245982415,slot0_x8_y3,0,8,3,TILE,THROUGHPUT_SECTION,/hdd/flapmax/tt-metal/tt_metal/hw/firmware/src/tt-1xx/trisck.cc,73,tile_fused:explicit_throughput,1
0.311,0.345,44,stall,13222245982415,13222245982449,slot0_x8_y3,0,8,3,TILE,TRISC-KERNEL,/hdd/flapmax/tt-metal/tt_metal/hw/firmware/src/tt-1xx/trisck.cc,73,tile_fused:trisc_kernel_base,1
0.345,0.366,44,active,13222245982449,13222245982470,slot0_x8_y3,0,8,3,TILE,THROUGHPUT_SECTION,/hdd/flapmax/tt-metal/tt_metal/hw/firmware/src/tt-1xx/trisck.cc,73,tile_fused:explicit_throughput,1
0.366,0.54,44,stall,13222245982470,13222245982644,slot0_x8_y3,0,8,3,TILE,TRISC-KERNEL,/hdd/flapmax/tt-metal/tt_metal/hw/firmware/src/tt-1xx/trisck.cc,73,tile_fused:trisc_kernel_base,1
0.54,0.559,44,active,13222245982644,13222245982663,slot0_x8_y3,0,8,3,TILE,THROUGHPUT_SECTION,/hdd/flapmax/tt-metal/tt_metal/hw/firmware/src/tt-1xx/trisck.cc,73,tile_fused:explicit_throughput,1
0.559,0.671,44,stall,13222245982663,13222245982775,slot0_x8_y3,0,8,3,TILE,TRISC-KERNEL,/hdd/flapmax/tt-metal/tt_metal/hw/firmware/src/tt-1xx/trisck.cc,73,tile_fused:trisc_kernel_base,1
0.671,0.69,44,active,13222245982775,13222245982794,slot0_x8_y3,0,8,3,TILE,THROUGHPUT_SECTION,/hdd/flapmax/tt-metal/tt_metal/hw/firmware/src/tt-1xx/trisck.cc,73,tile_fused:explicit_throughput,1
0.69,5.201,44,stall,13222245982794,13222245987305,slot0_x8_y3,0,8,3,TILE,TRISC-KERNEL,/hdd/flapmax/tt-metal/tt_metal/hw/firmware/src/tt-1xx/trisck.cc,73,tile_fused:trisc_kernel_base,1
5.201,5.247,44,active,13222245987305,13222245987351,slot0_x8_y3,0,8,3,TILE,THROUGHPUT_SECTION,/hdd/flapmax/tt-metal/tt_metal/hw/firmware/src/tt-1xx/trisck.cc,73,tile_fused:explicit_throughput,1
5.247,5.301,44,stall,13222245987351,13222245987405,slot0_x8_y3,0,8,3,TILE,TRISC-KERNEL,/hdd/flapmax/tt-metal/tt_metal/hw/firmware/src/tt-1xx/trisck.cc,73,tile_fused:trisc_kernel_base,1
5.301,5.325,44,active,13222245987405,13222245987429,slot0_x8_y3,0,8,3,TILE,THROUGHPUT_SECTION,/hdd/flapmax/tt-metal/tt_metal/hw/firmware/src/tt-1xx/trisck.cc,73,tile_fused:explicit_throughput,1
5.325,5.423,44,stall,13222245987429,13222245987527,slot0_x8_y3,0,8,3,TILE,TRISC-KERNEL,/hdd/flapmax/tt-metal/tt_metal/hw/firmware/src/tt-1xx/trisck.cc,73,tile_fused:trisc_kernel_base,1
5.423,5.442,44,active,13222245987527,13222245987546,slot0_x8_y3,0,8,3,TILE,THROUGHPUT_SECTION,/hdd/flapmax/tt-metal/tt_metal/hw/firmware/src/tt-1xx/trisck.cc,73,tile_fused:explicit_throughput,1
5.442,13.136,44,stall,13222245987546,13222245995240,slot0_x8_y3,0,8,3,TILE,TRISC-KERNEL,/hdd/flapmax/tt-metal/tt_metal/hw/firmware/src/tt-1xx/trisck.cc,73,tile_fused:trisc_kernel_base,1
13.136,13.195,44,active,13222245995240,13222245995299,slot0_x8_y3,0,8,3,TILE,THROUGHPUT_SECTION,/hdd/flapmax/tt-metal/tt_metal/hw/firmware/src/tt-1xx/trisck.cc,73,tile_fused:explicit_throughput,1
13.195,13.249,44,stall,13222245995299,13222245995353,slot0_x8_y3,0,8,3,TILE,TRISC-KERNEL,/hdd/flapmax/tt-metal/tt_metal/hw/firmware/src/tt-1xx/trisck.cc,73,tile_fused:trisc_kernel_base,1
13.249,13.271,44,active,13222245995353,13222245995375,slot0_x8_y3,0,8,3,TILE,THROUGHPUT_SECTION,/hdd/flapmax/tt-metal/tt_metal/hw/firmware/src/tt-1xx/trisck.cc,73,tile_fused:explicit_throughput,1
13.271,13.37,44,stall,13222245995375,13222245995474,slot0_x8_y3,0,8,3,TILE,TRISC-KERNEL,/hdd/flapmax/tt-metal/tt_metal/hw/firmware/src/tt-1xx/trisck.cc,73,tile_fused:trisc_kernel_base,1
13.37,13.39,44,active,13222245995474,13222245995494,slot0_x8_y3,0,8,3,TILE,THROUGHPUT_SECTION,/hdd/flapmax/tt-metal/tt_metal/hw/firmware/src/tt-1xx/trisck.cc,73,tile_fused:explicit_throughput,1
13.39,13.941,44,stall,13222245995494,13222245996045,slot0_x8_y3,0,8,3,TILE,TRISC-KERNEL,/hdd/flapmax/tt-metal/tt_metal/hw/firmware/src/tt-1xx/trisck.cc,73,tile_fused:trisc_kernel_base,1
13.941,13.988,44,active,13222245996045,13222245996092,slot0_x8_y3,0,8,3,TILE,THROUGHPUT_SECTION,/hdd/flapmax/tt-metal/tt_metal/hw/firmware/src/tt-1xx/trisck.cc,73,tile_fused:explicit_throughput,1
13.988,14.052,44,stall,13222245996092,13222245996156,slot0_x8_y3,0,8,3,TILE,TRISC-KERNEL,/hdd/flapmax/tt-metal/tt_metal/hw/firmware/src/tt-1xx/trisck.cc,73,tile_fused:trisc_kernel_base,1
14.052,14.074,44,active,13222245996156,13222245996178,slot0_x8_y3,0,8,3,TILE,THROUGHPUT_SECTION,/hdd/flapmax/tt-metal/tt_metal/hw/firmware/src/tt-1xx/trisck.cc,73,tile_fused:explicit_throughput,1
14.074,14.17,44,stall,13222245996178,13222245996274,slot0_x8_y3,0,8,3,TILE,TRISC-KERNEL,/hdd/flapmax/tt-metal/tt_metal/hw/firmware/src/tt-1xx/trisck.cc,73,tile_fused:trisc_kernel_base,1
14.17,14.189,44,active,13222245996274,13222245996293,slot0_x8_y3,0,8,3,TILE,THROUGHPUT_SECTION,/hdd/flapmax/tt-metal/tt_metal/hw/firmware/src/tt-1xx/trisck.cc,73,tile_fused:explicit_throughput,1
14.189,15.062,44,stall,13222245996293,13222245997166,slot0_x8_y3,0,8,3,TILE,TRISC-KERNEL,/hdd/flapmax/tt-metal/tt_metal/hw/firmware/src/tt-1xx/trisck.cc,73,tile_fused:trisc_kernel_base,1
15.062,15.116,44,active,13222245997166,13222245997220,slot0_x8_y3,0,8,3,TILE,THROUGHPUT_SECTION,/hdd/flapmax/tt-metal/tt_metal/hw/firmware/src/tt-1xx/trisck.cc,73,tile_fused:explicit_throughput,1
15.116,15.17,44,stall,13222245997220,13222245997274,slot0_x8_y3,0,8,3,TILE,TRISC-KERNEL,/hdd/flapmax/tt-metal/tt_metal/hw/firmware/src/tt-1xx/trisck.cc,73,tile_fused:trisc_kernel_base,1
15.17,15.193,44,active,13222245997274,13222245997297,slot0_x8_y3,0,8,3,TILE,THROUGHPUT_SECTION,/hdd/flapmax/tt-metal/tt_metal/hw/firmware/src/tt-1xx/trisck.cc,73,tile_fused:explicit_throughput,1
15.193,15.291,44,stall,13222245997297,13222245997395,slot0_x8_y3,0,8,3,TILE,TRISC-KERNEL,/hdd/flapmax/tt-metal/tt_metal/hw/firmware/src/tt-1xx/trisck.cc,73,tile_fused:trisc_kernel_base,1
15.291,15.31,44,active,13222245997395,13222245997414,slot0_x8_y3,0,8,3,TILE,THROUGHPUT_SECTION,/hdd/flapmax/tt-metal/tt_metal/hw/firmware/src/tt-1xx/trisck.cc,73,tile_fused:explicit_throughput,1
15.31,15.908,44,stall,13222245997414,13222245998012,slot0_x8_y3,0,8,3,TILE,TRISC-KERNEL,/hdd/flapmax/tt-metal/tt_metal/hw/firmware/src/tt-1xx/trisck.cc,73,tile_fused:trisc_kernel_base,1
15.908,15.955,44,active,13222245998012,13222245998059,slot0_x8_y3,0,8,3,TILE,THROUGHPUT_SECTION,/hdd/flapmax/tt-metal/tt_metal/hw/firmware/src/tt-1xx/trisck.cc,73,tile_fused:explicit_throughput,1
15.955,16.008,44,stall,13222245998059,13222245998112,slot0_x8_y3,0,8,3,TILE,TRISC-KERNEL,/hdd/flapmax/tt-metal/tt_metal/hw/firmware/src/tt-1xx/trisck.cc,73,tile_fused:trisc_kernel_base,1
16.008,16.029,44,active,13222245998112,13222245998133,slot0_x8_y3,0,8,3,TILE,THROUGHPUT_SECTION,/hdd/flapmax/tt-metal/tt_metal/hw/firmware/src/tt-1xx/trisck.cc,73,tile_fused:explicit_throughput,1
16.029,16.129,44,stall,13222245998133,13222245998233,slot0_x8_y3,0,8,3,TILE,TRISC-KERNEL,/hdd/flapmax/tt-metal/tt_metal/hw/firmware/src/tt-1xx/trisck.cc,73,tile_fused:trisc_kernel_base,1
16.129,16.151,44,active,13222245998233,13222245998255,slot0_x8_y3,0,8,3,TILE,THROUGHPUT_SECTION,/hdd/flapmax/tt-metal/tt_metal/hw/firmware/src/tt-1xx/trisck.cc,73,tile_fused:explicit_throughput,1
16.151,17.157,44,stall,13222245998255,13222245999261,slot0_x8_y3,0,8,3,TILE,TRISC-KERNEL,/hdd/flapmax/tt-metal/tt_metal/hw/firmware/src/tt-1xx/trisck.cc,73,tile_fused:trisc_kernel_base,1
17.157,17.211,44,active,13222245999261,13222245999315,slot0_x8_y3,0,8,3,TILE,THROUGHPUT_SECTION,/hdd/flapmax/tt-metal/tt_metal/hw/firmware/src/tt-1xx/trisck.cc,73,tile_fused:explicit_throughput,1
17.211,17.263,44,stall,13222245999315,13222245999367,slot0_x8_y3,0,8,3,TILE,TRISC-KERNEL,/hdd/flapmax/tt-metal/tt_metal/hw/firmware/src/tt-1xx/trisck.cc,73,tile_fused:trisc_kernel_base,1
17.263,17.286,44,active,13222245999367,13222245999390,slot0_x8_y3,0,8,3,TILE,THROUGHPUT_SECTION,/hdd/flapmax/tt-metal/tt_metal/hw/firmware/src/tt-1xx/trisck.cc,73,tile_fused:explicit_throughput,1
17.286,17.384,44,stall,13222245999390,13222245999488,slot0_x8_y3,0,8,3,TILE,TRISC-KERNEL,/hdd/flapmax/tt-metal/tt_metal/hw/firmware/src/tt-1xx/trisck.cc,73,tile_fused:trisc_kernel_base,1
17.384,17.404,44,active,13222245999488,13222245999508,slot0_x8_y3,0,8,3,TILE,THROUGHPUT_SECTION,/hdd/flapmax/tt-metal/tt_metal/hw/firmware/src/tt-1xx/trisck.cc,73,tile_fused:explicit_throughput,1
17.404,18.097,44,stall,13222245999508,13222246000201,slot0_x8_y3,0,8,3,TILE,TRISC-KERNEL,/hdd/flapmax/tt-metal/tt_metal/hw/firmware/src/tt-1xx/trisck.cc,73,tile_fused:trisc_kernel_base,1
18.097,18.145,44,active,13222246000201,13222246000249,slot0_x8_y3,0,8,3,TILE,THROUGHPUT_SECTION,/hdd/flapmax/tt-metal/tt_metal/hw/firmware/src/tt-1xx/trisck.cc,73,tile_fused:explicit_throughput,1
18.145,18.206,44,stall,13222246000249,13222246000310,slot0_x8_y3,0,8,3,TILE,TRISC-KERNEL,/hdd/flapmax/tt-metal/tt_metal/hw/firmware/src/tt-1xx/trisck.cc,73,tile_fused:trisc_kernel_base,1
18.206,18.227,44,active,13222246000310,13222246000331,slot0_x8_y3,0,8,3,TILE,THROUGHPUT_SECTION,/hdd/flapmax/tt-metal/tt_metal/hw/firmware/src/tt-1xx/trisck.cc,73,tile_fused:explicit_throughput,1
18.227,18.325,44,stall,13222246000331,13222246000429,slot0_x8_y3,0,8,3,TILE,TRISC-KERNEL,/hdd/flapmax/tt-metal/tt_metal/hw/firmware/src/tt-1xx/trisck.cc,73,tile_fused:trisc_kernel_base,1
18.325,18.344,44,active,13222246000429,13222246000448,slot0_x8_y3,0,8,3,TILE,THROUGHPUT_SECTION,/hdd/flapmax/tt-metal/tt_metal/hw/firmware/src/tt-1xx/trisck.cc,73,tile_fused:explicit_throughput,1
18.344,18.849,44,stall,13222246000448,13222246000953,slot0_x8_y3,0,8,3,TILE,TRISC-KERNEL,/hdd/flapmax/tt-metal/tt_metal/hw/firmware/src/tt-1xx/trisck.cc,73,tile_fused:trisc_kernel_base,1
18.849,18.903,44,active,13222246000953,13222246001007,slot0_x8_y3,0,8,3,TILE,THROUGHPUT_SECTION,/hdd/flapmax/tt-metal/tt_metal/hw/firmware/src/tt-1xx/trisck.cc,73,tile_fused:explicit_throughput,1
18.903,18.955,44,stall,13222246001007,13222246001059,slot0_x8_y3,0,8,3,TILE,TRISC-KERNEL,/hdd/flapmax/tt-metal/tt_metal/hw/firmware/src/tt-1xx/trisck.cc,73,tile_fused:trisc_kernel_base,1
18.955,18.978,44,active,13222246001059,13222246001082,slot0_x8_y3,0,8,3,TILE,THROUGHPUT_SECTION,/hdd/flapmax/tt-metal/tt_metal/hw/firmware/src/tt-1xx/trisck.cc,73,tile_fused:explicit_throughput,1
18.978,19.076,44,stall,13222246001082,13222246001180,slot0_x8_y3,0,8,3,TILE,TRISC-KERNEL,/hdd/flapmax/tt-metal/tt_metal/hw/firmware/src/tt-1xx/trisck.cc,73,tile_fused:trisc_kernel_base,1
19.076,19.096,44,active,13222246001180,13222246001200,slot0_x8_y3,0,8,3,TILE,THROUGHPUT_SECTION,/hdd/flapmax/tt-metal/tt_metal/hw/firmware/src/tt-1xx/trisck.cc,73,tile_fused:explicit_throughput,1
19.096,19.602,44,stall,13222246001200,13222246001706,slot0_x8_y3,0,8,3,TILE,TRISC-KERNEL,/hdd/flapmax/tt-metal/tt_metal/hw/firmware/src/tt-1xx/trisck.cc,73,tile_fused:trisc_kernel_base,1
19.602,19.649,44,active,13222246001706,13222246001753,slot0_x8_y3,0,8,3,TILE,THROUGHPUT_SECTION,/hdd/flapmax/tt-metal/tt_metal/hw/firmware/src/tt-1xx/trisck.cc,73,tile_fused:explicit_throughput,1
19.649,19.702,44,stall,13222246001753,13222246001806,slot0_x8_y3,0,8,3,TILE,TRISC-KERNEL,/hdd/flapmax/tt-metal/tt_metal/hw/firmware/src/tt-1xx/trisck.cc,73,tile_fused:trisc_kernel_base,1
19.702,19.723,44,active,13222246001806,13222246001827,slot0_x8_y3,0,8,3,TILE,THROUGHPUT_SECTION,/hdd/flapmax/tt-metal/tt_metal/hw/firmware/src/tt-1xx/trisck.cc,73,tile_fused:explicit_throughput,1
19.723,19.823,44,stall,13222246001827,13222246001927,slot0_x8_y3,0,8,3,TILE,TRISC-KERNEL,/hdd/flapmax/tt-metal/tt_metal/hw/firmware/src/tt-1xx/trisck.cc,73,tile_fused:trisc_kernel_base,1
19.823,19.843,44,active,13222246001927,13222246001947,slot0_x8_y3,0,8,3,TILE,THROUGHPUT_SECTION,/hdd/flapmax/tt-metal/tt_metal/hw/firmware/src/tt-1xx/trisck.cc,73,tile_fused:explicit_throughput,1
19.843,20.32,44,stall,13222246001947,13222246002424,slot0_x8_y3,0,8,3,TILE,TRISC-KERNEL,/hdd/flapmax/tt-metal/tt_metal/hw/firmware/src/tt-1xx/trisck.cc,73,tile_fused:trisc_kernel_base,1
20.32,20.374,44,active,13222246002424,13222246002478,slot0_x8_y3,0,8,3,TILE,THROUGHPUT_SECTION,/hdd/flapmax/tt-metal/tt_metal/hw/firmware/src/tt-1xx/trisck.cc,73,tile_fused:explicit_throughput,1
20.374,20.428,44,stall,13222246002478,13222246002532,slot0_x8_y3,0,8,3,TILE,TRISC-KERNEL,/hdd/flapmax/tt-metal/tt_metal/hw/firmware/src/tt-1xx/trisck.cc,73,tile_fused:trisc_kernel_base,1
20.428,20.449,44,active,13222246002532,13222246002553,slot0_x8_y3,0,8,3,TILE,THROUGHPUT_SECTION,/hdd/flapmax/tt-metal/tt_metal/hw/firmware/src/tt-1xx/trisck.cc,73,tile_fused:explicit_throughput,1
20.449,20.549,44,stall,13222246002553,13222246002653,slot0_x8_y3,0,8,3,TILE,TRISC-KERNEL,/hdd/flapmax/tt-metal/tt_metal/hw/firmware/src/tt-1xx/trisck.cc,73,tile_fused:trisc_kernel_base,1
20.549,20.569,44,active,13222246002653,13222246002673,slot0_x8_y3,0,8,3,TILE,THROUGHPUT_SECTION,/hdd/flapmax/tt-metal/tt_metal/hw/firmware/src/tt-1xx/trisck.cc,73,tile_fused:explicit_throughput,1
20.569,21.156,44,stall,13222246002673,13222246003260,slot0_x8_y3,0,8,3,TILE,TRISC-KERNEL,/hdd/flapmax/tt-metal/tt_metal/hw/firmware/src/tt-1xx/trisck.cc,73,tile_fused:trisc_kernel_base,1
21.156,21.203,44,active,13222246003260,13222246003307,slot0_x8_y3,0,8,3,TILE,THROUGHPUT_SECTION,/hdd/flapmax/tt-metal/tt_metal/hw/firmware/src/tt-1xx/trisck.cc,73,tile_fused:explicit_throughput,1
21.203,21.957,44,stall,13222246003307,13222246004061,slot0_x8_y3,0,8,3,TILE,TRISC-KERNEL,/hdd/flapmax/tt-metal/tt_metal/hw/firmware/src/tt-1xx/trisck.cc,73,tile_fused:trisc_kernel_base,1
21.957,22.011,44,active,13222246004061,13222246004115,slot0_x8_y3,0,8,3,TILE,THROUGHPUT_SECTION,/hdd/flapmax/tt-metal/tt_metal/hw/firmware/src/tt-1xx/trisck.cc,73,tile_fused:explicit_throughput,1
22.011,22.811,44,stall,13222246004115,13222246004915,slot0_x8_y3,0,8,3,TILE,TRISC-KERNEL,/hdd/flapmax/tt-metal/tt_metal/hw/firmware/src/tt-1xx/trisck.cc,73,tile_fused:trisc_kernel_base,1
0.095,0.277,45,stall,13222245982199,13222245982381,slot0_x8_y4,0,8,4,TILE,TRISC-KERNEL,/hdd/flapmax/tt-metal/tt_metal/hw/firmware/src/tt-1xx/trisck.cc,73,tile_fused:trisc_kernel_base,1
0.277,0.298,45,active,13222245982381,13222245982402,slot0_x8_y4,0,8,4,TILE,THROUGHPUT_SECTION,/hdd/flapmax/tt-metal/tt_metal/hw/firmware/src/tt-1xx/trisck.cc,73,tile_fused:explicit_throughput,1
0.298,0.336,45,stall,13222245982402,13222245982440,slot0_x8_y4,0,8,4,TILE,TRISC-KERNEL,/hdd/flapmax/tt-metal/tt_metal/hw/firmware/src/tt-1xx/trisck.cc,73,tile_fused:trisc_kernel_base,1
0.336,0.357,45,active,13222245982440,13222245982461,slot0_x8_y4,0,8,4,TILE,THROUGHPUT_SECTION,/hdd/flapmax/tt-metal/tt_metal/hw/firmware/src/tt-1xx/trisck.cc,73,tile_fused:explicit_throughput,1
0.357,0.536,45,stall,13222245982461,13222245982640,slot0_x8_y4,0,8,4,TILE,TRISC-KERNEL,/hdd/flapmax/tt-metal/tt_metal/hw/firmware/src/tt-1xx/trisck.cc,73,tile_fused:trisc_kernel_base,1
0.536,0.555,45,active,13222245982640,13222245982659,slot0_x8_y4,0,8,4,TILE,THROUGHPUT_SECTION,/hdd/flapmax/tt-metal/tt_metal/hw/firmware/src/tt-1xx/trisck.cc,73,tile_fused:explicit_throughput,1
0.555,0.666,45,stall,13222245982659,13222245982770,slot0_x8_y4,0,8,4,TILE,TRISC-KERNEL,/hdd/flapmax/tt-metal/tt_metal/hw/firmware/src/tt-1xx/trisck.cc,73,tile_fused:trisc_kernel_base,1
0.666,0.685,45,active,13222245982770,13222245982789,slot0_x8_y4,0,8,4,TILE,THROUGHPUT_SECTION,/hdd/flapmax/tt-metal/tt_metal/hw/firmware/src/tt-1xx/trisck.cc,73,tile_fused:explicit_throughput,1
0.685,1.359,45,stall,13222245982789,13222245983463,slot0_x8_y4,0,8,4,TILE,TRISC-KERNEL,/hdd/flapmax/tt-metal/tt_metal/hw/firmware/src/tt-1xx/trisck.cc,73,tile_fused:trisc_kernel_base,1
1.359,1.405,45,active,13222245983463,13222245983509,slot0_x8_y4,0,8,4,TILE,THROUGHPUT_SECTION,/hdd/flapmax/tt-metal/tt_metal/hw/firmware/src/tt-1xx/trisck.cc,73,tile_fused:explicit_throughput,1
1.405,1.459,45,stall,13222245983509,13222245983563,slot0_x8_y4,0,8,4,TILE,TRISC-KERNEL,/hdd/flapmax/tt-metal/tt_metal/hw/firmware/src/tt-1xx/trisck.cc,73,tile_fused:trisc_kernel_base,1
1.459,1.483,45,active,13222245983563,13222245983587,slot0_x8_y4,0,8,4,TILE,THROUGHPUT_SECTION,/hdd/flapmax/tt-metal/tt_metal/hw/firmware/src/tt-1xx/trisck.cc,73,tile_fused:explicit_throughput,1
1.483,1.581,45,stall,13222245983587,13222245983685,slot0_x8_y4,0,8,4,TILE,TRISC-KERNEL,/hdd/flapmax/tt-metal/tt_metal/hw/firmware/src/tt-1xx/trisck.cc,73,tile_fused:trisc_kernel_base,1
1.581,1.6,45,active,13222245983685,13222245983704,slot0_x8_y4,0,8,4,TILE,THROUGHPUT_SECTION,/hdd/flapmax/tt-metal/tt_metal/hw/firmware/src/tt-1xx/trisck.cc,73,tile_fused:explicit_throughput,1
1.6,2.225,45,stall,13222245983704,13222245984329,slot0_x8_y4,0,8,4,TILE,TRISC-KERNEL,/hdd/flapmax/tt-metal/tt_metal/hw/firmware/src/tt-1xx/trisck.cc,73,tile_fused:trisc_kernel_base,1
2.225,2.284,45,active,13222245984329,13222245984388,slot0_x8_y4,0,8,4,TILE,THROUGHPUT_SECTION,/hdd/flapmax/tt-metal/tt_metal/hw/firmware/src/tt-1xx/trisck.cc,73,tile_fused:explicit_throughput,1
2.284,2.338,45,stall,13222245984388,13222245984442,slot0_x8_y4,0,8,4,TILE,TRISC-KERNEL,/hdd/flapmax/tt-metal/tt_metal/hw/firmware/src/tt-1xx/trisck.cc,73,tile_fused:trisc_kernel_base,1
2.338,2.359,45,active,13222245984442,13222245984463,slot0_x8_y4,0,8,4,TILE,THROUGHPUT_SECTION,/hdd/flapmax/tt-metal/tt_metal/hw/firmware/src/tt-1xx/trisck.cc,73,tile_fused:explicit_throughput,1
2.359,2.459,45,stall,13222245984463,13222245984563,slot0_x8_y4,0,8,4,TILE,TRISC-KERNEL,/hdd/flapmax/tt-metal/tt_metal/hw/firmware/src/tt-1xx/trisck.cc,73,tile_fused:trisc_kernel_base,1
2.459,2.479,45,active,13222245984563,13222245984583,slot0_x8_y4,0,8,4,TILE,THROUGHPUT_SECTION,/hdd/flapmax/tt-metal/tt_metal/hw/firmware/src/tt-1xx/trisck.cc,73,tile_fused:explicit_throughput,1
2.479,3.255,45,stall,13222245984583,13222245985359,slot0_x8_y4,0,8,4,TILE,TRISC-KERNEL,/hdd/flapmax/tt-metal/tt_metal/hw/firmware/src/tt-1xx/trisck.cc,73,tile_fused:trisc_kernel_base,1
3.255,3.302,45,active,13222245985359,13222245985406,slot0_x8_y4,0,8,4,TILE,THROUGHPUT_SECTION,/hdd/flapmax/tt-metal/tt_metal/hw/firmware/src/tt-1xx/trisck.cc,73,tile_fused:explicit_throughput,1
3.302,3.366,45,stall,13222245985406,13222245985470,slot0_x8_y4,0,8,4,TILE,TRISC-KERNEL,/hdd/flapmax/tt-metal/tt_metal/hw/firmware/src/tt-1xx/trisck.cc,73,tile_fused:trisc_kernel_base,1
3.366,3.388,45,active,13222245985470,13222245985492,slot0_x8_y4,0,8,4,TILE,THROUGHPUT_SECTION,/hdd/flapmax/tt-metal/tt_metal/hw/firmware/src/tt-1xx/trisck.cc,73,tile_fused:explicit_throughput,1
3.388,3.484,45,stall,13222245985492,13222245985588,slot0_x8_y4,0,8,4,TILE,TRISC-KERNEL,/hdd/flapmax/tt-metal/tt_metal/hw/firmware/src/tt-1xx/trisck.cc,73,tile_fused:trisc_kernel_base,1
3.484,3.503,45,active,13222245985588,13222245985607,slot0_x8_y4,0,8,4,TILE,THROUGHPUT_SECTION,/hdd/flapmax/tt-metal/tt_metal/hw/firmware/src/tt-1xx/trisck.cc,73,tile_fused:explicit_throughput,1
3.503,4.477,45,stall,13222245985607,13222245986581,slot0_x8_y4,0,8,4,TILE,TRISC-KERNEL,/hdd/flapmax/tt-metal/tt_metal/hw/firmware/src/tt-1xx/trisck.cc,73,tile_fused:trisc_kernel_base,1
4.477,4.529,45,active,13222245986581,13222245986633,slot0_x8_y4,0,8,4,TILE,THROUGHPUT_SECTION,/hdd/flapmax/tt-metal/tt_metal/hw/firmware/src/tt-1xx/trisck.cc,73,tile_fused:explicit_throughput,1
4.529,4.583,45,stall,13222245986633,13222245986687,slot0_x8_y4,0,8,4,TILE,TRISC-KERNEL,/hdd/flapmax/tt-metal/tt_metal/hw/firmware/src/tt-1xx/trisck.cc,73,tile_fused:trisc_kernel_base,1
4.583,4.604,45,active,13222245986687,13222245986708,slot0_x8_y4,0,8,4,TILE,THROUGHPUT_SECTION,/hdd/flapmax/tt-metal/tt_metal/hw/firmware/src/tt-1xx/trisck.cc,73,tile_fused:explicit_throughput,1
4.604,4.704,45,stall,13222245986708,13222245986808,slot0_x8_y4,0,8,4,TILE,TRISC-KERNEL,/hdd/flapmax/tt-metal/tt_metal/hw/firmware/src/tt-1xx/trisck.cc,73,tile_fused:trisc_kernel_base,1
4.704,4.724,45,active,13222245986808,13222245986828,slot0_x8_y4,0,8,4,TILE,THROUGHPUT_SECTION,/hdd/flapmax/tt-metal/tt_metal/hw/firmware/src/tt-1xx/trisck.cc,73,tile_fused:explicit_throughput,1
4.724,5.46,45,stall,13222245986828,13222245987564,slot0_x8_y4,0,8,4,TILE,TRISC-KERNEL,/hdd/flapmax/tt-metal/tt_metal/hw/firmware/src/tt-1xx/trisck.cc,73,tile_fused:trisc_kernel_base,1
5.46,5.506,45,active,13222245987564,13222245987610,slot0_x8_y4,0,8,4,TILE,THROUGHPUT_SECTION,/hdd/flapmax/tt-metal/tt_metal/hw/firmware/src/tt-1xx/trisck.cc,73,tile_fused:explicit_throughput,1
5.506,5.559,45,stall,13222245987610,13222245987663,slot0_x8_y4,0,8,4,TILE,TRISC-KERNEL,/hdd/flapmax/tt-metal/tt_metal/hw/firmware/src/tt-1xx/trisck.cc,73,tile_fused:trisc_kernel_base,1
5.559,5.58,45,active,13222245987663,13222245987684,slot0_x8_y4,0,8,4,TILE,THROUGHPUT_SECTION,/hdd/flapmax/tt-metal/tt_metal/hw/firmware/src/tt-1xx/trisck.cc,73,tile_fused:explicit_throughput,1
5.58,5.68,45,stall,13222245987684,13222245987784,slot0_x8_y4,0,8,4,TILE,TRISC-KERNEL,/hdd/flapmax/tt-metal/tt_metal/hw/firmware/src/tt-1xx/trisck.cc,73,tile_fused:trisc_kernel_base,1
5.68,5.702,45,active,13222245987784,13222245987806,slot0_x8_y4,0,8,4,TILE,THROUGHPUT_SECTION,/hdd/flapmax/tt-metal/tt_metal/hw/firmware/src/tt-1xx/trisck.cc,73,tile_fused:explicit_throughput,1
5.702,6.171,45,stall,13222245987806,13222245988275,slot0_x8_y4,0,8,4,TILE,TRISC-KERNEL,/hdd/flapmax/tt-metal/tt_metal/hw/firmware/src/tt-1xx/trisck.cc,73,tile_fused:trisc_kernel_base,1
6.171,6.225,45,active,13222245988275,13222245988329,slot0_x8_y4,0,8,4,TILE,THROUGHPUT_SECTION,/hdd/flapmax/tt-metal/tt_metal/hw/firmware/src/tt-1xx/trisck.cc,73,tile_fused:explicit_throughput,1
6.225,6.277,45,stall,13222245988329,13222245988381,slot0_x8_y4,0,8,4,TILE,TRISC-KERNEL,/hdd/flapmax/tt-metal/tt_metal/hw/firmware/src/tt-1xx/trisck.cc,73,tile_fused:trisc_kernel_base,1
6.277,6.299,45,active,13222245988381,13222245988403,slot0_x8_y4,0,8,4,TILE,THROUGHPUT_SECTION,/hdd/flapmax/tt-metal/tt_metal/hw/firmware/src/tt-1xx/trisck.cc,73,tile_fused:explicit_throughput,1
6.299,6.399,45,stall,13222245988403,13222245988503,slot0_x8_y4,0,8,4,TILE,TRISC-KERNEL,/hdd/flapmax/tt-metal/tt_metal/hw/firmware/src/tt-1xx/trisck.cc,73,tile_fused:trisc_kernel_base,1
6.399,6.418,45,active,13222245988503,13222245988522,slot0_x8_y4,0,8,4,TILE,THROUGHPUT_SECTION,/hdd/flapmax/tt-metal/tt_metal/hw/firmware/src/tt-1xx/trisck.cc,73,tile_fused:explicit_throughput,1
6.418,15.433,45,stall,13222245988522,13222245997537,slot0_x8_y4,0,8,4,TILE,TRISC-KERNEL,/hdd/flapmax/tt-metal/tt_metal/hw/firmware/src/tt-1xx/trisck.cc,73,tile_fused:trisc_kernel_base,1
15.433,15.48,45,active,13222245997537,13222245997584,slot0_x8_y4,0,8,4,TILE,THROUGHPUT_SECTION,/hdd/flapmax/tt-metal/tt_metal/hw/firmware/src/tt-1xx/trisck.cc,73,tile_fused:explicit_throughput,1
15.48,15.54,45,stall,13222245997584,13222245997644,slot0_x8_y4,0,8,4,TILE,TRISC-KERNEL,/hdd/flapmax/tt-metal/tt_metal/hw/firmware/src/tt-1xx/trisck.cc,73,tile_fused:trisc_kernel_base,1
15.54,15.562,45,active,13222245997644,13222245997666,slot0_x8_y4,0,8,4,TILE,THROUGHPUT_SECTION,/hdd/flapmax/tt-metal/tt_metal/hw/firmware/src/tt-1xx/trisck.cc,73,tile_fused:explicit_throughput,1
15.562,15.66,45,stall,13222245997666,13222245997764,slot0_x8_y4,0,8,4,TILE,TRISC-KERNEL,/hdd/flapmax/tt-metal/tt_metal/hw/firmware/src/tt-1xx/trisck.cc,73,tile_fused:trisc_kernel_base,1
15.66,15.679,45,active,13222245997764,13222245997783,slot0_x8_y4,0,8,4,TILE,THROUGHPUT_SECTION,/hdd/flapmax/tt-metal/tt_metal/hw/firmware/src/tt-1xx/trisck.cc,73,tile_fused:explicit_throughput,1
15.679,22.772,45,stall,13222245997783,13222246004876,slot0_x8_y4,0,8,4,TILE,TRISC-KERNEL,/hdd/flapmax/tt-metal/tt_metal/hw/firmware/src/tt-1xx/trisck.cc,73,tile_fused:trisc_kernel_base,1
22.772,22.826,45,active,13222246004876,13222246004930,slot0_x8_y4,0,8,4,TILE,THROUGHPUT_SECTION,/hdd/flapmax/tt-metal/tt_metal/hw/firmware/src/tt-1xx/trisck.cc,73,tile_fused:explicit_throughput,1
22.826,22.878,45,stall,13222246004930,13222246004982,slot0_x8_y4,0,8,4,TILE,TRISC-KERNEL,/hdd/flapmax/tt-metal/tt_metal/hw/firmware/src/tt-1xx/trisck.cc,73,tile_fused:trisc_kernel_base,1
22.878,22.901,45,active,13222246004982,13222246005005,slot0_x8_y4,0,8,4,TILE,THROUGHPUT_SECTION,/hdd/flapmax/tt-metal/tt_metal/hw/firmware/src/tt-1xx/trisck.cc,73,tile_fused:explicit_throughput,1
22.901,22.999,45,stall,13222246005005,13222246005103,slot0_x8_y4,0,8,4,TILE,TRISC-KERNEL,/hdd/flapmax/tt-metal/tt_metal/hw/firmware/src/tt-1xx/trisck.cc,73,tile_fused:trisc_kernel_base,1
22.999,23.018,45,active,13222246005103,13222246005122,slot0_x8_y4,0,8,4,TILE,THROUGHPUT_SECTION,/hdd/flapmax/tt-metal/tt_metal/hw/firmware/src/tt-1xx/trisck.cc,73,tile_fused:explicit_throughput,1
23.018,23.525,45,stall,13222246005122,13222246005629,slot0_x8_y4,0,8,4,TILE,TRISC-KERNEL,/hdd/flapmax/tt-metal/tt_metal/hw/firmware/src/tt-1xx/trisck.cc,73,tile_fused:trisc_kernel_base,1
23.525,23.572,45,active,13222246005629,13222246005676,slot0_x8_y4,0,8,4,TILE,THROUGHPUT_SECTION,/hdd/flapmax/tt-metal/tt_metal/hw/firmware/src/tt-1xx/trisck.cc,73,tile_fused:explicit_throughput,1
23.572,23.625,45,stall,13222246005676,13222246005729,slot0_x8_y4,0,8,4,TILE,TRISC-KERNEL,/hdd/flapmax/tt-metal/tt_metal/hw/firmware/src/tt-1xx/trisck.cc,73,tile_fused:trisc_kernel_base,1
23.625,23.646,45,active,13222246005729,13222246005750,slot0_x8_y4,0,8,4,TILE,THROUGHPUT_SECTION,/hdd/flapmax/tt-metal/tt_metal/hw/firmware/src/tt-1xx/trisck.cc,73,tile_fused:explicit_throughput,1
23.646,23.746,45,stall,13222246005750,13222246005850,slot0_x8_y4,0,8,4,TILE,TRISC-KERNEL,/hdd/flapmax/tt-metal/tt_metal/hw/firmware/src/tt-1xx/trisck.cc,73,tile_fused:trisc_kernel_base,1
23.746,23.768,45,active,13222246005850,13222246005872,slot0_x8_y4,0,8,4,TILE,THROUGHPUT_SECTION,/hdd/flapmax/tt-metal/tt_metal/hw/firmware/src/tt-1xx/trisck.cc,73,tile_fused:explicit_throughput,1
23.768,24.517,45,stall,13222246005872,13222246006621,slot0_x8_y4,0,8,4,TILE,TRISC-KERNEL,/hdd/flapmax/tt-metal/tt_metal/hw/firmware/src/tt-1xx/trisck.cc,73,tile_fused:trisc_kernel_base,1
24.517,24.571,45,active,13222246006621,13222246006675,slot0_x8_y4,0,8,4,TILE,THROUGHPUT_SECTION,/hdd/flapmax/tt-metal/tt_metal/hw/firmware/src/tt-1xx/trisck.cc,73,tile_fused:explicit_throughput,1
24.571,25.128,45,stall,13222246006675,13222246007232,slot0_x8_y4,0,8,4,TILE,TRISC-KERNEL,/hdd/flapmax/tt-metal/tt_metal/hw/firmware/src/tt-1xx/trisck.cc,73,tile_fused:trisc_kernel_base,1
25.128,25.175,45,active,13222246007232,13222246007279,slot0_x8_y4,0,8,4,TILE,THROUGHPUT_SECTION,/hdd/flapmax/tt-metal/tt_metal/hw/firmware/src/tt-1xx/trisck.cc,73,tile_fused:explicit_throughput,1
25.175,26.004,45,stall,13222246007279,13222246008108,slot0_x8_y4,0,8,4,TILE,TRISC-KERNEL,/hdd/flapmax/tt-metal/tt_metal/hw/firmware/src/tt-1xx/trisck.cc,73,tile_fused:trisc_kernel_base,1
0.128,0.307,46,stall,13222245982232,13222245982411,slot0_x8_y5,0,8,5,TILE,TRISC-KERNEL,/hdd/flapmax/tt-metal/tt_metal/hw/firmware/src/tt-1xx/trisck.cc,73,tile_fused:trisc_kernel_base,1
0.307,0.328,46,active,13222245982411,13222245982432,slot0_x8_y5,0,8,5,TILE,THROUGHPUT_SECTION,/hdd/flapmax/tt-metal/tt_metal/hw/firmware/src/tt-1xx/trisck.cc,73,tile_fused:explicit_throughput,1
0.328,0.366,46,stall,13222245982432,13222245982470,slot0_x8_y5,0,8,5,TILE,TRISC-KERNEL,/hdd/flapmax/tt-metal/tt_metal/hw/firmware/src/tt-1xx/trisck.cc,73,tile_fused:trisc_kernel_base,1
0.366,0.387,46,active,13222245982470,13222245982491,slot0_x8_y5,0,8,5,TILE,THROUGHPUT_SECTION,/hdd/flapmax/tt-metal/tt_metal/hw/firmware/src/tt-1xx/trisck.cc,73,tile_fused:explicit_throughput,1
0.387,0.556,46,stall,13222245982491,13222245982660,slot0_x8_y5,0,8,5,TILE,TRISC-KERNEL,/hdd/flapmax/tt-metal/tt_metal/hw/firmware/src/tt-1xx/trisck.cc,73,tile_fused:trisc_kernel_base,1
0.556,0.575,46,active,13222245982660,13222245982679,slot0_x8_y5,0,8,5,TILE,THROUGHPUT_SECTION,/hdd/flapmax/tt-metal/tt_metal/hw/firmware/src/tt-1xx/trisck.cc,73,tile_fused:explicit_throughput,1
0.575,0.686,46,stall,13222245982679,13222245982790,slot0_x8_y5,0,8,5,TILE,TRISC-KERNEL,/hdd/flapmax/tt-metal/tt_metal/hw/firmware/src/tt-1xx/trisck.cc,73,tile_fused:trisc_kernel_base,1
0.686,0.705,46,active,13222245982790,13222245982809,slot0_x8_y5,0,8,5,TILE,THROUGHPUT_SECTION,/hdd/flapmax/tt-metal/tt_metal/hw/firmware/src/tt-1xx/trisck.cc,73,tile_fused:explicit_throughput,1
0.705,1.398,46,stall,13222245982809,13222245983502,slot0_x8_y5,0,8,5,TILE,TRISC-KERNEL,/hdd/flapmax/tt-metal/tt_metal/hw/firmware/src/tt-1xx/trisck.cc,73,tile_fused:trisc_kernel_base,1
1.398,1.444,46,active,13222245983502,13222245983548,slot0_x8_y5,0,8,5,TILE,THROUGHPUT_SECTION,/hdd/flapmax/tt-metal/tt_metal/hw/firmware/src/tt-1xx/trisck.cc,73,tile_fused:explicit_throughput,1
1.444,1.498,46,stall,13222245983548,13222245983602,slot0_x8_y5,0,8,5,TILE,TRISC-KERNEL,/hdd/flapmax/tt-metal/tt_metal/hw/firmware/src/tt-1xx/trisck.cc,73,tile_fused:trisc_kernel_base,1
1.498,1.522,46,active,13222245983602,13222245983626,slot0_x8_y5,0,8,5,TILE,THROUGHPUT_SECTION,/hdd/flapmax/tt-metal/tt_metal/hw/firmware/src/tt-1xx/trisck.cc,73,tile_fused:explicit_throughput,1
1.522,1.62,46,stall,13222245983626,13222245983724,slot0_x8_y5,0,8,5,TILE,TRISC-KERNEL,/hdd/flapmax/tt-metal/tt_metal/hw/firmware/src/tt-1xx/trisck.cc,73,tile_fused:trisc_kernel_base,1
1.62,1.639,46,active,13222245983724,13222245983743,slot0_x8_y5,0,8,5,TILE,THROUGHPUT_SECTION,/hdd/flapmax/tt-metal/tt_metal/hw/firmware/src/tt-1xx/trisck.cc,73,tile_fused:explicit_throughput,1
1.639,2.3,46,stall,13222245983743,13222245984404,slot0_x8_y5,0,8,5,TILE,TRISC-KERNEL,/hdd/flapmax/tt-metal/tt_metal/hw/firmware/src/tt-1xx/trisck.cc,73,tile_fused:trisc_kernel_base,1
2.3,2.359,46,active,13222245984404,13222245984463,slot0_x8_y5,0,8,5,TILE,THROUGHPUT_SECTION,/hdd/flapmax/tt-metal/tt_metal/hw/firmware/src/tt-1xx/trisck.cc,73,tile_fused:explicit_throughput,1
2.359,2.413,46,stall,13222245984463,13222245984517,slot0_x8_y5,0,8,5,TILE,TRISC-KERNEL,/hdd/flapmax/tt-metal/tt_metal/hw/firmware/src/tt-1xx/trisck.cc,73,tile_fused:trisc_kernel_base,1
2.413,2.435,46,active,13222245984517,13222245984539,slot0_x8_y5,0,8,5,TILE,THROUGHPUT_SECTION,/hdd/flapmax/tt-metal/tt_metal/hw/firmware/src/tt-1xx/trisck.cc,73,tile_fused:explicit_throughput,1
2.435,2.534,46,stall,13222245984539,13222245984638,slot0_x8_y5,0,8,5,TILE,TRISC-KERNEL,/hdd/flapmax/tt-metal/tt_metal/hw/firmware/src/tt-1xx/trisck.cc,73,tile_fused:trisc_kernel_base,1
2.534,2.554,46,active,13222245984638,13222245984658,slot0_x8_y5,0,8,5,TILE,THROUGHPUT_SECTION,/hdd/flapmax/tt-metal/tt_metal/hw/firmware/src/tt-1xx/trisck.cc,73,tile_fused:explicit_throughput,1
2.554,10.753,46,stall,13222245984658,13222245992857,slot0_x8_y5,0,8,5,TILE,TRISC-KERNEL,/hdd/flapmax/tt-metal/tt_metal/hw/firmware/src/tt-1xx/trisck.cc,73,tile_fused:trisc_kernel_base,1
10.753,10.8,46,active,13222245992857,13222245992904,slot0_x8_y5,0,8,5,TILE,THROUGHPUT_SECTION,/hdd/flapmax/tt-metal/tt_metal/hw/firmware/src/tt-1xx/trisck.cc,73,tile_fused:explicit_throughput,1
10.8,10.862,46,stall,13222245992904,13222245992966,slot0_x8_y5,0,8,5,TILE,TRISC-KERNEL,/hdd/flapmax/tt-metal/tt_metal/hw/firmware/src/tt-1xx/trisck.cc,73,tile_fused:trisc_kernel_base,1
10.862,10.884,46,active,13222245992966,13222245992988,slot0_x8_y5,0,8,5,TILE,THROUGHPUT_SECTION,/hdd/flapmax/tt-metal/tt_metal/hw/firmware/src/tt-1xx/trisck.cc,73,tile_fused:explicit_throughput,1
10.884,10.982,46,stall,13222245992988,13222245993086,slot0_x8_y5,0,8,5,TILE,TRISC-KERNEL,/hdd/flapmax/tt-metal/tt_metal/hw/firmware/src/tt-1xx/trisck.cc,73,tile_fused:trisc_kernel_base,1
10.982,11.001,46,active,13222245993086,13222245993105,slot0_x8_y5,0,8,5,TILE,THROUGHPUT_SECTION,/hdd/flapmax/tt-metal/tt_metal/hw/firmware/src/tt-1xx/trisck.cc,73,tile_fused:explicit_throughput,1
11.001,19.109,46,stall,13222245993105,13222246001213,slot0_x8_y5,0,8,5,TILE,TRISC-KERNEL,/hdd/flapmax/tt-metal/tt_metal/hw/firmware/src/tt-1xx/trisck.cc,73,tile_fused:trisc_kernel_base,1
19.109,19.162,46,active,13222246001213,13222246001266,slot0_x8_y5,0,8,5,TILE,THROUGHPUT_SECTION,/hdd/flapmax/tt-metal/tt_metal/hw/firmware/src/tt-1xx/trisck.cc,73,tile_fused:explicit_throughput,1
19.162,19.216,46,stall,13222246001266,13222246001320,slot0_x8_y5,0,8,5,TILE,TRISC-KERNEL,/hdd/flapmax/tt-metal/tt_metal/hw/firmware/src/tt-1xx/trisck.cc,73,tile_fused:trisc_kernel_base,1
19.216,19.237,46,active,13222246001320,13222246001341,slot0_x8_y5,0,8,5,TILE,THROUGHPUT_SECTION,/hdd/flapmax/tt-metal/tt_metal/hw/firmware/src/tt-1xx/trisck.cc,73,tile_fused:explicit_throughput,1
19.237,19.337,46,stall,13222246001341,13222246001441,slot0_x8_y5,0,8,5,TILE,TRISC-KERNEL,/hdd/flapmax/tt-metal/tt_metal/hw/firmware/src/tt-1xx/trisck.cc,73,tile_fused:trisc_kernel_base,1
19.337,19.356,46,active,13222246001441,13222246001460,slot0_x8_y5,0,8,5,TILE,THROUGHPUT_SECTION,/hdd/flapmax/tt-metal/tt_metal/hw/firmware/src/tt-1xx/trisck.cc,73,tile_fused:explicit_throughput,1
19.356,19.948,46,stall,13222246001460,13222246002052,slot0_x8_y5,0,8,5,TILE,TRISC-KERNEL,/hdd/flapmax/tt-metal/tt_metal/hw/firmware/src/tt-1xx/trisck.cc,73,tile_fused:trisc_kernel_base,1
19.948,19.996,46,active,13222246002052,13222246002100,slot0_x8_y5,0,8,5,TILE,THROUGHPUT_SECTION,/hdd/flapmax/tt-metal/tt_metal/hw/firmware/src/tt-1xx/trisck.cc,73,tile_fused:explicit_throughput,1
19.996,20.048,46,stall,13222246002100,13222246002152,slot0_x8_y5,0,8,5,TILE,TRISC-KERNEL,/hdd/flapmax/tt-metal/tt_metal/hw/firmware/src/tt-1xx/trisck.cc,73,tile_fused:trisc_kernel_base,1
20.048,20.07,46,active,13222246002152,13222246002174,slot0_x8_y5,0,8,5,TILE,THROUGHPUT_SECTION,/hdd/flapmax/tt-metal/tt_metal/hw/firmware/src/tt-1xx/trisck.cc,73,tile_fused:explicit_throughput,1
20.07,20.17,46,stall,13222246002174,13222246002274,slot0_x8_y5,0,8,5,TILE,TRISC-KERNEL,/hdd/flapmax/tt-metal/tt_metal/hw/firmware/src/tt-1xx/trisck.cc,73,tile_fused:trisc_kernel_base,1
20.17,20.189,46,active,13222246002274,13222246002293,slot0_x8_y5,0,8,5,TILE,THROUGHPUT_SECTION,/hdd/flapmax/tt-metal/tt_metal/hw/firmware/src/tt-1xx/trisck.cc,73,tile_fused:explicit_throughput,1
20.189,20.702,46,stall,13222246002293,13222246002806,slot0_x8_y5,0,8,5,TILE,TRISC-KERNEL,/hdd/flapmax/tt-metal/tt_metal/hw/firmware/src/tt-1xx/trisck.cc,73,tile_fused:trisc_kernel_base,1
20.702,20.756,46,active,13222246002806,13222246002860,slot0_x8_y5,0,8,5,TILE,THROUGHPUT_SECTION,/hdd/flapmax/tt-metal/tt_metal/hw/firmware/src/tt-1xx/trisck.cc,73,tile_fused:explicit_throughput,1
20.756,20.808,46,stall,13222246002860,13222246002912,slot0_x8_y5,0,8,5,TILE,TRISC-KERNEL,/hdd/flapmax/tt-metal/tt_metal/hw/firmware/src/tt-1xx/trisck.cc,73,tile_fused:trisc_kernel_base,1
20.808,20.832,46,active,13222246002912,13222246002936,slot0_x8_y5,0,8,5,TILE,THROUGHPUT_SECTION,/hdd/flapmax/tt-metal/tt_metal/hw/firmware/src/tt-1xx/trisck.cc,73,tile_fused:explicit_throughput,1
20.832,20.929,46,stall,13222246002936,13222246003033,slot0_x8_y5,0,8,5,TILE,TRISC-KERNEL,/hdd/flapmax/tt-metal/tt_metal/hw/firmware/src/tt-1xx/trisck.cc,73,tile_fused:trisc_kernel_base,1
20.929,20.948,46,active,13222246003033,13222246003052,slot0_x8_y5,0,8,5,TILE,THROUGHPUT_SECTION,/hdd/flapmax/tt-metal/tt_metal/hw/firmware/src/tt-1xx/trisck.cc,73,tile_fused:explicit_throughput,1
20.948,21.463,46,stall,13222246003052,13222246003567,slot0_x8_y5,0,8,5,TILE,TRISC-KERNEL,/hdd/flapmax/tt-metal/tt_metal/hw/firmware/src/tt-1xx/trisck.cc,73,tile_fused:trisc_kernel_base,1
21.463,21.51,46,active,13222246003567,13222246003614,slot0_x8_y5,0,8,5,TILE,THROUGHPUT_SECTION,/hdd/flapmax/tt-metal/tt_metal/hw/firmware/src/tt-1xx/trisck.cc,73,tile_fused:explicit_throughput,1
21.51,21.57,46,stall,13222246003614,13222246003674,slot0_x8_y5,0,8,5,TILE,TRISC-KERNEL,/hdd/flapmax/tt-metal/tt_metal/hw/firmware/src/tt-1xx/trisck.cc,73,tile_fused:trisc_kernel_base,1
21.57,21.592,46,active,13222246003674,13222246003696,slot0_x8_y5,0,8,5,TILE,THROUGHPUT_SECTION,/hdd/flapmax/tt-metal/tt_metal/hw/firmware/src/tt-1xx/trisck.cc,73,tile_fused:explicit_throughput,1
21.592,21.69,46,stall,13222246003696,13222246003794,slot0_x8_y5,0,8,5,TILE,TRISC-KERNEL,/hdd/flapmax/tt-metal/tt_metal/hw/firmware/src/tt-1xx/trisck.cc,73,tile_fused:trisc_kernel_base,1
21.69,21.709,46,active,13222246003794,13222246003813,slot0_x8_y5,0,8,5,TILE,THROUGHPUT_SECTION,/hdd/flapmax/tt-metal/tt_metal/hw/firmware/src/tt-1xx/trisck.cc,73,tile_fused:explicit_throughput,1
21.709,22.206,46,stall,13222246003813,13222246004310,slot0_x8_y5,0,8,5,TILE,TRISC-KERNEL,/hdd/flapmax/tt-metal/tt_metal/hw/firmware/src/tt-1xx/trisck.cc,73,tile_fused:trisc_kernel_base,1
22.206,22.26,46,active,13222246004310,13222246004364,slot0_x8_y5,0,8,5,TILE,THROUGHPUT_SECTION,/hdd/flapmax/tt-metal/tt_metal/hw/firmware/src/tt-1xx/trisck.cc,73,tile_fused:explicit_throughput,1
22.26,22.312,46,stall,13222246004364,13222246004416,slot0_x8_y5,0,8,5,TILE,TRISC-KERNEL,/hdd/flapmax/tt-metal/tt_metal/hw/firmware/src/tt-1xx/trisck.cc,73,tile_fused:trisc_kernel_base,1
22.312,22.335,46,active,13222246004416,13222246004439,slot0_x8_y5,0,8,5,TILE,THROUGHPUT_SECTION,/hdd/flapmax/tt-metal/tt_metal/hw/firmware/src/tt-1xx/trisck.cc,73,tile_fused:explicit_throughput,1
22.335,22.433,46,stall,13222246004439,13222246004537,slot0_x8_y5,0,8,5,TILE,TRISC-KERNEL,/hdd/flapmax/tt-metal/tt_metal/hw/firmware/src/tt-1xx/trisck.cc,73,tile_fused:trisc_kernel_base,1
22.433,22.452,46,active,13222246004537,13222246004556,slot0_x8_y5,0,8,5,TILE,THROUGHPUT_SECTION,/hdd/flapmax/tt-metal/tt_metal/hw/firmware/src/tt-1xx/trisck.cc,73,tile_fused:explicit_throughput,1
22.452,22.884,46,stall,13222246004556,13222246004988,slot0_x8_y5,0,8,5,TILE,TRISC-KERNEL,/hdd/flapmax/tt-metal/tt_metal/hw/firmware/src/tt-1xx/trisck.cc,73,tile_fused:trisc_kernel_base,1
22.884,22.931,46,active,13222246004988,13222246005035,slot0_x8_y5,0,8,5,TILE,THROUGHPUT_SECTION,/hdd/flapmax/tt-metal/tt_metal/hw/firmware/src/tt-1xx/trisck.cc,73,tile_fused:explicit_throughput,1
22.931,22.984,46,stall,13222246005035,13222246005088,slot0_x8_y5,0,8,5,TILE,TRISC-KERNEL,/hdd/flapmax/tt-metal/tt_metal/hw/firmware/src/tt-1xx/trisck.cc,73,tile_fused:trisc_kernel_base,1
22.984,23.005,46,active,13222246005088,13222246005109,slot0_x8_y5,0,8,5,TILE,THROUGHPUT_SECTION,/hdd/flapmax/tt-metal/tt_metal/hw/firmware/src/tt-1xx/trisck.cc,73,tile_fused:explicit_throughput,1
23.005,23.106,46,stall,13222246005109,13222246005210,slot0_x8_y5,0,8,5,TILE,TRISC-KERNEL,/hdd/flapmax/tt-metal/tt_metal/hw/firmware/src/tt-1xx/trisck.cc,73,tile_fused:trisc_kernel_base,1
23.106,23.126,46,active,13222246005210,13222246005230,slot0_x8_y5,0,8,5,TILE,THROUGHPUT_SECTION,/hdd/flapmax/tt-metal/tt_metal/hw/firmware/src/tt-1xx/trisck.cc,73,tile_fused:explicit_throughput,1
23.126,23.952,46,stall,13222246005230,13222246006056,slot0_x8_y5,0,8,5,TILE,TRISC-KERNEL,/hdd/flapmax/tt-metal/tt_metal/hw/firmware/src/tt-1xx/trisck.cc,73,tile_fused:trisc_kernel_base,1
23.952,24.006,46,active,13222246006056,13222246006110,slot0_x8_y5,0,8,5,TILE,THROUGHPUT_SECTION,/hdd/flapmax/tt-metal/tt_metal/hw/firmware/src/tt-1xx/trisck.cc,73,tile_fused:explicit_throughput,1
24.006,24.738,46,stall,13222246006110,13222246006842,slot0_x8_y5,0,8,5,TILE,TRISC-KERNEL,/hdd/flapmax/tt-metal/tt_metal/hw/firmware/src/tt-1xx/trisck.cc,73,tile_fused:trisc_kernel_base,1
24.738,24.785,46,active,13222246006842,13222246006889,slot0_x8_y5,0,8,5,TILE,THROUGHPUT_SECTION,/hdd/flapmax/tt-metal/tt_metal/hw/firmware/src/tt-1xx/trisck.cc,73,tile_fused:explicit_throughput,1
24.785,25.507,46,stall,13222246006889,13222246007611,slot0_x8_y5,0,8,5,TILE,TRISC-KERNEL,/hdd/flapmax/tt-metal/tt_metal/hw/firmware/src/tt-1xx/trisck.cc,73,tile_fused:trisc_kernel_base,1
0.119,0.301,47,stall,13222245982223,13222245982405,slot0_x8_y7,0,8,7,TILE,TRISC-KERNEL,/hdd/flapmax/tt-metal/tt_metal/hw/firmware/src/tt-1xx/trisck.cc,73,tile_fused:trisc_kernel_base,1
0.301,0.322,47,active,13222245982405,13222245982426,slot0_x8_y7,0,8,7,TILE,THROUGHPUT_SECTION,/hdd/flapmax/tt-metal/tt_metal/hw/firmware/src/tt-1xx/trisck.cc,73,tile_fused:explicit_throughput,1
0.322,0.36,47,stall,13222245982426,13222245982464,slot0_x8_y7,0,8,7,TILE,TRISC-KERNEL,/hdd/flapmax/tt-metal/tt_metal/hw/firmware/src/tt-1xx/trisck.cc,73,tile_fused:trisc_kernel_base,1
0.36,0.381,47,active,13222245982464,13222245982485,slot0_x8_y7,0,8,7,TILE,THROUGHPUT_SECTION,/hdd/flapmax/tt-metal/tt_metal/hw/firmware/src/tt-1xx/trisck.cc,73,tile_fused:explicit_throughput,1
0.381,0.56,47,stall,13222245982485,13222245982664,slot0_x8_y7,0,8,7,TILE,TRISC-KERNEL,/hdd/flapmax/tt-metal/tt_metal/hw/firmware/src/tt-1xx/trisck.cc,73,tile_fused:trisc_kernel_base,1
0.56,0.579,47,active,13222245982664,13222245982683,slot0_x8_y7,0,8,7,TILE,THROUGHPUT_SECTION,/hdd/flapmax/tt-metal/tt_metal/hw/firmware/src/tt-1xx/trisck.cc,73,tile_fused:explicit_throughput,1
0.579,0.69,47,stall,13222245982683,13222245982794,slot0_x8_y7,0,8,7,TILE,TRISC-KERNEL,/hdd/flapmax/tt-metal/tt_metal/hw/firmware/src/tt-1xx/trisck.cc,73,tile_fused:trisc_kernel_base,1
0.69,0.709,47,active,13222245982794,13222245982813,slot0_x8_y7,0,8,7,TILE,THROUGHPUT_SECTION,/hdd/flapmax/tt-metal/tt_metal/hw/firmware/src/tt-1xx/trisck.cc,73,tile_fused:explicit_throughput,1
0.709,3.133,47,stall,13222245982813,13222245985237,slot0_x8_y7,0,8,7,TILE,TRISC-KERNEL,/hdd/flapmax/tt-metal/tt_metal/hw/firmware/src/tt-1xx/trisck.cc,73,tile_fused:trisc_kernel_base,1
3.133,3.179,47,active,13222245985237,13222245985283,slot0_x8_y7,0,8,7,TILE,THROUGHPUT_SECTION,/hdd/flapmax/tt-metal/tt_metal/hw/firmware/src/tt-1xx/trisck.cc,73,tile_fused:explicit_throughput,1
3.179,3.233,47,stall,13222245985283,13222245985337,slot0_x8_y7,0,8,7,TILE,TRISC-KERNEL,/hdd/flapmax/tt-metal/tt_metal/hw/firmware/src/tt-1xx/trisck.cc,73,tile_fused:trisc_kernel_base,1
3.233,3.257,47,active,13222245985337,13222245985361,slot0_x8_y7,0,8,7,TILE,THROUGHPUT_SECTION,/hdd/flapmax/tt-metal/tt_metal/hw/firmware/src/tt-1xx/trisck.cc,73,tile_fused:explicit_throughput,1
3.257,3.355,47,stall,13222245985361,13222245985459,slot0_x8_y7,0,8,7,TILE,TRISC-KERNEL,/hdd/flapmax/tt-metal/tt_metal/hw/firmware/src/tt-1xx/trisck.cc,73,tile_fused:trisc_kernel_base,1
3.355,3.374,47,active,13222245985459,13222245985478,slot0_x8_y7,0,8,7,TILE,THROUGHPUT_SECTION,/hdd/flapmax/tt-metal/tt_metal/hw/firmware/src/tt-1xx/trisck.cc,73,tile_fused:explicit_throughput,1
3.374,3.729,47,stall,13222245985478,13222245985833,slot0_x8_y7,0,8,7,TILE,TRISC-KERNEL,/hdd/flapmax/tt-metal/tt_metal/hw/firmware/src/tt-1xx/trisck.cc,73,tile_fused:trisc_kernel_base,1
3.729,3.788,47,active,13222245985833,13222245985892,slot0_x8_y7,0,8,7,TILE,THROUGHPUT_SECTION,/hdd/flapmax/tt-metal/tt_metal/hw/firmware/src/tt-1xx/trisck.cc,73,tile_fused:explicit_throughput,1
3.788,3.842,47,stall,13222245985892,13222245985946,slot0_x8_y7,0,8,7,TILE,TRISC-KERNEL,/hdd/flapmax/tt-metal/tt_metal/hw/firmware/src/tt-1xx/trisck.cc,73,tile_fused:trisc_kernel_base,1
3.842,3.864,47,active,13222245985946,13222245985968,slot0_x8_y7,0,8,7,TILE,THROUGHPUT_SECTION,/hdd/flapmax/tt-metal/tt_metal/hw/firmware/src/tt-1xx/trisck.cc,73,tile_fused:explicit_throughput,1
3.864,3.964,47,stall,13222245985968,13222245986068,slot0_x8_y7,0,8,7,TILE,TRISC-KERNEL,/hdd/flapmax/tt-metal/tt_metal/hw/firmware/src/tt-1xx/trisck.cc,73,tile_fused:trisc_kernel_base,1
3.964,3.984,47,active,13222245986068,13222245986088,slot0_x8_y7,0,8,7,TILE,THROUGHPUT_SECTION,/hdd/flapmax/tt-metal/tt_metal/hw/firmware/src/tt-1xx/trisck.cc,73,tile_fused:explicit_throughput,1
3.984,4.409,47,stall,13222245986088,13222245986513,slot0_x8_y7,0,8,7,TILE,TRISC-KERNEL,/hdd/flapmax/tt-metal/tt_metal/hw/firmware/src/tt-1xx/trisck.cc,73,tile_fused:trisc_kernel_base,1
4.409,4.456,47,active,13222245986513,13222245986560,slot0_x8_y7,0,8,7,TILE,THROUGHPUT_SECTION,/hdd/flapmax/tt-metal/tt_metal/hw/firmware/src/tt-1xx/trisck.cc,73,tile_fused:explicit_throughput,1
4.456,4.518,47,stall,13222245986560,13222245986622,slot0_x8_y7,0,8,7,TILE,TRISC-KERNEL,/hdd/flapmax/tt-metal/tt_metal/hw/firmware/src/tt-1xx/trisck.cc,73,tile_fused:trisc_kernel_base,1
4.518,4.541,47,active,13222245986622,13222245986645,slot0_x8_y7,0,8,7,TILE,THROUGHPUT_SECTION,/hdd/flapmax/tt-metal/tt_metal/hw/firmware/src/tt-1xx/trisck.cc,73,tile_fused:explicit_throughput,1
4.541,4.638,47,stall,13222245986645,13222245986742,slot0_x8_y7,0,8,7,TILE,TRISC-KERNEL,/hdd/flapmax/tt-metal/tt_metal/hw/firmware/src/tt-1xx/trisck.cc,73,tile_fused:trisc_kernel_base,1
4.638,4.657,47,active,13222245986742,13222245986761,slot0_x8_y7,0,8,7,TILE,THROUGHPUT_SECTION,/hdd/flapmax/tt-metal/tt_metal/hw/firmware/src/tt-1xx/trisck.cc,73,tile_fused:explicit_throughput,1
4.657,5.393,47,stall,13222245986761,13222245987497,slot0_x8_y7,0,8,7,TILE,TRISC-KERNEL,/hdd/flapmax/tt-metal/tt_metal/hw/firmware/src/tt-1xx/trisck.cc,73,tile_fused:trisc_kernel_base,1
5.393,5.447,47,active,13222245987497,13222245987551,slot0_x8_y7,0,8,7,TILE,THROUGHPUT_SECTION,/hdd/flapmax/tt-metal/tt_metal/hw/firmware/src/tt-1xx/trisck.cc,73,tile_fused:explicit_throughput,1
5.447,5.501,47,stall,13222245987551,13222245987605,slot0_x8_y7,0,8,7,TILE,TRISC-KERNEL,/hdd/flapmax/tt-metal/tt_metal/hw/firmware/src/tt-1xx/trisck.cc,73,tile_fused:trisc_kernel_base,1
5.501,5.522,47,active,13222245987605,13222245987626,slot0_x8_y7,0,8,7,TILE,THROUGHPUT_SECTION,/hdd/flapmax/tt-metal/tt_metal/hw/firmware/src/tt-1xx/trisck.cc,73,tile_fused:explicit_throughput,1
5.522,5.622,47,stall,13222245987626,13222245987726,slot0_x8_y7,0,8,7,TILE,TRISC-KERNEL,/hdd/flapmax/tt-metal/tt_metal/hw/firmware/src/tt-1xx/trisck.cc,73,tile_fused:trisc_kernel_base,1
5.622,5.641,47,active,13222245987726,13222245987745,slot0_x8_y7,0,8,7,TILE,THROUGHPUT_SECTION,/hdd/flapmax/tt-metal/tt_metal/hw/firmware/src/tt-1xx/trisck.cc,73,tile_fused:explicit_throughput,1
5.641,6.114,47,stall,13222245987745,13222245988218,slot0_x8_y7,0,8,7,TILE,TRISC-KERNEL,/hdd/flapmax/tt-metal/tt_metal/hw/firmware/src/tt-1xx/trisck.cc,73,tile_fused:trisc_kernel_base,1
6.114,6.16,47,active,13222245988218,13222245988264,slot0_x8_y7,0,8,7,TILE,THROUGHPUT_SECTION,/hdd/flapmax/tt-metal/tt_metal/hw/firmware/src/tt-1xx/trisck.cc,73,tile_fused:explicit_throughput,1
6.16,6.213,47,stall,13222245988264,13222245988317,slot0_x8_y7,0,8,7,TILE,TRISC-KERNEL,/hdd/flapmax/tt-metal/tt_metal/hw/firmware/src/tt-1xx/trisck.cc,73,tile_fused:trisc_kernel_base,1
6.213,6.234,47,active,13222245988317,13222245988338,slot0_x8_y7,0,8,7,TILE,THROUGHPUT_SECTION,/hdd/flapmax/tt-metal/tt_metal/hw/firmware/src/tt-1xx/trisck.cc,73,tile_fused:explicit_throughput,1
6.234,6.334,47,stall,13222245988338,13222245988438,slot0_x8_y7,0,8,7,TILE,TRISC-KERNEL,/hdd/flapmax/tt-metal/tt_metal/hw/firmware/src/tt-1xx/trisck.cc,73,tile_fused:trisc_kernel_base,1
6.334,6.354,47,active,13222245988438,13222245988458,slot0_x8_y7,0,8,7,TILE,THROUGHPUT_SECTION,/hdd/flapmax/tt-metal/tt_metal/hw/firmware/src/tt-1xx/trisck.cc,73,tile_fused:explicit_throughput,1
6.354,6.739,47,stall,13222245988458,13222245988843,slot0_x8_y7,0,8,7,TILE,TRISC-KERNEL,/hdd/flapmax/tt-metal/tt_metal/hw/firmware/src/tt-1xx/trisck.cc,73,tile_fused:trisc_kernel_base,1
6.739,6.793,47,active,13222245988843,13222245988897,slot0_x8_y7,0,8,7,TILE,THROUGHPUT_SECTION,/hdd/flapmax/tt-metal/tt_metal/hw/firmware/src/tt-1xx/trisck.cc,73,tile_fused:explicit_throughput,1
6.793,6.845,47,stall,13222245988897,13222245988949,slot0_x8_y7,0,8,7,TILE,TRISC-KERNEL,/hdd/flapmax/tt-metal/tt_metal/hw/firmware/src/tt-1xx/trisck.cc,73,tile_fused:trisc_kernel_base,1
6.845,6.867,47,active,13222245988949,13222245988971,slot0_x8_y7,0,8,7,TILE,THROUGHPUT_SECTION,/hdd/flapmax/tt-metal/tt_metal/hw/firmware/src/tt-1xx/trisck.cc,73,tile_fused:explicit_throughput,1
6.867,6.966,47,stall,13222245988971,13222245989070,slot0_x8_y7,0,8,7,TILE,TRISC-KERNEL,/hdd/flapmax/tt-metal/tt_metal/hw/firmware/src/tt-1xx/trisck.cc,73,tile_fused:trisc_kernel_base,1
6.966,6.985,47,active,13222245989070,13222245989089,slot0_x8_y7,0,8,7,TILE,THROUGHPUT_SECTION,/hdd/flapmax/tt-metal/tt_metal/hw/firmware/src/tt-1xx/trisck.cc,73,tile_fused:explicit_throughput,1
6.985,7.369,47,stall,13222245989089,13222245989473,slot0_x8_y7,0,8,7,TILE,TRISC-KERNEL,/hdd/flapmax/tt-metal/tt_metal/hw/firmware/src/tt-1xx/trisck.cc,73,tile_fused:trisc_kernel_base,1
7.369,7.416,47,active,13222245989473,13222245989520,slot0_x8_y7,0,8,7,TILE,THROUGHPUT_SECTION,/hdd/flapmax/tt-metal/tt_metal/hw/firmware/src/tt-1xx/trisck.cc,73,tile_fused:explicit_throughput,1
7.416,7.476,47,stall,13222245989520,13222245989580,slot0_x8_y7,0,8,7,TILE,TRISC-KERNEL,/hdd/flapmax/tt-metal/tt_metal/hw/firmware/src/tt-1xx/trisck.cc,73,tile_fused:trisc_kernel_base,1
7.476,7.498,47,active,13222245989580,13222245989602,slot0_x8_y7,0,8,7,TILE,THROUGHPUT_SECTION,/hdd/flapmax/tt-metal/tt_metal/hw/firmware/src/tt-1xx/trisck.cc,73,tile_fused:explicit_throughput,1
7.498,7.596,47,stall,13222245989602,13222245989700,slot0_x8_y7,0,8,7,TILE,TRISC-KERNEL,/hdd/flapmax/tt-metal/tt_metal/hw/firmware/src/tt-1xx/trisck.cc,73,tile_fused:trisc_kernel_base,1
7.596,7.615,47,active,13222245989700,13222245989719,slot0_x8_y7,0,8,7,TILE,THROUGHPUT_SECTION,/hdd/flapmax/tt-metal/tt_metal/hw/firmware/src/tt-1xx/trisck.cc,73,tile_fused:explicit_throughput,1
7.615,8.789,47,stall,13222245989719,13222245990893,slot0_x8_y7,0,8,7,TILE,TRISC-KERNEL,/hdd/flapmax/tt-metal/tt_metal/hw/firmware/src/tt-1xx/trisck.cc,73,tile_fused:trisc_kernel_base,1
8.789,8.843,47,active,13222245990893,13222245990947,slot0_x8_y7,0,8,7,TILE,THROUGHPUT_SECTION,/hdd/flapmax/tt-metal/tt_metal/hw/firmware/src/tt-1xx/trisck.cc,73,tile_fused:explicit_throughput,1
8.843,8.895,47,stall,13222245990947,13222245990999,slot0_x8_y7,0,8,7,TILE,TRISC-KERNEL,/hdd/flapmax/tt-metal/tt_metal/hw/firmware/src/tt-1xx/trisck.cc,73,tile_fused:trisc_kernel_base,1
8.895,8.916,47,active,13222245990999,13222245991020,slot0_x8_y7,0,8,7,TILE,THROUGHPUT_SECTION,/hdd/flapmax/tt-metal/tt_metal/hw/firmware/src/tt-1xx/trisck.cc,73,tile_fused:explicit_throughput,1
8.916,9.016,47,stall,13222245991020,13222245991120,slot0_x8_y7,0,8,7,TILE,TRISC-KERNEL,/hdd/flapmax/tt-metal/tt_metal/hw/firmware/src/tt-1xx/trisck.cc,73,tile_fused:trisc_kernel_base,1
9.016,9.035,47,active,13222245991120,13222245991139,slot0_x8_y7,0,8,7,TILE,THROUGHPUT_SECTION,/hdd/flapmax/tt-metal/tt_metal/hw/firmware/src/tt-1xx/trisck.cc,73,tile_fused:explicit_throughput,1
9.035,9.491,47,stall,13222245991139,13222245991595,slot0_x8_y7,0,8,7,TILE,TRISC-KERNEL,/hdd/flapmax/tt-metal/tt_metal/hw/firmware/src/tt-1xx/trisck.cc,73,tile_fused:trisc_kernel_base,1
9.491,9.538,47,active,13222245991595,13222245991642,slot0_x8_y7,0,8,7,TILE,THROUGHPUT_SECTION,/hdd/flapmax/tt-metal/tt_metal/hw/firmware/src/tt-1xx/trisck.cc,73,tile_fused:explicit_throughput,1
9.538,9.591,47,stall,13222245991642,13222245991695,slot0_x8_y7,0,8,7,TILE,TRISC-KERNEL,/hdd/flapmax/tt-metal/tt_metal/hw/firmware/src/tt-1xx/trisck.cc,73,tile_fused:trisc_kernel_base,1
9.591,9.612,47,active,13222245991695,13222245991716,slot0_x8_y7,0,8,7,TILE,THROUGHPUT_SECTION,/hdd/flapmax/tt-metal/tt_metal/hw/firmware/src/tt-1xx/trisck.cc,73,tile_fused:explicit_throughput,1
9.612,9.712,47,stall,13222245991716,13222245991816,slot0_x8_y7,0,8,7,TILE,TRISC-KERNEL,/hdd/flapmax/tt-metal/tt_metal/hw/firmware/src/tt-1xx/trisck.cc,73,tile_fused:trisc_kernel_base,1
9.712,9.734,47,active,13222245991816,13222245991838,slot0_x8_y7,0,8,7,TILE,THROUGHPUT_SECTION,/hdd/flapmax/tt-metal/tt_metal/hw/firmware/src/tt-1xx/trisck.cc,73,tile_fused:explicit_throughput,1
9.734,10.252,47,stall,13222245991838,13222245992356,slot0_x8_y7,0,8,7,TILE,TRISC-KERNEL,/hdd/flapmax/tt-metal/tt_metal/hw/firmware/src/tt-1xx/trisck.cc,73,tile_fused:trisc_kernel_base,1
10.252,10.306,47,active,13222245992356,13222245992410,slot0_x8_y7,0,8,7,TILE,THROUGHPUT_SECTION,/hdd/flapmax/tt-metal/tt_metal/hw/firmware/src/tt-1xx/trisck.cc,73,tile_fused:explicit_throughput,1
10.306,17.625,47,stall,13222245992410,13222245999729,slot0_x8_y7,0,8,7,TILE,TRISC-KERNEL,/hdd/flapmax/tt-metal/tt_metal/hw/firmware/src/tt-1xx/trisck.cc,73,tile_fused:trisc_kernel_base,1
17.625,17.672,47,active,13222245999729,13222245999776,slot0_x8_y7,0,8,7,TILE,THROUGHPUT_SECTION,/hdd/flapmax/tt-metal/tt_metal/hw/firmware/src/tt-1xx/trisck.cc,73,tile_fused:explicit_throughput,1
17.672,18.46,47,stall,13222245999776,13222246000564,slot0_x8_y7,0,8,7,TILE,TRISC-KERNEL,/hdd/flapmax/tt-metal/tt_metal/hw/firmware/src/tt-1xx/trisck.cc,73,tile_fused:trisc_kernel_base,1
0.137,0.316,48,stall,13222245982241,13222245982420,slot0_x8_y8,0,8,8,TILE,TRISC-KERNEL,/hdd/flapmax/tt-metal/tt_metal/hw/firmware/src/tt-1xx/trisck.cc,73,tile_fused:trisc_kernel_base,1
0.316,0.337,48,active,13222245982420,13222245982441,slot0_x8_y8,0,8,8,TILE,THROUGHPUT_SECTION,/hdd/flapmax/tt-metal/tt_metal/hw/firmware/src/tt-1xx/trisck.cc,73,tile_fused:explicit_throughput,1
0.337,0.375,48,stall,13222245982441,13222245982479,slot0_x8_y8,0,8,8,TILE,TRISC-KERNEL,/hdd/flapmax/tt-metal/tt_metal/hw/firmware/src/tt-1xx/trisck.cc,73,tile_fused:trisc_kernel_base,1
0.375,0.396,48,active,13222245982479,13222245982500,slot0_x8_y8,0,8,8,TILE,THROUGHPUT_SECTION,/hdd/flapmax/tt-metal/tt_metal/hw/firmware/src/tt-1xx/trisck.cc,73,tile_fused:explicit_throughput,1
0.396,0.593,48,stall,13222245982500,13222245982697,slot0_x8_y8,0,8,8,TILE,TRISC-KERNEL,/hdd/flapmax/tt-metal/tt_metal/hw/firmware/src/tt-1xx/trisck.cc,73,tile_fused:trisc_kernel_base,1
0.593,0.612,48,active,13222245982697,13222245982716,slot0_x8_y8,0,8,8,TILE,THROUGHPUT_SECTION,/hdd/flapmax/tt-metal/tt_metal/hw/firmware/src/tt-1xx/trisck.cc,73,tile_fused:explicit_throughput,1
0.612,0.725,48,stall,13222245982716,13222245982829,slot0_x8_y8,0,8,8,TILE,TRISC-KERNEL,/hdd/flapmax/tt-metal/tt_metal/hw/firmware/src/tt-1xx/trisck.cc,73,tile_fused:trisc_kernel_base,1
0.725,0.746,48,active,13222245982829,13222245982850,slot0_x8_y8,0,8,8,TILE,THROUGHPUT_SECTION,/hdd/flapmax/tt-metal/tt_metal/hw/firmware/src/tt-1xx/trisck.cc,73,tile_fused:explicit_throughput,1
0.746,1.471,48,stall,13222245982850,13222245983575,slot0_x8_y8,0,8,8,TILE,TRISC-KERNEL,/hdd/flapmax/tt-metal/tt_metal/hw/firmware/src/tt-1xx/trisck.cc,73,tile_fused:trisc_kernel_base,1
1.471,1.517,48,active,13222245983575,13222245983621,slot0_x8_y8,0,8,8,TILE,THROUGHPUT_SECTION,/hdd/flapmax/tt-metal/tt_metal/hw/firmware/src/tt-1xx/trisck.cc,73,tile_fused:explicit_throughput,1
1.517,1.571,48,stall,13222245983621,13222245983675,slot0_x8_y8,0,8,8,TILE,TRISC-KERNEL,/hdd/flapmax/tt-metal/tt_metal/hw/firmware/src/tt-1xx/trisck.cc,73,tile_fused:trisc_kernel_base,1
1.571,1.595,48,active,13222245983675,13222245983699,slot0_x8_y8,0,8,8,TILE,THROUGHPUT_SECTION,/hdd/flapmax/tt-metal/tt_metal/hw/firmware/src/tt-1xx/trisck.cc,73,tile_fused:explicit_throughput,1
1.595,1.693,48,stall,13222245983699,13222245983797,slot0_x8_y8,0,8,8,TILE,TRISC-KERNEL,/hdd/flapmax/tt-metal/tt_metal/hw/firmware/src/tt-1xx/trisck.cc,73,tile_fused:trisc_kernel_base,1
1.693,1.712,48,active,13222245983797,13222245983816,slot0_x8_y8,0,8,8,TILE,THROUGHPUT_SECTION,/hdd/flapmax/tt-metal/tt_metal/hw/firmware/src/tt-1xx/trisck.cc,73,tile_fused:explicit_throughput,1
1.712,2.704,48,stall,13222245983816,13222245984808,slot0_x8_y8,0,8,8,TILE,TRISC-KERNEL,/hdd/flapmax/tt-metal/tt_metal/hw/firmware/src/tt-1xx/trisck.cc,73,tile_fused:trisc_kernel_base,1
2.704,2.763,48,active,13222245984808,13222245984867,slot0_x8_y8,0,8,8,TILE,THROUGHPUT_SECTION,/hdd/flapmax/tt-metal/tt_metal/hw/firmware/src/tt-1xx/trisck.cc,73,tile_fused:explicit_throughput,1
2.763,2.817,48,stall,13222245984867,13222245984921,slot0_x8_y8,0,8,8,TILE,TRISC-KERNEL,/hdd/flapmax/tt-metal/tt_metal/hw/firmware/src/tt-1xx/trisck.cc,73,tile_fused:trisc_kernel_base,1
2.817,2.838,48,active,13222245984921,13222245984942,slot0_x8_y8,0,8,8,TILE,THROUGHPUT_SECTION,/hdd/flapmax/tt-metal/tt_metal/hw/firmware/src/tt-1xx/trisck.cc,73,tile_fused:explicit_throughput,1
2.838,2.938,48,stall,13222245984942,13222245985042,slot0_x8_y8,0,8,8,TILE,TRISC-KERNEL,/hdd/flapmax/tt-metal/tt_metal/hw/firmware/src/tt-1xx/trisck.cc,73,tile_fused:trisc_kernel_base,1
2.938,2.959,48,active,13222245985042,13222245985063,slot0_x8_y8,0,8,8,TILE,THROUGHPUT_SECTION,/hdd/flapmax/tt-metal/tt_metal/hw/firmware/src/tt-1xx/trisck.cc,73,tile_fused:explicit_throughput,1
2.959,3.94,48,stall,13222245985063,13222245986044,slot0_x8_y8,0,8,8,TILE,TRISC-KERNEL,/hdd/flapmax/tt-metal/tt_metal/hw/firmware/src/tt-1xx/trisck.cc,73,tile_fused:trisc_kernel_base,1
3.94,3.987,48,active,13222245986044,13222245986091,slot0_x8_y8,0,8,8,TILE,THROUGHPUT_SECTION,/hdd/flapmax/tt-metal/tt_metal/hw/firmware/src/tt-1xx/trisck.cc,73,tile_fused:explicit_throughput,1
3.987,4.049,48,stall,13222245986091,13222245986153,slot0_x8_y8,0,8,8,TILE,TRISC-KERNEL,/hdd/flapmax/tt-metal/tt_metal/hw/firmware/src/tt-1xx/trisck.cc,73,tile_fused:trisc_kernel_base,1
4.049,4.071,48,active,13222245986153,13222245986175,slot0_x8_y8,0,8,8,TILE,THROUGHPUT_SECTION,/hdd/flapmax/tt-metal/tt_metal/hw/firmware/src/tt-1xx/trisck.cc,73,tile_fused:explicit_throughput,1
4.071,4.169,48,stall,13222245986175,13222245986273,slot0_x8_y8,0,8,8,TILE,TRISC-KERNEL,/hdd/flapmax/tt-metal/tt_metal/hw/firmware/src/tt-1xx/trisck.cc,73,tile_fused:trisc_kernel_base,1
4.169,4.189,48,active,13222245986273,13222245986293,slot0_x8_y8,0,8,8,TILE,THROUGHPUT_SECTION,/hdd/flapmax/tt-metal/tt_metal/hw/firmware/src/tt-1xx/trisck.cc,73,tile_fused:explicit_throughput,1
4.189,5.491,48,stall,13222245986293,13222245987595,slot0_x8_y8,0,8,8,TILE,TRISC-KERNEL,/hdd/flapmax/tt-metal/tt_metal/hw/firmware/src/tt-1xx/trisck.cc,73,tile_fused:trisc_kernel_base,1
5.491,5.545,48,active,13222245987595,13222245987649,slot0_x8_y8,0,8,8,TILE,THROUGHPUT_SECTION,/hdd/flapmax/tt-metal/tt_metal/hw/firmware/src/tt-1xx/trisck.cc,73,tile_fused:explicit_throughput,1
5.545,5.599,48,stall,13222245987649,13222245987703,slot0_x8_y8,0,8,8,TILE,TRISC-KERNEL,/hdd/flapmax/tt-metal/tt_metal/hw/firmware/src/tt-1xx/trisck.cc,73,tile_fused:trisc_kernel_base,1
5.599,5.621,48,active,13222245987703,13222245987725,slot0_x8_y8,0,8,8,TILE,THROUGHPUT_SECTION,/hdd/flapmax/tt-metal/tt_metal/hw/firmware/src/tt-1xx/trisck.cc,73,tile_fused:explicit_throughput,1
5.621,5.721,48,stall,13222245987725,13222245987825,slot0_x8_y8,0,8,8,TILE,TRISC-KERNEL,/hdd/flapmax/tt-metal/tt_metal/hw/firmware/src/tt-1xx/trisck.cc,73,tile_fused:trisc_kernel_base,1
5.721,5.74,48,active,13222245987825,13222245987844,slot0_x8_y8,0,8,8,TILE,THROUGHPUT_SECTION,/hdd/flapmax/tt-metal/tt_metal/hw/firmware/src/tt-1xx/trisck.cc,73,tile_fused:explicit_throughput,1
5.74,6.242,48,stall,13222245987844,13222245988346,slot0_x8_y8,0,8,8,TILE,TRISC-KERNEL,/hdd/flapmax/tt-metal/tt_metal/hw/firmware/src/tt-1xx/trisck.cc,73,tile_fused:trisc_kernel_base,1
6.242,6.289,48,active,13222245988346,13222245988393,slot0_x8_y8,0,8,8,TILE,THROUGHPUT_SECTION,/hdd/flapmax/tt-metal/tt_metal/hw/firmware/src/tt-1xx/trisck.cc,73,tile_fused:explicit_throughput,1
6.289,6.342,48,stall,13222245988393,13222245988446,slot0_x8_y8,0,8,8,TILE,TRISC-KERNEL,/hdd/flapmax/tt-metal/tt_metal/hw/firmware/src/tt-1xx/trisck.cc,73,tile_fused:trisc_kernel_base,1
6.342,6.363,48,active,13222245988446,13222245988467,slot0_x8_y8,0,8,8,TILE,THROUGHPUT_SECTION,/hdd/flapmax/tt-metal/tt_metal/hw/firmware/src/tt-1xx/trisck.cc,73,tile_fused:explicit_throughput,1
6.363,6.464,48,stall,13222245988467,13222245988568,slot0_x8_y8,0,8,8,TILE,TRISC-KERNEL,/hdd/flapmax/tt-metal/tt_metal/hw/firmware/src/tt-1xx/trisck.cc,73,tile_fused:trisc_kernel_base,1
6.464,6.483,48,active,13222245988568,13222245988587,slot0_x8_y8,0,8,8,TILE,THROUGHPUT_SECTION,/hdd/flapmax/tt-metal/tt_metal/hw/firmware/src/tt-1xx/trisck.cc,73,tile_fused:explicit_throughput,1
6.483,7.762,48,stall,13222245988587,13222245989866,slot0_x8_y8,0,8,8,TILE,TRISC-KERNEL,/hdd/flapmax/tt-metal/tt_metal/hw/firmware/src/tt-1xx/trisck.cc,73,tile_fused:trisc_kernel_base,1
7.762,7.816,48,active,13222245989866,13222245989920,slot0_x8_y8,0,8,8,TILE,THROUGHPUT_SECTION,/hdd/flapmax/tt-metal/tt_metal/hw/firmware/src/tt-1xx/trisck.cc,73,tile_fused:explicit_throughput,1
7.816,7.868,48,stall,13222245989920,13222245989972,slot0_x8_y8,0,8,8,TILE,TRISC-KERNEL,/hdd/flapmax/tt-metal/tt_metal/hw/firmware/src/tt-1xx/trisck.cc,73,tile_fused:trisc_kernel_base,1
7.868,7.89,48,active,13222245989972,13222245989994,slot0_x8_y8,0,8,8,TILE,THROUGHPUT_SECTION,/hdd/flapmax/tt-metal/tt_metal/hw/firmware/src/tt-1xx/trisck.cc,73,tile_fused:explicit_throughput,1
7.89,7.99,48,stall,13222245989994,13222245990094,slot0_x8_y8,0,8,8,TILE,TRISC-KERNEL,/hdd/flapmax/tt-metal/tt_metal/hw/firmware/src/tt-1xx/trisck.cc,73,tile_fused:trisc_kernel_base,1
7.99,8.009,48,active,13222245990094,13222245990113,slot0_x8_y8,0,8,8,TILE,THROUGHPUT_SECTION,/hdd/flapmax/tt-metal/tt_metal/hw/firmware/src/tt-1xx/trisck.cc,73,tile_fused:explicit_throughput,1
8.009,14.282,48,stall,13222245990113,13222245996386,slot0_x8_y8,0,8,8,TILE,TRISC-KERNEL,/hdd/flapmax/tt-metal/tt_metal/hw/firmware/src/tt-1xx/trisck.cc,73,tile_fused:trisc_kernel_base,1
14.282,14.329,48,active,13222245996386,13222245996433,slot0_x8_y8,0,8,8,TILE,THROUGHPUT_SECTION,/hdd/flapmax/tt-metal/tt_metal/hw/firmware/src/tt-1xx/trisck.cc,73,tile_fused:explicit_throughput,1
14.329,14.39,48,stall,13222245996433,13222245996494,slot0_x8_y8,0,8,8,TILE,TRISC-KERNEL,/hdd/flapmax/tt-metal/tt_metal/hw/firmware/src/tt-1xx/trisck.cc,73,tile_fused:trisc_kernel_base,1
14.39,14.411,48,active,13222245996494,13222245996515,slot0_x8_y8,0,8,8,TILE,THROUGHPUT_SECTION,/hdd/flapmax/tt-metal/tt_metal/hw/firmware/src/tt-1xx/trisck.cc,73,tile_fused:explicit_throughput,1
14.411,14.509,48,stall,13222245996515,13222245996613,slot0_x8_y8,0,8,8,TILE,TRISC-KERNEL,/hdd/flapmax/tt-metal/tt_metal/hw/firmware/src/tt-1xx/trisck.cc,73,tile_fused:trisc_kernel_base,1
14.509,14.528,48,active,13222245996613,13222245996632,slot0_x8_y8,0,8,8,TILE,THROUGHPUT_SECTION,/hdd/flapmax/tt-metal/tt_metal/hw/firmware/src/tt-1xx/trisck.cc,73,tile_fused:explicit_throughput,1
14.528,21.535,48,stall,13222245996632,13222246003639,slot0_x8_y8,0,8,8,TILE,TRISC-KERNEL,/hdd/flapmax/tt-metal/tt_metal/hw/firmware/src/tt-1xx/trisck.cc,73,tile_fused:trisc_kernel_base,1
21.535,21.589,48,active,13222246003639,13222246003693,slot0_x8_y8,0,8,8,TILE,THROUGHPUT_SECTION,/hdd/flapmax/tt-metal/tt_metal/hw/firmware/src/tt-1xx/trisck.cc,73,tile_fused:explicit_throughput,1
21.589,21.642,48,stall,13222246003693,13222246003746,slot0_x8_y8,0,8,8,TILE,TRISC-KERNEL,/hdd/flapmax/tt-metal/tt_metal/hw/firmware/src/tt-1xx/trisck.cc,73,tile_fused:trisc_kernel_base,1
21.642,21.664,48,active,13222246003746,13222246003768,slot0_x8_y8,0,8,8,TILE,THROUGHPUT_SECTION,/hdd/flapmax/tt-metal/tt_metal/hw/firmware/src/tt-1xx/trisck.cc,73,tile_fused:explicit_throughput,1
21.664,21.762,48,stall,13222246003768,13222246003866,slot0_x8_y8,0,8,8,TILE,TRISC-KERNEL,/hdd/flapmax/tt-metal/tt_metal/hw/firmware/src/tt-1xx/trisck.cc,73,tile_fused:trisc_kernel_base,1
21.762,21.781,48,active,13222246003866,13222246003885,slot0_x8_y8,0,8,8,TILE,THROUGHPUT_SECTION,/hdd/flapmax/tt-metal/tt_metal/hw/firmware/src/tt-1xx/trisck.cc,73,tile_fused:explicit_throughput,1
21.781,25.72,48,stall,13222246003885,13222246007824,slot0_x8_y8,0,8,8,TILE,TRISC-KERNEL,/hdd/flapmax/tt-metal/tt_metal/hw/firmware/src/tt-1xx/trisck.cc,73,tile_fused:trisc_kernel_base,1
25.72,25.767,48,active,13222246007824,13222246007871,slot0_x8_y8,0,8,8,TILE,THROUGHPUT_SECTION,/hdd/flapmax/tt-metal/tt_metal/hw/firmware/src/tt-1xx/trisck.cc,73,tile_fused:explicit_throughput,1
25.767,25.82,48,stall,13222246007871,13222246007924,slot0_x8_y8,0,8,8,TILE,TRISC-KERNEL,/hdd/flapmax/tt-metal/tt_metal/hw/firmware/src/tt-1xx/trisck.cc,73,tile_fused:trisc_kernel_base,1
25.82,25.841,48,active,13222246007924,13222246007945,slot0_x8_y8,0,8,8,TILE,THROUGHPUT_SECTION,/hdd/flapmax/tt-metal/tt_metal/hw/firmware/src/tt-1xx/trisck.cc,73,tile_fused:explicit_throughput,1
25.841,25.941,48,stall,13222246007945,13222246008045,slot0_x8_y8,0,8,8,TILE,TRISC-KERNEL,/hdd/flapmax/tt-metal/tt_metal/hw/firmware/src/tt-1xx/trisck.cc,73,tile_fused:trisc_kernel_base,1
25.941,25.963,48,active,13222246008045,13222246008067,slot0_x8_y8,0,8,8,TILE,THROUGHPUT_SECTION,/hdd/flapmax/tt-metal/tt_metal/hw/firmware/src/tt-1xx/trisck.cc,73,tile_fused:explicit_throughput,1
25.963,27.712,48,stall,13222246008067,13222246009816,slot0_x8_y8,0,8,8,TILE,TRISC-KERNEL,/hdd/flapmax/tt-metal/tt_metal/hw/firmware/src/tt-1xx/trisck.cc,73,tile_fused:trisc_kernel_base,1
27.712,27.766,48,active,13222246009816,13222246009870,slot0_x8_y8,0,8,8,TILE,THROUGHPUT_SECTION,/hdd/flapmax/tt-metal/tt_metal/hw/firmware/src/tt-1xx/trisck.cc,73,tile_fused:explicit_throughput,1
27.766,28.37,48,stall,13222246009870,13222246010474,slot0_x8_y8,0,8,8,TILE,TRISC-KERNEL,/hdd/flapmax/tt-metal/tt_metal/hw/firmware/src/tt-1xx/trisck.cc,73,tile_fused:trisc_kernel_base,1
28.37,28.417,48,active,13222246010474,13222246010521,slot0_x8_y8,0,8,8,TILE,THROUGHPUT_SECTION,/hdd/flapmax/tt-metal/tt_metal/hw/firmware/src/tt-1xx/trisck.cc,73,tile_fused:explicit_throughput,1
28.417,29.148,48,stall,13222246010521,13222246011252,slot0_x8_y8,0,8,8,TILE,TRISC-KERNEL,/hdd/flapmax/tt-metal/tt_metal/hw/firmware/src/tt-1xx/trisck.cc,73,tile_fused:trisc_kernel_base,1
0.102,0.288,49,stall,13222245982206,13222245982392,slot0_x9_y1,0,9,1,TILE,TRISC-KERNEL,/hdd/flapmax/tt-metal/tt_metal/hw/firmware/src/tt-1xx/trisck.cc,73,tile_fused:trisc_kernel_base,1
0.288,0.31,49,active,13222245982392,13222245982414,slot0_x9_y1,0,9,1,TILE,THROUGHPUT_SECTION,/hdd/flapmax/tt-metal/tt_metal/hw/firmware/src/tt-1xx/trisck.cc,73,tile_fused:explicit_throughput,1
0.31,0.344,49,stall,13222245982414,13222245982448,slot0_x9_y1,0,9,1,TILE,TRISC-KERNEL,/hdd/flapmax/tt-metal/tt_metal/hw/firmware/src/tt-1xx/trisck.cc,73,tile_fused:trisc_kernel_base,1
0.344,0.365,49,active,13222245982448,13222245982469,slot0_x9_y1,0,9,1,TILE,THROUGHPUT_SECTION,/hdd/flapmax/tt-metal/tt_metal/hw/firmware/src/tt-1xx/trisck.cc,73,tile_fused:explicit_throughput,1
0.365,0.539,49,stall,13222245982469,13222245982643,slot0_x9_y1,0,9,1,TILE,TRISC-KERNEL,/hdd/flapmax/tt-metal/tt_metal/hw/firmware/src/tt-1xx/trisck.cc,73,tile_fused:trisc_kernel_base,1
0.539,0.558,49,active,13222245982643,13222245982662,slot0_x9_y1,0,9,1,TILE,THROUGHPUT_SECTION,/hdd/flapmax/tt-metal/tt_metal/hw/firmware/src/tt-1xx/trisck.cc,73,tile_fused:explicit_throughput,1
0.558,0.67,49,stall,13222245982662,13222245982774,slot0_x9_y1,0,9,1,TILE,TRISC-KERNEL,/hdd/flapmax/tt-metal/tt_metal/hw/firmware/src/tt-1xx/trisck.cc,73,tile_fused:trisc_kernel_base,1
0.67,0.689,49,active,13222245982774,13222245982793,slot0_x9_y1,0,9,1,TILE,THROUGHPUT_SECTION,/hdd/flapmax/tt-metal/tt_metal/hw/firmware/src/tt-1xx/trisck.cc,73,tile_fused:explicit_throughput,1
0.689,6.59,49,stall,13222245982793,13222245988694,slot0_x9_y1,0,9,1,TILE,TRISC-KERNEL,/hdd/flapmax/tt-metal/tt_metal/hw/firmware/src/tt-1xx/trisck.cc,73,tile_fused:trisc_kernel_base,1
6.59,6.636,49,active,13222245988694,13222245988740,slot0_x9_y1,0,9,1,TILE,THROUGHPUT_SECTION,/hdd/flapmax/tt-metal/tt_metal/hw/firmware/src/tt-1xx/trisck.cc,73,tile_fused:explicit_throughput,1
6.636,6.69,49,stall,13222245988740,13222245988794,slot0_x9_y1,0,9,1,TILE,TRISC-KERNEL,/hdd/flapmax/tt-metal/tt_metal/hw/firmware/src/tt-1xx/trisck.cc,73,tile_fused:trisc_kernel_base,1
6.69,6.715,49,active,13222245988794,13222245988819,slot0_x9_y1,0,9,1,TILE,THROUGHPUT_SECTION,/hdd/flapmax/tt-metal/tt_metal/hw/firmware/src/tt-1xx/trisck.cc,73,tile_fused:explicit_throughput,1
6.715,6.812,49,stall,13222245988819,13222245988916,slot0_x9_y1,0,9,1,TILE,TRISC-KERNEL,/hdd/flapmax/tt-metal/tt_metal/hw/firmware/src/tt-1xx/trisck.cc,73,tile_fused:trisc_kernel_base,1
6.812,6.831,49,active,13222245988916,13222245988935,slot0_x9_y1,0,9,1,TILE,THROUGHPUT_SECTION,/hdd/flapmax/tt-metal/tt_metal/hw/firmware/src/tt-1xx/trisck.cc,73,tile_fused:explicit_throughput,1
6.831,7.262,49,stall,13222245988935,13222245989366,slot0_x9_y1,0,9,1,TILE,TRISC-KERNEL,/hdd/flapmax/tt-metal/tt_metal/hw/firmware/src/tt-1xx/trisck.cc,73,tile_fused:trisc_kernel_base,1
7.262,7.321,49,active,13222245989366,13222245989425,slot0_x9_y1,0,9,1,TILE,THROUGHPUT_SECTION,/hdd/flapmax/tt-metal/tt_metal/hw/firmware/src/tt-1xx/trisck.cc,73,tile_fused:explicit_throughput,1
7.321,7.375,49,stall,13222245989425,13222245989479,slot0_x9_y1,0,9,1,TILE,TRISC-KERNEL,/hdd/flapmax/tt-metal/tt_metal/hw/firmware/src/tt-1xx/trisck.cc,73,tile_fused:trisc_kernel_base,1
7.375,7.396,49,active,13222245989479,13222245989500,slot0_x9_y1,0,9,1,TILE,THROUGHPUT_SECTION,/hdd/flapmax/tt-metal/tt_metal/hw/firmware/src/tt-1xx/trisck.cc,73,tile_fused:explicit_throughput,1
7.396,7.496,49,stall,13222245989500,13222245989600,slot0_x9_y1,0,9,1,TILE,TRISC-KERNEL,/hdd/flapmax/tt-metal/tt_metal/hw/firmware/src/tt-1xx/trisck.cc,73,tile_fused:trisc_kernel_base,1
7.496,7.516,49,active,13222245989600,13222245989620,slot0_x9_y1,0,9,1,TILE,THROUGHPUT_SECTION,/hdd/flapmax/tt-metal/tt_metal/hw/firmware/src/tt-1xx/trisck.cc,73,tile_fused:explicit_throughput,1
7.516,7.972,49,stall,13222245989620,13222245990076,slot0_x9_y1,0,9,1,TILE,TRISC-KERNEL,/hdd/flapmax/tt-metal/tt_metal/hw/firmware/src/tt-1xx/trisck.cc,73,tile_fused:trisc_kernel_base,1
7.972,8.019,49,active,13222245990076,13222245990123,slot0_x9_y1,0,9,1,TILE,THROUGHPUT_SECTION,/hdd/flapmax/tt-metal/tt_metal/hw/firmware/src/tt-1xx/trisck.cc,73,tile_fused:explicit_throughput,1
8.019,8.081,49,stall,13222245990123,13222245990185,slot0_x9_y1,0,9,1,TILE,TRISC-KERNEL,/hdd/flapmax/tt-metal/tt_metal/hw/firmware/src/tt-1xx/trisck.cc,73,tile_fused:trisc_kernel_base,1
8.081,8.103,49,active,13222245990185,13222245990207,slot0_x9_y1,0,9,1,TILE,THROUGHPUT_SECTION,/hdd/flapmax/tt-metal/tt_metal/hw/firmware/src/tt-1xx/trisck.cc,73,tile_fused:explicit_throughput,1
8.103,8.201,49,stall,13222245990207,13222245990305,slot0_x9_y1,0,9,1,TILE,TRISC-KERNEL,/hdd/flapmax/tt-metal/tt_metal/hw/firmware/src/tt-1xx/trisck.cc,73,tile_fused:trisc_kernel_base,1
8.201,8.221,49,active,13222245990305,13222245990325,slot0_x9_y1,0,9,1,TILE,THROUGHPUT_SECTION,/hdd/flapmax/tt-metal/tt_metal/hw/firmware/src/tt-1xx/trisck.cc,73,tile_fused:explicit_throughput,1
8.221,9.564,49,stall,13222245990325,13222245991668,slot0_x9_y1,0,9,1,TILE,TRISC-KERNEL,/hdd/flapmax/tt-metal/tt_metal/hw/firmware/src/tt-1xx/trisck.cc,73,tile_fused:trisc_kernel_base,1
9.564,9.616,49,active,13222245991668,13222245991720,slot0_x9_y1,0,9,1,TILE,THROUGHPUT_SECTION,/hdd/flapmax/tt-metal/tt_metal/hw/firmware/src/tt-1xx/trisck.cc,73,tile_fused:explicit_throughput,1
9.616,9.67,49,stall,13222245991720,13222245991774,slot0_x9_y1,0,9,1,TILE,TRISC-KERNEL,/hdd/flapmax/tt-metal/tt_metal/hw/firmware/src/tt-1xx/trisck.cc,73,tile_fused:trisc_kernel_base,1
9.67,9.692,49,active,13222245991774,13222245991796,slot0_x9_y1,0,9,1,TILE,THROUGHPUT_SECTION,/hdd/flapmax/tt-metal/tt_metal/hw/firmware/src/tt-1xx/trisck.cc,73,tile_fused:explicit_throughput,1
9.692,9.791,49,stall,13222245991796,13222245991895,slot0_x9_y1,0,9,1,TILE,TRISC-KERNEL,/hdd/flapmax/tt-metal/tt_metal/hw/firmware/src/tt-1xx/trisck.cc,73,tile_fused:trisc_kernel_base,1
9.791,9.811,49,active,13222245991895,13222245991915,slot0_x9_y1,0,9,1,TILE,THROUGHPUT_SECTION,/hdd/flapmax/tt-metal/tt_metal/hw/firmware/src/tt-1xx/trisck.cc,73,tile_fused:explicit_throughput,1
9.811,10.386,49,stall,13222245991915,13222245992490,slot0_x9_y1,0,9,1,TILE,TRISC-KERNEL,/hdd/flapmax/tt-metal/tt_metal/hw/firmware/src/tt-1xx/trisck.cc,73,tile_fused:trisc_kernel_base,1
10.386,10.434,49,active,13222245992490,13222245992538,slot0_x9_y1,0,9,1,TILE,THROUGHPUT_SECTION,/hdd/flapmax/tt-metal/tt_metal/hw/firmware/src/tt-1xx/trisck.cc,73,tile_fused:explicit_throughput,1
10.434,10.486,49,stall,13222245992538,13222245992590,slot0_x9_y1,0,9,1,TILE,TRISC-KERNEL,/hdd/flapmax/tt-metal/tt_metal/hw/firmware/src/tt-1xx/trisck.cc,73,tile_fused:trisc_kernel_base,1
10.486,10.508,49,active,13222245992590,13222245992612,slot0_x9_y1,0,9,1,TILE,THROUGHPUT_SECTION,/hdd/flapmax/tt-metal/tt_metal/hw/firmware/src/tt-1xx/trisck.cc,73,tile_fused:explicit_throughput,1
10.508,10.608,49,stall,13222245992612,13222245992712,slot0_x9_y1,0,9,1,TILE,TRISC-KERNEL,/hdd/flapmax/tt-metal/tt_metal/hw/firmware/src/tt-1xx/trisck.cc,73,tile_fused:trisc_kernel_base,1
10.608,10.628,49,active,13222245992712,13222245992732,slot0_x9_y1,0,9,1,TILE,THROUGHPUT_SECTION,/hdd/flapmax/tt-metal/tt_metal/hw/firmware/src/tt-1xx/trisck.cc,73,tile_fused:explicit_throughput,1
10.628,11.047,49,stall,13222245992732,13222245993151,slot0_x9_y1,0,9,1,TILE,TRISC-KERNEL,/hdd/flapmax/tt-metal/tt_metal/hw/firmware/src/tt-1xx/trisck.cc,73,tile_fused:trisc_kernel_base,1
11.047,11.101,49,active,13222245993151,13222245993205,slot0_x9_y1,0,9,1,TILE,THROUGHPUT_SECTION,/hdd/flapmax/tt-metal/tt_metal/hw/firmware/src/tt-1xx/trisck.cc,73,tile_fused:explicit_throughput,1
11.101,11.153,49,stall,13222245993205,13222245993257,slot0_x9_y1,0,9,1,TILE,TRISC-KERNEL,/hdd/flapmax/tt-metal/tt_metal/hw/firmware/src/tt-1xx/trisck.cc,73,tile_fused:trisc_kernel_base,1
11.153,11.176,49,active,13222245993257,13222245993280,slot0_x9_y1,0,9,1,TILE,THROUGHPUT_SECTION,/hdd/flapmax/tt-metal/tt_metal/hw/firmware/src/tt-1xx/trisck.cc,73,tile_fused:explicit_throughput,1
11.176,11.274,49,stall,13222245993280,13222245993378,slot0_x9_y1,0,9,1,TILE,TRISC-KERNEL,/hdd/flapmax/tt-metal/tt_metal/hw/firmware/src/tt-1xx/trisck.cc,73,tile_fused:trisc_kernel_base,1
11.274,11.294,49,active,13222245993378,13222245993398,slot0_x9_y1,0,9,1,TILE,THROUGHPUT_SECTION,/hdd/flapmax/tt-metal/tt_metal/hw/firmware/src/tt-1xx/trisck.cc,73,tile_fused:explicit_throughput,1
11.294,12.123,49,stall,13222245993398,13222245994227,slot0_x9_y1,0,9,1,TILE,TRISC-KERNEL,/hdd/flapmax/tt-metal/tt_metal/hw/firmware/src/tt-1xx/trisck.cc,73,tile_fused:trisc_kernel_base,1
12.123,12.17,49,active,13222245994227,13222245994274,slot0_x9_y1,0,9,1,TILE,THROUGHPUT_SECTION,/hdd/flapmax/tt-metal/tt_metal/hw/firmware/src/tt-1xx/trisck.cc,73,tile_fused:explicit_throughput,1
12.17,12.23,49,stall,13222245994274,13222245994334,slot0_x9_y1,0,9,1,TILE,TRISC-KERNEL,/hdd/flapmax/tt-metal/tt_metal/hw/firmware/src/tt-1xx/trisck.cc,73,tile_fused:trisc_kernel_base,1
12.23,12.252,49,active,13222245994334,13222245994356,slot0_x9_y1,0,9,1,TILE,THROUGHPUT_SECTION,/hdd/flapmax/tt-metal/tt_metal/hw/firmware/src/tt-1xx/trisck.cc,73,tile_fused:explicit_throughput,1
12.252,12.351,49,stall,13222245994356,13222245994455,slot0_x9_y1,0,9,1,TILE,TRISC-KERNEL,/hdd/flapmax/tt-metal/tt_metal/hw/firmware/src/tt-1xx/trisck.cc,73,tile_fused:trisc_kernel_base,1
12.351,12.37,49,active,13222245994455,13222245994474,slot0_x9_y1,0,9,1,TILE,THROUGHPUT_SECTION,/hdd/flapmax/tt-metal/tt_metal/hw/firmware/src/tt-1xx/trisck.cc,73,tile_fused:explicit_throughput,1
12.37,12.755,49,stall,13222245994474,13222245994859,slot0_x9_y1,0,9,1,TILE,TRISC-KERNEL,/hdd/flapmax/tt-metal/tt_metal/hw/firmware/src/tt-1xx/trisck.cc,73,tile_fused:trisc_kernel_base,1
12.755,12.809,49,active,13222245994859,13222245994913,slot0_x9_y1,0,9,1,TILE,THROUGHPUT_SECTION,/hdd/flapmax/tt-metal/tt_metal/hw/firmware/src/tt-1xx/trisck.cc,73,tile_fused:explicit_throughput,1
12.809,12.861,49,stall,13222245994913,13222245994965,slot0_x9_y1,0,9,1,TILE,TRISC-KERNEL,/hdd/flapmax/tt-metal/tt_metal/hw/firmware/src/tt-1xx/trisck.cc,73,tile_fused:trisc_kernel_base,1
12.861,12.882,49,active,13222245994965,13222245994986,slot0_x9_y1,0,9,1,TILE,THROUGHPUT_SECTION,/hdd/flapmax/tt-metal/tt_metal/hw/firmware/src/tt-1xx/trisck.cc,73,tile_fused:explicit_throughput,1
12.882,12.982,49,stall,13222245994986,13222245995086,slot0_x9_y1,0,9,1,TILE,TRISC-KERNEL,/hdd/flapmax/tt-metal/tt_metal/hw/firmware/src/tt-1xx/trisck.cc,73,tile_fused:trisc_kernel_base,1
12.982,13.001,49,active,13222245995086,13222245995105,slot0_x9_y1,0,9,1,TILE,THROUGHPUT_SECTION,/hdd/flapmax/tt-metal/tt_metal/hw/firmware/src/tt-1xx/trisck.cc,73,tile_fused:explicit_throughput,1
13.001,13.596,49,stall,13222245995105,13222245995700,slot0_x9_y1,0,9,1,TILE,TRISC-KERNEL,/hdd/flapmax/tt-metal/tt_metal/hw/firmware/src/tt-1xx/trisck.cc,73,tile_fused:trisc_kernel_base,1
13.596,13.643,49,active,13222245995700,13222245995747,slot0_x9_y1,0,9,1,TILE,THROUGHPUT_SECTION,/hdd/flapmax/tt-metal/tt_metal/hw/firmware/src/tt-1xx/trisck.cc,73,tile_fused:explicit_throughput,1
13.643,13.696,49,stall,13222245995747,13222245995800,slot0_x9_y1,0,9,1,TILE,TRISC-KERNEL,/hdd/flapmax/tt-metal/tt_metal/hw/firmware/src/tt-1xx/trisck.cc,73,tile_fused:trisc_kernel_base,1
13.696,13.717,49,active,13222245995800,13222245995821,slot0_x9_y1,0,9,1,TILE,THROUGHPUT_SECTION,/hdd/flapmax/tt-metal/tt_metal/hw/firmware/src/tt-1xx/trisck.cc,73,tile_fused:explicit_throughput,1
13.717,13.817,49,stall,13222245995821,13222245995921,slot0_x9_y1,0,9,1,TILE,TRISC-KERNEL,/hdd/flapmax/tt-metal/tt_metal/hw/firmware/src/tt-1xx/trisck.cc,73,tile_fused:trisc_kernel_base,1
13.817,13.837,49,active,13222245995921,13222245995941,slot0_x9_y1,0,9,1,TILE,THROUGHPUT_SECTION,/hdd/flapmax/tt-metal/tt_metal/hw/firmware/src/tt-1xx/trisck.cc,73,tile_fused:explicit_throughput,1
13.837,14.256,49,stall,13222245995941,13222245996360,slot0_x9_y1,0,9,1,TILE,TRISC-KERNEL,/hdd/flapmax/tt-metal/tt_metal/hw/firmware/src/tt-1xx/trisck.cc,73,tile_fused:trisc_kernel_base,1
14.256,14.31,49,active,13222245996360,13222245996414,slot0_x9_y1,0,9,1,TILE,THROUGHPUT_SECTION,/hdd/flapmax/tt-metal/tt_metal/hw/firmware/src/tt-1xx/trisck.cc,73,tile_fused:explicit_throughput,1
14.31,14.363,49,stall,13222245996414,13222245996467,slot0_x9_y1,0,9,1,TILE,TRISC-KERNEL,/hdd/flapmax/tt-metal/tt_metal/hw/firmware/src/tt-1xx/trisck.cc,73,tile_fused:trisc_kernel_base,1
14.363,14.384,49,active,13222245996467,13222245996488,slot0_x9_y1,0,9,1,TILE,THROUGHPUT_SECTION,/hdd/flapmax/tt-metal/tt_metal/hw/firmware/src/tt-1xx/trisck.cc,73,tile_fused:explicit_throughput,1
14.384,14.484,49,stall,13222245996488,13222245996588,slot0_x9_y1,0,9,1,TILE,TRISC-KERNEL,/hdd/flapmax/tt-metal/tt_metal/hw/firmware/src/tt-1xx/trisck.cc,73,tile_fused:trisc_kernel_base,1
14.484,14.503,49,active,13222245996588,13222245996607,slot0_x9_y1,0,9,1,TILE,THROUGHPUT_SECTION,/hdd/flapmax/tt-metal/tt_metal/hw/firmware/src/tt-1xx/trisck.cc,73,tile_fused:explicit_throughput,1
14.503,15.044,49,stall,13222245996607,13222245997148,slot0_x9_y1,0,9,1,TILE,TRISC-KERNEL,/hdd/flapmax/tt-metal/tt_metal/hw/firmware/src/tt-1xx/trisck.cc,73,tile_fused:trisc_kernel_base,1
15.044,15.091,49,active,13222245997148,13222245997195,slot0_x9_y1,0,9,1,TILE,THROUGHPUT_SECTION,/hdd/flapmax/tt-metal/tt_metal/hw/firmware/src/tt-1xx/trisck.cc,73,tile_fused:explicit_throughput,1
15.091,15.725,49,stall,13222245997195,13222245997829,slot0_x9_y1,0,9,1,TILE,TRISC-KERNEL,/hdd/flapmax/tt-metal/tt_metal/hw/firmware/src/tt-1xx/trisck.cc,73,tile_fused:trisc_kernel_base,1
15.725,15.779,49,active,13222245997829,13222245997883,slot0_x9_y1,0,9,1,TILE,THROUGHPUT_SECTION,/hdd/flapmax/tt-metal/tt_metal/hw/firmware/src/tt-1xx/trisck.cc,73,tile_fused:explicit_throughput,1
15.779,16.545,49,stall,13222245997883,13222245998649,slot0_x9_y1,0,9,1,TILE,TRISC-KERNEL,/hdd/flapmax/tt-metal/tt_metal/hw/firmware/src/tt-1xx/trisck.cc,73,tile_fused:trisc_kernel_base,1
0.054,0.233,50,stall,13222245982158,13222245982337,slot0_x9_y2,0,9,2,TILE,TRISC-KERNEL,/hdd/flapmax/tt-metal/tt_metal/hw/firmware/src/tt-1xx/trisck.cc,73,tile_fused:trisc_kernel_base,1
0.233,0.254,50,active,13222245982337,13222245982358,slot0_x9_y2,0,9,2,TILE,THROUGHPUT_SECTION,/hdd/flapmax/tt-metal/tt_metal/hw/firmware/src/tt-1xx/trisck.cc,73,tile_fused:explicit_throughput,1
0.254,0.292,50,stall,13222245982358,13222245982396,slot0_x9_y2,0,9,2,TILE,TRISC-KERNEL,/hdd/flapmax/tt-metal/tt_metal/hw/firmware/src/tt-1xx/trisck.cc,73,tile_fused:trisc_kernel_base,1
0.292,0.313,50,active,13222245982396,13222245982417,slot0_x9_y2,0,9,2,TILE,THROUGHPUT_SECTION,/hdd/flapmax/tt-metal/tt_metal/hw/firmware/src/tt-1xx/trisck.cc,73,tile_fused:explicit_throughput,1
0.313,0.51,50,stall,13222245982417,13222245982614,slot0_x9_y2,0,9,2,TILE,TRISC-KERNEL,/hdd/flapmax/tt-metal/tt_metal/hw/firmware/src/tt-1xx/trisck.cc,73,tile_fused:trisc_kernel_base,1
0.51,0.529,50,active,13222245982614,13222245982633,slot0_x9_y2,0,9,2,TILE,THROUGHPUT_SECTION,/hdd/flapmax/tt-metal/tt_metal/hw/firmware/src/tt-1xx/trisck.cc,73,tile_fused:explicit_throughput,1
0.529,0.642,50,stall,13222245982633,13222245982746,slot0_x9_y2,0,9,2,TILE,TRISC-KERNEL,/hdd/flapmax/tt-metal/tt_metal/hw/firmware/src/tt-1xx/trisck.cc,73,tile_fused:trisc_kernel_base,1
0.642,0.663,50,active,13222245982746,13222245982767,slot0_x9_y2,0,9,2,TILE,THROUGHPUT_SECTION,/hdd/flapmax/tt-metal/tt_metal/hw/firmware/src/tt-1xx/trisck.cc,73,tile_fused:explicit_throughput,1
0.663,1.968,50,stall,13222245982767,13222245984072,slot0_x9_y2,0,9,2,TILE,TRISC-KERNEL,/hdd/flapmax/tt-metal/tt_metal/hw/firmware/src/tt-1xx/trisck.cc,73,tile_fused:trisc_kernel_base,1
1.968,2.014,50,active,13222245984072,13222245984118,slot0_x9_y2,0,9,2,TILE,THROUGHPUT_SECTION,/hdd/flapmax/tt-metal/tt_metal/hw/firmware/src/tt-1xx/trisck.cc,73,tile_fused:explicit_throughput,1
2.014,2.068,50,stall,13222245984118,13222245984172,slot0_x9_y2,0,9,2,TILE,TRISC-KERNEL,/hdd/flapmax/tt-metal/tt_metal/hw/firmware/src/tt-1xx/trisck.cc,73,tile_fused:trisc_kernel_base,1
2.068,2.092,50,active,13222245984172,13222245984196,slot0_x9_y2,0,9,2,TILE,THROUGHPUT_SECTION,/hdd/flapmax/tt-metal/tt_metal/hw/firmware/src/tt-1xx/trisck.cc,73,tile_fused:explicit_throughput,1
2.092,2.19,50,stall,13222245984196,13222245984294,slot0_x9_y2,0,9,2,TILE,TRISC-KERNEL,/hdd/flapmax/tt-metal/tt_metal/hw/firmware/src/tt-1xx/trisck.cc,73,tile_fused:trisc_kernel_base,1
2.19,2.209,50,active,13222245984294,13222245984313,slot0_x9_y2,0,9,2,TILE,THROUGHPUT_SECTION,/hdd/flapmax/tt-metal/tt_metal/hw/firmware/src/tt-1xx/trisck.cc,73,tile_fused:explicit_throughput,1
2.209,9.303,50,stall,13222245984313,13222245991407,slot0_x9_y2,0,9,2,TILE,TRISC-KERNEL,/hdd/flapmax/tt-metal/tt_metal/hw/firmware/src/tt-1xx/trisck.cc,73,tile_fused:trisc_kernel_base,1
9.303,9.362,50,active,13222245991407,13222245991466,slot0_x9_y2,0,9,2,TILE,THROUGHPUT_SECTION,/hdd/flapmax/tt-metal/tt_metal/hw/firmware/src/tt-1xx/trisck.cc,73,tile_fused:explicit_throughput,1
9.362,9.416,50,stall,13222245991466,13222245991520,slot0_x9_y2,0,9,2,TILE,TRISC-KERNEL,/hdd/flapmax/tt-metal/tt_metal/hw/firmware/src/tt-1xx/trisck.cc,73,tile_fused:trisc_kernel_base,1
9.416,9.437,50,active,13222245991520,13222245991541,slot0_x9_y2,0,9,2,TILE,THROUGHPUT_SECTION,/hdd/flapmax/tt-metal/tt_metal/hw/firmware/src/tt-1xx/trisck.cc,73,tile_fused:explicit_throughput,1
9.437,9.537,50,stall,13222245991541,13222245991641,slot0_x9_y2,0,9,2,TILE,TRISC-KERNEL,/hdd/flapmax/tt-metal/tt_metal/hw/firmware/src/tt-1xx/trisck.cc,73,tile_fused:trisc_kernel_base,1
9.537,9.557,50,active,13222245991641,13222245991661,slot0_x9_y2,0,9,2,TILE,THROUGHPUT_SECTION,/hdd/flapmax/tt-metal/tt_metal/hw/firmware/src/tt-1xx/trisck.cc,73,tile_fused:explicit_throughput,1
9.557,10.244,50,stall,13222245991661,13222245992348,slot0_x9_y2,0,9,2,TILE,TRISC-KERNEL,/hdd/flapmax/tt-metal/tt_metal/hw/firmware/src/tt-1xx/trisck.cc,73,tile_fused:trisc_kernel_base,1
10.244,10.291,50,active,13222245992348,13222245992395,slot0_x9_y2,0,9,2,TILE,THROUGHPUT_SECTION,/hdd/flapmax/tt-metal/tt_metal/hw/firmware/src/tt-1xx/trisck.cc,73,tile_fused:explicit_throughput,1
10.291,10.353,50,stall,13222245992395,13222245992457,slot0_x9_y2,0,9,2,TILE,TRISC-KERNEL,/hdd/flapmax/tt-metal/tt_metal/hw/firmware/src/tt-1xx/trisck.cc,73,tile_fused:trisc_kernel_base,1
10.353,10.375,50,active,13222245992457,13222245992479,slot0_x9_y2,0,9,2,TILE,THROUGHPUT_SECTION,/hdd/flapmax/tt-metal/tt_metal/hw/firmware/src/tt-1xx/trisck.cc,73,tile_fused:explicit_throughput,1
10.375,10.474,50,stall,13222245992479,13222245992578,slot0_x9_y2,0,9,2,TILE,TRISC-KERNEL,/hdd/flapmax/tt-metal/tt_metal/hw/firmware/src/tt-1xx/trisck.cc,73,tile_fused:trisc_kernel_base,1
10.474,10.493,50,active,13222245992578,13222245992597,slot0_x9_y2,0,9,2,TILE,THROUGHPUT_SECTION,/hdd/flapmax/tt-metal/tt_metal/hw/firmware/src/tt-1xx/trisck.cc,73,tile_fused:explicit_throughput,1
10.493,11.698,50,stall,13222245992597,13222245993802,slot0_x9_y2,0,9,2,TILE,TRISC-KERNEL,/hdd/flapmax/tt-metal/tt_metal/hw/firmware/src/tt-1xx/trisck.cc,73,tile_fused:trisc_kernel_base,1
11.698,11.752,50,active,13222245993802,13222245993856,slot0_x9_y2,0,9,2,TILE,THROUGHPUT_SECTION,/hdd/flapmax/tt-metal/tt_metal/hw/firmware/src/tt-1xx/trisck.cc,73,tile_fused:explicit_throughput,1
11.752,11.806,50,stall,13222245993856,13222245993910,slot0_x9_y2,0,9,2,TILE,TRISC-KERNEL,/hdd/flapmax/tt-metal/tt_metal/hw/firmware/src/tt-1xx/trisck.cc,73,tile_fused:trisc_kernel_base,1
11.806,11.827,50,active,13222245993910,13222245993931,slot0_x9_y2,0,9,2,TILE,THROUGHPUT_SECTION,/hdd/flapmax/tt-metal/tt_metal/hw/firmware/src/tt-1xx/trisck.cc,73,tile_fused:explicit_throughput,1
11.827,11.927,50,stall,13222245993931,13222245994031,slot0_x9_y2,0,9,2,TILE,TRISC-KERNEL,/hdd/flapmax/tt-metal/tt_metal/hw/firmware/src/tt-1xx/trisck.cc,73,tile_fused:trisc_kernel_base,1
11.927,11.946,50,active,13222245994031,13222245994050,slot0_x9_y2,0,9,2,TILE,THROUGHPUT_SECTION,/hdd/flapmax/tt-metal/tt_metal/hw/firmware/src/tt-1xx/trisck.cc,73,tile_fused:explicit_throughput,1
11.946,12.692,50,stall,13222245994050,13222245994796,slot0_x9_y2,0,9,2,TILE,TRISC-KERNEL,/hdd/flapmax/tt-metal/tt_metal/hw/firmware/src/tt-1xx/trisck.cc,73,tile_fused:trisc_kernel_base,1
12.692,12.739,50,active,13222245994796,13222245994843,slot0_x9_y2,0,9,2,TILE,THROUGHPUT_SECTION,/hdd/flapmax/tt-metal/tt_metal/hw/firmware/src/tt-1xx/trisck.cc,73,tile_fused:explicit_throughput,1
12.739,12.792,50,stall,13222245994843,13222245994896,slot0_x9_y2,0,9,2,TILE,TRISC-KERNEL,/hdd/flapmax/tt-metal/tt_metal/hw/firmware/src/tt-1xx/trisck.cc,73,tile_fused:trisc_kernel_base,1
12.792,12.813,50,active,13222245994896,13222245994917,slot0_x9_y2,0,9,2,TILE,THROUGHPUT_SECTION,/hdd/flapmax/tt-metal/tt_metal/hw/firmware/src/tt-1xx/trisck.cc,73,tile_fused:explicit_throughput,1
12.813,12.913,50,stall,13222245994917,13222245995017,slot0_x9_y2,0,9,2,TILE,TRISC-KERNEL,/hdd/flapmax/tt-metal/tt_metal/hw/firmware/src/tt-1xx/trisck.cc,73,tile_fused:trisc_kernel_base,1
12.913,12.933,50,active,13222245995017,13222245995037,slot0_x9_y2,0,9,2,TILE,THROUGHPUT_SECTION,/hdd/flapmax/tt-metal/tt_metal/hw/firmware/src/tt-1xx/trisck.cc,73,tile_fused:explicit_throughput,1
12.933,13.479,50,stall,13222245995037,13222245995583,slot0_x9_y2,0,9,2,TILE,TRISC-KERNEL,/hdd/flapmax/tt-metal/tt_metal/hw/firmware/src/tt-1xx/trisck.cc,73,tile_fused:trisc_kernel_base,1
13.479,13.533,50,active,13222245995583,13222245995637,slot0_x9_y2,0,9,2,TILE,THROUGHPUT_SECTION,/hdd/flapmax/tt-metal/tt_metal/hw/firmware/src/tt-1xx/trisck.cc,73,tile_fused:explicit_throughput,1
13.533,13.585,50,stall,13222245995637,13222245995689,slot0_x9_y2,0,9,2,TILE,TRISC-KERNEL,/hdd/flapmax/tt-metal/tt_metal/hw/firmware/src/tt-1xx/trisck.cc,73,tile_fused:trisc_kernel_base,1
13.585,13.608,50,active,13222245995689,13222245995712,slot0_x9_y2,0,9,2,TILE,THROUGHPUT_SECTION,/hdd/flapmax/tt-metal/tt_metal/hw/firmware/src/tt-1xx/trisck.cc,73,tile_fused:explicit_throughput,1
13.608,13.706,50,stall,13222245995712,13222245995810,slot0_x9_y2,0,9,2,TILE,TRISC-KERNEL,/hdd/flapmax/tt-metal/tt_metal/hw/firmware/src/tt-1xx/trisck.cc,73,tile_fused:trisc_kernel_base,1
13.706,13.725,50,active,13222245995810,13222245995829,slot0_x9_y2,0,9,2,TILE,THROUGHPUT_SECTION,/hdd/flapmax/tt-metal/tt_metal/hw/firmware/src/tt-1xx/trisck.cc,73,tile_fused:explicit_throughput,1
13.725,14.116,50,stall,13222245995829,13222245996220,slot0_x9_y2,0,9,2,TILE,TRISC-KERNEL,/hdd/flapmax/tt-metal/tt_metal/hw/firmware/src/tt-1xx/trisck.cc,73,tile_fused:trisc_kernel_base,1
14.116,14.163,50,active,13222245996220,13222245996267,slot0_x9_y2,0,9,2,TILE,THROUGHPUT_SECTION,/hdd/flapmax/tt-metal/tt_metal/hw/firmware/src/tt-1xx/trisck.cc,73,tile_fused:explicit_throughput,1
14.163,14.223,50,stall,13222245996267,13222245996327,slot0_x9_y2,0,9,2,TILE,TRISC-KERNEL,/hdd/flapmax/tt-metal/tt_metal/hw/firmware/src/tt-1xx/trisck.cc,73,tile_fused:trisc_kernel_base,1
14.223,14.244,50,active,13222245996327,13222245996348,slot0_x9_y2,0,9,2,TILE,THROUGHPUT_SECTION,/hdd/flapmax/tt-metal/tt_metal/hw/firmware/src/tt-1xx/trisck.cc,73,tile_fused:explicit_throughput,1
14.244,14.343,50,stall,13222245996348,13222245996447,slot0_x9_y2,0,9,2,TILE,TRISC-KERNEL,/hdd/flapmax/tt-metal/tt_metal/hw/firmware/src/tt-1xx/trisck.cc,73,tile_fused:trisc_kernel_base,1
14.343,14.362,50,active,13222245996447,13222245996466,slot0_x9_y2,0,9,2,TILE,THROUGHPUT_SECTION,/hdd/flapmax/tt-metal/tt_metal/hw/firmware/src/tt-1xx/trisck.cc,73,tile_fused:explicit_throughput,1
14.362,15.017,50,stall,13222245996466,13222245997121,slot0_x9_y2,0,9,2,TILE,TRISC-KERNEL,/hdd/flapmax/tt-metal/tt_metal/hw/firmware/src/tt-1xx/trisck.cc,73,tile_fused:trisc_kernel_base,1
15.017,15.071,50,active,13222245997121,13222245997175,slot0_x9_y2,0,9,2,TILE,THROUGHPUT_SECTION,/hdd/flapmax/tt-metal/tt_metal/hw/firmware/src/tt-1xx/trisck.cc,73,tile_fused:explicit_throughput,1
15.071,15.123,50,stall,13222245997175,13222245997227,slot0_x9_y2,0,9,2,TILE,TRISC-KERNEL,/hdd/flapmax/tt-metal/tt_metal/hw/firmware/src/tt-1xx/trisck.cc,73,tile_fused:trisc_kernel_base,1
15.123,15.145,50,active,13222245997227,13222245997249,slot0_x9_y2,0,9,2,TILE,THROUGHPUT_SECTION,/hdd/flapmax/tt-metal/tt_metal/hw/firmware/src/tt-1xx/trisck.cc,73,tile_fused:explicit_throughput,1
15.145,15.244,50,stall,13222245997249,13222245997348,slot0_x9_y2,0,9,2,TILE,TRISC-KERNEL,/hdd/flapmax/tt-metal/tt_metal/hw/firmware/src/tt-1xx/trisck.cc,73,tile_fused:trisc_kernel_base,1
15.244,15.263,50,active,13222245997348,13222245997367,slot0_x9_y2,0,9,2,TILE,THROUGHPUT_SECTION,/hdd/flapmax/tt-metal/tt_metal/hw/firmware/src/tt-1xx/trisck.cc,73,tile_fused:explicit_throughput,1
15.263,15.882,50,stall,13222245997367,13222245997986,slot0_x9_y2,0,9,2,TILE,TRISC-KERNEL,/hdd/flapmax/tt-metal/tt_metal/hw/firmware/src/tt-1xx/trisck.cc,73,tile_fused:trisc_kernel_base,1
15.882,15.929,50,active,13222245997986,13222245998033,slot0_x9_y2,0,9,2,TILE,THROUGHPUT_SECTION,/hdd/flapmax/tt-metal/tt_metal/hw/firmware/src/tt-1xx/trisck.cc,73,tile_fused:explicit_throughput,1
15.929,15.982,50,stall,13222245998033,13222245998086,slot0_x9_y2,0,9,2,TILE,TRISC-KERNEL,/hdd/flapmax/tt-metal/tt_metal/hw/firmware/src/tt-1xx/trisck.cc,73,tile_fused:trisc_kernel_base,1
15.982,16.003,50,active,13222245998086,13222245998107,slot0_x9_y2,0,9,2,TILE,THROUGHPUT_SECTION,/hdd/flapmax/tt-metal/tt_metal/hw/firmware/src/tt-1xx/trisck.cc,73,tile_fused:explicit_throughput,1
16.003,16.103,50,stall,13222245998107,13222245998207,slot0_x9_y2,0,9,2,TILE,TRISC-KERNEL,/hdd/flapmax/tt-metal/tt_metal/hw/firmware/src/tt-1xx/trisck.cc,73,tile_fused:trisc_kernel_base,1
16.103,16.123,50,active,13222245998207,13222245998227,slot0_x9_y2,0,9,2,TILE,THROUGHPUT_SECTION,/hdd/flapmax/tt-metal/tt_metal/hw/firmware/src/tt-1xx/trisck.cc,73,tile_fused:explicit_throughput,1
16.123,16.613,50,stall,13222245998227,13222245998717,slot0_x9_y2,0,9,2,TILE,TRISC-KERNEL,/hdd/flapmax/tt-metal/tt_metal/hw/firmware/src/tt-1xx/trisck.cc,73,tile_fused:trisc_kernel_base,1
16.613,16.667,50,active,13222245998717,13222245998771,slot0_x9_y2,0,9,2,TILE,THROUGHPUT_SECTION,/hdd/flapmax/tt-metal/tt_metal/hw/firmware/src/tt-1xx/trisck.cc,73,tile_fused:explicit_throughput,1
16.667,16.72,50,stall,13222245998771,13222245998824,slot0_x9_y2,0,9,2,TILE,TRISC-KERNEL,/hdd/flapmax/tt-metal/tt_metal/hw/firmware/src/tt-1xx/trisck.cc,73,tile_fused:trisc_kernel_base,1
16.72,16.741,50,active,13222245998824,13222245998845,slot0_x9_y2,0,9,2,TILE,THROUGHPUT_SECTION,/hdd/flapmax/tt-metal/tt_metal/hw/firmware/src/tt-1xx/trisck.cc,73,tile_fused:explicit_throughput,1
16.741,16.841,50,stall,13222245998845,13222245998945,slot0_x9_y2,0,9,2,TILE,TRISC-KERNEL,/hdd/flapmax/tt-metal/tt_metal/hw/firmware/src/tt-1xx/trisck.cc,73,tile_fused:trisc_kernel_base,1
16.841,16.86,50,active,13222245998945,13222245998964,slot0_x9_y2,0,9,2,TILE,THROUGHPUT_SECTION,/hdd/flapmax/tt-metal/tt_metal/hw/firmware/src/tt-1xx/trisck.cc,73,tile_fused:explicit_throughput,1
16.86,17.484,50,stall,13222245998964,13222245999588,slot0_x9_y2,0,9,2,TILE,TRISC-KERNEL,/hdd/flapmax/tt-metal/tt_metal/hw/firmware/src/tt-1xx/trisck.cc,73,tile_fused:trisc_kernel_base,1
17.484,17.531,50,active,13222245999588,13222245999635,slot0_x9_y2,0,9,2,TILE,THROUGHPUT_SECTION,/hdd/flapmax/tt-metal/tt_metal/hw/firmware/src/tt-1xx/trisck.cc,73,tile_fused:explicit_throughput,1
17.531,18.535,50,stall,13222245999635,13222246000639,slot0_x9_y2,0,9,2,TILE,TRISC-KERNEL,/hdd/flapmax/tt-metal/tt_metal/hw/firmware/src/tt-1xx/trisck.cc,73,tile_fused:trisc_kernel_base,1
18.535,18.589,50,active,13222246000639,13222246000693,slot0_x9_y2,0,9,2,TILE,THROUGHPUT_SECTION,/hdd/flapmax/tt-metal/tt_metal/hw/firmware/src/tt-1xx/trisck.cc,73,tile_fused:explicit_throughput,1
18.589,19.382,50,stall,13222246000693,13222246001486,slot0_x9_y2,0,9,2,TILE,TRISC-KERNEL,/hdd/flapmax/tt-metal/tt_metal/hw/firmware/src/tt-1xx/trisck.cc,73,tile_fused:trisc_kernel_base,1
0.067,0.246,51,stall,13222245982171,13222245982350,slot0_x9_y3,0,9,3,TILE,TRISC-KERNEL,/hdd/flapmax/tt-metal/tt_metal/hw/firmware/src/tt-1xx/trisck.cc,73,tile_fused:trisc_kernel_base,1
0.246,0.267,51,active,13222245982350,13222245982371,slot0_x9_y3,0,9,3,TILE,THROUGHPUT_SECTION,/hdd/flapmax/tt-metal/tt_metal/hw/firmware/src/tt-1xx/trisck.cc,73,tile_fused:explicit_throughput,1
0.267,0.305,51,stall,13222245982371,13222245982409,slot0_x9_y3,0,9,3,TILE,TRISC-KERNEL,/hdd/flapmax/tt-metal/tt_metal/hw/firmware/src/tt-1xx/trisck.cc,73,tile_fused:trisc_kernel_base,1
0.305,0.326,51,active,13222245982409,13222245982430,slot0_x9_y3,0,9,3,TILE,THROUGHPUT_SECTION,/hdd/flapmax/tt-metal/tt_metal/hw/firmware/src/tt-1xx/trisck.cc,73,tile_fused:explicit_throughput,1
0.326,0.518,51,stall,13222245982430,13222245982622,slot0_x9_y3,0,9,3,TILE,TRISC-KERNEL,/hdd/flapmax/tt-metal/tt_metal/hw/firmware/src/tt-1xx/trisck.cc,73,tile_fused:trisc_kernel_base,1
0.518,0.537,51,active,13222245982622,13222245982641,slot0_x9_y3,0,9,3,TILE,THROUGHPUT_SECTION,/hdd/flapmax/tt-metal/tt_metal/hw/firmware/src/tt-1xx/trisck.cc,73,tile_fused:explicit_throughput,1
0.537,0.648,51,stall,13222245982641,13222245982752,slot0_x9_y3,0,9,3,TILE,TRISC-KERNEL,/hdd/flapmax/tt-metal/tt_metal/hw/firmware/src/tt-1xx/trisck.cc,73,tile_fused:trisc_kernel_base,1
0.648,0.667,51,active,13222245982752,13222245982771,slot0_x9_y3,0,9,3,TILE,THROUGHPUT_SECTION,/hdd/flapmax/tt-metal/tt_metal/hw/firmware/src/tt-1xx/trisck.cc,73,tile_fused:explicit_throughput,1
0.667,3.201,51,stall,13222245982771,13222245985305,slot0_x9_y3,0,9,3,TILE,TRISC-KERNEL,/hdd/flapmax/tt-metal/tt_metal/hw/firmware/src/tt-1xx/trisck.cc,73,tile_fused:trisc_kernel_base,1
3.201,3.247,51,active,13222245985305,13222245985351,slot0_x9_y3,0,9,3,TILE,THROUGHPUT_SECTION,/hdd/flapmax/tt-metal/tt_metal/hw/firmware/src/tt-1xx/trisck.cc,73,tile_fused:explicit_throughput,1
3.247,3.301,51,stall,13222245985351,13222245985405,slot0_x9_y3,0,9,3,TILE,TRISC-KERNEL,/hdd/flapmax/tt-metal/tt_metal/hw/firmware/src/tt-1xx/trisck.cc,73,tile_fused:trisc_kernel_base,1
3.301,3.325,51,active,13222245985405,13222245985429,slot0_x9_y3,0,9,3,TILE,THROUGHPUT_SECTION,/hdd/flapmax/tt-metal/tt_metal/hw/firmware/src/tt-1xx/trisck.cc,73,tile_fused:explicit_throughput,1
3.325,3.423,51,stall,13222245985429,13222245985527,slot0_x9_y3,0,9,3,TILE,TRISC-KERNEL,/hdd/flapmax/tt-metal/tt_metal/hw/firmware/src/tt-1xx/trisck.cc,73,tile_fused:trisc_kernel_base,1
3.423,3.442,51,active,13222245985527,13222245985546,slot0_x9_y3,0,9,3,TILE,THROUGHPUT_SECTION,/hdd/flapmax/tt-metal/tt_metal/hw/firmware/src/tt-1xx/trisck.cc,73,tile_fused:explicit_throughput,1
3.442,11.057,51,stall,13222245985546,13222245993161,slot0_x9_y3,0,9,3,TILE,TRISC-KERNEL,/hdd/flapmax/tt-metal/tt_metal/hw/firmware/src/tt-1xx/trisck.cc,73,tile_fused:trisc_kernel_base,1
11.057,11.116,51,active,13222245993161,13222245993220,slot0_x9_y3,0,9,3,TILE,THROUGHPUT_SECTION,/hdd/flapmax/tt-metal/tt_metal/hw/firmware/src/tt-1xx/trisck.cc,73,tile_fused:explicit_throughput,1
11.116,11.17,51,stall,13222245993220,13222245993274,slot0_x9_y3,0,9,3,TILE,TRISC-KERNEL,/hdd/flapmax/tt-metal/tt_metal/hw/firmware/src/tt-1xx/trisck.cc,73,tile_fused:trisc_kernel_base,1
11.17,11.191,51,active,13222245993274,13222245993295,slot0_x9_y3,0,9,3,TILE,THROUGHPUT_SECTION,/hdd/flapmax/tt-metal/tt_metal/hw/firmware/src/tt-1xx/trisck.cc,73,tile_fused:explicit_throughput,1
11.191,11.291,51,stall,13222245993295,13222245993395,slot0_x9_y3,0,9,3,TILE,TRISC-KERNEL,/hdd/flapmax/tt-metal/tt_metal/hw/firmware/src/tt-1xx/trisck.cc,73,tile_fused:trisc_kernel_base,1
11.291,11.311,51,active,13222245993395,13222245993415,slot0_x9_y3,0,9,3,TILE,THROUGHPUT_SECTION,/hdd/flapmax/tt-metal/tt_metal/hw/firmware/src/tt-1xx/trisck.cc,73,tile_fused:explicit_throughput,1
11.311,11.935,51,stall,13222245993415,13222245994039,slot0_x9_y3,0,9,3,TILE,TRISC-KERNEL,/hdd/flapmax/tt-metal/tt_metal/hw/firmware/src/tt-1xx/trisck.cc,73,tile_fused:trisc_kernel_base,1
11.935,11.981,51,active,13222245994039,13222245994085,slot0_x9_y3,0,9,3,TILE,THROUGHPUT_SECTION,/hdd/flapmax/tt-metal/tt_metal/hw/firmware/src/tt-1xx/trisck.cc,73,tile_fused:explicit_throughput,1
11.981,12.043,51,stall,13222245994085,13222245994147,slot0_x9_y3,0,9,3,TILE,TRISC-KERNEL,/hdd/flapmax/tt-metal/tt_metal/hw/firmware/src/tt-1xx/trisck.cc,73,tile_fused:trisc_kernel_base,1
12.043,12.064,51,active,13222245994147,13222245994168,slot0_x9_y3,0,9,3,TILE,THROUGHPUT_SECTION,/hdd/flapmax/tt-metal/tt_metal/hw/firmware/src/tt-1xx/trisck.cc,73,tile_fused:explicit_throughput,1
12.064,12.164,51,stall,13222245994168,13222245994268,slot0_x9_y3,0,9,3,TILE,TRISC-KERNEL,/hdd/flapmax/tt-metal/tt_metal/hw/firmware/src/tt-1xx/trisck.cc,73,tile_fused:trisc_kernel_base,1
12.164,12.183,51,active,13222245994268,13222245994287,slot0_x9_y3,0,9,3,TILE,THROUGHPUT_SECTION,/hdd/flapmax/tt-metal/tt_metal/hw/firmware/src/tt-1xx/trisck.cc,73,tile_fused:explicit_throughput,1
12.183,13.126,51,stall,13222245994287,13222245995230,slot0_x9_y3,0,9,3,TILE,TRISC-KERNEL,/hdd/flapmax/tt-metal/tt_metal/hw/firmware/src/tt-1xx/trisck.cc,73,tile_fused:trisc_kernel_base,1
13.126,13.18,51,active,13222245995230,13222245995284,slot0_x9_y3,0,9,3,TILE,THROUGHPUT_SECTION,/hdd/flapmax/tt-metal/tt_metal/hw/firmware/src/tt-1xx/trisck.cc,73,tile_fused:explicit_throughput,1
13.18,13.235,51,stall,13222245995284,13222245995339,slot0_x9_y3,0,9,3,TILE,TRISC-KERNEL,/hdd/flapmax/tt-metal/tt_metal/hw/firmware/src/tt-1xx/trisck.cc,73,tile_fused:trisc_kernel_base,1
13.235,13.257,51,active,13222245995339,13222245995361,slot0_x9_y3,0,9,3,TILE,THROUGHPUT_SECTION,/hdd/flapmax/tt-metal/tt_metal/hw/firmware/src/tt-1xx/trisck.cc,73,tile_fused:explicit_throughput,1
13.257,13.356,51,stall,13222245995361,13222245995460,slot0_x9_y3,0,9,3,TILE,TRISC-KERNEL,/hdd/flapmax/tt-metal/tt_metal/hw/firmware/src/tt-1xx/trisck.cc,73,tile_fused:trisc_kernel_base,1
13.356,13.375,51,active,13222245995460,13222245995479,slot0_x9_y3,0,9,3,TILE,THROUGHPUT_SECTION,/hdd/flapmax/tt-metal/tt_metal/hw/firmware/src/tt-1xx/trisck.cc,73,tile_fused:explicit_throughput,1
13.375,13.917,51,stall,13222245995479,13222245996021,slot0_x9_y3,0,9,3,TILE,TRISC-KERNEL,/hdd/flapmax/tt-metal/tt_metal/hw/firmware/src/tt-1xx/trisck.cc,73,tile_fused:trisc_kernel_base,1
13.917,13.964,51,active,13222245996021,13222245996068,slot0_x9_y3,0,9,3,TILE,THROUGHPUT_SECTION,/hdd/flapmax/tt-metal/tt_metal/hw/firmware/src/tt-1xx/trisck.cc,73,tile_fused:explicit_throughput,1
13.964,14.017,51,stall,13222245996068,13222245996121,slot0_x9_y3,0,9,3,TILE,TRISC-KERNEL,/hdd/flapmax/tt-metal/tt_metal/hw/firmware/src/tt-1xx/trisck.cc,73,tile_fused:trisc_kernel_base,1
14.017,14.038,51,active,13222245996121,13222245996142,slot0_x9_y3,0,9,3,TILE,THROUGHPUT_SECTION,/hdd/flapmax/tt-metal/tt_metal/hw/firmware/src/tt-1xx/trisck.cc,73,tile_fused:explicit_throughput,1
14.038,14.138,51,stall,13222245996142,13222245996242,slot0_x9_y3,0,9,3,TILE,TRISC-KERNEL,/hdd/flapmax/tt-metal/tt_metal/hw/firmware/src/tt-1xx/trisck.cc,73,tile_fused:trisc_kernel_base,1
14.138,14.158,51,active,13222245996242,13222245996262,slot0_x9_y3,0,9,3,TILE,THROUGHPUT_SECTION,/hdd/flapmax/tt-metal/tt_metal/hw/firmware/src/tt-1xx/trisck.cc,73,tile_fused:explicit_throughput,1
14.158,14.897,51,stall,13222245996262,13222245997001,slot0_x9_y3,0,9,3,TILE,TRISC-KERNEL,/hdd/flapmax/tt-metal/tt_metal/hw/firmware/src/tt-1xx/trisck.cc,73,tile_fused:trisc_kernel_base,1
14.897,14.951,51,active,13222245997001,13222245997055,slot0_x9_y3,0,9,3,TILE,THROUGHPUT_SECTION,/hdd/flapmax/tt-metal/tt_metal/hw/firmware/src/tt-1xx/trisck.cc,73,tile_fused:explicit_throughput,1
14.951,15.003,51,stall,13222245997055,13222245997107,slot0_x9_y3,0,9,3,TILE,TRISC-KERNEL,/hdd/flapmax/tt-metal/tt_metal/hw/firmware/src/tt-1xx/trisck.cc,73,tile_fused:trisc_kernel_base,1
15.003,15.026,51,active,13222245997107,13222245997130,slot0_x9_y3,0,9,3,TILE,THROUGHPUT_SECTION,/hdd/flapmax/tt-metal/tt_metal/hw/firmware/src/tt-1xx/trisck.cc,73,tile_fused:explicit_throughput,1
15.026,15.124,51,stall,13222245997130,13222245997228,slot0_x9_y3,0,9,3,TILE,TRISC-KERNEL,/hdd/flapmax/tt-metal/tt_metal/hw/firmware/src/tt-1xx/trisck.cc,73,tile_fused:trisc_kernel_base,1
15.124,15.143,51,active,13222245997228,13222245997247,slot0_x9_y3,0,9,3,TILE,THROUGHPUT_SECTION,/hdd/flapmax/tt-metal/tt_metal/hw/firmware/src/tt-1xx/trisck.cc,73,tile_fused:explicit_throughput,1
15.143,15.509,51,stall,13222245997247,13222245997613,slot0_x9_y3,0,9,3,TILE,TRISC-KERNEL,/hdd/flapmax/tt-metal/tt_metal/hw/firmware/src/tt-1xx/trisck.cc,73,tile_fused:trisc_kernel_base,1
15.509,15.556,51,active,13222245997613,13222245997660,slot0_x9_y3,0,9,3,TILE,THROUGHPUT_SECTION,/hdd/flapmax/tt-metal/tt_metal/hw/firmware/src/tt-1xx/trisck.cc,73,tile_fused:explicit_throughput,1
15.556,15.616,51,stall,13222245997660,13222245997720,slot0_x9_y3,0,9,3,TILE,TRISC-KERNEL,/hdd/flapmax/tt-metal/tt_metal/hw/firmware/src/tt-1xx/trisck.cc,73,tile_fused:trisc_kernel_base,1
15.616,15.639,51,active,13222245997720,13222245997743,slot0_x9_y3,0,9,3,TILE,THROUGHPUT_SECTION,/hdd/flapmax/tt-metal/tt_metal/hw/firmware/src/tt-1xx/trisck.cc,73,tile_fused:explicit_throughput,1
15.639,15.737,51,stall,13222245997743,13222245997841,slot0_x9_y3,0,9,3,TILE,TRISC-KERNEL,/hdd/flapmax/tt-metal/tt_metal/hw/firmware/src/tt-1xx/trisck.cc,73,tile_fused:trisc_kernel_base,1
15.737,15.756,51,active,13222245997841,13222245997860,slot0_x9_y3,0,9,3,TILE,THROUGHPUT_SECTION,/hdd/flapmax/tt-metal/tt_metal/hw/firmware/src/tt-1xx/trisck.cc,73,tile_fused:explicit_throughput,1
15.756,16.332,51,stall,13222245997860,13222245998436,slot0_x9_y3,0,9,3,TILE,TRISC-KERNEL,/hdd/flapmax/tt-metal/tt_metal/hw/firmware/src/tt-1xx/trisck.cc,73,tile_fused:trisc_kernel_base,1
16.332,16.386,51,active,13222245998436,13222245998490,slot0_x9_y3,0,9,3,TILE,THROUGHPUT_SECTION,/hdd/flapmax/tt-metal/tt_metal/hw/firmware/src/tt-1xx/trisck.cc,73,tile_fused:explicit_throughput,1
16.386,16.438,51,stall,13222245998490,13222245998542,slot0_x9_y3,0,9,3,TILE,TRISC-KERNEL,/hdd/flapmax/tt-metal/tt_metal/hw/firmware/src/tt-1xx/trisck.cc,73,tile_fused:trisc_kernel_base,1
16.438,16.461,51,active,13222245998542,13222245998565,slot0_x9_y3,0,9,3,TILE,THROUGHPUT_SECTION,/hdd/flapmax/tt-metal/tt_metal/hw/firmware/src/tt-1xx/trisck.cc,73,tile_fused:explicit_throughput,1
16.461,16.559,51,stall,13222245998565,13222245998663,slot0_x9_y3,0,9,3,TILE,TRISC-KERNEL,/hdd/flapmax/tt-metal/tt_metal/hw/firmware/src/tt-1xx/trisck.cc,73,tile_fused:trisc_kernel_base,1
16.559,16.578,51,active,13222245998663,13222245998682,slot0_x9_y3,0,9,3,TILE,THROUGHPUT_SECTION,/hdd/flapmax/tt-metal/tt_metal/hw/firmware/src/tt-1xx/trisck.cc,73,tile_fused:explicit_throughput,1
16.578,17.207,51,stall,13222245998682,13222245999311,slot0_x9_y3,0,9,3,TILE,TRISC-KERNEL,/hdd/flapmax/tt-metal/tt_metal/hw/firmware/src/tt-1xx/trisck.cc,73,tile_fused:trisc_kernel_base,1
17.207,17.254,51,active,13222245999311,13222245999358,slot0_x9_y3,0,9,3,TILE,THROUGHPUT_SECTION,/hdd/flapmax/tt-metal/tt_metal/hw/firmware/src/tt-1xx/trisck.cc,73,tile_fused:explicit_throughput,1
17.254,17.307,51,stall,13222245999358,13222245999411,slot0_x9_y3,0,9,3,TILE,TRISC-KERNEL,/hdd/flapmax/tt-metal/tt_metal/hw/firmware/src/tt-1xx/trisck.cc,73,tile_fused:trisc_kernel_base,1
17.307,17.328,51,active,13222245999411,13222245999432,slot0_x9_y3,0,9,3,TILE,THROUGHPUT_SECTION,/hdd/flapmax/tt-metal/tt_metal/hw/firmware/src/tt-1xx/trisck.cc,73,tile_fused:explicit_throughput,1
17.328,17.428,51,stall,13222245999432,13222245999532,slot0_x9_y3,0,9,3,TILE,TRISC-KERNEL,/hdd/flapmax/tt-metal/tt_metal/hw/firmware/src/tt-1xx/trisck.cc,73,tile_fused:trisc_kernel_base,1
17.428,17.45,51,active,13222245999532,13222245999554,slot0_x9_y3,0,9,3,TILE,THROUGHPUT_SECTION,/hdd/flapmax/tt-metal/tt_metal/hw/firmware/src/tt-1xx/trisck.cc,73,tile_fused:explicit_throughput,1
17.45,17.846,51,stall,13222245999554,13222245999950,slot0_x9_y3,0,9,3,TILE,TRISC-KERNEL,/hdd/flapmax/tt-metal/tt_metal/hw/firmware/src/tt-1xx/trisck.cc,73,tile_fused:trisc_kernel_base,1
17.846,17.9,51,active,13222245999950,13222246000004,slot0_x9_y3,0,9,3,TILE,THROUGHPUT_SECTION,/hdd/flapmax/tt-metal/tt_metal/hw/firmware/src/tt-1xx/trisck.cc,73,tile_fused:explicit_throughput,1
17.9,17.953,51,stall,13222246000004,13222246000057,slot0_x9_y3,0,9,3,TILE,TRISC-KERNEL,/hdd/flapmax/tt-metal/tt_metal/hw/firmware/src/tt-1xx/trisck.cc,73,tile_fused:trisc_kernel_base,1
17.953,17.974,51,active,13222246000057,13222246000078,slot0_x9_y3,0,9,3,TILE,THROUGHPUT_SECTION,/hdd/flapmax/tt-metal/tt_metal/hw/firmware/src/tt-1xx/trisck.cc,73,tile_fused:explicit_throughput,1
17.974,18.075,51,stall,13222246000078,13222246000179,slot0_x9_y3,0,9,3,TILE,TRISC-KERNEL,/hdd/flapmax/tt-metal/tt_metal/hw/firmware/src/tt-1xx/trisck.cc,73,tile_fused:trisc_kernel_base,1
18.075,18.095,51,active,13222246000179,13222246000199,slot0_x9_y3,0,9,3,TILE,THROUGHPUT_SECTION,/hdd/flapmax/tt-metal/tt_metal/hw/firmware/src/tt-1xx/trisck.cc,73,tile_fused:explicit_throughput,1
18.095,18.734,51,stall,13222246000199,13222246000838,slot0_x9_y3,0,9,3,TILE,TRISC-KERNEL,/hdd/flapmax/tt-metal/tt_metal/hw/firmware/src/tt-1xx/trisck.cc,73,tile_fused:trisc_kernel_base,1
18.734,18.781,51,active,13222246000838,13222246000885,slot0_x9_y3,0,9,3,TILE,THROUGHPUT_SECTION,/hdd/flapmax/tt-metal/tt_metal/hw/firmware/src/tt-1xx/trisck.cc,73,tile_fused:explicit_throughput,1
18.781,19.547,51,stall,13222246000885,13222246001651,slot0_x9_y3,0,9,3,TILE,TRISC-KERNEL,/hdd/flapmax/tt-metal/tt_metal/hw/firmware/src/tt-1xx/trisck.cc,73,tile_fused:trisc_kernel_base,1
19.547,19.601,51,active,13222246001651,13222246001705,slot0_x9_y3,0,9,3,TILE,THROUGHPUT_SECTION,/hdd/flapmax/tt-metal/tt_metal/hw/firmware/src/tt-1xx/trisck.cc,73,tile_fused:explicit_throughput,1
19.601,20.33,51,stall,13222246001705,13222246002434,slot0_x9_y3,0,9,3,TILE,TRISC-KERNEL,/hdd/flapmax/tt-metal/tt_metal/hw/firmware/src/tt-1xx/trisck.cc,73,tile_fused:trisc_kernel_base,1
0.089,0.271,52,stall,13222245982193,13222245982375,slot0_x9_y4,0,9,4,TILE,TRISC-KERNEL,/hdd/flapmax/tt-metal/tt_metal/hw/firmware/src/tt-1xx/trisck.cc,73,tile_fused:trisc_kernel_base,1
0.271,0.292,52,active,13222245982375,13222245982396,slot0_x9_y4,0,9,4,TILE,THROUGHPUT_SECTION,/hdd/flapmax/tt-metal/tt_metal/hw/firmware/src/tt-1xx/trisck.cc,73,tile_fused:explicit_throughput,1
0.292,0.33,52,stall,13222245982396,13222245982434,slot0_x9_y4,0,9,4,TILE,TRISC-KERNEL,/hdd/flapmax/tt-metal/tt_metal/hw/firmware/src/tt-1xx/trisck.cc,73,tile_fused:trisc_kernel_base,1
0.33,0.351,52,active,13222245982434,13222245982455,slot0_x9_y4,0,9,4,TILE,THROUGHPUT_SECTION,/hdd/flapmax/tt-metal/tt_metal/hw/firmware/src/tt-1xx/trisck.cc,73,tile_fused:explicit_throughput,1
0.351,0.53,52,stall,13222245982455,13222245982634,slot0_x9_y4,0,9,4,TILE,TRISC-KERNEL,/hdd/flapmax/tt-metal/tt_metal/hw/firmware/src/tt-1xx/trisck.cc,73,tile_fused:trisc_kernel_base,1
0.53,0.549,52,active,13222245982634,13222245982653,slot0_x9_y4,0,9,4,TILE,THROUGHPUT_SECTION,/hdd/flapmax/tt-metal/tt_metal/hw/firmware/src/tt-1xx/trisck.cc,73,tile_fused:explicit_throughput,1
0.549,0.66,52,stall,13222245982653,13222245982764,slot0_x9_y4,0,9,4,TILE,TRISC-KERNEL,/hdd/flapmax/tt-metal/tt_metal/hw/firmware/src/tt-1xx/trisck.cc,73,tile_fused:trisc_kernel_base,1
0.66,0.679,52,active,13222245982764,13222245982783,slot0_x9_y4,0,9,4,TILE,THROUGHPUT_SECTION,/hdd/flapmax/tt-metal/tt_metal/hw/firmware/src/tt-1xx/trisck.cc,73,tile_fused:explicit_throughput,1
0.679,1.523,52,stall,13222245982783,13222245983627,slot0_x9_y4,0,9,4,TILE,TRISC-KERNEL,/hdd/flapmax/tt-metal/tt_metal/hw/firmware/src/tt-1xx/trisck.cc,73,tile_fused:trisc_kernel_base,1
1.523,1.569,52,active,13222245983627,13222245983673,slot0_x9_y4,0,9,4,TILE,THROUGHPUT_SECTION,/hdd/flapmax/tt-metal/tt_metal/hw/firmware/src/tt-1xx/trisck.cc,73,tile_fused:explicit_throughput,1
1.569,1.623,52,stall,13222245983673,13222245983727,slot0_x9_y4,0,9,4,TILE,TRISC-KERNEL,/hdd/flapmax/tt-metal/tt_metal/hw/firmware/src/tt-1xx/trisck.cc,73,tile_fused:trisc_kernel_base,1
1.623,1.645,52,active,13222245983727,13222245983749,slot0_x9_y4,0,9,4,TILE,THROUGHPUT_SECTION,/hdd/flapmax/tt-metal/tt_metal/hw/firmware/src/tt-1xx/trisck.cc,73,tile_fused:explicit_throughput,1
1.645,1.745,52,stall,13222245983749,13222245983849,slot0_x9_y4,0,9,4,TILE,TRISC-KERNEL,/hdd/flapmax/tt-metal/tt_metal/hw/firmware/src/tt-1xx/trisck.cc,73,tile_fused:trisc_kernel_base,1
1.745,1.764,52,active,13222245983849,13222245983868,slot0_x9_y4,0,9,4,TILE,THROUGHPUT_SECTION,/hdd/flapmax/tt-metal/tt_metal/hw/firmware/src/tt-1xx/trisck.cc,73,tile_fused:explicit_throughput,1
1.764,2.345,52,stall,13222245983868,13222245984449,slot0_x9_y4,0,9,4,TILE,TRISC-KERNEL,/hdd/flapmax/tt-metal/tt_metal/hw/firmware/src/tt-1xx/trisck.cc,73,tile_fused:trisc_kernel_base,1
2.345,2.404,52,active,13222245984449,13222245984508,slot0_x9_y4,0,9,4,TILE,THROUGHPUT_SECTION,/hdd/flapmax/tt-metal/tt_metal/hw/firmware/src/tt-1xx/trisck.cc,73,tile_fused:explicit_throughput,1
2.404,2.458,52,stall,13222245984508,13222245984562,slot0_x9_y4,0,9,4,TILE,TRISC-KERNEL,/hdd/flapmax/tt-metal/tt_metal/hw/firmware/src/tt-1xx/trisck.cc,73,tile_fused:trisc_kernel_base,1
2.458,2.479,52,active,13222245984562,13222245984583,slot0_x9_y4,0,9,4,TILE,THROUGHPUT_SECTION,/hdd/flapmax/tt-metal/tt_metal/hw/firmware/src/tt-1xx/trisck.cc,73,tile_fused:explicit_throughput,1
2.479,2.579,52,stall,13222245984583,13222245984683,slot0_x9_y4,0,9,4,TILE,TRISC-KERNEL,/hdd/flapmax/tt-metal/tt_metal/hw/firmware/src/tt-1xx/trisck.cc,73,tile_fused:trisc_kernel_base,1
2.579,2.599,52,active,13222245984683,13222245984703,slot0_x9_y4,0,9,4,TILE,THROUGHPUT_SECTION,/hdd/flapmax/tt-metal/tt_metal/hw/firmware/src/tt-1xx/trisck.cc,73,tile_fused:explicit_throughput,1
2.599,3.409,52,stall,13222245984703,13222245985513,slot0_x9_y4,0,9,4,TILE,TRISC-KERNEL,/hdd/flapmax/tt-metal/tt_metal/hw/firmware/src/tt-1xx/trisck.cc,73,tile_fused:trisc_kernel_base,1
3.409,3.455,52,active,13222245985513,13222245985559,slot0_x9_y4,0,9,4,TILE,THROUGHPUT_SECTION,/hdd/flapmax/tt-metal/tt_metal/hw/firmware/src/tt-1xx/trisck.cc,73,tile_fused:explicit_throughput,1
3.455,3.517,52,stall,13222245985559,13222245985621,slot0_x9_y4,0,9,4,TILE,TRISC-KERNEL,/hdd/flapmax/tt-metal/tt_metal/hw/firmware/src/tt-1xx/trisck.cc,73,tile_fused:trisc_kernel_base,1
3.517,3.54,52,active,13222245985621,13222245985644,slot0_x9_y4,0,9,4,TILE,THROUGHPUT_SECTION,/hdd/flapmax/tt-metal/tt_metal/hw/firmware/src/tt-1xx/trisck.cc,73,tile_fused:explicit_throughput,1
3.54,3.637,52,stall,13222245985644,13222245985741,slot0_x9_y4,0,9,4,TILE,TRISC-KERNEL,/hdd/flapmax/tt-metal/tt_metal/hw/firmware/src/tt-1xx/trisck.cc,73,tile_fused:trisc_kernel_base,1
3.637,3.656,52,active,13222245985741,13222245985760,slot0_x9_y4,0,9,4,TILE,THROUGHPUT_SECTION,/hdd/flapmax/tt-metal/tt_metal/hw/firmware/src/tt-1xx/trisck.cc,73,tile_fused:explicit_throughput,1
3.656,4.802,52,stall,13222245985760,13222245986906,slot0_x9_y4,0,9,4,TILE,TRISC-KERNEL,/hdd/flapmax/tt-metal/tt_metal/hw/firmware/src/tt-1xx/trisck.cc,73,tile_fused:trisc_kernel_base,1
4.802,4.856,52,active,13222245986906,13222245986960,slot0_x9_y4,0,9,4,TILE,THROUGHPUT_SECTION,/hdd/flapmax/tt-metal/tt_metal/hw/firmware/src/tt-1xx/trisck.cc,73,tile_fused:explicit_throughput,1
4.856,4.91,52,stall,13222245986960,13222245987014,slot0_x9_y4,0,9,4,TILE,TRISC-KERNEL,/hdd/flapmax/tt-metal/tt_metal/hw/firmware/src/tt-1xx/trisck.cc,73,tile_fused:trisc_kernel_base,1
4.91,4.933,52,active,13222245987014,13222245987037,slot0_x9_y4,0,9,4,TILE,THROUGHPUT_SECTION,/hdd/flapmax/tt-metal/tt_metal/hw/firmware/src/tt-1xx/trisck.cc,73,tile_fused:explicit_throughput,1
4.933,5.031,52,stall,13222245987037,13222245987135,slot0_x9_y4,0,9,4,TILE,TRISC-KERNEL,/hdd/flapmax/tt-metal/tt_metal/hw/firmware/src/tt-1xx/trisck.cc,73,tile_fused:trisc_kernel_base,1
5.031,5.05,52,active,13222245987135,13222245987154,slot0_x9_y4,0,9,4,TILE,THROUGHPUT_SECTION,/hdd/flapmax/tt-metal/tt_metal/hw/firmware/src/tt-1xx/trisck.cc,73,tile_fused:explicit_throughput,1
5.05,5.807,52,stall,13222245987154,13222245987911,slot0_x9_y4,0,9,4,TILE,TRISC-KERNEL,/hdd/flapmax/tt-metal/tt_metal/hw/firmware/src/tt-1xx/trisck.cc,73,tile_fused:trisc_kernel_base,1
5.807,5.854,52,active,13222245987911,13222245987958,slot0_x9_y4,0,9,4,TILE,THROUGHPUT_SECTION,/hdd/flapmax/tt-metal/tt_metal/hw/firmware/src/tt-1xx/trisck.cc,73,tile_fused:explicit_throughput,1
5.854,5.907,52,stall,13222245987958,13222245988011,slot0_x9_y4,0,9,4,TILE,TRISC-KERNEL,/hdd/flapmax/tt-metal/tt_metal/hw/firmware/src/tt-1xx/trisck.cc,73,tile_fused:trisc_kernel_base,1
5.907,5.928,52,active,13222245988011,13222245988032,slot0_x9_y4,0,9,4,TILE,THROUGHPUT_SECTION,/hdd/flapmax/tt-metal/tt_metal/hw/firmware/src/tt-1xx/trisck.cc,73,tile_fused:explicit_throughput,1
5.928,6.028,52,stall,13222245988032,13222245988132,slot0_x9_y4,0,9,4,TILE,TRISC-KERNEL,/hdd/flapmax/tt-metal/tt_metal/hw/firmware/src/tt-1xx/trisck.cc,73,tile_fused:trisc_kernel_base,1
6.028,6.047,52,active,13222245988132,13222245988151,slot0_x9_y4,0,9,4,TILE,THROUGHPUT_SECTION,/hdd/flapmax/tt-metal/tt_metal/hw/firmware/src/tt-1xx/trisck.cc,73,tile_fused:explicit_throughput,1
6.047,7.061,52,stall,13222245988151,13222245989165,slot0_x9_y4,0,9,4,TILE,TRISC-KERNEL,/hdd/flapmax/tt-metal/tt_metal/hw/firmware/src/tt-1xx/trisck.cc,73,tile_fused:trisc_kernel_base,1
7.061,7.115,52,active,13222245989165,13222245989219,slot0_x9_y4,0,9,4,TILE,THROUGHPUT_SECTION,/hdd/flapmax/tt-metal/tt_metal/hw/firmware/src/tt-1xx/trisck.cc,73,tile_fused:explicit_throughput,1
7.115,7.167,52,stall,13222245989219,13222245989271,slot0_x9_y4,0,9,4,TILE,TRISC-KERNEL,/hdd/flapmax/tt-metal/tt_metal/hw/firmware/src/tt-1xx/trisck.cc,73,tile_fused:trisc_kernel_base,1
7.167,7.189,52,active,13222245989271,13222245989293,slot0_x9_y4,0,9,4,TILE,THROUGHPUT_SECTION,/hdd/flapmax/tt-metal/tt_metal/hw/firmware/src/tt-1xx/trisck.cc,73,tile_fused:explicit_throughput,1
7.189,7.289,52,stall,13222245989293,13222245989393,slot0_x9_y4,0,9,4,TILE,TRISC-KERNEL,/hdd/flapmax/tt-metal/tt_metal/hw/firmware/src/tt-1xx/trisck.cc,73,tile_fused:trisc_kernel_base,1
7.289,7.308,52,active,13222245989393,13222245989412,slot0_x9_y4,0,9,4,TILE,THROUGHPUT_SECTION,/hdd/flapmax/tt-metal/tt_metal/hw/firmware/src/tt-1xx/trisck.cc,73,tile_fused:explicit_throughput,1
7.308,8.091,52,stall,13222245989412,13222245990195,slot0_x9_y4,0,9,4,TILE,TRISC-KERNEL,/hdd/flapmax/tt-metal/tt_metal/hw/firmware/src/tt-1xx/trisck.cc,73,tile_fused:trisc_kernel_base,1
8.091,8.139,52,active,13222245990195,13222245990243,slot0_x9_y4,0,9,4,TILE,THROUGHPUT_SECTION,/hdd/flapmax/tt-metal/tt_metal/hw/firmware/src/tt-1xx/trisck.cc,73,tile_fused:explicit_throughput,1
8.139,8.2,52,stall,13222245990243,13222245990304,slot0_x9_y4,0,9,4,TILE,TRISC-KERNEL,/hdd/flapmax/tt-metal/tt_metal/hw/firmware/src/tt-1xx/trisck.cc,73,tile_fused:trisc_kernel_base,1
8.2,8.221,52,active,13222245990304,13222245990325,slot0_x9_y4,0,9,4,TILE,THROUGHPUT_SECTION,/hdd/flapmax/tt-metal/tt_metal/hw/firmware/src/tt-1xx/trisck.cc,73,tile_fused:explicit_throughput,1
8.221,8.319,52,stall,13222245990325,13222245990423,slot0_x9_y4,0,9,4,TILE,TRISC-KERNEL,/hdd/flapmax/tt-metal/tt_metal/hw/firmware/src/tt-1xx/trisck.cc,73,tile_fused:trisc_kernel_base,1
8.319,8.338,52,active,13222245990423,13222245990442,slot0_x9_y4,0,9,4,TILE,THROUGHPUT_SECTION,/hdd/flapmax/tt-metal/tt_metal/hw/firmware/src/tt-1xx/trisck.cc,73,tile_fused:explicit_throughput,1
8.338,16.251,52,stall,13222245990442,13222245998355,slot0_x9_y4,0,9,4,TILE,TRISC-KERNEL,/hdd/flapmax/tt-metal/tt_metal/hw/firmware/src/tt-1xx/trisck.cc,73,tile_fused:trisc_kernel_base,1
16.251,16.305,52,active,13222245998355,13222245998409,slot0_x9_y4,0,9,4,TILE,THROUGHPUT_SECTION,/hdd/flapmax/tt-metal/tt_metal/hw/firmware/src/tt-1xx/trisck.cc,73,tile_fused:explicit_throughput,1
16.305,16.357,52,stall,13222245998409,13222245998461,slot0_x9_y4,0,9,4,TILE,TRISC-KERNEL,/hdd/flapmax/tt-metal/tt_metal/hw/firmware/src/tt-1xx/trisck.cc,73,tile_fused:trisc_kernel_base,1
16.357,16.379,52,active,13222245998461,13222245998483,slot0_x9_y4,0,9,4,TILE,THROUGHPUT_SECTION,/hdd/flapmax/tt-metal/tt_metal/hw/firmware/src/tt-1xx/trisck.cc,73,tile_fused:explicit_throughput,1
16.379,16.478,52,stall,13222245998483,13222245998582,slot0_x9_y4,0,9,4,TILE,TRISC-KERNEL,/hdd/flapmax/tt-metal/tt_metal/hw/firmware/src/tt-1xx/trisck.cc,73,tile_fused:trisc_kernel_base,1
16.478,16.497,52,active,13222245998582,13222245998601,slot0_x9_y4,0,9,4,TILE,THROUGHPUT_SECTION,/hdd/flapmax/tt-metal/tt_metal/hw/firmware/src/tt-1xx/trisck.cc,73,tile_fused:explicit_throughput,1
16.497,23.467,52,stall,13222245998601,13222246005571,slot0_x9_y4,0,9,4,TILE,TRISC-KERNEL,/hdd/flapmax/tt-metal/tt_metal/hw/firmware/src/tt-1xx/trisck.cc,73,tile_fused:trisc_kernel_base,1
23.467,23.514,52,active,13222246005571,13222246005618,slot0_x9_y4,0,9,4,TILE,THROUGHPUT_SECTION,/hdd/flapmax/tt-metal/tt_metal/hw/firmware/src/tt-1xx/trisck.cc,73,tile_fused:explicit_throughput,1
23.514,23.567,52,stall,13222246005618,13222246005671,slot0_x9_y4,0,9,4,TILE,TRISC-KERNEL,/hdd/flapmax/tt-metal/tt_metal/hw/firmware/src/tt-1xx/trisck.cc,73,tile_fused:trisc_kernel_base,1
23.567,23.588,52,active,13222246005671,13222246005692,slot0_x9_y4,0,9,4,TILE,THROUGHPUT_SECTION,/hdd/flapmax/tt-metal/tt_metal/hw/firmware/src/tt-1xx/trisck.cc,73,tile_fused:explicit_throughput,1
23.588,23.688,52,stall,13222246005692,13222246005792,slot0_x9_y4,0,9,4,TILE,TRISC-KERNEL,/hdd/flapmax/tt-metal/tt_metal/hw/firmware/src/tt-1xx/trisck.cc,73,tile_fused:trisc_kernel_base,1
23.688,23.708,52,active,13222246005792,13222246005812,slot0_x9_y4,0,9,4,TILE,THROUGHPUT_SECTION,/hdd/flapmax/tt-metal/tt_metal/hw/firmware/src/tt-1xx/trisck.cc,73,tile_fused:explicit_throughput,1
23.708,24.586,52,stall,13222246005812,13222246006690,slot0_x9_y4,0,9,4,TILE,TRISC-KERNEL,/hdd/flapmax/tt-metal/tt_metal/hw/firmware/src/tt-1xx/trisck.cc,73,tile_fused:trisc_kernel_base,1
24.586,24.64,52,active,13222246006690,13222246006744,slot0_x9_y4,0,9,4,TILE,THROUGHPUT_SECTION,/hdd/flapmax/tt-metal/tt_metal/hw/firmware/src/tt-1xx/trisck.cc,73,tile_fused:explicit_throughput,1
24.64,25.312,52,stall,13222246006744,13222246007416,slot0_x9_y4,0,9,4,TILE,TRISC-KERNEL,/hdd/flapmax/tt-metal/tt_metal/hw/firmware/src/tt-1xx/trisck.cc,73,tile_fused:trisc_kernel_base,1
25.312,25.359,52,active,13222246007416,13222246007463,slot0_x9_y4,0,9,4,TILE,THROUGHPUT_SECTION,/hdd/flapmax/tt-metal/tt_metal/hw/firmware/src/tt-1xx/trisck.cc,73,tile_fused:explicit_throughput,1
25.359,26.123,52,stall,13222246007463,13222246008227,slot0_x9_y4,0,9,4,TILE,TRISC-KERNEL,/hdd/flapmax/tt-metal/tt_metal/hw/firmware/src/tt-1xx/trisck.cc,73,tile_fused:trisc_kernel_base,1
0.103,0.289,53,stall,13222245982207,13222245982393,slot0_x9_y5,0,9,5,TILE,TRISC-KERNEL,/hdd/flapmax/tt-metal/tt_metal/hw/firmware/src/tt-1xx/trisck.cc,73,tile_fused:trisc_kernel_base,1
0.289,0.311,53,active,13222245982393,13222245982415,slot0_x9_y5,0,9,5,TILE,THROUGHPUT_SECTION,/hdd/flapmax/tt-metal/tt_metal/hw/firmware/src/tt-1xx/trisck.cc,73,tile_fused:explicit_throughput,1
0.311,0.345,53,stall,13222245982415,13222245982449,slot0_x9_y5,0,9,5,TILE,TRISC-KERNEL,/hdd/flapmax/tt-metal/tt_metal/hw/firmware/src/tt-1xx/trisck.cc,73,tile_fused:trisc_kernel_base,1
0.345,0.366,53,active,13222245982449,13222245982470,slot0_x9_y5,0,9,5,TILE,THROUGHPUT_SECTION,/hdd/flapmax/tt-metal/tt_metal/hw/firmware/src/tt-1xx/trisck.cc,73,tile_fused:explicit_throughput,1
0.366,0.54,53,stall,13222245982470,13222245982644,slot0_x9_y5,0,9,5,TILE,TRISC-KERNEL,/hdd/flapmax/tt-metal/tt_metal/hw/firmware/src/tt-1xx/trisck.cc,73,tile_fused:trisc_kernel_base,1
0.54,0.559,53,active,13222245982644,13222245982663,slot0_x9_y5,0,9,5,TILE,THROUGHPUT_SECTION,/hdd/flapmax/tt-metal/tt_metal/hw/firmware/src/tt-1xx/trisck.cc,73,tile_fused:explicit_throughput,1
0.559,0.671,53,stall,13222245982663,13222245982775,slot0_x9_y5,0,9,5,TILE,TRISC-KERNEL,/hdd/flapmax/tt-metal/tt_metal/hw/firmware/src/tt-1xx/trisck.cc,73,tile_fused:trisc_kernel_base,1
0.671,0.69,53,active,13222245982775,13222245982794,slot0_x9_y5,0,9,5,TILE,THROUGHPUT_SECTION,/hdd/flapmax/tt-metal/tt_metal/hw/firmware/src/tt-1xx/trisck.cc,73,tile_fused:explicit_throughput,1
0.69,1.501,53,stall,13222245982794,13222245983605,slot0_x9_y5,0,9,5,TILE,TRISC-KERNEL,/hdd/flapmax/tt-metal/tt_metal/hw/firmware/src/tt-1xx/trisck.cc,73,tile_fused:trisc_kernel_base,1
1.501,1.547,53,active,13222245983605,13222245983651,slot0_x9_y5,0,9,5,TILE,THROUGHPUT_SECTION,/hdd/flapmax/tt-metal/tt_metal/hw/firmware/src/tt-1xx/trisck.cc,73,tile_fused:explicit_throughput,1
1.547,1.601,53,stall,13222245983651,13222245983705,slot0_x9_y5,0,9,5,TILE,TRISC-KERNEL,/hdd/flapmax/tt-metal/tt_metal/hw/firmware/src/tt-1xx/trisck.cc,73,tile_fused:trisc_kernel_base,1
1.601,1.625,53,active,13222245983705,13222245983729,slot0_x9_y5,0,9,5,TILE,THROUGHPUT_SECTION,/hdd/flapmax/tt-metal/tt_metal/hw/firmware/src/tt-1xx/trisck.cc,73,tile_fused:explicit_throughput,1
1.625,1.723,53,stall,13222245983729,13222245983827,slot0_x9_y5,0,9,5,TILE,TRISC-KERNEL,/hdd/flapmax/tt-metal/tt_metal/hw/firmware/src/tt-1xx/trisck.cc,73,tile_fused:trisc_kernel_base,1
1.723,1.742,53,active,13222245983827,13222245983846,slot0_x9_y5,0,9,5,TILE,THROUGHPUT_SECTION,/hdd/flapmax/tt-metal/tt_metal/hw/firmware/src/tt-1xx/trisck.cc,73,tile_fused:explicit_throughput,1
1.742,2.555,53,stall,13222245983846,13222245984659,slot0_x9_y5,0,9,5,TILE,TRISC-KERNEL,/hdd/flapmax/tt-metal/tt_metal/hw/firmware/src/tt-1xx/trisck.cc,73,tile_fused:trisc_kernel_base,1
2.555,2.615,53,active,13222245984659,13222245984719,slot0_x9_y5,0,9,5,TILE,THROUGHPUT_SECTION,/hdd/flapmax/tt-metal/tt_metal/hw/firmware/src/tt-1xx/trisck.cc,73,tile_fused:explicit_throughput,1
2.615,2.669,53,stall,13222245984719,13222245984773,slot0_x9_y5,0,9,5,TILE,TRISC-KERNEL,/hdd/flapmax/tt-metal/tt_metal/hw/firmware/src/tt-1xx/trisck.cc,73,tile_fused:trisc_kernel_base,1
2.669,2.69,53,active,13222245984773,13222245984794,slot0_x9_y5,0,9,5,TILE,THROUGHPUT_SECTION,/hdd/flapmax/tt-metal/tt_metal/hw/firmware/src/tt-1xx/trisck.cc,73,tile_fused:explicit_throughput,1
2.69,2.79,53,stall,13222245984794,13222245984894,slot0_x9_y5,0,9,5,TILE,TRISC-KERNEL,/hdd/flapmax/tt-metal/tt_metal/hw/firmware/src/tt-1xx/trisck.cc,73,tile_fused:trisc_kernel_base,1
2.79,2.81,53,active,13222245984894,13222245984914,slot0_x9_y5,0,9,5,TILE,THROUGHPUT_SECTION,/hdd/flapmax/tt-metal/tt_metal/hw/firmware/src/tt-1xx/trisck.cc,73,tile_fused:explicit_throughput,1
2.81,3.748,53,stall,13222245984914,13222245985852,slot0_x9_y5,0,9,5,TILE,TRISC-KERNEL,/hdd/flapmax/tt-metal/tt_metal/hw/firmware/src/tt-1xx/trisck.cc,73,tile_fused:trisc_kernel_base,1
3.748,3.795,53,active,13222245985852,13222245985899,slot0_x9_y5,0,9,5,TILE,THROUGHPUT_SECTION,/hdd/flapmax/tt-metal/tt_metal/hw/firmware/src/tt-1xx/trisck.cc,73,tile_fused:explicit_throughput,1
3.795,3.859,53,stall,13222245985899,13222245985963,slot0_x9_y5,0,9,5,TILE,TRISC-KERNEL,/hdd/flapmax/tt-metal/tt_metal/hw/firmware/src/tt-1xx/trisck.cc,73,tile_fused:trisc_kernel_base,1
3.859,3.881,53,active,13222245985963,13222245985985,slot0_x9_y5,0,9,5,TILE,THROUGHPUT_SECTION,/hdd/flapmax/tt-metal/tt_metal/hw/firmware/src/tt-1xx/trisck.cc,73,tile_fused:explicit_throughput,1
3.881,3.977,53,stall,13222245985985,13222245986081,slot0_x9_y5,0,9,5,TILE,TRISC-KERNEL,/hdd/flapmax/tt-metal/tt_metal/hw/firmware/src/tt-1xx/trisck.cc,73,tile_fused:trisc_kernel_base,1
3.977,3.996,53,active,13222245986081,13222245986100,slot0_x9_y5,0,9,5,TILE,THROUGHPUT_SECTION,/hdd/flapmax/tt-metal/tt_metal/hw/firmware/src/tt-1xx/trisck.cc,73,tile_fused:explicit_throughput,1
3.996,12.362,53,stall,13222245986100,13222245994466,slot0_x9_y5,0,9,5,TILE,TRISC-KERNEL,/hdd/flapmax/tt-metal/tt_metal/hw/firmware/src/tt-1xx/trisck.cc,73,tile_fused:trisc_kernel_base,1
12.362,12.416,53,active,13222245994466,13222245994520,slot0_x9_y5,0,9,5,TILE,THROUGHPUT_SECTION,/hdd/flapmax/tt-metal/tt_metal/hw/firmware/src/tt-1xx/trisck.cc,73,tile_fused:explicit_throughput,1
12.416,12.471,53,stall,13222245994520,13222245994575,slot0_x9_y5,0,9,5,TILE,TRISC-KERNEL,/hdd/flapmax/tt-metal/tt_metal/hw/firmware/src/tt-1xx/trisck.cc,73,tile_fused:trisc_kernel_base,1
12.471,12.493,53,active,13222245994575,13222245994597,slot0_x9_y5,0,9,5,TILE,THROUGHPUT_SECTION,/hdd/flapmax/tt-metal/tt_metal/hw/firmware/src/tt-1xx/trisck.cc,73,tile_fused:explicit_throughput,1
12.493,12.591,53,stall,13222245994597,13222245994695,slot0_x9_y5,0,9,5,TILE,TRISC-KERNEL,/hdd/flapmax/tt-metal/tt_metal/hw/firmware/src/tt-1xx/trisck.cc,73,tile_fused:trisc_kernel_base,1
12.591,12.611,53,active,13222245994695,13222245994715,slot0_x9_y5,0,9,5,TILE,THROUGHPUT_SECTION,/hdd/flapmax/tt-metal/tt_metal/hw/firmware/src/tt-1xx/trisck.cc,73,tile_fused:explicit_throughput,1
12.611,20.043,53,stall,13222245994715,13222246002147,slot0_x9_y5,0,9,5,TILE,TRISC-KERNEL,/hdd/flapmax/tt-metal/tt_metal/hw/firmware/src/tt-1xx/trisck.cc,73,tile_fused:trisc_kernel_base,1
20.043,20.09,53,active,13222246002147,13222246002194,slot0_x9_y5,0,9,5,TILE,THROUGHPUT_SECTION,/hdd/flapmax/tt-metal/tt_metal/hw/firmware/src/tt-1xx/trisck.cc,73,tile_fused:explicit_throughput,1
20.09,20.143,53,stall,13222246002194,13222246002247,slot0_x9_y5,0,9,5,TILE,TRISC-KERNEL,/hdd/flapmax/tt-metal/tt_metal/hw/firmware/src/tt-1xx/trisck.cc,73,tile_fused:trisc_kernel_base,1
20.143,20.164,53,active,13222246002247,13222246002268,slot0_x9_y5,0,9,5,TILE,THROUGHPUT_SECTION,/hdd/flapmax/tt-metal/tt_metal/hw/firmware/src/tt-1xx/trisck.cc,73,tile_fused:explicit_throughput,1
20.164,20.264,53,stall,13222246002268,13222246002368,slot0_x9_y5,0,9,5,TILE,TRISC-KERNEL,/hdd/flapmax/tt-metal/tt_metal/hw/firmware/src/tt-1xx/trisck.cc,73,tile_fused:trisc_kernel_base,1
20.264,20.284,53,active,13222246002368,13222246002388,slot0_x9_y5,0,9,5,TILE,THROUGHPUT_SECTION,/hdd/flapmax/tt-metal/tt_metal/hw/firmware/src/tt-1xx/trisck.cc,73,tile_fused:explicit_throughput,1
20.284,20.773,53,stall,13222246002388,13222246002877,slot0_x9_y5,0,9,5,TILE,TRISC-KERNEL,/hdd/flapmax/tt-metal/tt_metal/hw/firmware/src/tt-1xx/trisck.cc,73,tile_fused:trisc_kernel_base,1
20.773,20.827,53,active,13222246002877,13222246002931,slot0_x9_y5,0,9,5,TILE,THROUGHPUT_SECTION,/hdd/flapmax/tt-metal/tt_metal/hw/firmware/src/tt-1xx/trisck.cc,73,tile_fused:explicit_throughput,1
20.827,20.879,53,stall,13222246002931,13222246002983,slot0_x9_y5,0,9,5,TILE,TRISC-KERNEL,/hdd/flapmax/tt-metal/tt_metal/hw/firmware/src/tt-1xx/trisck.cc,73,tile_fused:trisc_kernel_base,1
20.879,20.901,53,active,13222246002983,13222246003005,slot0_x9_y5,0,9,5,TILE,THROUGHPUT_SECTION,/hdd/flapmax/tt-metal/tt_metal/hw/firmware/src/tt-1xx/trisck.cc,73,tile_fused:explicit_throughput,1
20.901,21.001,53,stall,13222246003005,13222246003105,slot0_x9_y5,0,9,5,TILE,TRISC-KERNEL,/hdd/flapmax/tt-metal/tt_metal/hw/firmware/src/tt-1xx/trisck.cc,73,tile_fused:trisc_kernel_base,1
21.001,21.02,53,active,13222246003105,13222246003124,slot0_x9_y5,0,9,5,TILE,THROUGHPUT_SECTION,/hdd/flapmax/tt-metal/tt_metal/hw/firmware/src/tt-1xx/trisck.cc,73,tile_fused:explicit_throughput,1
21.02,21.662,53,stall,13222246003124,13222246003766,slot0_x9_y5,0,9,5,TILE,TRISC-KERNEL,/hdd/flapmax/tt-metal/tt_metal/hw/firmware/src/tt-1xx/trisck.cc,73,tile_fused:trisc_kernel_base,1
21.662,21.709,53,active,13222246003766,13222246003813,slot0_x9_y5,0,9,5,TILE,THROUGHPUT_SECTION,/hdd/flapmax/tt-metal/tt_metal/hw/firmware/src/tt-1xx/trisck.cc,73,tile_fused:explicit_throughput,1
21.709,21.769,53,stall,13222246003813,13222246003873,slot0_x9_y5,0,9,5,TILE,TRISC-KERNEL,/hdd/flapmax/tt-metal/tt_metal/hw/firmware/src/tt-1xx/trisck.cc,73,tile_fused:trisc_kernel_base,1
21.769,21.791,53,active,13222246003873,13222246003895,slot0_x9_y5,0,9,5,TILE,THROUGHPUT_SECTION,/hdd/flapmax/tt-metal/tt_metal/hw/firmware/src/tt-1xx/trisck.cc,73,tile_fused:explicit_throughput,1
21.791,21.889,53,stall,13222246003895,13222246003993,slot0_x9_y5,0,9,5,TILE,TRISC-KERNEL,/hdd/flapmax/tt-metal/tt_metal/hw/firmware/src/tt-1xx/trisck.cc,73,tile_fused:trisc_kernel_base,1
21.889,21.908,53,active,13222246003993,13222246004012,slot0_x9_y5,0,9,5,TILE,THROUGHPUT_SECTION,/hdd/flapmax/tt-metal/tt_metal/hw/firmware/src/tt-1xx/trisck.cc,73,tile_fused:explicit_throughput,1
21.908,22.341,53,stall,13222246004012,13222246004445,slot0_x9_y5,0,9,5,TILE,TRISC-KERNEL,/hdd/flapmax/tt-metal/tt_metal/hw/firmware/src/tt-1xx/trisck.cc,73,tile_fused:trisc_kernel_base,1
22.341,22.395,53,active,13222246004445,13222246004499,slot0_x9_y5,0,9,5,TILE,THROUGHPUT_SECTION,/hdd/flapmax/tt-metal/tt_metal/hw/firmware/src/tt-1xx/trisck.cc,73,tile_fused:explicit_throughput,1
22.395,22.447,53,stall,13222246004499,13222246004551,slot0_x9_y5,0,9,5,TILE,TRISC-KERNEL,/hdd/flapmax/tt-metal/tt_metal/hw/firmware/src/tt-1xx/trisck.cc,73,tile_fused:trisc_kernel_base,1
22.447,22.469,53,active,13222246004551,13222246004573,slot0_x9_y5,0,9,5,TILE,THROUGHPUT_SECTION,/hdd/flapmax/tt-metal/tt_metal/hw/firmware/src/tt-1xx/trisck.cc,73,tile_fused:explicit_throughput,1
22.469,22.568,53,stall,13222246004573,13222246004672,slot0_x9_y5,0,9,5,TILE,TRISC-KERNEL,/hdd/flapmax/tt-metal/tt_metal/hw/firmware/src/tt-1xx/trisck.cc,73,tile_fused:trisc_kernel_base,1
22.568,22.587,53,active,13222246004672,13222246004691,slot0_x9_y5,0,9,5,TILE,THROUGHPUT_SECTION,/hdd/flapmax/tt-metal/tt_metal/hw/firmware/src/tt-1xx/trisck.cc,73,tile_fused:explicit_throughput,1
22.587,23.145,53,stall,13222246004691,13222246005249,slot0_x9_y5,0,9,5,TILE,TRISC-KERNEL,/hdd/flapmax/tt-metal/tt_metal/hw/firmware/src/tt-1xx/trisck.cc,73,tile_fused:trisc_kernel_base,1
23.145,23.192,53,active,13222246005249,13222246005296,slot0_x9_y5,0,9,5,TILE,THROUGHPUT_SECTION,/hdd/flapmax/tt-metal/tt_metal/hw/firmware/src/tt-1xx/trisck.cc,73,tile_fused:explicit_throughput,1
23.192,23.245,53,stall,13222246005296,13222246005349,slot0_x9_y5,0,9,5,TILE,TRISC-KERNEL,/hdd/flapmax/tt-metal/tt_metal/hw/firmware/src/tt-1xx/trisck.cc,73,tile_fused:trisc_kernel_base,1
23.245,23.266,53,active,13222246005349,13222246005370,slot0_x9_y5,0,9,5,TILE,THROUGHPUT_SECTION,/hdd/flapmax/tt-metal/tt_metal/hw/firmware/src/tt-1xx/trisck.cc,73,tile_fused:explicit_throughput,1
23.266,23.366,53,stall,13222246005370,13222246005470,slot0_x9_y5,0,9,5,TILE,TRISC-KERNEL,/hdd/flapmax/tt-metal/tt_metal/hw/firmware/src/tt-1xx/trisck.cc,73,tile_fused:trisc_kernel_base,1
23.366,23.385,53,active,13222246005470,13222246005489,slot0_x9_y5,0,9,5,TILE,THROUGHPUT_SECTION,/hdd/flapmax/tt-metal/tt_metal/hw/firmware/src/tt-1xx/trisck.cc,73,tile_fused:explicit_throughput,1
23.385,24.058,53,stall,13222246005489,13222246006162,slot0_x9_y5,0,9,5,TILE,TRISC-KERNEL,/hdd/flapmax/tt-metal/tt_metal/hw/firmware/src/tt-1xx/trisck.cc,73,tile_fused:trisc_kernel_base,1
24.058,24.112,53,active,13222246006162,13222246006216,slot0_x9_y5,0,9,5,TILE,THROUGHPUT_SECTION,/hdd/flapmax/tt-metal/tt_metal/hw/firmware/src/tt-1xx/trisck.cc,73,tile_fused:explicit_throughput,1
24.112,24.724,53,stall,13222246006216,13222246006828,slot0_x9_y5,0,9,5,TILE,TRISC-KERNEL,/hdd/flapmax/tt-metal/tt_metal/hw/firmware/src/tt-1xx/trisck.cc,73,tile_fused:trisc_kernel_base,1
24.724,24.771,53,active,13222246006828,13222246006875,slot0_x9_y5,0,9,5,TILE,THROUGHPUT_SECTION,/hdd/flapmax/tt-metal/tt_metal/hw/firmware/src/tt-1xx/trisck.cc,73,tile_fused:explicit_throughput,1
24.771,25.498,53,stall,13222246006875,13222246007602,slot0_x9_y5,0,9,5,TILE,TRISC-KERNEL,/hdd/flapmax/tt-metal/tt_metal/hw/firmware/src/tt-1xx/trisck.cc,73,tile_fused:trisc_kernel_base,1
0.107,0.291,54,stall,13222245982211,13222245982395,slot0_x9_y7,0,9,7,TILE,TRISC-KERNEL,/hdd/flapmax/tt-metal/tt_metal/hw/firmware/src/tt-1xx/trisck.cc,73,tile_fused:trisc_kernel_base,1
0.291,0.312,54,active,13222245982395,13222245982416,slot0_x9_y7,0,9,7,TILE,THROUGHPUT_SECTION,/hdd/flapmax/tt-metal/tt_metal/hw/firmware/src/tt-1xx/trisck.cc,73,tile_fused:explicit_throughput,1
0.312,0.35,54,stall,13222245982416,13222245982454,slot0_x9_y7,0,9,7,TILE,TRISC-KERNEL,/hdd/flapmax/tt-metal/tt_metal/hw/firmware/src/tt-1xx/trisck.cc,73,tile_fused:trisc_kernel_base,1
0.35,0.371,54,active,13222245982454,13222245982475,slot0_x9_y7,0,9,7,TILE,THROUGHPUT_SECTION,/hdd/flapmax/tt-metal/tt_metal/hw/firmware/src/tt-1xx/trisck.cc,73,tile_fused:explicit_throughput,1
0.371,0.553,54,stall,13222245982475,13222245982657,slot0_x9_y7,0,9,7,TILE,TRISC-KERNEL,/hdd/flapmax/tt-metal/tt_metal/hw/firmware/src/tt-1xx/trisck.cc,73,tile_fused:trisc_kernel_base,1
0.553,0.573,54,active,13222245982657,13222245982677,slot0_x9_y7,0,9,7,TILE,THROUGHPUT_SECTION,/hdd/flapmax/tt-metal/tt_metal/hw/firmware/src/tt-1xx/trisck.cc,73,tile_fused:explicit_throughput,1
0.573,0.684,54,stall,13222245982677,13222245982788,slot0_x9_y7,0,9,7,TILE,TRISC-KERNEL,/hdd/flapmax/tt-metal/tt_metal/hw/firmware/src/tt-1xx/trisck.cc,73,tile_fused:trisc_kernel_base,1
0.684,0.704,54,active,13222245982788,13222245982808,slot0_x9_y7,0,9,7,TILE,THROUGHPUT_SECTION,/hdd/flapmax/tt-metal/tt_metal/hw/firmware/src/tt-1xx/trisck.cc,73,tile_fused:explicit_throughput,1
0.704,2.858,54,stall,13222245982808,13222245984962,slot0_x9_y7,0,9,7,TILE,TRISC-KERNEL,/hdd/flapmax/tt-metal/tt_metal/hw/firmware/src/tt-1xx/trisck.cc,73,tile_fused:trisc_kernel_base,1
2.858,2.904,54,active,13222245984962,13222245985008,slot0_x9_y7,0,9,7,TILE,THROUGHPUT_SECTION,/hdd/flapmax/tt-metal/tt_metal/hw/firmware/src/tt-1xx/trisck.cc,73,tile_fused:explicit_throughput,1
2.904,2.958,54,stall,13222245985008,13222245985062,slot0_x9_y7,0,9,7,TILE,TRISC-KERNEL,/hdd/flapmax/tt-metal/tt_metal/hw/firmware/src/tt-1xx/trisck.cc,73,tile_fused:trisc_kernel_base,1
2.958,2.982,54,active,13222245985062,13222245985086,slot0_x9_y7,0,9,7,TILE,THROUGHPUT_SECTION,/hdd/flapmax/tt-metal/tt_metal/hw/firmware/src/tt-1xx/trisck.cc,73,tile_fused:explicit_throughput,1
2.982,3.08,54,stall,13222245985086,13222245985184,slot0_x9_y7,0,9,7,TILE,TRISC-KERNEL,/hdd/flapmax/tt-metal/tt_metal/hw/firmware/src/tt-1xx/trisck.cc,73,tile_fused:trisc_kernel_base,1
3.08,3.099,54,active,13222245985184,13222245985203,slot0_x9_y7,0,9,7,TILE,THROUGHPUT_SECTION,/hdd/flapmax/tt-metal/tt_metal/hw/firmware/src/tt-1xx/trisck.cc,73,tile_fused:explicit_throughput,1
3.099,10.102,54,stall,13222245985203,13222245992206,slot0_x9_y7,0,9,7,TILE,TRISC-KERNEL,/hdd/flapmax/tt-metal/tt_metal/hw/firmware/src/tt-1xx/trisck.cc,73,tile_fused:trisc_kernel_base,1
10.102,10.161,54,active,13222245992206,13222245992265,slot0_x9_y7,0,9,7,TILE,THROUGHPUT_SECTION,/hdd/flapmax/tt-metal/tt_metal/hw/firmware/src/tt-1xx/trisck.cc,73,tile_fused:explicit_throughput,1
10.161,10.215,54,stall,13222245992265,13222245992319,slot0_x9_y7,0,9,7,TILE,TRISC-KERNEL,/hdd/flapmax/tt-metal/tt_metal/hw/firmware/src/tt-1xx/trisck.cc,73,tile_fused:trisc_kernel_base,1
10.215,10.236,54,active,13222245992319,13222245992340,slot0_x9_y7,0,9,7,TILE,THROUGHPUT_SECTION,/hdd/flapmax/tt-metal/tt_metal/hw/firmware/src/tt-1xx/trisck.cc,73,tile_fused:explicit_throughput,1
10.236,10.336,54,stall,13222245992340,13222245992440,slot0_x9_y7,0,9,7,TILE,TRISC-KERNEL,/hdd/flapmax/tt-metal/tt_metal/hw/firmware/src/tt-1xx/trisck.cc,73,tile_fused:trisc_kernel_base,1
10.336,10.356,54,active,13222245992440,13222245992460,slot0_x9_y7,0,9,7,TILE,THROUGHPUT_SECTION,/hdd/flapmax/tt-metal/tt_metal/hw/firmware/src/tt-1xx/trisck.cc,73,tile_fused:explicit_throughput,1
10.356,10.603,54,stall,13222245992460,13222245992707,slot0_x9_y7,0,9,7,TILE,TRISC-KERNEL,/hdd/flapmax/tt-metal/tt_metal/hw/firmware/src/tt-1xx/trisck.cc,73,tile_fused:trisc_kernel_base,1
10.603,10.65,54,active,13222245992707,13222245992754,slot0_x9_y7,0,9,7,TILE,THROUGHPUT_SECTION,/hdd/flapmax/tt-metal/tt_metal/hw/firmware/src/tt-1xx/trisck.cc,73,tile_fused:explicit_throughput,1
10.65,10.712,54,stall,13222245992754,13222245992816,slot0_x9_y7,0,9,7,TILE,TRISC-KERNEL,/hdd/flapmax/tt-metal/tt_metal/hw/firmware/src/tt-1xx/trisck.cc,73,tile_fused:trisc_kernel_base,1
10.712,10.734,54,active,13222245992816,13222245992838,slot0_x9_y7,0,9,7,TILE,THROUGHPUT_SECTION,/hdd/flapmax/tt-metal/tt_metal/hw/firmware/src/tt-1xx/trisck.cc,73,tile_fused:explicit_throughput,1
10.734,10.834,54,stall,13222245992838,13222245992938,slot0_x9_y7,0,9,7,TILE,TRISC-KERNEL,/hdd/flapmax/tt-metal/tt_metal/hw/firmware/src/tt-1xx/trisck.cc,73,tile_fused:trisc_kernel_base,1
10.834,10.853,54,active,13222245992938,13222245992957,slot0_x9_y7,0,9,7,TILE,THROUGHPUT_SECTION,/hdd/flapmax/tt-metal/tt_metal/hw/firmware/src/tt-1xx/trisck.cc,73,tile_fused:explicit_throughput,1
10.853,11.416,54,stall,13222245992957,13222245993520,slot0_x9_y7,0,9,7,TILE,TRISC-KERNEL,/hdd/flapmax/tt-metal/tt_metal/hw/firmware/src/tt-1xx/trisck.cc,73,tile_fused:trisc_kernel_base,1
11.416,11.47,54,active,13222245993520,13222245993574,slot0_x9_y7,0,9,7,TILE,THROUGHPUT_SECTION,/hdd/flapmax/tt-metal/tt_metal/hw/firmware/src/tt-1xx/trisck.cc,73,tile_fused:explicit_throughput,1
11.47,11.524,54,stall,13222245993574,13222245993628,slot0_x9_y7,0,9,7,TILE,TRISC-KERNEL,/hdd/flapmax/tt-metal/tt_metal/hw/firmware/src/tt-1xx/trisck.cc,73,tile_fused:trisc_kernel_base,1
11.524,11.545,54,active,13222245993628,13222245993649,slot0_x9_y7,0,9,7,TILE,THROUGHPUT_SECTION,/hdd/flapmax/tt-metal/tt_metal/hw/firmware/src/tt-1xx/trisck.cc,73,tile_fused:explicit_throughput,1
11.545,11.645,54,stall,13222245993649,13222245993749,slot0_x9_y7,0,9,7,TILE,TRISC-KERNEL,/hdd/flapmax/tt-metal/tt_metal/hw/firmware/src/tt-1xx/trisck.cc,73,tile_fused:trisc_kernel_base,1
11.645,11.665,54,active,13222245993749,13222245993769,slot0_x9_y7,0,9,7,TILE,THROUGHPUT_SECTION,/hdd/flapmax/tt-metal/tt_metal/hw/firmware/src/tt-1xx/trisck.cc,73,tile_fused:explicit_throughput,1
11.665,12.222,54,stall,13222245993769,13222245994326,slot0_x9_y7,0,9,7,TILE,TRISC-KERNEL,/hdd/flapmax/tt-metal/tt_metal/hw/firmware/src/tt-1xx/trisck.cc,73,tile_fused:trisc_kernel_base,1
12.222,12.27,54,active,13222245994326,13222245994374,slot0_x9_y7,0,9,7,TILE,THROUGHPUT_SECTION,/hdd/flapmax/tt-metal/tt_metal/hw/firmware/src/tt-1xx/trisck.cc,73,tile_fused:explicit_throughput,1
12.27,12.322,54,stall,13222245994374,13222245994426,slot0_x9_y7,0,9,7,TILE,TRISC-KERNEL,/hdd/flapmax/tt-metal/tt_metal/hw/firmware/src/tt-1xx/trisck.cc,73,tile_fused:trisc_kernel_base,1
12.322,12.345,54,active,13222245994426,13222245994449,slot0_x9_y7,0,9,7,TILE,THROUGHPUT_SECTION,/hdd/flapmax/tt-metal/tt_metal/hw/firmware/src/tt-1xx/trisck.cc,73,tile_fused:explicit_throughput,1
12.345,12.443,54,stall,13222245994449,13222245994547,slot0_x9_y7,0,9,7,TILE,TRISC-KERNEL,/hdd/flapmax/tt-metal/tt_metal/hw/firmware/src/tt-1xx/trisck.cc,73,tile_fused:trisc_kernel_base,1
12.443,12.462,54,active,13222245994547,13222245994566,slot0_x9_y7,0,9,7,TILE,THROUGHPUT_SECTION,/hdd/flapmax/tt-metal/tt_metal/hw/firmware/src/tt-1xx/trisck.cc,73,tile_fused:explicit_throughput,1
12.462,12.865,54,stall,13222245994566,13222245994969,slot0_x9_y7,0,9,7,TILE,TRISC-KERNEL,/hdd/flapmax/tt-metal/tt_metal/hw/firmware/src/tt-1xx/trisck.cc,73,tile_fused:trisc_kernel_base,1
12.865,12.92,54,active,13222245994969,13222245995024,slot0_x9_y7,0,9,7,TILE,THROUGHPUT_SECTION,/hdd/flapmax/tt-metal/tt_metal/hw/firmware/src/tt-1xx/trisck.cc,73,tile_fused:explicit_throughput,1
12.92,12.972,54,stall,13222245995024,13222245995076,slot0_x9_y7,0,9,7,TILE,TRISC-KERNEL,/hdd/flapmax/tt-metal/tt_metal/hw/firmware/src/tt-1xx/trisck.cc,73,tile_fused:trisc_kernel_base,1
12.972,12.994,54,active,13222245995076,13222245995098,slot0_x9_y7,0,9,7,TILE,THROUGHPUT_SECTION,/hdd/flapmax/tt-metal/tt_metal/hw/firmware/src/tt-1xx/trisck.cc,73,tile_fused:explicit_throughput,1
12.994,13.094,54,stall,13222245995098,13222245995198,slot0_x9_y7,0,9,7,TILE,TRISC-KERNEL,/hdd/flapmax/tt-metal/tt_metal/hw/firmware/src/tt-1xx/trisck.cc,73,tile_fused:trisc_kernel_base,1
13.094,13.113,54,active,13222245995198,13222245995217,slot0_x9_y7,0,9,7,TILE,THROUGHPUT_SECTION,/hdd/flapmax/tt-metal/tt_metal/hw/firmware/src/tt-1xx/trisck.cc,73,tile_fused:explicit_throughput,1
13.113,13.737,54,stall,13222245995217,13222245995841,slot0_x9_y7,0,9,7,TILE,TRISC-KERNEL,/hdd/flapmax/tt-metal/tt_metal/hw/firmware/src/tt-1xx/trisck.cc,73,tile_fused:trisc_kernel_base,1
13.737,13.784,54,active,13222245995841,13222245995888,slot0_x9_y7,0,9,7,TILE,THROUGHPUT_SECTION,/hdd/flapmax/tt-metal/tt_metal/hw/firmware/src/tt-1xx/trisck.cc,73,tile_fused:explicit_throughput,1
13.784,13.844,54,stall,13222245995888,13222245995948,slot0_x9_y7,0,9,7,TILE,TRISC-KERNEL,/hdd/flapmax/tt-metal/tt_metal/hw/firmware/src/tt-1xx/trisck.cc,73,tile_fused:trisc_kernel_base,1
13.844,13.866,54,active,13222245995948,13222245995970,slot0_x9_y7,0,9,7,TILE,THROUGHPUT_SECTION,/hdd/flapmax/tt-metal/tt_metal/hw/firmware/src/tt-1xx/trisck.cc,73,tile_fused:explicit_throughput,1
13.866,13.964,54,stall,13222245995970,13222245996068,slot0_x9_y7,0,9,7,TILE,TRISC-KERNEL,/hdd/flapmax/tt-metal/tt_metal/hw/firmware/src/tt-1xx/trisck.cc,73,tile_fused:trisc_kernel_base,1
13.964,13.983,54,active,13222245996068,13222245996087,slot0_x9_y7,0,9,7,TILE,THROUGHPUT_SECTION,/hdd/flapmax/tt-metal/tt_metal/hw/firmware/src/tt-1xx/trisck.cc,73,tile_fused:explicit_throughput,1
13.983,14.55,54,stall,13222245996087,13222245996654,slot0_x9_y7,0,9,7,TILE,TRISC-KERNEL,/hdd/flapmax/tt-metal/tt_metal/hw/firmware/src/tt-1xx/trisck.cc,73,tile_fused:trisc_kernel_base,1
14.55,14.604,54,active,13222245996654,13222245996708,slot0_x9_y7,0,9,7,TILE,THROUGHPUT_SECTION,/hdd/flapmax/tt-metal/tt_metal/hw/firmware/src/tt-1xx/trisck.cc,73,tile_fused:explicit_throughput,1
14.604,14.656,54,stall,13222245996708,13222245996760,slot0_x9_y7,0,9,7,TILE,TRISC-KERNEL,/hdd/flapmax/tt-metal/tt_metal/hw/firmware/src/tt-1xx/trisck.cc,73,tile_fused:trisc_kernel_base,1
14.656,14.678,54,active,13222245996760,13222245996782,slot0_x9_y7,0,9,7,TILE,THROUGHPUT_SECTION,/hdd/flapmax/tt-metal/tt_metal/hw/firmware/src/tt-1xx/trisck.cc,73,tile_fused:explicit_throughput,1
14.678,14.777,54,stall,13222245996782,13222245996881,slot0_x9_y7,0,9,7,TILE,TRISC-KERNEL,/hdd/flapmax/tt-metal/tt_metal/hw/firmware/src/tt-1xx/trisck.cc,73,tile_fused:trisc_kernel_base,1
14.777,14.797,54,active,13222245996881,13222245996901,slot0_x9_y7,0,9,7,TILE,THROUGHPUT_SECTION,/hdd/flapmax/tt-metal/tt_metal/hw/firmware/src/tt-1xx/trisck.cc,73,tile_fused:explicit_throughput,1
14.797,15.575,54,stall,13222245996901,13222245997679,slot0_x9_y7,0,9,7,TILE,TRISC-KERNEL,/hdd/flapmax/tt-metal/tt_metal/hw/firmware/src/tt-1xx/trisck.cc,73,tile_fused:trisc_kernel_base,1
15.575,15.622,54,active,13222245997679,13222245997726,slot0_x9_y7,0,9,7,TILE,THROUGHPUT_SECTION,/hdd/flapmax/tt-metal/tt_metal/hw/firmware/src/tt-1xx/trisck.cc,73,tile_fused:explicit_throughput,1
15.622,15.675,54,stall,13222245997726,13222245997779,slot0_x9_y7,0,9,7,TILE,TRISC-KERNEL,/hdd/flapmax/tt-metal/tt_metal/hw/firmware/src/tt-1xx/trisck.cc,73,tile_fused:trisc_kernel_base,1
15.675,15.696,54,active,13222245997779,13222245997800,slot0_x9_y7,0,9,7,TILE,THROUGHPUT_SECTION,/hdd/flapmax/tt-metal/tt_metal/hw/firmware/src/tt-1xx/trisck.cc,73,tile_fused:explicit_throughput,1
15.696,15.796,54,stall,13222245997800,13222245997900,slot0_x9_y7,0,9,7,TILE,TRISC-KERNEL,/hdd/flapmax/tt-metal/tt_metal/hw/firmware/src/tt-1xx/trisck.cc,73,tile_fused:trisc_kernel_base,1
15.796,15.816,54,active,13222245997900,13222245997920,slot0_x9_y7,0,9,7,TILE,THROUGHPUT_SECTION,/hdd/flapmax/tt-metal/tt_metal/hw/firmware/src/tt-1xx/trisck.cc,73,tile_fused:explicit_throughput,1
15.816,16.576,54,stall,13222245997920,13222245998680,slot0_x9_y7,0,9,7,TILE,TRISC-KERNEL,/hdd/flapmax/tt-metal/tt_metal/hw/firmware/src/tt-1xx/trisck.cc,73,tile_fused:trisc_kernel_base,1
16.576,16.631,54,active,13222245998680,13222245998735,slot0_x9_y7,0,9,7,TILE,THROUGHPUT_SECTION,/hdd/flapmax/tt-metal/tt_metal/hw/firmware/src/tt-1xx/trisck.cc,73,tile_fused:explicit_throughput,1
16.631,17.157,54,stall,13222245998735,13222245999261,slot0_x9_y7,0,9,7,TILE,TRISC-KERNEL,/hdd/flapmax/tt-metal/tt_metal/hw/firmware/src/tt-1xx/trisck.cc,73,tile_fused:trisc_kernel_base,1
17.157,17.204,54,active,13222245999261,13222245999308,slot0_x9_y7,0,9,7,TILE,THROUGHPUT_SECTION,/hdd/flapmax/tt-metal/tt_metal/hw/firmware/src/tt-1xx/trisck.cc,73,tile_fused:explicit_throughput,1
17.204,18.035,54,stall,13222245999308,13222246000139,slot0_x9_y7,0,9,7,TILE,TRISC-KERNEL,/hdd/flapmax/tt-metal/tt_metal/hw/firmware/src/tt-1xx/trisck.cc,73,tile_fused:trisc_kernel_base,1
0.159,0.341,55,stall,13222245982263,13222245982445,slot0_x9_y8,0,9,8,TILE,TRISC-KERNEL,/hdd/flapmax/tt-metal/tt_metal/hw/firmware/src/tt-1xx/trisck.cc,73,tile_fused:trisc_kernel_base,1
0.341,0.363,55,active,13222245982445,13222245982467,slot0_x9_y8,0,9,8,TILE,THROUGHPUT_SECTION,/hdd/flapmax/tt-metal/tt_metal/hw/firmware/src/tt-1xx/trisck.cc,73,tile_fused:explicit_throughput,1
0.363,0.397,55,stall,13222245982467,13222245982501,slot0_x9_y8,0,9,8,TILE,TRISC-KERNEL,/hdd/flapmax/tt-metal/tt_metal/hw/firmware/src/tt-1xx/trisck.cc,73,tile_fused:trisc_kernel_base,1
0.397,0.418,55,active,13222245982501,13222245982522,slot0_x9_y8,0,9,8,TILE,THROUGHPUT_SECTION,/hdd/flapmax/tt-metal/tt_metal/hw/firmware/src/tt-1xx/trisck.cc,73,tile_fused:explicit_throughput,1
0.418,0.61,55,stall,13222245982522,13222245982714,slot0_x9_y8,0,9,8,TILE,TRISC-KERNEL,/hdd/flapmax/tt-metal/tt_metal/hw/firmware/src/tt-1xx/trisck.cc,73,tile_fused:trisc_kernel_base,1
0.61,0.629,55,active,13222245982714,13222245982733,slot0_x9_y8,0,9,8,TILE,THROUGHPUT_SECTION,/hdd/flapmax/tt-metal/tt_metal/hw/firmware/src/tt-1xx/trisck.cc,73,tile_fused:explicit_throughput,1
0.629,0.741,55,stall,13222245982733,13222245982845,slot0_x9_y8,0,9,8,TILE,TRISC-KERNEL,/hdd/flapmax/tt-metal/tt_metal/hw/firmware/src/tt-1xx/trisck.cc,73,tile_fused:trisc_kernel_base,1
0.741,0.761,55,active,13222245982845,13222245982865,slot0_x9_y8,0,9,8,TILE,THROUGHPUT_SECTION,/hdd/flapmax/tt-metal/tt_metal/hw/firmware/src/tt-1xx/trisck.cc,73,tile_fused:explicit_throughput,1
0.761,1.759,55,stall,13222245982865,13222245983863,slot0_x9_y8,0,9,8,TILE,TRISC-KERNEL,/hdd/flapmax/tt-metal/tt_metal/hw/firmware/src/tt-1xx/trisck.cc,73,tile_fused:trisc_kernel_base,1
1.759,1.805,55,active,13222245983863,13222245983909,slot0_x9_y8,0,9,8,TILE,THROUGHPUT_SECTION,/hdd/flapmax/tt-metal/tt_metal/hw/firmware/src/tt-1xx/trisck.cc,73,tile_fused:explicit_throughput,1
1.805,1.859,55,stall,13222245983909,13222245983963,slot0_x9_y8,0,9,8,TILE,TRISC-KERNEL,/hdd/flapmax/tt-metal/tt_metal/hw/firmware/src/tt-1xx/trisck.cc,73,tile_fused:trisc_kernel_base,1
1.859,1.883,55,active,13222245983963,13222245983987,slot0_x9_y8,0,9,8,TILE,THROUGHPUT_SECTION,/hdd/flapmax/tt-metal/tt_metal/hw/firmware/src/tt-1xx/trisck.cc,73,tile_fused:explicit_throughput,1
1.883,1.981,55,stall,13222245983987,13222245984085,slot0_x9_y8,0,9,8,TILE,TRISC-KERNEL,/hdd/flapmax/tt-metal/tt_metal/hw/firmware/src/tt-1xx/trisck.cc,73,tile_fused:trisc_kernel_base,1
1.981,2.0,55,active,13222245984085,13222245984104,slot0_x9_y8,0,9,8,TILE,THROUGHPUT_SECTION,/hdd/flapmax/tt-metal/tt_metal/hw/firmware/src/tt-1xx/trisck.cc,73,tile_fused:explicit_throughput,1
2.0,2.814,55,stall,13222245984104,13222245984918,slot0_x9_y8,0,9,8,TILE,TRISC-KERNEL,/hdd/flapmax/tt-metal/tt_metal/hw/firmware/src/tt-1xx/trisck.cc,73,tile_fused:trisc_kernel_base,1
2.814,2.873,55,active,13222245984918,13222245984977,slot0_x9_y8,0,9,8,TILE,THROUGHPUT_SECTION,/hdd/flapmax/tt-metal/tt_metal/hw/firmware/src/tt-1xx/trisck.cc,73,tile_fused:explicit_throughput,1
2.873,2.927,55,stall,13222245984977,13222245985031,slot0_x9_y8,0,9,8,TILE,TRISC-KERNEL,/hdd/flapmax/tt-metal/tt_metal/hw/firmware/src/tt-1xx/trisck.cc,73,tile_fused:trisc_kernel_base,1
2.927,2.948,55,active,13222245985031,13222245985052,slot0_x9_y8,0,9,8,TILE,THROUGHPUT_SECTION,/hdd/flapmax/tt-metal/tt_metal/hw/firmware/src/tt-1xx/trisck.cc,73,tile_fused:explicit_throughput,1
2.948,3.048,55,stall,13222245985052,13222245985152,slot0_x9_y8,0,9,8,TILE,TRISC-KERNEL,/hdd/flapmax/tt-metal/tt_metal/hw/firmware/src/tt-1xx/trisck.cc,73,tile_fused:trisc_kernel_base,1
3.048,3.068,55,active,13222245985152,13222245985172,slot0_x9_y8,0,9,8,TILE,THROUGHPUT_SECTION,/hdd/flapmax/tt-metal/tt_metal/hw/firmware/src/tt-1xx/trisck.cc,73,tile_fused:explicit_throughput,1
3.068,3.766,55,stall,13222245985172,13222245985870,slot0_x9_y8,0,9,8,TILE,TRISC-KERNEL,/hdd/flapmax/tt-metal/tt_metal/hw/firmware/src/tt-1xx/trisck.cc,73,tile_fused:trisc_kernel_base,1
3.766,3.814,55,active,13222245985870,13222245985918,slot0_x9_y8,0,9,8,TILE,THROUGHPUT_SECTION,/hdd/flapmax/tt-metal/tt_metal/hw/firmware/src/tt-1xx/trisck.cc,73,tile_fused:explicit_throughput,1
3.814,3.871,55,stall,13222245985918,13222245985975,slot0_x9_y8,0,9,8,TILE,TRISC-KERNEL,/hdd/flapmax/tt-metal/tt_metal/hw/firmware/src/tt-1xx/trisck.cc,73,tile_fused:trisc_kernel_base,1
3.871,3.892,55,active,13222245985975,13222245985996,slot0_x9_y8,0,9,8,TILE,THROUGHPUT_SECTION,/hdd/flapmax/tt-metal/tt_metal/hw/firmware/src/tt-1xx/trisck.cc,73,tile_fused:explicit_throughput,1
3.892,3.991,55,stall,13222245985996,13222245986095,slot0_x9_y8,0,9,8,TILE,TRISC-KERNEL,/hdd/flapmax/tt-metal/tt_metal/hw/firmware/src/tt-1xx/trisck.cc,73,tile_fused:trisc_kernel_base,1
3.991,4.01,55,active,13222245986095,13222245986114,slot0_x9_y8,0,9,8,TILE,THROUGHPUT_SECTION,/hdd/flapmax/tt-metal/tt_metal/hw/firmware/src/tt-1xx/trisck.cc,73,tile_fused:explicit_throughput,1
4.01,4.891,55,stall,13222245986114,13222245986995,slot0_x9_y8,0,9,8,TILE,TRISC-KERNEL,/hdd/flapmax/tt-metal/tt_metal/hw/firmware/src/tt-1xx/trisck.cc,73,tile_fused:trisc_kernel_base,1
4.891,4.945,55,active,13222245986995,13222245987049,slot0_x9_y8,0,9,8,TILE,THROUGHPUT_SECTION,/hdd/flapmax/tt-metal/tt_metal/hw/firmware/src/tt-1xx/trisck.cc,73,tile_fused:explicit_throughput,1
4.945,4.999,55,stall,13222245987049,13222245987103,slot0_x9_y8,0,9,8,TILE,TRISC-KERNEL,/hdd/flapmax/tt-metal/tt_metal/hw/firmware/src/tt-1xx/trisck.cc,73,tile_fused:trisc_kernel_base,1
4.999,5.022,55,active,13222245987103,13222245987126,slot0_x9_y8,0,9,8,TILE,THROUGHPUT_SECTION,/hdd/flapmax/tt-metal/tt_metal/hw/firmware/src/tt-1xx/trisck.cc,73,tile_fused:explicit_throughput,1
5.022,5.12,55,stall,13222245987126,13222245987224,slot0_x9_y8,0,9,8,TILE,TRISC-KERNEL,/hdd/flapmax/tt-metal/tt_metal/hw/firmware/src/tt-1xx/trisck.cc,73,tile_fused:trisc_kernel_base,1
5.12,5.139,55,active,13222245987224,13222245987243,slot0_x9_y8,0,9,8,TILE,THROUGHPUT_SECTION,/hdd/flapmax/tt-metal/tt_metal/hw/firmware/src/tt-1xx/trisck.cc,73,tile_fused:explicit_throughput,1
5.139,6.016,55,stall,13222245987243,13222245988120,slot0_x9_y8,0,9,8,TILE,TRISC-KERNEL,/hdd/flapmax/tt-metal/tt_metal/hw/firmware/src/tt-1xx/trisck.cc,73,tile_fused:trisc_kernel_base,1
6.016,6.063,55,active,13222245988120,13222245988167,slot0_x9_y8,0,9,8,TILE,THROUGHPUT_SECTION,/hdd/flapmax/tt-metal/tt_metal/hw/firmware/src/tt-1xx/trisck.cc,73,tile_fused:explicit_throughput,1
6.063,6.116,55,stall,13222245988167,13222245988220,slot0_x9_y8,0,9,8,TILE,TRISC-KERNEL,/hdd/flapmax/tt-metal/tt_metal/hw/firmware/src/tt-1xx/trisck.cc,73,tile_fused:trisc_kernel_base,1
6.116,6.137,55,active,13222245988220,13222245988241,slot0_x9_y8,0,9,8,TILE,THROUGHPUT_SECTION,/hdd/flapmax/tt-metal/tt_metal/hw/firmware/src/tt-1xx/trisck.cc,73,tile_fused:explicit_throughput,1
6.137,6.237,55,stall,13222245988241,13222245988341,slot0_x9_y8,0,9,8,TILE,TRISC-KERNEL,/hdd/flapmax/tt-metal/tt_metal/hw/firmware/src/tt-1xx/trisck.cc,73,tile_fused:trisc_kernel_base,1
6.237,6.256,55,active,13222245988341,13222245988360,slot0_x9_y8,0,9,8,TILE,THROUGHPUT_SECTION,/hdd/flapmax/tt-metal/tt_metal/hw/firmware/src/tt-1xx/trisck.cc,73,tile_fused:explicit_throughput,1
6.256,7.218,55,stall,13222245988360,13222245989322,slot0_x9_y8,0,9,8,TILE,TRISC-KERNEL,/hdd/flapmax/tt-metal/tt_metal/hw/firmware/src/tt-1xx/trisck.cc,73,tile_fused:trisc_kernel_base,1
7.218,7.272,55,active,13222245989322,13222245989376,slot0_x9_y8,0,9,8,TILE,THROUGHPUT_SECTION,/hdd/flapmax/tt-metal/tt_metal/hw/firmware/src/tt-1xx/trisck.cc,73,tile_fused:explicit_throughput,1
7.272,7.324,55,stall,13222245989376,13222245989428,slot0_x9_y8,0,9,8,TILE,TRISC-KERNEL,/hdd/flapmax/tt-metal/tt_metal/hw/firmware/src/tt-1xx/trisck.cc,73,tile_fused:trisc_kernel_base,1
7.324,7.346,55,active,13222245989428,13222245989450,slot0_x9_y8,0,9,8,TILE,THROUGHPUT_SECTION,/hdd/flapmax/tt-metal/tt_metal/hw/firmware/src/tt-1xx/trisck.cc,73,tile_fused:explicit_throughput,1
7.346,7.446,55,stall,13222245989450,13222245989550,slot0_x9_y8,0,9,8,TILE,TRISC-KERNEL,/hdd/flapmax/tt-metal/tt_metal/hw/firmware/src/tt-1xx/trisck.cc,73,tile_fused:trisc_kernel_base,1
7.446,7.466,55,active,13222245989550,13222245989570,slot0_x9_y8,0,9,8,TILE,THROUGHPUT_SECTION,/hdd/flapmax/tt-metal/tt_metal/hw/firmware/src/tt-1xx/trisck.cc,73,tile_fused:explicit_throughput,1
7.466,8.195,55,stall,13222245989570,13222245990299,slot0_x9_y8,0,9,8,TILE,TRISC-KERNEL,/hdd/flapmax/tt-metal/tt_metal/hw/firmware/src/tt-1xx/trisck.cc,73,tile_fused:trisc_kernel_base,1
8.195,8.242,55,active,13222245990299,13222245990346,slot0_x9_y8,0,9,8,TILE,THROUGHPUT_SECTION,/hdd/flapmax/tt-metal/tt_metal/hw/firmware/src/tt-1xx/trisck.cc,73,tile_fused:explicit_throughput,1
8.242,8.302,55,stall,13222245990346,13222245990406,slot0_x9_y8,0,9,8,TILE,TRISC-KERNEL,/hdd/flapmax/tt-metal/tt_metal/hw/firmware/src/tt-1xx/trisck.cc,73,tile_fused:trisc_kernel_base,1
8.302,8.324,55,active,13222245990406,13222245990428,slot0_x9_y8,0,9,8,TILE,THROUGHPUT_SECTION,/hdd/flapmax/tt-metal/tt_metal/hw/firmware/src/tt-1xx/trisck.cc,73,tile_fused:explicit_throughput,1
8.324,8.422,55,stall,13222245990428,13222245990526,slot0_x9_y8,0,9,8,TILE,TRISC-KERNEL,/hdd/flapmax/tt-metal/tt_metal/hw/firmware/src/tt-1xx/trisck.cc,73,tile_fused:trisc_kernel_base,1
8.422,8.441,55,active,13222245990526,13222245990545,slot0_x9_y8,0,9,8,TILE,THROUGHPUT_SECTION,/hdd/flapmax/tt-metal/tt_metal/hw/firmware/src/tt-1xx/trisck.cc,73,tile_fused:explicit_throughput,1
8.441,14.52,55,stall,13222245990545,13222245996624,slot0_x9_y8,0,9,8,TILE,TRISC-KERNEL,/hdd/flapmax/tt-metal/tt_metal/hw/firmware/src/tt-1xx/trisck.cc,73,tile_fused:trisc_kernel_base,1
14.52,14.574,55,active,13222245996624,13222245996678,slot0_x9_y8,0,9,8,TILE,THROUGHPUT_SECTION,/hdd/flapmax/tt-metal/tt_metal/hw/firmware/src/tt-1xx/trisck.cc,73,tile_fused:explicit_throughput,1
14.574,14.626,55,stall,13222245996678,13222245996730,slot0_x9_y8,0,9,8,TILE,TRISC-KERNEL,/hdd/flapmax/tt-metal/tt_metal/hw/firmware/src/tt-1xx/trisck.cc,73,tile_fused:trisc_kernel_base,1
14.626,14.648,55,active,13222245996730,13222245996752,slot0_x9_y8,0,9,8,TILE,THROUGHPUT_SECTION,/hdd/flapmax/tt-metal/tt_metal/hw/firmware/src/tt-1xx/trisck.cc,73,tile_fused:explicit_throughput,1
14.648,14.747,55,stall,13222245996752,13222245996851,slot0_x9_y8,0,9,8,TILE,TRISC-KERNEL,/hdd/flapmax/tt-metal/tt_metal/hw/firmware/src/tt-1xx/trisck.cc,73,tile_fused:trisc_kernel_base,1
14.747,14.767,55,active,13222245996851,13222245996871,slot0_x9_y8,0,9,8,TILE,THROUGHPUT_SECTION,/hdd/flapmax/tt-metal/tt_metal/hw/firmware/src/tt-1xx/trisck.cc,73,tile_fused:explicit_throughput,1
14.767,21.738,55,stall,13222245996871,13222246003842,slot0_x9_y8,0,9,8,TILE,TRISC-KERNEL,/hdd/flapmax/tt-metal/tt_metal/hw/firmware/src/tt-1xx/trisck.cc,73,tile_fused:trisc_kernel_base,1
21.738,21.785,55,active,13222246003842,13222246003889,slot0_x9_y8,0,9,8,TILE,THROUGHPUT_SECTION,/hdd/flapmax/tt-metal/tt_metal/hw/firmware/src/tt-1xx/trisck.cc,73,tile_fused:explicit_throughput,1
21.785,21.838,55,stall,13222246003889,13222246003942,slot0_x9_y8,0,9,8,TILE,TRISC-KERNEL,/hdd/flapmax/tt-metal/tt_metal/hw/firmware/src/tt-1xx/trisck.cc,73,tile_fused:trisc_kernel_base,1
21.838,21.859,55,active,13222246003942,13222246003963,slot0_x9_y8,0,9,8,TILE,THROUGHPUT_SECTION,/hdd/flapmax/tt-metal/tt_metal/hw/firmware/src/tt-1xx/trisck.cc,73,tile_fused:explicit_throughput,1
21.859,21.959,55,stall,13222246003963,13222246004063,slot0_x9_y8,0,9,8,TILE,TRISC-KERNEL,/hdd/flapmax/tt-metal/tt_metal/hw/firmware/src/tt-1xx/trisck.cc,73,tile_fused:trisc_kernel_base,1
21.959,21.981,55,active,13222246004063,13222246004085,slot0_x9_y8,0,9,8,TILE,THROUGHPUT_SECTION,/hdd/flapmax/tt-metal/tt_metal/hw/firmware/src/tt-1xx/trisck.cc,73,tile_fused:explicit_throughput,1
21.981,26.017,55,stall,13222246004085,13222246008121,slot0_x9_y8,0,9,8,TILE,TRISC-KERNEL,/hdd/flapmax/tt-metal/tt_metal/hw/firmware/src/tt-1xx/trisck.cc,73,tile_fused:trisc_kernel_base,1
26.017,26.071,55,active,13222246008121,13222246008175,slot0_x9_y8,0,9,8,TILE,THROUGHPUT_SECTION,/hdd/flapmax/tt-metal/tt_metal/hw/firmware/src/tt-1xx/trisck.cc,73,tile_fused:explicit_throughput,1
26.071,28.012,55,stall,13222246008175,13222246010116,slot0_x9_y8,0,9,8,TILE,TRISC-KERNEL,/hdd/flapmax/tt-metal/tt_metal/hw/firmware/src/tt-1xx/trisck.cc,73,tile_fused:trisc_kernel_base,1
28.012,28.059,55,active,13222246010116,13222246010163,slot0_x9_y8,0,9,8,TILE,THROUGHPUT_SECTION,/hdd/flapmax/tt-metal/tt_metal/hw/firmware/src/tt-1xx/trisck.cc,73,tile_fused:explicit_throughput,1
28.059,28.786,55,stall,13222246010163,13222246010890,slot0_x9_y8,0,9,8,TILE,TRISC-KERNEL,/hdd/flapmax/tt-metal/tt_metal/hw/firmware/src/tt-1xx/trisck.cc,73,tile_fused:trisc_kernel_base,1
