start_us,end_us,core,state
0.0,4955.0,0,idle
4955.0,4956.0,0,idle
4956.0,4957.0,0,stall
4957.0,4958.0,0,idle
4958.0,4959.0,0,stall
4959.0,4960.0,0,active
4960.0,4961.0,0,idle
4961.0,4962.0,0,stall
4962.0,4963.0,0,active
4963.0,4964.0,0,stall
4964.0,4966.0,0,active
4966.0,4967.0,0,idle
4967.0,4972.0,0,stall
4972.0,4973.0,0,active
4973.0,4975.0,0,stall
4975.0,4976.0,0,active
4976.0,4977.0,0,idle
4977.0,4978.0,0,stall
4978.0,4979.0,0,active
4979.0,4980.0,0,stall
4980.0,4982.0,0,active
4982.0,4983.0,0,idle
4983.0,4985.0,0,stall
4985.0,4986.0,0,active
4986.0,4987.0,0,stall
4987.0,4988.0,0,idle
4988.0,4989.0,0,stall
4989.0,4990.0,0,active
4990.0,4992.0,0,stall
4992.0,4993.0,0,active
4993.0,4994.0,0,idle
4994.0,4995.0,0,stall
4995.0,4996.0,0,active
4996.0,4997.0,0,stall
4997.0,4999.0,0,active
4999.0,5000.0,0,idle
5000.0,5005.0,0,stall
5005.0,5006.0,0,active
5006.0,5008.0,0,stall
5008.0,5009.0,0,active
5009.0,5010.0,0,idle
5010.0,5011.0,0,stall
5011.0,5012.0,0,active
5012.0,5013.0,0,stall
5013.0,5015.0,0,active
5015.0,5016.0,0,idle
5016.0,5018.0,0,stall
5018.0,5019.0,0,active
5019.0,5020.0,0,stall
5020.0,5021.0,0,idle
5021.0,5022.0,0,stall
5022.0,5023.0,0,active
5023.0,5025.0,0,stall
5025.0,5026.0,0,active
5026.0,5027.0,0,idle
5027.0,5028.0,0,stall
5028.0,5029.0,0,active
5029.0,5030.0,0,stall
5030.0,5032.0,0,active
5032.0,5033.0,0,idle
5033.0,5038.0,0,stall
5038.0,5039.0,0,active
5039.0,5041.0,0,stall
5041.0,5042.0,0,active
5042.0,5043.0,0,idle
5043.0,5044.0,0,stall
5044.0,5045.0,0,active
5045.0,5046.0,0,stall
5046.0,5048.0,0,active
5048.0,5049.0,0,idle
5049.0,5051.0,0,stall
5051.0,5052.0,0,active
5052.0,5053.0,0,stall
5053.0,5054.0,0,idle
5054.0,5055.0,0,stall
5055.0,5056.0,0,active
5056.0,5058.0,0,stall
5058.0,5059.0,0,active
5059.0,5060.0,0,idle
5060.0,5061.0,0,stall
5061.0,5062.0,0,active
5062.0,5063.0,0,stall
5063.0,5065.0,0,active
5065.0,5066.0,0,idle
5066.0,5071.0,0,stall
5071.0,5072.0,0,active
5072.0,5074.0,0,stall
5074.0,5075.0,0,active
5075.0,5076.0,0,idle
5076.0,5077.0,0,stall
5077.0,5078.0,0,active
5078.0,5079.0,0,stall
5079.0,5081.0,0,active
5081.0,5082.0,0,idle
5082.0,5084.0,0,stall
5084.0,5085.0,0,active
5085.0,5086.0,0,stall
5086.0,5087.0,0,idle
5087.0,5088.0,0,stall
5088.0,5089.0,0,active
5089.0,5091.0,0,stall
5091.0,5092.0,0,active
5092.0,5093.0,0,idle
5093.0,5094.0,0,stall
5094.0,5095.0,0,active
5095.0,5096.0,0,stall
5096.0,5098.0,0,active
5098.0,5099.0,0,idle
5099.0,5104.0,0,stall
5104.0,5105.0,0,active
5105.0,5107.0,0,stall
5107.0,5108.0,0,active
5108.0,5109.0,0,idle
5109.0,5110.0,0,stall
5110.0,5111.0,0,active
5111.0,5112.0,0,stall
5112.0,5114.0,0,active
5114.0,5115.0,0,idle
5115.0,5117.0,0,stall
5117.0,5118.0,0,active
5118.0,5119.0,0,stall
5119.0,5120.0,0,idle
5120.0,5121.0,0,stall
5121.0,5122.0,0,active
5122.0,5124.0,0,stall
5124.0,5125.0,0,active
5125.0,5126.0,0,idle
5126.0,5127.0,0,stall
5127.0,5128.0,0,active
5128.0,5129.0,0,stall
5129.0,5131.0,0,active
5131.0,5132.0,0,idle
5132.0,5137.0,0,stall
5137.0,5138.0,0,active
5138.0,5140.0,0,stall
5140.0,5141.0,0,active
5141.0,5142.0,0,idle
5142.0,5143.0,0,stall
5143.0,5144.0,0,active
5144.0,5145.0,0,stall
5145.0,5147.0,0,active
5147.0,5148.0,0,idle
5148.0,5150.0,0,stall
5150.0,5151.0,0,active
5151.0,5152.0,0,stall
5152.0,5153.0,0,idle
5153.0,5154.0,0,stall
5154.0,5155.0,0,active
5155.0,5157.0,0,stall
5157.0,5158.0,0,active
5158.0,5159.0,0,idle
5159.0,5160.0,0,stall
5160.0,5161.0,0,active
5161.0,5162.0,0,stall
5162.0,5164.0,0,active
5164.0,5165.0,0,idle
5165.0,5170.0,0,stall
5170.0,5171.0,0,active
5171.0,5173.0,0,stall
5173.0,5174.0,0,active
5174.0,5175.0,0,idle
5175.0,5176.0,0,stall
5176.0,5177.0,0,active
5177.0,5178.0,0,stall
5178.0,5180.0,0,active
5180.0,5181.0,0,idle
5181.0,5183.0,0,stall
5183.0,5184.0,0,active
5184.0,5185.0,0,stall
5185.0,5186.0,0,idle
5186.0,5187.0,0,stall
5187.0,5188.0,0,active
5188.0,5190.0,0,stall
5190.0,5191.0,0,active
5191.0,5192.0,0,idle
5192.0,5193.0,0,stall
5193.0,5194.0,0,active
5194.0,5195.0,0,stall
5195.0,5197.0,0,active
5197.0,5198.0,0,idle
5198.0,5203.0,0,stall
5203.0,5204.0,0,active
5204.0,5206.0,0,stall
5206.0,5207.0,0,active
5207.0,5208.0,0,idle
5208.0,5209.0,0,stall
5209.0,5210.0,0,active
5210.0,5211.0,0,stall
5211.0,5213.0,0,active
5213.0,5214.0,0,idle
5214.0,5216.0,0,stall
5216.0,5217.0,0,active
5217.0,5218.0,0,stall
5218.0,5219.0,0,idle
5219.0,5220.0,0,stall
5220.0,5221.0,0,active
5221.0,5223.0,0,stall
5223.0,5224.0,0,active
5224.0,5225.0,0,idle
5225.0,5226.0,0,stall
5226.0,5227.0,0,active
5227.0,5228.0,0,stall
5228.0,5230.0,0,active
5230.0,5231.0,0,idle
5231.0,5236.0,0,stall
5236.0,5237.0,0,active
5237.0,5239.0,0,stall
5239.0,5240.0,0,active
5240.0,5241.0,0,idle
5241.0,5242.0,0,stall
5242.0,5243.0,0,active
5243.0,5244.0,0,stall
5244.0,5246.0,0,active
5246.0,5247.0,0,idle
5247.0,5249.0,0,stall
5249.0,5250.0,0,active
5250.0,5251.0,0,stall
5251.0,5252.0,0,idle
5252.0,5253.0,0,stall
5253.0,5254.0,0,active
5254.0,5256.0,0,stall
5256.0,5257.0,0,active
5257.0,5258.0,0,idle
5258.0,5259.0,0,stall
5259.0,5260.0,0,active
5260.0,5261.0,0,stall
5261.0,5263.0,0,active
5263.0,5264.0,0,idle
5264.0,5269.0,0,stall
5269.0,5270.0,0,active
5270.0,5272.0,0,stall
5272.0,5273.0,0,active
5273.0,5274.0,0,idle
5274.0,5275.0,0,stall
5275.0,5276.0,0,active
5276.0,5277.0,0,stall
5277.0,5279.0,0,active
5279.0,5280.0,0,idle
5280.0,5282.0,0,stall
5282.0,5283.0,0,active
5283.0,5284.0,0,stall
5284.0,5285.0,0,idle
5285.0,5286.0,0,stall
5286.0,5287.0,0,active
5287.0,5289.0,0,stall
5289.0,5290.0,0,active
5290.0,5291.0,0,idle
5291.0,5292.0,0,stall
5292.0,5293.0,0,active
5293.0,5294.0,0,stall
5294.0,5296.0,0,active
5296.0,5297.0,0,idle
5297.0,5302.0,0,stall
5302.0,5303.0,0,active
5303.0,5305.0,0,stall
5305.0,5306.0,0,active
5306.0,5307.0,0,idle
5307.0,5308.0,0,stall
5308.0,5309.0,0,active
5309.0,5310.0,0,stall
5310.0,5312.0,0,active
5312.0,5313.0,0,idle
5313.0,5315.0,0,stall
5315.0,5316.0,0,active
5316.0,5317.0,0,stall
5317.0,5318.0,0,idle
5318.0,5319.0,0,stall
5319.0,5320.0,0,active
5320.0,5322.0,0,stall
5322.0,5323.0,0,active
5323.0,5324.0,0,idle
5324.0,5325.0,0,stall
5325.0,5326.0,0,active
5326.0,5327.0,0,stall
5327.0,5329.0,0,active
5329.0,5330.0,0,idle
5330.0,5335.0,0,stall
5335.0,5336.0,0,active
5336.0,5338.0,0,stall
5338.0,5339.0,0,active
5339.0,5340.0,0,idle
5340.0,5341.0,0,stall
5341.0,5342.0,0,active
5342.0,5343.0,0,stall
5343.0,5345.0,0,active
5345.0,5346.0,0,idle
5346.0,5348.0,0,stall
5348.0,5349.0,0,active
5349.0,5350.0,0,stall
5350.0,5351.0,0,idle
5351.0,5352.0,0,stall
5352.0,5353.0,0,active
5353.0,5355.0,0,stall
5355.0,5356.0,0,active
5356.0,5357.0,0,idle
5357.0,5358.0,0,stall
5358.0,5359.0,0,active
5359.0,5360.0,0,stall
5360.0,5362.0,0,active
5362.0,5363.0,0,idle
5363.0,5368.0,0,stall
5368.0,5369.0,0,active
5369.0,5371.0,0,stall
5371.0,5372.0,0,active
5372.0,5373.0,0,idle
5373.0,5374.0,0,stall
5374.0,5375.0,0,active
5375.0,5376.0,0,stall
5376.0,5378.0,0,active
5378.0,5379.0,0,idle
5379.0,5381.0,0,stall
5381.0,5382.0,0,active
5382.0,5383.0,0,stall
5383.0,5384.0,0,idle
5384.0,5385.0,0,stall
5385.0,5386.0,0,active
5386.0,5388.0,0,stall
5388.0,5389.0,0,active
5389.0,5390.0,0,idle
5390.0,5391.0,0,stall
5391.0,5392.0,0,active
5392.0,5393.0,0,stall
5393.0,5395.0,0,active
5395.0,5396.0,0,idle
5396.0,5401.0,0,stall
5401.0,5402.0,0,active
5402.0,5404.0,0,stall
5404.0,5405.0,0,active
5405.0,5406.0,0,idle
5406.0,5407.0,0,stall
5407.0,5408.0,0,active
5408.0,5409.0,0,stall
5409.0,5411.0,0,active
5411.0,5412.0,0,idle
5412.0,5414.0,0,stall
5414.0,5415.0,0,active
5415.0,5416.0,0,stall
5416.0,5417.0,0,idle
5417.0,5418.0,0,stall
5418.0,5419.0,0,active
5419.0,5421.0,0,stall
5421.0,5422.0,0,active
5422.0,5423.0,0,idle
5423.0,5424.0,0,stall
5424.0,5425.0,0,active
5425.0,5426.0,0,stall
5426.0,5428.0,0,active
5428.0,5429.0,0,idle
5429.0,5434.0,0,stall
5434.0,5435.0,0,active
5435.0,5437.0,0,stall
5437.0,5438.0,0,active
5438.0,5439.0,0,idle
5439.0,5440.0,0,stall
5440.0,5441.0,0,active
5441.0,5442.0,0,stall
5442.0,5444.0,0,active
5444.0,5445.0,0,idle
5445.0,5447.0,0,stall
5447.0,5448.0,0,active
5448.0,5449.0,0,stall
5449.0,5450.0,0,idle
5450.0,5451.0,0,stall
5451.0,5452.0,0,active
5452.0,5454.0,0,stall
5454.0,5455.0,0,active
5455.0,5456.0,0,idle
5456.0,5457.0,0,stall
5457.0,5458.0,0,active
5458.0,5459.0,0,stall
5459.0,5461.0,0,active
5461.0,5462.0,0,idle
5462.0,5467.0,0,stall
5467.0,5468.0,0,active
5468.0,5470.0,0,stall
5470.0,5471.0,0,active
5471.0,5472.0,0,idle
5472.0,5473.0,0,stall
5473.0,5474.0,0,active
5474.0,5475.0,0,stall
5475.0,5477.0,0,active
5477.0,5478.0,0,idle
5478.0,5480.0,0,stall
5480.0,5481.0,0,active
5481.0,5482.0,0,stall
5482.0,5483.0,0,idle
5483.0,5484.0,0,stall
5484.0,5485.0,0,active
5485.0,5487.0,0,stall
5487.0,5488.0,0,active
5488.0,5489.0,0,idle
5489.0,5490.0,0,stall
5490.0,5491.0,0,active
5491.0,5492.0,0,stall
5492.0,5494.0,0,active
5494.0,5495.0,0,idle
5495.0,5500.0,0,stall
5500.0,5501.0,0,active
5501.0,5503.0,0,stall
5503.0,5504.0,0,active
5504.0,5505.0,0,idle
5505.0,5506.0,0,stall
5506.0,5507.0,0,active
5507.0,5508.0,0,stall
5508.0,5510.0,0,active
5510.0,5511.0,0,idle
5511.0,5513.0,0,stall
5513.0,5514.0,0,active
5514.0,5515.0,0,stall
5515.0,5516.0,0,idle
5516.0,5517.0,0,stall
5517.0,5518.0,0,active
5518.0,5520.0,0,stall
5520.0,5521.0,0,active
5521.0,5522.0,0,idle
5522.0,5523.0,0,stall
5523.0,5524.0,0,active
5524.0,5525.0,0,stall
5525.0,5527.0,0,active
5527.0,5528.0,0,idle
5528.0,5533.0,0,stall
5533.0,5534.0,0,active
5534.0,5536.0,0,stall
5536.0,5537.0,0,active
5537.0,5538.0,0,idle
5538.0,5539.0,0,stall
5539.0,5540.0,0,active
5540.0,5541.0,0,stall
5541.0,5543.0,0,active
5543.0,5544.0,0,idle
5544.0,5546.0,0,stall
5546.0,5547.0,0,active
5547.0,5548.0,0,stall
5548.0,5549.0,0,idle
5549.0,5550.0,0,stall
5550.0,5551.0,0,active
5551.0,5553.0,0,stall
5553.0,5554.0,0,active
5554.0,5555.0,0,idle
5555.0,5556.0,0,stall
5556.0,5557.0,0,active
5557.0,5558.0,0,stall
5558.0,5560.0,0,active
5560.0,5561.0,0,idle
5561.0,5566.0,0,stall
5566.0,5567.0,0,active
5567.0,5569.0,0,stall
5569.0,5570.0,0,active
5570.0,5571.0,0,idle
5571.0,5572.0,0,stall
5572.0,5573.0,0,active
5573.0,5574.0,0,stall
5574.0,5576.0,0,active
5576.0,5577.0,0,idle
5577.0,5579.0,0,stall
5579.0,5580.0,0,active
5580.0,5581.0,0,stall
5581.0,5582.0,0,idle
5582.0,5583.0,0,stall
5583.0,5584.0,0,active
5584.0,5586.0,0,stall
5586.0,5587.0,0,active
5587.0,5588.0,0,idle
5588.0,5589.0,0,stall
5589.0,5590.0,0,active
5590.0,5591.0,0,stall
5591.0,5593.0,0,active
5593.0,5594.0,0,idle
5594.0,5599.0,0,stall
5599.0,5600.0,0,active
5600.0,5602.0,0,stall
5602.0,5603.0,0,active
5603.0,5604.0,0,idle
5604.0,5605.0,0,stall
5605.0,5606.0,0,active
5606.0,5607.0,0,stall
5607.0,5609.0,0,active
5609.0,5610.0,0,idle
5610.0,5612.0,0,stall
5612.0,5613.0,0,active
5613.0,5614.0,0,stall
5614.0,5615.0,0,idle
5615.0,5616.0,0,stall
5616.0,5617.0,0,active
5617.0,5619.0,0,stall
5619.0,5620.0,0,active
5620.0,5621.0,0,idle
5621.0,5622.0,0,stall
5622.0,5623.0,0,active
5623.0,5624.0,0,stall
5624.0,5626.0,0,active
5626.0,5627.0,0,idle
5627.0,5632.0,0,stall
5632.0,5633.0,0,active
5633.0,5635.0,0,stall
5635.0,5636.0,0,active
5636.0,5637.0,0,idle
5637.0,5638.0,0,stall
5638.0,5639.0,0,active
5639.0,5640.0,0,stall
5640.0,5642.0,0,active
5642.0,5643.0,0,idle
5643.0,5645.0,0,stall
5645.0,5646.0,0,active
5646.0,5647.0,0,stall
5647.0,5648.0,0,idle
5648.0,5649.0,0,stall
5649.0,5650.0,0,active
5650.0,5652.0,0,stall
5652.0,5653.0,0,active
5653.0,5654.0,0,idle
5654.0,5655.0,0,stall
5655.0,5656.0,0,active
5656.0,5657.0,0,stall
5657.0,5659.0,0,active
5659.0,5660.0,0,idle
5660.0,5665.0,0,stall
5665.0,5666.0,0,active
5666.0,5668.0,0,stall
5668.0,5669.0,0,active
5669.0,5670.0,0,idle
5670.0,5671.0,0,stall
5671.0,5672.0,0,active
5672.0,5673.0,0,stall
5673.0,5675.0,0,active
5675.0,5676.0,0,idle
5676.0,5678.0,0,stall
5678.0,5679.0,0,active
5679.0,5680.0,0,stall
5680.0,5681.0,0,idle
5681.0,5682.0,0,stall
5682.0,5683.0,0,active
5683.0,5685.0,0,stall
5685.0,5686.0,0,active
5686.0,5687.0,0,idle
5687.0,5688.0,0,stall
5688.0,5689.0,0,active
5689.0,5690.0,0,stall
5690.0,5692.0,0,active
5692.0,5693.0,0,idle
5693.0,5698.0,0,stall
5698.0,5699.0,0,active
5699.0,5701.0,0,stall
5701.0,5702.0,0,active
5702.0,5703.0,0,idle
5703.0,5704.0,0,stall
5704.0,5705.0,0,active
5705.0,5706.0,0,stall
5706.0,5708.0,0,active
5708.0,5709.0,0,idle
5709.0,5711.0,0,stall
5711.0,5712.0,0,active
5712.0,5713.0,0,stall
5713.0,5714.0,0,idle
5714.0,5715.0,0,stall
5715.0,5716.0,0,active
5716.0,5718.0,0,stall
5718.0,5719.0,0,active
5719.0,5720.0,0,idle
5720.0,5721.0,0,stall
5721.0,5722.0,0,active
5722.0,5723.0,0,stall
5723.0,5725.0,0,active
5725.0,5726.0,0,idle
5726.0,5731.0,0,stall
5731.0,5732.0,0,active
5732.0,5734.0,0,stall
5734.0,5735.0,0,active
5735.0,5736.0,0,idle
5736.0,5737.0,0,stall
5737.0,5738.0,0,active
5738.0,5739.0,0,stall
5739.0,5741.0,0,active
5741.0,5742.0,0,idle
5742.0,5744.0,0,stall
5744.0,5745.0,0,active
5745.0,5746.0,0,stall
5746.0,5747.0,0,idle
5747.0,5748.0,0,stall
5748.0,5749.0,0,active
5749.0,5751.0,0,stall
5751.0,5752.0,0,active
5752.0,5753.0,0,idle
5753.0,5754.0,0,stall
5754.0,5755.0,0,active
5755.0,5756.0,0,stall
5756.0,5758.0,0,active
5758.0,5759.0,0,idle
5759.0,5764.0,0,stall
5764.0,5765.0,0,active
5765.0,5767.0,0,stall
5767.0,5768.0,0,active
5768.0,5769.0,0,idle
5769.0,5770.0,0,stall
5770.0,5771.0,0,active
5771.0,5772.0,0,stall
5772.0,5774.0,0,active
5774.0,5775.0,0,idle
5775.0,5777.0,0,stall
5777.0,5778.0,0,active
5778.0,5779.0,0,stall
5779.0,5780.0,0,idle
5780.0,5781.0,0,stall
5781.0,5782.0,0,active
5782.0,5784.0,0,stall
5784.0,5785.0,0,active
5785.0,5786.0,0,idle
5786.0,5787.0,0,stall
5787.0,5788.0,0,active
5788.0,5789.0,0,stall
5789.0,5791.0,0,active
5791.0,5792.0,0,idle
5792.0,5797.0,0,stall
5797.0,5798.0,0,active
5798.0,5800.0,0,stall
5800.0,5801.0,0,active
5801.0,5802.0,0,idle
5802.0,5803.0,0,stall
5803.0,5804.0,0,active
5804.0,5805.0,0,stall
5805.0,5807.0,0,active
5807.0,5808.0,0,idle
5808.0,5810.0,0,stall
5810.0,5811.0,0,active
5811.0,5812.0,0,stall
5812.0,5813.0,0,idle
5813.0,5814.0,0,stall
5814.0,5815.0,0,active
5815.0,5817.0,0,stall
5817.0,5818.0,0,active
5818.0,5819.0,0,idle
5819.0,5820.0,0,stall
5820.0,5821.0,0,active
5821.0,5822.0,0,stall
5822.0,5824.0,0,active
5824.0,5825.0,0,idle
5825.0,5830.0,0,stall
5830.0,5831.0,0,active
5831.0,5833.0,0,stall
5833.0,5834.0,0,active
5834.0,5835.0,0,idle
5835.0,5836.0,0,stall
5836.0,5837.0,0,active
5837.0,5838.0,0,stall
5838.0,5840.0,0,active
5840.0,5841.0,0,idle
5841.0,5843.0,0,stall
5843.0,5844.0,0,active
5844.0,5845.0,0,stall
5845.0,5846.0,0,idle
5846.0,5847.0,0,stall
5847.0,5848.0,0,active
5848.0,5850.0,0,stall
5850.0,5851.0,0,active
5851.0,5852.0,0,idle
5852.0,5853.0,0,stall
5853.0,5854.0,0,active
5854.0,5855.0,0,stall
5855.0,5857.0,0,active
5857.0,5858.0,0,idle
5858.0,5863.0,0,stall
5863.0,5864.0,0,active
5864.0,5866.0,0,stall
5866.0,5867.0,0,active
5867.0,5868.0,0,idle
5868.0,5869.0,0,stall
5869.0,5870.0,0,active
5870.0,5871.0,0,stall
5871.0,5873.0,0,active
5873.0,5874.0,0,idle
5874.0,5876.0,0,stall
5876.0,5877.0,0,active
5877.0,5878.0,0,stall
5878.0,5879.0,0,idle
5879.0,5880.0,0,stall
5880.0,5881.0,0,active
5881.0,5883.0,0,stall
5883.0,5884.0,0,active
5884.0,5885.0,0,idle
5885.0,5886.0,0,stall
5886.0,5887.0,0,active
5887.0,5888.0,0,stall
5888.0,5890.0,0,active
5890.0,5891.0,0,idle
5891.0,5896.0,0,stall
5896.0,5897.0,0,active
5897.0,5899.0,0,stall
5899.0,5900.0,0,active
5900.0,5901.0,0,idle
5901.0,5902.0,0,stall
5902.0,5903.0,0,active
5903.0,5904.0,0,stall
5904.0,5906.0,0,active
5906.0,5907.0,0,idle
5907.0,5909.0,0,stall
5909.0,5910.0,0,active
5910.0,5911.0,0,stall
5911.0,5912.0,0,idle
5912.0,5913.0,0,stall
5913.0,5914.0,0,active
5914.0,5916.0,0,stall
5916.0,5917.0,0,active
5917.0,5918.0,0,idle
5918.0,5919.0,0,stall
5919.0,5920.0,0,active
5920.0,5921.0,0,stall
5921.0,5923.0,0,active
5923.0,5924.0,0,idle
5924.0,5929.0,0,stall
5929.0,5930.0,0,active
5930.0,5932.0,0,stall
5932.0,5933.0,0,active
5933.0,5934.0,0,idle
5934.0,5935.0,0,stall
5935.0,5936.0,0,active
5936.0,5937.0,0,stall
5937.0,5939.0,0,active
5939.0,5940.0,0,idle
5940.0,5942.0,0,stall
5942.0,5943.0,0,active
5943.0,5944.0,0,stall
5944.0,5945.0,0,idle
5945.0,5946.0,0,stall
5946.0,5947.0,0,active
5947.0,5949.0,0,stall
5949.0,5950.0,0,active
5950.0,5951.0,0,idle
5951.0,5952.0,0,stall
5952.0,5953.0,0,active
5953.0,5954.0,0,stall
5954.0,5956.0,0,active
5956.0,5957.0,0,idle
5957.0,5962.0,0,stall
5962.0,5963.0,0,active
5963.0,5965.0,0,stall
5965.0,5966.0,0,active
5966.0,5967.0,0,idle
5967.0,5968.0,0,stall
5968.0,5969.0,0,active
5969.0,5970.0,0,stall
5970.0,5972.0,0,active
5972.0,5973.0,0,idle
5973.0,5975.0,0,stall
5975.0,5976.0,0,active
5976.0,5977.0,0,stall
5977.0,5978.0,0,idle
5978.0,5979.0,0,stall
5979.0,5980.0,0,active
5980.0,5982.0,0,stall
5982.0,5983.0,0,active
5983.0,5984.0,0,idle
5984.0,5985.0,0,stall
5985.0,5986.0,0,active
5986.0,5987.0,0,stall
5987.0,5989.0,0,active
5989.0,5990.0,0,idle
5990.0,5995.0,0,stall
5995.0,5996.0,0,active
5996.0,5998.0,0,stall
5998.0,5999.0,0,active
5999.0,6000.0,0,idle
6000.0,6001.0,0,stall
6001.0,6002.0,0,active
6002.0,6003.0,0,stall
6003.0,6005.0,0,active
6005.0,6006.0,0,idle
6006.0,6008.0,0,stall
6008.0,6009.0,0,active
6009.0,6010.0,0,stall
6010.0,6011.0,0,idle
6011.0,6012.0,0,stall
6012.0,6013.0,0,active
6013.0,6015.0,0,stall
6015.0,6016.0,0,active
6016.0,6017.0,0,idle
6017.0,6018.0,0,stall
6018.0,6019.0,0,active
6019.0,6020.0,0,stall
6020.0,6022.0,0,active
6022.0,6023.0,0,idle
6023.0,6028.0,0,stall
6028.0,6029.0,0,active
6029.0,6031.0,0,stall
6031.0,6032.0,0,active
6032.0,6033.0,0,idle
6033.0,6034.0,0,stall
6034.0,6035.0,0,active
6035.0,6036.0,0,stall
6036.0,6038.0,0,active
6038.0,6039.0,0,idle
6039.0,6041.0,0,stall
6041.0,6042.0,0,active
6042.0,6043.0,0,stall
6043.0,6044.0,0,idle
6044.0,6045.0,0,stall
6045.0,6046.0,0,active
6046.0,6048.0,0,stall
6048.0,6049.0,0,active
6049.0,6050.0,0,idle
6050.0,6051.0,0,stall
6051.0,6052.0,0,active
6052.0,6053.0,0,stall
6053.0,6055.0,0,active
6055.0,6056.0,0,idle
6056.0,6061.0,0,stall
6061.0,6062.0,0,active
6062.0,6064.0,0,stall
6064.0,6065.0,0,active
6065.0,6066.0,0,idle
6066.0,6067.0,0,stall
6067.0,6068.0,0,active
6068.0,6069.0,0,stall
6069.0,6071.0,0,active
6071.0,6072.0,0,idle
6072.0,6074.0,0,stall
6074.0,6075.0,0,active
6075.0,6076.0,0,stall
6076.0,6077.0,0,idle
6077.0,6078.0,0,stall
6078.0,6079.0,0,active
6079.0,6081.0,0,stall
6081.0,6082.0,0,active
6082.0,6083.0,0,idle
6083.0,6084.0,0,stall
6084.0,6085.0,0,active
6085.0,6086.0,0,stall
6086.0,6088.0,0,active
6088.0,6089.0,0,idle
6089.0,6094.0,0,stall
6094.0,6095.0,0,active
6095.0,6097.0,0,stall
6097.0,6098.0,0,active
6098.0,6099.0,0,idle
6099.0,6100.0,0,stall
6100.0,6101.0,0,active
6101.0,6102.0,0,stall
6102.0,6104.0,0,active
6104.0,6105.0,0,idle
6105.0,6107.0,0,stall
6107.0,6108.0,0,active
6108.0,6109.0,0,stall
6109.0,6110.0,0,idle
6110.0,6111.0,0,stall
6111.0,6112.0,0,active
6112.0,6114.0,0,stall
6114.0,6115.0,0,active
6115.0,6116.0,0,idle
6116.0,6117.0,0,stall
6117.0,6118.0,0,active
6118.0,6119.0,0,stall
6119.0,6121.0,0,active
6121.0,6122.0,0,idle
6122.0,6127.0,0,stall
6127.0,6128.0,0,active
6128.0,6130.0,0,stall
6130.0,6131.0,0,active
6131.0,6132.0,0,idle
6132.0,6133.0,0,stall
6133.0,6134.0,0,active
6134.0,6135.0,0,stall
6135.0,6137.0,0,active
6137.0,6138.0,0,idle
6138.0,6140.0,0,stall
6140.0,6141.0,0,active
6141.0,6142.0,0,stall
6142.0,6143.0,0,idle
6143.0,6144.0,0,stall
6144.0,6145.0,0,active
6145.0,6147.0,0,stall
6147.0,6148.0,0,active
6148.0,6149.0,0,idle
6149.0,6150.0,0,stall
6150.0,6151.0,0,active
6151.0,6152.0,0,stall
6152.0,6154.0,0,active
6154.0,6155.0,0,idle
6155.0,6160.0,0,stall
6160.0,6161.0,0,active
6161.0,6163.0,0,stall
6163.0,6164.0,0,active
6164.0,6165.0,0,idle
6165.0,6166.0,0,stall
6166.0,6167.0,0,active
6167.0,6168.0,0,stall
6168.0,6170.0,0,active
6170.0,6171.0,0,idle
6171.0,6173.0,0,stall
6173.0,6174.0,0,active
6174.0,6175.0,0,stall
6175.0,6176.0,0,idle
6176.0,6177.0,0,stall
6177.0,6178.0,0,active
6178.0,6180.0,0,stall
6180.0,6181.0,0,active
6181.0,6182.0,0,idle
6182.0,6183.0,0,stall
6183.0,6184.0,0,active
6184.0,6185.0,0,stall
6185.0,6187.0,0,active
6187.0,6188.0,0,idle
6188.0,6193.0,0,stall
6193.0,6194.0,0,active
6194.0,6196.0,0,stall
6196.0,6197.0,0,active
6197.0,6198.0,0,idle
6198.0,6199.0,0,stall
6199.0,6200.0,0,active
6200.0,6201.0,0,stall
6201.0,6203.0,0,active
6203.0,6204.0,0,idle
6204.0,6206.0,0,stall
6206.0,6207.0,0,active
6207.0,6208.0,0,stall
6208.0,6209.0,0,idle
6209.0,6210.0,0,stall
6210.0,6211.0,0,active
6211.0,6213.0,0,stall
6213.0,6214.0,0,active
6214.0,6215.0,0,idle
6215.0,6216.0,0,stall
6216.0,6217.0,0,active
6217.0,6218.0,0,stall
6218.0,6220.0,0,active
6220.0,6221.0,0,idle
6221.0,6226.0,0,stall
6226.0,6227.0,0,active
6227.0,6229.0,0,stall
6229.0,6230.0,0,active
6230.0,6231.0,0,idle
6231.0,6232.0,0,stall
6232.0,6233.0,0,active
6233.0,6234.0,0,stall
6234.0,6236.0,0,active
6236.0,6237.0,0,idle
6237.0,6239.0,0,stall
6239.0,6240.0,0,active
6240.0,6241.0,0,stall
6241.0,6242.0,0,idle
6242.0,6243.0,0,stall
6243.0,6244.0,0,active
6244.0,6246.0,0,stall
6246.0,6247.0,0,active
6247.0,6248.0,0,idle
6248.0,6249.0,0,stall
6249.0,6250.0,0,active
6250.0,6251.0,0,stall
6251.0,6253.0,0,active
6253.0,6254.0,0,idle
6254.0,6259.0,0,stall
6259.0,6260.0,0,active
6260.0,6262.0,0,stall
6262.0,6263.0,0,active
6263.0,6264.0,0,idle
6264.0,6265.0,0,stall
6265.0,6266.0,0,active
6266.0,6267.0,0,stall
6267.0,6269.0,0,active
6269.0,6270.0,0,idle
6270.0,6272.0,0,stall
6272.0,6273.0,0,active
6273.0,6274.0,0,stall
6274.0,6275.0,0,idle
6275.0,6276.0,0,stall
6276.0,6277.0,0,active
6277.0,6279.0,0,stall
6279.0,6280.0,0,active
6280.0,6281.0,0,idle
6281.0,6282.0,0,stall
6282.0,6283.0,0,active
6283.0,6284.0,0,stall
6284.0,6286.0,0,active
6286.0,6287.0,0,idle
6287.0,6292.0,0,stall
6292.0,6293.0,0,active
6293.0,6295.0,0,stall
6295.0,6296.0,0,active
6296.0,6297.0,0,idle
6297.0,6298.0,0,stall
6298.0,6299.0,0,active
6299.0,6300.0,0,stall
6300.0,6302.0,0,active
6302.0,6303.0,0,idle
6303.0,6305.0,0,stall
6305.0,6306.0,0,active
6306.0,6307.0,0,stall
6307.0,6308.0,0,idle
6308.0,6309.0,0,stall
6309.0,6310.0,0,active
6310.0,6312.0,0,stall
6312.0,6313.0,0,active
6313.0,6314.0,0,idle
6314.0,6315.0,0,stall
6315.0,6316.0,0,active
6316.0,6317.0,0,stall
6317.0,6319.0,0,active
6319.0,6320.0,0,idle
6320.0,6325.0,0,stall
6325.0,6326.0,0,active
6326.0,6328.0,0,stall
6328.0,6329.0,0,active
6329.0,6330.0,0,idle
6330.0,6331.0,0,stall
6331.0,6332.0,0,active
6332.0,6333.0,0,stall
6333.0,6335.0,0,active
6335.0,6336.0,0,idle
6336.0,6338.0,0,stall
6338.0,6339.0,0,active
6339.0,6340.0,0,stall
6340.0,6341.0,0,idle
6341.0,6342.0,0,stall
6342.0,6343.0,0,active
6343.0,6345.0,0,stall
6345.0,6346.0,0,active
6346.0,6347.0,0,idle
6347.0,6348.0,0,stall
6348.0,6349.0,0,active
6349.0,6350.0,0,stall
6350.0,6352.0,0,active
6352.0,6353.0,0,idle
6353.0,6358.0,0,stall
6358.0,6359.0,0,active
6359.0,6361.0,0,stall
6361.0,6362.0,0,active
6362.0,6363.0,0,idle
6363.0,6364.0,0,stall
6364.0,6365.0,0,active
6365.0,6366.0,0,stall
6366.0,6368.0,0,active
6368.0,6369.0,0,idle
6369.0,6371.0,0,stall
6371.0,6372.0,0,active
6372.0,6373.0,0,stall
6373.0,6374.0,0,idle
6374.0,6375.0,0,stall
6375.0,6376.0,0,active
6376.0,6378.0,0,stall
6378.0,6379.0,0,active
6379.0,6380.0,0,idle
6380.0,6381.0,0,stall
6381.0,6382.0,0,active
6382.0,6383.0,0,stall
6383.0,6385.0,0,active
6385.0,6386.0,0,idle
6386.0,6391.0,0,stall
6391.0,6392.0,0,active
6392.0,6394.0,0,stall
6394.0,6395.0,0,active
6395.0,6396.0,0,idle
6396.0,6397.0,0,stall
6397.0,6398.0,0,active
6398.0,6399.0,0,stall
6399.0,6401.0,0,active
6401.0,6402.0,0,idle
6402.0,6404.0,0,stall
6404.0,6405.0,0,active
6405.0,6406.0,0,stall
6406.0,6407.0,0,idle
6407.0,6408.0,0,stall
6408.0,6409.0,0,active
6409.0,6411.0,0,stall
6411.0,6412.0,0,active
6412.0,6413.0,0,idle
6413.0,6414.0,0,stall
6414.0,6415.0,0,active
6415.0,6416.0,0,stall
6416.0,6418.0,0,active
6418.0,6419.0,0,idle
6419.0,6424.0,0,stall
6424.0,6425.0,0,active
6425.0,6427.0,0,stall
6427.0,6428.0,0,active
6428.0,6429.0,0,idle
6429.0,6430.0,0,stall
6430.0,6431.0,0,active
6431.0,6432.0,0,stall
6432.0,6434.0,0,active
6434.0,6435.0,0,idle
6435.0,6437.0,0,stall
6437.0,6438.0,0,active
6438.0,6439.0,0,stall
6439.0,6440.0,0,idle
6440.0,6441.0,0,stall
6441.0,6442.0,0,active
6442.0,6444.0,0,stall
6444.0,6445.0,0,active
6445.0,6446.0,0,idle
6446.0,6447.0,0,stall
6447.0,6448.0,0,active
6448.0,6449.0,0,stall
6449.0,6451.0,0,active
6451.0,6452.0,0,idle
6452.0,6457.0,0,stall
6457.0,6458.0,0,active
6458.0,6460.0,0,stall
6460.0,6461.0,0,active
6461.0,6462.0,0,idle
6462.0,6463.0,0,stall
6463.0,6464.0,0,active
6464.0,6465.0,0,stall
6465.0,6467.0,0,active
6467.0,6468.0,0,idle
6468.0,6470.0,0,stall
6470.0,6471.0,0,active
6471.0,6472.0,0,stall
6472.0,6473.0,0,idle
6473.0,6474.0,0,stall
6474.0,6475.0,0,active
6475.0,6477.0,0,stall
6477.0,6478.0,0,active
6478.0,6479.0,0,idle
6479.0,6480.0,0,stall
6480.0,6481.0,0,active
6481.0,6482.0,0,stall
6482.0,6484.0,0,active
6484.0,6485.0,0,idle
6485.0,6490.0,0,stall
6490.0,6491.0,0,active
6491.0,6493.0,0,stall
6493.0,6494.0,0,active
6494.0,6495.0,0,idle
6495.0,6496.0,0,stall
6496.0,6497.0,0,active
6497.0,6498.0,0,stall
6498.0,6500.0,0,active
6500.0,6501.0,0,idle
6501.0,6503.0,0,stall
6503.0,6504.0,0,active
6504.0,6505.0,0,stall
6505.0,6506.0,0,idle
6506.0,6507.0,0,stall
6507.0,6508.0,0,active
6508.0,6510.0,0,stall
6510.0,6511.0,0,active
6511.0,6512.0,0,idle
6512.0,6513.0,0,stall
6513.0,6514.0,0,active
6514.0,6515.0,0,stall
6515.0,6517.0,0,active
6517.0,6518.0,0,idle
6518.0,6523.0,0,stall
6523.0,6524.0,0,active
6524.0,6526.0,0,stall
6526.0,6527.0,0,active
6527.0,6528.0,0,idle
6528.0,6529.0,0,stall
6529.0,6530.0,0,active
6530.0,6531.0,0,stall
6531.0,6533.0,0,active
6533.0,6534.0,0,idle
6534.0,6536.0,0,stall
6536.0,6537.0,0,active
6537.0,6538.0,0,stall
6538.0,6539.0,0,idle
6539.0,6540.0,0,stall
6540.0,6541.0,0,active
6541.0,6543.0,0,stall
6543.0,6544.0,0,active
6544.0,6545.0,0,idle
6545.0,6546.0,0,stall
6546.0,6547.0,0,active
6547.0,6548.0,0,stall
6548.0,6550.0,0,active
6550.0,6551.0,0,idle
6551.0,6556.0,0,stall
6556.0,6557.0,0,active
6557.0,6559.0,0,stall
6559.0,6560.0,0,active
6560.0,6561.0,0,idle
6561.0,6562.0,0,stall
6562.0,6563.0,0,active
6563.0,6564.0,0,stall
6564.0,6566.0,0,active
6566.0,6567.0,0,idle
6567.0,6569.0,0,stall
6569.0,6570.0,0,active
6570.0,6571.0,0,stall
6571.0,6572.0,0,idle
6572.0,6573.0,0,stall
6573.0,6574.0,0,active
6574.0,6576.0,0,stall
6576.0,6577.0,0,active
6577.0,6578.0,0,idle
6578.0,6579.0,0,stall
6579.0,6580.0,0,active
6580.0,6581.0,0,stall
6581.0,6583.0,0,active
6583.0,6584.0,0,idle
6584.0,6589.0,0,stall
6589.0,6590.0,0,active
6590.0,6592.0,0,stall
6592.0,6593.0,0,active
6593.0,6594.0,0,idle
6594.0,6595.0,0,stall
6595.0,6596.0,0,active
6596.0,6597.0,0,stall
6597.0,6599.0,0,active
6599.0,6600.0,0,idle
6600.0,6602.0,0,stall
6602.0,6603.0,0,active
6603.0,6604.0,0,stall
6604.0,6605.0,0,idle
6605.0,6606.0,0,stall
6606.0,6607.0,0,active
6607.0,6609.0,0,stall
6609.0,6610.0,0,active
6610.0,6611.0,0,idle
6611.0,6612.0,0,stall
6612.0,6613.0,0,active
6613.0,6614.0,0,stall
6614.0,6616.0,0,active
6616.0,6617.0,0,idle
6617.0,6622.0,0,stall
6622.0,6623.0,0,active
6623.0,6625.0,0,stall
6625.0,6626.0,0,active
6626.0,6627.0,0,idle
6627.0,6628.0,0,stall
6628.0,6629.0,0,active
6629.0,6630.0,0,stall
6630.0,6632.0,0,active
6632.0,6633.0,0,idle
6633.0,6635.0,0,stall
6635.0,6636.0,0,active
6636.0,6637.0,0,stall
6637.0,6638.0,0,idle
6638.0,6639.0,0,stall
6639.0,6640.0,0,active
6640.0,6642.0,0,stall
6642.0,6643.0,0,active
6643.0,6644.0,0,idle
6644.0,6645.0,0,stall
6645.0,6646.0,0,active
6646.0,6647.0,0,stall
6647.0,6649.0,0,active
6649.0,6650.0,0,idle
6650.0,6655.0,0,stall
6655.0,6656.0,0,active
6656.0,6658.0,0,stall
6658.0,6659.0,0,active
6659.0,6660.0,0,idle
6660.0,6661.0,0,stall
6661.0,6662.0,0,active
6662.0,6663.0,0,stall
6663.0,6665.0,0,active
6665.0,6666.0,0,idle
6666.0,6668.0,0,stall
6668.0,6669.0,0,active
6669.0,6670.0,0,stall
6670.0,6671.0,0,idle
6671.0,6672.0,0,stall
6672.0,6673.0,0,active
6673.0,6675.0,0,stall
6675.0,6676.0,0,active
6676.0,6677.0,0,idle
6677.0,6678.0,0,stall
6678.0,6679.0,0,active
6679.0,6680.0,0,stall
6680.0,6682.0,0,active
6682.0,6683.0,0,idle
6683.0,6688.0,0,stall
6688.0,6689.0,0,active
6689.0,6691.0,0,stall
6691.0,6692.0,0,active
6692.0,6693.0,0,idle
6693.0,6694.0,0,stall
6694.0,6695.0,0,active
6695.0,6696.0,0,stall
6696.0,6698.0,0,active
6698.0,6699.0,0,idle
6699.0,6701.0,0,stall
6701.0,6702.0,0,active
6702.0,6703.0,0,stall
6703.0,6704.0,0,idle
6704.0,6705.0,0,stall
6705.0,6706.0,0,active
6706.0,6708.0,0,stall
6708.0,6709.0,0,active
6709.0,6710.0,0,idle
6710.0,6711.0,0,stall
6711.0,6712.0,0,active
6712.0,6713.0,0,stall
6713.0,6715.0,0,active
6715.0,6716.0,0,idle
6716.0,6721.0,0,stall
6721.0,6722.0,0,active
6722.0,6724.0,0,stall
6724.0,6725.0,0,active
6725.0,6726.0,0,idle
6726.0,6727.0,0,stall
6727.0,6728.0,0,active
6728.0,6729.0,0,stall
6729.0,6731.0,0,active
6731.0,6732.0,0,idle
6732.0,6734.0,0,stall
6734.0,6735.0,0,active
6735.0,6736.0,0,stall
6736.0,6737.0,0,idle
6737.0,6738.0,0,stall
6738.0,6739.0,0,active
6739.0,6741.0,0,stall
6741.0,6742.0,0,active
6742.0,6743.0,0,idle
6743.0,6744.0,0,stall
6744.0,6745.0,0,active
6745.0,6746.0,0,stall
6746.0,6748.0,0,active
6748.0,6749.0,0,idle
6749.0,6754.0,0,stall
6754.0,6755.0,0,active
6755.0,6757.0,0,stall
6757.0,6758.0,0,active
6758.0,6759.0,0,idle
6759.0,6760.0,0,stall
6760.0,6761.0,0,active
6761.0,6762.0,0,stall
6762.0,6764.0,0,active
6764.0,6765.0,0,idle
6765.0,6767.0,0,stall
6767.0,6768.0,0,active
6768.0,6769.0,0,stall
6769.0,6770.0,0,idle
6770.0,6771.0,0,stall
6771.0,6772.0,0,active
6772.0,6774.0,0,stall
6774.0,6775.0,0,active
6775.0,6776.0,0,idle
6776.0,6777.0,0,stall
6777.0,6778.0,0,active
6778.0,6779.0,0,stall
6779.0,6781.0,0,active
6781.0,6782.0,0,idle
6782.0,6787.0,0,stall
6787.0,6788.0,0,active
6788.0,6790.0,0,stall
6790.0,6791.0,0,active
6791.0,6792.0,0,idle
6792.0,6793.0,0,stall
6793.0,6794.0,0,active
6794.0,6795.0,0,stall
6795.0,6797.0,0,active
6797.0,6798.0,0,idle
6798.0,6800.0,0,stall
6800.0,6801.0,0,active
6801.0,6802.0,0,stall
6802.0,6803.0,0,idle
6803.0,6804.0,0,stall
6804.0,6805.0,0,active
6805.0,6807.0,0,stall
6807.0,6808.0,0,active
6808.0,6809.0,0,idle
6809.0,6810.0,0,stall
6810.0,6811.0,0,active
6811.0,6812.0,0,stall
6812.0,6814.0,0,active
6814.0,6815.0,0,idle
6815.0,6820.0,0,stall
6820.0,6821.0,0,active
6821.0,6823.0,0,stall
6823.0,6824.0,0,active
6824.0,6825.0,0,idle
6825.0,6826.0,0,stall
6826.0,6827.0,0,active
6827.0,6828.0,0,stall
6828.0,6830.0,0,active
6830.0,6831.0,0,idle
6831.0,6833.0,0,stall
6833.0,6834.0,0,active
6834.0,6835.0,0,stall
6835.0,6836.0,0,idle
6836.0,6837.0,0,stall
6837.0,6838.0,0,active
6838.0,6840.0,0,stall
6840.0,6841.0,0,active
6841.0,6842.0,0,idle
6842.0,6843.0,0,stall
6843.0,6844.0,0,active
6844.0,6845.0,0,stall
6845.0,6847.0,0,active
6847.0,6848.0,0,idle
6848.0,6853.0,0,stall
6853.0,6854.0,0,active
6854.0,6856.0,0,stall
6856.0,6857.0,0,active
6857.0,6858.0,0,idle
6858.0,6859.0,0,stall
6859.0,6860.0,0,active
6860.0,6861.0,0,stall
6861.0,6863.0,0,active
6863.0,6864.0,0,idle
6864.0,6866.0,0,stall
6866.0,6867.0,0,active
6867.0,6868.0,0,stall
6868.0,6869.0,0,idle
6869.0,6870.0,0,stall
6870.0,6871.0,0,active
6871.0,6873.0,0,stall
6873.0,6874.0,0,active
6874.0,6875.0,0,idle
6875.0,6876.0,0,stall
6876.0,6877.0,0,active
6877.0,6878.0,0,stall
6878.0,6880.0,0,active
6880.0,6881.0,0,idle
6881.0,6886.0,0,stall
6886.0,6887.0,0,active
6887.0,6889.0,0,stall
6889.0,6890.0,0,active
6890.0,6891.0,0,idle
6891.0,6892.0,0,stall
6892.0,6893.0,0,active
6893.0,6894.0,0,stall
6894.0,6896.0,0,active
6896.0,6897.0,0,idle
6897.0,6899.0,0,stall
6899.0,6900.0,0,active
6900.0,6901.0,0,stall
6901.0,6902.0,0,idle
6902.0,6903.0,0,stall
6903.0,6904.0,0,active
6904.0,6906.0,0,stall
6906.0,6907.0,0,active
6907.0,6908.0,0,idle
6908.0,6909.0,0,stall
6909.0,6910.0,0,active
6910.0,6911.0,0,stall
6911.0,6913.0,0,active
6913.0,6914.0,0,idle
6914.0,6919.0,0,stall
6919.0,6920.0,0,active
6920.0,6922.0,0,stall
6922.0,6923.0,0,active
6923.0,6924.0,0,idle
6924.0,6925.0,0,stall
6925.0,6926.0,0,active
6926.0,6927.0,0,stall
6927.0,6929.0,0,active
6929.0,6930.0,0,idle
6930.0,6932.0,0,stall
6932.0,6933.0,0,active
6933.0,6934.0,0,stall
6934.0,6935.0,0,idle
6935.0,6936.0,0,stall
6936.0,6937.0,0,active
6937.0,6939.0,0,stall
6939.0,6940.0,0,active
6940.0,6941.0,0,idle
6941.0,6942.0,0,stall
6942.0,6943.0,0,active
6943.0,6944.0,0,stall
6944.0,6946.0,0,active
6946.0,6947.0,0,idle
6947.0,6952.0,0,stall
6952.0,6953.0,0,active
6953.0,6955.0,0,stall
6955.0,6956.0,0,active
6956.0,6957.0,0,idle
6957.0,6958.0,0,stall
6958.0,6959.0,0,active
6959.0,6960.0,0,stall
6960.0,6962.0,0,active
6962.0,6963.0,0,idle
6963.0,6965.0,0,stall
6965.0,6966.0,0,active
6966.0,6967.0,0,stall
6967.0,6968.0,0,idle
6968.0,6969.0,0,stall
6969.0,6970.0,0,active
6970.0,6972.0,0,stall
6972.0,6973.0,0,active
6973.0,6974.0,0,idle
6974.0,6975.0,0,stall
6975.0,6976.0,0,active
6976.0,6977.0,0,stall
6977.0,6979.0,0,active
6979.0,6980.0,0,idle
6980.0,6985.0,0,stall
6985.0,6986.0,0,active
6986.0,6988.0,0,stall
6988.0,6989.0,0,active
6989.0,6990.0,0,idle
6990.0,6991.0,0,stall
6991.0,6992.0,0,active
6992.0,6993.0,0,stall
6993.0,6995.0,0,active
6995.0,6996.0,0,idle
6996.0,6998.0,0,stall
6998.0,6999.0,0,active
6999.0,7000.0,0,stall
7000.0,7001.0,0,idle
7001.0,7002.0,0,stall
7002.0,7003.0,0,active
7003.0,7005.0,0,stall
7005.0,7006.0,0,active
7006.0,7007.0,0,idle
7007.0,7008.0,0,stall
7008.0,7009.0,0,active
7009.0,7010.0,0,stall
7010.0,7012.0,0,active
7012.0,7013.0,0,idle
7013.0,7018.0,0,stall
7018.0,7019.0,0,active
7019.0,7021.0,0,stall
7021.0,7022.0,0,active
7022.0,7023.0,0,idle
7023.0,7024.0,0,stall
7024.0,7025.0,0,active
7025.0,7026.0,0,stall
7026.0,7028.0,0,active
7028.0,7029.0,0,idle
7029.0,7031.0,0,stall
7031.0,7032.0,0,active
7032.0,7033.0,0,stall
7033.0,7034.0,0,idle
7034.0,7035.0,0,stall
7035.0,7036.0,0,active
7036.0,7038.0,0,stall
7038.0,7039.0,0,active
7039.0,7040.0,0,idle
7040.0,7041.0,0,stall
7041.0,7042.0,0,active
7042.0,7043.0,0,stall
7043.0,7045.0,0,active
7045.0,7046.0,0,idle
7046.0,7051.0,0,stall
7051.0,7052.0,0,active
7052.0,7054.0,0,stall
7054.0,7055.0,0,active
7055.0,7056.0,0,idle
7056.0,7057.0,0,stall
7057.0,7058.0,0,active
7058.0,7059.0,0,stall
7059.0,7061.0,0,active
7061.0,7062.0,0,idle
7062.0,7064.0,0,stall
7064.0,7065.0,0,active
7065.0,7066.0,0,stall
7066.0,7067.0,0,idle
7067.0,7068.0,0,stall
7068.0,7069.0,0,active
7069.0,7071.0,0,stall
7071.0,7072.0,0,active
7072.0,7073.0,0,idle
7073.0,7074.0,0,stall
7074.0,7075.0,0,active
7075.0,7076.0,0,stall
7076.0,7078.0,0,active
7078.0,7079.0,0,idle
7079.0,7084.0,0,stall
7084.0,7085.0,0,active
7085.0,7087.0,0,stall
7087.0,7088.0,0,active
7088.0,7089.0,0,idle
7089.0,7090.0,0,stall
7090.0,7091.0,0,active
7091.0,7092.0,0,stall
7092.0,7094.0,0,active
7094.0,7095.0,0,idle
7095.0,7097.0,0,stall
7097.0,7098.0,0,active
7098.0,7099.0,0,stall
7099.0,7100.0,0,idle
7100.0,7101.0,0,stall
7101.0,7102.0,0,active
7102.0,7104.0,0,stall
7104.0,7105.0,0,active
7105.0,7106.0,0,idle
7106.0,7107.0,0,stall
7107.0,7108.0,0,active
7108.0,7109.0,0,stall
7109.0,7111.0,0,active
7111.0,7112.0,0,idle
7112.0,7117.0,0,stall
7117.0,7118.0,0,active
7118.0,7120.0,0,stall
7120.0,7121.0,0,active
7121.0,7122.0,0,idle
7122.0,7123.0,0,stall
7123.0,7124.0,0,active
7124.0,7125.0,0,stall
7125.0,7127.0,0,active
7127.0,7128.0,0,idle
7128.0,7130.0,0,stall
7130.0,7131.0,0,active
7131.0,7132.0,0,stall
7132.0,7133.0,0,idle
7133.0,7134.0,0,stall
7134.0,7135.0,0,active
7135.0,7137.0,0,stall
7137.0,7138.0,0,active
7138.0,7139.0,0,idle
7139.0,7140.0,0,stall
7140.0,7141.0,0,active
7141.0,7142.0,0,stall
7142.0,7144.0,0,active
7144.0,7145.0,0,idle
7145.0,7150.0,0,stall
7150.0,7151.0,0,active
7151.0,7153.0,0,stall
7153.0,7154.0,0,active
7154.0,7155.0,0,idle
7155.0,7156.0,0,stall
7156.0,7157.0,0,active
7157.0,7158.0,0,stall
7158.0,7160.0,0,active
7160.0,7161.0,0,idle
7161.0,7163.0,0,stall
7163.0,7164.0,0,active
7164.0,7165.0,0,stall
7165.0,7166.0,0,idle
7166.0,7167.0,0,stall
7167.0,7168.0,0,active
7168.0,7170.0,0,stall
7170.0,7171.0,0,active
7171.0,7172.0,0,idle
7172.0,7173.0,0,stall
7173.0,7174.0,0,active
7174.0,7175.0,0,stall
7175.0,7177.0,0,active
7177.0,7178.0,0,idle
7178.0,7183.0,0,stall
7183.0,7184.0,0,active
7184.0,7186.0,0,stall
7186.0,7187.0,0,active
7187.0,7188.0,0,idle
7188.0,7189.0,0,stall
7189.0,7190.0,0,active
7190.0,7191.0,0,stall
7191.0,7193.0,0,active
7193.0,7194.0,0,idle
7194.0,7196.0,0,stall
7196.0,7197.0,0,active
7197.0,7198.0,0,stall
7198.0,7199.0,0,idle
7199.0,7200.0,0,stall
7200.0,7201.0,0,active
7201.0,7203.0,0,stall
7203.0,7204.0,0,active
7204.0,7205.0,0,idle
7205.0,7206.0,0,stall
7206.0,7207.0,0,active
7207.0,7208.0,0,stall
7208.0,7210.0,0,active
7210.0,7211.0,0,idle
7211.0,7216.0,0,stall
7216.0,7217.0,0,active
7217.0,7219.0,0,stall
7219.0,7220.0,0,active
7220.0,7221.0,0,idle
7221.0,7222.0,0,stall
7222.0,7223.0,0,active
7223.0,7224.0,0,stall
7224.0,7226.0,0,active
7226.0,7227.0,0,idle
7227.0,7229.0,0,stall
7229.0,7230.0,0,active
7230.0,7231.0,0,stall
7231.0,7232.0,0,idle
7232.0,7233.0,0,stall
7233.0,7234.0,0,active
7234.0,7236.0,0,stall
7236.0,7237.0,0,active
7237.0,7238.0,0,idle
7238.0,7239.0,0,stall
7239.0,7240.0,0,active
7240.0,7241.0,0,stall
7241.0,7243.0,0,active
7243.0,7244.0,0,idle
7244.0,7249.0,0,stall
7249.0,7250.0,0,active
7250.0,7252.0,0,stall
7252.0,7253.0,0,active
7253.0,7254.0,0,idle
7254.0,7255.0,0,stall
7255.0,7256.0,0,active
7256.0,7257.0,0,stall
7257.0,7259.0,0,active
7259.0,7260.0,0,idle
7260.0,7262.0,0,stall
7262.0,7263.0,0,active
7263.0,7264.0,0,stall
7264.0,7265.0,0,idle
7265.0,7266.0,0,stall
7266.0,7267.0,0,active
7267.0,7269.0,0,stall
7269.0,7270.0,0,active
7270.0,7271.0,0,idle
7271.0,7272.0,0,stall
7272.0,7273.0,0,active
7273.0,7274.0,0,stall
7274.0,7276.0,0,active
7276.0,7277.0,0,idle
7277.0,7282.0,0,stall
7282.0,7283.0,0,active
7283.0,7285.0,0,stall
7285.0,7286.0,0,active
7286.0,7287.0,0,idle
7287.0,7288.0,0,stall
7288.0,7289.0,0,active
7289.0,7290.0,0,stall
7290.0,7292.0,0,active
7292.0,7293.0,0,idle
7293.0,7295.0,0,stall
7295.0,7296.0,0,active
7296.0,7297.0,0,stall
7297.0,7298.0,0,idle
7298.0,7299.0,0,stall
7299.0,7300.0,0,active
7300.0,7302.0,0,stall
7302.0,7303.0,0,active
7303.0,7304.0,0,idle
7304.0,7305.0,0,stall
7305.0,7306.0,0,active
7306.0,7307.0,0,stall
7307.0,7309.0,0,active
7309.0,7310.0,0,idle
7310.0,7315.0,0,stall
7315.0,7316.0,0,active
7316.0,7318.0,0,stall
7318.0,7319.0,0,active
7319.0,7320.0,0,idle
7320.0,7321.0,0,stall
7321.0,7322.0,0,active
7322.0,7323.0,0,stall
7323.0,7325.0,0,active
7325.0,7326.0,0,idle
7326.0,7328.0,0,stall
7328.0,7329.0,0,active
7329.0,7330.0,0,stall
7330.0,7331.0,0,idle
7331.0,7332.0,0,stall
7332.0,7333.0,0,active
7333.0,7335.0,0,stall
7335.0,7336.0,0,active
7336.0,7337.0,0,idle
7337.0,7338.0,0,stall
7338.0,7339.0,0,active
7339.0,7340.0,0,stall
7340.0,7342.0,0,active
7342.0,7343.0,0,idle
7343.0,7348.0,0,stall
7348.0,7349.0,0,active
7349.0,7351.0,0,stall
7351.0,7352.0,0,active
7352.0,7353.0,0,idle
7353.0,7354.0,0,stall
7354.0,7355.0,0,active
7355.0,7356.0,0,stall
7356.0,7358.0,0,active
7358.0,7359.0,0,idle
7359.0,7361.0,0,stall
7361.0,7362.0,0,active
7362.0,7363.0,0,stall
7363.0,7364.0,0,idle
7364.0,7365.0,0,stall
7365.0,7366.0,0,active
7366.0,7368.0,0,stall
7368.0,7369.0,0,active
7369.0,7370.0,0,idle
7370.0,7371.0,0,stall
7371.0,7372.0,0,active
7372.0,7373.0,0,stall
7373.0,7375.0,0,active
7375.0,7376.0,0,idle
7376.0,7381.0,0,stall
7381.0,7382.0,0,active
7382.0,7384.0,0,stall
7384.0,7385.0,0,active
7385.0,7386.0,0,idle
7386.0,7387.0,0,stall
7387.0,7388.0,0,active
7388.0,7389.0,0,stall
7389.0,7391.0,0,active
7391.0,7392.0,0,idle
7392.0,7394.0,0,stall
7394.0,7395.0,0,active
7395.0,7396.0,0,stall
7396.0,7397.0,0,idle
7397.0,7398.0,0,stall
7398.0,7399.0,0,active
7399.0,7401.0,0,stall
7401.0,7402.0,0,active
7402.0,7403.0,0,idle
7403.0,7404.0,0,stall
7404.0,7405.0,0,active
7405.0,7406.0,0,stall
7406.0,7408.0,0,active
7408.0,7409.0,0,idle
7409.0,7414.0,0,stall
7414.0,7415.0,0,active
7415.0,7417.0,0,stall
7417.0,7418.0,0,active
7418.0,7419.0,0,idle
7419.0,7420.0,0,stall
7420.0,7421.0,0,active
7421.0,7422.0,0,stall
7422.0,7424.0,0,active
7424.0,7425.0,0,idle
7425.0,7427.0,0,stall
7427.0,7428.0,0,active
7428.0,7429.0,0,stall
7429.0,7430.0,0,idle
7430.0,7431.0,0,stall
7431.0,7432.0,0,active
7432.0,7434.0,0,stall
7434.0,7435.0,0,active
7435.0,7436.0,0,idle
7436.0,7437.0,0,stall
7437.0,7438.0,0,active
7438.0,7439.0,0,stall
7439.0,7441.0,0,active
7441.0,7442.0,0,idle
7442.0,7447.0,0,stall
7447.0,7448.0,0,active
7448.0,7450.0,0,stall
7450.0,7451.0,0,active
7451.0,7452.0,0,idle
7452.0,7453.0,0,stall
7453.0,7454.0,0,active
7454.0,7455.0,0,stall
7455.0,7457.0,0,active
7457.0,7458.0,0,idle
7458.0,7460.0,0,stall
7460.0,7461.0,0,active
7461.0,7462.0,0,stall
7462.0,7463.0,0,idle
7463.0,7464.0,0,stall
7464.0,7465.0,0,active
7465.0,7467.0,0,stall
7467.0,7468.0,0,active
7468.0,7469.0,0,idle
7469.0,7470.0,0,stall
7470.0,7471.0,0,active
7471.0,7472.0,0,stall
7472.0,7474.0,0,active
7474.0,7475.0,0,idle
7475.0,7480.0,0,stall
7480.0,7481.0,0,active
7481.0,7483.0,0,stall
7483.0,7484.0,0,active
7484.0,7485.0,0,idle
7485.0,7486.0,0,stall
7486.0,7487.0,0,active
7487.0,7488.0,0,stall
7488.0,7490.0,0,active
7490.0,7491.0,0,idle
7491.0,7493.0,0,stall
7493.0,7494.0,0,active
7494.0,7495.0,0,stall
7495.0,7496.0,0,idle
7496.0,7497.0,0,stall
7497.0,7498.0,0,active
7498.0,7500.0,0,stall
7500.0,7501.0,0,active
7501.0,7502.0,0,idle
7502.0,7503.0,0,stall
7503.0,7504.0,0,active
7504.0,7505.0,0,stall
7505.0,7507.0,0,active
7507.0,7508.0,0,idle
7508.0,7513.0,0,stall
7513.0,7514.0,0,active
7514.0,7516.0,0,stall
7516.0,7517.0,0,active
7517.0,7518.0,0,idle
7518.0,7519.0,0,stall
7519.0,7520.0,0,active
7520.0,7521.0,0,stall
7521.0,7523.0,0,active
7523.0,7524.0,0,idle
7524.0,7526.0,0,stall
7526.0,7527.0,0,active
7527.0,7528.0,0,stall
7528.0,7529.0,0,idle
7529.0,7530.0,0,stall
7530.0,7531.0,0,active
7531.0,7533.0,0,stall
7533.0,7534.0,0,active
7534.0,7535.0,0,idle
7535.0,7536.0,0,stall
7536.0,7537.0,0,active
7537.0,7538.0,0,stall
7538.0,7540.0,0,active
7540.0,7541.0,0,idle
7541.0,7546.0,0,stall
7546.0,7547.0,0,active
7547.0,7549.0,0,stall
7549.0,7550.0,0,active
7550.0,7551.0,0,idle
7551.0,7552.0,0,stall
7552.0,7553.0,0,active
7553.0,7554.0,0,stall
7554.0,7556.0,0,active
7556.0,7557.0,0,idle
7557.0,7559.0,0,stall
7559.0,7560.0,0,active
7560.0,7561.0,0,stall
7561.0,7562.0,0,idle
7562.0,7563.0,0,stall
7563.0,7564.0,0,active
7564.0,7566.0,0,stall
7566.0,7567.0,0,active
7567.0,7568.0,0,idle
7568.0,7569.0,0,stall
7569.0,7570.0,0,active
7570.0,7571.0,0,stall
7571.0,7573.0,0,active
7573.0,7574.0,0,idle
7574.0,7579.0,0,stall
7579.0,7580.0,0,active
7580.0,7582.0,0,stall
7582.0,7583.0,0,active
7583.0,7584.0,0,idle
7584.0,7585.0,0,stall
7585.0,7586.0,0,active
7586.0,7587.0,0,stall
7587.0,7589.0,0,active
7589.0,7590.0,0,idle
7590.0,7592.0,0,stall
7592.0,7593.0,0,active
7593.0,7594.0,0,stall
7594.0,7595.0,0,idle
7595.0,7596.0,0,stall
7596.0,7597.0,0,active
7597.0,7599.0,0,stall
7599.0,7600.0,0,active
7600.0,7601.0,0,idle
7601.0,7602.0,0,stall
7602.0,7603.0,0,active
7603.0,7604.0,0,stall
7604.0,7606.0,0,active
7606.0,7607.0,0,idle
7607.0,7612.0,0,stall
7612.0,7613.0,0,active
7613.0,7615.0,0,stall
7615.0,7616.0,0,active
7616.0,7617.0,0,idle
7617.0,7618.0,0,stall
7618.0,7619.0,0,active
7619.0,7620.0,0,stall
7620.0,7622.0,0,active
7622.0,7623.0,0,idle
7623.0,7625.0,0,stall
7625.0,7626.0,0,active
7626.0,7627.0,0,stall
7627.0,7628.0,0,idle
7628.0,7629.0,0,stall
7629.0,7630.0,0,active
7630.0,7632.0,0,stall
7632.0,7633.0,0,active
7633.0,7634.0,0,idle
7634.0,7635.0,0,stall
7635.0,7636.0,0,active
7636.0,7637.0,0,stall
7637.0,7639.0,0,active
7639.0,7640.0,0,idle
7640.0,7645.0,0,stall
7645.0,7646.0,0,active
7646.0,7648.0,0,stall
7648.0,7649.0,0,active
7649.0,7650.0,0,idle
7650.0,7651.0,0,stall
7651.0,7652.0,0,active
7652.0,7653.0,0,stall
7653.0,7655.0,0,active
7655.0,7656.0,0,idle
7656.0,7658.0,0,stall
7658.0,7659.0,0,active
7659.0,7660.0,0,stall
7660.0,7661.0,0,idle
7661.0,7662.0,0,stall
7662.0,7663.0,0,active
7663.0,7665.0,0,stall
7665.0,7666.0,0,active
7666.0,7667.0,0,idle
7667.0,7668.0,0,stall
7668.0,7669.0,0,active
7669.0,7670.0,0,stall
7670.0,7672.0,0,active
7672.0,7673.0,0,idle
7673.0,7678.0,0,stall
7678.0,7679.0,0,active
7679.0,7681.0,0,stall
7681.0,7682.0,0,active
7682.0,7683.0,0,idle
7683.0,7684.0,0,stall
7684.0,7685.0,0,active
7685.0,7686.0,0,stall
7686.0,7688.0,0,active
7688.0,7689.0,0,idle
7689.0,7691.0,0,stall
7691.0,7692.0,0,active
7692.0,7693.0,0,stall
7693.0,7694.0,0,idle
7694.0,7695.0,0,stall
7695.0,7696.0,0,active
7696.0,7698.0,0,stall
7698.0,7699.0,0,active
7699.0,7700.0,0,idle
7700.0,7701.0,0,stall
7701.0,7702.0,0,active
7702.0,7703.0,0,stall
7703.0,7705.0,0,active
7705.0,7706.0,0,idle
7706.0,7711.0,0,stall
7711.0,7712.0,0,active
7712.0,7714.0,0,stall
7714.0,7715.0,0,active
7715.0,7716.0,0,idle
7716.0,7717.0,0,stall
7717.0,7718.0,0,active
7718.0,7719.0,0,stall
7719.0,7721.0,0,active
7721.0,7722.0,0,idle
7722.0,7724.0,0,stall
7724.0,7725.0,0,active
7725.0,7726.0,0,stall
7726.0,7727.0,0,idle
7727.0,7728.0,0,stall
7728.0,7729.0,0,active
7729.0,7731.0,0,stall
7731.0,7732.0,0,active
7732.0,7733.0,0,idle
7733.0,7734.0,0,stall
7734.0,7735.0,0,active
7735.0,7736.0,0,stall
7736.0,7738.0,0,active
7738.0,7739.0,0,idle
7739.0,7744.0,0,stall
7744.0,7745.0,0,active
7745.0,7747.0,0,stall
7747.0,7748.0,0,active
7748.0,7749.0,0,idle
7749.0,7750.0,0,stall
7750.0,7751.0,0,active
7751.0,7752.0,0,stall
7752.0,7754.0,0,active
7754.0,7755.0,0,idle
7755.0,7757.0,0,stall
7757.0,7758.0,0,active
7758.0,7759.0,0,stall
7759.0,7760.0,0,idle
7760.0,7761.0,0,stall
7761.0,7762.0,0,active
7762.0,7764.0,0,stall
7764.0,7765.0,0,active
7765.0,7766.0,0,idle
7766.0,7767.0,0,stall
7767.0,7768.0,0,active
7768.0,7769.0,0,stall
7769.0,7771.0,0,active
7771.0,7772.0,0,idle
7772.0,7777.0,0,stall
7777.0,7778.0,0,active
7778.0,7780.0,0,stall
7780.0,7781.0,0,active
7781.0,7782.0,0,idle
7782.0,7783.0,0,stall
7783.0,7784.0,0,active
7784.0,7785.0,0,stall
7785.0,7787.0,0,active
7787.0,7788.0,0,idle
7788.0,7790.0,0,stall
7790.0,7791.0,0,active
7791.0,7792.0,0,stall
7792.0,7793.0,0,idle
7793.0,7794.0,0,stall
7794.0,7795.0,0,active
7795.0,7797.0,0,stall
7797.0,7798.0,0,active
7798.0,7799.0,0,idle
7799.0,7800.0,0,stall
7800.0,7801.0,0,active
7801.0,7802.0,0,stall
7802.0,7804.0,0,active
7804.0,7805.0,0,idle
7805.0,7810.0,0,stall
7810.0,7811.0,0,active
7811.0,7813.0,0,stall
7813.0,7814.0,0,active
7814.0,7815.0,0,idle
7815.0,7816.0,0,stall
7816.0,7817.0,0,active
7817.0,7818.0,0,stall
7818.0,7820.0,0,active
7820.0,7821.0,0,idle
7821.0,7823.0,0,stall
7823.0,7824.0,0,active
7824.0,7825.0,0,stall
7825.0,7826.0,0,idle
7826.0,7827.0,0,stall
7827.0,7828.0,0,active
7828.0,7830.0,0,stall
7830.0,7831.0,0,active
7831.0,7832.0,0,idle
7832.0,7833.0,0,stall
7833.0,7834.0,0,active
7834.0,7835.0,0,stall
7835.0,7837.0,0,active
7837.0,7838.0,0,idle
7838.0,7843.0,0,stall
7843.0,7844.0,0,active
7844.0,7846.0,0,stall
7846.0,7847.0,0,active
7847.0,7848.0,0,idle
7848.0,7849.0,0,stall
7849.0,7850.0,0,active
7850.0,7851.0,0,stall
7851.0,7853.0,0,active
7853.0,7854.0,0,idle
7854.0,7856.0,0,stall
7856.0,7857.0,0,active
7857.0,7858.0,0,stall
7858.0,7859.0,0,idle
7859.0,7860.0,0,stall
7860.0,7861.0,0,active
7861.0,7863.0,0,stall
7863.0,7864.0,0,active
7864.0,7865.0,0,idle
7865.0,7866.0,0,stall
7866.0,7867.0,0,active
7867.0,7868.0,0,stall
7868.0,7870.0,0,active
7870.0,7871.0,0,idle
7871.0,7876.0,0,stall
7876.0,7877.0,0,active
7877.0,7879.0,0,stall
7879.0,7880.0,0,active
7880.0,7881.0,0,idle
7881.0,7882.0,0,stall
7882.0,7883.0,0,active
7883.0,7884.0,0,stall
7884.0,7886.0,0,active
7886.0,7887.0,0,idle
7887.0,7889.0,0,stall
7889.0,7890.0,0,active
7890.0,7891.0,0,stall
7891.0,7892.0,0,idle
7892.0,7893.0,0,stall
7893.0,7894.0,0,active
7894.0,7896.0,0,stall
7896.0,7897.0,0,active
7897.0,7898.0,0,idle
7898.0,7899.0,0,stall
7899.0,7900.0,0,active
7900.0,7901.0,0,stall
7901.0,7903.0,0,active
7903.0,7904.0,0,idle
7904.0,7909.0,0,stall
7909.0,7910.0,0,active
7910.0,7912.0,0,stall
7912.0,7913.0,0,active
7913.0,7914.0,0,idle
7914.0,7915.0,0,stall
7915.0,7916.0,0,active
7916.0,7917.0,0,stall
7917.0,7919.0,0,active
7919.0,7920.0,0,idle
7920.0,7922.0,0,stall
7922.0,7923.0,0,active
7923.0,7924.0,0,stall
7924.0,7925.0,0,idle
7925.0,7926.0,0,stall
7926.0,7927.0,0,active
7927.0,7929.0,0,stall
7929.0,7930.0,0,active
7930.0,7931.0,0,idle
7931.0,7932.0,0,stall
7932.0,7933.0,0,active
7933.0,7934.0,0,stall
7934.0,7936.0,0,active
7936.0,7937.0,0,idle
7937.0,7942.0,0,stall
7942.0,7943.0,0,active
7943.0,7945.0,0,stall
7945.0,7946.0,0,active
7946.0,7947.0,0,idle
7947.0,7948.0,0,stall
7948.0,7949.0,0,active
7949.0,7950.0,0,stall
7950.0,7952.0,0,active
7952.0,7953.0,0,idle
7953.0,7955.0,0,stall
7955.0,7956.0,0,active
7956.0,7957.0,0,stall
7957.0,7958.0,0,idle
7958.0,7959.0,0,stall
7959.0,7960.0,0,active
7960.0,7962.0,0,stall
7962.0,7963.0,0,active
7963.0,7964.0,0,idle
7964.0,7965.0,0,stall
7965.0,7966.0,0,active
7966.0,7967.0,0,stall
7967.0,7969.0,0,active
7969.0,7970.0,0,idle
7970.0,7975.0,0,stall
7975.0,7976.0,0,active
7976.0,7978.0,0,stall
7978.0,7979.0,0,active
7979.0,7980.0,0,idle
7980.0,7981.0,0,stall
7981.0,7982.0,0,active
7982.0,7983.0,0,stall
7983.0,7985.0,0,active
7985.0,7986.0,0,idle
7986.0,7988.0,0,stall
7988.0,7989.0,0,active
7989.0,7990.0,0,stall
7990.0,7991.0,0,idle
7991.0,7992.0,0,stall
7992.0,7993.0,0,active
7993.0,7995.0,0,stall
7995.0,7996.0,0,active
7996.0,7997.0,0,idle
7997.0,7998.0,0,stall
7998.0,7999.0,0,active
7999.0,8000.0,0,stall
8000.0,8002.0,0,active
8002.0,8003.0,0,idle
8003.0,8008.0,0,stall
8008.0,8009.0,0,active
8009.0,8011.0,0,stall
8011.0,8012.0,0,active
8012.0,8013.0,0,idle
8013.0,8014.0,0,stall
8014.0,8015.0,0,active
8015.0,8016.0,0,stall
8016.0,8018.0,0,active
8018.0,8019.0,0,idle
8019.0,8021.0,0,stall
8021.0,8022.0,0,active
8022.0,8023.0,0,stall
8023.0,8024.0,0,idle
8024.0,8025.0,0,stall
8025.0,8026.0,0,active
8026.0,8028.0,0,stall
8028.0,8029.0,0,active
8029.0,8030.0,0,idle
8030.0,8031.0,0,stall
8031.0,8032.0,0,active
8032.0,8033.0,0,stall
8033.0,8035.0,0,active
8035.0,8036.0,0,idle
8036.0,8041.0,0,stall
8041.0,8042.0,0,active
8042.0,8044.0,0,stall
8044.0,8045.0,0,active
8045.0,8046.0,0,idle
8046.0,8047.0,0,stall
8047.0,8048.0,0,active
8048.0,8049.0,0,stall
8049.0,8051.0,0,active
8051.0,8052.0,0,idle
8052.0,8054.0,0,stall
8054.0,8055.0,0,active
8055.0,8056.0,0,stall
8056.0,8057.0,0,idle
8057.0,8058.0,0,stall
8058.0,8059.0,0,active
8059.0,8061.0,0,stall
8061.0,8062.0,0,active
8062.0,8063.0,0,idle
8063.0,8064.0,0,stall
8064.0,8065.0,0,active
8065.0,8066.0,0,stall
8066.0,8068.0,0,active
8068.0,8069.0,0,idle
8069.0,8074.0,0,stall
8074.0,8075.0,0,active
8075.0,8077.0,0,stall
8077.0,8078.0,0,active
8078.0,8079.0,0,idle
8079.0,8080.0,0,stall
8080.0,8081.0,0,active
8081.0,8082.0,0,stall
8082.0,8084.0,0,active
8084.0,8085.0,0,idle
8085.0,8087.0,0,stall
8087.0,8088.0,0,active
8088.0,8089.0,0,stall
8089.0,8090.0,0,idle
8090.0,8091.0,0,stall
8091.0,8092.0,0,active
8092.0,8094.0,0,stall
8094.0,8095.0,0,active
8095.0,8096.0,0,idle
8096.0,8097.0,0,stall
8097.0,8098.0,0,active
8098.0,8099.0,0,stall
8099.0,8101.0,0,active
8101.0,8102.0,0,idle
8102.0,8107.0,0,stall
8107.0,8108.0,0,active
8108.0,8110.0,0,stall
8110.0,8111.0,0,active
8111.0,8112.0,0,idle
8112.0,8113.0,0,stall
8113.0,8114.0,0,active
8114.0,8115.0,0,stall
8115.0,8117.0,0,active
8117.0,8118.0,0,idle
8118.0,8120.0,0,stall
8120.0,8121.0,0,active
8121.0,8122.0,0,stall
8122.0,8123.0,0,idle
8123.0,8124.0,0,stall
8124.0,8125.0,0,active
8125.0,8127.0,0,stall
8127.0,8128.0,0,active
8128.0,8129.0,0,idle
8129.0,8130.0,0,stall
8130.0,8131.0,0,active
8131.0,8132.0,0,stall
8132.0,8134.0,0,active
8134.0,8135.0,0,idle
8135.0,8140.0,0,stall
8140.0,8141.0,0,active
8141.0,8143.0,0,stall
8143.0,8144.0,0,active
8144.0,8145.0,0,idle
8145.0,8146.0,0,stall
8146.0,8147.0,0,active
8147.0,8148.0,0,stall
8148.0,8150.0,0,active
8150.0,8151.0,0,idle
8151.0,8153.0,0,stall
8153.0,8154.0,0,active
8154.0,8155.0,0,stall
8155.0,8156.0,0,idle
8156.0,8157.0,0,stall
8157.0,8158.0,0,active
8158.0,8160.0,0,stall
8160.0,8161.0,0,active
8161.0,8162.0,0,idle
8162.0,8163.0,0,stall
8163.0,8164.0,0,active
8164.0,8165.0,0,stall
8165.0,8167.0,0,active
8167.0,8168.0,0,idle
8168.0,8173.0,0,stall
8173.0,8174.0,0,active
8174.0,8176.0,0,stall
8176.0,8177.0,0,active
8177.0,8178.0,0,idle
8178.0,8179.0,0,stall
8179.0,8180.0,0,active
8180.0,8181.0,0,stall
8181.0,8183.0,0,active
8183.0,8184.0,0,idle
8184.0,8186.0,0,stall
8186.0,8187.0,0,active
8187.0,8188.0,0,stall
8188.0,8189.0,0,idle
8189.0,8190.0,0,stall
8190.0,8191.0,0,active
8191.0,8193.0,0,stall
8193.0,8194.0,0,active
8194.0,8195.0,0,idle
8195.0,8196.0,0,stall
8196.0,8197.0,0,active
8197.0,8198.0,0,stall
8198.0,8200.0,0,active
8200.0,8201.0,0,idle
8201.0,8206.0,0,stall
8206.0,8207.0,0,active
8207.0,8209.0,0,stall
8209.0,8210.0,0,active
8210.0,8211.0,0,idle
8211.0,8212.0,0,stall
8212.0,8213.0,0,active
8213.0,8214.0,0,stall
8214.0,8216.0,0,active
8216.0,8217.0,0,idle
8217.0,8219.0,0,stall
8219.0,8220.0,0,active
8220.0,8221.0,0,stall
8221.0,8222.0,0,idle
8222.0,8223.0,0,stall
8223.0,8224.0,0,active
8224.0,8226.0,0,stall
8226.0,8227.0,0,active
8227.0,8228.0,0,idle
8228.0,8229.0,0,stall
8229.0,8230.0,0,active
8230.0,8231.0,0,stall
8231.0,8233.0,0,active
8233.0,8234.0,0,idle
8234.0,8239.0,0,stall
8239.0,8240.0,0,active
8240.0,8242.0,0,stall
8242.0,8243.0,0,active
8243.0,8244.0,0,idle
8244.0,8245.0,0,stall
8245.0,8246.0,0,active
8246.0,8247.0,0,stall
8247.0,8249.0,0,active
8249.0,8250.0,0,idle
8250.0,8252.0,0,stall
8252.0,8253.0,0,active
8253.0,8254.0,0,stall
8254.0,8255.0,0,idle
8255.0,8256.0,0,stall
8256.0,8257.0,0,active
8257.0,8259.0,0,stall
8259.0,8260.0,0,active
8260.0,8261.0,0,idle
8261.0,8262.0,0,stall
8262.0,8263.0,0,active
8263.0,8264.0,0,stall
8264.0,8266.0,0,active
8266.0,8267.0,0,idle
8267.0,8272.0,0,stall
8272.0,8273.0,0,active
8273.0,8275.0,0,stall
8275.0,8276.0,0,active
8276.0,8277.0,0,idle
8277.0,8278.0,0,stall
8278.0,8279.0,0,active
8279.0,8280.0,0,stall
8280.0,8282.0,0,active
8282.0,8283.0,0,idle
8283.0,8285.0,0,stall
8285.0,8286.0,0,active
8286.0,8287.0,0,stall
8287.0,8288.0,0,idle
8288.0,8289.0,0,stall
8289.0,8290.0,0,active
8290.0,8292.0,0,stall
8292.0,8293.0,0,active
8293.0,8294.0,0,idle
8294.0,8295.0,0,stall
8295.0,8296.0,0,active
8296.0,8297.0,0,stall
8297.0,8299.0,0,active
8299.0,8300.0,0,idle
8300.0,8305.0,0,stall
8305.0,8306.0,0,active
8306.0,8308.0,0,stall
8308.0,8309.0,0,active
8309.0,8310.0,0,idle
8310.0,8311.0,0,stall
8311.0,8312.0,0,active
8312.0,8313.0,0,stall
8313.0,8315.0,0,active
8315.0,8316.0,0,idle
8316.0,8318.0,0,stall
8318.0,8319.0,0,active
8319.0,8320.0,0,stall
8320.0,8321.0,0,idle
8321.0,8322.0,0,stall
8322.0,8323.0,0,active
8323.0,8325.0,0,stall
8325.0,8326.0,0,active
8326.0,8327.0,0,idle
8327.0,8328.0,0,stall
8328.0,8329.0,0,active
8329.0,8330.0,0,stall
8330.0,8332.0,0,active
8332.0,8333.0,0,idle
8333.0,8338.0,0,stall
8338.0,8339.0,0,active
8339.0,8341.0,0,stall
8341.0,8342.0,0,active
8342.0,8343.0,0,idle
8343.0,8344.0,0,stall
8344.0,8345.0,0,active
8345.0,8346.0,0,stall
8346.0,8348.0,0,active
8348.0,8349.0,0,idle
8349.0,8351.0,0,stall
8351.0,8352.0,0,active
8352.0,8353.0,0,stall
8353.0,8354.0,0,idle
8354.0,8355.0,0,stall
8355.0,8356.0,0,active
8356.0,8358.0,0,stall
8358.0,8359.0,0,active
8359.0,8360.0,0,idle
8360.0,8361.0,0,stall
8361.0,8362.0,0,active
8362.0,8363.0,0,stall
8363.0,8365.0,0,active
8365.0,8366.0,0,idle
8366.0,8371.0,0,stall
8371.0,8372.0,0,active
8372.0,8374.0,0,stall
8374.0,8375.0,0,active
8375.0,8376.0,0,idle
8376.0,8377.0,0,stall
8377.0,8378.0,0,active
8378.0,8379.0,0,stall
8379.0,8381.0,0,active
8381.0,8382.0,0,idle
8382.0,8384.0,0,stall
8384.0,8385.0,0,active
8385.0,8386.0,0,stall
8386.0,8387.0,0,idle
8387.0,8388.0,0,stall
8388.0,8389.0,0,active
8389.0,8391.0,0,stall
8391.0,8392.0,0,active
8392.0,8393.0,0,idle
8393.0,8394.0,0,stall
8394.0,8395.0,0,active
8395.0,8396.0,0,stall
8396.0,8398.0,0,active
8398.0,8399.0,0,idle
8399.0,8404.0,0,stall
8404.0,8405.0,0,active
8405.0,8407.0,0,stall
8407.0,8408.0,0,active
8408.0,8409.0,0,idle
8409.0,8410.0,0,stall
8410.0,8411.0,0,active
8411.0,8412.0,0,stall
8412.0,8414.0,0,active
8414.0,8415.0,0,idle
8415.0,8417.0,0,stall
8417.0,8418.0,0,active
8418.0,8419.0,0,stall
8419.0,8420.0,0,idle
8420.0,8421.0,0,stall
8421.0,8422.0,0,active
8422.0,8424.0,0,stall
8424.0,8425.0,0,active
8425.0,8426.0,0,idle
8426.0,8427.0,0,stall
8427.0,8428.0,0,active
8428.0,8429.0,0,stall
8429.0,8431.0,0,active
8431.0,8432.0,0,idle
8432.0,8437.0,0,stall
8437.0,8438.0,0,active
8438.0,8440.0,0,stall
8440.0,8441.0,0,active
8441.0,8442.0,0,idle
8442.0,8443.0,0,stall
8443.0,8444.0,0,active
8444.0,8445.0,0,stall
8445.0,8447.0,0,active
8447.0,8448.0,0,idle
8448.0,8450.0,0,stall
8450.0,8451.0,0,active
8451.0,8452.0,0,stall
8452.0,8453.0,0,idle
8453.0,8454.0,0,stall
8454.0,8455.0,0,active
8455.0,8457.0,0,stall
8457.0,8458.0,0,active
8458.0,8459.0,0,idle
8459.0,8460.0,0,stall
8460.0,8461.0,0,active
8461.0,8462.0,0,stall
8462.0,8464.0,0,active
8464.0,8465.0,0,idle
8465.0,8470.0,0,stall
8470.0,8471.0,0,active
8471.0,8473.0,0,stall
8473.0,8474.0,0,active
8474.0,8475.0,0,idle
8475.0,8476.0,0,stall
8476.0,8477.0,0,active
8477.0,8478.0,0,stall
8478.0,8480.0,0,active
8480.0,8481.0,0,idle
8481.0,8483.0,0,stall
8483.0,8484.0,0,active
8484.0,8485.0,0,stall
8485.0,8486.0,0,idle
8486.0,8487.0,0,stall
8487.0,8488.0,0,active
8488.0,8490.0,0,stall
8490.0,8491.0,0,active
8491.0,8492.0,0,idle
8492.0,8493.0,0,stall
8493.0,8494.0,0,active
8494.0,8495.0,0,stall
8495.0,8497.0,0,active
8497.0,8498.0,0,idle
8498.0,8503.0,0,stall
8503.0,8504.0,0,active
8504.0,8506.0,0,stall
8506.0,8507.0,0,active
8507.0,8508.0,0,idle
8508.0,8509.0,0,stall
8509.0,8510.0,0,active
8510.0,8511.0,0,stall
8511.0,8513.0,0,active
8513.0,8514.0,0,idle
8514.0,8516.0,0,stall
8516.0,8517.0,0,active
8517.0,8518.0,0,stall
8518.0,8519.0,0,idle
8519.0,8520.0,0,stall
8520.0,8521.0,0,active
8521.0,8523.0,0,stall
8523.0,8524.0,0,active
8524.0,8525.0,0,idle
8525.0,8526.0,0,stall
8526.0,8527.0,0,active
8527.0,8528.0,0,stall
8528.0,8530.0,0,active
8530.0,8531.0,0,idle
8531.0,8536.0,0,stall
8536.0,8537.0,0,active
8537.0,8539.0,0,stall
8539.0,8540.0,0,active
8540.0,8541.0,0,idle
8541.0,8542.0,0,stall
8542.0,8543.0,0,active
8543.0,8544.0,0,stall
8544.0,8546.0,0,active
8546.0,8547.0,0,idle
8547.0,8549.0,0,stall
8549.0,8550.0,0,active
8550.0,8551.0,0,stall
8551.0,8552.0,0,idle
8552.0,8553.0,0,stall
8553.0,8554.0,0,active
8554.0,8556.0,0,stall
8556.0,8557.0,0,active
8557.0,8558.0,0,idle
8558.0,8559.0,0,stall
8559.0,8560.0,0,active
8560.0,8561.0,0,stall
8561.0,8563.0,0,active
8563.0,8564.0,0,idle
8564.0,8569.0,0,stall
8569.0,8570.0,0,active
8570.0,8572.0,0,stall
8572.0,8573.0,0,active
8573.0,8574.0,0,idle
8574.0,8575.0,0,stall
8575.0,8576.0,0,active
8576.0,8577.0,0,stall
8577.0,8579.0,0,active
8579.0,8580.0,0,idle
8580.0,8582.0,0,stall
8582.0,8583.0,0,active
8583.0,8584.0,0,stall
8584.0,8585.0,0,idle
8585.0,8586.0,0,stall
8586.0,8587.0,0,active
8587.0,8589.0,0,stall
8589.0,8590.0,0,active
8590.0,8591.0,0,idle
8591.0,8592.0,0,stall
8592.0,8593.0,0,active
8593.0,8594.0,0,stall
8594.0,8596.0,0,active
8596.0,8597.0,0,idle
8597.0,8602.0,0,stall
8602.0,8603.0,0,active
8603.0,8605.0,0,stall
8605.0,8606.0,0,active
8606.0,8607.0,0,idle
8607.0,8608.0,0,stall
8608.0,8609.0,0,active
8609.0,8610.0,0,stall
8610.0,8612.0,0,active
8612.0,8613.0,0,idle
8613.0,8615.0,0,stall
8615.0,8616.0,0,active
8616.0,8617.0,0,stall
8617.0,8618.0,0,idle
8618.0,8619.0,0,stall
8619.0,8620.0,0,active
8620.0,8622.0,0,stall
8622.0,8623.0,0,active
8623.0,8624.0,0,idle
8624.0,8625.0,0,stall
8625.0,8626.0,0,active
8626.0,8627.0,0,stall
8627.0,8629.0,0,active
8629.0,8630.0,0,idle
8630.0,8635.0,0,stall
8635.0,8636.0,0,active
8636.0,8638.0,0,stall
8638.0,8639.0,0,active
8639.0,8640.0,0,idle
8640.0,8641.0,0,stall
8641.0,8642.0,0,active
8642.0,8643.0,0,stall
8643.0,8645.0,0,active
8645.0,8646.0,0,idle
8646.0,8648.0,0,stall
8648.0,8649.0,0,active
8649.0,8650.0,0,stall
8650.0,8651.0,0,idle
8651.0,8652.0,0,stall
8652.0,8653.0,0,active
8653.0,8655.0,0,stall
8655.0,8656.0,0,active
8656.0,8657.0,0,idle
8657.0,8658.0,0,stall
8658.0,8659.0,0,active
8659.0,8660.0,0,stall
8660.0,8662.0,0,active
8662.0,8663.0,0,idle
8663.0,8668.0,0,stall
8668.0,8669.0,0,active
8669.0,8671.0,0,stall
8671.0,8672.0,0,active
8672.0,8673.0,0,idle
8673.0,8674.0,0,stall
8674.0,8675.0,0,active
8675.0,8676.0,0,stall
8676.0,8678.0,0,active
8678.0,8679.0,0,idle
8679.0,8681.0,0,stall
8681.0,8682.0,0,active
8682.0,8683.0,0,stall
8683.0,8684.0,0,idle
8684.0,8685.0,0,stall
8685.0,8686.0,0,active
8686.0,8688.0,0,stall
8688.0,8689.0,0,active
8689.0,8690.0,0,idle
8690.0,8691.0,0,stall
8691.0,8692.0,0,active
8692.0,8693.0,0,stall
8693.0,8695.0,0,active
8695.0,8696.0,0,idle
8696.0,8701.0,0,stall
8701.0,8702.0,0,active
8702.0,8704.0,0,stall
8704.0,8705.0,0,active
8705.0,8706.0,0,idle
8706.0,8707.0,0,stall
8707.0,8708.0,0,active
8708.0,8709.0,0,stall
8709.0,8711.0,0,active
8711.0,8712.0,0,idle
8712.0,8714.0,0,stall
8714.0,8715.0,0,active
8715.0,8716.0,0,stall
8716.0,8717.0,0,idle
8717.0,8718.0,0,stall
8718.0,8719.0,0,active
8719.0,8721.0,0,stall
8721.0,8722.0,0,active
8722.0,8723.0,0,idle
8723.0,8724.0,0,stall
8724.0,8725.0,0,active
8725.0,8726.0,0,stall
8726.0,8728.0,0,active
8728.0,8729.0,0,idle
8729.0,8734.0,0,stall
8734.0,8735.0,0,active
8735.0,8737.0,0,stall
8737.0,8738.0,0,active
8738.0,8739.0,0,idle
8739.0,8740.0,0,stall
8740.0,8741.0,0,active
8741.0,8742.0,0,stall
8742.0,8744.0,0,active
8744.0,8745.0,0,idle
8745.0,8747.0,0,stall
8747.0,8748.0,0,active
8748.0,8749.0,0,stall
8749.0,8750.0,0,idle
8750.0,8751.0,0,stall
8751.0,8752.0,0,active
8752.0,8754.0,0,stall
8754.0,8755.0,0,active
8755.0,8756.0,0,idle
8756.0,8757.0,0,stall
8757.0,8758.0,0,active
8758.0,8759.0,0,stall
8759.0,8761.0,0,active
8761.0,8762.0,0,idle
8762.0,8767.0,0,stall
8767.0,8768.0,0,active
8768.0,8770.0,0,stall
8770.0,8771.0,0,active
8771.0,8772.0,0,idle
8772.0,8773.0,0,stall
8773.0,8774.0,0,active
8774.0,8775.0,0,stall
8775.0,8777.0,0,active
8777.0,8778.0,0,idle
8778.0,8780.0,0,stall
8780.0,8781.0,0,active
8781.0,8782.0,0,stall
8782.0,8783.0,0,idle
8783.0,8784.0,0,stall
8784.0,8785.0,0,active
8785.0,8787.0,0,stall
8787.0,8788.0,0,active
8788.0,8789.0,0,idle
8789.0,8790.0,0,stall
8790.0,8791.0,0,active
8791.0,8792.0,0,stall
8792.0,8794.0,0,active
8794.0,8795.0,0,idle
8795.0,8800.0,0,stall
8800.0,8801.0,0,active
8801.0,8803.0,0,stall
8803.0,8804.0,0,active
8804.0,8805.0,0,idle
8805.0,8806.0,0,stall
8806.0,8807.0,0,active
8807.0,8808.0,0,stall
8808.0,8810.0,0,active
8810.0,8811.0,0,idle
8811.0,8813.0,0,stall
8813.0,8814.0,0,active
8814.0,8815.0,0,stall
8815.0,8816.0,0,idle
8816.0,8817.0,0,stall
8817.0,8818.0,0,active
8818.0,8820.0,0,stall
8820.0,8821.0,0,active
8821.0,8822.0,0,idle
8822.0,8823.0,0,stall
8823.0,8824.0,0,active
8824.0,8825.0,0,stall
8825.0,8827.0,0,active
8827.0,8828.0,0,idle
8828.0,8833.0,0,stall
8833.0,8834.0,0,active
8834.0,8836.0,0,stall
8836.0,8837.0,0,active
8837.0,8838.0,0,idle
8838.0,8839.0,0,stall
8839.0,8840.0,0,active
8840.0,8841.0,0,stall
8841.0,8843.0,0,active
8843.0,8844.0,0,idle
8844.0,8846.0,0,stall
8846.0,8847.0,0,active
8847.0,8848.0,0,stall
8848.0,8849.0,0,idle
8849.0,8850.0,0,stall
8850.0,8851.0,0,active
8851.0,8853.0,0,stall
8853.0,8854.0,0,active
8854.0,8855.0,0,idle
8855.0,8856.0,0,stall
8856.0,8857.0,0,active
8857.0,8858.0,0,stall
8858.0,8860.0,0,active
8860.0,8861.0,0,idle
8861.0,8866.0,0,stall
8866.0,8867.0,0,active
8867.0,8869.0,0,stall
8869.0,8870.0,0,active
8870.0,8871.0,0,idle
8871.0,8872.0,0,stall
8872.0,8873.0,0,active
8873.0,8874.0,0,stall
8874.0,8876.0,0,active
8876.0,8877.0,0,idle
8877.0,8879.0,0,stall
8879.0,8880.0,0,active
8880.0,8881.0,0,stall
8881.0,8882.0,0,idle
8882.0,8883.0,0,stall
8883.0,8884.0,0,active
8884.0,8886.0,0,stall
8886.0,8887.0,0,active
8887.0,8888.0,0,idle
8888.0,8889.0,0,stall
8889.0,8890.0,0,active
8890.0,8891.0,0,stall
8891.0,8893.0,0,active
8893.0,8894.0,0,idle
8894.0,8899.0,0,stall
8899.0,8900.0,0,active
8900.0,8902.0,0,stall
8902.0,8903.0,0,active
8903.0,8904.0,0,idle
8904.0,8905.0,0,stall
8905.0,8906.0,0,active
8906.0,8907.0,0,stall
8907.0,8909.0,0,active
8909.0,8910.0,0,idle
8910.0,8912.0,0,stall
8912.0,8913.0,0,active
8913.0,8914.0,0,stall
8914.0,8915.0,0,idle
8915.0,8916.0,0,stall
8916.0,8917.0,0,active
8917.0,8919.0,0,stall
8919.0,8920.0,0,active
8920.0,8921.0,0,idle
8921.0,8922.0,0,stall
8922.0,8923.0,0,active
8923.0,8924.0,0,stall
8924.0,8926.0,0,active
8926.0,8927.0,0,idle
8927.0,8932.0,0,stall
8932.0,8933.0,0,active
8933.0,8935.0,0,stall
8935.0,8936.0,0,active
8936.0,8937.0,0,idle
8937.0,8938.0,0,stall
8938.0,8939.0,0,active
8939.0,8940.0,0,stall
8940.0,8942.0,0,active
8942.0,8943.0,0,idle
8943.0,8945.0,0,stall
8945.0,8946.0,0,active
8946.0,8947.0,0,stall
8947.0,8948.0,0,idle
8948.0,8949.0,0,stall
8949.0,8950.0,0,active
8950.0,8952.0,0,stall
8952.0,8953.0,0,active
8953.0,8954.0,0,idle
8954.0,8955.0,0,stall
8955.0,8956.0,0,active
8956.0,8957.0,0,stall
8957.0,8959.0,0,active
8959.0,8960.0,0,idle
8960.0,8965.0,0,stall
8965.0,8966.0,0,active
8966.0,8968.0,0,stall
8968.0,8969.0,0,active
8969.0,8970.0,0,idle
8970.0,8971.0,0,stall
8971.0,8972.0,0,active
8972.0,8973.0,0,stall
8973.0,8975.0,0,active
8975.0,8976.0,0,idle
8976.0,8978.0,0,stall
8978.0,8979.0,0,active
8979.0,8980.0,0,stall
8980.0,8981.0,0,idle
8981.0,8982.0,0,stall
8982.0,8983.0,0,active
8983.0,8985.0,0,stall
8985.0,8986.0,0,active
8986.0,8987.0,0,idle
8987.0,8988.0,0,stall
8988.0,8989.0,0,active
8989.0,8990.0,0,stall
8990.0,8992.0,0,active
8992.0,8993.0,0,idle
8993.0,8998.0,0,stall
8998.0,8999.0,0,active
8999.0,9001.0,0,stall
9001.0,9002.0,0,active
9002.0,9003.0,0,idle
9003.0,9004.0,0,stall
9004.0,9005.0,0,active
9005.0,9006.0,0,stall
9006.0,9008.0,0,active
9008.0,9009.0,0,idle
9009.0,9011.0,0,stall
9011.0,9012.0,0,active
9012.0,9013.0,0,stall
9013.0,9014.0,0,idle
9014.0,9015.0,0,stall
9015.0,9016.0,0,active
9016.0,9018.0,0,stall
9018.0,9019.0,0,active
9019.0,9020.0,0,idle
9020.0,9021.0,0,stall
9021.0,9022.0,0,active
9022.0,9023.0,0,stall
9023.0,9025.0,0,active
9025.0,9026.0,0,idle
9026.0,9031.0,0,stall
9031.0,9032.0,0,active
9032.0,9034.0,0,stall
9034.0,9035.0,0,active
9035.0,9036.0,0,idle
9036.0,9037.0,0,stall
9037.0,9038.0,0,active
9038.0,9039.0,0,stall
9039.0,9041.0,0,active
9041.0,9042.0,0,idle
9042.0,9044.0,0,stall
9044.0,9045.0,0,active
9045.0,9046.0,0,stall
9046.0,9047.0,0,idle
9047.0,9048.0,0,stall
9048.0,9049.0,0,active
9049.0,9051.0,0,stall
9051.0,9052.0,0,active
9052.0,9053.0,0,idle
9053.0,9054.0,0,stall
9054.0,9055.0,0,active
9055.0,9056.0,0,stall
9056.0,9058.0,0,active
9058.0,9059.0,0,idle
9059.0,9064.0,0,stall
9064.0,9065.0,0,active
9065.0,9067.0,0,stall
9067.0,9068.0,0,active
9068.0,9069.0,0,idle
9069.0,9070.0,0,stall
9070.0,9071.0,0,active
9071.0,9072.0,0,stall
9072.0,9074.0,0,active
9074.0,9075.0,0,idle
9075.0,9077.0,0,stall
9077.0,9078.0,0,active
9078.0,9079.0,0,stall
9079.0,9080.0,0,idle
9080.0,9081.0,0,stall
9081.0,9082.0,0,active
9082.0,9084.0,0,stall
9084.0,9085.0,0,active
9085.0,9086.0,0,idle
9086.0,9087.0,0,stall
9087.0,9088.0,0,active
9088.0,9089.0,0,stall
9089.0,9091.0,0,active
9091.0,9092.0,0,idle
9092.0,9097.0,0,stall
9097.0,9098.0,0,active
9098.0,9100.0,0,stall
9100.0,9101.0,0,active
9101.0,9102.0,0,idle
9102.0,9103.0,0,stall
9103.0,9104.0,0,active
9104.0,9105.0,0,stall
9105.0,9107.0,0,active
9107.0,9108.0,0,idle
9108.0,9110.0,0,stall
9110.0,9111.0,0,active
9111.0,9112.0,0,stall
9112.0,9113.0,0,idle
9113.0,9114.0,0,stall
9114.0,9115.0,0,active
9115.0,9117.0,0,stall
9117.0,9118.0,0,active
9118.0,9119.0,0,idle
9119.0,9120.0,0,stall
9120.0,9121.0,0,active
9121.0,9122.0,0,stall
9122.0,9124.0,0,active
9124.0,9125.0,0,idle
9125.0,9130.0,0,stall
9130.0,9131.0,0,active
9131.0,9133.0,0,stall
9133.0,9134.0,0,active
9134.0,9135.0,0,idle
9135.0,9136.0,0,stall
9136.0,9137.0,0,active
9137.0,9138.0,0,stall
9138.0,9140.0,0,active
9140.0,9141.0,0,idle
9141.0,9143.0,0,stall
9143.0,9144.0,0,active
9144.0,9145.0,0,stall
9145.0,9146.0,0,idle
9146.0,9147.0,0,stall
9147.0,9148.0,0,active
9148.0,9150.0,0,stall
9150.0,9151.0,0,active
9151.0,9152.0,0,idle
9152.0,9153.0,0,stall
9153.0,9154.0,0,active
9154.0,9155.0,0,stall
9155.0,9157.0,0,active
9157.0,9158.0,0,idle
9158.0,9163.0,0,stall
9163.0,9164.0,0,active
9164.0,9166.0,0,stall
9166.0,9167.0,0,active
9167.0,9168.0,0,idle
9168.0,9169.0,0,stall
9169.0,9170.0,0,active
9170.0,9171.0,0,stall
9171.0,9173.0,0,active
9173.0,9174.0,0,idle
9174.0,9176.0,0,stall
9176.0,9177.0,0,active
9177.0,9178.0,0,stall
9178.0,9179.0,0,idle
9179.0,9180.0,0,stall
9180.0,9181.0,0,active
9181.0,9183.0,0,stall
9183.0,9184.0,0,active
9184.0,9185.0,0,idle
9185.0,9186.0,0,stall
9186.0,9187.0,0,idle
9187.0,9188.0,0,stall
9188.0,9189.0,0,active
9189.0,9190.0,0,idle
9190.0,9191.0,0,stall
9191.0,9194.0,0,active
9194.0,9195.0,0,stall
9195.0,9199.0,0,active
9199.0,9200.0,0,stall
9200.0,9202.0,0,active
9202.0,9204.0,0,stall
9204.0,9205.0,0,active
9205.0,9207.0,0,stall
9207.0,9208.0,0,active
9208.0,9209.0,0,idle
9209.0,9210.0,0,stall
9210.0,9213.0,0,active
9213.0,9214.0,0,stall
9214.0,9218.0,0,active
9218.0,9219.0,0,stall
9219.0,9221.0,0,active
9221.0,9223.0,0,stall
9223.0,9224.0,0,active
9224.0,9226.0,0,stall
9226.0,9227.0,0,active
9227.0,9228.0,0,idle
9228.0,9229.0,0,stall
9229.0,9232.0,0,active
9232.0,9233.0,0,stall
9233.0,9237.0,0,active
9237.0,9238.0,0,stall
9238.0,9240.0,0,active
9240.0,9242.0,0,stall
9242.0,9243.0,0,active
9243.0,9245.0,0,stall
9245.0,9246.0,0,active
9246.0,9247.0,0,idle
9247.0,9248.0,0,stall
9248.0,9251.0,0,active
9251.0,9252.0,0,stall
9252.0,9256.0,0,active
9256.0,9257.0,0,stall
9257.0,9259.0,0,active
9259.0,9261.0,0,stall
9261.0,9262.0,0,active
9262.0,9264.0,0,stall
9264.0,9265.0,0,active
9265.0,9266.0,0,idle
9266.0,9267.0,0,stall
9267.0,9270.0,0,active
9270.0,9271.0,0,stall
9271.0,9275.0,0,active
9275.0,9276.0,0,stall
9276.0,9278.0,0,active
9278.0,9280.0,0,stall
9280.0,9281.0,0,active
9281.0,9283.0,0,stall
9283.0,9284.0,0,active
9284.0,9285.0,0,idle
9285.0,9286.0,0,stall
9286.0,9289.0,0,active
9289.0,9290.0,0,stall
9290.0,9294.0,0,active
9294.0,9295.0,0,stall
9295.0,9297.0,0,active
9297.0,9299.0,0,stall
9299.0,9300.0,0,active
9300.0,9302.0,0,stall
9302.0,9303.0,0,active
9303.0,9304.0,0,idle
9304.0,9305.0,0,stall
9305.0,9308.0,0,active
9308.0,9309.0,0,stall
9309.0,9313.0,0,active
9313.0,9314.0,0,stall
9314.0,9316.0,0,active
9316.0,9318.0,0,stall
9318.0,9319.0,0,active
9319.0,9321.0,0,stall
9321.0,9322.0,0,active
9322.0,9323.0,0,idle
9323.0,9324.0,0,stall
9324.0,9327.0,0,active
9327.0,9328.0,0,stall
9328.0,9332.0,0,active
9332.0,9333.0,0,stall
9333.0,9335.0,0,active
9335.0,9337.0,0,stall
9337.0,9338.0,0,active
9338.0,9340.0,0,stall
9340.0,9341.0,0,active
9341.0,9342.0,0,idle
9342.0,9343.0,0,stall
9343.0,9346.0,0,active
9346.0,9347.0,0,stall
9347.0,9351.0,0,active
9351.0,9352.0,0,stall
9352.0,9354.0,0,active
9354.0,9356.0,0,stall
9356.0,9357.0,0,active
9357.0,9359.0,0,stall
9359.0,9360.0,0,active
9360.0,9361.0,0,idle
9361.0,9362.0,0,stall
9362.0,9365.0,0,active
9365.0,9366.0,0,stall
9366.0,9370.0,0,active
9370.0,9371.0,0,stall
9371.0,9373.0,0,active
9373.0,9375.0,0,stall
9375.0,9376.0,0,active
9376.0,9378.0,0,stall
9378.0,9379.0,0,active
9379.0,9380.0,0,idle
9380.0,9381.0,0,stall
9381.0,9384.0,0,active
9384.0,9385.0,0,stall
9385.0,9389.0,0,active
9389.0,9390.0,0,stall
9390.0,9392.0,0,active
9392.0,9394.0,0,stall
9394.0,9395.0,0,active
9395.0,9397.0,0,stall
9397.0,9398.0,0,active
9398.0,9399.0,0,idle
9399.0,9400.0,0,stall
9400.0,9403.0,0,active
9403.0,9404.0,0,stall
9404.0,9408.0,0,active
9408.0,9409.0,0,stall
9409.0,9411.0,0,active
9411.0,9413.0,0,stall
9413.0,9414.0,0,active
9414.0,9416.0,0,stall
9416.0,9417.0,0,active
9417.0,9418.0,0,idle
9418.0,9419.0,0,stall
9419.0,9422.0,0,active
9422.0,9423.0,0,stall
9423.0,9427.0,0,active
9427.0,9428.0,0,stall
9428.0,9430.0,0,active
9430.0,9432.0,0,stall
9432.0,9433.0,0,active
9433.0,9435.0,0,stall
9435.0,9436.0,0,active
9436.0,9437.0,0,idle
9437.0,9438.0,0,stall
9438.0,9441.0,0,active
9441.0,9442.0,0,stall
9442.0,9446.0,0,active
9446.0,9447.0,0,stall
9447.0,9449.0,0,active
9449.0,9451.0,0,stall
9451.0,9452.0,0,active
9452.0,9454.0,0,stall
9454.0,9455.0,0,active
9455.0,9456.0,0,idle
9456.0,9457.0,0,stall
9457.0,9460.0,0,active
9460.0,9461.0,0,stall
9461.0,9465.0,0,active
9465.0,9466.0,0,stall
9466.0,9468.0,0,active
9468.0,9470.0,0,stall
9470.0,9471.0,0,active
9471.0,9473.0,0,stall
9473.0,9474.0,0,active
9474.0,9475.0,0,idle
9475.0,9476.0,0,stall
9476.0,9479.0,0,active
9479.0,9480.0,0,stall
9480.0,9484.0,0,active
9484.0,9485.0,0,stall
9485.0,9487.0,0,active
9487.0,9489.0,0,stall
9489.0,9490.0,0,active
9490.0,9492.0,0,stall
9492.0,9493.0,0,active
9493.0,9494.0,0,idle
9494.0,9495.0,0,stall
9495.0,9498.0,0,active
9498.0,9499.0,0,stall
9499.0,9503.0,0,active
9503.0,9504.0,0,stall
9504.0,9506.0,0,active
9506.0,9508.0,0,stall
9508.0,9509.0,0,active
9509.0,9511.0,0,stall
9511.0,9512.0,0,active
9512.0,9513.0,0,idle
9513.0,9514.0,0,stall
9514.0,9517.0,0,active
9517.0,9518.0,0,stall
9518.0,9522.0,0,active
9522.0,9523.0,0,stall
9523.0,9525.0,0,active
9525.0,9527.0,0,stall
9527.0,9528.0,0,active
9528.0,9530.0,0,stall
9530.0,9531.0,0,active
9531.0,9532.0,0,idle
9532.0,9533.0,0,stall
9533.0,9536.0,0,active
9536.0,9537.0,0,stall
9537.0,9541.0,0,active
9541.0,9542.0,0,stall
9542.0,9544.0,0,active
9544.0,9546.0,0,stall
9546.0,9547.0,0,active
9547.0,9549.0,0,stall
9549.0,9550.0,0,active
9550.0,9551.0,0,idle
9551.0,9552.0,0,stall
9552.0,9555.0,0,active
9555.0,9556.0,0,stall
9556.0,9560.0,0,active
9560.0,9561.0,0,stall
9561.0,9563.0,0,active
9563.0,9565.0,0,stall
9565.0,9566.0,0,active
9566.0,9568.0,0,stall
9568.0,9569.0,0,active
9569.0,9570.0,0,idle
9570.0,9571.0,0,stall
9571.0,9574.0,0,active
9574.0,9575.0,0,stall
9575.0,9579.0,0,active
9579.0,9580.0,0,stall
9580.0,9582.0,0,active
9582.0,9584.0,0,stall
9584.0,9585.0,0,active
9585.0,9587.0,0,stall
9587.0,9588.0,0,active
9588.0,9589.0,0,idle
9589.0,9590.0,0,stall
9590.0,9593.0,0,active
9593.0,9594.0,0,stall
9594.0,9598.0,0,active
9598.0,9599.0,0,stall
9599.0,9601.0,0,active
9601.0,9603.0,0,stall
9603.0,9604.0,0,active
9604.0,9606.0,0,stall
9606.0,9607.0,0,active
9607.0,9608.0,0,idle
9608.0,9609.0,0,stall
9609.0,9612.0,0,active
9612.0,9613.0,0,stall
9613.0,9617.0,0,active
9617.0,9618.0,0,stall
9618.0,9620.0,0,active
9620.0,9622.0,0,stall
9622.0,9623.0,0,active
9623.0,9625.0,0,stall
9625.0,9626.0,0,active
9626.0,9627.0,0,idle
9627.0,9628.0,0,stall
9628.0,9631.0,0,active
9631.0,9632.0,0,stall
9632.0,9636.0,0,active
9636.0,9637.0,0,stall
9637.0,9639.0,0,active
9639.0,9641.0,0,stall
9641.0,9642.0,0,active
9642.0,9644.0,0,stall
9644.0,9645.0,0,active
9645.0,9646.0,0,idle
9646.0,9647.0,0,stall
9647.0,9650.0,0,active
9650.0,9651.0,0,stall
9651.0,9655.0,0,active
9655.0,9656.0,0,stall
9656.0,9658.0,0,active
9658.0,9660.0,0,stall
9660.0,9661.0,0,active
9661.0,9663.0,0,stall
9663.0,9664.0,0,active
9664.0,9665.0,0,idle
9665.0,9666.0,0,stall
9666.0,9669.0,0,active
9669.0,9670.0,0,stall
9670.0,9674.0,0,active
9674.0,9675.0,0,stall
9675.0,9677.0,0,active
9677.0,9679.0,0,stall
9679.0,9680.0,0,active
9680.0,9682.0,0,stall
9682.0,9683.0,0,active
9683.0,9684.0,0,idle
9684.0,9685.0,0,stall
9685.0,9688.0,0,active
9688.0,9689.0,0,stall
9689.0,9693.0,0,active
9693.0,9694.0,0,stall
9694.0,9696.0,0,active
9696.0,9698.0,0,stall
9698.0,9699.0,0,active
9699.0,9701.0,0,stall
9701.0,9702.0,0,active
9702.0,9703.0,0,idle
9703.0,9704.0,0,stall
9704.0,9707.0,0,active
9707.0,9708.0,0,stall
9708.0,9712.0,0,active
9712.0,9713.0,0,stall
9713.0,9715.0,0,active
9715.0,9717.0,0,stall
9717.0,9718.0,0,active
9718.0,9720.0,0,stall
9720.0,9721.0,0,active
9721.0,9722.0,0,idle
9722.0,9723.0,0,stall
9723.0,9726.0,0,active
9726.0,9727.0,0,stall
9727.0,9731.0,0,active
9731.0,9732.0,0,stall
9732.0,9734.0,0,active
9734.0,9736.0,0,stall
9736.0,9737.0,0,active
9737.0,9739.0,0,stall
9739.0,9740.0,0,active
9740.0,9741.0,0,idle
9741.0,9742.0,0,stall
9742.0,9745.0,0,active
9745.0,9746.0,0,stall
9746.0,9750.0,0,active
9750.0,9751.0,0,stall
9751.0,9753.0,0,active
9753.0,9755.0,0,stall
9755.0,9756.0,0,active
9756.0,9758.0,0,stall
9758.0,9759.0,0,active
9759.0,9760.0,0,idle
9760.0,9761.0,0,stall
9761.0,9764.0,0,active
9764.0,9765.0,0,stall
9765.0,9769.0,0,active
9769.0,9770.0,0,stall
9770.0,9772.0,0,active
9772.0,9774.0,0,stall
9774.0,9775.0,0,active
9775.0,9777.0,0,stall
9777.0,9778.0,0,active
9778.0,9779.0,0,idle
9779.0,9780.0,0,stall
9780.0,9783.0,0,active
9783.0,9784.0,0,stall
9784.0,9788.0,0,active
9788.0,9789.0,0,stall
9789.0,9791.0,0,active
9791.0,9793.0,0,stall
9793.0,9794.0,0,active
9794.0,9796.0,0,stall
9796.0,9797.0,0,active
9797.0,9798.0,0,idle
9798.0,9799.0,0,stall
9799.0,9802.0,0,active
9802.0,9803.0,0,stall
9803.0,9807.0,0,active
9807.0,9808.0,0,stall
9808.0,9810.0,0,active
9810.0,9812.0,0,stall
9812.0,9813.0,0,active
9813.0,9815.0,0,stall
9815.0,9816.0,0,active
9816.0,9817.0,0,idle
9817.0,9818.0,0,stall
9818.0,9821.0,0,active
9821.0,9822.0,0,stall
9822.0,9826.0,0,active
9826.0,9827.0,0,stall
9827.0,9829.0,0,active
9829.0,9831.0,0,stall
9831.0,9832.0,0,active
9832.0,9834.0,0,stall
9834.0,9835.0,0,active
9835.0,9836.0,0,idle
9836.0,9837.0,0,stall
9837.0,9840.0,0,active
9840.0,9841.0,0,stall
9841.0,9845.0,0,active
9845.0,9846.0,0,stall
9846.0,9848.0,0,active
9848.0,9850.0,0,stall
9850.0,9851.0,0,active
9851.0,9853.0,0,stall
9853.0,9854.0,0,active
9854.0,9855.0,0,idle
9855.0,9856.0,0,stall
9856.0,9859.0,0,active
9859.0,9860.0,0,stall
9860.0,9864.0,0,active
9864.0,9865.0,0,stall
9865.0,9867.0,0,active
9867.0,9869.0,0,stall
9869.0,9870.0,0,active
9870.0,9872.0,0,stall
9872.0,9873.0,0,active
9873.0,9874.0,0,idle
9874.0,9875.0,0,stall
9875.0,9878.0,0,active
9878.0,9879.0,0,stall
9879.0,9883.0,0,active
9883.0,9884.0,0,stall
9884.0,9886.0,0,active
9886.0,9888.0,0,stall
9888.0,9889.0,0,active
9889.0,9891.0,0,stall
9891.0,9892.0,0,active
9892.0,9893.0,0,idle
9893.0,9894.0,0,stall
9894.0,9897.0,0,active
9897.0,9898.0,0,stall
9898.0,9902.0,0,active
9902.0,9903.0,0,stall
9903.0,9905.0,0,active
9905.0,9907.0,0,stall
9907.0,9908.0,0,active
9908.0,9910.0,0,stall
9910.0,9911.0,0,active
9911.0,9912.0,0,idle
9912.0,9913.0,0,stall
9913.0,9916.0,0,active
9916.0,9917.0,0,stall
9917.0,9921.0,0,active
9921.0,9922.0,0,stall
9922.0,9924.0,0,active
9924.0,9926.0,0,stall
9926.0,9927.0,0,active
9927.0,9929.0,0,stall
9929.0,9930.0,0,active
9930.0,9931.0,0,idle
9931.0,9932.0,0,stall
9932.0,9935.0,0,active
9935.0,9936.0,0,stall
9936.0,9940.0,0,active
9940.0,9941.0,0,stall
9941.0,9943.0,0,active
9943.0,9945.0,0,stall
9945.0,9946.0,0,active
9946.0,9948.0,0,stall
9948.0,9949.0,0,active
9949.0,9950.0,0,idle
9950.0,9951.0,0,stall
9951.0,9954.0,0,active
9954.0,9955.0,0,stall
9955.0,9959.0,0,active
9959.0,9960.0,0,stall
9960.0,9962.0,0,active
9962.0,9964.0,0,stall
9964.0,9965.0,0,active
9965.0,9967.0,0,stall
9967.0,9968.0,0,active
9968.0,9969.0,0,idle
9969.0,9970.0,0,stall
9970.0,9973.0,0,active
9973.0,9974.0,0,stall
9974.0,9978.0,0,active
9978.0,9979.0,0,stall
9979.0,9981.0,0,active
9981.0,9983.0,0,stall
9983.0,9984.0,0,active
9984.0,9986.0,0,stall
9986.0,9987.0,0,active
9987.0,9988.0,0,idle
9988.0,9989.0,0,stall
9989.0,9992.0,0,active
9992.0,9993.0,0,stall
9993.0,9997.0,0,active
9997.0,9998.0,0,stall
9998.0,10000.0,0,active
10000.0,10002.0,0,stall
10002.0,10003.0,0,active
10003.0,10005.0,0,stall
10005.0,10006.0,0,active
10006.0,10007.0,0,idle
10007.0,10008.0,0,stall
10008.0,10011.0,0,active
10011.0,10012.0,0,stall
10012.0,10016.0,0,active
10016.0,10017.0,0,stall
10017.0,10019.0,0,active
10019.0,10021.0,0,stall
10021.0,10022.0,0,active
10022.0,10024.0,0,stall
10024.0,10025.0,0,active
10025.0,10026.0,0,idle
10026.0,10027.0,0,stall
10027.0,10030.0,0,active
10030.0,10031.0,0,stall
10031.0,10035.0,0,active
10035.0,10036.0,0,stall
10036.0,10038.0,0,active
10038.0,10040.0,0,stall
10040.0,10041.0,0,active
10041.0,10043.0,0,stall
10043.0,10044.0,0,active
10044.0,10045.0,0,idle
10045.0,10046.0,0,stall
10046.0,10049.0,0,active
10049.0,10050.0,0,stall
10050.0,10054.0,0,active
10054.0,10055.0,0,stall
10055.0,10057.0,0,active
10057.0,10059.0,0,stall
10059.0,10060.0,0,active
10060.0,10062.0,0,stall
10062.0,10063.0,0,active
10063.0,10064.0,0,idle
10064.0,10065.0,0,stall
10065.0,10068.0,0,active
10068.0,10069.0,0,stall
10069.0,10073.0,0,active
10073.0,10074.0,0,stall
10074.0,10076.0,0,active
10076.0,10078.0,0,stall
10078.0,10079.0,0,active
10079.0,10081.0,0,stall
10081.0,10082.0,0,active
10082.0,10083.0,0,idle
10083.0,10084.0,0,stall
10084.0,10087.0,0,active
10087.0,10088.0,0,stall
10088.0,10092.0,0,active
10092.0,10093.0,0,stall
10093.0,10095.0,0,active
10095.0,10097.0,0,stall
10097.0,10098.0,0,active
10098.0,10100.0,0,stall
10100.0,10101.0,0,active
10101.0,10102.0,0,idle
10102.0,10103.0,0,stall
10103.0,10106.0,0,active
10106.0,10107.0,0,stall
10107.0,10111.0,0,active
10111.0,10112.0,0,stall
10112.0,10114.0,0,active
10114.0,10116.0,0,stall
10116.0,10117.0,0,active
10117.0,10119.0,0,stall
10119.0,10120.0,0,active
10120.0,10121.0,0,idle
10121.0,10122.0,0,stall
10122.0,10125.0,0,active
10125.0,10126.0,0,stall
10126.0,10130.0,0,active
10130.0,10131.0,0,stall
10131.0,10133.0,0,active
10133.0,10135.0,0,stall
10135.0,10136.0,0,active
10136.0,10138.0,0,stall
10138.0,10139.0,0,active
10139.0,10140.0,0,idle
10140.0,10141.0,0,stall
10141.0,10144.0,0,active
10144.0,10145.0,0,stall
10145.0,10149.0,0,active
10149.0,10150.0,0,stall
10150.0,10152.0,0,active
10152.0,10154.0,0,stall
10154.0,10155.0,0,active
10155.0,10157.0,0,stall
10157.0,10158.0,0,active
10158.0,10159.0,0,idle
10159.0,10160.0,0,stall
10160.0,10163.0,0,active
10163.0,10164.0,0,stall
10164.0,10168.0,0,active
10168.0,10169.0,0,stall
10169.0,10171.0,0,active
10171.0,10173.0,0,stall
10173.0,10174.0,0,active
10174.0,10176.0,0,stall
10176.0,10177.0,0,active
10177.0,10178.0,0,idle
10178.0,10179.0,0,stall
10179.0,10182.0,0,active
10182.0,10183.0,0,stall
10183.0,10187.0,0,active
10187.0,10188.0,0,stall
10188.0,10190.0,0,active
10190.0,10192.0,0,stall
10192.0,10193.0,0,active
10193.0,10195.0,0,stall
10195.0,10196.0,0,active
10196.0,10197.0,0,idle
10197.0,10198.0,0,stall
10198.0,10201.0,0,active
10201.0,10202.0,0,stall
10202.0,10206.0,0,active
10206.0,10207.0,0,stall
10207.0,10209.0,0,active
10209.0,10211.0,0,stall
10211.0,10212.0,0,active
10212.0,10214.0,0,stall
10214.0,10215.0,0,active
10215.0,10216.0,0,idle
10216.0,10217.0,0,stall
10217.0,10220.0,0,active
10220.0,10221.0,0,stall
10221.0,10225.0,0,active
10225.0,10226.0,0,stall
10226.0,10228.0,0,active
10228.0,10230.0,0,stall
10230.0,10231.0,0,active
10231.0,10233.0,0,stall
10233.0,10234.0,0,active
10234.0,10235.0,0,idle
10235.0,10236.0,0,stall
10236.0,10239.0,0,active
10239.0,10240.0,0,stall
10240.0,10244.0,0,active
10244.0,10245.0,0,stall
10245.0,10247.0,0,active
10247.0,10249.0,0,stall
10249.0,10250.0,0,active
10250.0,10252.0,0,stall
10252.0,10253.0,0,active
10253.0,10254.0,0,idle
10254.0,10255.0,0,stall
10255.0,10258.0,0,active
10258.0,10259.0,0,stall
10259.0,10263.0,0,active
10263.0,10264.0,0,stall
10264.0,10266.0,0,active
10266.0,10268.0,0,stall
10268.0,10269.0,0,active
10269.0,10271.0,0,stall
10271.0,10272.0,0,active
10272.0,10273.0,0,idle
10273.0,10274.0,0,stall
10274.0,10277.0,0,active
10277.0,10278.0,0,stall
10278.0,10282.0,0,active
10282.0,10283.0,0,stall
10283.0,10285.0,0,active
10285.0,10287.0,0,stall
10287.0,10288.0,0,active
10288.0,10290.0,0,stall
10290.0,10291.0,0,active
10291.0,10292.0,0,idle
10292.0,10293.0,0,stall
10293.0,10296.0,0,active
10296.0,10297.0,0,stall
10297.0,10301.0,0,active
10301.0,10302.0,0,stall
10302.0,10304.0,0,active
10304.0,10306.0,0,stall
10306.0,10307.0,0,active
10307.0,10309.0,0,stall
10309.0,10310.0,0,active
10310.0,10311.0,0,idle
10311.0,10312.0,0,stall
10312.0,10315.0,0,active
10315.0,10316.0,0,stall
10316.0,10320.0,0,active
10320.0,10321.0,0,stall
10321.0,10323.0,0,active
10323.0,10325.0,0,stall
10325.0,10326.0,0,active
10326.0,10328.0,0,stall
10328.0,10329.0,0,active
10329.0,10330.0,0,idle
10330.0,10331.0,0,stall
10331.0,10334.0,0,active
10334.0,10335.0,0,stall
10335.0,10339.0,0,active
10339.0,10340.0,0,stall
10340.0,10342.0,0,active
10342.0,10344.0,0,stall
10344.0,10345.0,0,active
10345.0,10347.0,0,stall
10347.0,10348.0,0,active
10348.0,10349.0,0,idle
10349.0,10350.0,0,stall
10350.0,10353.0,0,active
10353.0,10354.0,0,stall
10354.0,10358.0,0,active
10358.0,10359.0,0,stall
10359.0,10361.0,0,active
10361.0,10363.0,0,stall
10363.0,10364.0,0,active
10364.0,10366.0,0,stall
10366.0,10367.0,0,active
10367.0,10368.0,0,idle
10368.0,10369.0,0,stall
10369.0,10372.0,0,active
10372.0,10373.0,0,stall
10373.0,10377.0,0,active
10377.0,10378.0,0,stall
10378.0,10380.0,0,active
10380.0,10382.0,0,stall
10382.0,10383.0,0,active
10383.0,10385.0,0,stall
10385.0,10386.0,0,active
10386.0,10387.0,0,idle
10387.0,10388.0,0,stall
10388.0,10391.0,0,active
10391.0,10392.0,0,stall
10392.0,10396.0,0,active
10396.0,10397.0,0,stall
10397.0,10399.0,0,active
10399.0,10401.0,0,stall
10401.0,10402.0,0,active
10402.0,10404.0,0,stall
10404.0,10405.0,0,active
10405.0,10406.0,0,idle
10406.0,10407.0,0,stall
10407.0,10410.0,0,active
10410.0,10411.0,0,stall
10411.0,10415.0,0,active
10415.0,10416.0,0,stall
10416.0,10418.0,0,active
10418.0,10420.0,0,stall
10420.0,10421.0,0,active
10421.0,10423.0,0,stall
10423.0,10424.0,0,active
10424.0,10425.0,0,idle
10425.0,10426.0,0,stall
10426.0,10429.0,0,active
10429.0,10430.0,0,stall
10430.0,10434.0,0,active
10434.0,10435.0,0,stall
10435.0,10437.0,0,active
10437.0,10439.0,0,stall
10439.0,10440.0,0,active
10440.0,10442.0,0,stall
10442.0,10443.0,0,active
10443.0,10444.0,0,idle
10444.0,10445.0,0,stall
10445.0,10448.0,0,active
10448.0,10449.0,0,stall
10449.0,10453.0,0,active
10453.0,10454.0,0,stall
10454.0,10456.0,0,active
10456.0,10458.0,0,stall
10458.0,10459.0,0,active
10459.0,10461.0,0,stall
10461.0,10462.0,0,active
10462.0,10463.0,0,idle
10463.0,10464.0,0,stall
10464.0,10467.0,0,active
10467.0,10468.0,0,stall
10468.0,10472.0,0,active
10472.0,10473.0,0,stall
10473.0,10475.0,0,active
10475.0,10477.0,0,stall
10477.0,10478.0,0,active
10478.0,10480.0,0,stall
10480.0,10481.0,0,active
10481.0,10482.0,0,idle
10482.0,10483.0,0,stall
10483.0,10486.0,0,active
10486.0,10487.0,0,stall
10487.0,10491.0,0,active
10491.0,10492.0,0,stall
10492.0,10494.0,0,active
10494.0,10496.0,0,stall
10496.0,10497.0,0,active
10497.0,10499.0,0,stall
10499.0,10500.0,0,active
10500.0,10501.0,0,idle
10501.0,10502.0,0,stall
10502.0,10505.0,0,active
10505.0,10506.0,0,stall
10506.0,10510.0,0,active
10510.0,10511.0,0,stall
10511.0,10513.0,0,active
10513.0,10515.0,0,stall
10515.0,10516.0,0,active
10516.0,10518.0,0,stall
10518.0,10519.0,0,active
10519.0,10520.0,0,idle
10520.0,10521.0,0,stall
10521.0,10524.0,0,active
10524.0,10525.0,0,stall
10525.0,10529.0,0,active
10529.0,10530.0,0,stall
10530.0,10532.0,0,active
10532.0,10534.0,0,stall
10534.0,10535.0,0,active
10535.0,10537.0,0,stall
10537.0,10538.0,0,active
10538.0,10539.0,0,idle
10539.0,10540.0,0,stall
10540.0,10543.0,0,active
10543.0,10544.0,0,stall
10544.0,10548.0,0,active
10548.0,10549.0,0,stall
10549.0,10551.0,0,active
10551.0,10553.0,0,stall
10553.0,10554.0,0,active
10554.0,10556.0,0,stall
10556.0,10557.0,0,active
10557.0,10558.0,0,idle
10558.0,10559.0,0,stall
10559.0,10562.0,0,active
10562.0,10563.0,0,stall
10563.0,10567.0,0,active
10567.0,10568.0,0,stall
10568.0,10570.0,0,active
10570.0,10572.0,0,stall
10572.0,10573.0,0,active
10573.0,10575.0,0,stall
10575.0,10576.0,0,active
10576.0,10577.0,0,idle
10577.0,10578.0,0,stall
10578.0,10581.0,0,active
10581.0,10582.0,0,stall
10582.0,10586.0,0,active
10586.0,10587.0,0,stall
10587.0,10589.0,0,active
10589.0,10591.0,0,stall
10591.0,10592.0,0,active
10592.0,10594.0,0,stall
10594.0,10595.0,0,active
10595.0,10596.0,0,idle
10596.0,10597.0,0,stall
10597.0,10600.0,0,active
10600.0,10601.0,0,stall
10601.0,10605.0,0,active
10605.0,10606.0,0,stall
10606.0,10608.0,0,active
10608.0,10610.0,0,stall
10610.0,10611.0,0,active
10611.0,10613.0,0,stall
10613.0,10614.0,0,active
10614.0,10615.0,0,idle
10615.0,10616.0,0,stall
10616.0,10619.0,0,active
10619.0,10620.0,0,stall
10620.0,10624.0,0,active
10624.0,10625.0,0,stall
10625.0,10627.0,0,active
10627.0,10629.0,0,stall
10629.0,10630.0,0,active
10630.0,10632.0,0,stall
10632.0,10633.0,0,active
10633.0,10634.0,0,idle
10634.0,10635.0,0,stall
10635.0,10638.0,0,active
10638.0,10639.0,0,stall
10639.0,10643.0,0,active
10643.0,10644.0,0,stall
10644.0,10646.0,0,active
10646.0,10648.0,0,stall
10648.0,10649.0,0,active
10649.0,10651.0,0,stall
10651.0,10652.0,0,active
10652.0,10653.0,0,idle
10653.0,10654.0,0,stall
10654.0,10657.0,0,active
10657.0,10658.0,0,stall
10658.0,10662.0,0,active
10662.0,10663.0,0,stall
10663.0,10665.0,0,active
10665.0,10667.0,0,stall
10667.0,10668.0,0,active
10668.0,10670.0,0,stall
10670.0,10671.0,0,active
10671.0,10672.0,0,idle
10672.0,10673.0,0,stall
10673.0,10676.0,0,active
10676.0,10677.0,0,stall
10677.0,10681.0,0,active
10681.0,10682.0,0,stall
10682.0,10684.0,0,active
10684.0,10686.0,0,stall
10686.0,10687.0,0,active
10687.0,10689.0,0,stall
10689.0,10690.0,0,active
10690.0,10691.0,0,idle
10691.0,10692.0,0,stall
10692.0,10695.0,0,active
10695.0,10696.0,0,stall
10696.0,10700.0,0,active
10700.0,10701.0,0,stall
10701.0,10703.0,0,active
10703.0,10705.0,0,stall
10705.0,10706.0,0,active
10706.0,10708.0,0,stall
10708.0,10709.0,0,active
10709.0,10710.0,0,idle
10710.0,10711.0,0,stall
10711.0,10714.0,0,active
10714.0,10715.0,0,stall
10715.0,10719.0,0,active
10719.0,10720.0,0,stall
10720.0,10722.0,0,active
10722.0,10724.0,0,stall
10724.0,10725.0,0,active
10725.0,10727.0,0,stall
10727.0,10728.0,0,active
10728.0,10729.0,0,idle
10729.0,10730.0,0,stall
10730.0,10733.0,0,active
10733.0,10734.0,0,stall
10734.0,10738.0,0,active
10738.0,10739.0,0,stall
10739.0,10741.0,0,active
10741.0,10743.0,0,stall
10743.0,10744.0,0,active
10744.0,10746.0,0,stall
10746.0,10747.0,0,active
10747.0,10748.0,0,idle
10748.0,10749.0,0,stall
10749.0,10752.0,0,active
10752.0,10753.0,0,stall
10753.0,10757.0,0,active
10757.0,10758.0,0,stall
10758.0,10760.0,0,active
10760.0,10762.0,0,stall
10762.0,10763.0,0,active
10763.0,10765.0,0,stall
10765.0,10766.0,0,active
10766.0,10767.0,0,idle
10767.0,10768.0,0,stall
10768.0,10771.0,0,active
10771.0,10772.0,0,stall
10772.0,10776.0,0,active
10776.0,10777.0,0,stall
10777.0,10779.0,0,active
10779.0,10781.0,0,stall
10781.0,10782.0,0,active
10782.0,10784.0,0,stall
10784.0,10785.0,0,active
10785.0,10786.0,0,idle
10786.0,10787.0,0,stall
10787.0,10790.0,0,active
10790.0,10791.0,0,stall
10791.0,10795.0,0,active
10795.0,10796.0,0,stall
10796.0,10798.0,0,active
10798.0,10800.0,0,stall
10800.0,10801.0,0,active
10801.0,10803.0,0,stall
10803.0,10804.0,0,active
10804.0,10805.0,0,idle
10805.0,10806.0,0,stall
10806.0,10809.0,0,active
10809.0,10810.0,0,stall
10810.0,10814.0,0,active
10814.0,10815.0,0,stall
10815.0,10817.0,0,active
10817.0,10819.0,0,stall
10819.0,10820.0,0,active
10820.0,10822.0,0,stall
10822.0,10823.0,0,active
10823.0,10824.0,0,idle
10824.0,10825.0,0,stall
10825.0,10828.0,0,active
10828.0,10829.0,0,stall
10829.0,10833.0,0,active
10833.0,10834.0,0,stall
10834.0,10836.0,0,active
10836.0,10838.0,0,stall
10838.0,10839.0,0,active
10839.0,10841.0,0,stall
10841.0,10842.0,0,active
10842.0,10843.0,0,idle
10843.0,10844.0,0,stall
10844.0,10847.0,0,active
10847.0,10848.0,0,stall
10848.0,10852.0,0,active
10852.0,10853.0,0,stall
10853.0,10855.0,0,active
10855.0,10857.0,0,stall
10857.0,10858.0,0,active
10858.0,10860.0,0,stall
10860.0,10861.0,0,active
10861.0,10862.0,0,idle
10862.0,10863.0,0,stall
10863.0,10866.0,0,active
10866.0,10867.0,0,stall
10867.0,10871.0,0,active
10871.0,10872.0,0,stall
10872.0,10874.0,0,active
10874.0,10876.0,0,stall
10876.0,10877.0,0,active
10877.0,10879.0,0,stall
10879.0,10880.0,0,active
10880.0,10881.0,0,idle
10881.0,10882.0,0,stall
10882.0,10885.0,0,active
10885.0,10886.0,0,stall
10886.0,10890.0,0,active
10890.0,10891.0,0,stall
10891.0,10893.0,0,active
10893.0,10895.0,0,stall
10895.0,10896.0,0,active
10896.0,10898.0,0,stall
10898.0,10899.0,0,active
10899.0,10900.0,0,idle
10900.0,10901.0,0,stall
10901.0,10904.0,0,active
10904.0,10905.0,0,stall
10905.0,10909.0,0,active
10909.0,10910.0,0,stall
10910.0,10912.0,0,active
10912.0,10914.0,0,stall
10914.0,10915.0,0,active
10915.0,10917.0,0,stall
10917.0,10918.0,0,active
10918.0,10919.0,0,idle
10919.0,10920.0,0,stall
10920.0,10923.0,0,active
10923.0,10924.0,0,stall
10924.0,10928.0,0,active
10928.0,10929.0,0,stall
10929.0,10931.0,0,active
10931.0,10933.0,0,stall
10933.0,10934.0,0,active
10934.0,10936.0,0,stall
10936.0,10937.0,0,active
10937.0,10938.0,0,idle
10938.0,10939.0,0,stall
10939.0,10942.0,0,active
10942.0,10943.0,0,stall
10943.0,10947.0,0,active
10947.0,10948.0,0,stall
10948.0,10950.0,0,active
10950.0,10952.0,0,stall
10952.0,10953.0,0,active
10953.0,10955.0,0,stall
10955.0,10956.0,0,active
10956.0,10957.0,0,idle
10957.0,10958.0,0,stall
10958.0,10961.0,0,active
10961.0,10962.0,0,stall
10962.0,10966.0,0,active
10966.0,10967.0,0,stall
10967.0,10969.0,0,active
10969.0,10971.0,0,stall
10971.0,10972.0,0,active
10972.0,10974.0,0,stall
10974.0,10975.0,0,active
10975.0,10976.0,0,idle
10976.0,10977.0,0,stall
10977.0,10980.0,0,active
10980.0,10981.0,0,stall
10981.0,10985.0,0,active
10985.0,10986.0,0,stall
10986.0,10988.0,0,active
10988.0,10990.0,0,stall
10990.0,10991.0,0,active
10991.0,10993.0,0,stall
10993.0,10994.0,0,active
10994.0,10995.0,0,idle
10995.0,10996.0,0,stall
10996.0,10999.0,0,active
10999.0,11000.0,0,stall
11000.0,11004.0,0,active
11004.0,11005.0,0,stall
11005.0,11007.0,0,active
11007.0,11009.0,0,stall
11009.0,11010.0,0,active
11010.0,11012.0,0,stall
11012.0,11013.0,0,active
11013.0,11014.0,0,idle
11014.0,11015.0,0,stall
11015.0,11018.0,0,active
11018.0,11019.0,0,stall
11019.0,11023.0,0,active
11023.0,11024.0,0,stall
11024.0,11026.0,0,active
11026.0,11028.0,0,stall
11028.0,11029.0,0,active
11029.0,11031.0,0,stall
11031.0,11032.0,0,active
11032.0,11033.0,0,idle
11033.0,11034.0,0,stall
11034.0,11037.0,0,active
11037.0,11038.0,0,stall
11038.0,11042.0,0,active
11042.0,11043.0,0,stall
11043.0,11045.0,0,active
11045.0,11047.0,0,stall
11047.0,11048.0,0,active
11048.0,11050.0,0,stall
11050.0,11051.0,0,active
11051.0,11052.0,0,idle
11052.0,11053.0,0,stall
11053.0,11056.0,0,active
11056.0,11057.0,0,stall
11057.0,11061.0,0,active
11061.0,11062.0,0,stall
11062.0,11064.0,0,active
11064.0,11066.0,0,stall
11066.0,11067.0,0,active
11067.0,11069.0,0,stall
11069.0,11070.0,0,active
11070.0,11071.0,0,idle
11071.0,11072.0,0,stall
11072.0,11075.0,0,active
11075.0,11076.0,0,stall
11076.0,11080.0,0,active
11080.0,11081.0,0,stall
11081.0,11083.0,0,active
11083.0,11085.0,0,stall
11085.0,11086.0,0,active
11086.0,11088.0,0,stall
11088.0,11089.0,0,active
11089.0,11090.0,0,idle
11090.0,11091.0,0,stall
11091.0,11094.0,0,active
11094.0,11095.0,0,stall
11095.0,11099.0,0,active
11099.0,11100.0,0,stall
11100.0,11102.0,0,active
11102.0,11104.0,0,stall
11104.0,11105.0,0,active
11105.0,11107.0,0,stall
11107.0,11108.0,0,active
11108.0,11109.0,0,idle
11109.0,11110.0,0,stall
11110.0,11113.0,0,active
11113.0,11114.0,0,stall
11114.0,11118.0,0,active
11118.0,11119.0,0,stall
11119.0,11121.0,0,active
11121.0,11123.0,0,stall
11123.0,11124.0,0,active
11124.0,11126.0,0,stall
11126.0,11127.0,0,active
11127.0,11128.0,0,idle
11128.0,11129.0,0,stall
11129.0,11132.0,0,active
11132.0,11133.0,0,stall
11133.0,11137.0,0,active
11137.0,11138.0,0,stall
11138.0,11140.0,0,active
11140.0,11142.0,0,stall
11142.0,11143.0,0,active
11143.0,11145.0,0,stall
11145.0,11146.0,0,active
11146.0,11147.0,0,idle
11147.0,11148.0,0,stall
11148.0,11151.0,0,active
11151.0,11152.0,0,stall
11152.0,11156.0,0,active
11156.0,11157.0,0,stall
11157.0,11159.0,0,active
11159.0,11161.0,0,stall
11161.0,11162.0,0,active
11162.0,11164.0,0,stall
11164.0,11165.0,0,active
11165.0,11166.0,0,idle
11166.0,11167.0,0,stall
11167.0,11170.0,0,active
11170.0,11171.0,0,stall
11171.0,11175.0,0,active
11175.0,11176.0,0,stall
11176.0,11178.0,0,active
11178.0,11180.0,0,stall
11180.0,11181.0,0,active
11181.0,11183.0,0,stall
11183.0,11184.0,0,active
11184.0,11185.0,0,idle
11185.0,11186.0,0,stall
11186.0,11189.0,0,active
11189.0,11190.0,0,stall
11190.0,11194.0,0,active
11194.0,11195.0,0,stall
11195.0,11197.0,0,active
11197.0,11199.0,0,stall
11199.0,11200.0,0,active
11200.0,11202.0,0,stall
11202.0,11203.0,0,active
11203.0,11204.0,0,idle
11204.0,11205.0,0,stall
11205.0,11208.0,0,active
11208.0,11209.0,0,stall
11209.0,11213.0,0,active
11213.0,11214.0,0,stall
11214.0,11216.0,0,active
11216.0,11218.0,0,stall
11218.0,11219.0,0,active
11219.0,11221.0,0,stall
11221.0,11222.0,0,active
11222.0,11223.0,0,idle
11223.0,11224.0,0,stall
11224.0,11227.0,0,active
11227.0,11228.0,0,stall
11228.0,11232.0,0,active
11232.0,11233.0,0,stall
11233.0,11235.0,0,active
11235.0,11237.0,0,stall
11237.0,11238.0,0,active
11238.0,11240.0,0,stall
11240.0,11241.0,0,active
11241.0,11242.0,0,idle
11242.0,11243.0,0,stall
11243.0,11246.0,0,active
11246.0,11247.0,0,stall
11247.0,11251.0,0,active
11251.0,11252.0,0,stall
11252.0,11254.0,0,active
11254.0,11256.0,0,stall
11256.0,11257.0,0,active
11257.0,11259.0,0,stall
11259.0,11260.0,0,active
11260.0,11261.0,0,idle
11261.0,11262.0,0,stall
11262.0,11265.0,0,active
11265.0,11266.0,0,stall
11266.0,11270.0,0,active
11270.0,11271.0,0,stall
11271.0,11273.0,0,active
11273.0,11275.0,0,stall
11275.0,11276.0,0,active
11276.0,11278.0,0,stall
11278.0,11279.0,0,active
11279.0,11280.0,0,idle
11280.0,11281.0,0,stall
11281.0,11284.0,0,active
11284.0,11285.0,0,stall
11285.0,11289.0,0,active
11289.0,11290.0,0,stall
11290.0,11292.0,0,active
11292.0,11294.0,0,stall
11294.0,11295.0,0,active
11295.0,11297.0,0,stall
11297.0,11298.0,0,active
11298.0,11299.0,0,idle
11299.0,11300.0,0,stall
11300.0,11303.0,0,active
11303.0,11304.0,0,stall
11304.0,11308.0,0,active
11308.0,11309.0,0,stall
11309.0,11311.0,0,active
11311.0,11313.0,0,stall
11313.0,11314.0,0,active
11314.0,11316.0,0,stall
11316.0,11317.0,0,active
11317.0,11318.0,0,idle
11318.0,11319.0,0,stall
11319.0,11322.0,0,active
11322.0,11323.0,0,stall
11323.0,11327.0,0,active
11327.0,11328.0,0,stall
11328.0,11330.0,0,active
11330.0,11332.0,0,stall
11332.0,11333.0,0,active
11333.0,11335.0,0,stall
11335.0,11336.0,0,active
11336.0,11337.0,0,idle
11337.0,11338.0,0,stall
11338.0,11341.0,0,active
11341.0,11342.0,0,stall
11342.0,11346.0,0,active
11346.0,11347.0,0,stall
11347.0,11349.0,0,active
11349.0,11351.0,0,stall
11351.0,11352.0,0,active
11352.0,11354.0,0,stall
11354.0,11355.0,0,active
11355.0,11356.0,0,idle
11356.0,11357.0,0,stall
11357.0,11360.0,0,active
11360.0,11361.0,0,stall
11361.0,11365.0,0,active
11365.0,11366.0,0,stall
11366.0,11368.0,0,active
11368.0,11370.0,0,stall
11370.0,11371.0,0,active
11371.0,11373.0,0,stall
11373.0,11374.0,0,active
11374.0,11375.0,0,idle
11375.0,11376.0,0,stall
11376.0,11379.0,0,active
11379.0,11380.0,0,stall
11380.0,11384.0,0,active
11384.0,11385.0,0,stall
11385.0,11387.0,0,active
11387.0,11389.0,0,stall
11389.0,11390.0,0,active
11390.0,11392.0,0,stall
11392.0,11393.0,0,active
11393.0,11394.0,0,idle
11394.0,11395.0,0,stall
11395.0,11398.0,0,active
11398.0,11399.0,0,stall
11399.0,11403.0,0,active
11403.0,11404.0,0,stall
11404.0,11406.0,0,active
11406.0,11408.0,0,stall
11408.0,11409.0,0,active
11409.0,11411.0,0,stall
11411.0,11412.0,0,active
11412.0,11413.0,0,idle
11413.0,11414.0,0,stall
11414.0,11417.0,0,active
11417.0,11418.0,0,stall
11418.0,11422.0,0,active
11422.0,11423.0,0,stall
11423.0,11425.0,0,active
11425.0,11427.0,0,stall
11427.0,11428.0,0,active
11428.0,11430.0,0,stall
11430.0,11431.0,0,active
11431.0,11432.0,0,idle
11432.0,11433.0,0,stall
11433.0,11436.0,0,active
11436.0,11437.0,0,stall
11437.0,11441.0,0,active
11441.0,11442.0,0,stall
11442.0,11444.0,0,active
11444.0,11446.0,0,stall
11446.0,11447.0,0,active
11447.0,11449.0,0,stall
11449.0,11450.0,0,active
11450.0,11451.0,0,idle
11451.0,11452.0,0,stall
11452.0,11455.0,0,active
11455.0,11456.0,0,stall
11456.0,11460.0,0,active
11460.0,11461.0,0,stall
11461.0,11463.0,0,active
11463.0,11465.0,0,stall
11465.0,11466.0,0,active
11466.0,11468.0,0,stall
11468.0,11469.0,0,active
11469.0,11470.0,0,idle
11470.0,11471.0,0,stall
11471.0,11474.0,0,active
11474.0,11475.0,0,stall
11475.0,11479.0,0,active
11479.0,11480.0,0,stall
11480.0,11482.0,0,active
11482.0,11484.0,0,stall
11484.0,11485.0,0,active
11485.0,11487.0,0,stall
11487.0,11488.0,0,active
11488.0,11489.0,0,idle
11489.0,11490.0,0,stall
11490.0,11493.0,0,active
11493.0,11494.0,0,stall
11494.0,11498.0,0,active
11498.0,11499.0,0,stall
11499.0,11501.0,0,active
11501.0,11503.0,0,stall
11503.0,11504.0,0,active
11504.0,11506.0,0,stall
11506.0,11507.0,0,active
11507.0,11508.0,0,idle
11508.0,11509.0,0,stall
11509.0,11512.0,0,active
11512.0,11513.0,0,stall
11513.0,11517.0,0,active
11517.0,11518.0,0,stall
11518.0,11520.0,0,active
11520.0,11522.0,0,stall
11522.0,11523.0,0,active
11523.0,11525.0,0,stall
11525.0,11526.0,0,active
11526.0,11527.0,0,idle
11527.0,11528.0,0,stall
11528.0,11531.0,0,active
11531.0,11532.0,0,stall
11532.0,11536.0,0,active
11536.0,11537.0,0,stall
11537.0,11539.0,0,active
11539.0,11541.0,0,stall
11541.0,11542.0,0,active
11542.0,11544.0,0,stall
11544.0,11545.0,0,active
11545.0,11546.0,0,idle
11546.0,11547.0,0,stall
11547.0,11550.0,0,active
11550.0,11551.0,0,stall
11551.0,11555.0,0,active
11555.0,11556.0,0,stall
11556.0,11558.0,0,active
11558.0,11560.0,0,stall
11560.0,11561.0,0,active
11561.0,11563.0,0,stall
11563.0,11564.0,0,active
11564.0,11565.0,0,idle
11565.0,11566.0,0,stall
11566.0,11569.0,0,active
11569.0,11570.0,0,stall
11570.0,11574.0,0,active
11574.0,11575.0,0,stall
11575.0,11577.0,0,active
11577.0,11579.0,0,stall
11579.0,11580.0,0,active
11580.0,11582.0,0,stall
11582.0,11583.0,0,active
11583.0,11584.0,0,idle
11584.0,11585.0,0,stall
11585.0,11588.0,0,active
11588.0,11589.0,0,stall
11589.0,11593.0,0,active
11593.0,11594.0,0,stall
11594.0,11596.0,0,active
11596.0,11598.0,0,stall
11598.0,11599.0,0,active
11599.0,11601.0,0,stall
11601.0,11602.0,0,active
11602.0,11603.0,0,idle
11603.0,11604.0,0,stall
11604.0,11607.0,0,active
11607.0,11608.0,0,stall
11608.0,11612.0,0,active
11612.0,11613.0,0,stall
11613.0,11615.0,0,active
11615.0,11617.0,0,stall
11617.0,11618.0,0,active
11618.0,11620.0,0,stall
11620.0,11621.0,0,active
11621.0,11622.0,0,idle
11622.0,11623.0,0,stall
11623.0,11626.0,0,active
11626.0,11627.0,0,stall
11627.0,11631.0,0,active
11631.0,11632.0,0,stall
11632.0,11634.0,0,active
11634.0,11636.0,0,stall
11636.0,11637.0,0,active
11637.0,11639.0,0,stall
11639.0,11640.0,0,active
11640.0,11641.0,0,idle
11641.0,11642.0,0,stall
11642.0,11645.0,0,active
11645.0,11646.0,0,stall
11646.0,11650.0,0,active
11650.0,11651.0,0,stall
11651.0,11653.0,0,active
11653.0,11655.0,0,stall
11655.0,11656.0,0,active
11656.0,11658.0,0,stall
11658.0,11659.0,0,active
11659.0,11660.0,0,idle
11660.0,11661.0,0,stall
11661.0,11664.0,0,active
11664.0,11665.0,0,stall
11665.0,11669.0,0,active
11669.0,11670.0,0,stall
11670.0,11672.0,0,active
11672.0,11674.0,0,stall
11674.0,11675.0,0,active
11675.0,11677.0,0,stall
11677.0,11678.0,0,active
11678.0,11679.0,0,idle
11679.0,11680.0,0,stall
11680.0,11683.0,0,active
11683.0,11684.0,0,stall
11684.0,11688.0,0,active
11688.0,11689.0,0,stall
11689.0,11691.0,0,active
11691.0,11693.0,0,stall
11693.0,11694.0,0,active
11694.0,11696.0,0,stall
11696.0,11697.0,0,active
11697.0,11698.0,0,idle
11698.0,11699.0,0,stall
11699.0,11702.0,0,active
11702.0,11703.0,0,stall
11703.0,11707.0,0,active
11707.0,11708.0,0,stall
11708.0,11710.0,0,active
11710.0,11712.0,0,stall
11712.0,11713.0,0,active
11713.0,11715.0,0,stall
11715.0,11716.0,0,active
11716.0,11717.0,0,idle
11717.0,11718.0,0,stall
11718.0,11721.0,0,active
11721.0,11722.0,0,stall
11722.0,11726.0,0,active
11726.0,11727.0,0,stall
11727.0,11729.0,0,active
11729.0,11731.0,0,stall
11731.0,11732.0,0,active
11732.0,11734.0,0,stall
11734.0,11735.0,0,active
11735.0,11736.0,0,idle
11736.0,11737.0,0,stall
11737.0,11740.0,0,active
11740.0,11741.0,0,stall
11741.0,11745.0,0,active
11745.0,11746.0,0,stall
11746.0,11748.0,0,active
11748.0,11750.0,0,stall
11750.0,11751.0,0,active
11751.0,11753.0,0,stall
11753.0,11754.0,0,active
11754.0,11755.0,0,idle
11755.0,11756.0,0,stall
11756.0,11759.0,0,active
11759.0,11760.0,0,stall
11760.0,11764.0,0,active
11764.0,11765.0,0,stall
11765.0,11767.0,0,active
11767.0,11769.0,0,stall
11769.0,11770.0,0,active
11770.0,11772.0,0,stall
11772.0,11773.0,0,active
11773.0,11774.0,0,idle
11774.0,11775.0,0,stall
11775.0,11778.0,0,active
11778.0,11779.0,0,stall
11779.0,11783.0,0,active
11783.0,11784.0,0,stall
11784.0,11786.0,0,active
11786.0,11788.0,0,stall
11788.0,11789.0,0,active
11789.0,11791.0,0,stall
11791.0,11792.0,0,active
11792.0,11793.0,0,idle
11793.0,11794.0,0,stall
11794.0,11797.0,0,active
11797.0,11798.0,0,stall
11798.0,11802.0,0,active
11802.0,11803.0,0,stall
11803.0,11805.0,0,active
11805.0,11807.0,0,stall
11807.0,11808.0,0,active
11808.0,11810.0,0,stall
11810.0,11811.0,0,active
11811.0,11812.0,0,idle
11812.0,11813.0,0,stall
11813.0,11816.0,0,active
11816.0,11817.0,0,stall
11817.0,11821.0,0,active
11821.0,11822.0,0,stall
11822.0,11824.0,0,active
11824.0,11826.0,0,stall
11826.0,11827.0,0,active
11827.0,11829.0,0,stall
11829.0,11830.0,0,active
11830.0,11831.0,0,idle
11831.0,11832.0,0,stall
11832.0,11835.0,0,active
11835.0,11836.0,0,stall
11836.0,11840.0,0,active
11840.0,11841.0,0,stall
11841.0,11843.0,0,active
11843.0,11845.0,0,stall
11845.0,11846.0,0,active
11846.0,11848.0,0,stall
11848.0,11849.0,0,active
11849.0,11850.0,0,idle
11850.0,11851.0,0,stall
11851.0,11854.0,0,active
11854.0,11855.0,0,stall
11855.0,11859.0,0,active
11859.0,11860.0,0,stall
11860.0,11862.0,0,active
11862.0,11864.0,0,stall
11864.0,11865.0,0,active
11865.0,11867.0,0,stall
11867.0,11868.0,0,active
11868.0,11869.0,0,idle
11869.0,11870.0,0,stall
11870.0,11873.0,0,active
11873.0,11874.0,0,stall
11874.0,11878.0,0,active
11878.0,11879.0,0,stall
11879.0,11881.0,0,active
11881.0,11883.0,0,stall
11883.0,11884.0,0,active
11884.0,11886.0,0,stall
11886.0,11887.0,0,active
11887.0,11888.0,0,idle
11888.0,11889.0,0,stall
11889.0,11892.0,0,active
11892.0,11893.0,0,stall
11893.0,11897.0,0,active
11897.0,11898.0,0,stall
11898.0,11900.0,0,active
11900.0,11902.0,0,stall
11902.0,11903.0,0,active
11903.0,11905.0,0,stall
11905.0,11906.0,0,active
11906.0,11907.0,0,idle
11907.0,11908.0,0,stall
11908.0,11911.0,0,active
11911.0,11912.0,0,stall
11912.0,11916.0,0,active
11916.0,11917.0,0,stall
11917.0,11919.0,0,active
11919.0,11921.0,0,stall
11921.0,11922.0,0,active
11922.0,11924.0,0,stall
11924.0,11925.0,0,active
11925.0,11926.0,0,idle
11926.0,11927.0,0,stall
11927.0,11930.0,0,active
11930.0,11931.0,0,stall
11931.0,11935.0,0,active
11935.0,11936.0,0,stall
11936.0,11938.0,0,active
11938.0,11940.0,0,stall
11940.0,11941.0,0,active
11941.0,11943.0,0,stall
11943.0,11944.0,0,active
11944.0,11945.0,0,idle
11945.0,11946.0,0,stall
11946.0,11949.0,0,active
11949.0,11950.0,0,stall
11950.0,11954.0,0,active
11954.0,11955.0,0,stall
11955.0,11957.0,0,active
11957.0,11959.0,0,stall
11959.0,11960.0,0,active
11960.0,11962.0,0,stall
11962.0,11963.0,0,active
11963.0,11964.0,0,idle
11964.0,11965.0,0,stall
11965.0,11968.0,0,active
11968.0,11969.0,0,stall
11969.0,11973.0,0,active
11973.0,11974.0,0,stall
11974.0,11976.0,0,active
11976.0,11978.0,0,stall
11978.0,11979.0,0,active
11979.0,11981.0,0,stall
11981.0,11982.0,0,active
11982.0,11983.0,0,idle
11983.0,11984.0,0,stall
11984.0,11987.0,0,active
11987.0,11988.0,0,stall
11988.0,11992.0,0,active
11992.0,11993.0,0,stall
11993.0,11995.0,0,active
11995.0,11997.0,0,stall
11997.0,11998.0,0,active
11998.0,12000.0,0,stall
12000.0,12001.0,0,active
12001.0,12002.0,0,idle
12002.0,12003.0,0,stall
12003.0,12006.0,0,active
12006.0,12007.0,0,stall
12007.0,12011.0,0,active
12011.0,12012.0,0,stall
12012.0,12014.0,0,active
12014.0,12016.0,0,stall
12016.0,12017.0,0,active
12017.0,12019.0,0,stall
12019.0,12020.0,0,active
12020.0,12021.0,0,idle
12021.0,12022.0,0,stall
12022.0,12025.0,0,active
12025.0,12026.0,0,stall
12026.0,12030.0,0,active
12030.0,12031.0,0,stall
12031.0,12033.0,0,active
12033.0,12035.0,0,stall
12035.0,12036.0,0,active
12036.0,12038.0,0,stall
12038.0,12039.0,0,active
12039.0,12040.0,0,idle
12040.0,12041.0,0,stall
12041.0,12044.0,0,active
12044.0,12045.0,0,stall
12045.0,12049.0,0,active
12049.0,12050.0,0,stall
12050.0,12052.0,0,active
12052.0,12054.0,0,stall
12054.0,12055.0,0,active
12055.0,12057.0,0,stall
12057.0,12058.0,0,active
12058.0,12059.0,0,idle
12059.0,12060.0,0,stall
12060.0,12063.0,0,active
12063.0,12064.0,0,stall
12064.0,12068.0,0,active
12068.0,12069.0,0,stall
12069.0,12071.0,0,active
12071.0,12073.0,0,stall
12073.0,12074.0,0,active
12074.0,12076.0,0,stall
12076.0,12077.0,0,active
12077.0,12078.0,0,idle
12078.0,12079.0,0,stall
12079.0,12082.0,0,active
12082.0,12083.0,0,stall
12083.0,12087.0,0,active
12087.0,12088.0,0,stall
12088.0,12090.0,0,active
12090.0,12092.0,0,stall
12092.0,12093.0,0,active
12093.0,12095.0,0,stall
12095.0,12096.0,0,active
12096.0,12097.0,0,idle
12097.0,12098.0,0,stall
12098.0,12101.0,0,active
12101.0,12102.0,0,stall
12102.0,12106.0,0,active
12106.0,12107.0,0,stall
12107.0,12109.0,0,active
12109.0,12111.0,0,stall
12111.0,12112.0,0,active
12112.0,12114.0,0,stall
12114.0,12115.0,0,active
12115.0,12116.0,0,idle
12116.0,12117.0,0,stall
12117.0,12120.0,0,active
12120.0,12121.0,0,stall
12121.0,12125.0,0,active
12125.0,12126.0,0,stall
12126.0,12128.0,0,active
12128.0,12130.0,0,stall
12130.0,12131.0,0,active
12131.0,12133.0,0,stall
12133.0,12134.0,0,active
12134.0,12135.0,0,idle
12135.0,12136.0,0,stall
12136.0,12139.0,0,active
12139.0,12140.0,0,stall
12140.0,12144.0,0,active
12144.0,12145.0,0,stall
12145.0,12147.0,0,active
12147.0,12149.0,0,stall
12149.0,12150.0,0,active
12150.0,12152.0,0,stall
12152.0,12153.0,0,active
12153.0,12154.0,0,idle
12154.0,12155.0,0,stall
12155.0,12158.0,0,active
12158.0,12159.0,0,stall
12159.0,12163.0,0,active
12163.0,12164.0,0,stall
12164.0,12166.0,0,active
12166.0,12168.0,0,stall
12168.0,12169.0,0,active
12169.0,12171.0,0,stall
12171.0,12172.0,0,active
12172.0,12173.0,0,idle
12173.0,12174.0,0,stall
12174.0,12177.0,0,active
12177.0,12178.0,0,stall
12178.0,12182.0,0,active
12182.0,12183.0,0,stall
12183.0,12185.0,0,active
12185.0,12187.0,0,stall
12187.0,12188.0,0,active
12188.0,12190.0,0,stall
12190.0,12191.0,0,active
12191.0,12192.0,0,idle
12192.0,12193.0,0,stall
12193.0,12196.0,0,active
12196.0,12197.0,0,stall
12197.0,12201.0,0,active
12201.0,12202.0,0,stall
12202.0,12204.0,0,active
12204.0,12206.0,0,stall
12206.0,12207.0,0,active
12207.0,12209.0,0,stall
12209.0,12210.0,0,active
12210.0,12211.0,0,idle
12211.0,12212.0,0,stall
12212.0,12215.0,0,active
12215.0,12216.0,0,stall
12216.0,12220.0,0,active
12220.0,12221.0,0,stall
12221.0,12223.0,0,active
12223.0,12225.0,0,stall
12225.0,12226.0,0,active
12226.0,12228.0,0,stall
12228.0,12229.0,0,active
12229.0,12230.0,0,idle
12230.0,12231.0,0,stall
12231.0,12234.0,0,active
12234.0,12235.0,0,stall
12235.0,12239.0,0,active
12239.0,12240.0,0,stall
12240.0,12242.0,0,active
12242.0,12244.0,0,stall
12244.0,12245.0,0,active
12245.0,12247.0,0,stall
12247.0,12248.0,0,active
12248.0,12249.0,0,idle
12249.0,12250.0,0,stall
12250.0,12253.0,0,active
12253.0,12254.0,0,stall
12254.0,12258.0,0,active
12258.0,12259.0,0,stall
12259.0,12261.0,0,active
12261.0,12263.0,0,stall
12263.0,12264.0,0,active
12264.0,12266.0,0,stall
12266.0,12267.0,0,active
12267.0,12268.0,0,idle
12268.0,12269.0,0,stall
12269.0,12272.0,0,active
12272.0,12273.0,0,stall
12273.0,12277.0,0,active
12277.0,12278.0,0,stall
12278.0,12280.0,0,active
12280.0,12282.0,0,stall
12282.0,12283.0,0,active
12283.0,12285.0,0,stall
12285.0,12286.0,0,active
12286.0,12287.0,0,idle
12287.0,12288.0,0,stall
12288.0,12291.0,0,active
12291.0,12292.0,0,stall
12292.0,12296.0,0,active
12296.0,12297.0,0,stall
12297.0,12299.0,0,active
12299.0,12301.0,0,stall
12301.0,12302.0,0,active
12302.0,12304.0,0,stall
12304.0,12305.0,0,active
12305.0,12306.0,0,idle
12306.0,12307.0,0,stall
12307.0,12310.0,0,active
12310.0,12311.0,0,stall
12311.0,12315.0,0,active
12315.0,12316.0,0,stall
12316.0,12318.0,0,active
12318.0,12320.0,0,stall
12320.0,12321.0,0,active
12321.0,12323.0,0,stall
12323.0,12324.0,0,active
12324.0,12325.0,0,idle
12325.0,12326.0,0,stall
12326.0,12329.0,0,active
12329.0,12330.0,0,stall
12330.0,12334.0,0,active
12334.0,12335.0,0,stall
12335.0,12337.0,0,active
12337.0,12339.0,0,stall
12339.0,12340.0,0,active
12340.0,12342.0,0,stall
12342.0,12343.0,0,active
12343.0,12344.0,0,idle
12344.0,12345.0,0,stall
12345.0,12348.0,0,active
12348.0,12349.0,0,stall
12349.0,12353.0,0,active
12353.0,12354.0,0,stall
12354.0,12356.0,0,active
12356.0,12358.0,0,stall
12358.0,12359.0,0,active
12359.0,12361.0,0,stall
12361.0,12362.0,0,active
12362.0,12363.0,0,idle
12363.0,12364.0,0,stall
12364.0,12367.0,0,active
12367.0,12368.0,0,stall
12368.0,12372.0,0,active
12372.0,12373.0,0,stall
12373.0,12375.0,0,active
12375.0,12377.0,0,stall
12377.0,12378.0,0,active
12378.0,12380.0,0,stall
12380.0,12381.0,0,active
12381.0,12382.0,0,idle
12382.0,12383.0,0,stall
12383.0,12386.0,0,active
12386.0,12387.0,0,stall
12387.0,12391.0,0,active
12391.0,12392.0,0,stall
12392.0,12394.0,0,active
12394.0,12396.0,0,stall
12396.0,12397.0,0,active
12397.0,12399.0,0,stall
12399.0,12400.0,0,active
12400.0,12401.0,0,idle
12401.0,12402.0,0,stall
12402.0,12405.0,0,active
12405.0,12406.0,0,stall
12406.0,12410.0,0,active
12410.0,12411.0,0,stall
12411.0,12413.0,0,active
12413.0,12415.0,0,stall
12415.0,12416.0,0,active
12416.0,12418.0,0,stall
12418.0,12419.0,0,active
12419.0,12420.0,0,idle
12420.0,12421.0,0,stall
12421.0,12424.0,0,active
12424.0,12425.0,0,stall
12425.0,12429.0,0,active
12429.0,12430.0,0,stall
12430.0,12432.0,0,active
12432.0,12434.0,0,stall
12434.0,12435.0,0,active
12435.0,12437.0,0,stall
12437.0,12438.0,0,active
12438.0,12439.0,0,idle
12439.0,12440.0,0,stall
12440.0,12443.0,0,active
12443.0,12444.0,0,stall
12444.0,12448.0,0,active
12448.0,12449.0,0,stall
12449.0,12451.0,0,active
12451.0,12453.0,0,stall
12453.0,12454.0,0,active
12454.0,12456.0,0,stall
12456.0,12457.0,0,active
12457.0,12458.0,0,idle
12458.0,12459.0,0,stall
12459.0,12462.0,0,active
12462.0,12463.0,0,stall
12463.0,12467.0,0,active
12467.0,12468.0,0,stall
12468.0,12470.0,0,active
12470.0,12472.0,0,stall
12472.0,12473.0,0,active
12473.0,12475.0,0,stall
12475.0,12476.0,0,active
12476.0,12477.0,0,idle
12477.0,12478.0,0,stall
12478.0,12481.0,0,active
12481.0,12482.0,0,stall
12482.0,12486.0,0,active
12486.0,12487.0,0,stall
12487.0,12489.0,0,active
12489.0,12491.0,0,stall
12491.0,12492.0,0,active
12492.0,12494.0,0,stall
12494.0,12495.0,0,active
12495.0,12496.0,0,idle
12496.0,12497.0,0,stall
12497.0,12500.0,0,active
12500.0,12501.0,0,stall
12501.0,12505.0,0,active
12505.0,12506.0,0,stall
12506.0,12508.0,0,active
12508.0,12510.0,0,stall
12510.0,12511.0,0,active
12511.0,12513.0,0,stall
12513.0,12514.0,0,active
12514.0,12515.0,0,idle
12515.0,12516.0,0,stall
12516.0,12519.0,0,active
12519.0,12520.0,0,stall
12520.0,12524.0,0,active
12524.0,12525.0,0,stall
12525.0,12527.0,0,active
12527.0,12529.0,0,stall
12529.0,12530.0,0,active
12530.0,12532.0,0,stall
12532.0,12533.0,0,active
12533.0,12534.0,0,idle
12534.0,12535.0,0,stall
12535.0,12538.0,0,active
12538.0,12539.0,0,stall
12539.0,12543.0,0,active
12543.0,12544.0,0,stall
12544.0,12546.0,0,active
12546.0,12548.0,0,stall
12548.0,12549.0,0,active
12549.0,12551.0,0,stall
12551.0,12552.0,0,active
12552.0,12553.0,0,idle
12553.0,12554.0,0,stall
12554.0,12557.0,0,active
12557.0,12558.0,0,stall
12558.0,12562.0,0,active
12562.0,12563.0,0,stall
12563.0,12565.0,0,active
12565.0,12567.0,0,stall
12567.0,12568.0,0,active
12568.0,12570.0,0,stall
12570.0,12571.0,0,active
12571.0,12572.0,0,idle
12572.0,12573.0,0,stall
12573.0,12576.0,0,active
12576.0,12577.0,0,stall
12577.0,12581.0,0,active
12581.0,12582.0,0,stall
12582.0,12584.0,0,active
12584.0,12586.0,0,stall
12586.0,12587.0,0,active
12587.0,12589.0,0,stall
12589.0,12590.0,0,active
12590.0,12591.0,0,idle
12591.0,12592.0,0,stall
12592.0,12595.0,0,active
12595.0,12596.0,0,stall
12596.0,12600.0,0,active
12600.0,12601.0,0,stall
12601.0,12603.0,0,active
12603.0,12605.0,0,stall
12605.0,12606.0,0,active
12606.0,12608.0,0,stall
12608.0,12609.0,0,active
12609.0,12610.0,0,idle
12610.0,12611.0,0,stall
12611.0,12614.0,0,active
12614.0,12615.0,0,stall
12615.0,12619.0,0,active
12619.0,12620.0,0,stall
12620.0,12622.0,0,active
12622.0,12624.0,0,stall
12624.0,12625.0,0,active
12625.0,12627.0,0,stall
12627.0,12628.0,0,active
12628.0,12629.0,0,idle
12629.0,12630.0,0,stall
12630.0,12633.0,0,active
12633.0,12634.0,0,stall
12634.0,12638.0,0,active
12638.0,12639.0,0,stall
12639.0,12641.0,0,active
12641.0,12643.0,0,stall
12643.0,12644.0,0,active
12644.0,12646.0,0,stall
12646.0,12647.0,0,active
12647.0,12648.0,0,idle
12648.0,12649.0,0,stall
12649.0,12652.0,0,active
12652.0,12653.0,0,stall
12653.0,12657.0,0,active
12657.0,12658.0,0,stall
12658.0,12660.0,0,active
12660.0,12662.0,0,stall
12662.0,12663.0,0,active
12663.0,12665.0,0,stall
12665.0,12666.0,0,active
12666.0,12667.0,0,idle
12667.0,12668.0,0,stall
12668.0,12671.0,0,active
12671.0,12672.0,0,stall
12672.0,12676.0,0,active
12676.0,12677.0,0,stall
12677.0,12679.0,0,active
12679.0,12681.0,0,stall
12681.0,12682.0,0,active
12682.0,12684.0,0,stall
12684.0,12685.0,0,active
12685.0,12686.0,0,idle
12686.0,12687.0,0,stall
12687.0,12690.0,0,active
12690.0,12691.0,0,stall
12691.0,12695.0,0,active
12695.0,12696.0,0,stall
12696.0,12698.0,0,active
12698.0,12700.0,0,stall
12700.0,12701.0,0,active
12701.0,12703.0,0,stall
12703.0,12704.0,0,active
12704.0,12705.0,0,idle
12705.0,12706.0,0,stall
12706.0,12709.0,0,active
12709.0,12710.0,0,stall
12710.0,12714.0,0,active
12714.0,12715.0,0,stall
12715.0,12717.0,0,active
12717.0,12719.0,0,stall
12719.0,12720.0,0,active
12720.0,12722.0,0,stall
12722.0,12723.0,0,active
12723.0,12724.0,0,idle
12724.0,12725.0,0,stall
12725.0,12728.0,0,active
12728.0,12729.0,0,stall
12729.0,12733.0,0,active
12733.0,12734.0,0,stall
12734.0,12736.0,0,active
12736.0,12738.0,0,stall
12738.0,12739.0,0,active
12739.0,12741.0,0,stall
12741.0,12742.0,0,active
12742.0,12743.0,0,idle
12743.0,12744.0,0,stall
12744.0,12747.0,0,active
12747.0,12748.0,0,stall
12748.0,12752.0,0,active
12752.0,12753.0,0,stall
12753.0,12755.0,0,active
12755.0,12757.0,0,stall
12757.0,12758.0,0,active
12758.0,12760.0,0,stall
12760.0,12761.0,0,active
12761.0,12762.0,0,idle
12762.0,12763.0,0,stall
12763.0,12766.0,0,active
12766.0,12767.0,0,stall
12767.0,12771.0,0,active
12771.0,12772.0,0,stall
12772.0,12774.0,0,active
12774.0,12776.0,0,stall
12776.0,12777.0,0,active
12777.0,12779.0,0,stall
12779.0,12780.0,0,active
12780.0,12781.0,0,idle
12781.0,12782.0,0,stall
12782.0,12785.0,0,active
12785.0,12786.0,0,stall
12786.0,12790.0,0,active
12790.0,12791.0,0,stall
12791.0,12793.0,0,active
12793.0,12795.0,0,stall
12795.0,12796.0,0,active
12796.0,12798.0,0,stall
12798.0,12799.0,0,active
12799.0,12800.0,0,idle
12800.0,12801.0,0,stall
12801.0,12804.0,0,active
12804.0,12805.0,0,stall
12805.0,12809.0,0,active
12809.0,12810.0,0,stall
12810.0,12812.0,0,active
12812.0,12814.0,0,stall
12814.0,12815.0,0,active
12815.0,12817.0,0,stall
12817.0,12818.0,0,active
12818.0,12819.0,0,idle
12819.0,12820.0,0,stall
12820.0,12823.0,0,active
12823.0,12824.0,0,stall
12824.0,12828.0,0,active
12828.0,12829.0,0,stall
12829.0,12831.0,0,active
12831.0,12833.0,0,stall
12833.0,12834.0,0,active
12834.0,12836.0,0,stall
12836.0,12837.0,0,active
12837.0,12838.0,0,idle
12838.0,12839.0,0,stall
12839.0,12842.0,0,active
12842.0,12843.0,0,stall
12843.0,12847.0,0,active
12847.0,12848.0,0,stall
12848.0,12850.0,0,active
12850.0,12852.0,0,stall
12852.0,12853.0,0,active
12853.0,12855.0,0,stall
12855.0,12856.0,0,active
12856.0,12857.0,0,idle
12857.0,12858.0,0,stall
12858.0,12861.0,0,active
12861.0,12862.0,0,stall
12862.0,12866.0,0,active
12866.0,12867.0,0,stall
12867.0,12869.0,0,active
12869.0,12871.0,0,stall
12871.0,12872.0,0,active
12872.0,12874.0,0,stall
12874.0,12875.0,0,active
12875.0,12876.0,0,idle
12876.0,12877.0,0,stall
12877.0,12880.0,0,active
12880.0,12881.0,0,stall
12881.0,12885.0,0,active
12885.0,12886.0,0,stall
12886.0,12888.0,0,active
12888.0,12890.0,0,stall
12890.0,12891.0,0,active
12891.0,12893.0,0,stall
12893.0,12894.0,0,active
12894.0,12895.0,0,idle
12895.0,12896.0,0,stall
12896.0,12899.0,0,active
12899.0,12900.0,0,stall
12900.0,12904.0,0,active
12904.0,12905.0,0,stall
12905.0,12907.0,0,active
12907.0,12909.0,0,stall
12909.0,12910.0,0,active
12910.0,12912.0,0,stall
12912.0,12913.0,0,active
12913.0,12914.0,0,idle
12914.0,12915.0,0,stall
12915.0,12918.0,0,active
12918.0,12919.0,0,stall
12919.0,12923.0,0,active
12923.0,12924.0,0,stall
12924.0,12926.0,0,active
12926.0,12928.0,0,stall
12928.0,12929.0,0,active
12929.0,12931.0,0,stall
12931.0,12932.0,0,active
12932.0,12933.0,0,idle
12933.0,12934.0,0,stall
12934.0,12937.0,0,active
12937.0,12938.0,0,stall
12938.0,12942.0,0,active
12942.0,12943.0,0,stall
12943.0,12945.0,0,active
12945.0,12947.0,0,stall
12947.0,12948.0,0,active
12948.0,12950.0,0,stall
12950.0,12951.0,0,active
12951.0,12952.0,0,idle
12952.0,12953.0,0,stall
12953.0,12956.0,0,active
12956.0,12957.0,0,stall
12957.0,12961.0,0,active
12961.0,12962.0,0,stall
12962.0,12964.0,0,active
12964.0,12966.0,0,stall
12966.0,12967.0,0,active
12967.0,12969.0,0,stall
12969.0,12970.0,0,active
12970.0,12971.0,0,idle
12971.0,12972.0,0,stall
12972.0,12975.0,0,active
12975.0,12976.0,0,stall
12976.0,12980.0,0,active
12980.0,12981.0,0,stall
12981.0,12983.0,0,active
12983.0,12985.0,0,stall
12985.0,12986.0,0,active
12986.0,12988.0,0,stall
12988.0,12989.0,0,active
12989.0,12990.0,0,idle
12990.0,12991.0,0,stall
12991.0,12994.0,0,active
12994.0,12995.0,0,stall
12995.0,12999.0,0,active
12999.0,13000.0,0,stall
13000.0,13002.0,0,active
13002.0,13004.0,0,stall
13004.0,13005.0,0,active
13005.0,13007.0,0,stall
13007.0,13008.0,0,active
13008.0,13009.0,0,idle
13009.0,13010.0,0,stall
13010.0,13013.0,0,active
13013.0,13014.0,0,stall
13014.0,13018.0,0,active
13018.0,13019.0,0,stall
13019.0,13021.0,0,active
13021.0,13023.0,0,stall
13023.0,13024.0,0,active
13024.0,13026.0,0,stall
13026.0,13027.0,0,active
13027.0,13028.0,0,idle
13028.0,13029.0,0,stall
13029.0,13032.0,0,active
13032.0,13033.0,0,stall
13033.0,13037.0,0,active
13037.0,13038.0,0,stall
13038.0,13040.0,0,active
13040.0,13042.0,0,stall
13042.0,13043.0,0,active
13043.0,13045.0,0,stall
13045.0,13046.0,0,active
13046.0,13047.0,0,idle
13047.0,13048.0,0,stall
13048.0,13051.0,0,active
13051.0,13052.0,0,stall
13052.0,13056.0,0,active
13056.0,13057.0,0,stall
13057.0,13059.0,0,active
13059.0,13061.0,0,stall
13061.0,13062.0,0,active
13062.0,13064.0,0,stall
13064.0,13065.0,0,active
13065.0,13066.0,0,idle
13066.0,13067.0,0,stall
13067.0,13070.0,0,active
13070.0,13071.0,0,stall
13071.0,13075.0,0,active
13075.0,13076.0,0,stall
13076.0,13078.0,0,active
13078.0,13080.0,0,stall
13080.0,13081.0,0,active
13081.0,13083.0,0,stall
13083.0,13084.0,0,active
13084.0,13085.0,0,idle
13085.0,13086.0,0,stall
13086.0,13089.0,0,active
13089.0,13090.0,0,stall
13090.0,13094.0,0,active
13094.0,13095.0,0,stall
13095.0,13097.0,0,active
13097.0,13099.0,0,stall
13099.0,13100.0,0,active
13100.0,13102.0,0,stall
13102.0,13103.0,0,active
13103.0,13104.0,0,idle
13104.0,13105.0,0,stall
13105.0,13108.0,0,active
13108.0,13109.0,0,stall
13109.0,13113.0,0,active
13113.0,13114.0,0,stall
13114.0,13116.0,0,active
13116.0,13118.0,0,stall
13118.0,13119.0,0,active
13119.0,13121.0,0,stall
13121.0,13122.0,0,active
13122.0,13123.0,0,idle
13123.0,13124.0,0,stall
13124.0,13127.0,0,active
13127.0,13128.0,0,stall
13128.0,13132.0,0,active
13132.0,13133.0,0,stall
13133.0,13135.0,0,active
13135.0,13137.0,0,stall
13137.0,13138.0,0,active
13138.0,13140.0,0,stall
13140.0,13141.0,0,active
13141.0,13142.0,0,idle
13142.0,13143.0,0,stall
13143.0,13146.0,0,active
13146.0,13147.0,0,stall
13147.0,13151.0,0,active
13151.0,13152.0,0,stall
13152.0,13154.0,0,active
13154.0,13156.0,0,stall
13156.0,13157.0,0,active
13157.0,13159.0,0,stall
13159.0,13160.0,0,active
13160.0,13161.0,0,idle
13161.0,13162.0,0,stall
13162.0,13165.0,0,active
13165.0,13166.0,0,stall
13166.0,13170.0,0,active
13170.0,13171.0,0,stall
13171.0,13173.0,0,active
13173.0,13175.0,0,stall
13175.0,13176.0,0,active
13176.0,13178.0,0,stall
13178.0,13179.0,0,active
13179.0,13180.0,0,idle
13180.0,13181.0,0,stall
13181.0,13184.0,0,active
13184.0,13185.0,0,stall
13185.0,13189.0,0,active
13189.0,13190.0,0,stall
13190.0,13192.0,0,active
13192.0,13194.0,0,stall
13194.0,13195.0,0,active
13195.0,13197.0,0,stall
13197.0,13198.0,0,active
13198.0,13199.0,0,idle
13199.0,13200.0,0,stall
13200.0,13203.0,0,active
13203.0,13204.0,0,stall
13204.0,13208.0,0,active
13208.0,13209.0,0,stall
13209.0,13211.0,0,active
13211.0,13213.0,0,stall
13213.0,13214.0,0,active
13214.0,13216.0,0,stall
13216.0,13217.0,0,active
13217.0,13218.0,0,idle
13218.0,13219.0,0,stall
13219.0,13222.0,0,active
13222.0,13223.0,0,stall
13223.0,13227.0,0,active
13227.0,13228.0,0,stall
13228.0,13230.0,0,active
13230.0,13232.0,0,stall
13232.0,13233.0,0,active
13233.0,13235.0,0,stall
13235.0,13236.0,0,active
13236.0,13237.0,0,idle
13237.0,13238.0,0,stall
13238.0,13241.0,0,active
13241.0,13242.0,0,stall
13242.0,13246.0,0,active
13246.0,13247.0,0,stall
13247.0,13249.0,0,active
13249.0,13251.0,0,stall
13251.0,13252.0,0,active
13252.0,13254.0,0,stall
13254.0,13255.0,0,active
13255.0,13256.0,0,idle
13256.0,13257.0,0,stall
13257.0,13260.0,0,active
13260.0,13261.0,0,stall
13261.0,13265.0,0,active
13265.0,13266.0,0,stall
13266.0,13268.0,0,active
13268.0,13270.0,0,stall
13270.0,13271.0,0,active
13271.0,13273.0,0,stall
13273.0,13274.0,0,active
13274.0,13275.0,0,idle
13275.0,13276.0,0,stall
13276.0,13279.0,0,active
13279.0,13280.0,0,stall
13280.0,13284.0,0,active
13284.0,13285.0,0,stall
13285.0,13287.0,0,active
13287.0,13289.0,0,stall
13289.0,13290.0,0,active
13290.0,13292.0,0,stall
13292.0,13293.0,0,active
13293.0,13294.0,0,idle
13294.0,13295.0,0,stall
13295.0,13298.0,0,active
13298.0,13299.0,0,stall
13299.0,13303.0,0,active
13303.0,13304.0,0,stall
13304.0,13306.0,0,active
13306.0,13308.0,0,stall
13308.0,13309.0,0,active
13309.0,13311.0,0,stall
13311.0,13312.0,0,active
13312.0,13313.0,0,idle
13313.0,13314.0,0,stall
13314.0,13317.0,0,active
13317.0,13318.0,0,stall
13318.0,13322.0,0,active
13322.0,13323.0,0,stall
13323.0,13325.0,0,active
13325.0,13327.0,0,stall
13327.0,13328.0,0,active
13328.0,13330.0,0,stall
13330.0,13331.0,0,active
13331.0,13332.0,0,idle
13332.0,13333.0,0,stall
13333.0,13336.0,0,active
13336.0,13337.0,0,stall
13337.0,13341.0,0,active
13341.0,13342.0,0,stall
13342.0,13344.0,0,active
13344.0,13346.0,0,stall
13346.0,13347.0,0,active
13347.0,13349.0,0,stall
13349.0,13350.0,0,active
13350.0,13351.0,0,idle
13351.0,13352.0,0,stall
13352.0,13355.0,0,active
13355.0,13356.0,0,stall
13356.0,13360.0,0,active
13360.0,13361.0,0,stall
13361.0,13363.0,0,active
13363.0,13365.0,0,stall
13365.0,13366.0,0,active
13366.0,13368.0,0,stall
13368.0,13369.0,0,active
13369.0,13370.0,0,idle
13370.0,13371.0,0,stall
13371.0,13374.0,0,active
13374.0,13375.0,0,stall
13375.0,13379.0,0,active
13379.0,13380.0,0,stall
13380.0,13382.0,0,active
13382.0,13384.0,0,stall
13384.0,13385.0,0,active
13385.0,13387.0,0,stall
13387.0,13388.0,0,active
13388.0,13389.0,0,idle
13389.0,13390.0,0,stall
13390.0,13393.0,0,active
13393.0,13394.0,0,stall
13394.0,13398.0,0,active
13398.0,13399.0,0,stall
13399.0,13401.0,0,active
13401.0,13403.0,0,stall
13403.0,13404.0,0,active
13404.0,13406.0,0,stall
13406.0,13407.0,0,active
13407.0,13408.0,0,idle
13408.0,13409.0,0,stall
13409.0,13412.0,0,active
13412.0,13413.0,0,stall
13413.0,13417.0,0,active
13417.0,13418.0,0,stall
13418.0,13420.0,0,active
13420.0,13422.0,0,stall
13422.0,13423.0,0,active
13423.0,13425.0,0,stall
13425.0,13426.0,0,active
13426.0,13427.0,0,idle
13427.0,13428.0,0,stall
13428.0,13431.0,0,active
13431.0,13432.0,0,stall
13432.0,13436.0,0,active
13436.0,13437.0,0,stall
13437.0,13439.0,0,active
13439.0,13441.0,0,stall
13441.0,13442.0,0,active
13442.0,13444.0,0,stall
13444.0,13445.0,0,active
13445.0,13446.0,0,idle
13446.0,13447.0,0,stall
13447.0,13450.0,0,active
13450.0,13451.0,0,stall
13451.0,13455.0,0,active
13455.0,13456.0,0,stall
13456.0,13458.0,0,active
13458.0,13460.0,0,stall
13460.0,13461.0,0,active
13461.0,13463.0,0,stall
13463.0,13464.0,0,active
13464.0,13465.0,0,idle
13465.0,13466.0,0,stall
13466.0,13469.0,0,active
13469.0,13470.0,0,stall
13470.0,13474.0,0,active
13474.0,13475.0,0,stall
13475.0,13477.0,0,active
13477.0,13479.0,0,stall
13479.0,13480.0,0,active
13480.0,13482.0,0,stall
13482.0,13483.0,0,active
13483.0,13484.0,0,idle
13484.0,13485.0,0,stall
13485.0,13488.0,0,active
13488.0,13489.0,0,stall
13489.0,13493.0,0,active
13493.0,13494.0,0,stall
13494.0,13496.0,0,active
13496.0,13498.0,0,stall
13498.0,13499.0,0,active
13499.0,13501.0,0,stall
13501.0,13502.0,0,active
13502.0,13503.0,0,idle
13503.0,13504.0,0,stall
13504.0,13507.0,0,active
13507.0,13508.0,0,stall
13508.0,13512.0,0,active
13512.0,13513.0,0,stall
13513.0,13515.0,0,active
13515.0,13517.0,0,stall
13517.0,13518.0,0,active
13518.0,13520.0,0,stall
13520.0,13521.0,0,active
13521.0,13522.0,0,idle
13522.0,13523.0,0,stall
13523.0,13526.0,0,active
13526.0,13527.0,0,stall
13527.0,13531.0,0,active
13531.0,13532.0,0,stall
13532.0,13534.0,0,active
13534.0,13536.0,0,stall
13536.0,13537.0,0,active
13537.0,13539.0,0,stall
13539.0,13540.0,0,active
13540.0,13541.0,0,idle
13541.0,13542.0,0,stall
13542.0,13545.0,0,active
13545.0,13546.0,0,stall
13546.0,13550.0,0,active
13550.0,13551.0,0,stall
13551.0,13553.0,0,active
13553.0,13555.0,0,stall
13555.0,13556.0,0,active
13556.0,13558.0,0,stall
13558.0,13559.0,0,active
13559.0,13560.0,0,idle
13560.0,13561.0,0,stall
13561.0,13564.0,0,active
13564.0,13565.0,0,stall
13565.0,13569.0,0,active
13569.0,13570.0,0,stall
13570.0,13572.0,0,active
13572.0,13574.0,0,stall
13574.0,13575.0,0,active
13575.0,13577.0,0,stall
13577.0,13578.0,0,active
13578.0,13579.0,0,idle
13579.0,13580.0,0,stall
13580.0,13583.0,0,active
13583.0,13584.0,0,stall
13584.0,13588.0,0,active
13588.0,13589.0,0,stall
13589.0,13591.0,0,active
13591.0,13593.0,0,stall
13593.0,13594.0,0,active
13594.0,13596.0,0,stall
13596.0,13597.0,0,active
13597.0,13598.0,0,idle
13598.0,13599.0,0,stall
13599.0,13602.0,0,active
13602.0,13603.0,0,stall
13603.0,13607.0,0,active
13607.0,13608.0,0,stall
13608.0,13610.0,0,active
13610.0,13612.0,0,stall
13612.0,13613.0,0,active
13613.0,13615.0,0,stall
13615.0,13616.0,0,active
13616.0,13617.0,0,idle
13617.0,13618.0,0,stall
13618.0,13621.0,0,active
13621.0,13622.0,0,stall
13622.0,13626.0,0,active
13626.0,13627.0,0,stall
13627.0,13629.0,0,active
13629.0,13631.0,0,stall
13631.0,13632.0,0,active
13632.0,13634.0,0,stall
13634.0,13635.0,0,active
13635.0,13636.0,0,idle
13636.0,13637.0,0,stall
13637.0,13640.0,0,active
13640.0,13641.0,0,stall
13641.0,13645.0,0,active
13645.0,13646.0,0,stall
13646.0,13648.0,0,active
13648.0,13650.0,0,stall
13650.0,13651.0,0,active
13651.0,13653.0,0,stall
13653.0,13654.0,0,active
13654.0,13655.0,0,idle
13655.0,13656.0,0,stall
13656.0,13659.0,0,active
13659.0,13660.0,0,stall
13660.0,13664.0,0,active
13664.0,13665.0,0,stall
13665.0,13667.0,0,active
13667.0,13669.0,0,stall
13669.0,13670.0,0,active
13670.0,13672.0,0,stall
13672.0,13673.0,0,active
13673.0,13674.0,0,idle
13674.0,13675.0,0,stall
13675.0,13678.0,0,active
13678.0,13679.0,0,stall
13679.0,13683.0,0,active
13683.0,13684.0,0,stall
13684.0,13686.0,0,active
13686.0,13688.0,0,stall
13688.0,13689.0,0,active
13689.0,13691.0,0,stall
13691.0,13692.0,0,active
13692.0,13693.0,0,idle
13693.0,13694.0,0,stall
13694.0,13697.0,0,active
13697.0,13698.0,0,stall
13698.0,13702.0,0,active
13702.0,13703.0,0,stall
13703.0,13705.0,0,active
13705.0,13707.0,0,stall
13707.0,13708.0,0,active
13708.0,13710.0,0,stall
13710.0,13711.0,0,active
13711.0,13712.0,0,idle
13712.0,13713.0,0,stall
13713.0,13716.0,0,active
13716.0,13717.0,0,stall
13717.0,13721.0,0,active
13721.0,13722.0,0,stall
13722.0,13724.0,0,active
13724.0,13726.0,0,stall
13726.0,13727.0,0,active
13727.0,13729.0,0,stall
13729.0,13730.0,0,active
13730.0,13731.0,0,idle
13731.0,13732.0,0,stall
13732.0,13735.0,0,active
13735.0,13736.0,0,stall
13736.0,13740.0,0,active
13740.0,13741.0,0,stall
13741.0,13743.0,0,active
13743.0,13745.0,0,stall
13745.0,13746.0,0,active
13746.0,13748.0,0,stall
13748.0,13749.0,0,active
13749.0,13750.0,0,idle
13750.0,13751.0,0,stall
13751.0,13754.0,0,active
13754.0,13755.0,0,stall
13755.0,13759.0,0,active
13759.0,13760.0,0,stall
13760.0,13762.0,0,active
13762.0,13764.0,0,stall
13764.0,13765.0,0,active
13765.0,13767.0,0,stall
13767.0,13768.0,0,active
13768.0,13769.0,0,idle
13769.0,13770.0,0,stall
13770.0,13773.0,0,active
13773.0,13774.0,0,stall
13774.0,13778.0,0,active
13778.0,13779.0,0,stall
13779.0,13781.0,0,active
13781.0,13783.0,0,stall
13783.0,13784.0,0,active
13784.0,13786.0,0,stall
13786.0,13787.0,0,active
13787.0,13788.0,0,idle
13788.0,13789.0,0,stall
13789.0,13792.0,0,active
13792.0,13793.0,0,stall
13793.0,13797.0,0,active
13797.0,13798.0,0,stall
13798.0,13800.0,0,active
13800.0,13802.0,0,stall
13802.0,13803.0,0,active
13803.0,13805.0,0,stall
13805.0,13806.0,0,active
13806.0,13807.0,0,idle
13807.0,13808.0,0,stall
13808.0,13811.0,0,active
13811.0,13812.0,0,stall
13812.0,13816.0,0,active
13816.0,13817.0,0,stall
13817.0,13819.0,0,active
13819.0,13821.0,0,stall
13821.0,13822.0,0,active
13822.0,13824.0,0,stall
13824.0,13825.0,0,active
13825.0,13826.0,0,idle
13826.0,13827.0,0,stall
13827.0,13830.0,0,active
13830.0,13831.0,0,stall
13831.0,13835.0,0,active
13835.0,13836.0,0,stall
13836.0,13838.0,0,active
13838.0,13840.0,0,stall
13840.0,13841.0,0,active
13841.0,13843.0,0,stall
13843.0,13844.0,0,active
13844.0,13845.0,0,idle
13845.0,13846.0,0,stall
13846.0,13849.0,0,active
13849.0,13850.0,0,stall
13850.0,13854.0,0,active
13854.0,13855.0,0,stall
13855.0,13857.0,0,active
13857.0,13859.0,0,stall
13859.0,13860.0,0,active
13860.0,13862.0,0,stall
13862.0,13863.0,0,active
13863.0,13864.0,0,idle
13864.0,13865.0,0,stall
13865.0,13868.0,0,active
13868.0,13869.0,0,stall
13869.0,13873.0,0,active
13873.0,13874.0,0,stall
13874.0,13876.0,0,active
13876.0,13878.0,0,stall
13878.0,13879.0,0,active
13879.0,13881.0,0,stall
13881.0,13882.0,0,active
13882.0,13883.0,0,idle
13883.0,13884.0,0,stall
13884.0,13887.0,0,active
13887.0,13888.0,0,stall
13888.0,13892.0,0,active
13892.0,13893.0,0,stall
13893.0,13895.0,0,active
13895.0,13897.0,0,stall
13897.0,13898.0,0,active
13898.0,13900.0,0,stall
13900.0,13901.0,0,active
13901.0,13902.0,0,idle
13902.0,13903.0,0,stall
13903.0,13906.0,0,active
13906.0,13907.0,0,stall
13907.0,13911.0,0,active
13911.0,13912.0,0,stall
13912.0,13914.0,0,active
13914.0,13916.0,0,stall
13916.0,13917.0,0,active
13917.0,13919.0,0,stall
13919.0,13920.0,0,active
13920.0,13921.0,0,idle
13921.0,13922.0,0,stall
13922.0,13925.0,0,active
13925.0,13926.0,0,stall
13926.0,13930.0,0,active
13930.0,13931.0,0,stall
13931.0,13933.0,0,active
13933.0,13935.0,0,stall
13935.0,13936.0,0,active
13936.0,13938.0,0,stall
13938.0,13939.0,0,active
13939.0,13940.0,0,idle
13940.0,13941.0,0,stall
13941.0,13944.0,0,active
13944.0,13945.0,0,stall
13945.0,13949.0,0,active
13949.0,13950.0,0,stall
13950.0,13952.0,0,active
13952.0,13954.0,0,stall
13954.0,13955.0,0,active
13955.0,13957.0,0,stall
13957.0,13958.0,0,active
13958.0,13959.0,0,idle
13959.0,13960.0,0,stall
13960.0,13963.0,0,active
13963.0,13964.0,0,stall
13964.0,13968.0,0,active
13968.0,13969.0,0,stall
13969.0,13971.0,0,active
13971.0,13973.0,0,stall
13973.0,13974.0,0,active
13974.0,13976.0,0,stall
13976.0,13977.0,0,active
13977.0,13978.0,0,idle
13978.0,13979.0,0,stall
13979.0,13982.0,0,active
13982.0,13983.0,0,stall
13983.0,13987.0,0,active
13987.0,13988.0,0,stall
13988.0,13990.0,0,active
13990.0,13992.0,0,stall
13992.0,13993.0,0,active
13993.0,13995.0,0,stall
13995.0,13996.0,0,active
13996.0,13997.0,0,idle
13997.0,13998.0,0,stall
13998.0,14001.0,0,active
14001.0,14002.0,0,stall
14002.0,14006.0,0,active
14006.0,14007.0,0,stall
14007.0,14009.0,0,active
14009.0,14011.0,0,stall
14011.0,14012.0,0,active
14012.0,14014.0,0,stall
14014.0,14015.0,0,active
14015.0,14016.0,0,idle
14016.0,14017.0,0,stall
14017.0,14020.0,0,active
14020.0,14021.0,0,stall
14021.0,14025.0,0,active
14025.0,14026.0,0,stall
14026.0,14028.0,0,active
14028.0,14030.0,0,stall
14030.0,14031.0,0,active
14031.0,14033.0,0,stall
14033.0,14034.0,0,active
14034.0,14035.0,0,idle
14035.0,14036.0,0,stall
14036.0,14039.0,0,active
14039.0,14040.0,0,stall
14040.0,14044.0,0,active
14044.0,14045.0,0,stall
14045.0,14047.0,0,active
14047.0,14049.0,0,stall
14049.0,14050.0,0,active
14050.0,14052.0,0,stall
14052.0,14053.0,0,active
14053.0,14054.0,0,idle
14054.0,31991.0,0,stall
31991.0,31992.0,0,idle
31992.0,31993.0,0,active
31993.0,31994.0,0,idle
31994.0,31995.0,0,active
31995.0,31996.0,0,stall
31996.0,31997.0,0,active
31997.0,31999.0,0,stall
31999.0,32000.0,0,idle
32000.0,32002.0,0,stall
32002.0,32003.0,0,idle
32003.0,32004.0,0,active
32004.0,32005.0,0,stall
32005.0,32006.0,0,active
32006.0,32009.0,0,stall
32009.0,32010.0,0,idle
32010.0,32011.0,0,active
32011.0,32012.0,0,stall
32012.0,32013.0,0,active
32013.0,32016.0,0,stall
32016.0,32017.0,0,idle
32017.0,32018.0,0,active
32018.0,32019.0,0,stall
32019.0,32020.0,0,active
32020.0,32023.0,0,stall
32023.0,32024.0,0,idle
32024.0,32025.0,0,active
32025.0,32026.0,0,stall
32026.0,32027.0,0,active
32027.0,32030.0,0,stall
32030.0,32031.0,0,idle
32031.0,32032.0,0,active
32032.0,32033.0,0,stall
32033.0,32034.0,0,active
32034.0,32037.0,0,stall
32037.0,32038.0,0,idle
32038.0,32039.0,0,active
32039.0,32040.0,0,stall
32040.0,32041.0,0,active
32041.0,32044.0,0,stall
32044.0,32045.0,0,idle
32045.0,32046.0,0,active
32046.0,32047.0,0,stall
32047.0,32048.0,0,active
32048.0,32051.0,0,stall
32051.0,32052.0,0,idle
32052.0,32053.0,0,active
32053.0,32054.0,0,stall
32054.0,32055.0,0,active
32055.0,32058.0,0,stall
32058.0,32059.0,0,idle
32059.0,32060.0,0,active
32060.0,32061.0,0,stall
32061.0,32062.0,0,active
32062.0,32065.0,0,stall
32065.0,32066.0,0,idle
32066.0,32067.0,0,active
32067.0,32068.0,0,stall
32068.0,32069.0,0,active
32069.0,32072.0,0,stall
32072.0,32073.0,0,idle
32073.0,32074.0,0,active
32074.0,32075.0,0,stall
32075.0,32076.0,0,active
32076.0,32079.0,0,stall
32079.0,32080.0,0,idle
32080.0,32081.0,0,active
32081.0,32082.0,0,stall
32082.0,32083.0,0,active
32083.0,32086.0,0,stall
32086.0,32087.0,0,idle
32087.0,32088.0,0,active
32088.0,32089.0,0,stall
32089.0,32090.0,0,active
32090.0,32093.0,0,stall
32093.0,32094.0,0,idle
32094.0,32095.0,0,active
32095.0,32096.0,0,stall
32096.0,32097.0,0,active
32097.0,32100.0,0,stall
32100.0,32101.0,0,idle
32101.0,32102.0,0,active
32102.0,32103.0,0,stall
32103.0,32104.0,0,active
32104.0,32107.0,0,stall
32107.0,32108.0,0,idle
32108.0,32109.0,0,active
32109.0,32110.0,0,stall
32110.0,32111.0,0,active
32111.0,32114.0,0,stall
32114.0,32115.0,0,idle
32115.0,32116.0,0,active
32116.0,32117.0,0,stall
32117.0,32118.0,0,active
32118.0,32121.0,0,stall
32121.0,32122.0,0,idle
32122.0,32123.0,0,active
32123.0,32124.0,0,stall
32124.0,32125.0,0,active
32125.0,32128.0,0,stall
32128.0,32129.0,0,idle
32129.0,32130.0,0,active
32130.0,32131.0,0,stall
32131.0,32132.0,0,active
32132.0,32135.0,0,stall
32135.0,32136.0,0,idle
32136.0,32137.0,0,active
32137.0,32138.0,0,stall
32138.0,32139.0,0,active
32139.0,32142.0,0,stall
32142.0,32143.0,0,idle
32143.0,32144.0,0,active
32144.0,32145.0,0,stall
32145.0,32146.0,0,active
32146.0,32149.0,0,stall
32149.0,32150.0,0,idle
32150.0,32151.0,0,active
32151.0,32152.0,0,stall
32152.0,32153.0,0,active
32153.0,32156.0,0,stall
32156.0,32157.0,0,idle
32157.0,32158.0,0,active
32158.0,32159.0,0,stall
32159.0,32160.0,0,active
32160.0,32163.0,0,stall
32163.0,32164.0,0,idle
32164.0,32165.0,0,active
32165.0,32166.0,0,stall
32166.0,32167.0,0,active
32167.0,32170.0,0,stall
32170.0,32171.0,0,idle
32171.0,32172.0,0,active
32172.0,32173.0,0,stall
32173.0,32174.0,0,active
32174.0,32177.0,0,stall
32177.0,32178.0,0,idle
32178.0,32179.0,0,active
32179.0,32180.0,0,stall
32180.0,32181.0,0,active
32181.0,32184.0,0,stall
32184.0,32185.0,0,idle
32185.0,32186.0,0,active
32186.0,32187.0,0,stall
32187.0,32188.0,0,active
32188.0,32191.0,0,stall
32191.0,32192.0,0,idle
32192.0,32193.0,0,active
32193.0,32194.0,0,stall
32194.0,32195.0,0,active
32195.0,32198.0,0,stall
32198.0,32199.0,0,idle
32199.0,32200.0,0,active
32200.0,32201.0,0,stall
32201.0,32202.0,0,active
32202.0,32205.0,0,stall
32205.0,32206.0,0,idle
32206.0,32207.0,0,active
32207.0,32208.0,0,stall
32208.0,32209.0,0,active
32209.0,32212.0,0,stall
32212.0,32213.0,0,idle
32213.0,32214.0,0,active
32214.0,32215.0,0,stall
32215.0,32216.0,0,active
32216.0,32219.0,0,stall
32219.0,32220.0,0,idle
32220.0,32221.0,0,active
32221.0,32222.0,0,stall
32222.0,32223.0,0,active
32223.0,32226.0,0,stall
32226.0,32227.0,0,idle
32227.0,32228.0,0,active
32228.0,32229.0,0,stall
32229.0,32230.0,0,active
32230.0,32233.0,0,stall
32233.0,32234.0,0,idle
32234.0,32235.0,0,active
32235.0,32236.0,0,stall
32236.0,32237.0,0,active
32237.0,32240.0,0,stall
32240.0,32241.0,0,idle
32241.0,32242.0,0,active
32242.0,32243.0,0,stall
32243.0,32244.0,0,active
32244.0,32247.0,0,stall
32247.0,32248.0,0,idle
32248.0,32249.0,0,active
32249.0,32250.0,0,stall
32250.0,32251.0,0,active
32251.0,32254.0,0,stall
32254.0,32255.0,0,idle
32255.0,32256.0,0,active
32256.0,32257.0,0,stall
32257.0,32258.0,0,active
32258.0,32261.0,0,stall
32261.0,32262.0,0,idle
32262.0,32263.0,0,active
32263.0,32264.0,0,stall
32264.0,32265.0,0,active
32265.0,32268.0,0,stall
32268.0,32269.0,0,idle
32269.0,32270.0,0,active
32270.0,32271.0,0,stall
32271.0,32272.0,0,active
32272.0,32275.0,0,stall
32275.0,32276.0,0,idle
32276.0,32277.0,0,active
32277.0,32278.0,0,stall
32278.0,32279.0,0,active
32279.0,32282.0,0,stall
32282.0,32283.0,0,idle
32283.0,32284.0,0,active
32284.0,32285.0,0,stall
32285.0,32286.0,0,active
32286.0,32289.0,0,stall
32289.0,32290.0,0,idle
32290.0,32291.0,0,active
32291.0,32292.0,0,stall
32292.0,32293.0,0,active
32293.0,32296.0,0,stall
32296.0,32297.0,0,idle
32297.0,32298.0,0,active
32298.0,32299.0,0,stall
32299.0,32300.0,0,active
32300.0,32303.0,0,stall
32303.0,32304.0,0,idle
32304.0,32305.0,0,active
32305.0,32306.0,0,stall
32306.0,32307.0,0,active
32307.0,32310.0,0,stall
32310.0,32311.0,0,idle
32311.0,32312.0,0,active
32312.0,32313.0,0,stall
32313.0,32314.0,0,active
32314.0,32317.0,0,stall
32317.0,32318.0,0,idle
32318.0,32319.0,0,active
32319.0,32320.0,0,stall
32320.0,32321.0,0,active
32321.0,32324.0,0,stall
32324.0,32325.0,0,idle
32325.0,32326.0,0,active
32326.0,32327.0,0,stall
32327.0,32328.0,0,active
32328.0,32331.0,0,stall
32331.0,32332.0,0,idle
32332.0,32333.0,0,active
32333.0,32334.0,0,stall
32334.0,32335.0,0,active
32335.0,32338.0,0,stall
32338.0,32339.0,0,idle
32339.0,32340.0,0,active
32340.0,32341.0,0,stall
32341.0,32342.0,0,active
32342.0,32345.0,0,stall
32345.0,32346.0,0,idle
32346.0,32347.0,0,active
32347.0,32348.0,0,stall
32348.0,32349.0,0,active
32349.0,32352.0,0,stall
32352.0,32353.0,0,idle
32353.0,32354.0,0,active
32354.0,32355.0,0,stall
32355.0,32356.0,0,active
32356.0,32359.0,0,stall
32359.0,32360.0,0,idle
32360.0,32361.0,0,active
32361.0,32362.0,0,stall
32362.0,32363.0,0,active
32363.0,32366.0,0,stall
32366.0,32367.0,0,idle
32367.0,32368.0,0,active
32368.0,32369.0,0,stall
32369.0,32370.0,0,active
32370.0,32373.0,0,stall
32373.0,32374.0,0,idle
32374.0,32375.0,0,active
32375.0,32376.0,0,stall
32376.0,32377.0,0,active
32377.0,32380.0,0,stall
32380.0,32381.0,0,idle
32381.0,32382.0,0,active
32382.0,32383.0,0,stall
32383.0,32384.0,0,active
32384.0,32387.0,0,stall
32387.0,32388.0,0,idle
32388.0,32389.0,0,active
32389.0,32390.0,0,stall
32390.0,32391.0,0,active
32391.0,32394.0,0,stall
32394.0,32395.0,0,idle
32395.0,32396.0,0,active
32396.0,32397.0,0,stall
32397.0,32398.0,0,active
32398.0,32401.0,0,stall
32401.0,32402.0,0,idle
32402.0,32403.0,0,active
32403.0,32404.0,0,stall
32404.0,32405.0,0,active
32405.0,32408.0,0,stall
32408.0,32409.0,0,idle
32409.0,32410.0,0,active
32410.0,32411.0,0,stall
32411.0,32412.0,0,active
32412.0,32415.0,0,stall
32415.0,32416.0,0,idle
32416.0,32417.0,0,active
32417.0,32418.0,0,stall
32418.0,32419.0,0,active
32419.0,32422.0,0,stall
32422.0,32423.0,0,idle
32423.0,32424.0,0,active
32424.0,32425.0,0,stall
32425.0,32426.0,0,active
32426.0,32429.0,0,stall
32429.0,32430.0,0,idle
32430.0,32431.0,0,active
32431.0,32432.0,0,stall
32432.0,32433.0,0,active
32433.0,32436.0,0,stall
32436.0,32437.0,0,idle
32437.0,32438.0,0,active
32438.0,32439.0,0,stall
32439.0,32440.0,0,active
32440.0,32443.0,0,stall
32443.0,32444.0,0,idle
32444.0,32445.0,0,active
32445.0,32446.0,0,stall
32446.0,32447.0,0,active
32447.0,32450.0,0,stall
32450.0,32451.0,0,idle
32451.0,32453.0,0,active
32453.0,32454.0,0,stall
32454.0,32455.0,0,active
32455.0,32456.0,0,idle
32456.0,68313.0,0,stall
68313.0,68314.0,0,idle
68314.0,140012.0,0,stall
140012.0,140014.0,0,idle
140014.0,140015.0,0,active
140015.0,140016.0,0,stall
140016.0,140017.0,0,active
140017.0,142731.0,0,idle
142731.0,142732.0,0,active
142732.0,142733.0,0,stall
142733.0,142734.0,0,active
142734.0,142736.0,0,idle
142736.0,142737.0,0,active
142737.0,142738.0,0,stall
142738.0,142739.0,0,active
142739.0,158637.0,0,stall
158637.0,158638.0,0,idle
158638.0,158639.0,0,active
158639.0,158640.0,0,stall
158640.0,158641.0,0,active
158641.0,158643.0,0,idle
158643.0,158644.0,0,active
158644.0,158645.0,0,stall
158645.0,158646.0,0,active
158646.0,190416.0,0,stall
190416.0,190417.0,0,idle
190417.0,190418.0,0,active
190418.0,190419.0,0,stall
190419.0,190420.0,0,active
190420.0,190422.0,0,idle
190422.0,190423.0,0,active
190423.0,190424.0,0,stall
190424.0,190425.0,0,active
190425.0,380916.0,0,stall
380916.0,380917.0,0,idle
380917.0,380918.0,0,active
380918.0,380919.0,0,stall
380919.0,380920.0,0,active
380920.0,380921.0,0,idle
380921.0,381403.0,0,idle
