start_us,end_us,core,state
0.0,4925.0,0,idle
4925.0,4926.0,0,idle
4926.0,4927.0,0,stall
4927.0,4928.0,0,idle
4928.0,4929.0,0,stall
4929.0,4931.0,0,active
4931.0,4932.0,0,idle
4932.0,4933.0,0,stall
4933.0,4940.0,0,active
4940.0,4943.0,0,stall
4943.0,4944.0,0,active
4944.0,4946.0,0,stall
4946.0,4948.0,0,active
4948.0,4949.0,0,idle
4949.0,4950.0,0,stall
4950.0,4957.0,0,active
4957.0,4960.0,0,stall
4960.0,4961.0,0,active
4961.0,4963.0,0,stall
4963.0,4965.0,0,active
4965.0,4966.0,0,idle
4966.0,4967.0,0,stall
4967.0,4974.0,0,active
4974.0,4977.0,0,stall
4977.0,4978.0,0,active
4978.0,4980.0,0,stall
4980.0,4982.0,0,active
4982.0,4983.0,0,idle
4983.0,4984.0,0,stall
4984.0,4991.0,0,active
4991.0,4994.0,0,stall
4994.0,4995.0,0,active
4995.0,4997.0,0,stall
4997.0,4999.0,0,active
4999.0,5000.0,0,idle
5000.0,5001.0,0,stall
5001.0,5008.0,0,active
5008.0,5011.0,0,stall
5011.0,5012.0,0,active
5012.0,5014.0,0,stall
5014.0,5016.0,0,active
5016.0,5017.0,0,idle
5017.0,5018.0,0,stall
5018.0,5025.0,0,active
5025.0,5028.0,0,stall
5028.0,5029.0,0,active
5029.0,5031.0,0,stall
5031.0,5033.0,0,active
5033.0,5034.0,0,idle
5034.0,5035.0,0,stall
5035.0,5042.0,0,active
5042.0,5045.0,0,stall
5045.0,5046.0,0,active
5046.0,5048.0,0,stall
5048.0,5050.0,0,active
5050.0,5051.0,0,idle
5051.0,5052.0,0,stall
5052.0,5059.0,0,active
5059.0,5062.0,0,stall
5062.0,5063.0,0,active
5063.0,5065.0,0,stall
5065.0,5067.0,0,active
5067.0,5068.0,0,idle
5068.0,5069.0,0,stall
5069.0,5076.0,0,active
5076.0,5079.0,0,stall
5079.0,5080.0,0,active
5080.0,5082.0,0,stall
5082.0,5084.0,0,active
5084.0,5085.0,0,idle
5085.0,5086.0,0,stall
5086.0,5093.0,0,active
5093.0,5096.0,0,stall
5096.0,5097.0,0,active
5097.0,5099.0,0,stall
5099.0,5101.0,0,active
5101.0,5102.0,0,idle
5102.0,5103.0,0,stall
5103.0,5110.0,0,active
5110.0,5113.0,0,stall
5113.0,5114.0,0,active
5114.0,5116.0,0,stall
5116.0,5118.0,0,active
5118.0,5119.0,0,idle
5119.0,5120.0,0,stall
5120.0,5127.0,0,active
5127.0,5130.0,0,stall
5130.0,5131.0,0,active
5131.0,5133.0,0,stall
5133.0,5135.0,0,active
5135.0,5136.0,0,idle
5136.0,5137.0,0,stall
5137.0,5144.0,0,active
5144.0,5147.0,0,stall
5147.0,5148.0,0,active
5148.0,5150.0,0,stall
5150.0,5152.0,0,active
5152.0,5153.0,0,idle
5153.0,5154.0,0,stall
5154.0,5161.0,0,active
5161.0,5164.0,0,stall
5164.0,5165.0,0,active
5165.0,5167.0,0,stall
5167.0,5169.0,0,active
5169.0,5170.0,0,idle
5170.0,5171.0,0,stall
5171.0,5178.0,0,active
5178.0,5181.0,0,stall
5181.0,5182.0,0,active
5182.0,5184.0,0,stall
5184.0,5186.0,0,active
5186.0,5187.0,0,idle
5187.0,5188.0,0,stall
5188.0,5195.0,0,active
5195.0,5198.0,0,stall
5198.0,5199.0,0,active
5199.0,5201.0,0,stall
5201.0,5203.0,0,active
5203.0,5204.0,0,idle
5204.0,5205.0,0,stall
5205.0,5212.0,0,active
5212.0,5215.0,0,stall
5215.0,5216.0,0,active
5216.0,5218.0,0,stall
5218.0,5220.0,0,active
5220.0,5221.0,0,idle
5221.0,5222.0,0,stall
5222.0,5229.0,0,active
5229.0,5232.0,0,stall
5232.0,5233.0,0,active
5233.0,5235.0,0,stall
5235.0,5237.0,0,active
5237.0,5238.0,0,idle
5238.0,5239.0,0,stall
5239.0,5246.0,0,active
5246.0,5249.0,0,stall
5249.0,5250.0,0,active
5250.0,5252.0,0,stall
5252.0,5254.0,0,active
5254.0,5255.0,0,idle
5255.0,5256.0,0,stall
5256.0,5263.0,0,active
5263.0,5266.0,0,stall
5266.0,5267.0,0,active
5267.0,5269.0,0,stall
5269.0,5271.0,0,active
5271.0,5272.0,0,idle
5272.0,5273.0,0,stall
5273.0,5280.0,0,active
5280.0,5283.0,0,stall
5283.0,5284.0,0,active
5284.0,5286.0,0,stall
5286.0,5288.0,0,active
5288.0,5289.0,0,idle
5289.0,5290.0,0,stall
5290.0,5297.0,0,active
5297.0,5300.0,0,stall
5300.0,5301.0,0,active
5301.0,5303.0,0,stall
5303.0,5305.0,0,active
5305.0,5306.0,0,idle
5306.0,5307.0,0,stall
5307.0,5314.0,0,active
5314.0,5317.0,0,stall
5317.0,5318.0,0,active
5318.0,5320.0,0,stall
5320.0,5322.0,0,active
5322.0,5323.0,0,idle
5323.0,5324.0,0,stall
5324.0,5331.0,0,active
5331.0,5334.0,0,stall
5334.0,5335.0,0,active
5335.0,5337.0,0,stall
5337.0,5339.0,0,active
5339.0,5340.0,0,idle
5340.0,5341.0,0,stall
5341.0,5348.0,0,active
5348.0,5351.0,0,stall
5351.0,5352.0,0,active
5352.0,5354.0,0,stall
5354.0,5356.0,0,active
5356.0,5357.0,0,idle
5357.0,5358.0,0,stall
5358.0,5365.0,0,active
5365.0,5368.0,0,stall
5368.0,5369.0,0,active
5369.0,5371.0,0,stall
5371.0,5373.0,0,active
5373.0,5374.0,0,idle
5374.0,5375.0,0,stall
5375.0,5382.0,0,active
5382.0,5385.0,0,stall
5385.0,5386.0,0,active
5386.0,5388.0,0,stall
5388.0,5390.0,0,active
5390.0,5391.0,0,idle
5391.0,5392.0,0,stall
5392.0,5399.0,0,active
5399.0,5402.0,0,stall
5402.0,5403.0,0,active
5403.0,5405.0,0,stall
5405.0,5407.0,0,active
5407.0,5408.0,0,idle
5408.0,5409.0,0,stall
5409.0,5416.0,0,active
5416.0,5419.0,0,stall
5419.0,5420.0,0,active
5420.0,5422.0,0,stall
5422.0,5424.0,0,active
5424.0,5425.0,0,idle
5425.0,5426.0,0,stall
5426.0,5433.0,0,active
5433.0,5436.0,0,stall
5436.0,5437.0,0,active
5437.0,5439.0,0,stall
5439.0,5441.0,0,active
5441.0,5442.0,0,idle
5442.0,5443.0,0,stall
5443.0,5450.0,0,active
5450.0,5453.0,0,stall
5453.0,5454.0,0,active
5454.0,5456.0,0,stall
5456.0,5458.0,0,active
5458.0,5459.0,0,idle
5459.0,5460.0,0,stall
5460.0,5467.0,0,active
5467.0,5470.0,0,stall
5470.0,5471.0,0,active
5471.0,5473.0,0,stall
5473.0,5475.0,0,active
5475.0,5476.0,0,idle
5476.0,5477.0,0,stall
5477.0,5484.0,0,active
5484.0,5487.0,0,stall
5487.0,5488.0,0,active
5488.0,5490.0,0,stall
5490.0,5492.0,0,active
5492.0,5493.0,0,idle
5493.0,5494.0,0,stall
5494.0,5501.0,0,active
5501.0,5504.0,0,stall
5504.0,5505.0,0,active
5505.0,5507.0,0,stall
5507.0,5509.0,0,active
5509.0,5510.0,0,idle
5510.0,5511.0,0,stall
5511.0,5518.0,0,active
5518.0,5521.0,0,stall
5521.0,5522.0,0,active
5522.0,5524.0,0,stall
5524.0,5526.0,0,active
5526.0,5527.0,0,idle
5527.0,5528.0,0,stall
5528.0,5535.0,0,active
5535.0,5538.0,0,stall
5538.0,5539.0,0,active
5539.0,5541.0,0,stall
5541.0,5543.0,0,active
5543.0,5544.0,0,idle
5544.0,5545.0,0,stall
5545.0,5552.0,0,active
5552.0,5555.0,0,stall
5555.0,5556.0,0,active
5556.0,5558.0,0,stall
5558.0,5560.0,0,active
5560.0,5561.0,0,idle
5561.0,5562.0,0,stall
5562.0,5569.0,0,active
5569.0,5572.0,0,stall
5572.0,5573.0,0,active
5573.0,5575.0,0,stall
5575.0,5577.0,0,active
5577.0,5578.0,0,idle
5578.0,5579.0,0,stall
5579.0,5586.0,0,active
5586.0,5589.0,0,stall
5589.0,5590.0,0,active
5590.0,5592.0,0,stall
5592.0,5594.0,0,active
5594.0,5595.0,0,idle
5595.0,5596.0,0,stall
5596.0,5603.0,0,active
5603.0,5606.0,0,stall
5606.0,5607.0,0,active
5607.0,5609.0,0,stall
5609.0,5611.0,0,active
5611.0,5612.0,0,idle
5612.0,5613.0,0,stall
5613.0,5620.0,0,active
5620.0,5623.0,0,stall
5623.0,5624.0,0,active
5624.0,5626.0,0,stall
5626.0,5628.0,0,active
5628.0,5629.0,0,idle
5629.0,5630.0,0,stall
5630.0,5637.0,0,active
5637.0,5640.0,0,stall
5640.0,5641.0,0,active
5641.0,5643.0,0,stall
5643.0,5645.0,0,active
5645.0,5646.0,0,idle
5646.0,5647.0,0,stall
5647.0,5654.0,0,active
5654.0,5657.0,0,stall
5657.0,5658.0,0,active
5658.0,5660.0,0,stall
5660.0,5662.0,0,active
5662.0,5663.0,0,idle
5663.0,5664.0,0,stall
5664.0,5671.0,0,active
5671.0,5674.0,0,stall
5674.0,5675.0,0,active
5675.0,5677.0,0,stall
5677.0,5679.0,0,active
5679.0,5680.0,0,idle
5680.0,5681.0,0,stall
5681.0,5688.0,0,active
5688.0,5691.0,0,stall
5691.0,5692.0,0,active
5692.0,5694.0,0,stall
5694.0,5696.0,0,active
5696.0,5697.0,0,idle
5697.0,5698.0,0,stall
5698.0,5705.0,0,active
5705.0,5708.0,0,stall
5708.0,5709.0,0,active
5709.0,5711.0,0,stall
5711.0,5713.0,0,active
5713.0,5714.0,0,idle
5714.0,5715.0,0,stall
5715.0,5722.0,0,active
5722.0,5725.0,0,stall
5725.0,5726.0,0,active
5726.0,5728.0,0,stall
5728.0,5730.0,0,active
5730.0,5731.0,0,idle
5731.0,5732.0,0,stall
5732.0,5739.0,0,active
5739.0,5742.0,0,stall
5742.0,5743.0,0,active
5743.0,5745.0,0,stall
5745.0,5747.0,0,active
5747.0,5748.0,0,idle
5748.0,5749.0,0,stall
5749.0,5756.0,0,active
5756.0,5759.0,0,stall
5759.0,5760.0,0,active
5760.0,5762.0,0,stall
5762.0,5764.0,0,active
5764.0,5765.0,0,idle
5765.0,5766.0,0,stall
5766.0,5773.0,0,active
5773.0,5776.0,0,stall
5776.0,5777.0,0,active
5777.0,5779.0,0,stall
5779.0,5781.0,0,active
5781.0,5782.0,0,idle
5782.0,5783.0,0,stall
5783.0,5790.0,0,active
5790.0,5793.0,0,stall
5793.0,5794.0,0,active
5794.0,5796.0,0,stall
5796.0,5798.0,0,active
5798.0,5799.0,0,idle
5799.0,5800.0,0,stall
5800.0,5807.0,0,active
5807.0,5810.0,0,stall
5810.0,5811.0,0,active
5811.0,5813.0,0,stall
5813.0,5815.0,0,active
5815.0,5816.0,0,idle
5816.0,5817.0,0,stall
5817.0,5824.0,0,active
5824.0,5827.0,0,stall
5827.0,5828.0,0,active
5828.0,5830.0,0,stall
5830.0,5832.0,0,active
5832.0,5833.0,0,idle
5833.0,5834.0,0,stall
5834.0,5841.0,0,active
5841.0,5844.0,0,stall
5844.0,5845.0,0,active
5845.0,5847.0,0,stall
5847.0,5849.0,0,active
5849.0,5850.0,0,idle
5850.0,5851.0,0,stall
5851.0,5858.0,0,active
5858.0,5861.0,0,stall
5861.0,5862.0,0,active
5862.0,5864.0,0,stall
5864.0,5866.0,0,active
5866.0,5867.0,0,idle
5867.0,5868.0,0,stall
5868.0,5875.0,0,active
5875.0,5878.0,0,stall
5878.0,5879.0,0,active
5879.0,5881.0,0,stall
5881.0,5883.0,0,active
5883.0,5884.0,0,idle
5884.0,5885.0,0,stall
5885.0,5892.0,0,active
5892.0,5895.0,0,stall
5895.0,5896.0,0,active
5896.0,5898.0,0,stall
5898.0,5900.0,0,active
5900.0,5901.0,0,idle
5901.0,5902.0,0,stall
5902.0,5909.0,0,active
5909.0,5912.0,0,stall
5912.0,5913.0,0,active
5913.0,5915.0,0,stall
5915.0,5917.0,0,active
5917.0,5918.0,0,idle
5918.0,5919.0,0,stall
5919.0,5926.0,0,active
5926.0,5929.0,0,stall
5929.0,5930.0,0,active
5930.0,5932.0,0,stall
5932.0,5934.0,0,active
5934.0,5935.0,0,idle
5935.0,5936.0,0,stall
5936.0,5943.0,0,active
5943.0,5946.0,0,stall
5946.0,5947.0,0,active
5947.0,5949.0,0,stall
5949.0,5951.0,0,active
5951.0,5952.0,0,idle
5952.0,5953.0,0,stall
5953.0,5960.0,0,active
5960.0,5963.0,0,stall
5963.0,5964.0,0,active
5964.0,5966.0,0,stall
5966.0,5968.0,0,active
5968.0,5969.0,0,idle
5969.0,5970.0,0,stall
5970.0,5977.0,0,active
5977.0,5980.0,0,stall
5980.0,5981.0,0,active
5981.0,5983.0,0,stall
5983.0,5985.0,0,active
5985.0,5986.0,0,idle
5986.0,5987.0,0,stall
5987.0,5994.0,0,active
5994.0,5997.0,0,stall
5997.0,5998.0,0,active
5998.0,6000.0,0,stall
6000.0,6002.0,0,active
6002.0,6003.0,0,idle
6003.0,6004.0,0,stall
6004.0,6011.0,0,active
6011.0,6014.0,0,stall
6014.0,6015.0,0,active
6015.0,6017.0,0,stall
6017.0,6019.0,0,active
6019.0,6020.0,0,idle
6020.0,6021.0,0,stall
6021.0,6028.0,0,active
6028.0,6031.0,0,stall
6031.0,6032.0,0,active
6032.0,6034.0,0,stall
6034.0,6036.0,0,active
6036.0,6037.0,0,idle
6037.0,6038.0,0,stall
6038.0,6045.0,0,active
6045.0,6048.0,0,stall
6048.0,6049.0,0,active
6049.0,6051.0,0,stall
6051.0,6053.0,0,active
6053.0,6054.0,0,idle
6054.0,6055.0,0,stall
6055.0,6062.0,0,active
6062.0,6065.0,0,stall
6065.0,6066.0,0,active
6066.0,6068.0,0,stall
6068.0,6070.0,0,active
6070.0,6071.0,0,idle
6071.0,6072.0,0,stall
6072.0,6079.0,0,active
6079.0,6082.0,0,stall
6082.0,6083.0,0,active
6083.0,6085.0,0,stall
6085.0,6087.0,0,active
6087.0,6088.0,0,idle
6088.0,6089.0,0,stall
6089.0,6096.0,0,active
6096.0,6099.0,0,stall
6099.0,6100.0,0,active
6100.0,6102.0,0,stall
6102.0,6104.0,0,active
6104.0,6105.0,0,idle
6105.0,6106.0,0,stall
6106.0,6113.0,0,active
6113.0,6116.0,0,stall
6116.0,6117.0,0,active
6117.0,6119.0,0,stall
6119.0,6121.0,0,active
6121.0,6122.0,0,idle
6122.0,6123.0,0,stall
6123.0,6130.0,0,active
6130.0,6133.0,0,stall
6133.0,6134.0,0,active
6134.0,6136.0,0,stall
6136.0,6138.0,0,active
6138.0,6139.0,0,idle
6139.0,6140.0,0,stall
6140.0,6147.0,0,active
6147.0,6150.0,0,stall
6150.0,6151.0,0,active
6151.0,6153.0,0,stall
6153.0,6155.0,0,active
6155.0,6156.0,0,idle
6156.0,6157.0,0,stall
6157.0,6164.0,0,active
6164.0,6167.0,0,stall
6167.0,6168.0,0,active
6168.0,6170.0,0,stall
6170.0,6172.0,0,active
6172.0,6173.0,0,idle
6173.0,6174.0,0,stall
6174.0,6181.0,0,active
6181.0,6184.0,0,stall
6184.0,6185.0,0,active
6185.0,6187.0,0,stall
6187.0,6189.0,0,active
6189.0,6190.0,0,idle
6190.0,6191.0,0,stall
6191.0,6198.0,0,active
6198.0,6201.0,0,stall
6201.0,6202.0,0,active
6202.0,6204.0,0,stall
6204.0,6206.0,0,active
6206.0,6207.0,0,idle
6207.0,6208.0,0,stall
6208.0,6215.0,0,active
6215.0,6218.0,0,stall
6218.0,6219.0,0,active
6219.0,6221.0,0,stall
6221.0,6223.0,0,active
6223.0,6224.0,0,idle
6224.0,6225.0,0,stall
6225.0,6232.0,0,active
6232.0,6235.0,0,stall
6235.0,6236.0,0,active
6236.0,6238.0,0,stall
6238.0,6240.0,0,active
6240.0,6241.0,0,idle
6241.0,6242.0,0,stall
6242.0,6249.0,0,active
6249.0,6252.0,0,stall
6252.0,6253.0,0,active
6253.0,6255.0,0,stall
6255.0,6257.0,0,active
6257.0,6258.0,0,idle
6258.0,6259.0,0,stall
6259.0,6266.0,0,active
6266.0,6269.0,0,stall
6269.0,6270.0,0,active
6270.0,6272.0,0,stall
6272.0,6274.0,0,active
6274.0,6275.0,0,idle
6275.0,6276.0,0,stall
6276.0,6283.0,0,active
6283.0,6286.0,0,stall
6286.0,6287.0,0,active
6287.0,6289.0,0,stall
6289.0,6291.0,0,active
6291.0,6292.0,0,idle
6292.0,6293.0,0,stall
6293.0,6300.0,0,active
6300.0,6303.0,0,stall
6303.0,6304.0,0,active
6304.0,6306.0,0,stall
6306.0,6308.0,0,active
6308.0,6309.0,0,idle
6309.0,6310.0,0,stall
6310.0,6317.0,0,active
6317.0,6320.0,0,stall
6320.0,6321.0,0,active
6321.0,6323.0,0,stall
6323.0,6325.0,0,active
6325.0,6326.0,0,idle
6326.0,6327.0,0,stall
6327.0,6334.0,0,active
6334.0,6337.0,0,stall
6337.0,6338.0,0,active
6338.0,6340.0,0,stall
6340.0,6342.0,0,active
6342.0,6343.0,0,idle
6343.0,6344.0,0,stall
6344.0,6351.0,0,active
6351.0,6354.0,0,stall
6354.0,6355.0,0,active
6355.0,6357.0,0,stall
6357.0,6359.0,0,active
6359.0,6360.0,0,idle
6360.0,6361.0,0,stall
6361.0,6368.0,0,active
6368.0,6371.0,0,stall
6371.0,6372.0,0,active
6372.0,6374.0,0,stall
6374.0,6376.0,0,active
6376.0,6377.0,0,idle
6377.0,6378.0,0,stall
6378.0,6385.0,0,active
6385.0,6388.0,0,stall
6388.0,6389.0,0,active
6389.0,6391.0,0,stall
6391.0,6393.0,0,active
6393.0,6394.0,0,idle
6394.0,6395.0,0,stall
6395.0,6402.0,0,active
6402.0,6405.0,0,stall
6405.0,6406.0,0,active
6406.0,6408.0,0,stall
6408.0,6410.0,0,active
6410.0,6411.0,0,idle
6411.0,6412.0,0,stall
6412.0,6419.0,0,active
6419.0,6422.0,0,stall
6422.0,6423.0,0,active
6423.0,6425.0,0,stall
6425.0,6427.0,0,active
6427.0,6428.0,0,idle
6428.0,6429.0,0,stall
6429.0,6436.0,0,active
6436.0,6439.0,0,stall
6439.0,6440.0,0,active
6440.0,6442.0,0,stall
6442.0,6444.0,0,active
6444.0,6445.0,0,idle
6445.0,6446.0,0,stall
6446.0,6453.0,0,active
6453.0,6456.0,0,stall
6456.0,6457.0,0,active
6457.0,6459.0,0,stall
6459.0,6461.0,0,active
6461.0,6462.0,0,idle
6462.0,6463.0,0,stall
6463.0,6470.0,0,active
6470.0,6473.0,0,stall
6473.0,6474.0,0,active
6474.0,6476.0,0,stall
6476.0,6478.0,0,active
6478.0,6479.0,0,idle
6479.0,6480.0,0,stall
6480.0,6487.0,0,active
6487.0,6490.0,0,stall
6490.0,6491.0,0,active
6491.0,6493.0,0,stall
6493.0,6495.0,0,active
6495.0,6496.0,0,idle
6496.0,6497.0,0,stall
6497.0,6504.0,0,active
6504.0,6507.0,0,stall
6507.0,6508.0,0,active
6508.0,6510.0,0,stall
6510.0,6512.0,0,active
6512.0,6513.0,0,idle
6513.0,6514.0,0,stall
6514.0,6521.0,0,active
6521.0,6524.0,0,stall
6524.0,6525.0,0,active
6525.0,6527.0,0,stall
6527.0,6529.0,0,active
6529.0,6530.0,0,idle
6530.0,6531.0,0,stall
6531.0,6538.0,0,active
6538.0,6541.0,0,stall
6541.0,6542.0,0,active
6542.0,6544.0,0,stall
6544.0,6546.0,0,active
6546.0,6547.0,0,idle
6547.0,6548.0,0,stall
6548.0,6555.0,0,active
6555.0,6558.0,0,stall
6558.0,6559.0,0,active
6559.0,6561.0,0,stall
6561.0,6563.0,0,active
6563.0,6564.0,0,idle
6564.0,6565.0,0,stall
6565.0,6572.0,0,active
6572.0,6575.0,0,stall
6575.0,6576.0,0,active
6576.0,6578.0,0,stall
6578.0,6580.0,0,active
6580.0,6581.0,0,idle
6581.0,6582.0,0,stall
6582.0,6589.0,0,active
6589.0,6592.0,0,stall
6592.0,6593.0,0,active
6593.0,6595.0,0,stall
6595.0,6597.0,0,active
6597.0,6598.0,0,idle
6598.0,6599.0,0,stall
6599.0,6606.0,0,active
6606.0,6609.0,0,stall
6609.0,6610.0,0,active
6610.0,6612.0,0,stall
6612.0,6614.0,0,active
6614.0,6615.0,0,idle
6615.0,6616.0,0,stall
6616.0,6623.0,0,active
6623.0,6626.0,0,stall
6626.0,6627.0,0,active
6627.0,6629.0,0,stall
6629.0,6631.0,0,active
6631.0,6632.0,0,idle
6632.0,6633.0,0,stall
6633.0,6640.0,0,active
6640.0,6643.0,0,stall
6643.0,6644.0,0,active
6644.0,6646.0,0,stall
6646.0,6648.0,0,active
6648.0,6649.0,0,idle
6649.0,6650.0,0,stall
6650.0,6657.0,0,active
6657.0,6660.0,0,stall
6660.0,6661.0,0,active
6661.0,6663.0,0,stall
6663.0,6665.0,0,active
6665.0,6666.0,0,idle
6666.0,6667.0,0,stall
6667.0,6674.0,0,active
6674.0,6677.0,0,stall
6677.0,6678.0,0,active
6678.0,6680.0,0,stall
6680.0,6682.0,0,active
6682.0,6683.0,0,idle
6683.0,6684.0,0,stall
6684.0,6691.0,0,active
6691.0,6694.0,0,stall
6694.0,6695.0,0,active
6695.0,6697.0,0,stall
6697.0,6699.0,0,active
6699.0,6700.0,0,idle
6700.0,6701.0,0,stall
6701.0,6708.0,0,active
6708.0,6711.0,0,stall
6711.0,6712.0,0,active
6712.0,6714.0,0,stall
6714.0,6716.0,0,active
6716.0,6717.0,0,idle
6717.0,6718.0,0,stall
6718.0,6725.0,0,active
6725.0,6728.0,0,stall
6728.0,6729.0,0,active
6729.0,6731.0,0,stall
6731.0,6733.0,0,active
6733.0,6734.0,0,idle
6734.0,6735.0,0,stall
6735.0,6742.0,0,active
6742.0,6745.0,0,stall
6745.0,6746.0,0,active
6746.0,6748.0,0,stall
6748.0,6750.0,0,active
6750.0,6751.0,0,idle
6751.0,6752.0,0,stall
6752.0,6759.0,0,active
6759.0,6762.0,0,stall
6762.0,6763.0,0,active
6763.0,6765.0,0,stall
6765.0,6767.0,0,active
6767.0,6768.0,0,idle
6768.0,6769.0,0,stall
6769.0,6776.0,0,active
6776.0,6779.0,0,stall
6779.0,6780.0,0,active
6780.0,6782.0,0,stall
6782.0,6784.0,0,active
6784.0,6785.0,0,idle
6785.0,6786.0,0,stall
6786.0,6793.0,0,active
6793.0,6796.0,0,stall
6796.0,6797.0,0,active
6797.0,6799.0,0,stall
6799.0,6801.0,0,active
6801.0,6802.0,0,idle
6802.0,6803.0,0,stall
6803.0,6810.0,0,active
6810.0,6813.0,0,stall
6813.0,6814.0,0,active
6814.0,6816.0,0,stall
6816.0,6818.0,0,active
6818.0,6819.0,0,idle
6819.0,6820.0,0,stall
6820.0,6827.0,0,active
6827.0,6830.0,0,stall
6830.0,6831.0,0,active
6831.0,6833.0,0,stall
6833.0,6835.0,0,active
6835.0,6836.0,0,idle
6836.0,6837.0,0,stall
6837.0,6844.0,0,active
6844.0,6847.0,0,stall
6847.0,6848.0,0,active
6848.0,6850.0,0,stall
6850.0,6852.0,0,active
6852.0,6853.0,0,idle
6853.0,6854.0,0,stall
6854.0,6861.0,0,active
6861.0,6864.0,0,stall
6864.0,6865.0,0,active
6865.0,6867.0,0,stall
6867.0,6869.0,0,active
6869.0,6870.0,0,idle
6870.0,6871.0,0,stall
6871.0,6878.0,0,active
6878.0,6881.0,0,stall
6881.0,6882.0,0,active
6882.0,6884.0,0,stall
6884.0,6886.0,0,active
6886.0,6887.0,0,idle
6887.0,6888.0,0,stall
6888.0,6895.0,0,active
6895.0,6898.0,0,stall
6898.0,6899.0,0,active
6899.0,6901.0,0,stall
6901.0,6903.0,0,active
6903.0,6904.0,0,idle
6904.0,6905.0,0,stall
6905.0,6912.0,0,active
6912.0,6915.0,0,stall
6915.0,6916.0,0,active
6916.0,6918.0,0,stall
6918.0,6920.0,0,active
6920.0,6921.0,0,idle
6921.0,6922.0,0,stall
6922.0,6929.0,0,active
6929.0,6932.0,0,stall
6932.0,6933.0,0,active
6933.0,6935.0,0,stall
6935.0,6937.0,0,active
6937.0,6938.0,0,idle
6938.0,6939.0,0,stall
6939.0,6946.0,0,active
6946.0,6949.0,0,stall
6949.0,6950.0,0,active
6950.0,6952.0,0,stall
6952.0,6954.0,0,active
6954.0,6955.0,0,idle
6955.0,6956.0,0,stall
6956.0,6963.0,0,active
6963.0,6966.0,0,stall
6966.0,6967.0,0,active
6967.0,6969.0,0,stall
6969.0,6971.0,0,active
6971.0,6972.0,0,idle
6972.0,6973.0,0,stall
6973.0,6980.0,0,active
6980.0,6983.0,0,stall
6983.0,6984.0,0,active
6984.0,6986.0,0,stall
6986.0,6988.0,0,active
6988.0,6989.0,0,idle
6989.0,6990.0,0,stall
6990.0,6997.0,0,active
6997.0,7000.0,0,stall
7000.0,7001.0,0,active
7001.0,7003.0,0,stall
7003.0,7005.0,0,active
7005.0,7006.0,0,idle
7006.0,7007.0,0,stall
7007.0,7014.0,0,active
7014.0,7017.0,0,stall
7017.0,7018.0,0,active
7018.0,7020.0,0,stall
7020.0,7022.0,0,active
7022.0,7023.0,0,idle
7023.0,7024.0,0,stall
7024.0,7031.0,0,active
7031.0,7034.0,0,stall
7034.0,7035.0,0,active
7035.0,7037.0,0,stall
7037.0,7039.0,0,active
7039.0,7040.0,0,idle
7040.0,7041.0,0,stall
7041.0,7048.0,0,active
7048.0,7051.0,0,stall
7051.0,7052.0,0,active
7052.0,7054.0,0,stall
7054.0,7056.0,0,active
7056.0,7057.0,0,idle
7057.0,7058.0,0,stall
7058.0,7065.0,0,active
7065.0,7068.0,0,stall
7068.0,7069.0,0,active
7069.0,7071.0,0,stall
7071.0,7073.0,0,active
7073.0,7074.0,0,idle
7074.0,7075.0,0,stall
7075.0,7082.0,0,active
7082.0,7085.0,0,stall
7085.0,7086.0,0,active
7086.0,7088.0,0,stall
7088.0,7090.0,0,active
7090.0,7091.0,0,idle
7091.0,7092.0,0,stall
7092.0,7099.0,0,active
7099.0,7102.0,0,stall
7102.0,7103.0,0,active
7103.0,7105.0,0,stall
7105.0,7107.0,0,active
7107.0,7108.0,0,idle
7108.0,7109.0,0,stall
7109.0,7116.0,0,active
7116.0,7119.0,0,stall
7119.0,7120.0,0,active
7120.0,7122.0,0,stall
7122.0,7124.0,0,active
7124.0,7125.0,0,idle
7125.0,7126.0,0,stall
7126.0,7133.0,0,active
7133.0,7136.0,0,stall
7136.0,7137.0,0,active
7137.0,7139.0,0,stall
7139.0,7141.0,0,active
7141.0,7142.0,0,idle
7142.0,7143.0,0,stall
7143.0,7150.0,0,active
7150.0,7153.0,0,stall
7153.0,7154.0,0,active
7154.0,7156.0,0,stall
7156.0,7158.0,0,active
7158.0,7159.0,0,idle
7159.0,7160.0,0,stall
7160.0,7167.0,0,active
7167.0,7170.0,0,stall
7170.0,7171.0,0,active
7171.0,7173.0,0,stall
7173.0,7175.0,0,active
7175.0,7176.0,0,idle
7176.0,7177.0,0,stall
7177.0,7184.0,0,active
7184.0,7187.0,0,stall
7187.0,7188.0,0,active
7188.0,7190.0,0,stall
7190.0,7192.0,0,active
7192.0,7193.0,0,idle
7193.0,7194.0,0,stall
7194.0,7201.0,0,active
7201.0,7204.0,0,stall
7204.0,7205.0,0,active
7205.0,7207.0,0,stall
7207.0,7209.0,0,active
7209.0,7210.0,0,idle
7210.0,7211.0,0,stall
7211.0,7218.0,0,active
7218.0,7221.0,0,stall
7221.0,7222.0,0,active
7222.0,7224.0,0,stall
7224.0,7226.0,0,active
7226.0,7227.0,0,idle
7227.0,7228.0,0,stall
7228.0,7235.0,0,active
7235.0,7238.0,0,stall
7238.0,7239.0,0,active
7239.0,7241.0,0,stall
7241.0,7243.0,0,active
7243.0,7244.0,0,idle
7244.0,7245.0,0,stall
7245.0,7252.0,0,active
7252.0,7255.0,0,stall
7255.0,7256.0,0,active
7256.0,7258.0,0,stall
7258.0,7260.0,0,active
7260.0,7261.0,0,idle
7261.0,7262.0,0,stall
7262.0,7269.0,0,active
7269.0,7272.0,0,stall
7272.0,7273.0,0,active
7273.0,7275.0,0,stall
7275.0,7277.0,0,active
7277.0,7278.0,0,idle
7278.0,7279.0,0,stall
7279.0,7286.0,0,active
7286.0,7289.0,0,stall
7289.0,7290.0,0,active
7290.0,7292.0,0,stall
7292.0,7294.0,0,active
7294.0,7295.0,0,idle
7295.0,7296.0,0,stall
7296.0,7303.0,0,active
7303.0,7306.0,0,stall
7306.0,7307.0,0,active
7307.0,7309.0,0,stall
7309.0,7311.0,0,active
7311.0,7312.0,0,idle
7312.0,7313.0,0,stall
7313.0,7320.0,0,active
7320.0,7323.0,0,stall
7323.0,7324.0,0,active
7324.0,7326.0,0,stall
7326.0,7328.0,0,active
7328.0,7329.0,0,idle
7329.0,7330.0,0,stall
7330.0,7337.0,0,active
7337.0,7340.0,0,stall
7340.0,7341.0,0,active
7341.0,7343.0,0,stall
7343.0,7345.0,0,active
7345.0,7346.0,0,idle
7346.0,7347.0,0,stall
7347.0,7354.0,0,active
7354.0,7357.0,0,stall
7357.0,7358.0,0,active
7358.0,7360.0,0,stall
7360.0,7362.0,0,active
7362.0,7363.0,0,idle
7363.0,7364.0,0,stall
7364.0,7371.0,0,active
7371.0,7374.0,0,stall
7374.0,7375.0,0,active
7375.0,7377.0,0,stall
7377.0,7379.0,0,active
7379.0,7380.0,0,idle
7380.0,7381.0,0,stall
7381.0,7388.0,0,active
7388.0,7391.0,0,stall
7391.0,7392.0,0,active
7392.0,7394.0,0,stall
7394.0,7396.0,0,active
7396.0,7397.0,0,idle
7397.0,7398.0,0,stall
7398.0,7405.0,0,active
7405.0,7408.0,0,stall
7408.0,7409.0,0,active
7409.0,7411.0,0,stall
7411.0,7413.0,0,active
7413.0,7414.0,0,idle
7414.0,7415.0,0,stall
7415.0,7422.0,0,active
7422.0,7425.0,0,stall
7425.0,7426.0,0,active
7426.0,7428.0,0,stall
7428.0,7430.0,0,active
7430.0,7431.0,0,idle
7431.0,7432.0,0,stall
7432.0,7439.0,0,active
7439.0,7442.0,0,stall
7442.0,7443.0,0,active
7443.0,7445.0,0,stall
7445.0,7447.0,0,active
7447.0,7448.0,0,idle
7448.0,7449.0,0,stall
7449.0,7456.0,0,active
7456.0,7459.0,0,stall
7459.0,7460.0,0,active
7460.0,7462.0,0,stall
7462.0,7464.0,0,active
7464.0,7465.0,0,idle
7465.0,7466.0,0,stall
7466.0,7473.0,0,active
7473.0,7476.0,0,stall
7476.0,7477.0,0,active
7477.0,7479.0,0,stall
7479.0,7481.0,0,active
7481.0,7482.0,0,idle
7482.0,7483.0,0,stall
7483.0,7490.0,0,active
7490.0,7493.0,0,stall
7493.0,7494.0,0,active
7494.0,7496.0,0,stall
7496.0,7498.0,0,active
7498.0,7499.0,0,idle
7499.0,7500.0,0,stall
7500.0,7507.0,0,active
7507.0,7510.0,0,stall
7510.0,7511.0,0,active
7511.0,7513.0,0,stall
7513.0,7515.0,0,active
7515.0,7516.0,0,idle
7516.0,7517.0,0,stall
7517.0,7524.0,0,active
7524.0,7527.0,0,stall
7527.0,7528.0,0,active
7528.0,7530.0,0,stall
7530.0,7532.0,0,active
7532.0,7533.0,0,idle
7533.0,7534.0,0,stall
7534.0,7541.0,0,active
7541.0,7544.0,0,stall
7544.0,7545.0,0,active
7545.0,7547.0,0,stall
7547.0,7549.0,0,active
7549.0,7550.0,0,idle
7550.0,7551.0,0,stall
7551.0,7558.0,0,active
7558.0,7561.0,0,stall
7561.0,7562.0,0,active
7562.0,7564.0,0,stall
7564.0,7566.0,0,active
7566.0,7567.0,0,idle
7567.0,7568.0,0,stall
7568.0,7575.0,0,active
7575.0,7578.0,0,stall
7578.0,7579.0,0,active
7579.0,7581.0,0,stall
7581.0,7583.0,0,active
7583.0,7584.0,0,idle
7584.0,7585.0,0,stall
7585.0,7592.0,0,active
7592.0,7595.0,0,stall
7595.0,7596.0,0,active
7596.0,7598.0,0,stall
7598.0,7600.0,0,active
7600.0,7601.0,0,idle
7601.0,7602.0,0,stall
7602.0,7609.0,0,active
7609.0,7612.0,0,stall
7612.0,7613.0,0,active
7613.0,7615.0,0,stall
7615.0,7617.0,0,active
7617.0,7618.0,0,idle
7618.0,7619.0,0,stall
7619.0,7626.0,0,active
7626.0,7629.0,0,stall
7629.0,7630.0,0,active
7630.0,7632.0,0,stall
7632.0,7634.0,0,active
7634.0,7635.0,0,idle
7635.0,7636.0,0,stall
7636.0,7643.0,0,active
7643.0,7646.0,0,stall
7646.0,7647.0,0,active
7647.0,7649.0,0,stall
7649.0,7651.0,0,active
7651.0,7652.0,0,idle
7652.0,7653.0,0,stall
7653.0,7660.0,0,active
7660.0,7663.0,0,stall
7663.0,7664.0,0,active
7664.0,7666.0,0,stall
7666.0,7668.0,0,active
7668.0,7669.0,0,idle
7669.0,7670.0,0,stall
7670.0,7677.0,0,active
7677.0,7680.0,0,stall
7680.0,7681.0,0,active
7681.0,7683.0,0,stall
7683.0,7685.0,0,active
7685.0,7686.0,0,idle
7686.0,7687.0,0,stall
7687.0,7694.0,0,active
7694.0,7697.0,0,stall
7697.0,7698.0,0,active
7698.0,7700.0,0,stall
7700.0,7702.0,0,active
7702.0,7703.0,0,idle
7703.0,7704.0,0,stall
7704.0,7711.0,0,active
7711.0,7714.0,0,stall
7714.0,7715.0,0,active
7715.0,7717.0,0,stall
7717.0,7719.0,0,active
7719.0,7720.0,0,idle
7720.0,7721.0,0,stall
7721.0,7728.0,0,active
7728.0,7731.0,0,stall
7731.0,7732.0,0,active
7732.0,7734.0,0,stall
7734.0,7736.0,0,active
7736.0,7737.0,0,idle
7737.0,7738.0,0,stall
7738.0,7745.0,0,active
7745.0,7748.0,0,stall
7748.0,7749.0,0,active
7749.0,7751.0,0,stall
7751.0,7753.0,0,active
7753.0,7754.0,0,idle
7754.0,7755.0,0,stall
7755.0,7762.0,0,active
7762.0,7765.0,0,stall
7765.0,7766.0,0,active
7766.0,7768.0,0,stall
7768.0,7770.0,0,active
7770.0,7771.0,0,idle
7771.0,7772.0,0,stall
7772.0,7779.0,0,active
7779.0,7782.0,0,stall
7782.0,7783.0,0,active
7783.0,7785.0,0,stall
7785.0,7787.0,0,active
7787.0,7788.0,0,idle
7788.0,7789.0,0,stall
7789.0,7796.0,0,active
7796.0,7799.0,0,stall
7799.0,7800.0,0,active
7800.0,7802.0,0,stall
7802.0,7804.0,0,active
7804.0,7805.0,0,idle
7805.0,7806.0,0,stall
7806.0,7813.0,0,active
7813.0,7816.0,0,stall
7816.0,7817.0,0,active
7817.0,7819.0,0,stall
7819.0,7821.0,0,active
7821.0,7822.0,0,idle
7822.0,7823.0,0,stall
7823.0,7830.0,0,active
7830.0,7833.0,0,stall
7833.0,7834.0,0,active
7834.0,7836.0,0,stall
7836.0,7838.0,0,active
7838.0,7839.0,0,idle
7839.0,7840.0,0,stall
7840.0,7847.0,0,active
7847.0,7850.0,0,stall
7850.0,7851.0,0,active
7851.0,7853.0,0,stall
7853.0,7855.0,0,active
7855.0,7856.0,0,idle
7856.0,7857.0,0,stall
7857.0,7864.0,0,active
7864.0,7867.0,0,stall
7867.0,7868.0,0,active
7868.0,7870.0,0,stall
7870.0,7872.0,0,active
7872.0,7873.0,0,idle
7873.0,7874.0,0,stall
7874.0,7881.0,0,active
7881.0,7884.0,0,stall
7884.0,7885.0,0,active
7885.0,7887.0,0,stall
7887.0,7889.0,0,active
7889.0,7890.0,0,idle
7890.0,7891.0,0,stall
7891.0,7898.0,0,active
7898.0,7901.0,0,stall
7901.0,7902.0,0,active
7902.0,7904.0,0,stall
7904.0,7906.0,0,active
7906.0,7907.0,0,idle
7907.0,7908.0,0,stall
7908.0,7915.0,0,active
7915.0,7918.0,0,stall
7918.0,7919.0,0,active
7919.0,7921.0,0,stall
7921.0,7923.0,0,active
7923.0,7924.0,0,idle
7924.0,7925.0,0,stall
7925.0,7932.0,0,active
7932.0,7935.0,0,stall
7935.0,7936.0,0,active
7936.0,7938.0,0,stall
7938.0,7940.0,0,active
7940.0,7941.0,0,idle
7941.0,7942.0,0,stall
7942.0,7949.0,0,active
7949.0,7952.0,0,stall
7952.0,7953.0,0,active
7953.0,7955.0,0,stall
7955.0,7957.0,0,active
7957.0,7958.0,0,idle
7958.0,7959.0,0,stall
7959.0,7966.0,0,active
7966.0,7969.0,0,stall
7969.0,7970.0,0,active
7970.0,7972.0,0,stall
7972.0,7974.0,0,active
7974.0,7975.0,0,idle
7975.0,7976.0,0,stall
7976.0,7983.0,0,active
7983.0,7986.0,0,stall
7986.0,7987.0,0,active
7987.0,7989.0,0,stall
7989.0,7991.0,0,active
7991.0,7992.0,0,idle
7992.0,7993.0,0,stall
7993.0,8000.0,0,active
8000.0,8003.0,0,stall
8003.0,8004.0,0,active
8004.0,8006.0,0,stall
8006.0,8008.0,0,active
8008.0,8009.0,0,idle
8009.0,8010.0,0,stall
8010.0,8017.0,0,active
8017.0,8020.0,0,stall
8020.0,8021.0,0,active
8021.0,8023.0,0,stall
8023.0,8025.0,0,active
8025.0,8026.0,0,idle
8026.0,8027.0,0,stall
8027.0,8034.0,0,active
8034.0,8037.0,0,stall
8037.0,8038.0,0,active
8038.0,8040.0,0,stall
8040.0,8042.0,0,active
8042.0,8043.0,0,idle
8043.0,8044.0,0,stall
8044.0,8051.0,0,active
8051.0,8054.0,0,stall
8054.0,8055.0,0,active
8055.0,8057.0,0,stall
8057.0,8059.0,0,active
8059.0,8060.0,0,idle
8060.0,8061.0,0,stall
8061.0,8068.0,0,active
8068.0,8071.0,0,stall
8071.0,8072.0,0,active
8072.0,8074.0,0,stall
8074.0,8076.0,0,active
8076.0,8077.0,0,idle
8077.0,8078.0,0,stall
8078.0,8085.0,0,active
8085.0,8088.0,0,stall
8088.0,8089.0,0,active
8089.0,8091.0,0,stall
8091.0,8093.0,0,active
8093.0,8094.0,0,idle
8094.0,8095.0,0,stall
8095.0,8102.0,0,active
8102.0,8105.0,0,stall
8105.0,8106.0,0,active
8106.0,8108.0,0,stall
8108.0,8110.0,0,active
8110.0,8111.0,0,idle
8111.0,8112.0,0,stall
8112.0,8119.0,0,active
8119.0,8122.0,0,stall
8122.0,8123.0,0,active
8123.0,8125.0,0,stall
8125.0,8127.0,0,active
8127.0,8128.0,0,idle
8128.0,8129.0,0,stall
8129.0,8136.0,0,active
8136.0,8139.0,0,stall
8139.0,8140.0,0,active
8140.0,8142.0,0,stall
8142.0,8144.0,0,active
8144.0,8145.0,0,idle
8145.0,8146.0,0,stall
8146.0,8153.0,0,active
8153.0,8156.0,0,stall
8156.0,8157.0,0,active
8157.0,8159.0,0,stall
8159.0,8161.0,0,active
8161.0,8162.0,0,idle
8162.0,8163.0,0,stall
8163.0,8170.0,0,active
8170.0,8173.0,0,stall
8173.0,8174.0,0,active
8174.0,8176.0,0,stall
8176.0,8178.0,0,active
8178.0,8179.0,0,idle
8179.0,8180.0,0,stall
8180.0,8187.0,0,active
8187.0,8190.0,0,stall
8190.0,8191.0,0,active
8191.0,8193.0,0,stall
8193.0,8195.0,0,active
8195.0,8196.0,0,idle
8196.0,8197.0,0,stall
8197.0,8204.0,0,active
8204.0,8207.0,0,stall
8207.0,8208.0,0,active
8208.0,8210.0,0,stall
8210.0,8212.0,0,active
8212.0,8213.0,0,idle
8213.0,8214.0,0,stall
8214.0,8221.0,0,active
8221.0,8224.0,0,stall
8224.0,8225.0,0,active
8225.0,8227.0,0,stall
8227.0,8229.0,0,active
8229.0,8230.0,0,idle
8230.0,8231.0,0,stall
8231.0,8238.0,0,active
8238.0,8241.0,0,stall
8241.0,8242.0,0,active
8242.0,8244.0,0,stall
8244.0,8246.0,0,active
8246.0,8247.0,0,idle
8247.0,8248.0,0,stall
8248.0,8255.0,0,active
8255.0,8258.0,0,stall
8258.0,8259.0,0,active
8259.0,8261.0,0,stall
8261.0,8263.0,0,active
8263.0,8264.0,0,idle
8264.0,8265.0,0,stall
8265.0,8272.0,0,active
8272.0,8275.0,0,stall
8275.0,8276.0,0,active
8276.0,8278.0,0,stall
8278.0,8280.0,0,active
8280.0,8281.0,0,idle
8281.0,8282.0,0,stall
8282.0,8289.0,0,active
8289.0,8292.0,0,stall
8292.0,8293.0,0,active
8293.0,8295.0,0,stall
8295.0,8297.0,0,active
8297.0,8298.0,0,idle
8298.0,8299.0,0,stall
8299.0,8306.0,0,active
8306.0,8309.0,0,stall
8309.0,8310.0,0,active
8310.0,8312.0,0,stall
8312.0,8314.0,0,active
8314.0,8315.0,0,idle
8315.0,8316.0,0,stall
8316.0,8323.0,0,active
8323.0,8326.0,0,stall
8326.0,8327.0,0,active
8327.0,8329.0,0,stall
8329.0,8331.0,0,active
8331.0,8332.0,0,idle
8332.0,8333.0,0,stall
8333.0,8340.0,0,active
8340.0,8343.0,0,stall
8343.0,8344.0,0,active
8344.0,8346.0,0,stall
8346.0,8348.0,0,active
8348.0,8349.0,0,idle
8349.0,8350.0,0,stall
8350.0,8357.0,0,active
8357.0,8360.0,0,stall
8360.0,8361.0,0,active
8361.0,8363.0,0,stall
8363.0,8365.0,0,active
8365.0,8366.0,0,idle
8366.0,8367.0,0,stall
8367.0,8374.0,0,active
8374.0,8377.0,0,stall
8377.0,8378.0,0,active
8378.0,8380.0,0,stall
8380.0,8382.0,0,active
8382.0,8383.0,0,idle
8383.0,8384.0,0,stall
8384.0,8391.0,0,active
8391.0,8394.0,0,stall
8394.0,8395.0,0,active
8395.0,8397.0,0,stall
8397.0,8399.0,0,active
8399.0,8400.0,0,idle
8400.0,8401.0,0,stall
8401.0,8408.0,0,active
8408.0,8411.0,0,stall
8411.0,8412.0,0,active
8412.0,8414.0,0,stall
8414.0,8416.0,0,active
8416.0,8417.0,0,idle
8417.0,8418.0,0,stall
8418.0,8425.0,0,active
8425.0,8428.0,0,stall
8428.0,8429.0,0,active
8429.0,8431.0,0,stall
8431.0,8433.0,0,active
8433.0,8434.0,0,idle
8434.0,8435.0,0,stall
8435.0,8442.0,0,active
8442.0,8445.0,0,stall
8445.0,8446.0,0,active
8446.0,8448.0,0,stall
8448.0,8450.0,0,active
8450.0,8451.0,0,idle
8451.0,8452.0,0,stall
8452.0,8459.0,0,active
8459.0,8462.0,0,stall
8462.0,8463.0,0,active
8463.0,8465.0,0,stall
8465.0,8467.0,0,active
8467.0,8468.0,0,idle
8468.0,8469.0,0,stall
8469.0,8476.0,0,active
8476.0,8479.0,0,stall
8479.0,8480.0,0,active
8480.0,8482.0,0,stall
8482.0,8484.0,0,active
8484.0,8485.0,0,idle
8485.0,8486.0,0,stall
8486.0,8493.0,0,active
8493.0,8496.0,0,stall
8496.0,8497.0,0,active
8497.0,8499.0,0,stall
8499.0,8501.0,0,active
8501.0,8502.0,0,idle
8502.0,8503.0,0,stall
8503.0,8510.0,0,active
8510.0,8513.0,0,stall
8513.0,8514.0,0,active
8514.0,8516.0,0,stall
8516.0,8518.0,0,active
8518.0,8519.0,0,idle
8519.0,8520.0,0,stall
8520.0,8527.0,0,active
8527.0,8530.0,0,stall
8530.0,8531.0,0,active
8531.0,8533.0,0,stall
8533.0,8535.0,0,active
8535.0,8536.0,0,idle
8536.0,8537.0,0,stall
8537.0,8544.0,0,active
8544.0,8547.0,0,stall
8547.0,8548.0,0,active
8548.0,8550.0,0,stall
8550.0,8552.0,0,active
8552.0,8553.0,0,idle
8553.0,8554.0,0,stall
8554.0,8561.0,0,active
8561.0,8564.0,0,stall
8564.0,8565.0,0,active
8565.0,8567.0,0,stall
8567.0,8569.0,0,active
8569.0,8570.0,0,idle
8570.0,8571.0,0,stall
8571.0,8578.0,0,active
8578.0,8581.0,0,stall
8581.0,8582.0,0,active
8582.0,8584.0,0,stall
8584.0,8586.0,0,active
8586.0,8587.0,0,idle
8587.0,8588.0,0,stall
8588.0,8595.0,0,active
8595.0,8598.0,0,stall
8598.0,8599.0,0,active
8599.0,8601.0,0,stall
8601.0,8603.0,0,active
8603.0,8604.0,0,idle
8604.0,8605.0,0,stall
8605.0,8612.0,0,active
8612.0,8615.0,0,stall
8615.0,8616.0,0,active
8616.0,8618.0,0,stall
8618.0,8620.0,0,active
8620.0,8621.0,0,idle
8621.0,8622.0,0,stall
8622.0,8629.0,0,active
8629.0,8632.0,0,stall
8632.0,8633.0,0,active
8633.0,8635.0,0,stall
8635.0,8637.0,0,active
8637.0,8638.0,0,idle
8638.0,8639.0,0,stall
8639.0,8646.0,0,active
8646.0,8649.0,0,stall
8649.0,8650.0,0,active
8650.0,8652.0,0,stall
8652.0,8654.0,0,active
8654.0,8655.0,0,idle
8655.0,8656.0,0,stall
8656.0,8663.0,0,active
8663.0,8666.0,0,stall
8666.0,8667.0,0,active
8667.0,8669.0,0,stall
8669.0,8671.0,0,active
8671.0,8672.0,0,idle
8672.0,8673.0,0,stall
8673.0,8680.0,0,active
8680.0,8683.0,0,stall
8683.0,8684.0,0,active
8684.0,8686.0,0,stall
8686.0,8688.0,0,active
8688.0,8689.0,0,idle
8689.0,8690.0,0,stall
8690.0,8697.0,0,active
8697.0,8700.0,0,stall
8700.0,8701.0,0,active
8701.0,8703.0,0,stall
8703.0,8705.0,0,active
8705.0,8706.0,0,idle
8706.0,8707.0,0,stall
8707.0,8714.0,0,active
8714.0,8717.0,0,stall
8717.0,8718.0,0,active
8718.0,8720.0,0,stall
8720.0,8722.0,0,active
8722.0,8723.0,0,idle
8723.0,8724.0,0,stall
8724.0,8731.0,0,active
8731.0,8734.0,0,stall
8734.0,8735.0,0,active
8735.0,8737.0,0,stall
8737.0,8739.0,0,active
8739.0,8740.0,0,idle
8740.0,8741.0,0,stall
8741.0,8748.0,0,active
8748.0,8751.0,0,stall
8751.0,8752.0,0,active
8752.0,8754.0,0,stall
8754.0,8756.0,0,active
8756.0,8757.0,0,idle
8757.0,8758.0,0,stall
8758.0,8765.0,0,active
8765.0,8768.0,0,stall
8768.0,8769.0,0,active
8769.0,8771.0,0,stall
8771.0,8773.0,0,active
8773.0,8774.0,0,idle
8774.0,8775.0,0,stall
8775.0,8782.0,0,active
8782.0,8785.0,0,stall
8785.0,8786.0,0,active
8786.0,8788.0,0,stall
8788.0,8790.0,0,active
8790.0,8791.0,0,idle
8791.0,8792.0,0,stall
8792.0,8799.0,0,active
8799.0,8802.0,0,stall
8802.0,8803.0,0,active
8803.0,8805.0,0,stall
8805.0,8807.0,0,active
8807.0,8808.0,0,idle
8808.0,8809.0,0,stall
8809.0,8816.0,0,active
8816.0,8819.0,0,stall
8819.0,8820.0,0,active
8820.0,8822.0,0,stall
8822.0,8824.0,0,active
8824.0,8825.0,0,idle
8825.0,8826.0,0,stall
8826.0,8833.0,0,active
8833.0,8836.0,0,stall
8836.0,8837.0,0,active
8837.0,8839.0,0,stall
8839.0,8841.0,0,active
8841.0,8842.0,0,idle
8842.0,8843.0,0,stall
8843.0,8850.0,0,active
8850.0,8853.0,0,stall
8853.0,8854.0,0,active
8854.0,8856.0,0,stall
8856.0,8858.0,0,active
8858.0,8859.0,0,idle
8859.0,8860.0,0,stall
8860.0,8867.0,0,active
8867.0,8870.0,0,stall
8870.0,8871.0,0,active
8871.0,8873.0,0,stall
8873.0,8875.0,0,active
8875.0,8876.0,0,idle
8876.0,8877.0,0,stall
8877.0,8884.0,0,active
8884.0,8887.0,0,stall
8887.0,8888.0,0,active
8888.0,8890.0,0,stall
8890.0,8892.0,0,active
8892.0,8893.0,0,idle
8893.0,8894.0,0,stall
8894.0,8901.0,0,active
8901.0,8904.0,0,stall
8904.0,8905.0,0,active
8905.0,8907.0,0,stall
8907.0,8909.0,0,active
8909.0,8910.0,0,idle
8910.0,8911.0,0,stall
8911.0,8918.0,0,active
8918.0,8921.0,0,stall
8921.0,8922.0,0,active
8922.0,8924.0,0,stall
8924.0,8926.0,0,active
8926.0,8927.0,0,idle
8927.0,8928.0,0,stall
8928.0,8935.0,0,active
8935.0,8938.0,0,stall
8938.0,8939.0,0,active
8939.0,8941.0,0,stall
8941.0,8943.0,0,active
8943.0,8944.0,0,idle
8944.0,8945.0,0,stall
8945.0,8952.0,0,active
8952.0,8955.0,0,stall
8955.0,8956.0,0,active
8956.0,8958.0,0,stall
8958.0,8960.0,0,active
8960.0,8961.0,0,idle
8961.0,8962.0,0,stall
8962.0,8969.0,0,active
8969.0,8972.0,0,stall
8972.0,8973.0,0,active
8973.0,8975.0,0,stall
8975.0,8977.0,0,active
8977.0,8978.0,0,idle
8978.0,8979.0,0,stall
8979.0,8986.0,0,active
8986.0,8989.0,0,stall
8989.0,8990.0,0,active
8990.0,8992.0,0,stall
8992.0,8994.0,0,active
8994.0,8995.0,0,idle
8995.0,8996.0,0,stall
8996.0,9003.0,0,active
9003.0,9006.0,0,stall
9006.0,9007.0,0,active
9007.0,9009.0,0,stall
9009.0,9011.0,0,active
9011.0,9012.0,0,idle
9012.0,9013.0,0,stall
9013.0,9020.0,0,active
9020.0,9023.0,0,stall
9023.0,9024.0,0,active
9024.0,9026.0,0,stall
9026.0,9028.0,0,active
9028.0,9029.0,0,idle
9029.0,9030.0,0,stall
9030.0,9037.0,0,active
9037.0,9040.0,0,stall
9040.0,9041.0,0,active
9041.0,9043.0,0,stall
9043.0,9045.0,0,active
9045.0,9046.0,0,idle
9046.0,9047.0,0,stall
9047.0,9054.0,0,active
9054.0,9057.0,0,stall
9057.0,9058.0,0,active
9058.0,9060.0,0,stall
9060.0,9062.0,0,active
9062.0,9063.0,0,idle
9063.0,9064.0,0,stall
9064.0,9071.0,0,active
9071.0,9074.0,0,stall
9074.0,9075.0,0,active
9075.0,9077.0,0,stall
9077.0,9079.0,0,active
9079.0,9080.0,0,idle
9080.0,9081.0,0,stall
9081.0,9088.0,0,active
9088.0,9091.0,0,stall
9091.0,9092.0,0,active
9092.0,9094.0,0,stall
9094.0,9096.0,0,active
9096.0,9097.0,0,idle
9097.0,9098.0,0,stall
9098.0,9105.0,0,active
9105.0,9108.0,0,stall
9108.0,9109.0,0,active
9109.0,9111.0,0,stall
9111.0,9113.0,0,active
9113.0,9114.0,0,idle
9114.0,9115.0,0,stall
9115.0,9122.0,0,active
9122.0,9125.0,0,stall
9125.0,9126.0,0,active
9126.0,9128.0,0,stall
9128.0,9130.0,0,active
9130.0,9131.0,0,idle
9131.0,9132.0,0,stall
9132.0,9139.0,0,active
9139.0,9142.0,0,stall
9142.0,9143.0,0,active
9143.0,9145.0,0,stall
9145.0,9147.0,0,active
9147.0,9148.0,0,idle
9148.0,9149.0,0,stall
9149.0,9156.0,0,active
9156.0,9159.0,0,stall
9159.0,9160.0,0,active
9160.0,9162.0,0,stall
9162.0,9164.0,0,active
9164.0,9165.0,0,idle
9165.0,9166.0,0,stall
9166.0,9173.0,0,active
9173.0,9176.0,0,stall
9176.0,9177.0,0,active
9177.0,9179.0,0,stall
9179.0,9181.0,0,active
9181.0,9182.0,0,idle
9182.0,9183.0,0,stall
9183.0,9190.0,0,active
9190.0,9193.0,0,stall
9193.0,9194.0,0,active
9194.0,9196.0,0,stall
9196.0,9198.0,0,active
9198.0,9199.0,0,idle
9199.0,9200.0,0,stall
9200.0,9207.0,0,active
9207.0,9210.0,0,stall
9210.0,9211.0,0,active
9211.0,9213.0,0,stall
9213.0,9215.0,0,active
9215.0,9216.0,0,idle
9216.0,9217.0,0,stall
9217.0,9224.0,0,active
9224.0,9227.0,0,stall
9227.0,9228.0,0,active
9228.0,9230.0,0,stall
9230.0,9232.0,0,active
9232.0,9233.0,0,idle
9233.0,9234.0,0,stall
9234.0,9241.0,0,active
9241.0,9244.0,0,stall
9244.0,9245.0,0,active
9245.0,9247.0,0,stall
9247.0,9249.0,0,active
9249.0,9250.0,0,idle
9250.0,9251.0,0,stall
9251.0,9258.0,0,active
9258.0,9261.0,0,stall
9261.0,9262.0,0,active
9262.0,9264.0,0,stall
9264.0,9266.0,0,active
9266.0,9267.0,0,idle
9267.0,9268.0,0,stall
9268.0,9275.0,0,active
9275.0,9278.0,0,stall
9278.0,9279.0,0,active
9279.0,9281.0,0,stall
9281.0,9283.0,0,active
9283.0,9284.0,0,idle
9284.0,9286.0,0,active
9286.0,9287.0,0,idle
9287.0,9288.0,0,active
9288.0,9289.0,0,stall
9289.0,9290.0,0,active
9290.0,9292.0,0,stall
9292.0,9294.0,0,active
9294.0,9295.0,0,idle
9295.0,9297.0,0,active
9297.0,9298.0,0,idle
9298.0,9300.0,0,active
9300.0,9301.0,0,idle
9301.0,9303.0,0,active
9303.0,9304.0,0,idle
9304.0,9306.0,0,active
9306.0,9307.0,0,idle
9307.0,9309.0,0,active
9309.0,9310.0,0,idle
9310.0,9312.0,0,active
9312.0,9313.0,0,idle
9313.0,9315.0,0,active
9315.0,9316.0,0,idle
9316.0,9318.0,0,active
9318.0,9319.0,0,idle
9319.0,9321.0,0,active
9321.0,9322.0,0,idle
9322.0,9324.0,0,active
9324.0,9325.0,0,idle
9325.0,9327.0,0,active
9327.0,9328.0,0,idle
9328.0,9330.0,0,active
9330.0,9331.0,0,idle
9331.0,9333.0,0,active
9333.0,9334.0,0,idle
9334.0,9336.0,0,active
9336.0,9337.0,0,idle
9337.0,9339.0,0,active
9339.0,9340.0,0,idle
9340.0,9342.0,0,active
9342.0,9343.0,0,idle
9343.0,9345.0,0,active
9345.0,9346.0,0,idle
9346.0,9348.0,0,active
9348.0,9349.0,0,idle
9349.0,9351.0,0,active
9351.0,9352.0,0,idle
9352.0,9354.0,0,active
9354.0,9355.0,0,idle
9355.0,9357.0,0,active
9357.0,9358.0,0,idle
9358.0,9360.0,0,active
9360.0,9361.0,0,idle
9361.0,9363.0,0,active
9363.0,9364.0,0,idle
9364.0,9366.0,0,active
9366.0,9367.0,0,idle
9367.0,9369.0,0,active
9369.0,9370.0,0,idle
9370.0,9372.0,0,active
9372.0,9373.0,0,idle
9373.0,9375.0,0,active
9375.0,9376.0,0,idle
9376.0,9378.0,0,active
9378.0,9379.0,0,idle
9379.0,9381.0,0,active
9381.0,9382.0,0,idle
9382.0,9384.0,0,active
9384.0,9385.0,0,idle
9385.0,9387.0,0,active
9387.0,9388.0,0,idle
9388.0,9390.0,0,active
9390.0,9391.0,0,idle
9391.0,9393.0,0,active
9393.0,9394.0,0,idle
9394.0,9396.0,0,active
9396.0,9397.0,0,idle
9397.0,9399.0,0,active
9399.0,9400.0,0,idle
9400.0,9402.0,0,active
9402.0,9403.0,0,idle
9403.0,9405.0,0,active
9405.0,9406.0,0,idle
9406.0,9408.0,0,active
9408.0,9409.0,0,idle
9409.0,9411.0,0,active
9411.0,9412.0,0,idle
9412.0,9414.0,0,active
9414.0,9415.0,0,idle
9415.0,9417.0,0,active
9417.0,9418.0,0,idle
9418.0,9420.0,0,active
9420.0,9421.0,0,idle
9421.0,9423.0,0,active
9423.0,9424.0,0,idle
9424.0,9426.0,0,active
9426.0,9427.0,0,idle
9427.0,9429.0,0,active
9429.0,9430.0,0,idle
9430.0,9432.0,0,active
9432.0,9433.0,0,idle
9433.0,9435.0,0,active
9435.0,9436.0,0,idle
9436.0,9438.0,0,active
9438.0,9439.0,0,idle
9439.0,9441.0,0,active
9441.0,9442.0,0,idle
9442.0,9444.0,0,active
9444.0,9445.0,0,idle
9445.0,9447.0,0,active
9447.0,9448.0,0,idle
9448.0,9450.0,0,active
9450.0,9451.0,0,idle
9451.0,9453.0,0,active
9453.0,9454.0,0,idle
9454.0,9456.0,0,active
9456.0,9457.0,0,idle
9457.0,9459.0,0,active
9459.0,9460.0,0,idle
9460.0,9462.0,0,active
9462.0,9463.0,0,idle
9463.0,9465.0,0,active
9465.0,9466.0,0,idle
9466.0,9468.0,0,active
9468.0,9469.0,0,idle
9469.0,9471.0,0,active
9471.0,9472.0,0,idle
9472.0,9474.0,0,active
9474.0,9475.0,0,idle
9475.0,9477.0,0,active
9477.0,9478.0,0,idle
9478.0,9480.0,0,active
9480.0,9481.0,0,idle
9481.0,9483.0,0,active
9483.0,9484.0,0,idle
9484.0,9486.0,0,active
9486.0,9487.0,0,idle
9487.0,9489.0,0,active
9489.0,9490.0,0,idle
9490.0,9492.0,0,active
9492.0,9493.0,0,idle
9493.0,9495.0,0,active
9495.0,9496.0,0,idle
9496.0,9498.0,0,active
9498.0,9499.0,0,idle
9499.0,9501.0,0,active
9501.0,9502.0,0,idle
9502.0,9504.0,0,active
9504.0,9505.0,0,idle
9505.0,9507.0,0,active
9507.0,9508.0,0,idle
9508.0,9510.0,0,active
9510.0,9511.0,0,idle
9511.0,9513.0,0,active
9513.0,9514.0,0,idle
9514.0,9516.0,0,active
9516.0,9517.0,0,idle
9517.0,9519.0,0,active
9519.0,9520.0,0,idle
9520.0,9522.0,0,active
9522.0,9523.0,0,idle
9523.0,9525.0,0,active
9525.0,9526.0,0,idle
9526.0,9528.0,0,active
9528.0,9529.0,0,idle
9529.0,9531.0,0,active
9531.0,9532.0,0,idle
9532.0,9534.0,0,active
9534.0,9535.0,0,idle
9535.0,9537.0,0,active
9537.0,9538.0,0,idle
9538.0,9540.0,0,active
9540.0,9541.0,0,idle
9541.0,9543.0,0,active
9543.0,9544.0,0,idle
9544.0,9546.0,0,active
9546.0,9547.0,0,idle
9547.0,9549.0,0,active
9549.0,9550.0,0,idle
9550.0,9552.0,0,active
9552.0,9553.0,0,idle
9553.0,9555.0,0,active
9555.0,9556.0,0,idle
9556.0,9558.0,0,active
9558.0,9559.0,0,idle
9559.0,9561.0,0,active
9561.0,9562.0,0,idle
9562.0,9564.0,0,active
9564.0,9565.0,0,idle
9565.0,9567.0,0,active
9567.0,9568.0,0,idle
9568.0,9570.0,0,active
9570.0,9571.0,0,idle
9571.0,9573.0,0,active
9573.0,9574.0,0,idle
9574.0,9576.0,0,active
9576.0,9577.0,0,idle
9577.0,9579.0,0,active
9579.0,9580.0,0,idle
9580.0,9582.0,0,active
9582.0,9583.0,0,idle
9583.0,9585.0,0,active
9585.0,9586.0,0,idle
9586.0,9588.0,0,active
9588.0,9589.0,0,idle
9589.0,9591.0,0,active
9591.0,9592.0,0,idle
9592.0,9594.0,0,active
9594.0,9595.0,0,idle
9595.0,9597.0,0,active
9597.0,9598.0,0,idle
9598.0,9600.0,0,active
9600.0,9601.0,0,idle
9601.0,9603.0,0,active
9603.0,9604.0,0,idle
9604.0,9606.0,0,active
9606.0,9607.0,0,idle
9607.0,9609.0,0,active
9609.0,9610.0,0,idle
9610.0,9612.0,0,active
9612.0,9613.0,0,idle
9613.0,9615.0,0,active
9615.0,9616.0,0,idle
9616.0,9618.0,0,active
9618.0,9619.0,0,idle
9619.0,9621.0,0,active
9621.0,9622.0,0,idle
9622.0,9624.0,0,active
9624.0,9625.0,0,idle
9625.0,9627.0,0,active
9627.0,9628.0,0,idle
9628.0,9630.0,0,active
9630.0,9631.0,0,idle
9631.0,9633.0,0,active
9633.0,9634.0,0,idle
9634.0,9636.0,0,active
9636.0,9637.0,0,idle
9637.0,9639.0,0,active
9639.0,9640.0,0,idle
9640.0,9642.0,0,active
9642.0,9643.0,0,idle
9643.0,9645.0,0,active
9645.0,9646.0,0,idle
9646.0,9648.0,0,active
9648.0,9649.0,0,idle
9649.0,9651.0,0,active
9651.0,9652.0,0,idle
9652.0,9654.0,0,active
9654.0,9655.0,0,idle
9655.0,9657.0,0,active
9657.0,9658.0,0,idle
9658.0,9660.0,0,active
9660.0,9661.0,0,idle
9661.0,9663.0,0,active
9663.0,9664.0,0,idle
9664.0,9666.0,0,active
9666.0,9667.0,0,idle
9667.0,9669.0,0,active
9669.0,9670.0,0,idle
9670.0,9672.0,0,active
9672.0,9673.0,0,idle
9673.0,9675.0,0,active
9675.0,9676.0,0,idle
9676.0,9678.0,0,active
9678.0,9679.0,0,idle
9679.0,9681.0,0,active
9681.0,9682.0,0,idle
9682.0,9684.0,0,active
9684.0,9685.0,0,idle
9685.0,9687.0,0,active
9687.0,9688.0,0,idle
9688.0,9690.0,0,active
9690.0,9691.0,0,idle
9691.0,9693.0,0,active
9693.0,9694.0,0,idle
9694.0,9696.0,0,active
9696.0,9697.0,0,idle
9697.0,9699.0,0,active
9699.0,9700.0,0,idle
9700.0,9702.0,0,active
9702.0,9703.0,0,idle
9703.0,9705.0,0,active
9705.0,9706.0,0,idle
9706.0,9708.0,0,active
9708.0,9709.0,0,idle
9709.0,9711.0,0,active
9711.0,9712.0,0,idle
9712.0,9714.0,0,active
9714.0,9715.0,0,idle
9715.0,9717.0,0,active
9717.0,9718.0,0,idle
9718.0,9720.0,0,active
9720.0,9721.0,0,idle
9721.0,9723.0,0,active
9723.0,9724.0,0,idle
9724.0,9726.0,0,active
9726.0,9727.0,0,idle
9727.0,9729.0,0,active
9729.0,9730.0,0,idle
9730.0,9732.0,0,active
9732.0,9733.0,0,idle
9733.0,9735.0,0,active
9735.0,9736.0,0,idle
9736.0,9738.0,0,active
9738.0,9739.0,0,idle
9739.0,9741.0,0,active
9741.0,9742.0,0,idle
9742.0,9744.0,0,active
9744.0,9745.0,0,idle
9745.0,9747.0,0,active
9747.0,9748.0,0,idle
9748.0,9750.0,0,active
9750.0,9751.0,0,idle
9751.0,9753.0,0,active
9753.0,9754.0,0,idle
9754.0,9756.0,0,active
9756.0,9757.0,0,idle
9757.0,9759.0,0,active
9759.0,9760.0,0,idle
9760.0,9762.0,0,active
9762.0,9763.0,0,idle
9763.0,9765.0,0,active
9765.0,9766.0,0,idle
9766.0,9768.0,0,active
9768.0,9769.0,0,idle
9769.0,9771.0,0,active
9771.0,9772.0,0,idle
9772.0,9774.0,0,active
9774.0,9775.0,0,idle
9775.0,9777.0,0,active
9777.0,9778.0,0,idle
9778.0,9780.0,0,active
9780.0,9781.0,0,idle
9781.0,9783.0,0,active
9783.0,9784.0,0,idle
9784.0,9786.0,0,active
9786.0,9787.0,0,idle
9787.0,9789.0,0,active
9789.0,9790.0,0,idle
9790.0,9792.0,0,active
9792.0,9793.0,0,idle
9793.0,9795.0,0,active
9795.0,9796.0,0,idle
9796.0,9798.0,0,active
9798.0,9799.0,0,idle
9799.0,9801.0,0,active
9801.0,9802.0,0,idle
9802.0,9804.0,0,active
9804.0,9805.0,0,idle
9805.0,9807.0,0,active
9807.0,9808.0,0,idle
9808.0,9810.0,0,active
9810.0,9811.0,0,idle
9811.0,9813.0,0,active
9813.0,9814.0,0,idle
9814.0,9816.0,0,active
9816.0,9817.0,0,idle
9817.0,9819.0,0,active
9819.0,9820.0,0,idle
9820.0,9822.0,0,active
9822.0,9823.0,0,idle
9823.0,9825.0,0,active
9825.0,9826.0,0,idle
9826.0,9828.0,0,active
9828.0,9829.0,0,idle
9829.0,9831.0,0,active
9831.0,9832.0,0,idle
9832.0,9834.0,0,active
9834.0,9835.0,0,idle
9835.0,9837.0,0,active
9837.0,9838.0,0,idle
9838.0,9840.0,0,active
9840.0,9841.0,0,idle
9841.0,9843.0,0,active
9843.0,9844.0,0,idle
9844.0,9846.0,0,active
9846.0,9847.0,0,idle
9847.0,9849.0,0,active
9849.0,9850.0,0,idle
9850.0,9852.0,0,active
9852.0,9853.0,0,idle
9853.0,9855.0,0,active
9855.0,9856.0,0,idle
9856.0,9858.0,0,active
9858.0,9859.0,0,idle
9859.0,9861.0,0,active
9861.0,9862.0,0,idle
9862.0,9864.0,0,active
9864.0,9865.0,0,idle
9865.0,9867.0,0,active
9867.0,9868.0,0,idle
9868.0,9870.0,0,active
9870.0,9871.0,0,idle
9871.0,9873.0,0,active
9873.0,9874.0,0,idle
9874.0,9876.0,0,active
9876.0,9877.0,0,idle
9877.0,9879.0,0,active
9879.0,9880.0,0,idle
9880.0,9882.0,0,active
9882.0,9883.0,0,idle
9883.0,9885.0,0,active
9885.0,9886.0,0,idle
9886.0,9888.0,0,active
9888.0,9889.0,0,idle
9889.0,9891.0,0,active
9891.0,9892.0,0,idle
9892.0,9894.0,0,active
9894.0,9895.0,0,idle
9895.0,9897.0,0,active
9897.0,9898.0,0,idle
9898.0,9900.0,0,active
9900.0,9901.0,0,idle
9901.0,9903.0,0,active
9903.0,9904.0,0,idle
9904.0,9906.0,0,active
9906.0,9907.0,0,idle
9907.0,9909.0,0,active
9909.0,9910.0,0,idle
9910.0,9912.0,0,active
9912.0,9913.0,0,idle
9913.0,9915.0,0,active
9915.0,9916.0,0,idle
9916.0,9918.0,0,active
9918.0,9919.0,0,idle
9919.0,9921.0,0,active
9921.0,9922.0,0,idle
9922.0,9924.0,0,active
9924.0,9925.0,0,idle
9925.0,9927.0,0,active
9927.0,9928.0,0,idle
9928.0,9930.0,0,active
9930.0,9931.0,0,idle
9931.0,9933.0,0,active
9933.0,9934.0,0,idle
9934.0,9936.0,0,active
9936.0,9937.0,0,idle
9937.0,9939.0,0,active
9939.0,9940.0,0,idle
9940.0,9942.0,0,active
9942.0,9943.0,0,idle
9943.0,9945.0,0,active
9945.0,9946.0,0,idle
9946.0,9948.0,0,active
9948.0,9949.0,0,idle
9949.0,9951.0,0,active
9951.0,9952.0,0,idle
9952.0,9954.0,0,active
9954.0,9955.0,0,idle
9955.0,9957.0,0,active
9957.0,9958.0,0,idle
9958.0,9960.0,0,active
9960.0,9961.0,0,idle
9961.0,9963.0,0,active
9963.0,9964.0,0,idle
9964.0,9966.0,0,active
9966.0,9967.0,0,idle
9967.0,9969.0,0,active
9969.0,9970.0,0,idle
9970.0,9972.0,0,active
9972.0,9973.0,0,idle
9973.0,9975.0,0,active
9975.0,9976.0,0,idle
9976.0,9978.0,0,active
9978.0,9979.0,0,idle
9979.0,9981.0,0,active
9981.0,9982.0,0,idle
9982.0,9984.0,0,active
9984.0,9985.0,0,idle
9985.0,9987.0,0,active
9987.0,9988.0,0,idle
9988.0,9990.0,0,active
9990.0,9991.0,0,idle
9991.0,9993.0,0,active
9993.0,9994.0,0,idle
9994.0,9996.0,0,active
9996.0,9997.0,0,idle
9997.0,9999.0,0,active
9999.0,10000.0,0,idle
10000.0,10002.0,0,active
10002.0,10003.0,0,idle
10003.0,10005.0,0,active
10005.0,10006.0,0,idle
10006.0,10008.0,0,active
10008.0,10009.0,0,idle
10009.0,10011.0,0,active
10011.0,10012.0,0,idle
10012.0,10014.0,0,active
10014.0,10015.0,0,idle
10015.0,10017.0,0,active
10017.0,10018.0,0,idle
10018.0,10020.0,0,active
10020.0,10021.0,0,idle
10021.0,10023.0,0,active
10023.0,10024.0,0,idle
10024.0,10026.0,0,active
10026.0,10027.0,0,idle
10027.0,10029.0,0,active
10029.0,10030.0,0,idle
10030.0,10032.0,0,active
10032.0,10033.0,0,idle
10033.0,10035.0,0,active
10035.0,10036.0,0,idle
10036.0,10038.0,0,active
10038.0,10039.0,0,idle
10039.0,10041.0,0,active
10041.0,10042.0,0,idle
10042.0,10044.0,0,active
10044.0,10045.0,0,idle
10045.0,10047.0,0,active
10047.0,10048.0,0,idle
10048.0,10050.0,0,active
10050.0,10051.0,0,idle
10051.0,10053.0,0,active
10053.0,10054.0,0,idle
10054.0,10056.0,0,active
10056.0,10057.0,0,idle
10057.0,10059.0,0,active
10059.0,10060.0,0,idle
10060.0,10062.0,0,active
10062.0,10063.0,0,idle
10063.0,10065.0,0,active
10065.0,10066.0,0,idle
10066.0,10068.0,0,active
10068.0,10069.0,0,idle
10069.0,10071.0,0,active
10071.0,10072.0,0,idle
10072.0,10074.0,0,active
10074.0,10075.0,0,idle
10075.0,10077.0,0,active
10077.0,10078.0,0,idle
10078.0,10080.0,0,active
10080.0,10081.0,0,idle
10081.0,10083.0,0,active
10083.0,10084.0,0,idle
10084.0,10086.0,0,active
10086.0,10087.0,0,idle
10087.0,10089.0,0,active
10089.0,10090.0,0,idle
10090.0,10092.0,0,active
10092.0,10093.0,0,idle
10093.0,10095.0,0,active
10095.0,10096.0,0,idle
10096.0,10098.0,0,active
10098.0,10099.0,0,idle
10099.0,10101.0,0,active
10101.0,10102.0,0,idle
10102.0,10104.0,0,active
10104.0,10105.0,0,idle
10105.0,10107.0,0,active
10107.0,10108.0,0,idle
10108.0,10110.0,0,active
10110.0,10111.0,0,idle
10111.0,10113.0,0,active
10113.0,10114.0,0,idle
10114.0,10116.0,0,active
10116.0,10117.0,0,idle
10117.0,10119.0,0,active
10119.0,10120.0,0,idle
10120.0,10122.0,0,active
10122.0,10123.0,0,idle
10123.0,10125.0,0,active
10125.0,10126.0,0,idle
10126.0,10128.0,0,active
10128.0,10129.0,0,idle
10129.0,10131.0,0,active
10131.0,10132.0,0,idle
10132.0,10134.0,0,active
10134.0,10135.0,0,idle
10135.0,10137.0,0,active
10137.0,10138.0,0,idle
10138.0,10140.0,0,active
10140.0,10141.0,0,idle
10141.0,10143.0,0,active
10143.0,10144.0,0,idle
10144.0,10146.0,0,active
10146.0,10147.0,0,idle
10147.0,10149.0,0,active
10149.0,10150.0,0,idle
10150.0,10152.0,0,active
10152.0,10153.0,0,idle
10153.0,10155.0,0,active
10155.0,10156.0,0,idle
10156.0,10158.0,0,active
10158.0,10159.0,0,idle
10159.0,10161.0,0,active
10161.0,10162.0,0,idle
10162.0,10164.0,0,active
10164.0,10165.0,0,idle
10165.0,10167.0,0,active
10167.0,10168.0,0,idle
10168.0,10170.0,0,active
10170.0,10171.0,0,idle
10171.0,10173.0,0,active
10173.0,10174.0,0,idle
10174.0,10176.0,0,active
10176.0,10177.0,0,idle
10177.0,10179.0,0,active
10179.0,10180.0,0,idle
10180.0,10182.0,0,active
10182.0,10183.0,0,idle
10183.0,10185.0,0,active
10185.0,10186.0,0,idle
10186.0,10188.0,0,active
10188.0,10189.0,0,idle
10189.0,10191.0,0,active
10191.0,10192.0,0,idle
10192.0,10194.0,0,active
10194.0,10195.0,0,idle
10195.0,10197.0,0,active
10197.0,10198.0,0,idle
10198.0,10200.0,0,active
10200.0,10201.0,0,idle
10201.0,10203.0,0,active
10203.0,10204.0,0,idle
10204.0,10206.0,0,active
10206.0,10207.0,0,idle
10207.0,10209.0,0,active
10209.0,10210.0,0,idle
10210.0,10212.0,0,active
10212.0,10213.0,0,idle
10213.0,10215.0,0,active
10215.0,10216.0,0,idle
10216.0,10218.0,0,active
10218.0,10219.0,0,idle
10219.0,10221.0,0,active
10221.0,10222.0,0,idle
10222.0,10224.0,0,active
10224.0,10225.0,0,idle
10225.0,10227.0,0,active
10227.0,10228.0,0,idle
10228.0,10230.0,0,active
10230.0,10231.0,0,idle
10231.0,10233.0,0,active
10233.0,10234.0,0,idle
10234.0,10236.0,0,active
10236.0,10237.0,0,idle
10237.0,10239.0,0,active
10239.0,10240.0,0,idle
10240.0,10242.0,0,active
10242.0,10243.0,0,idle
10243.0,10245.0,0,active
10245.0,10246.0,0,idle
10246.0,10248.0,0,active
10248.0,10249.0,0,idle
10249.0,10251.0,0,active
10251.0,10252.0,0,idle
10252.0,10254.0,0,active
10254.0,10255.0,0,idle
10255.0,10257.0,0,active
10257.0,10258.0,0,idle
10258.0,10260.0,0,active
10260.0,10261.0,0,idle
10261.0,10263.0,0,active
10263.0,10264.0,0,idle
10264.0,10266.0,0,active
10266.0,10267.0,0,idle
10267.0,10269.0,0,active
10269.0,10270.0,0,idle
10270.0,10272.0,0,active
10272.0,10273.0,0,idle
10273.0,10275.0,0,active
10275.0,10276.0,0,idle
10276.0,10278.0,0,active
10278.0,10279.0,0,idle
10279.0,10281.0,0,active
10281.0,10282.0,0,idle
10282.0,10284.0,0,active
10284.0,10285.0,0,idle
10285.0,10287.0,0,active
10287.0,10288.0,0,idle
10288.0,10290.0,0,active
10290.0,10291.0,0,idle
10291.0,10293.0,0,active
10293.0,10294.0,0,idle
10294.0,10296.0,0,active
10296.0,10297.0,0,idle
10297.0,10299.0,0,active
10299.0,10300.0,0,idle
10300.0,10302.0,0,active
10302.0,10303.0,0,idle
10303.0,10305.0,0,active
10305.0,10306.0,0,idle
10306.0,10308.0,0,active
10308.0,10309.0,0,idle
10309.0,10311.0,0,active
10311.0,10312.0,0,idle
10312.0,10314.0,0,active
10314.0,10315.0,0,idle
10315.0,10317.0,0,active
10317.0,10318.0,0,idle
10318.0,10320.0,0,active
10320.0,10321.0,0,idle
10321.0,10323.0,0,active
10323.0,10324.0,0,idle
10324.0,10326.0,0,active
10326.0,10327.0,0,idle
10327.0,10329.0,0,active
10329.0,10330.0,0,idle
10330.0,10332.0,0,active
10332.0,10333.0,0,idle
10333.0,10335.0,0,active
10335.0,10336.0,0,idle
10336.0,10338.0,0,active
10338.0,10339.0,0,idle
10339.0,10341.0,0,active
10341.0,10342.0,0,idle
10342.0,10344.0,0,active
10344.0,10345.0,0,idle
10345.0,10347.0,0,active
10347.0,10348.0,0,idle
10348.0,10350.0,0,active
10350.0,10351.0,0,idle
10351.0,10353.0,0,active
10353.0,10354.0,0,idle
10354.0,10356.0,0,active
10356.0,10357.0,0,idle
10357.0,10359.0,0,active
10359.0,10360.0,0,idle
10360.0,10362.0,0,active
10362.0,10363.0,0,idle
10363.0,10365.0,0,active
10365.0,10366.0,0,idle
10366.0,10368.0,0,active
10368.0,10369.0,0,idle
10369.0,10371.0,0,active
10371.0,10372.0,0,idle
10372.0,10374.0,0,active
10374.0,10375.0,0,idle
10375.0,10377.0,0,active
10377.0,10378.0,0,idle
10378.0,10380.0,0,active
10380.0,10381.0,0,idle
10381.0,10383.0,0,active
10383.0,10384.0,0,idle
10384.0,10386.0,0,active
10386.0,10387.0,0,idle
10387.0,10389.0,0,active
10389.0,10390.0,0,idle
10390.0,10392.0,0,active
10392.0,10393.0,0,idle
10393.0,10395.0,0,active
10395.0,10396.0,0,idle
10396.0,10398.0,0,active
10398.0,10399.0,0,idle
10399.0,10401.0,0,active
10401.0,10402.0,0,idle
10402.0,10404.0,0,active
10404.0,10405.0,0,idle
10405.0,10407.0,0,active
10407.0,10408.0,0,idle
10408.0,10410.0,0,active
10410.0,10411.0,0,idle
10411.0,10413.0,0,active
10413.0,10414.0,0,idle
10414.0,10416.0,0,active
10416.0,10417.0,0,idle
10417.0,10419.0,0,active
10419.0,10420.0,0,idle
10420.0,10422.0,0,active
10422.0,10423.0,0,idle
10423.0,10425.0,0,active
10425.0,10426.0,0,idle
10426.0,10428.0,0,active
10428.0,10429.0,0,idle
10429.0,10431.0,0,active
10431.0,10432.0,0,idle
10432.0,10434.0,0,active
10434.0,10435.0,0,idle
10435.0,10437.0,0,active
10437.0,10438.0,0,idle
10438.0,10440.0,0,active
10440.0,10441.0,0,idle
10441.0,10443.0,0,active
10443.0,10444.0,0,idle
10444.0,10446.0,0,active
10446.0,10447.0,0,idle
10447.0,10449.0,0,active
10449.0,10450.0,0,idle
10450.0,10452.0,0,active
10452.0,10453.0,0,idle
10453.0,10455.0,0,active
10455.0,10456.0,0,idle
10456.0,10458.0,0,active
10458.0,10459.0,0,idle
10459.0,10461.0,0,active
10461.0,10462.0,0,idle
10462.0,10464.0,0,active
10464.0,10465.0,0,idle
10465.0,10467.0,0,active
10467.0,10468.0,0,idle
10468.0,10470.0,0,active
10470.0,10471.0,0,idle
10471.0,10473.0,0,active
10473.0,10474.0,0,idle
10474.0,10476.0,0,active
10476.0,10477.0,0,idle
10477.0,10479.0,0,active
10479.0,10480.0,0,idle
10480.0,10482.0,0,active
10482.0,10483.0,0,idle
10483.0,10485.0,0,active
10485.0,10486.0,0,idle
10486.0,10488.0,0,active
10488.0,10489.0,0,idle
10489.0,10491.0,0,active
10491.0,10492.0,0,idle
10492.0,10494.0,0,active
10494.0,10495.0,0,idle
10495.0,10497.0,0,active
10497.0,10498.0,0,idle
10498.0,10500.0,0,active
10500.0,10501.0,0,idle
10501.0,10503.0,0,active
10503.0,10504.0,0,idle
10504.0,10506.0,0,active
10506.0,10507.0,0,idle
10507.0,10509.0,0,active
10509.0,10510.0,0,idle
10510.0,10512.0,0,active
10512.0,10513.0,0,idle
10513.0,10515.0,0,active
10515.0,10516.0,0,idle
10516.0,10518.0,0,active
10518.0,10519.0,0,idle
10519.0,10521.0,0,active
10521.0,10522.0,0,idle
10522.0,10524.0,0,active
10524.0,10525.0,0,idle
10525.0,10527.0,0,active
10527.0,10528.0,0,idle
10528.0,10530.0,0,active
10530.0,10531.0,0,idle
10531.0,10533.0,0,active
10533.0,10534.0,0,idle
10534.0,10536.0,0,active
10536.0,10537.0,0,idle
10537.0,10539.0,0,active
10539.0,10540.0,0,idle
10540.0,10542.0,0,active
10542.0,10543.0,0,idle
10543.0,10545.0,0,active
10545.0,10546.0,0,idle
10546.0,10548.0,0,active
10548.0,10549.0,0,idle
10549.0,10551.0,0,active
10551.0,10552.0,0,idle
10552.0,10554.0,0,active
10554.0,10555.0,0,idle
10555.0,10557.0,0,active
10557.0,10558.0,0,idle
10558.0,10560.0,0,active
10560.0,10561.0,0,idle
10561.0,10563.0,0,active
10563.0,10564.0,0,idle
10564.0,10566.0,0,active
10566.0,10567.0,0,idle
10567.0,10569.0,0,active
10569.0,10570.0,0,idle
10570.0,10572.0,0,active
10572.0,10573.0,0,idle
10573.0,10575.0,0,active
10575.0,10576.0,0,idle
10576.0,10578.0,0,active
10578.0,10579.0,0,idle
10579.0,10581.0,0,active
10581.0,10582.0,0,idle
10582.0,10584.0,0,active
10584.0,10585.0,0,idle
10585.0,10587.0,0,active
10587.0,10588.0,0,idle
10588.0,10590.0,0,active
10590.0,10591.0,0,idle
10591.0,10593.0,0,active
10593.0,10594.0,0,idle
10594.0,10596.0,0,active
10596.0,10597.0,0,idle
10597.0,10599.0,0,active
10599.0,10600.0,0,idle
10600.0,10602.0,0,active
10602.0,10603.0,0,idle
10603.0,10605.0,0,active
10605.0,10606.0,0,idle
10606.0,10608.0,0,active
10608.0,10609.0,0,idle
10609.0,10611.0,0,active
10611.0,10612.0,0,idle
10612.0,10614.0,0,active
10614.0,10615.0,0,idle
10615.0,10617.0,0,active
10617.0,10618.0,0,idle
10618.0,10620.0,0,active
10620.0,10621.0,0,idle
10621.0,10623.0,0,active
10623.0,10624.0,0,idle
10624.0,10626.0,0,active
10626.0,10627.0,0,idle
10627.0,10629.0,0,active
10629.0,10630.0,0,idle
10630.0,10632.0,0,active
10632.0,10633.0,0,idle
10633.0,10635.0,0,active
10635.0,10636.0,0,idle
10636.0,10638.0,0,active
10638.0,10639.0,0,idle
10639.0,10641.0,0,active
10641.0,10642.0,0,idle
10642.0,10644.0,0,active
10644.0,10645.0,0,idle
10645.0,10647.0,0,active
10647.0,10648.0,0,idle
10648.0,10650.0,0,active
10650.0,10651.0,0,idle
10651.0,10653.0,0,active
10653.0,10654.0,0,idle
10654.0,10656.0,0,active
10656.0,10657.0,0,idle
10657.0,10659.0,0,active
10659.0,10660.0,0,idle
10660.0,10662.0,0,active
10662.0,10663.0,0,idle
10663.0,10665.0,0,active
10665.0,10666.0,0,idle
10666.0,10668.0,0,active
10668.0,10669.0,0,idle
10669.0,10671.0,0,active
10671.0,10672.0,0,idle
10672.0,10674.0,0,active
10674.0,10675.0,0,idle
10675.0,10677.0,0,active
10677.0,10678.0,0,idle
10678.0,10680.0,0,active
10680.0,10681.0,0,idle
10681.0,10683.0,0,active
10683.0,10684.0,0,idle
10684.0,10686.0,0,active
10686.0,10687.0,0,idle
10687.0,10689.0,0,active
10689.0,10690.0,0,idle
10690.0,10692.0,0,active
10692.0,10693.0,0,idle
10693.0,10695.0,0,active
10695.0,10696.0,0,idle
10696.0,10698.0,0,active
10698.0,10699.0,0,idle
10699.0,10701.0,0,active
10701.0,10702.0,0,idle
10702.0,10704.0,0,active
10704.0,10705.0,0,idle
10705.0,10707.0,0,active
10707.0,10708.0,0,idle
10708.0,10710.0,0,active
10710.0,10711.0,0,idle
10711.0,10713.0,0,active
10713.0,10714.0,0,idle
10714.0,10716.0,0,active
10716.0,10717.0,0,idle
10717.0,10719.0,0,active
10719.0,10720.0,0,idle
10720.0,10722.0,0,active
10722.0,10723.0,0,idle
10723.0,10725.0,0,active
10725.0,10726.0,0,idle
10726.0,10728.0,0,active
10728.0,10729.0,0,idle
10729.0,10731.0,0,active
10731.0,10732.0,0,idle
10732.0,10734.0,0,active
10734.0,10735.0,0,idle
10735.0,10737.0,0,active
10737.0,10738.0,0,idle
10738.0,10740.0,0,active
10740.0,10741.0,0,idle
10741.0,10743.0,0,active
10743.0,10744.0,0,idle
10744.0,10746.0,0,active
10746.0,10747.0,0,idle
10747.0,10749.0,0,active
10749.0,10750.0,0,idle
10750.0,10752.0,0,active
10752.0,10753.0,0,idle
10753.0,10755.0,0,active
10755.0,10756.0,0,idle
10756.0,10758.0,0,active
10758.0,10759.0,0,idle
10759.0,10761.0,0,active
10761.0,10762.0,0,idle
10762.0,10764.0,0,active
10764.0,10765.0,0,idle
10765.0,10767.0,0,active
10767.0,10768.0,0,idle
10768.0,10770.0,0,active
10770.0,10771.0,0,idle
10771.0,10773.0,0,active
10773.0,10774.0,0,idle
10774.0,10776.0,0,active
10776.0,10777.0,0,idle
10777.0,10779.0,0,active
10779.0,10780.0,0,idle
10780.0,10782.0,0,active
10782.0,10783.0,0,idle
10783.0,10785.0,0,active
10785.0,10786.0,0,idle
10786.0,10788.0,0,active
10788.0,10789.0,0,idle
10789.0,10791.0,0,active
10791.0,10792.0,0,idle
10792.0,10794.0,0,active
10794.0,10795.0,0,idle
10795.0,10797.0,0,active
10797.0,10798.0,0,idle
10798.0,10800.0,0,active
10800.0,10801.0,0,idle
10801.0,10803.0,0,active
10803.0,10804.0,0,idle
10804.0,10806.0,0,active
10806.0,10807.0,0,idle
10807.0,10809.0,0,active
10809.0,10810.0,0,idle
10810.0,10812.0,0,active
10812.0,10813.0,0,idle
10813.0,10815.0,0,active
10815.0,10816.0,0,idle
10816.0,10818.0,0,active
10818.0,10819.0,0,idle
10819.0,10821.0,0,active
10821.0,10822.0,0,idle
10822.0,10824.0,0,active
10824.0,10825.0,0,idle
10825.0,10827.0,0,active
10827.0,10828.0,0,idle
10828.0,10830.0,0,active
10830.0,10831.0,0,idle
10831.0,10833.0,0,active
10833.0,10834.0,0,idle
10834.0,10836.0,0,active
10836.0,10837.0,0,idle
10837.0,10839.0,0,active
10839.0,10840.0,0,idle
10840.0,10842.0,0,active
10842.0,10843.0,0,idle
10843.0,10845.0,0,active
10845.0,10846.0,0,idle
10846.0,10848.0,0,active
10848.0,10849.0,0,idle
10849.0,10851.0,0,active
10851.0,10852.0,0,idle
10852.0,10854.0,0,active
10854.0,10855.0,0,idle
10855.0,10857.0,0,active
10857.0,10858.0,0,idle
10858.0,10860.0,0,active
10860.0,10861.0,0,idle
10861.0,10863.0,0,active
10863.0,10864.0,0,idle
10864.0,10866.0,0,active
10866.0,10867.0,0,idle
10867.0,10869.0,0,active
10869.0,10870.0,0,idle
10870.0,10872.0,0,active
10872.0,10873.0,0,idle
10873.0,10875.0,0,active
10875.0,10876.0,0,idle
10876.0,10878.0,0,active
10878.0,10879.0,0,idle
10879.0,10881.0,0,active
10881.0,10882.0,0,idle
10882.0,10884.0,0,active
10884.0,10885.0,0,idle
10885.0,10887.0,0,active
10887.0,10888.0,0,idle
10888.0,10890.0,0,active
10890.0,10891.0,0,idle
10891.0,10893.0,0,active
10893.0,10894.0,0,idle
10894.0,10896.0,0,active
10896.0,10897.0,0,idle
10897.0,10899.0,0,active
10899.0,10900.0,0,idle
10900.0,10902.0,0,active
10902.0,10903.0,0,idle
10903.0,10905.0,0,active
10905.0,10906.0,0,idle
10906.0,10908.0,0,active
10908.0,10909.0,0,idle
10909.0,10911.0,0,active
10911.0,10912.0,0,idle
10912.0,10914.0,0,active
10914.0,10915.0,0,idle
10915.0,10917.0,0,active
10917.0,10918.0,0,idle
10918.0,10920.0,0,active
10920.0,10921.0,0,idle
10921.0,10923.0,0,active
10923.0,10924.0,0,idle
10924.0,10926.0,0,active
10926.0,10927.0,0,idle
10927.0,10929.0,0,active
10929.0,10930.0,0,idle
10930.0,10932.0,0,active
10932.0,10933.0,0,idle
10933.0,10935.0,0,active
10935.0,10936.0,0,idle
10936.0,10938.0,0,active
10938.0,10939.0,0,idle
10939.0,10941.0,0,active
10941.0,10942.0,0,idle
10942.0,10944.0,0,active
10944.0,10945.0,0,idle
10945.0,10947.0,0,active
10947.0,10948.0,0,idle
10948.0,10950.0,0,active
10950.0,10951.0,0,idle
10951.0,10953.0,0,active
10953.0,10954.0,0,idle
10954.0,10956.0,0,active
10956.0,10957.0,0,idle
10957.0,10959.0,0,active
10959.0,10960.0,0,idle
10960.0,10962.0,0,active
10962.0,10963.0,0,idle
10963.0,10965.0,0,active
10965.0,10966.0,0,idle
10966.0,10968.0,0,active
10968.0,10969.0,0,idle
10969.0,10971.0,0,active
10971.0,10972.0,0,idle
10972.0,10974.0,0,active
10974.0,10975.0,0,idle
10975.0,10977.0,0,active
10977.0,10978.0,0,idle
10978.0,10980.0,0,active
10980.0,10981.0,0,idle
10981.0,10983.0,0,active
10983.0,10984.0,0,idle
10984.0,10986.0,0,active
10986.0,10987.0,0,idle
10987.0,10989.0,0,active
10989.0,10990.0,0,idle
10990.0,10992.0,0,active
10992.0,10993.0,0,idle
10993.0,10995.0,0,active
10995.0,10996.0,0,idle
10996.0,10998.0,0,active
10998.0,10999.0,0,idle
10999.0,11001.0,0,active
11001.0,11002.0,0,idle
11002.0,11004.0,0,active
11004.0,11005.0,0,idle
11005.0,11007.0,0,active
11007.0,11008.0,0,idle
11008.0,11010.0,0,active
11010.0,11011.0,0,idle
11011.0,11013.0,0,active
11013.0,11014.0,0,idle
11014.0,11016.0,0,active
11016.0,11017.0,0,idle
11017.0,11019.0,0,active
11019.0,11020.0,0,idle
11020.0,11022.0,0,active
11022.0,11023.0,0,idle
11023.0,11025.0,0,active
11025.0,11026.0,0,idle
11026.0,11028.0,0,active
11028.0,11029.0,0,idle
11029.0,11031.0,0,active
11031.0,11032.0,0,idle
11032.0,11034.0,0,active
11034.0,11035.0,0,idle
11035.0,11037.0,0,active
11037.0,11038.0,0,idle
11038.0,11040.0,0,active
11040.0,11041.0,0,idle
11041.0,11043.0,0,active
11043.0,11044.0,0,idle
11044.0,11046.0,0,active
11046.0,11047.0,0,idle
11047.0,11049.0,0,active
11049.0,11050.0,0,idle
11050.0,11052.0,0,active
11052.0,11053.0,0,idle
11053.0,11055.0,0,active
11055.0,11056.0,0,idle
11056.0,11058.0,0,active
11058.0,11059.0,0,idle
11059.0,11061.0,0,active
11061.0,11062.0,0,idle
11062.0,11064.0,0,active
11064.0,11065.0,0,idle
11065.0,11067.0,0,active
11067.0,11068.0,0,idle
11068.0,11070.0,0,active
11070.0,11071.0,0,idle
11071.0,11073.0,0,active
11073.0,11074.0,0,idle
11074.0,11076.0,0,active
11076.0,11077.0,0,idle
11077.0,11079.0,0,active
11079.0,11080.0,0,idle
11080.0,11082.0,0,active
11082.0,11083.0,0,idle
11083.0,11085.0,0,active
11085.0,11086.0,0,idle
11086.0,11088.0,0,active
11088.0,11089.0,0,idle
11089.0,11091.0,0,active
11091.0,11092.0,0,idle
11092.0,11094.0,0,active
11094.0,11095.0,0,idle
11095.0,11097.0,0,active
11097.0,11098.0,0,idle
11098.0,11100.0,0,active
11100.0,11101.0,0,idle
11101.0,11103.0,0,active
11103.0,11104.0,0,idle
11104.0,11106.0,0,active
11106.0,11107.0,0,idle
11107.0,11109.0,0,active
11109.0,11110.0,0,idle
11110.0,11112.0,0,active
11112.0,11113.0,0,idle
11113.0,11115.0,0,active
11115.0,11116.0,0,idle
11116.0,11118.0,0,active
11118.0,11119.0,0,idle
11119.0,11121.0,0,active
11121.0,11122.0,0,idle
11122.0,11124.0,0,active
11124.0,11125.0,0,idle
11125.0,11127.0,0,active
11127.0,11128.0,0,idle
11128.0,11130.0,0,active
11130.0,11131.0,0,idle
11131.0,11133.0,0,active
11133.0,11134.0,0,idle
11134.0,11136.0,0,active
11136.0,11137.0,0,idle
11137.0,11139.0,0,active
11139.0,11140.0,0,idle
11140.0,11142.0,0,active
11142.0,11143.0,0,idle
11143.0,11145.0,0,active
11145.0,11146.0,0,idle
11146.0,11148.0,0,active
11148.0,11149.0,0,idle
11149.0,11151.0,0,active
11151.0,11152.0,0,idle
11152.0,11154.0,0,active
11154.0,11155.0,0,idle
11155.0,11157.0,0,active
11157.0,11158.0,0,idle
11158.0,11160.0,0,active
11160.0,11161.0,0,idle
11161.0,11163.0,0,active
11163.0,11164.0,0,idle
11164.0,11166.0,0,active
11166.0,11167.0,0,idle
11167.0,11169.0,0,active
11169.0,11170.0,0,idle
11170.0,11172.0,0,active
11172.0,11173.0,0,idle
11173.0,11175.0,0,active
11175.0,11176.0,0,idle
11176.0,11178.0,0,active
11178.0,11179.0,0,idle
11179.0,11181.0,0,active
11181.0,11182.0,0,idle
11182.0,11184.0,0,active
11184.0,11185.0,0,idle
11185.0,11187.0,0,active
11187.0,11188.0,0,idle
11188.0,11190.0,0,active
11190.0,11191.0,0,idle
11191.0,11193.0,0,active
11193.0,11194.0,0,idle
11194.0,11196.0,0,active
11196.0,11197.0,0,idle
11197.0,11199.0,0,active
11199.0,11200.0,0,idle
11200.0,11202.0,0,active
11202.0,11203.0,0,idle
11203.0,11205.0,0,active
11205.0,11206.0,0,idle
11206.0,11208.0,0,active
11208.0,11209.0,0,idle
11209.0,11211.0,0,active
11211.0,11212.0,0,idle
11212.0,11214.0,0,active
11214.0,11215.0,0,idle
11215.0,11217.0,0,active
11217.0,11218.0,0,idle
11218.0,11220.0,0,active
11220.0,11221.0,0,idle
11221.0,11223.0,0,active
11223.0,11224.0,0,idle
11224.0,11226.0,0,active
11226.0,11227.0,0,idle
11227.0,11229.0,0,active
11229.0,11230.0,0,idle
11230.0,11232.0,0,active
11232.0,11233.0,0,idle
11233.0,11235.0,0,active
11235.0,11236.0,0,idle
11236.0,11238.0,0,active
11238.0,11239.0,0,idle
11239.0,11241.0,0,active
11241.0,11242.0,0,idle
11242.0,11244.0,0,active
11244.0,11245.0,0,idle
11245.0,11247.0,0,active
11247.0,11248.0,0,idle
11248.0,11250.0,0,active
11250.0,11251.0,0,idle
11251.0,11253.0,0,active
11253.0,11254.0,0,idle
11254.0,11256.0,0,active
11256.0,11257.0,0,idle
11257.0,11259.0,0,active
11259.0,11260.0,0,idle
11260.0,11262.0,0,active
11262.0,11263.0,0,idle
11263.0,11265.0,0,active
11265.0,11266.0,0,idle
11266.0,11268.0,0,active
11268.0,11269.0,0,idle
11269.0,11271.0,0,active
11271.0,11272.0,0,idle
11272.0,11274.0,0,active
11274.0,11275.0,0,idle
11275.0,11277.0,0,active
11277.0,11278.0,0,idle
11278.0,11280.0,0,active
11280.0,11281.0,0,idle
11281.0,11283.0,0,active
11283.0,11284.0,0,idle
11284.0,11286.0,0,active
11286.0,11287.0,0,idle
11287.0,11289.0,0,active
11289.0,11290.0,0,idle
11290.0,11292.0,0,active
11292.0,11293.0,0,idle
11293.0,11295.0,0,active
11295.0,11296.0,0,idle
11296.0,11298.0,0,active
11298.0,11299.0,0,idle
11299.0,11301.0,0,active
11301.0,11302.0,0,idle
11302.0,11304.0,0,active
11304.0,11305.0,0,idle
11305.0,11307.0,0,active
11307.0,11308.0,0,idle
11308.0,11310.0,0,active
11310.0,11311.0,0,idle
11311.0,11313.0,0,active
11313.0,11314.0,0,idle
11314.0,11316.0,0,active
11316.0,11317.0,0,idle
11317.0,11319.0,0,active
11319.0,11320.0,0,idle
11320.0,11322.0,0,active
11322.0,11323.0,0,idle
11323.0,11325.0,0,active
11325.0,11326.0,0,idle
11326.0,11328.0,0,active
11328.0,11329.0,0,idle
11329.0,11331.0,0,active
11331.0,11332.0,0,idle
11332.0,11334.0,0,active
11334.0,11335.0,0,idle
11335.0,11337.0,0,active
11337.0,11338.0,0,idle
11338.0,11340.0,0,active
11340.0,11341.0,0,idle
11341.0,11343.0,0,active
11343.0,11344.0,0,idle
11344.0,11346.0,0,active
11346.0,11347.0,0,idle
11347.0,11349.0,0,active
11349.0,11350.0,0,idle
11350.0,11352.0,0,active
11352.0,11353.0,0,idle
11353.0,11355.0,0,active
11355.0,11356.0,0,idle
11356.0,11358.0,0,active
11358.0,11359.0,0,idle
11359.0,11361.0,0,active
11361.0,11362.0,0,idle
11362.0,11364.0,0,active
11364.0,11365.0,0,idle
11365.0,11367.0,0,active
11367.0,11368.0,0,idle
11368.0,11370.0,0,active
11370.0,11371.0,0,idle
11371.0,11373.0,0,active
11373.0,11374.0,0,idle
11374.0,11376.0,0,active
11376.0,11377.0,0,idle
11377.0,11379.0,0,active
11379.0,11380.0,0,idle
11380.0,11382.0,0,active
11382.0,11383.0,0,idle
11383.0,11385.0,0,active
11385.0,11386.0,0,idle
11386.0,11388.0,0,active
11388.0,11389.0,0,idle
11389.0,11391.0,0,active
11391.0,11392.0,0,idle
11392.0,11394.0,0,active
11394.0,11395.0,0,idle
11395.0,11397.0,0,active
11397.0,11398.0,0,idle
11398.0,11400.0,0,active
11400.0,11401.0,0,idle
11401.0,11403.0,0,active
11403.0,11404.0,0,idle
11404.0,11406.0,0,active
11406.0,11407.0,0,idle
11407.0,11409.0,0,active
11409.0,11410.0,0,idle
11410.0,11412.0,0,active
11412.0,11413.0,0,idle
11413.0,11415.0,0,active
11415.0,11416.0,0,idle
11416.0,11418.0,0,active
11418.0,11419.0,0,idle
11419.0,11421.0,0,active
11421.0,11422.0,0,idle
11422.0,11424.0,0,active
11424.0,11425.0,0,idle
11425.0,11427.0,0,active
11427.0,11428.0,0,idle
11428.0,11430.0,0,active
11430.0,11431.0,0,idle
11431.0,11433.0,0,active
11433.0,11434.0,0,idle
11434.0,11436.0,0,active
11436.0,11437.0,0,idle
11437.0,11439.0,0,active
11439.0,11440.0,0,idle
11440.0,11442.0,0,active
11442.0,11443.0,0,idle
11443.0,11445.0,0,active
11445.0,11446.0,0,idle
11446.0,11448.0,0,active
11448.0,11449.0,0,idle
11449.0,11451.0,0,active
11451.0,11452.0,0,idle
11452.0,11454.0,0,active
11454.0,11455.0,0,idle
11455.0,11457.0,0,active
11457.0,11458.0,0,idle
11458.0,11460.0,0,active
11460.0,11461.0,0,idle
11461.0,11463.0,0,active
11463.0,11464.0,0,idle
11464.0,11466.0,0,active
11466.0,11467.0,0,idle
11467.0,11469.0,0,active
11469.0,11470.0,0,idle
11470.0,11472.0,0,active
11472.0,11473.0,0,idle
11473.0,11475.0,0,active
11475.0,11476.0,0,idle
11476.0,11478.0,0,active
11478.0,11479.0,0,idle
11479.0,11481.0,0,active
11481.0,11482.0,0,idle
11482.0,11484.0,0,active
11484.0,11485.0,0,idle
11485.0,11487.0,0,active
11487.0,11488.0,0,idle
11488.0,11490.0,0,active
11490.0,11491.0,0,idle
11491.0,11493.0,0,active
11493.0,11494.0,0,idle
11494.0,11496.0,0,active
11496.0,11497.0,0,idle
11497.0,11499.0,0,active
11499.0,11500.0,0,idle
11500.0,11502.0,0,active
11502.0,11503.0,0,idle
11503.0,11505.0,0,active
11505.0,11506.0,0,idle
11506.0,11508.0,0,active
11508.0,11509.0,0,idle
11509.0,11511.0,0,active
11511.0,11512.0,0,idle
11512.0,11514.0,0,active
11514.0,11515.0,0,idle
11515.0,11517.0,0,active
11517.0,11518.0,0,idle
11518.0,11520.0,0,active
11520.0,11521.0,0,idle
11521.0,11523.0,0,active
11523.0,11524.0,0,idle
11524.0,11526.0,0,active
11526.0,11527.0,0,idle
11527.0,11529.0,0,active
11529.0,11530.0,0,idle
11530.0,11532.0,0,active
11532.0,11533.0,0,idle
11533.0,11535.0,0,active
11535.0,11536.0,0,idle
11536.0,11538.0,0,active
11538.0,11539.0,0,idle
11539.0,11541.0,0,active
11541.0,11542.0,0,idle
11542.0,11544.0,0,active
11544.0,11545.0,0,idle
11545.0,11547.0,0,active
11547.0,11548.0,0,idle
11548.0,11550.0,0,active
11550.0,11551.0,0,idle
11551.0,11553.0,0,active
11553.0,11554.0,0,idle
11554.0,11556.0,0,active
11556.0,11557.0,0,idle
11557.0,11559.0,0,active
11559.0,11560.0,0,idle
11560.0,11562.0,0,active
11562.0,11563.0,0,idle
11563.0,11565.0,0,active
11565.0,11566.0,0,idle
11566.0,11568.0,0,active
11568.0,11569.0,0,idle
11569.0,11571.0,0,active
11571.0,11572.0,0,idle
11572.0,11574.0,0,active
11574.0,11575.0,0,idle
11575.0,11577.0,0,active
11577.0,11578.0,0,idle
11578.0,11580.0,0,active
11580.0,11581.0,0,idle
11581.0,11583.0,0,active
11583.0,11584.0,0,idle
11584.0,11586.0,0,active
11586.0,11587.0,0,idle
11587.0,11589.0,0,active
11589.0,11590.0,0,idle
11590.0,11592.0,0,active
11592.0,11593.0,0,idle
11593.0,11595.0,0,active
11595.0,11596.0,0,idle
11596.0,11598.0,0,active
11598.0,11599.0,0,idle
11599.0,11601.0,0,active
11601.0,11602.0,0,idle
11602.0,11604.0,0,active
11604.0,11605.0,0,idle
11605.0,11607.0,0,active
11607.0,11608.0,0,idle
11608.0,11610.0,0,active
11610.0,11611.0,0,idle
11611.0,11613.0,0,active
11613.0,11614.0,0,idle
11614.0,11616.0,0,active
11616.0,11617.0,0,idle
11617.0,11619.0,0,active
11619.0,11620.0,0,idle
11620.0,11622.0,0,active
11622.0,11623.0,0,idle
11623.0,11625.0,0,active
11625.0,11626.0,0,idle
11626.0,11628.0,0,active
11628.0,11629.0,0,idle
11629.0,11631.0,0,active
11631.0,11632.0,0,idle
11632.0,11634.0,0,active
11634.0,11635.0,0,idle
11635.0,11637.0,0,active
11637.0,11638.0,0,idle
11638.0,11640.0,0,active
11640.0,11641.0,0,idle
11641.0,11643.0,0,active
11643.0,11644.0,0,idle
11644.0,11646.0,0,active
11646.0,11647.0,0,idle
11647.0,11649.0,0,active
11649.0,11650.0,0,idle
11650.0,11652.0,0,active
11652.0,11653.0,0,idle
11653.0,11655.0,0,active
11655.0,11656.0,0,idle
11656.0,11658.0,0,active
11658.0,11659.0,0,idle
11659.0,11661.0,0,active
11661.0,11662.0,0,idle
11662.0,11664.0,0,active
11664.0,11665.0,0,idle
11665.0,11667.0,0,active
11667.0,11668.0,0,idle
11668.0,11670.0,0,active
11670.0,11671.0,0,idle
11671.0,11673.0,0,active
11673.0,11674.0,0,idle
11674.0,11676.0,0,active
11676.0,11677.0,0,idle
11677.0,11679.0,0,active
11679.0,11680.0,0,idle
11680.0,11682.0,0,active
11682.0,11683.0,0,idle
11683.0,11685.0,0,active
11685.0,11686.0,0,idle
11686.0,11688.0,0,active
11688.0,11689.0,0,idle
11689.0,11691.0,0,active
11691.0,11692.0,0,idle
11692.0,11694.0,0,active
11694.0,11695.0,0,idle
11695.0,11697.0,0,active
11697.0,11698.0,0,idle
11698.0,11700.0,0,active
11700.0,11701.0,0,idle
11701.0,11703.0,0,active
11703.0,11704.0,0,idle
11704.0,11706.0,0,active
11706.0,11707.0,0,idle
11707.0,11709.0,0,active
11709.0,11710.0,0,idle
11710.0,11712.0,0,active
11712.0,11713.0,0,idle
11713.0,11715.0,0,active
11715.0,11716.0,0,idle
11716.0,11718.0,0,active
11718.0,11719.0,0,idle
11719.0,11721.0,0,active
11721.0,11722.0,0,idle
11722.0,11724.0,0,active
11724.0,11725.0,0,idle
11725.0,11727.0,0,active
11727.0,11728.0,0,idle
11728.0,11730.0,0,active
11730.0,11731.0,0,idle
11731.0,11733.0,0,active
11733.0,11734.0,0,idle
11734.0,11736.0,0,active
11736.0,11737.0,0,idle
11737.0,11739.0,0,active
11739.0,11740.0,0,idle
11740.0,11742.0,0,active
11742.0,11743.0,0,idle
11743.0,11745.0,0,active
11745.0,11746.0,0,idle
11746.0,11748.0,0,active
11748.0,11749.0,0,idle
11749.0,11751.0,0,active
11751.0,11752.0,0,idle
11752.0,11754.0,0,active
11754.0,11755.0,0,idle
11755.0,11757.0,0,active
11757.0,11758.0,0,idle
11758.0,11760.0,0,active
11760.0,11761.0,0,idle
11761.0,11763.0,0,active
11763.0,11764.0,0,idle
11764.0,11766.0,0,active
11766.0,11767.0,0,idle
11767.0,11769.0,0,active
11769.0,11770.0,0,idle
11770.0,11772.0,0,active
11772.0,11773.0,0,idle
11773.0,11775.0,0,active
11775.0,11776.0,0,idle
11776.0,11778.0,0,active
11778.0,11779.0,0,idle
11779.0,11781.0,0,active
11781.0,11782.0,0,idle
11782.0,11784.0,0,active
11784.0,11785.0,0,idle
11785.0,11787.0,0,active
11787.0,11788.0,0,idle
11788.0,11790.0,0,active
11790.0,11791.0,0,idle
11791.0,11793.0,0,active
11793.0,11794.0,0,idle
11794.0,11796.0,0,active
11796.0,11797.0,0,idle
11797.0,11799.0,0,active
11799.0,11800.0,0,idle
11800.0,11802.0,0,active
11802.0,11803.0,0,idle
11803.0,11805.0,0,active
11805.0,11806.0,0,idle
11806.0,11808.0,0,active
11808.0,11809.0,0,idle
11809.0,11811.0,0,active
11811.0,11812.0,0,idle
11812.0,11814.0,0,active
11814.0,11815.0,0,idle
11815.0,11817.0,0,active
11817.0,11818.0,0,idle
11818.0,11820.0,0,active
11820.0,11821.0,0,idle
11821.0,11823.0,0,active
11823.0,11824.0,0,idle
11824.0,11826.0,0,active
11826.0,11827.0,0,idle
11827.0,11829.0,0,active
11829.0,11830.0,0,idle
11830.0,11832.0,0,active
11832.0,11833.0,0,idle
11833.0,11835.0,0,active
11835.0,11836.0,0,idle
11836.0,11838.0,0,active
11838.0,11839.0,0,idle
11839.0,11841.0,0,active
11841.0,11842.0,0,idle
11842.0,11844.0,0,active
11844.0,11845.0,0,idle
11845.0,11847.0,0,active
11847.0,11848.0,0,idle
11848.0,11850.0,0,active
11850.0,11851.0,0,idle
11851.0,11853.0,0,active
11853.0,11854.0,0,idle
11854.0,11856.0,0,active
11856.0,11857.0,0,idle
11857.0,11859.0,0,active
11859.0,11860.0,0,idle
11860.0,11862.0,0,active
11862.0,11863.0,0,idle
11863.0,11865.0,0,active
11865.0,11866.0,0,idle
11866.0,11868.0,0,active
11868.0,11869.0,0,idle
11869.0,11871.0,0,active
11871.0,11872.0,0,idle
11872.0,11874.0,0,active
11874.0,11875.0,0,idle
11875.0,11877.0,0,active
11877.0,11878.0,0,idle
11878.0,11880.0,0,active
11880.0,11881.0,0,idle
11881.0,11883.0,0,active
11883.0,11884.0,0,idle
11884.0,11886.0,0,active
11886.0,11887.0,0,idle
11887.0,11889.0,0,active
11889.0,11890.0,0,idle
11890.0,11892.0,0,active
11892.0,11893.0,0,idle
11893.0,11895.0,0,active
11895.0,11896.0,0,idle
11896.0,11898.0,0,active
11898.0,11899.0,0,idle
11899.0,11901.0,0,active
11901.0,11902.0,0,idle
11902.0,11904.0,0,active
11904.0,11905.0,0,idle
11905.0,11907.0,0,active
11907.0,11908.0,0,idle
11908.0,11910.0,0,active
11910.0,11911.0,0,idle
11911.0,11913.0,0,active
11913.0,11914.0,0,idle
11914.0,11916.0,0,active
11916.0,11917.0,0,idle
11917.0,11919.0,0,active
11919.0,11920.0,0,idle
11920.0,11922.0,0,active
11922.0,11923.0,0,idle
11923.0,11925.0,0,active
11925.0,11926.0,0,idle
11926.0,11928.0,0,active
11928.0,11929.0,0,idle
11929.0,11931.0,0,active
11931.0,11932.0,0,idle
11932.0,11934.0,0,active
11934.0,11935.0,0,idle
11935.0,11937.0,0,active
11937.0,11938.0,0,idle
11938.0,11940.0,0,active
11940.0,11941.0,0,idle
11941.0,11943.0,0,active
11943.0,11944.0,0,idle
11944.0,11946.0,0,active
11946.0,11947.0,0,idle
11947.0,11949.0,0,active
11949.0,11950.0,0,idle
11950.0,11952.0,0,active
11952.0,11953.0,0,idle
11953.0,11955.0,0,active
11955.0,11956.0,0,idle
11956.0,11958.0,0,active
11958.0,11959.0,0,idle
11959.0,11961.0,0,active
11961.0,11962.0,0,idle
11962.0,11964.0,0,active
11964.0,11965.0,0,idle
11965.0,11967.0,0,active
11967.0,11968.0,0,idle
11968.0,11970.0,0,active
11970.0,11971.0,0,idle
11971.0,11973.0,0,active
11973.0,11974.0,0,idle
11974.0,11976.0,0,active
11976.0,11977.0,0,idle
11977.0,11979.0,0,active
11979.0,11980.0,0,idle
11980.0,11982.0,0,active
11982.0,11983.0,0,idle
11983.0,11985.0,0,active
11985.0,11986.0,0,idle
11986.0,11988.0,0,active
11988.0,11989.0,0,idle
11989.0,11991.0,0,active
11991.0,11992.0,0,idle
11992.0,11994.0,0,active
11994.0,11995.0,0,idle
11995.0,11997.0,0,active
11997.0,11998.0,0,idle
11998.0,12000.0,0,active
12000.0,12001.0,0,idle
12001.0,12003.0,0,active
12003.0,12004.0,0,idle
12004.0,12006.0,0,active
12006.0,12007.0,0,idle
12007.0,12009.0,0,active
12009.0,12010.0,0,idle
12010.0,12012.0,0,active
12012.0,12013.0,0,idle
12013.0,12015.0,0,active
12015.0,12016.0,0,idle
12016.0,12018.0,0,active
12018.0,12019.0,0,idle
12019.0,12021.0,0,active
12021.0,12022.0,0,idle
12022.0,12024.0,0,active
12024.0,12025.0,0,idle
12025.0,12027.0,0,active
12027.0,12028.0,0,idle
12028.0,12030.0,0,active
12030.0,12031.0,0,idle
12031.0,12033.0,0,active
12033.0,12034.0,0,idle
12034.0,12036.0,0,active
12036.0,12037.0,0,idle
12037.0,12039.0,0,active
12039.0,12040.0,0,idle
12040.0,12042.0,0,active
12042.0,12043.0,0,idle
12043.0,12045.0,0,active
12045.0,12046.0,0,idle
12046.0,12048.0,0,active
12048.0,12049.0,0,idle
12049.0,12051.0,0,active
12051.0,12052.0,0,idle
12052.0,12054.0,0,active
12054.0,12055.0,0,idle
12055.0,12057.0,0,active
12057.0,12058.0,0,idle
12058.0,12060.0,0,active
12060.0,12061.0,0,idle
12061.0,12063.0,0,active
12063.0,12064.0,0,idle
12064.0,12066.0,0,active
12066.0,12067.0,0,idle
12067.0,12069.0,0,active
12069.0,12070.0,0,idle
12070.0,12072.0,0,active
12072.0,12073.0,0,idle
12073.0,12075.0,0,active
12075.0,12076.0,0,idle
12076.0,12078.0,0,active
12078.0,12079.0,0,idle
12079.0,12081.0,0,active
12081.0,12082.0,0,idle
12082.0,12084.0,0,active
12084.0,12085.0,0,idle
12085.0,12087.0,0,active
12087.0,12088.0,0,idle
12088.0,12090.0,0,active
12090.0,12091.0,0,idle
12091.0,12093.0,0,active
12093.0,12094.0,0,idle
12094.0,12096.0,0,active
12096.0,12097.0,0,idle
12097.0,12099.0,0,active
12099.0,12100.0,0,idle
12100.0,12102.0,0,active
12102.0,12103.0,0,idle
12103.0,12105.0,0,active
12105.0,12106.0,0,idle
12106.0,12108.0,0,active
12108.0,12109.0,0,idle
12109.0,12111.0,0,active
12111.0,12112.0,0,idle
12112.0,12114.0,0,active
12114.0,12115.0,0,idle
12115.0,12117.0,0,active
12117.0,12118.0,0,idle
12118.0,12120.0,0,active
12120.0,12121.0,0,idle
12121.0,12123.0,0,active
12123.0,12124.0,0,idle
12124.0,12126.0,0,active
12126.0,12127.0,0,idle
12127.0,12129.0,0,active
12129.0,12130.0,0,idle
12130.0,12132.0,0,active
12132.0,12133.0,0,idle
12133.0,12135.0,0,active
12135.0,12136.0,0,idle
12136.0,12138.0,0,active
12138.0,12139.0,0,idle
12139.0,12141.0,0,active
12141.0,12142.0,0,idle
12142.0,12144.0,0,active
12144.0,12145.0,0,idle
12145.0,12147.0,0,active
12147.0,12148.0,0,idle
12148.0,12150.0,0,active
12150.0,12151.0,0,idle
12151.0,12153.0,0,active
12153.0,12154.0,0,idle
12154.0,12156.0,0,active
12156.0,12157.0,0,idle
12157.0,12159.0,0,active
12159.0,12160.0,0,idle
12160.0,12162.0,0,active
12162.0,12163.0,0,idle
12163.0,12165.0,0,active
12165.0,12166.0,0,idle
12166.0,12168.0,0,active
12168.0,12169.0,0,idle
12169.0,12171.0,0,active
12171.0,12172.0,0,idle
12172.0,12174.0,0,active
12174.0,12175.0,0,idle
12175.0,12177.0,0,active
12177.0,12178.0,0,idle
12178.0,12180.0,0,active
12180.0,12181.0,0,idle
12181.0,12183.0,0,active
12183.0,12184.0,0,idle
12184.0,12186.0,0,active
12186.0,12187.0,0,idle
12187.0,12189.0,0,active
12189.0,12190.0,0,idle
12190.0,12192.0,0,active
12192.0,12193.0,0,idle
12193.0,12195.0,0,active
12195.0,12196.0,0,idle
12196.0,12198.0,0,active
12198.0,12199.0,0,idle
12199.0,12201.0,0,active
12201.0,12202.0,0,idle
12202.0,12204.0,0,active
12204.0,12205.0,0,idle
12205.0,12207.0,0,active
12207.0,12208.0,0,idle
12208.0,12210.0,0,active
12210.0,12211.0,0,idle
12211.0,12213.0,0,active
12213.0,12214.0,0,idle
12214.0,12216.0,0,active
12216.0,12217.0,0,idle
12217.0,12219.0,0,active
12219.0,12220.0,0,idle
12220.0,12222.0,0,active
12222.0,12223.0,0,idle
12223.0,12225.0,0,active
12225.0,12226.0,0,idle
12226.0,12228.0,0,active
12228.0,12229.0,0,idle
12229.0,12231.0,0,active
12231.0,12232.0,0,idle
12232.0,12234.0,0,active
12234.0,12235.0,0,idle
12235.0,12237.0,0,active
12237.0,12238.0,0,idle
12238.0,12240.0,0,active
12240.0,12241.0,0,idle
12241.0,12243.0,0,active
12243.0,12244.0,0,idle
12244.0,12246.0,0,active
12246.0,12247.0,0,idle
12247.0,12249.0,0,active
12249.0,12250.0,0,idle
12250.0,12252.0,0,active
12252.0,12253.0,0,idle
12253.0,12255.0,0,active
12255.0,12256.0,0,idle
12256.0,12258.0,0,active
12258.0,12259.0,0,idle
12259.0,12261.0,0,active
12261.0,12262.0,0,idle
12262.0,12264.0,0,active
12264.0,12265.0,0,idle
12265.0,12267.0,0,active
12267.0,12268.0,0,idle
12268.0,12270.0,0,active
12270.0,12271.0,0,idle
12271.0,12273.0,0,active
12273.0,12274.0,0,idle
12274.0,12276.0,0,active
12276.0,12277.0,0,idle
12277.0,12279.0,0,active
12279.0,12280.0,0,idle
12280.0,12282.0,0,active
12282.0,12283.0,0,idle
12283.0,12285.0,0,active
12285.0,12286.0,0,idle
12286.0,12288.0,0,active
12288.0,12289.0,0,idle
12289.0,12291.0,0,active
12291.0,12292.0,0,idle
12292.0,12294.0,0,active
12294.0,12295.0,0,idle
12295.0,12297.0,0,active
12297.0,12298.0,0,idle
12298.0,12300.0,0,active
12300.0,12301.0,0,idle
12301.0,12303.0,0,active
12303.0,12304.0,0,idle
12304.0,12306.0,0,active
12306.0,12307.0,0,idle
12307.0,12309.0,0,active
12309.0,12310.0,0,idle
12310.0,12312.0,0,active
12312.0,12313.0,0,idle
12313.0,12315.0,0,active
12315.0,12316.0,0,idle
12316.0,12318.0,0,active
12318.0,12319.0,0,idle
12319.0,12321.0,0,active
12321.0,12322.0,0,idle
12322.0,12324.0,0,active
12324.0,12325.0,0,idle
12325.0,12327.0,0,active
12327.0,12328.0,0,idle
12328.0,12330.0,0,active
12330.0,12331.0,0,idle
12331.0,12333.0,0,active
12333.0,12334.0,0,idle
12334.0,12336.0,0,active
12336.0,12337.0,0,idle
12337.0,12339.0,0,active
12339.0,12340.0,0,idle
12340.0,12342.0,0,active
12342.0,12343.0,0,idle
12343.0,12345.0,0,active
12345.0,12346.0,0,idle
12346.0,12348.0,0,active
12348.0,12349.0,0,idle
12349.0,12351.0,0,active
12351.0,12352.0,0,idle
12352.0,12354.0,0,active
12354.0,12355.0,0,idle
12355.0,12357.0,0,active
12357.0,12358.0,0,idle
12358.0,12360.0,0,active
12360.0,12361.0,0,idle
12361.0,12363.0,0,active
12363.0,12364.0,0,idle
12364.0,12366.0,0,active
12366.0,12367.0,0,idle
12367.0,12369.0,0,active
12369.0,12370.0,0,idle
12370.0,12372.0,0,active
12372.0,12373.0,0,idle
12373.0,12375.0,0,active
12375.0,12376.0,0,idle
12376.0,12378.0,0,active
12378.0,12379.0,0,idle
12379.0,12381.0,0,active
12381.0,12382.0,0,idle
12382.0,12384.0,0,active
12384.0,12385.0,0,idle
12385.0,12387.0,0,active
12387.0,12388.0,0,idle
12388.0,12390.0,0,active
12390.0,12391.0,0,idle
12391.0,12393.0,0,active
12393.0,12394.0,0,idle
12394.0,12396.0,0,active
12396.0,12397.0,0,idle
12397.0,12399.0,0,active
12399.0,12400.0,0,idle
12400.0,12402.0,0,active
12402.0,12403.0,0,idle
12403.0,12405.0,0,active
12405.0,12406.0,0,idle
12406.0,12408.0,0,active
12408.0,12409.0,0,idle
12409.0,12411.0,0,active
12411.0,12412.0,0,idle
12412.0,12414.0,0,active
12414.0,12415.0,0,idle
12415.0,12417.0,0,active
12417.0,12418.0,0,idle
12418.0,12420.0,0,active
12420.0,12421.0,0,idle
12421.0,12423.0,0,active
12423.0,12424.0,0,idle
12424.0,12426.0,0,active
12426.0,12427.0,0,idle
12427.0,12429.0,0,active
12429.0,12430.0,0,idle
12430.0,12432.0,0,active
12432.0,12433.0,0,idle
12433.0,12435.0,0,active
12435.0,12436.0,0,idle
12436.0,12438.0,0,active
12438.0,12439.0,0,idle
12439.0,12441.0,0,active
12441.0,12442.0,0,idle
12442.0,12444.0,0,active
12444.0,12445.0,0,idle
12445.0,12447.0,0,active
12447.0,12448.0,0,idle
12448.0,12450.0,0,active
12450.0,12451.0,0,idle
12451.0,12453.0,0,active
12453.0,12454.0,0,idle
12454.0,12456.0,0,active
12456.0,12457.0,0,idle
12457.0,12459.0,0,active
12459.0,12460.0,0,idle
12460.0,12462.0,0,active
12462.0,12463.0,0,idle
12463.0,12465.0,0,active
12465.0,12466.0,0,idle
12466.0,12468.0,0,active
12468.0,12469.0,0,idle
12469.0,12471.0,0,active
12471.0,12472.0,0,idle
12472.0,12474.0,0,active
12474.0,12475.0,0,idle
12475.0,12477.0,0,active
12477.0,12478.0,0,idle
12478.0,12480.0,0,active
12480.0,12481.0,0,idle
12481.0,12483.0,0,active
12483.0,12484.0,0,idle
12484.0,12486.0,0,active
12486.0,12487.0,0,idle
12487.0,12489.0,0,active
12489.0,12490.0,0,idle
12490.0,12492.0,0,active
12492.0,12493.0,0,idle
12493.0,12495.0,0,active
12495.0,12496.0,0,idle
12496.0,12498.0,0,active
12498.0,12499.0,0,idle
12499.0,12501.0,0,active
12501.0,12502.0,0,idle
12502.0,12504.0,0,active
12504.0,12505.0,0,idle
12505.0,12507.0,0,active
12507.0,12508.0,0,idle
12508.0,12510.0,0,active
12510.0,12511.0,0,idle
12511.0,12513.0,0,active
12513.0,12514.0,0,idle
12514.0,12516.0,0,active
12516.0,12517.0,0,idle
12517.0,12519.0,0,active
12519.0,12520.0,0,idle
12520.0,12522.0,0,active
12522.0,12523.0,0,idle
12523.0,12525.0,0,active
12525.0,12526.0,0,idle
12526.0,12528.0,0,active
12528.0,12529.0,0,idle
12529.0,12531.0,0,active
12531.0,12532.0,0,idle
12532.0,12534.0,0,active
12534.0,12535.0,0,idle
12535.0,12537.0,0,active
12537.0,12538.0,0,idle
12538.0,12540.0,0,active
12540.0,12541.0,0,idle
12541.0,12543.0,0,active
12543.0,12544.0,0,idle
12544.0,12546.0,0,active
12546.0,12547.0,0,idle
12547.0,12549.0,0,active
12549.0,12550.0,0,idle
12550.0,12552.0,0,active
12552.0,12553.0,0,idle
12553.0,12555.0,0,active
12555.0,12556.0,0,idle
12556.0,12558.0,0,active
12558.0,12559.0,0,idle
12559.0,12561.0,0,active
12561.0,12562.0,0,idle
12562.0,12564.0,0,active
12564.0,12565.0,0,idle
12565.0,12567.0,0,active
12567.0,12568.0,0,idle
12568.0,12570.0,0,active
12570.0,12571.0,0,idle
12571.0,12573.0,0,active
12573.0,12574.0,0,idle
12574.0,12576.0,0,active
12576.0,12577.0,0,idle
12577.0,12579.0,0,active
12579.0,12580.0,0,idle
12580.0,12582.0,0,active
12582.0,12583.0,0,idle
12583.0,12585.0,0,active
12585.0,12586.0,0,idle
12586.0,12588.0,0,active
12588.0,12589.0,0,idle
12589.0,12591.0,0,active
12591.0,12592.0,0,idle
12592.0,12594.0,0,active
12594.0,12595.0,0,idle
12595.0,12597.0,0,active
12597.0,12598.0,0,idle
12598.0,12600.0,0,active
12600.0,12601.0,0,idle
12601.0,12603.0,0,active
12603.0,12604.0,0,idle
12604.0,12606.0,0,active
12606.0,12607.0,0,idle
12607.0,12609.0,0,active
12609.0,12610.0,0,idle
12610.0,12612.0,0,active
12612.0,12613.0,0,idle
12613.0,12615.0,0,active
12615.0,12616.0,0,idle
12616.0,12618.0,0,active
12618.0,12619.0,0,idle
12619.0,12621.0,0,active
12621.0,12622.0,0,idle
12622.0,12624.0,0,active
12624.0,12625.0,0,idle
12625.0,12627.0,0,active
12627.0,12628.0,0,idle
12628.0,12630.0,0,active
12630.0,12631.0,0,idle
12631.0,12633.0,0,active
12633.0,12634.0,0,idle
12634.0,12636.0,0,active
12636.0,12637.0,0,idle
12637.0,12639.0,0,active
12639.0,12640.0,0,idle
12640.0,12642.0,0,active
12642.0,12643.0,0,idle
12643.0,12645.0,0,active
12645.0,12646.0,0,idle
12646.0,12648.0,0,active
12648.0,12649.0,0,idle
12649.0,12651.0,0,active
12651.0,12652.0,0,idle
12652.0,12654.0,0,active
12654.0,12655.0,0,idle
12655.0,12657.0,0,active
12657.0,12658.0,0,idle
12658.0,12660.0,0,active
12660.0,12661.0,0,idle
12661.0,12663.0,0,active
12663.0,12664.0,0,idle
12664.0,12666.0,0,active
12666.0,12667.0,0,idle
12667.0,12669.0,0,active
12669.0,12670.0,0,idle
12670.0,12672.0,0,active
12672.0,12673.0,0,idle
12673.0,12675.0,0,active
12675.0,12676.0,0,idle
12676.0,12678.0,0,active
12678.0,12679.0,0,idle
12679.0,12681.0,0,active
12681.0,12682.0,0,idle
12682.0,12684.0,0,active
12684.0,12685.0,0,idle
12685.0,12687.0,0,active
12687.0,12688.0,0,idle
12688.0,12690.0,0,active
12690.0,12691.0,0,idle
12691.0,12693.0,0,active
12693.0,12694.0,0,idle
12694.0,12696.0,0,active
12696.0,12697.0,0,idle
12697.0,12699.0,0,active
12699.0,12700.0,0,idle
12700.0,12702.0,0,active
12702.0,12703.0,0,idle
12703.0,12705.0,0,active
12705.0,12706.0,0,idle
12706.0,12708.0,0,active
12708.0,12709.0,0,idle
12709.0,12711.0,0,active
12711.0,12712.0,0,idle
12712.0,12714.0,0,active
12714.0,12715.0,0,idle
12715.0,12717.0,0,active
12717.0,12718.0,0,idle
12718.0,12720.0,0,active
12720.0,12721.0,0,idle
12721.0,12723.0,0,active
12723.0,12724.0,0,idle
12724.0,12726.0,0,active
12726.0,12727.0,0,idle
12727.0,12729.0,0,active
12729.0,12730.0,0,idle
12730.0,12732.0,0,active
12732.0,12733.0,0,idle
12733.0,12735.0,0,active
12735.0,12736.0,0,idle
12736.0,12738.0,0,active
12738.0,12739.0,0,idle
12739.0,12741.0,0,active
12741.0,12742.0,0,idle
12742.0,12744.0,0,active
12744.0,12745.0,0,idle
12745.0,12747.0,0,active
12747.0,12748.0,0,idle
12748.0,12750.0,0,active
12750.0,12751.0,0,idle
12751.0,12753.0,0,active
12753.0,12754.0,0,idle
12754.0,12756.0,0,active
12756.0,12757.0,0,idle
12757.0,12759.0,0,active
12759.0,12760.0,0,idle
12760.0,12762.0,0,active
12762.0,12763.0,0,idle
12763.0,12765.0,0,active
12765.0,12766.0,0,idle
12766.0,12768.0,0,active
12768.0,12769.0,0,idle
12769.0,12771.0,0,active
12771.0,12772.0,0,idle
12772.0,12774.0,0,active
12774.0,12775.0,0,idle
12775.0,12777.0,0,active
12777.0,12778.0,0,idle
12778.0,12780.0,0,active
12780.0,12781.0,0,idle
12781.0,12783.0,0,active
12783.0,12784.0,0,idle
12784.0,12786.0,0,active
12786.0,12787.0,0,idle
12787.0,12789.0,0,active
12789.0,12790.0,0,idle
12790.0,12792.0,0,active
12792.0,12793.0,0,idle
12793.0,12795.0,0,active
12795.0,12796.0,0,idle
12796.0,12798.0,0,active
12798.0,12799.0,0,idle
12799.0,12801.0,0,active
12801.0,12802.0,0,idle
12802.0,12804.0,0,active
12804.0,12805.0,0,idle
12805.0,12807.0,0,active
12807.0,12808.0,0,idle
12808.0,12810.0,0,active
12810.0,12811.0,0,idle
12811.0,12813.0,0,active
12813.0,12814.0,0,idle
12814.0,12816.0,0,active
12816.0,12817.0,0,idle
12817.0,12819.0,0,active
12819.0,12820.0,0,idle
12820.0,12822.0,0,active
12822.0,12823.0,0,idle
12823.0,12825.0,0,active
12825.0,12826.0,0,idle
12826.0,12828.0,0,active
12828.0,12829.0,0,idle
12829.0,12831.0,0,active
12831.0,12832.0,0,idle
12832.0,12834.0,0,active
12834.0,12835.0,0,idle
12835.0,12837.0,0,active
12837.0,12838.0,0,idle
12838.0,12840.0,0,active
12840.0,12841.0,0,idle
12841.0,12843.0,0,active
12843.0,12844.0,0,idle
12844.0,12846.0,0,active
12846.0,12847.0,0,idle
12847.0,12849.0,0,active
12849.0,12850.0,0,idle
12850.0,12852.0,0,active
12852.0,12853.0,0,idle
12853.0,12855.0,0,active
12855.0,12856.0,0,idle
12856.0,12858.0,0,active
12858.0,12859.0,0,idle
12859.0,12861.0,0,active
12861.0,12862.0,0,idle
12862.0,12864.0,0,active
12864.0,12865.0,0,idle
12865.0,12867.0,0,active
12867.0,12868.0,0,idle
12868.0,12870.0,0,active
12870.0,12871.0,0,idle
12871.0,12873.0,0,active
12873.0,12874.0,0,idle
12874.0,12876.0,0,active
12876.0,12877.0,0,idle
12877.0,12879.0,0,active
12879.0,12880.0,0,idle
12880.0,12882.0,0,active
12882.0,12883.0,0,idle
12883.0,12885.0,0,active
12885.0,12886.0,0,idle
12886.0,12888.0,0,active
12888.0,12889.0,0,idle
12889.0,12891.0,0,active
12891.0,12892.0,0,idle
12892.0,12894.0,0,active
12894.0,12895.0,0,idle
12895.0,12897.0,0,active
12897.0,12898.0,0,idle
12898.0,12900.0,0,active
12900.0,12901.0,0,idle
12901.0,12903.0,0,active
12903.0,12904.0,0,idle
12904.0,12906.0,0,active
12906.0,12907.0,0,idle
12907.0,12909.0,0,active
12909.0,12910.0,0,idle
12910.0,12912.0,0,active
12912.0,12913.0,0,idle
12913.0,12915.0,0,active
12915.0,12916.0,0,idle
12916.0,12918.0,0,active
12918.0,12919.0,0,idle
12919.0,12921.0,0,active
12921.0,12922.0,0,idle
12922.0,12924.0,0,active
12924.0,12925.0,0,idle
12925.0,12927.0,0,active
12927.0,12928.0,0,idle
12928.0,12930.0,0,active
12930.0,12931.0,0,idle
12931.0,12933.0,0,active
12933.0,12934.0,0,idle
12934.0,12936.0,0,active
12936.0,12937.0,0,idle
12937.0,12939.0,0,active
12939.0,12940.0,0,idle
12940.0,12942.0,0,active
12942.0,12943.0,0,idle
12943.0,12945.0,0,active
12945.0,12946.0,0,idle
12946.0,12948.0,0,active
12948.0,12949.0,0,idle
12949.0,12951.0,0,active
12951.0,12952.0,0,idle
12952.0,12954.0,0,active
12954.0,12955.0,0,idle
12955.0,12957.0,0,active
12957.0,12958.0,0,idle
12958.0,12960.0,0,active
12960.0,12961.0,0,idle
12961.0,12963.0,0,active
12963.0,12964.0,0,idle
12964.0,12966.0,0,active
12966.0,12967.0,0,idle
12967.0,12969.0,0,active
12969.0,12970.0,0,idle
12970.0,12972.0,0,active
12972.0,12973.0,0,idle
12973.0,12975.0,0,active
12975.0,12976.0,0,idle
12976.0,12978.0,0,active
12978.0,12979.0,0,idle
12979.0,12981.0,0,active
12981.0,12982.0,0,idle
12982.0,12984.0,0,active
12984.0,12985.0,0,idle
12985.0,12987.0,0,active
12987.0,12988.0,0,idle
12988.0,12990.0,0,active
12990.0,12991.0,0,idle
12991.0,12993.0,0,active
12993.0,12994.0,0,idle
12994.0,12996.0,0,active
12996.0,12997.0,0,idle
12997.0,12999.0,0,active
12999.0,13000.0,0,idle
13000.0,13002.0,0,active
13002.0,13003.0,0,idle
13003.0,13005.0,0,active
13005.0,13006.0,0,idle
13006.0,13008.0,0,active
13008.0,13009.0,0,idle
13009.0,13011.0,0,active
13011.0,13012.0,0,idle
13012.0,13014.0,0,active
13014.0,13015.0,0,idle
13015.0,13017.0,0,active
13017.0,13018.0,0,idle
13018.0,13020.0,0,active
13020.0,13021.0,0,idle
13021.0,13023.0,0,active
13023.0,13024.0,0,idle
13024.0,13026.0,0,active
13026.0,13027.0,0,idle
13027.0,13029.0,0,active
13029.0,13030.0,0,idle
13030.0,13032.0,0,active
13032.0,13033.0,0,idle
13033.0,13035.0,0,active
13035.0,13036.0,0,idle
13036.0,13038.0,0,active
13038.0,13039.0,0,idle
13039.0,13041.0,0,active
13041.0,13042.0,0,idle
13042.0,13044.0,0,active
13044.0,13045.0,0,idle
13045.0,13047.0,0,active
13047.0,13048.0,0,idle
13048.0,13050.0,0,active
13050.0,13051.0,0,idle
13051.0,13053.0,0,active
13053.0,13054.0,0,idle
13054.0,13056.0,0,active
13056.0,13057.0,0,idle
13057.0,13059.0,0,active
13059.0,13060.0,0,idle
13060.0,13062.0,0,active
13062.0,13063.0,0,idle
13063.0,13065.0,0,active
13065.0,13066.0,0,idle
13066.0,13068.0,0,active
13068.0,13069.0,0,idle
13069.0,13071.0,0,active
13071.0,13072.0,0,idle
13072.0,13074.0,0,active
13074.0,13075.0,0,idle
13075.0,13077.0,0,active
13077.0,13078.0,0,idle
13078.0,13080.0,0,active
13080.0,13081.0,0,idle
13081.0,13083.0,0,active
13083.0,13084.0,0,idle
13084.0,13086.0,0,active
13086.0,13087.0,0,idle
13087.0,13089.0,0,active
13089.0,13090.0,0,idle
13090.0,13092.0,0,active
13092.0,13093.0,0,idle
13093.0,13095.0,0,active
13095.0,13096.0,0,idle
13096.0,13098.0,0,active
13098.0,13099.0,0,idle
13099.0,13101.0,0,active
13101.0,13102.0,0,idle
13102.0,13104.0,0,active
13104.0,13105.0,0,idle
13105.0,13107.0,0,active
13107.0,13108.0,0,idle
13108.0,13110.0,0,active
13110.0,13111.0,0,idle
13111.0,13113.0,0,active
13113.0,13114.0,0,idle
13114.0,13116.0,0,active
13116.0,13117.0,0,idle
13117.0,13119.0,0,active
13119.0,13120.0,0,idle
13120.0,13122.0,0,active
13122.0,13123.0,0,idle
13123.0,13125.0,0,active
13125.0,13126.0,0,idle
13126.0,13128.0,0,active
13128.0,13129.0,0,idle
13129.0,13131.0,0,active
13131.0,13132.0,0,idle
13132.0,13134.0,0,active
13134.0,13135.0,0,idle
13135.0,13137.0,0,active
13137.0,13138.0,0,idle
13138.0,13140.0,0,active
13140.0,13141.0,0,idle
13141.0,13143.0,0,active
13143.0,13144.0,0,idle
13144.0,13146.0,0,active
13146.0,13147.0,0,idle
13147.0,13149.0,0,active
13149.0,13150.0,0,idle
13150.0,13152.0,0,active
13152.0,13153.0,0,idle
13153.0,13155.0,0,active
13155.0,13156.0,0,idle
13156.0,13158.0,0,active
13158.0,13159.0,0,idle
13159.0,13161.0,0,active
13161.0,13162.0,0,idle
13162.0,13164.0,0,active
13164.0,13165.0,0,idle
13165.0,13167.0,0,active
13167.0,13168.0,0,idle
13168.0,13170.0,0,active
13170.0,13171.0,0,idle
13171.0,13173.0,0,active
13173.0,13174.0,0,idle
13174.0,13176.0,0,active
13176.0,13177.0,0,idle
13177.0,13179.0,0,active
13179.0,13180.0,0,idle
13180.0,13182.0,0,active
13182.0,13183.0,0,idle
13183.0,13185.0,0,active
13185.0,13186.0,0,idle
13186.0,13188.0,0,active
13188.0,13189.0,0,idle
13189.0,13191.0,0,active
13191.0,13192.0,0,idle
13192.0,13194.0,0,active
13194.0,13195.0,0,idle
13195.0,13197.0,0,active
13197.0,13198.0,0,idle
13198.0,13200.0,0,active
13200.0,13201.0,0,idle
13201.0,13203.0,0,active
13203.0,13204.0,0,idle
13204.0,13206.0,0,active
13206.0,13207.0,0,idle
13207.0,13209.0,0,active
13209.0,13210.0,0,idle
13210.0,13212.0,0,active
13212.0,13213.0,0,idle
13213.0,13215.0,0,active
13215.0,13216.0,0,idle
13216.0,13218.0,0,active
13218.0,13219.0,0,idle
13219.0,13221.0,0,active
13221.0,13222.0,0,idle
13222.0,13224.0,0,active
13224.0,13225.0,0,idle
13225.0,13227.0,0,active
13227.0,13228.0,0,idle
13228.0,13230.0,0,active
13230.0,13231.0,0,idle
13231.0,13233.0,0,active
13233.0,13234.0,0,idle
13234.0,13236.0,0,active
13236.0,13237.0,0,idle
13237.0,13239.0,0,active
13239.0,13240.0,0,idle
13240.0,13242.0,0,active
13242.0,13243.0,0,idle
13243.0,13245.0,0,active
13245.0,13246.0,0,idle
13246.0,13248.0,0,active
13248.0,13249.0,0,idle
13249.0,13251.0,0,active
13251.0,13252.0,0,idle
13252.0,13254.0,0,active
13254.0,13255.0,0,idle
13255.0,13257.0,0,active
13257.0,13258.0,0,idle
13258.0,13260.0,0,active
13260.0,13261.0,0,idle
13261.0,13263.0,0,active
13263.0,13264.0,0,idle
13264.0,13266.0,0,active
13266.0,13267.0,0,idle
13267.0,13269.0,0,active
13269.0,13270.0,0,idle
13270.0,13272.0,0,active
13272.0,13273.0,0,idle
13273.0,13275.0,0,active
13275.0,13276.0,0,idle
13276.0,13278.0,0,active
13278.0,13279.0,0,idle
13279.0,13281.0,0,active
13281.0,13282.0,0,idle
13282.0,13284.0,0,active
13284.0,13285.0,0,idle
13285.0,13287.0,0,active
13287.0,13288.0,0,idle
13288.0,13290.0,0,active
13290.0,13291.0,0,idle
13291.0,13293.0,0,active
13293.0,13294.0,0,idle
13294.0,13296.0,0,active
13296.0,13297.0,0,idle
13297.0,13299.0,0,active
13299.0,13300.0,0,idle
13300.0,13302.0,0,active
13302.0,13303.0,0,idle
13303.0,13305.0,0,active
13305.0,13306.0,0,idle
13306.0,13308.0,0,active
13308.0,13309.0,0,idle
13309.0,13311.0,0,active
13311.0,13312.0,0,idle
13312.0,13314.0,0,active
13314.0,13315.0,0,idle
13315.0,13317.0,0,active
13317.0,13318.0,0,idle
13318.0,13320.0,0,active
13320.0,13321.0,0,idle
13321.0,13323.0,0,active
13323.0,13324.0,0,idle
13324.0,13326.0,0,active
13326.0,13327.0,0,idle
13327.0,13329.0,0,active
13329.0,13330.0,0,idle
13330.0,13332.0,0,active
13332.0,13333.0,0,idle
13333.0,13335.0,0,active
13335.0,13336.0,0,idle
13336.0,13338.0,0,active
13338.0,13339.0,0,idle
13339.0,13341.0,0,active
13341.0,13342.0,0,idle
13342.0,13344.0,0,active
13344.0,13345.0,0,idle
13345.0,13347.0,0,active
13347.0,13348.0,0,idle
13348.0,13350.0,0,active
13350.0,13351.0,0,idle
13351.0,13353.0,0,active
13353.0,13354.0,0,idle
13354.0,13356.0,0,active
13356.0,13357.0,0,idle
13357.0,13359.0,0,active
13359.0,13360.0,0,idle
13360.0,13362.0,0,active
13362.0,13363.0,0,idle
13363.0,13365.0,0,active
13365.0,13366.0,0,idle
13366.0,13368.0,0,active
13368.0,13369.0,0,idle
13369.0,13371.0,0,active
13371.0,13372.0,0,idle
13372.0,13374.0,0,active
13374.0,13375.0,0,idle
13375.0,13377.0,0,active
13377.0,13378.0,0,idle
13378.0,13380.0,0,active
13380.0,13381.0,0,idle
13381.0,13383.0,0,active
13383.0,13384.0,0,idle
13384.0,13386.0,0,active
13386.0,13387.0,0,idle
13387.0,13389.0,0,active
13389.0,13390.0,0,idle
13390.0,13392.0,0,active
13392.0,13393.0,0,idle
13393.0,13395.0,0,active
13395.0,13396.0,0,idle
13396.0,13398.0,0,active
13398.0,13399.0,0,idle
13399.0,13401.0,0,active
13401.0,13402.0,0,idle
13402.0,13404.0,0,active
13404.0,13405.0,0,idle
13405.0,13407.0,0,active
13407.0,13408.0,0,idle
13408.0,13410.0,0,active
13410.0,13411.0,0,idle
13411.0,13413.0,0,active
13413.0,13414.0,0,idle
13414.0,13416.0,0,active
13416.0,13417.0,0,idle
13417.0,13419.0,0,active
13419.0,13420.0,0,idle
13420.0,13422.0,0,active
13422.0,13423.0,0,idle
13423.0,13425.0,0,active
13425.0,13426.0,0,idle
13426.0,13428.0,0,active
13428.0,13429.0,0,idle
13429.0,13431.0,0,active
13431.0,13432.0,0,idle
13432.0,13434.0,0,active
13434.0,13435.0,0,idle
13435.0,13437.0,0,active
13437.0,13438.0,0,idle
13438.0,13440.0,0,active
13440.0,13441.0,0,idle
13441.0,13443.0,0,active
13443.0,13444.0,0,idle
13444.0,13446.0,0,active
13446.0,13447.0,0,idle
13447.0,13449.0,0,active
13449.0,13450.0,0,idle
13450.0,13452.0,0,active
13452.0,13453.0,0,idle
13453.0,13455.0,0,active
13455.0,13456.0,0,idle
13456.0,13458.0,0,active
13458.0,13459.0,0,idle
13459.0,13461.0,0,active
13461.0,13462.0,0,idle
13462.0,13464.0,0,active
13464.0,13465.0,0,idle
13465.0,13467.0,0,active
13467.0,13468.0,0,idle
13468.0,13470.0,0,active
13470.0,13471.0,0,idle
13471.0,13473.0,0,active
13473.0,13474.0,0,idle
13474.0,13476.0,0,active
13476.0,13477.0,0,idle
13477.0,13479.0,0,active
13479.0,13480.0,0,idle
13480.0,13482.0,0,active
13482.0,13483.0,0,idle
13483.0,13485.0,0,active
13485.0,13486.0,0,idle
13486.0,13488.0,0,active
13488.0,13489.0,0,idle
13489.0,13491.0,0,active
13491.0,13492.0,0,idle
13492.0,13494.0,0,active
13494.0,13495.0,0,idle
13495.0,13497.0,0,active
13497.0,13498.0,0,idle
13498.0,13500.0,0,active
13500.0,13501.0,0,idle
13501.0,13503.0,0,active
13503.0,13504.0,0,idle
13504.0,13506.0,0,active
13506.0,13507.0,0,idle
13507.0,13509.0,0,active
13509.0,13510.0,0,idle
13510.0,13512.0,0,active
13512.0,13513.0,0,idle
13513.0,13515.0,0,active
13515.0,13516.0,0,idle
13516.0,13518.0,0,active
13518.0,13519.0,0,idle
13519.0,13521.0,0,active
13521.0,13522.0,0,idle
13522.0,13524.0,0,active
13524.0,13525.0,0,idle
13525.0,13527.0,0,active
13527.0,13528.0,0,idle
13528.0,13530.0,0,active
13530.0,13531.0,0,idle
13531.0,13533.0,0,active
13533.0,13534.0,0,idle
13534.0,13536.0,0,active
13536.0,13537.0,0,idle
13537.0,13539.0,0,active
13539.0,13540.0,0,idle
13540.0,13542.0,0,active
13542.0,13543.0,0,idle
13543.0,13545.0,0,active
13545.0,13546.0,0,idle
13546.0,13548.0,0,active
13548.0,13549.0,0,idle
13549.0,13551.0,0,active
13551.0,13552.0,0,idle
13552.0,13554.0,0,active
13554.0,13555.0,0,idle
13555.0,13557.0,0,active
13557.0,13558.0,0,idle
13558.0,13560.0,0,active
13560.0,13561.0,0,idle
13561.0,13563.0,0,active
13563.0,13564.0,0,idle
13564.0,13566.0,0,active
13566.0,13567.0,0,idle
13567.0,13569.0,0,active
13569.0,13570.0,0,idle
13570.0,13572.0,0,active
13572.0,13573.0,0,idle
13573.0,13575.0,0,active
13575.0,13576.0,0,idle
13576.0,13578.0,0,active
13578.0,13579.0,0,idle
13579.0,13581.0,0,active
13581.0,13582.0,0,idle
13582.0,13584.0,0,active
13584.0,13585.0,0,idle
13585.0,13587.0,0,active
13587.0,13588.0,0,idle
13588.0,13590.0,0,active
13590.0,13591.0,0,idle
13591.0,13593.0,0,active
13593.0,13594.0,0,idle
13594.0,13596.0,0,active
13596.0,13597.0,0,idle
13597.0,13599.0,0,active
13599.0,13600.0,0,idle
13600.0,13602.0,0,active
13602.0,13603.0,0,idle
13603.0,13605.0,0,active
13605.0,13606.0,0,idle
13606.0,13608.0,0,active
13608.0,13609.0,0,idle
13609.0,13611.0,0,active
13611.0,13612.0,0,idle
13612.0,13614.0,0,active
13614.0,13615.0,0,idle
13615.0,13617.0,0,active
13617.0,13618.0,0,idle
13618.0,13620.0,0,active
13620.0,13621.0,0,idle
13621.0,13623.0,0,active
13623.0,13624.0,0,idle
13624.0,13626.0,0,active
13626.0,13627.0,0,idle
13627.0,13629.0,0,active
13629.0,13630.0,0,idle
13630.0,13632.0,0,active
13632.0,13633.0,0,idle
13633.0,13635.0,0,active
13635.0,13636.0,0,idle
13636.0,13638.0,0,active
13638.0,13639.0,0,idle
13639.0,13641.0,0,active
13641.0,13642.0,0,idle
13642.0,13644.0,0,active
13644.0,13645.0,0,idle
13645.0,13647.0,0,active
13647.0,13648.0,0,idle
13648.0,13650.0,0,active
13650.0,13651.0,0,idle
13651.0,13653.0,0,active
13653.0,13654.0,0,idle
13654.0,13656.0,0,active
13656.0,13657.0,0,idle
13657.0,13659.0,0,active
13659.0,13660.0,0,idle
13660.0,13662.0,0,active
13662.0,13663.0,0,idle
13663.0,13665.0,0,active
13665.0,13666.0,0,idle
13666.0,13668.0,0,active
13668.0,13669.0,0,idle
13669.0,13671.0,0,active
13671.0,13672.0,0,idle
13672.0,13674.0,0,active
13674.0,13675.0,0,idle
13675.0,13677.0,0,active
13677.0,13678.0,0,idle
13678.0,13680.0,0,active
13680.0,13681.0,0,idle
13681.0,13683.0,0,active
13683.0,13684.0,0,idle
13684.0,13686.0,0,active
13686.0,13687.0,0,idle
13687.0,13689.0,0,active
13689.0,13690.0,0,idle
13690.0,13692.0,0,active
13692.0,13693.0,0,idle
13693.0,13695.0,0,active
13695.0,13696.0,0,idle
13696.0,13698.0,0,active
13698.0,13699.0,0,idle
13699.0,13701.0,0,active
13701.0,13702.0,0,idle
13702.0,13704.0,0,active
13704.0,13705.0,0,idle
13705.0,13707.0,0,active
13707.0,13708.0,0,idle
13708.0,13710.0,0,active
13710.0,13711.0,0,idle
13711.0,13713.0,0,active
13713.0,13714.0,0,idle
13714.0,13716.0,0,active
13716.0,13717.0,0,idle
13717.0,13719.0,0,active
13719.0,13720.0,0,idle
13720.0,13722.0,0,active
13722.0,13723.0,0,idle
13723.0,13725.0,0,active
13725.0,13726.0,0,idle
13726.0,13728.0,0,active
13728.0,13729.0,0,idle
13729.0,13731.0,0,active
13731.0,13732.0,0,idle
13732.0,13734.0,0,active
13734.0,13735.0,0,idle
13735.0,13737.0,0,active
13737.0,13738.0,0,idle
13738.0,13740.0,0,active
13740.0,13741.0,0,idle
13741.0,13743.0,0,active
13743.0,13744.0,0,idle
13744.0,13746.0,0,active
13746.0,13747.0,0,idle
13747.0,13749.0,0,active
13749.0,13750.0,0,idle
13750.0,13752.0,0,active
13752.0,13753.0,0,idle
13753.0,13755.0,0,active
13755.0,13756.0,0,idle
13756.0,13758.0,0,active
13758.0,13759.0,0,idle
13759.0,13761.0,0,active
13761.0,13762.0,0,idle
13762.0,13764.0,0,active
13764.0,13765.0,0,idle
13765.0,13767.0,0,active
13767.0,13768.0,0,idle
13768.0,13770.0,0,active
13770.0,13771.0,0,idle
13771.0,13773.0,0,active
13773.0,13774.0,0,idle
13774.0,13776.0,0,active
13776.0,13777.0,0,idle
13777.0,13779.0,0,active
13779.0,13780.0,0,idle
13780.0,13782.0,0,active
13782.0,13783.0,0,idle
13783.0,13785.0,0,active
13785.0,13786.0,0,idle
13786.0,13788.0,0,active
13788.0,13789.0,0,idle
13789.0,13791.0,0,active
13791.0,13792.0,0,idle
13792.0,13794.0,0,active
13794.0,13795.0,0,idle
13795.0,13797.0,0,active
13797.0,13798.0,0,idle
13798.0,13800.0,0,active
13800.0,13801.0,0,idle
13801.0,13803.0,0,active
13803.0,13804.0,0,idle
13804.0,13806.0,0,active
13806.0,13807.0,0,idle
13807.0,13809.0,0,active
13809.0,13810.0,0,idle
13810.0,13812.0,0,active
13812.0,13813.0,0,idle
13813.0,13815.0,0,active
13815.0,13816.0,0,idle
13816.0,13818.0,0,active
13818.0,13819.0,0,idle
13819.0,13821.0,0,active
13821.0,13822.0,0,idle
13822.0,13824.0,0,active
13824.0,13825.0,0,idle
13825.0,13827.0,0,active
13827.0,13828.0,0,idle
13828.0,13830.0,0,active
13830.0,13831.0,0,idle
13831.0,13833.0,0,active
13833.0,13834.0,0,idle
13834.0,13836.0,0,active
13836.0,13837.0,0,idle
13837.0,13839.0,0,active
13839.0,13840.0,0,idle
13840.0,13842.0,0,active
13842.0,13843.0,0,idle
13843.0,13845.0,0,active
13845.0,13846.0,0,idle
13846.0,13848.0,0,active
13848.0,13849.0,0,idle
13849.0,13851.0,0,active
13851.0,13852.0,0,idle
13852.0,13854.0,0,active
13854.0,13855.0,0,idle
13855.0,13857.0,0,active
13857.0,13858.0,0,idle
13858.0,13860.0,0,active
13860.0,13861.0,0,idle
13861.0,13863.0,0,active
13863.0,13864.0,0,idle
13864.0,13866.0,0,active
13866.0,13867.0,0,idle
13867.0,13869.0,0,active
13869.0,13870.0,0,idle
13870.0,13872.0,0,active
13872.0,13873.0,0,idle
13873.0,13875.0,0,active
13875.0,13876.0,0,idle
13876.0,13878.0,0,active
13878.0,13879.0,0,idle
13879.0,13881.0,0,active
13881.0,13882.0,0,idle
13882.0,13884.0,0,active
13884.0,13885.0,0,idle
13885.0,13887.0,0,active
13887.0,13888.0,0,idle
13888.0,13890.0,0,active
13890.0,13891.0,0,idle
13891.0,13893.0,0,active
13893.0,13894.0,0,idle
13894.0,13896.0,0,active
13896.0,13897.0,0,idle
13897.0,13899.0,0,active
13899.0,13900.0,0,idle
13900.0,13902.0,0,active
13902.0,13903.0,0,idle
13903.0,13905.0,0,active
13905.0,13906.0,0,idle
13906.0,13908.0,0,active
13908.0,13909.0,0,idle
13909.0,13911.0,0,active
13911.0,13912.0,0,idle
13912.0,13914.0,0,active
13914.0,13915.0,0,idle
13915.0,13917.0,0,active
13917.0,13918.0,0,idle
13918.0,13920.0,0,active
13920.0,13921.0,0,idle
13921.0,13923.0,0,active
13923.0,13924.0,0,idle
13924.0,13926.0,0,active
13926.0,13927.0,0,idle
13927.0,13929.0,0,active
13929.0,13930.0,0,idle
13930.0,13932.0,0,active
13932.0,13933.0,0,idle
13933.0,13935.0,0,active
13935.0,13936.0,0,idle
13936.0,13938.0,0,active
13938.0,13939.0,0,idle
13939.0,13941.0,0,active
13941.0,13942.0,0,idle
13942.0,13944.0,0,active
13944.0,13945.0,0,idle
13945.0,13947.0,0,active
13947.0,13948.0,0,idle
13948.0,13950.0,0,active
13950.0,13951.0,0,idle
13951.0,13953.0,0,active
13953.0,13954.0,0,idle
13954.0,13956.0,0,active
13956.0,13957.0,0,idle
13957.0,13959.0,0,active
13959.0,13960.0,0,idle
13960.0,13962.0,0,active
13962.0,13963.0,0,idle
13963.0,13965.0,0,active
13965.0,13966.0,0,idle
13966.0,13968.0,0,active
13968.0,13969.0,0,idle
13969.0,13971.0,0,active
13971.0,13972.0,0,idle
13972.0,13974.0,0,active
13974.0,13975.0,0,idle
13975.0,13977.0,0,active
13977.0,13978.0,0,idle
13978.0,13980.0,0,active
13980.0,13981.0,0,idle
13981.0,13983.0,0,active
13983.0,13984.0,0,idle
13984.0,13986.0,0,active
13986.0,13987.0,0,idle
13987.0,13989.0,0,active
13989.0,13990.0,0,idle
13990.0,13992.0,0,active
13992.0,13993.0,0,idle
13993.0,13995.0,0,active
13995.0,13996.0,0,idle
13996.0,13998.0,0,active
13998.0,13999.0,0,idle
13999.0,14001.0,0,active
14001.0,14002.0,0,idle
14002.0,14004.0,0,active
14004.0,14005.0,0,idle
14005.0,14007.0,0,active
14007.0,14008.0,0,idle
14008.0,14010.0,0,active
14010.0,14011.0,0,idle
14011.0,14013.0,0,active
14013.0,14014.0,0,idle
14014.0,14016.0,0,active
14016.0,14017.0,0,idle
14017.0,14019.0,0,active
14019.0,14020.0,0,idle
14020.0,14022.0,0,active
14022.0,14023.0,0,idle
14023.0,14025.0,0,active
14025.0,14026.0,0,idle
14026.0,14028.0,0,active
14028.0,14029.0,0,idle
14029.0,14031.0,0,active
14031.0,14032.0,0,idle
14032.0,14034.0,0,active
14034.0,14035.0,0,idle
14035.0,14037.0,0,active
14037.0,14038.0,0,idle
14038.0,14040.0,0,active
14040.0,14041.0,0,idle
14041.0,14043.0,0,active
14043.0,14044.0,0,idle
14044.0,14046.0,0,active
14046.0,14047.0,0,idle
14047.0,14049.0,0,active
14049.0,14050.0,0,idle
14050.0,14052.0,0,active
14052.0,14053.0,0,idle
14053.0,14055.0,0,active
14055.0,14056.0,0,idle
14056.0,14058.0,0,active
14058.0,14059.0,0,idle
14059.0,14061.0,0,active
14061.0,14062.0,0,idle
14062.0,14064.0,0,active
14064.0,14065.0,0,idle
14065.0,14067.0,0,active
14067.0,14068.0,0,idle
14068.0,14070.0,0,active
14070.0,14071.0,0,idle
14071.0,14073.0,0,active
14073.0,14074.0,0,idle
14074.0,14076.0,0,active
14076.0,14077.0,0,idle
14077.0,14079.0,0,active
14079.0,14080.0,0,idle
14080.0,14082.0,0,active
14082.0,14083.0,0,idle
14083.0,14085.0,0,active
14085.0,14086.0,0,idle
14086.0,14088.0,0,active
14088.0,14089.0,0,idle
14089.0,14091.0,0,active
14091.0,14092.0,0,idle
14092.0,14094.0,0,active
14094.0,14095.0,0,idle
14095.0,14097.0,0,active
14097.0,14098.0,0,idle
14098.0,14100.0,0,active
14100.0,14101.0,0,idle
14101.0,14103.0,0,active
14103.0,14104.0,0,idle
14104.0,14106.0,0,active
14106.0,14107.0,0,idle
14107.0,14109.0,0,active
14109.0,14110.0,0,idle
14110.0,14112.0,0,active
14112.0,14113.0,0,idle
14113.0,14115.0,0,active
14115.0,14116.0,0,idle
14116.0,14118.0,0,active
14118.0,14119.0,0,idle
14119.0,14121.0,0,active
14121.0,14122.0,0,idle
14122.0,14124.0,0,active
14124.0,14125.0,0,idle
14125.0,14127.0,0,active
14127.0,14128.0,0,idle
14128.0,14130.0,0,active
14130.0,14131.0,0,idle
14131.0,14133.0,0,active
14133.0,14134.0,0,idle
14134.0,14136.0,0,active
14136.0,14137.0,0,idle
14137.0,14139.0,0,active
14139.0,14140.0,0,idle
14140.0,14142.0,0,active
14142.0,14143.0,0,idle
14143.0,14145.0,0,active
14145.0,14146.0,0,idle
14146.0,14148.0,0,active
14148.0,14149.0,0,idle
14149.0,14151.0,0,active
14151.0,14152.0,0,idle
14152.0,14154.0,0,active
14154.0,14155.0,0,idle
14155.0,14157.0,0,active
14157.0,14158.0,0,idle
14158.0,14160.0,0,active
14160.0,14161.0,0,idle
14161.0,14163.0,0,active
14163.0,14164.0,0,idle
14164.0,14166.0,0,active
14166.0,14167.0,0,idle
14167.0,14169.0,0,active
14169.0,14170.0,0,idle
14170.0,14172.0,0,active
14172.0,14173.0,0,idle
14173.0,14175.0,0,active
14175.0,14176.0,0,idle
14176.0,14178.0,0,active
14178.0,14179.0,0,idle
14179.0,14181.0,0,active
14181.0,14182.0,0,idle
14182.0,14184.0,0,active
14184.0,14185.0,0,idle
14185.0,14187.0,0,active
14187.0,14188.0,0,idle
14188.0,14190.0,0,active
14190.0,14191.0,0,idle
14191.0,14193.0,0,active
14193.0,14194.0,0,idle
14194.0,14196.0,0,active
14196.0,14197.0,0,idle
14197.0,14199.0,0,active
14199.0,14200.0,0,idle
14200.0,14202.0,0,active
14202.0,14203.0,0,idle
14203.0,14205.0,0,active
14205.0,14206.0,0,idle
14206.0,14208.0,0,active
14208.0,14209.0,0,idle
14209.0,14211.0,0,active
14211.0,14212.0,0,idle
14212.0,14214.0,0,active
14214.0,14215.0,0,idle
14215.0,14217.0,0,active
14217.0,14218.0,0,idle
14218.0,14220.0,0,active
14220.0,14221.0,0,idle
14221.0,14223.0,0,active
14223.0,14224.0,0,idle
14224.0,14226.0,0,active
14226.0,14227.0,0,idle
14227.0,14229.0,0,active
14229.0,14230.0,0,idle
14230.0,14232.0,0,active
14232.0,14233.0,0,idle
14233.0,14235.0,0,active
14235.0,14236.0,0,idle
14236.0,14238.0,0,active
14238.0,14239.0,0,idle
14239.0,14241.0,0,active
14241.0,14242.0,0,idle
14242.0,14244.0,0,active
14244.0,14245.0,0,idle
14245.0,14247.0,0,active
14247.0,14248.0,0,idle
14248.0,14250.0,0,active
14250.0,14251.0,0,idle
14251.0,14253.0,0,active
14253.0,14254.0,0,idle
14254.0,14256.0,0,active
14256.0,14257.0,0,idle
14257.0,14259.0,0,active
14259.0,14260.0,0,idle
14260.0,14262.0,0,active
14262.0,14263.0,0,idle
14263.0,14265.0,0,active
14265.0,14266.0,0,idle
14266.0,14268.0,0,active
14268.0,14269.0,0,idle
14269.0,14271.0,0,active
14271.0,14272.0,0,idle
14272.0,14274.0,0,active
14274.0,14275.0,0,idle
14275.0,14277.0,0,active
14277.0,14278.0,0,idle
14278.0,14280.0,0,active
14280.0,14281.0,0,idle
14281.0,14283.0,0,active
14283.0,14284.0,0,idle
14284.0,14286.0,0,active
14286.0,14287.0,0,idle
14287.0,14289.0,0,active
14289.0,14290.0,0,idle
14290.0,14292.0,0,active
14292.0,14293.0,0,idle
14293.0,14295.0,0,active
14295.0,14296.0,0,idle
14296.0,14298.0,0,active
14298.0,14299.0,0,idle
14299.0,14301.0,0,active
14301.0,14302.0,0,idle
14302.0,14304.0,0,active
14304.0,14305.0,0,idle
14305.0,14307.0,0,active
14307.0,14308.0,0,idle
14308.0,14310.0,0,active
14310.0,14311.0,0,idle
14311.0,14313.0,0,active
14313.0,14314.0,0,idle
14314.0,14316.0,0,active
14316.0,14317.0,0,idle
14317.0,14319.0,0,active
14319.0,14320.0,0,idle
14320.0,14322.0,0,active
14322.0,14323.0,0,idle
14323.0,14325.0,0,active
14325.0,14326.0,0,idle
14326.0,14328.0,0,active
14328.0,14329.0,0,idle
14329.0,14331.0,0,active
14331.0,14332.0,0,idle
14332.0,14334.0,0,active
14334.0,14335.0,0,idle
14335.0,14337.0,0,active
14337.0,14338.0,0,idle
14338.0,14340.0,0,active
14340.0,14341.0,0,idle
14341.0,14343.0,0,active
14343.0,14344.0,0,idle
14344.0,14346.0,0,active
14346.0,14347.0,0,idle
14347.0,14349.0,0,active
14349.0,14350.0,0,idle
14350.0,14352.0,0,active
14352.0,14353.0,0,idle
14353.0,14355.0,0,active
14355.0,14356.0,0,idle
14356.0,14358.0,0,active
14358.0,14359.0,0,idle
14359.0,14361.0,0,active
14361.0,14362.0,0,idle
14362.0,14364.0,0,active
14364.0,14365.0,0,idle
14365.0,14367.0,0,active
14367.0,14368.0,0,idle
14368.0,14370.0,0,active
14370.0,14371.0,0,idle
14371.0,14373.0,0,active
14373.0,14374.0,0,idle
14374.0,14376.0,0,active
14376.0,14377.0,0,idle
14377.0,14379.0,0,active
14379.0,14380.0,0,idle
14380.0,14382.0,0,active
14382.0,14383.0,0,idle
14383.0,14385.0,0,active
14385.0,14386.0,0,idle
14386.0,14388.0,0,active
14388.0,14389.0,0,idle
14389.0,14391.0,0,active
14391.0,14392.0,0,idle
14392.0,14394.0,0,active
14394.0,14395.0,0,idle
14395.0,14397.0,0,active
14397.0,14398.0,0,idle
14398.0,14400.0,0,active
14400.0,14401.0,0,idle
14401.0,14403.0,0,active
14403.0,14404.0,0,idle
14404.0,14406.0,0,active
14406.0,14407.0,0,idle
14407.0,14409.0,0,active
14409.0,14410.0,0,idle
14410.0,14412.0,0,active
14412.0,14413.0,0,idle
14413.0,14415.0,0,active
14415.0,14416.0,0,idle
14416.0,14418.0,0,active
14418.0,14419.0,0,idle
14419.0,14421.0,0,active
14421.0,14422.0,0,idle
14422.0,14424.0,0,active
14424.0,14425.0,0,idle
14425.0,14427.0,0,active
14427.0,14428.0,0,idle
14428.0,14430.0,0,active
14430.0,14431.0,0,idle
14431.0,14433.0,0,active
14433.0,14434.0,0,idle
14434.0,14436.0,0,active
14436.0,14437.0,0,idle
14437.0,14439.0,0,active
14439.0,14440.0,0,idle
14440.0,14442.0,0,active
14442.0,14443.0,0,idle
14443.0,14445.0,0,active
14445.0,14446.0,0,idle
14446.0,14448.0,0,active
14448.0,14449.0,0,idle
14449.0,14451.0,0,active
14451.0,14452.0,0,idle
14452.0,14454.0,0,active
14454.0,14455.0,0,idle
14455.0,14457.0,0,active
14457.0,14458.0,0,idle
14458.0,14460.0,0,active
14460.0,14461.0,0,idle
14461.0,14463.0,0,active
14463.0,14464.0,0,idle
14464.0,14466.0,0,active
14466.0,14467.0,0,idle
14467.0,14469.0,0,active
14469.0,14470.0,0,idle
14470.0,14472.0,0,active
14472.0,14473.0,0,idle
14473.0,14475.0,0,active
14475.0,14476.0,0,idle
14476.0,14478.0,0,active
14478.0,14479.0,0,idle
14479.0,14481.0,0,active
14481.0,14482.0,0,idle
14482.0,14484.0,0,active
14484.0,14485.0,0,idle
14485.0,14487.0,0,active
14487.0,14488.0,0,idle
14488.0,14490.0,0,active
14490.0,14491.0,0,idle
14491.0,14493.0,0,active
14493.0,14494.0,0,idle
14494.0,14496.0,0,active
14496.0,14497.0,0,idle
14497.0,14499.0,0,active
14499.0,14500.0,0,idle
14500.0,14502.0,0,active
14502.0,14503.0,0,idle
14503.0,14505.0,0,active
14505.0,14506.0,0,idle
14506.0,14508.0,0,active
14508.0,14509.0,0,idle
14509.0,14511.0,0,active
14511.0,14512.0,0,idle
14512.0,14514.0,0,active
14514.0,14515.0,0,idle
14515.0,14517.0,0,active
14517.0,14518.0,0,idle
14518.0,14520.0,0,active
14520.0,14521.0,0,idle
14521.0,14523.0,0,active
14523.0,14524.0,0,idle
14524.0,14526.0,0,active
14526.0,14527.0,0,idle
14527.0,14529.0,0,active
14529.0,14530.0,0,idle
14530.0,14532.0,0,active
14532.0,14533.0,0,idle
14533.0,14535.0,0,active
14535.0,14536.0,0,idle
14536.0,14538.0,0,active
14538.0,14539.0,0,idle
14539.0,14541.0,0,active
14541.0,14542.0,0,idle
14542.0,14544.0,0,active
14544.0,14545.0,0,idle
14545.0,14547.0,0,active
14547.0,14548.0,0,idle
14548.0,14550.0,0,active
14550.0,14551.0,0,idle
14551.0,14553.0,0,active
14553.0,14554.0,0,idle
14554.0,14556.0,0,active
14556.0,14557.0,0,idle
14557.0,14559.0,0,active
14559.0,14560.0,0,idle
14560.0,14562.0,0,active
14562.0,14563.0,0,idle
14563.0,14565.0,0,active
14565.0,14566.0,0,idle
14566.0,14568.0,0,active
14568.0,14569.0,0,idle
14569.0,14571.0,0,active
14571.0,14572.0,0,idle
14572.0,14574.0,0,active
14574.0,14575.0,0,idle
14575.0,14577.0,0,active
14577.0,14578.0,0,idle
14578.0,14580.0,0,active
14580.0,14581.0,0,idle
14581.0,14583.0,0,active
14583.0,14584.0,0,idle
14584.0,14586.0,0,active
14586.0,14587.0,0,idle
14587.0,14589.0,0,active
14589.0,14590.0,0,idle
14590.0,14592.0,0,active
14592.0,14593.0,0,idle
14593.0,14595.0,0,active
14595.0,14596.0,0,idle
14596.0,14598.0,0,active
14598.0,14599.0,0,idle
14599.0,14601.0,0,active
14601.0,14602.0,0,idle
14602.0,14604.0,0,active
14604.0,14605.0,0,idle
14605.0,14607.0,0,active
14607.0,14608.0,0,idle
14608.0,14610.0,0,active
14610.0,14611.0,0,idle
14611.0,14613.0,0,active
14613.0,14614.0,0,idle
14614.0,14616.0,0,active
14616.0,14617.0,0,idle
14617.0,14619.0,0,active
14619.0,14620.0,0,idle
14620.0,14622.0,0,active
14622.0,14623.0,0,idle
14623.0,14625.0,0,active
14625.0,14626.0,0,idle
14626.0,14628.0,0,active
14628.0,14629.0,0,idle
14629.0,14631.0,0,active
14631.0,14632.0,0,idle
14632.0,14634.0,0,active
14634.0,14635.0,0,idle
14635.0,14637.0,0,active
14637.0,14638.0,0,idle
14638.0,14640.0,0,active
14640.0,14641.0,0,idle
14641.0,14643.0,0,active
14643.0,14644.0,0,idle
14644.0,14646.0,0,active
14646.0,14647.0,0,idle
14647.0,14649.0,0,active
14649.0,14650.0,0,idle
14650.0,14652.0,0,active
14652.0,14653.0,0,idle
14653.0,14655.0,0,active
14655.0,14656.0,0,idle
14656.0,14658.0,0,active
14658.0,14659.0,0,idle
14659.0,14661.0,0,active
14661.0,14662.0,0,idle
14662.0,14664.0,0,active
14664.0,14665.0,0,idle
14665.0,14667.0,0,active
14667.0,14668.0,0,idle
14668.0,14670.0,0,active
14670.0,14671.0,0,idle
14671.0,14673.0,0,active
14673.0,14674.0,0,idle
14674.0,14676.0,0,active
14676.0,14677.0,0,idle
14677.0,14679.0,0,active
14679.0,14680.0,0,idle
14680.0,14682.0,0,active
14682.0,14683.0,0,idle
14683.0,14685.0,0,active
14685.0,14686.0,0,idle
14686.0,14688.0,0,active
14688.0,14689.0,0,idle
14689.0,14691.0,0,active
14691.0,14692.0,0,idle
14692.0,14694.0,0,active
14694.0,14695.0,0,idle
14695.0,14697.0,0,active
14697.0,14698.0,0,idle
14698.0,14700.0,0,active
14700.0,14701.0,0,idle
14701.0,14703.0,0,active
14703.0,14704.0,0,idle
14704.0,14706.0,0,active
14706.0,14707.0,0,idle
14707.0,14709.0,0,active
14709.0,14710.0,0,idle
14710.0,14712.0,0,active
14712.0,14713.0,0,idle
14713.0,14715.0,0,active
14715.0,14716.0,0,idle
14716.0,14718.0,0,active
14718.0,14719.0,0,idle
14719.0,14721.0,0,active
14721.0,14722.0,0,idle
14722.0,14724.0,0,active
14724.0,14725.0,0,idle
14725.0,14727.0,0,active
14727.0,14728.0,0,idle
14728.0,14730.0,0,active
14730.0,14731.0,0,idle
14731.0,14733.0,0,active
14733.0,14734.0,0,idle
14734.0,14736.0,0,active
14736.0,14737.0,0,idle
14737.0,14739.0,0,active
14739.0,14740.0,0,idle
14740.0,14742.0,0,active
14742.0,14743.0,0,idle
14743.0,14745.0,0,active
14745.0,14746.0,0,idle
14746.0,14748.0,0,active
14748.0,14749.0,0,idle
14749.0,14751.0,0,active
14751.0,14752.0,0,idle
14752.0,14754.0,0,active
14754.0,14755.0,0,idle
14755.0,14757.0,0,active
14757.0,14758.0,0,idle
14758.0,14760.0,0,active
14760.0,14761.0,0,idle
14761.0,14763.0,0,active
14763.0,14764.0,0,idle
14764.0,14766.0,0,active
14766.0,14767.0,0,idle
14767.0,14769.0,0,active
14769.0,14770.0,0,idle
14770.0,14772.0,0,active
14772.0,14773.0,0,idle
14773.0,14775.0,0,active
14775.0,14776.0,0,idle
14776.0,14778.0,0,active
14778.0,14779.0,0,idle
14779.0,14781.0,0,active
14781.0,14782.0,0,idle
14782.0,14784.0,0,active
14784.0,14785.0,0,idle
14785.0,14787.0,0,active
14787.0,14788.0,0,idle
14788.0,14790.0,0,active
14790.0,14791.0,0,idle
14791.0,14793.0,0,active
14793.0,14794.0,0,idle
14794.0,14796.0,0,active
14796.0,14797.0,0,idle
14797.0,14799.0,0,active
14799.0,14800.0,0,idle
14800.0,14802.0,0,active
14802.0,14803.0,0,idle
14803.0,14805.0,0,active
14805.0,14806.0,0,idle
14806.0,14808.0,0,active
14808.0,14809.0,0,idle
14809.0,14811.0,0,active
14811.0,14812.0,0,idle
14812.0,14814.0,0,active
14814.0,14815.0,0,idle
14815.0,14817.0,0,active
14817.0,14818.0,0,idle
14818.0,14820.0,0,active
14820.0,14821.0,0,idle
14821.0,14823.0,0,active
14823.0,14824.0,0,idle
14824.0,14826.0,0,active
14826.0,14827.0,0,idle
14827.0,14829.0,0,active
14829.0,14830.0,0,idle
14830.0,14832.0,0,active
14832.0,14833.0,0,idle
14833.0,14835.0,0,active
14835.0,14836.0,0,idle
14836.0,14838.0,0,active
14838.0,14839.0,0,idle
14839.0,14841.0,0,active
14841.0,14842.0,0,idle
14842.0,14844.0,0,active
14844.0,14845.0,0,idle
14845.0,14847.0,0,active
14847.0,14848.0,0,idle
14848.0,14850.0,0,active
14850.0,14851.0,0,idle
14851.0,14853.0,0,active
14853.0,14854.0,0,idle
14854.0,14856.0,0,active
14856.0,14857.0,0,idle
14857.0,14859.0,0,active
14859.0,14860.0,0,idle
14860.0,14862.0,0,active
14862.0,14863.0,0,idle
14863.0,14865.0,0,active
14865.0,14866.0,0,idle
14866.0,14868.0,0,active
14868.0,14869.0,0,idle
14869.0,14871.0,0,active
14871.0,14872.0,0,idle
14872.0,14874.0,0,active
14874.0,14875.0,0,idle
14875.0,14877.0,0,active
14877.0,14878.0,0,idle
14878.0,14880.0,0,active
14880.0,14881.0,0,idle
14881.0,14883.0,0,active
14883.0,14884.0,0,idle
14884.0,14886.0,0,active
14886.0,14887.0,0,idle
14887.0,14889.0,0,active
14889.0,14890.0,0,idle
14890.0,14892.0,0,active
14892.0,14893.0,0,idle
14893.0,14895.0,0,active
14895.0,14896.0,0,idle
14896.0,14898.0,0,active
14898.0,14899.0,0,idle
14899.0,14901.0,0,active
14901.0,14902.0,0,idle
14902.0,14904.0,0,active
14904.0,14905.0,0,idle
14905.0,14907.0,0,active
14907.0,14908.0,0,idle
14908.0,14910.0,0,active
14910.0,14911.0,0,idle
14911.0,14913.0,0,active
14913.0,14914.0,0,idle
14914.0,14916.0,0,active
14916.0,14917.0,0,idle
14917.0,14919.0,0,active
14919.0,14920.0,0,idle
14920.0,14922.0,0,active
14922.0,14923.0,0,idle
14923.0,14925.0,0,active
14925.0,14926.0,0,idle
14926.0,14928.0,0,active
14928.0,14929.0,0,idle
14929.0,14931.0,0,active
14931.0,14932.0,0,idle
14932.0,14934.0,0,active
14934.0,14935.0,0,idle
14935.0,14937.0,0,active
14937.0,14938.0,0,idle
14938.0,14940.0,0,active
14940.0,14941.0,0,idle
14941.0,14943.0,0,active
14943.0,14944.0,0,idle
14944.0,14946.0,0,active
14946.0,14947.0,0,idle
14947.0,14949.0,0,active
14949.0,14950.0,0,idle
14950.0,14952.0,0,active
14952.0,14953.0,0,idle
14953.0,14955.0,0,active
14955.0,14956.0,0,idle
14956.0,14958.0,0,active
14958.0,14959.0,0,idle
14959.0,14961.0,0,active
14961.0,14962.0,0,idle
14962.0,14964.0,0,active
14964.0,14965.0,0,idle
14965.0,14967.0,0,active
14967.0,14968.0,0,idle
14968.0,14970.0,0,active
14970.0,14971.0,0,idle
14971.0,14973.0,0,active
14973.0,14974.0,0,idle
14974.0,14976.0,0,active
14976.0,14977.0,0,idle
14977.0,14979.0,0,active
14979.0,14980.0,0,idle
14980.0,14982.0,0,active
14982.0,14983.0,0,idle
14983.0,14985.0,0,active
14985.0,14986.0,0,idle
14986.0,14988.0,0,active
14988.0,14989.0,0,idle
14989.0,14991.0,0,active
14991.0,14992.0,0,idle
14992.0,14994.0,0,active
14994.0,14995.0,0,idle
14995.0,14997.0,0,active
14997.0,14998.0,0,idle
14998.0,15000.0,0,active
15000.0,15001.0,0,idle
15001.0,15003.0,0,active
15003.0,15004.0,0,idle
15004.0,15006.0,0,active
15006.0,15007.0,0,idle
15007.0,15009.0,0,active
15009.0,15010.0,0,idle
15010.0,15012.0,0,active
15012.0,15013.0,0,idle
15013.0,15015.0,0,active
15015.0,15016.0,0,idle
15016.0,15018.0,0,active
15018.0,15019.0,0,idle
15019.0,15021.0,0,active
15021.0,15022.0,0,idle
15022.0,15024.0,0,active
15024.0,15025.0,0,idle
15025.0,15027.0,0,active
15027.0,15028.0,0,idle
15028.0,15030.0,0,active
15030.0,15031.0,0,idle
15031.0,15033.0,0,active
15033.0,15034.0,0,idle
15034.0,15036.0,0,active
15036.0,15037.0,0,idle
15037.0,15039.0,0,active
15039.0,15040.0,0,idle
15040.0,15042.0,0,active
15042.0,15043.0,0,idle
15043.0,15045.0,0,active
15045.0,15046.0,0,idle
15046.0,15048.0,0,active
15048.0,15049.0,0,idle
15049.0,15051.0,0,active
15051.0,15052.0,0,idle
15052.0,15054.0,0,active
15054.0,15055.0,0,idle
15055.0,15057.0,0,active
15057.0,15058.0,0,idle
15058.0,15060.0,0,active
15060.0,15061.0,0,idle
15061.0,15063.0,0,active
15063.0,15064.0,0,idle
15064.0,15066.0,0,active
15066.0,15067.0,0,idle
15067.0,15069.0,0,active
15069.0,15070.0,0,idle
15070.0,15072.0,0,active
15072.0,15073.0,0,idle
15073.0,15075.0,0,active
15075.0,15076.0,0,idle
15076.0,15078.0,0,active
15078.0,15079.0,0,idle
15079.0,15081.0,0,active
15081.0,15082.0,0,idle
15082.0,15084.0,0,active
15084.0,15085.0,0,idle
15085.0,15087.0,0,active
15087.0,15088.0,0,idle
15088.0,15090.0,0,active
15090.0,15091.0,0,idle
15091.0,15093.0,0,active
15093.0,15094.0,0,idle
15094.0,15096.0,0,active
15096.0,15097.0,0,idle
15097.0,15099.0,0,active
15099.0,15100.0,0,idle
15100.0,15102.0,0,active
15102.0,15103.0,0,idle
15103.0,15105.0,0,active
15105.0,15106.0,0,idle
15106.0,15108.0,0,active
15108.0,15109.0,0,idle
15109.0,15111.0,0,active
15111.0,15112.0,0,idle
15112.0,15114.0,0,active
15114.0,15115.0,0,idle
15115.0,15117.0,0,active
15117.0,15118.0,0,idle
15118.0,15120.0,0,active
15120.0,15121.0,0,idle
15121.0,15123.0,0,active
15123.0,15124.0,0,idle
15124.0,15126.0,0,active
15126.0,15127.0,0,idle
15127.0,15129.0,0,active
15129.0,15130.0,0,idle
15130.0,15132.0,0,active
15132.0,15133.0,0,idle
15133.0,15135.0,0,active
15135.0,15136.0,0,idle
15136.0,15138.0,0,active
15138.0,15139.0,0,idle
15139.0,15141.0,0,active
15141.0,15142.0,0,idle
15142.0,15144.0,0,active
15144.0,15145.0,0,idle
15145.0,15147.0,0,active
15147.0,15148.0,0,idle
15148.0,15150.0,0,active
15150.0,15151.0,0,idle
15151.0,15153.0,0,active
15153.0,15154.0,0,idle
15154.0,15156.0,0,active
15156.0,15157.0,0,idle
15157.0,15159.0,0,active
15159.0,15160.0,0,idle
15160.0,15162.0,0,active
15162.0,15163.0,0,idle
15163.0,15165.0,0,active
15165.0,15166.0,0,idle
15166.0,15168.0,0,active
15168.0,15169.0,0,idle
15169.0,15171.0,0,active
15171.0,15172.0,0,idle
15172.0,15174.0,0,active
15174.0,15175.0,0,idle
15175.0,15177.0,0,active
15177.0,15178.0,0,idle
15178.0,15180.0,0,active
15180.0,15181.0,0,idle
15181.0,15183.0,0,active
15183.0,15184.0,0,idle
15184.0,15186.0,0,active
15186.0,15187.0,0,idle
15187.0,15189.0,0,active
15189.0,15190.0,0,idle
15190.0,15192.0,0,active
15192.0,15193.0,0,idle
15193.0,15195.0,0,active
15195.0,15196.0,0,idle
15196.0,15198.0,0,active
15198.0,15199.0,0,idle
15199.0,15201.0,0,active
15201.0,15202.0,0,idle
15202.0,15204.0,0,active
15204.0,15205.0,0,idle
15205.0,15207.0,0,active
15207.0,15208.0,0,idle
15208.0,15210.0,0,active
15210.0,15211.0,0,idle
15211.0,15213.0,0,active
15213.0,15214.0,0,idle
15214.0,15216.0,0,active
15216.0,15217.0,0,idle
15217.0,15219.0,0,active
15219.0,15220.0,0,idle
15220.0,15222.0,0,active
15222.0,15223.0,0,idle
15223.0,15225.0,0,active
15225.0,15226.0,0,idle
15226.0,15228.0,0,active
15228.0,15229.0,0,idle
15229.0,15231.0,0,active
15231.0,15232.0,0,idle
15232.0,15234.0,0,active
15234.0,15235.0,0,idle
15235.0,15237.0,0,active
15237.0,15238.0,0,idle
15238.0,15240.0,0,active
15240.0,15241.0,0,idle
15241.0,15243.0,0,active
15243.0,15244.0,0,idle
15244.0,15246.0,0,active
15246.0,15247.0,0,idle
15247.0,15249.0,0,active
15249.0,15250.0,0,idle
15250.0,15252.0,0,active
15252.0,15253.0,0,idle
15253.0,15255.0,0,active
15255.0,15256.0,0,idle
15256.0,15258.0,0,active
15258.0,15259.0,0,idle
15259.0,15261.0,0,active
15261.0,15262.0,0,idle
15262.0,15264.0,0,active
15264.0,15265.0,0,idle
15265.0,15267.0,0,active
15267.0,15268.0,0,idle
15268.0,15270.0,0,active
15270.0,15271.0,0,idle
15271.0,15273.0,0,active
15273.0,15274.0,0,idle
15274.0,15276.0,0,active
15276.0,15277.0,0,idle
15277.0,15279.0,0,active
15279.0,15280.0,0,idle
15280.0,15282.0,0,active
15282.0,15283.0,0,idle
15283.0,15285.0,0,active
15285.0,15286.0,0,idle
15286.0,15288.0,0,active
15288.0,15289.0,0,idle
15289.0,15291.0,0,active
15291.0,15292.0,0,idle
15292.0,15294.0,0,active
15294.0,15295.0,0,idle
15295.0,15297.0,0,active
15297.0,15298.0,0,idle
15298.0,15300.0,0,active
15300.0,15301.0,0,idle
15301.0,15303.0,0,active
15303.0,15304.0,0,idle
15304.0,15306.0,0,active
15306.0,15307.0,0,idle
15307.0,15309.0,0,active
15309.0,15310.0,0,idle
15310.0,15312.0,0,active
15312.0,15313.0,0,idle
15313.0,15315.0,0,active
15315.0,15316.0,0,idle
15316.0,15318.0,0,active
15318.0,15319.0,0,idle
15319.0,15321.0,0,active
15321.0,15322.0,0,idle
15322.0,15324.0,0,active
15324.0,15325.0,0,idle
15325.0,15327.0,0,active
15327.0,15328.0,0,idle
15328.0,15330.0,0,active
15330.0,15331.0,0,idle
15331.0,15333.0,0,active
15333.0,15334.0,0,idle
15334.0,15336.0,0,active
15336.0,15337.0,0,idle
15337.0,15339.0,0,active
15339.0,15340.0,0,idle
15340.0,15342.0,0,active
15342.0,15343.0,0,idle
15343.0,15345.0,0,active
15345.0,15346.0,0,idle
15346.0,15348.0,0,active
15348.0,15349.0,0,idle
15349.0,15351.0,0,active
15351.0,15352.0,0,idle
15352.0,15354.0,0,active
15354.0,15355.0,0,idle
15355.0,15357.0,0,active
15357.0,15358.0,0,idle
15358.0,15360.0,0,active
15360.0,15361.0,0,idle
15361.0,15363.0,0,active
15363.0,15364.0,0,idle
15364.0,15366.0,0,active
15366.0,15367.0,0,idle
15367.0,15369.0,0,active
15369.0,15370.0,0,idle
15370.0,15372.0,0,active
15372.0,15373.0,0,idle
15373.0,15375.0,0,active
15375.0,15376.0,0,idle
15376.0,15378.0,0,active
15378.0,15379.0,0,idle
15379.0,15381.0,0,active
15381.0,15382.0,0,idle
15382.0,15384.0,0,active
15384.0,15385.0,0,idle
15385.0,15387.0,0,active
15387.0,15388.0,0,idle
15388.0,15390.0,0,active
15390.0,15391.0,0,idle
15391.0,15393.0,0,active
15393.0,15394.0,0,idle
15394.0,15396.0,0,active
15396.0,15397.0,0,idle
15397.0,15399.0,0,active
15399.0,15400.0,0,idle
15400.0,15402.0,0,active
15402.0,15403.0,0,idle
15403.0,15405.0,0,active
15405.0,15406.0,0,idle
15406.0,15408.0,0,active
15408.0,15409.0,0,idle
15409.0,15411.0,0,active
15411.0,15412.0,0,idle
15412.0,15414.0,0,active
15414.0,15415.0,0,idle
15415.0,15417.0,0,active
15417.0,15418.0,0,idle
15418.0,15420.0,0,active
15420.0,15421.0,0,idle
15421.0,15423.0,0,active
15423.0,15424.0,0,idle
15424.0,15426.0,0,active
15426.0,15427.0,0,idle
15427.0,15429.0,0,active
15429.0,15430.0,0,idle
15430.0,15432.0,0,active
15432.0,15433.0,0,idle
15433.0,15435.0,0,active
15435.0,15436.0,0,idle
15436.0,15438.0,0,active
15438.0,15439.0,0,idle
15439.0,15441.0,0,active
15441.0,15442.0,0,idle
15442.0,15444.0,0,active
15444.0,15445.0,0,idle
15445.0,15447.0,0,active
15447.0,15448.0,0,idle
15448.0,15450.0,0,active
15450.0,15451.0,0,idle
15451.0,15453.0,0,active
15453.0,15454.0,0,idle
15454.0,15456.0,0,active
15456.0,15457.0,0,idle
15457.0,15459.0,0,active
15459.0,15460.0,0,idle
15460.0,15462.0,0,active
15462.0,15463.0,0,idle
15463.0,15465.0,0,active
15465.0,15466.0,0,idle
15466.0,15468.0,0,active
15468.0,15469.0,0,idle
15469.0,15471.0,0,active
15471.0,15472.0,0,idle
15472.0,15474.0,0,active
15474.0,15475.0,0,idle
15475.0,15477.0,0,active
15477.0,15478.0,0,idle
15478.0,15480.0,0,active
15480.0,15481.0,0,idle
15481.0,15483.0,0,active
15483.0,15484.0,0,idle
15484.0,15486.0,0,active
15486.0,15487.0,0,idle
15487.0,15489.0,0,active
15489.0,15490.0,0,idle
15490.0,15492.0,0,active
15492.0,15493.0,0,idle
15493.0,15495.0,0,active
15495.0,15496.0,0,idle
15496.0,15498.0,0,active
15498.0,15499.0,0,idle
15499.0,15501.0,0,active
15501.0,15502.0,0,idle
15502.0,15504.0,0,active
15504.0,15505.0,0,idle
15505.0,15507.0,0,active
15507.0,15508.0,0,idle
15508.0,15510.0,0,active
15510.0,15511.0,0,idle
15511.0,15513.0,0,active
15513.0,15514.0,0,idle
15514.0,15516.0,0,active
15516.0,15517.0,0,idle
15517.0,15519.0,0,active
15519.0,15520.0,0,idle
15520.0,15522.0,0,active
15522.0,15523.0,0,idle
15523.0,15525.0,0,active
15525.0,15526.0,0,idle
15526.0,15528.0,0,active
15528.0,15529.0,0,idle
15529.0,15531.0,0,active
15531.0,15532.0,0,idle
15532.0,15534.0,0,active
15534.0,15535.0,0,idle
15535.0,15537.0,0,active
15537.0,15538.0,0,idle
15538.0,15540.0,0,active
15540.0,15541.0,0,idle
15541.0,15543.0,0,active
15543.0,15544.0,0,idle
15544.0,15546.0,0,active
15546.0,15547.0,0,idle
15547.0,15549.0,0,active
15549.0,15550.0,0,idle
15550.0,15552.0,0,active
15552.0,15553.0,0,idle
15553.0,15555.0,0,active
15555.0,15556.0,0,idle
15556.0,15558.0,0,active
15558.0,15559.0,0,idle
15559.0,15561.0,0,active
15561.0,15562.0,0,idle
15562.0,15564.0,0,active
15564.0,15565.0,0,idle
15565.0,15567.0,0,active
15567.0,15568.0,0,idle
15568.0,15570.0,0,active
15570.0,15571.0,0,idle
15571.0,15573.0,0,active
15573.0,15574.0,0,idle
15574.0,15576.0,0,active
15576.0,15577.0,0,idle
15577.0,15579.0,0,active
15579.0,15580.0,0,idle
15580.0,15582.0,0,active
15582.0,15583.0,0,idle
15583.0,15585.0,0,active
15585.0,15586.0,0,idle
15586.0,15588.0,0,active
15588.0,15589.0,0,idle
15589.0,15591.0,0,active
15591.0,15592.0,0,idle
15592.0,15594.0,0,active
15594.0,15595.0,0,idle
15595.0,15597.0,0,active
15597.0,15598.0,0,idle
15598.0,15600.0,0,active
15600.0,15601.0,0,idle
15601.0,15603.0,0,active
15603.0,15604.0,0,idle
15604.0,15606.0,0,active
15606.0,15607.0,0,idle
15607.0,15609.0,0,active
15609.0,15610.0,0,idle
15610.0,15612.0,0,active
15612.0,15613.0,0,idle
15613.0,15615.0,0,active
15615.0,15616.0,0,idle
15616.0,15618.0,0,active
15618.0,15619.0,0,idle
15619.0,15621.0,0,active
15621.0,15622.0,0,idle
15622.0,15624.0,0,active
15624.0,15625.0,0,idle
15625.0,15627.0,0,active
15627.0,15628.0,0,idle
15628.0,15630.0,0,active
15630.0,15631.0,0,idle
15631.0,15633.0,0,active
15633.0,15634.0,0,idle
15634.0,15636.0,0,active
15636.0,15637.0,0,idle
15637.0,15639.0,0,active
15639.0,15640.0,0,idle
15640.0,15642.0,0,active
15642.0,15643.0,0,idle
15643.0,15645.0,0,active
15645.0,15646.0,0,idle
15646.0,15648.0,0,active
15648.0,15649.0,0,idle
15649.0,15651.0,0,active
15651.0,15652.0,0,idle
15652.0,15654.0,0,active
15654.0,15655.0,0,idle
15655.0,15657.0,0,active
15657.0,15658.0,0,idle
15658.0,15660.0,0,active
15660.0,15661.0,0,idle
15661.0,15663.0,0,active
15663.0,15664.0,0,idle
15664.0,15666.0,0,active
15666.0,15667.0,0,idle
15667.0,15669.0,0,active
15669.0,15670.0,0,idle
15670.0,15672.0,0,active
15672.0,15673.0,0,idle
15673.0,15675.0,0,active
15675.0,15676.0,0,idle
15676.0,15678.0,0,active
15678.0,15679.0,0,idle
15679.0,15681.0,0,active
15681.0,15682.0,0,idle
15682.0,15684.0,0,active
15684.0,15685.0,0,idle
15685.0,15687.0,0,active
15687.0,15688.0,0,idle
15688.0,15690.0,0,active
15690.0,15691.0,0,idle
15691.0,15693.0,0,active
15693.0,15694.0,0,idle
15694.0,15696.0,0,active
15696.0,15697.0,0,idle
15697.0,15699.0,0,active
15699.0,15700.0,0,idle
15700.0,15702.0,0,active
15702.0,15703.0,0,idle
15703.0,15705.0,0,active
15705.0,15706.0,0,idle
15706.0,15708.0,0,active
15708.0,15709.0,0,idle
15709.0,15711.0,0,active
15711.0,15712.0,0,idle
15712.0,15714.0,0,active
15714.0,15715.0,0,idle
15715.0,15717.0,0,active
15717.0,15718.0,0,idle
15718.0,15720.0,0,active
15720.0,15721.0,0,idle
15721.0,15723.0,0,active
15723.0,15724.0,0,idle
15724.0,15726.0,0,active
15726.0,15727.0,0,idle
15727.0,15729.0,0,active
15729.0,15730.0,0,idle
15730.0,15732.0,0,active
15732.0,15733.0,0,idle
15733.0,15735.0,0,active
15735.0,15736.0,0,idle
15736.0,15738.0,0,active
15738.0,15739.0,0,idle
15739.0,15741.0,0,active
15741.0,15742.0,0,idle
15742.0,15744.0,0,active
15744.0,15745.0,0,idle
15745.0,15747.0,0,active
15747.0,15748.0,0,idle
15748.0,15750.0,0,active
15750.0,15751.0,0,idle
15751.0,15753.0,0,active
15753.0,15754.0,0,idle
15754.0,15756.0,0,active
15756.0,15757.0,0,idle
15757.0,15759.0,0,active
15759.0,15760.0,0,idle
15760.0,15762.0,0,active
15762.0,15763.0,0,idle
15763.0,15765.0,0,active
15765.0,15766.0,0,idle
15766.0,15768.0,0,active
15768.0,15769.0,0,idle
15769.0,15771.0,0,active
15771.0,15772.0,0,idle
15772.0,15774.0,0,active
15774.0,15775.0,0,idle
15775.0,15777.0,0,active
15777.0,15778.0,0,idle
15778.0,15780.0,0,active
15780.0,15781.0,0,idle
15781.0,15783.0,0,active
15783.0,15784.0,0,idle
15784.0,15786.0,0,active
15786.0,15787.0,0,idle
15787.0,15789.0,0,active
15789.0,15790.0,0,idle
15790.0,15792.0,0,active
15792.0,15793.0,0,idle
15793.0,15795.0,0,active
15795.0,15796.0,0,idle
15796.0,15798.0,0,active
15798.0,15799.0,0,idle
15799.0,15801.0,0,active
15801.0,15802.0,0,idle
15802.0,15804.0,0,active
15804.0,15805.0,0,idle
15805.0,15807.0,0,active
15807.0,15808.0,0,idle
15808.0,15810.0,0,active
15810.0,15811.0,0,idle
15811.0,15813.0,0,active
15813.0,15814.0,0,idle
15814.0,15816.0,0,active
15816.0,15817.0,0,idle
15817.0,15819.0,0,active
15819.0,15820.0,0,idle
15820.0,15822.0,0,active
15822.0,15823.0,0,idle
15823.0,15825.0,0,active
15825.0,15826.0,0,idle
15826.0,15828.0,0,active
15828.0,15829.0,0,idle
15829.0,15831.0,0,active
15831.0,15832.0,0,idle
15832.0,15834.0,0,active
15834.0,15835.0,0,idle
15835.0,15837.0,0,active
15837.0,15838.0,0,idle
15838.0,15840.0,0,active
15840.0,15841.0,0,idle
15841.0,15843.0,0,active
15843.0,15844.0,0,idle
15844.0,15846.0,0,active
15846.0,15847.0,0,idle
15847.0,15849.0,0,active
15849.0,15850.0,0,idle
15850.0,15852.0,0,active
15852.0,15853.0,0,idle
15853.0,15855.0,0,active
15855.0,15856.0,0,idle
15856.0,15858.0,0,active
15858.0,15859.0,0,idle
15859.0,15861.0,0,active
15861.0,15862.0,0,idle
15862.0,15864.0,0,active
15864.0,15865.0,0,idle
15865.0,15867.0,0,active
15867.0,15868.0,0,idle
15868.0,15870.0,0,active
15870.0,15871.0,0,idle
15871.0,15873.0,0,active
15873.0,15874.0,0,idle
15874.0,15876.0,0,active
15876.0,15877.0,0,idle
15877.0,15879.0,0,active
15879.0,15880.0,0,idle
15880.0,15882.0,0,active
15882.0,15883.0,0,idle
15883.0,15885.0,0,active
15885.0,15886.0,0,idle
15886.0,15888.0,0,active
15888.0,15889.0,0,idle
15889.0,15891.0,0,active
15891.0,15892.0,0,idle
15892.0,15894.0,0,active
15894.0,15895.0,0,idle
15895.0,15897.0,0,active
15897.0,15898.0,0,idle
15898.0,15900.0,0,active
15900.0,15901.0,0,idle
15901.0,15903.0,0,active
15903.0,15904.0,0,idle
15904.0,15906.0,0,active
15906.0,15907.0,0,idle
15907.0,15909.0,0,active
15909.0,15910.0,0,idle
15910.0,15912.0,0,active
15912.0,15913.0,0,idle
15913.0,15915.0,0,active
15915.0,15916.0,0,idle
15916.0,15918.0,0,active
15918.0,15919.0,0,idle
15919.0,15921.0,0,active
15921.0,15922.0,0,idle
15922.0,15924.0,0,active
15924.0,15925.0,0,idle
15925.0,15927.0,0,active
15927.0,15928.0,0,idle
15928.0,15930.0,0,active
15930.0,15931.0,0,idle
15931.0,15933.0,0,active
15933.0,15934.0,0,idle
15934.0,15936.0,0,active
15936.0,15937.0,0,idle
15937.0,15939.0,0,active
15939.0,15940.0,0,idle
15940.0,15942.0,0,active
15942.0,15943.0,0,idle
15943.0,15945.0,0,active
15945.0,15946.0,0,idle
15946.0,15948.0,0,active
15948.0,15949.0,0,idle
15949.0,15951.0,0,active
15951.0,15952.0,0,idle
15952.0,15954.0,0,active
15954.0,15955.0,0,idle
15955.0,15957.0,0,active
15957.0,15958.0,0,idle
15958.0,15960.0,0,active
15960.0,15961.0,0,idle
15961.0,15963.0,0,active
15963.0,15964.0,0,idle
15964.0,15966.0,0,active
15966.0,15967.0,0,idle
15967.0,15969.0,0,active
15969.0,15970.0,0,idle
15970.0,15972.0,0,active
15972.0,15973.0,0,idle
15973.0,15975.0,0,active
15975.0,15976.0,0,idle
15976.0,15978.0,0,active
15978.0,15979.0,0,idle
15979.0,15981.0,0,active
15981.0,15982.0,0,idle
15982.0,15984.0,0,active
15984.0,15985.0,0,idle
15985.0,15987.0,0,active
15987.0,15988.0,0,idle
15988.0,15990.0,0,active
15990.0,15991.0,0,idle
15991.0,15993.0,0,active
15993.0,15994.0,0,idle
15994.0,15996.0,0,active
15996.0,15997.0,0,idle
15997.0,15999.0,0,active
15999.0,16000.0,0,idle
16000.0,16002.0,0,active
16002.0,16003.0,0,idle
16003.0,16005.0,0,active
16005.0,16006.0,0,idle
16006.0,16008.0,0,active
16008.0,16009.0,0,idle
16009.0,16011.0,0,active
16011.0,16012.0,0,idle
16012.0,16014.0,0,active
16014.0,16015.0,0,idle
16015.0,16017.0,0,active
16017.0,16018.0,0,idle
16018.0,16020.0,0,active
16020.0,16021.0,0,idle
16021.0,16023.0,0,active
16023.0,16024.0,0,idle
16024.0,16026.0,0,active
16026.0,16027.0,0,idle
16027.0,16029.0,0,active
16029.0,16030.0,0,idle
16030.0,16032.0,0,active
16032.0,16033.0,0,idle
16033.0,16035.0,0,active
16035.0,16036.0,0,idle
16036.0,16038.0,0,active
16038.0,16039.0,0,idle
16039.0,16041.0,0,active
16041.0,16042.0,0,idle
16042.0,16044.0,0,active
16044.0,16045.0,0,idle
16045.0,16047.0,0,active
16047.0,16048.0,0,idle
16048.0,16050.0,0,active
16050.0,16051.0,0,idle
16051.0,16053.0,0,active
16053.0,16054.0,0,idle
16054.0,16056.0,0,active
16056.0,16057.0,0,idle
16057.0,16059.0,0,active
16059.0,16060.0,0,idle
16060.0,16062.0,0,active
16062.0,16063.0,0,idle
16063.0,16065.0,0,active
16065.0,16066.0,0,idle
16066.0,16068.0,0,active
16068.0,16069.0,0,idle
16069.0,16071.0,0,active
16071.0,16072.0,0,idle
16072.0,16074.0,0,active
16074.0,16075.0,0,idle
16075.0,16077.0,0,active
16077.0,16078.0,0,idle
16078.0,16080.0,0,active
16080.0,16081.0,0,idle
16081.0,16083.0,0,active
16083.0,16084.0,0,idle
16084.0,16086.0,0,active
16086.0,16087.0,0,idle
16087.0,16089.0,0,active
16089.0,16090.0,0,idle
16090.0,16092.0,0,active
16092.0,16093.0,0,idle
16093.0,16095.0,0,active
16095.0,16096.0,0,idle
16096.0,16098.0,0,active
16098.0,16099.0,0,idle
16099.0,16101.0,0,active
16101.0,16102.0,0,idle
16102.0,16104.0,0,active
16104.0,16105.0,0,idle
16105.0,16107.0,0,active
16107.0,16108.0,0,idle
16108.0,16110.0,0,active
16110.0,16111.0,0,idle
16111.0,16113.0,0,active
16113.0,16114.0,0,idle
16114.0,16116.0,0,active
16116.0,16117.0,0,idle
16117.0,16119.0,0,active
16119.0,16120.0,0,idle
16120.0,16122.0,0,active
16122.0,16123.0,0,idle
16123.0,16125.0,0,active
16125.0,16126.0,0,idle
16126.0,16128.0,0,active
16128.0,16129.0,0,idle
16129.0,16131.0,0,active
16131.0,16132.0,0,idle
16132.0,16134.0,0,active
16134.0,16135.0,0,idle
16135.0,16137.0,0,active
16137.0,16138.0,0,idle
16138.0,16140.0,0,active
16140.0,16141.0,0,idle
16141.0,16143.0,0,active
16143.0,16144.0,0,idle
16144.0,16146.0,0,active
16146.0,16147.0,0,idle
16147.0,16149.0,0,active
16149.0,16150.0,0,idle
16150.0,16152.0,0,active
16152.0,16153.0,0,idle
16153.0,16155.0,0,active
16155.0,16156.0,0,idle
16156.0,16158.0,0,active
16158.0,16159.0,0,idle
16159.0,16161.0,0,active
16161.0,16162.0,0,idle
16162.0,16164.0,0,active
16164.0,16165.0,0,idle
16165.0,16167.0,0,active
16167.0,16168.0,0,idle
16168.0,16170.0,0,active
16170.0,16171.0,0,idle
16171.0,16173.0,0,active
16173.0,16174.0,0,idle
16174.0,16176.0,0,active
16176.0,16177.0,0,idle
16177.0,16179.0,0,active
16179.0,16180.0,0,idle
16180.0,16182.0,0,active
16182.0,16183.0,0,idle
16183.0,16185.0,0,active
16185.0,16186.0,0,idle
16186.0,16188.0,0,active
16188.0,16189.0,0,idle
16189.0,16191.0,0,active
16191.0,16192.0,0,idle
16192.0,16194.0,0,active
16194.0,16195.0,0,idle
16195.0,16197.0,0,active
16197.0,16198.0,0,idle
16198.0,16200.0,0,active
16200.0,16201.0,0,idle
16201.0,16203.0,0,active
16203.0,16204.0,0,idle
16204.0,16206.0,0,active
16206.0,16207.0,0,idle
16207.0,16209.0,0,active
16209.0,16210.0,0,idle
16210.0,16212.0,0,active
16212.0,16213.0,0,idle
16213.0,16215.0,0,active
16215.0,16216.0,0,idle
16216.0,16218.0,0,active
16218.0,16219.0,0,idle
16219.0,16221.0,0,active
16221.0,16222.0,0,idle
16222.0,16224.0,0,active
16224.0,16225.0,0,idle
16225.0,16227.0,0,active
16227.0,16228.0,0,idle
16228.0,16230.0,0,active
16230.0,16231.0,0,idle
16231.0,16233.0,0,active
16233.0,16234.0,0,idle
16234.0,16236.0,0,active
16236.0,16237.0,0,idle
16237.0,16239.0,0,active
16239.0,16240.0,0,idle
16240.0,16242.0,0,active
16242.0,16243.0,0,idle
16243.0,16245.0,0,active
16245.0,16246.0,0,idle
16246.0,16248.0,0,active
16248.0,16249.0,0,idle
16249.0,16251.0,0,active
16251.0,16252.0,0,idle
16252.0,16254.0,0,active
16254.0,16255.0,0,idle
16255.0,16257.0,0,active
16257.0,16258.0,0,idle
16258.0,16260.0,0,active
16260.0,16261.0,0,idle
16261.0,16263.0,0,active
16263.0,16264.0,0,idle
16264.0,16266.0,0,active
16266.0,16267.0,0,idle
16267.0,16269.0,0,active
16269.0,16270.0,0,idle
16270.0,16272.0,0,active
16272.0,16273.0,0,idle
16273.0,16275.0,0,active
16275.0,16276.0,0,idle
16276.0,16278.0,0,active
16278.0,16279.0,0,idle
16279.0,16281.0,0,active
16281.0,16282.0,0,idle
16282.0,16284.0,0,active
16284.0,16285.0,0,idle
16285.0,16287.0,0,active
16287.0,16288.0,0,idle
16288.0,16290.0,0,active
16290.0,16291.0,0,idle
16291.0,16293.0,0,active
16293.0,16294.0,0,idle
16294.0,16296.0,0,active
16296.0,16297.0,0,idle
16297.0,16299.0,0,active
16299.0,16300.0,0,idle
16300.0,16302.0,0,active
16302.0,16303.0,0,idle
16303.0,16305.0,0,active
16305.0,16306.0,0,idle
16306.0,16308.0,0,active
16308.0,16309.0,0,idle
16309.0,16311.0,0,active
16311.0,16312.0,0,idle
16312.0,16314.0,0,active
16314.0,16315.0,0,idle
16315.0,16317.0,0,active
16317.0,16318.0,0,idle
16318.0,16320.0,0,active
16320.0,16321.0,0,idle
16321.0,16323.0,0,active
16323.0,16324.0,0,idle
16324.0,16326.0,0,active
16326.0,16327.0,0,idle
16327.0,16329.0,0,active
16329.0,16330.0,0,idle
16330.0,16332.0,0,active
16332.0,16333.0,0,idle
16333.0,16335.0,0,active
16335.0,16336.0,0,idle
16336.0,16338.0,0,active
16338.0,16339.0,0,idle
16339.0,16341.0,0,active
16341.0,16342.0,0,idle
16342.0,16344.0,0,active
16344.0,16345.0,0,idle
16345.0,16347.0,0,active
16347.0,16348.0,0,idle
16348.0,16350.0,0,active
16350.0,16351.0,0,idle
16351.0,16353.0,0,active
16353.0,16354.0,0,idle
16354.0,16356.0,0,active
16356.0,16357.0,0,idle
16357.0,16359.0,0,active
16359.0,16360.0,0,idle
16360.0,16362.0,0,active
16362.0,16363.0,0,idle
16363.0,16365.0,0,active
16365.0,16366.0,0,idle
16366.0,16368.0,0,active
16368.0,16369.0,0,idle
16369.0,16371.0,0,active
16371.0,16372.0,0,idle
16372.0,16374.0,0,active
16374.0,16375.0,0,idle
16375.0,16377.0,0,active
16377.0,16378.0,0,idle
16378.0,16380.0,0,active
16380.0,16381.0,0,idle
16381.0,16383.0,0,active
16383.0,16384.0,0,idle
16384.0,16386.0,0,active
16386.0,16387.0,0,idle
16387.0,16389.0,0,active
16389.0,16390.0,0,idle
16390.0,16392.0,0,active
16392.0,16393.0,0,idle
16393.0,16395.0,0,active
16395.0,16396.0,0,idle
16396.0,16398.0,0,active
16398.0,16399.0,0,idle
16399.0,16401.0,0,active
16401.0,16402.0,0,idle
16402.0,16404.0,0,active
16404.0,16405.0,0,idle
16405.0,16407.0,0,active
16407.0,16408.0,0,idle
16408.0,16410.0,0,active
16410.0,16411.0,0,idle
16411.0,16413.0,0,active
16413.0,16414.0,0,idle
16414.0,16416.0,0,active
16416.0,16417.0,0,idle
16417.0,16419.0,0,active
16419.0,16420.0,0,idle
16420.0,16422.0,0,active
16422.0,16423.0,0,idle
16423.0,16425.0,0,active
16425.0,16426.0,0,idle
16426.0,16428.0,0,active
16428.0,16429.0,0,idle
16429.0,16431.0,0,active
16431.0,16432.0,0,idle
16432.0,16434.0,0,active
16434.0,16435.0,0,idle
16435.0,16437.0,0,active
16437.0,16438.0,0,idle
16438.0,16440.0,0,active
16440.0,16441.0,0,idle
16441.0,16443.0,0,active
16443.0,16444.0,0,idle
16444.0,16446.0,0,active
16446.0,16447.0,0,idle
16447.0,16449.0,0,active
16449.0,16450.0,0,idle
16450.0,16452.0,0,active
16452.0,16453.0,0,idle
16453.0,16455.0,0,active
16455.0,16456.0,0,idle
16456.0,16458.0,0,active
16458.0,16459.0,0,idle
16459.0,16461.0,0,active
16461.0,16462.0,0,idle
16462.0,16464.0,0,active
16464.0,16465.0,0,idle
16465.0,16467.0,0,active
16467.0,16468.0,0,idle
16468.0,16470.0,0,active
16470.0,16471.0,0,idle
16471.0,16473.0,0,active
16473.0,16474.0,0,idle
16474.0,16476.0,0,active
16476.0,16477.0,0,idle
16477.0,16479.0,0,active
16479.0,16480.0,0,idle
16480.0,16482.0,0,active
16482.0,16483.0,0,idle
16483.0,16485.0,0,active
16485.0,16486.0,0,idle
16486.0,16488.0,0,active
16488.0,16489.0,0,idle
16489.0,16491.0,0,active
16491.0,16492.0,0,idle
16492.0,16494.0,0,active
16494.0,16495.0,0,idle
16495.0,16497.0,0,active
16497.0,16498.0,0,idle
16498.0,16500.0,0,active
16500.0,16501.0,0,idle
16501.0,16503.0,0,active
16503.0,16504.0,0,idle
16504.0,16506.0,0,active
16506.0,16507.0,0,idle
16507.0,16509.0,0,active
16509.0,16510.0,0,idle
16510.0,16512.0,0,active
16512.0,16513.0,0,idle
16513.0,16515.0,0,active
16515.0,16516.0,0,idle
16516.0,16518.0,0,active
16518.0,16519.0,0,idle
16519.0,16521.0,0,active
16521.0,16522.0,0,idle
16522.0,16524.0,0,active
16524.0,16525.0,0,idle
16525.0,16527.0,0,active
16527.0,16528.0,0,idle
16528.0,16530.0,0,active
16530.0,16531.0,0,idle
16531.0,16533.0,0,active
16533.0,16534.0,0,idle
16534.0,16536.0,0,active
16536.0,16537.0,0,idle
16537.0,16539.0,0,active
16539.0,16540.0,0,idle
16540.0,16542.0,0,active
16542.0,16543.0,0,idle
16543.0,16545.0,0,active
16545.0,16546.0,0,idle
16546.0,16548.0,0,active
16548.0,16549.0,0,idle
16549.0,16551.0,0,active
16551.0,16552.0,0,idle
16552.0,16554.0,0,active
16554.0,16555.0,0,idle
16555.0,16557.0,0,active
16557.0,16558.0,0,idle
16558.0,16560.0,0,active
16560.0,16561.0,0,idle
16561.0,16563.0,0,active
16563.0,16564.0,0,idle
16564.0,16566.0,0,active
16566.0,16567.0,0,idle
16567.0,16569.0,0,active
16569.0,16570.0,0,idle
16570.0,16572.0,0,active
16572.0,16573.0,0,idle
16573.0,16575.0,0,active
16575.0,16576.0,0,idle
16576.0,16578.0,0,active
16578.0,16579.0,0,idle
16579.0,16581.0,0,active
16581.0,16582.0,0,idle
16582.0,16584.0,0,active
16584.0,16585.0,0,idle
16585.0,16587.0,0,active
16587.0,16588.0,0,idle
16588.0,16590.0,0,active
16590.0,16591.0,0,idle
16591.0,16593.0,0,active
16593.0,16594.0,0,idle
16594.0,16596.0,0,active
16596.0,16597.0,0,idle
16597.0,16599.0,0,active
16599.0,16600.0,0,idle
16600.0,16602.0,0,active
16602.0,16603.0,0,idle
16603.0,16605.0,0,active
16605.0,16606.0,0,idle
16606.0,16608.0,0,active
16608.0,16609.0,0,idle
16609.0,16611.0,0,active
16611.0,16612.0,0,idle
16612.0,16614.0,0,active
16614.0,16615.0,0,idle
16615.0,16617.0,0,active
16617.0,16618.0,0,idle
16618.0,16620.0,0,active
16620.0,16621.0,0,idle
16621.0,16623.0,0,active
16623.0,16624.0,0,idle
16624.0,16626.0,0,active
16626.0,16627.0,0,idle
16627.0,16629.0,0,active
16629.0,16630.0,0,idle
16630.0,16632.0,0,active
16632.0,16633.0,0,idle
16633.0,16635.0,0,active
16635.0,16636.0,0,idle
16636.0,16638.0,0,active
16638.0,16639.0,0,idle
16639.0,16641.0,0,active
16641.0,16642.0,0,idle
16642.0,16644.0,0,active
16644.0,16645.0,0,idle
16645.0,16647.0,0,active
16647.0,16648.0,0,idle
16648.0,16650.0,0,active
16650.0,16651.0,0,idle
16651.0,16653.0,0,active
16653.0,16654.0,0,idle
16654.0,16656.0,0,active
16656.0,16657.0,0,idle
16657.0,16659.0,0,active
16659.0,16660.0,0,idle
16660.0,16662.0,0,active
16662.0,16663.0,0,idle
16663.0,16665.0,0,active
16665.0,16666.0,0,idle
16666.0,16668.0,0,active
16668.0,16669.0,0,idle
16669.0,16671.0,0,active
16671.0,16672.0,0,idle
16672.0,16674.0,0,active
16674.0,16675.0,0,idle
16675.0,16677.0,0,active
16677.0,16678.0,0,idle
16678.0,16680.0,0,active
16680.0,16681.0,0,idle
16681.0,16683.0,0,active
16683.0,16684.0,0,idle
16684.0,16686.0,0,active
16686.0,16687.0,0,idle
16687.0,16689.0,0,active
16689.0,16690.0,0,idle
16690.0,16692.0,0,active
16692.0,16693.0,0,idle
16693.0,16695.0,0,active
16695.0,16696.0,0,idle
16696.0,16698.0,0,active
16698.0,16699.0,0,idle
16699.0,16701.0,0,active
16701.0,16702.0,0,idle
16702.0,16704.0,0,active
16704.0,16705.0,0,idle
16705.0,16707.0,0,active
16707.0,16708.0,0,idle
16708.0,16710.0,0,active
16710.0,16711.0,0,idle
16711.0,16713.0,0,active
16713.0,16714.0,0,idle
16714.0,16716.0,0,active
16716.0,16717.0,0,idle
16717.0,16719.0,0,active
16719.0,16720.0,0,idle
16720.0,16722.0,0,active
16722.0,16723.0,0,idle
16723.0,16725.0,0,active
16725.0,16726.0,0,idle
16726.0,16728.0,0,active
16728.0,16729.0,0,idle
16729.0,16731.0,0,active
16731.0,16732.0,0,idle
16732.0,16734.0,0,active
16734.0,16735.0,0,idle
16735.0,16737.0,0,active
16737.0,16738.0,0,idle
16738.0,16740.0,0,active
16740.0,16741.0,0,idle
16741.0,16743.0,0,active
16743.0,16744.0,0,idle
16744.0,16746.0,0,active
16746.0,16747.0,0,idle
16747.0,16749.0,0,active
16749.0,16750.0,0,idle
16750.0,16752.0,0,active
16752.0,16753.0,0,idle
16753.0,16755.0,0,active
16755.0,16756.0,0,idle
16756.0,16758.0,0,active
16758.0,16759.0,0,idle
16759.0,16761.0,0,active
16761.0,16762.0,0,idle
16762.0,16764.0,0,active
16764.0,16765.0,0,idle
16765.0,16767.0,0,active
16767.0,16768.0,0,idle
16768.0,16770.0,0,active
16770.0,16771.0,0,idle
16771.0,16773.0,0,active
16773.0,16774.0,0,idle
16774.0,16776.0,0,active
16776.0,16777.0,0,idle
16777.0,16779.0,0,active
16779.0,16780.0,0,idle
16780.0,16782.0,0,active
16782.0,16783.0,0,idle
16783.0,16785.0,0,active
16785.0,16786.0,0,idle
16786.0,16788.0,0,active
16788.0,16789.0,0,idle
16789.0,16791.0,0,active
16791.0,16792.0,0,idle
16792.0,16794.0,0,active
16794.0,16795.0,0,idle
16795.0,16797.0,0,active
16797.0,16798.0,0,idle
16798.0,16800.0,0,active
16800.0,16801.0,0,idle
16801.0,16803.0,0,active
16803.0,16804.0,0,idle
16804.0,16806.0,0,active
16806.0,16807.0,0,idle
16807.0,16809.0,0,active
16809.0,16810.0,0,idle
16810.0,16812.0,0,active
16812.0,16813.0,0,idle
16813.0,16815.0,0,active
16815.0,16816.0,0,idle
16816.0,16818.0,0,active
16818.0,16819.0,0,idle
16819.0,16821.0,0,active
16821.0,16822.0,0,idle
16822.0,16824.0,0,active
16824.0,16825.0,0,idle
16825.0,16827.0,0,active
16827.0,16828.0,0,idle
16828.0,16830.0,0,active
16830.0,16831.0,0,idle
16831.0,16833.0,0,active
16833.0,16834.0,0,idle
16834.0,16836.0,0,active
16836.0,16837.0,0,idle
16837.0,16839.0,0,active
16839.0,16840.0,0,idle
16840.0,16842.0,0,active
16842.0,16843.0,0,idle
16843.0,16845.0,0,active
16845.0,16846.0,0,idle
16846.0,16848.0,0,active
16848.0,16849.0,0,idle
16849.0,16851.0,0,active
16851.0,16852.0,0,idle
16852.0,16854.0,0,active
16854.0,16855.0,0,idle
16855.0,16857.0,0,active
16857.0,16858.0,0,idle
16858.0,16860.0,0,active
16860.0,16861.0,0,idle
16861.0,16863.0,0,active
16863.0,16864.0,0,idle
16864.0,16866.0,0,active
16866.0,16867.0,0,idle
16867.0,16869.0,0,active
16869.0,16870.0,0,idle
16870.0,16872.0,0,active
16872.0,16873.0,0,idle
16873.0,16875.0,0,active
16875.0,16876.0,0,idle
16876.0,16878.0,0,active
16878.0,16879.0,0,idle
16879.0,16881.0,0,active
16881.0,16882.0,0,idle
16882.0,16884.0,0,active
16884.0,16885.0,0,idle
16885.0,16887.0,0,active
16887.0,16888.0,0,idle
16888.0,16890.0,0,active
16890.0,16891.0,0,idle
16891.0,16893.0,0,active
16893.0,16894.0,0,idle
16894.0,16896.0,0,active
16896.0,16897.0,0,idle
16897.0,16899.0,0,active
16899.0,16900.0,0,idle
16900.0,16902.0,0,active
16902.0,16903.0,0,idle
16903.0,16905.0,0,active
16905.0,16906.0,0,idle
16906.0,16908.0,0,active
16908.0,16909.0,0,idle
16909.0,16911.0,0,active
16911.0,16912.0,0,idle
16912.0,16914.0,0,active
16914.0,16915.0,0,idle
16915.0,16917.0,0,active
16917.0,16918.0,0,idle
16918.0,16920.0,0,active
16920.0,16921.0,0,idle
16921.0,16923.0,0,active
16923.0,16924.0,0,idle
16924.0,16926.0,0,active
16926.0,16927.0,0,idle
16927.0,16929.0,0,active
16929.0,16930.0,0,idle
16930.0,16932.0,0,active
16932.0,16933.0,0,idle
16933.0,16935.0,0,active
16935.0,16936.0,0,idle
16936.0,16938.0,0,active
16938.0,16939.0,0,idle
16939.0,16941.0,0,active
16941.0,16942.0,0,idle
16942.0,16944.0,0,active
16944.0,16945.0,0,idle
16945.0,16947.0,0,active
16947.0,16948.0,0,idle
16948.0,16950.0,0,active
16950.0,16951.0,0,idle
16951.0,16953.0,0,active
16953.0,16954.0,0,idle
16954.0,16956.0,0,active
16956.0,16957.0,0,idle
16957.0,16959.0,0,active
16959.0,16960.0,0,idle
16960.0,16962.0,0,active
16962.0,16963.0,0,idle
16963.0,16965.0,0,active
16965.0,16966.0,0,idle
16966.0,16968.0,0,active
16968.0,16969.0,0,idle
16969.0,16971.0,0,active
16971.0,16972.0,0,idle
16972.0,16974.0,0,active
16974.0,16975.0,0,idle
16975.0,16977.0,0,active
16977.0,16978.0,0,idle
16978.0,16980.0,0,active
16980.0,16981.0,0,idle
16981.0,16983.0,0,active
16983.0,16984.0,0,idle
16984.0,16986.0,0,active
16986.0,16987.0,0,idle
16987.0,16989.0,0,active
16989.0,16990.0,0,idle
16990.0,16992.0,0,active
16992.0,16993.0,0,idle
16993.0,16995.0,0,active
16995.0,16996.0,0,idle
16996.0,16998.0,0,active
16998.0,16999.0,0,idle
16999.0,17001.0,0,active
17001.0,17002.0,0,idle
17002.0,17004.0,0,active
17004.0,17005.0,0,idle
17005.0,17007.0,0,active
17007.0,17008.0,0,idle
17008.0,17010.0,0,active
17010.0,17011.0,0,idle
17011.0,17013.0,0,active
17013.0,17014.0,0,idle
17014.0,17016.0,0,active
17016.0,17017.0,0,idle
17017.0,17019.0,0,active
17019.0,17020.0,0,idle
17020.0,17022.0,0,active
17022.0,17023.0,0,idle
17023.0,17025.0,0,active
17025.0,17026.0,0,idle
17026.0,17028.0,0,active
17028.0,17029.0,0,idle
17029.0,17031.0,0,active
17031.0,17032.0,0,idle
17032.0,17034.0,0,active
17034.0,17035.0,0,idle
17035.0,17037.0,0,active
17037.0,17038.0,0,idle
17038.0,17040.0,0,active
17040.0,17041.0,0,idle
17041.0,17043.0,0,active
17043.0,17044.0,0,idle
17044.0,17046.0,0,active
17046.0,17047.0,0,idle
17047.0,17049.0,0,active
17049.0,17050.0,0,idle
17050.0,17052.0,0,active
17052.0,17053.0,0,idle
17053.0,17055.0,0,active
17055.0,17056.0,0,idle
17056.0,17058.0,0,active
17058.0,17059.0,0,idle
17059.0,17061.0,0,active
17061.0,17062.0,0,idle
17062.0,17064.0,0,active
17064.0,17065.0,0,idle
17065.0,17067.0,0,active
17067.0,17068.0,0,idle
17068.0,17070.0,0,active
17070.0,17071.0,0,idle
17071.0,17073.0,0,active
17073.0,17074.0,0,idle
17074.0,17076.0,0,active
17076.0,17077.0,0,idle
17077.0,17079.0,0,active
17079.0,17080.0,0,idle
17080.0,17082.0,0,active
17082.0,17083.0,0,idle
17083.0,17085.0,0,active
17085.0,17086.0,0,idle
17086.0,17088.0,0,active
17088.0,17089.0,0,idle
17089.0,17091.0,0,active
17091.0,17092.0,0,idle
17092.0,17094.0,0,active
17094.0,17095.0,0,idle
17095.0,17097.0,0,active
17097.0,17098.0,0,idle
17098.0,17100.0,0,active
17100.0,17101.0,0,idle
17101.0,17103.0,0,active
17103.0,17104.0,0,idle
17104.0,17106.0,0,active
17106.0,17107.0,0,idle
17107.0,17109.0,0,active
17109.0,17110.0,0,idle
17110.0,17112.0,0,active
17112.0,17113.0,0,idle
17113.0,17115.0,0,active
17115.0,17116.0,0,idle
17116.0,17118.0,0,active
17118.0,17119.0,0,idle
17119.0,17121.0,0,active
17121.0,17122.0,0,idle
17122.0,17124.0,0,active
17124.0,17125.0,0,idle
17125.0,17127.0,0,active
17127.0,17128.0,0,idle
17128.0,17130.0,0,active
17130.0,17131.0,0,idle
17131.0,17133.0,0,active
17133.0,17134.0,0,idle
17134.0,17136.0,0,active
17136.0,17137.0,0,idle
17137.0,17139.0,0,active
17139.0,17140.0,0,idle
17140.0,17142.0,0,active
17142.0,17143.0,0,idle
17143.0,17145.0,0,active
17145.0,17146.0,0,idle
17146.0,17148.0,0,active
17148.0,17149.0,0,idle
17149.0,17151.0,0,active
17151.0,17152.0,0,idle
17152.0,17154.0,0,active
17154.0,17155.0,0,idle
17155.0,17157.0,0,active
17157.0,17158.0,0,idle
17158.0,17160.0,0,active
17160.0,17161.0,0,idle
17161.0,17163.0,0,active
17163.0,17164.0,0,idle
17164.0,17166.0,0,active
17166.0,17167.0,0,idle
17167.0,17169.0,0,active
17169.0,17170.0,0,idle
17170.0,17172.0,0,active
17172.0,17173.0,0,idle
17173.0,17175.0,0,active
17175.0,17176.0,0,idle
17176.0,17178.0,0,active
17178.0,17179.0,0,idle
17179.0,17181.0,0,active
17181.0,17182.0,0,idle
17182.0,17184.0,0,active
17184.0,17185.0,0,idle
17185.0,17187.0,0,active
17187.0,17188.0,0,idle
17188.0,17190.0,0,active
17190.0,17191.0,0,idle
17191.0,17193.0,0,active
17193.0,17194.0,0,idle
17194.0,17196.0,0,active
17196.0,17197.0,0,idle
17197.0,17199.0,0,active
17199.0,17200.0,0,idle
17200.0,17202.0,0,active
17202.0,17203.0,0,idle
17203.0,17205.0,0,active
17205.0,17206.0,0,idle
17206.0,17208.0,0,active
17208.0,17209.0,0,idle
17209.0,17211.0,0,active
17211.0,17212.0,0,idle
17212.0,17214.0,0,active
17214.0,17215.0,0,idle
17215.0,17217.0,0,active
17217.0,17218.0,0,idle
17218.0,17220.0,0,active
17220.0,17221.0,0,idle
17221.0,17223.0,0,active
17223.0,17224.0,0,idle
17224.0,17226.0,0,active
17226.0,17227.0,0,idle
17227.0,17229.0,0,active
17229.0,17230.0,0,idle
17230.0,17232.0,0,active
17232.0,17233.0,0,idle
17233.0,17235.0,0,active
17235.0,17236.0,0,idle
17236.0,17238.0,0,active
17238.0,17239.0,0,idle
17239.0,17241.0,0,active
17241.0,17242.0,0,idle
17242.0,17244.0,0,active
17244.0,17245.0,0,idle
17245.0,17247.0,0,active
17247.0,17248.0,0,idle
17248.0,17250.0,0,active
17250.0,17251.0,0,idle
17251.0,17253.0,0,active
17253.0,17254.0,0,idle
17254.0,17256.0,0,active
17256.0,17257.0,0,idle
17257.0,17259.0,0,active
17259.0,17260.0,0,idle
17260.0,17262.0,0,active
17262.0,17263.0,0,idle
17263.0,17265.0,0,active
17265.0,17266.0,0,idle
17266.0,17268.0,0,active
17268.0,17269.0,0,idle
17269.0,17271.0,0,active
17271.0,17272.0,0,idle
17272.0,17274.0,0,active
17274.0,17275.0,0,idle
17275.0,17277.0,0,active
17277.0,17278.0,0,idle
17278.0,17280.0,0,active
17280.0,17281.0,0,idle
17281.0,17283.0,0,active
17283.0,17284.0,0,idle
17284.0,17286.0,0,active
17286.0,17287.0,0,idle
17287.0,17289.0,0,active
17289.0,17290.0,0,idle
17290.0,17292.0,0,active
17292.0,17293.0,0,idle
17293.0,17295.0,0,active
17295.0,17296.0,0,idle
17296.0,17298.0,0,active
17298.0,17299.0,0,idle
17299.0,17301.0,0,active
17301.0,17302.0,0,idle
17302.0,17304.0,0,active
17304.0,17305.0,0,idle
17305.0,17307.0,0,active
17307.0,17308.0,0,idle
17308.0,17310.0,0,active
17310.0,17311.0,0,idle
17311.0,17313.0,0,active
17313.0,17314.0,0,idle
17314.0,17316.0,0,active
17316.0,17317.0,0,idle
17317.0,17319.0,0,active
17319.0,17320.0,0,idle
17320.0,17322.0,0,active
17322.0,17323.0,0,idle
17323.0,17325.0,0,active
17325.0,17326.0,0,idle
17326.0,17328.0,0,active
17328.0,17329.0,0,idle
17329.0,17331.0,0,active
17331.0,17332.0,0,idle
17332.0,17334.0,0,active
17334.0,17335.0,0,idle
17335.0,17337.0,0,active
17337.0,17338.0,0,idle
17338.0,17340.0,0,active
17340.0,17341.0,0,idle
17341.0,17343.0,0,active
17343.0,17344.0,0,idle
17344.0,17346.0,0,active
17346.0,17347.0,0,idle
17347.0,17349.0,0,active
17349.0,17350.0,0,idle
17350.0,17352.0,0,active
17352.0,17353.0,0,idle
17353.0,17355.0,0,active
17355.0,17356.0,0,idle
17356.0,17358.0,0,active
17358.0,17359.0,0,idle
17359.0,17361.0,0,active
17361.0,17362.0,0,idle
17362.0,17364.0,0,active
17364.0,17365.0,0,idle
17365.0,17367.0,0,active
17367.0,17368.0,0,idle
17368.0,17370.0,0,active
17370.0,17371.0,0,idle
17371.0,17373.0,0,active
17373.0,17374.0,0,idle
17374.0,17376.0,0,active
17376.0,17377.0,0,idle
17377.0,17379.0,0,active
17379.0,17380.0,0,idle
17380.0,17382.0,0,active
17382.0,17383.0,0,idle
17383.0,17385.0,0,active
17385.0,17386.0,0,idle
17386.0,17388.0,0,active
17388.0,17389.0,0,idle
17389.0,17391.0,0,active
17391.0,17392.0,0,idle
17392.0,17394.0,0,active
17394.0,17395.0,0,idle
17395.0,17397.0,0,active
17397.0,17398.0,0,idle
17398.0,17400.0,0,active
17400.0,17401.0,0,idle
17401.0,17403.0,0,active
17403.0,17404.0,0,idle
17404.0,17406.0,0,active
17406.0,17407.0,0,idle
17407.0,17409.0,0,active
17409.0,17410.0,0,idle
17410.0,17412.0,0,active
17412.0,17413.0,0,idle
17413.0,17415.0,0,active
17415.0,17416.0,0,idle
17416.0,17418.0,0,active
17418.0,17419.0,0,idle
17419.0,17421.0,0,active
17421.0,17422.0,0,idle
17422.0,17424.0,0,active
17424.0,17425.0,0,idle
17425.0,17427.0,0,active
17427.0,17428.0,0,idle
17428.0,17430.0,0,active
17430.0,17431.0,0,idle
17431.0,17433.0,0,active
17433.0,17434.0,0,idle
17434.0,17436.0,0,active
17436.0,17437.0,0,idle
17437.0,17439.0,0,active
17439.0,17440.0,0,idle
17440.0,17442.0,0,active
17442.0,17443.0,0,idle
17443.0,17445.0,0,active
17445.0,17446.0,0,idle
17446.0,17448.0,0,active
17448.0,17449.0,0,idle
17449.0,17451.0,0,active
17451.0,17452.0,0,idle
17452.0,17454.0,0,active
17454.0,17455.0,0,idle
17455.0,17457.0,0,active
17457.0,17458.0,0,idle
17458.0,17460.0,0,active
17460.0,17461.0,0,idle
17461.0,17463.0,0,active
17463.0,17464.0,0,idle
17464.0,17466.0,0,active
17466.0,17467.0,0,idle
17467.0,17469.0,0,active
17469.0,17470.0,0,idle
17470.0,17472.0,0,active
17472.0,17473.0,0,idle
17473.0,17475.0,0,active
17475.0,17476.0,0,idle
17476.0,17478.0,0,active
17478.0,17479.0,0,idle
17479.0,17481.0,0,active
17481.0,17482.0,0,idle
17482.0,17484.0,0,active
17484.0,17485.0,0,idle
17485.0,17487.0,0,active
17487.0,17488.0,0,idle
17488.0,17490.0,0,active
17490.0,17491.0,0,idle
17491.0,17493.0,0,active
17493.0,17494.0,0,idle
17494.0,17496.0,0,active
17496.0,17497.0,0,idle
17497.0,17499.0,0,active
17499.0,17500.0,0,idle
17500.0,17502.0,0,active
17502.0,17503.0,0,idle
17503.0,17505.0,0,active
17505.0,17506.0,0,idle
17506.0,17508.0,0,active
17508.0,17509.0,0,idle
17509.0,17511.0,0,active
17511.0,17512.0,0,idle
17512.0,17514.0,0,active
17514.0,17515.0,0,idle
17515.0,17517.0,0,active
17517.0,17518.0,0,idle
17518.0,17520.0,0,active
17520.0,17521.0,0,idle
17521.0,17523.0,0,active
17523.0,17524.0,0,idle
17524.0,17526.0,0,active
17526.0,17527.0,0,idle
17527.0,17529.0,0,active
17529.0,17530.0,0,idle
17530.0,17532.0,0,active
17532.0,17533.0,0,idle
17533.0,17535.0,0,active
17535.0,17536.0,0,idle
17536.0,17538.0,0,active
17538.0,17539.0,0,idle
17539.0,17541.0,0,active
17541.0,17542.0,0,idle
17542.0,17544.0,0,active
17544.0,17545.0,0,idle
17545.0,17547.0,0,active
17547.0,17548.0,0,idle
17548.0,17550.0,0,active
17550.0,17551.0,0,idle
17551.0,17553.0,0,active
17553.0,17554.0,0,idle
17554.0,17556.0,0,active
17556.0,17557.0,0,idle
17557.0,17559.0,0,active
17559.0,17560.0,0,idle
17560.0,17562.0,0,active
17562.0,17563.0,0,idle
17563.0,17565.0,0,active
17565.0,17566.0,0,idle
17566.0,17568.0,0,active
17568.0,17569.0,0,idle
17569.0,17571.0,0,active
17571.0,17572.0,0,idle
17572.0,17574.0,0,active
17574.0,17575.0,0,idle
17575.0,17577.0,0,active
17577.0,17578.0,0,idle
17578.0,17580.0,0,active
17580.0,17581.0,0,idle
17581.0,17583.0,0,active
17583.0,17584.0,0,idle
17584.0,17586.0,0,active
17586.0,17587.0,0,idle
17587.0,17589.0,0,active
17589.0,17590.0,0,idle
17590.0,17592.0,0,active
17592.0,17593.0,0,idle
17593.0,17595.0,0,active
17595.0,17596.0,0,idle
17596.0,17598.0,0,active
17598.0,17599.0,0,idle
17599.0,17601.0,0,active
17601.0,17602.0,0,idle
17602.0,17604.0,0,active
17604.0,17605.0,0,idle
17605.0,17607.0,0,active
17607.0,17608.0,0,idle
17608.0,17610.0,0,active
17610.0,17611.0,0,idle
17611.0,17613.0,0,active
17613.0,17614.0,0,idle
17614.0,17616.0,0,active
17616.0,17617.0,0,idle
17617.0,17619.0,0,active
17619.0,17620.0,0,idle
17620.0,17622.0,0,active
17622.0,17623.0,0,idle
17623.0,17625.0,0,active
17625.0,17626.0,0,idle
17626.0,17628.0,0,active
17628.0,17629.0,0,idle
17629.0,17631.0,0,active
17631.0,17632.0,0,idle
17632.0,17634.0,0,active
17634.0,17635.0,0,idle
17635.0,17637.0,0,active
17637.0,17638.0,0,idle
17638.0,17640.0,0,active
17640.0,17641.0,0,idle
17641.0,17643.0,0,active
17643.0,17644.0,0,idle
17644.0,17646.0,0,active
17646.0,17647.0,0,idle
17647.0,17649.0,0,active
17649.0,17650.0,0,idle
17650.0,17652.0,0,active
17652.0,17653.0,0,idle
17653.0,17655.0,0,active
17655.0,17656.0,0,idle
17656.0,17658.0,0,active
17658.0,17659.0,0,idle
17659.0,17661.0,0,active
17661.0,17662.0,0,idle
17662.0,17664.0,0,active
17664.0,17665.0,0,idle
17665.0,17667.0,0,active
17667.0,17668.0,0,idle
17668.0,17670.0,0,active
17670.0,17671.0,0,idle
17671.0,17673.0,0,active
17673.0,17674.0,0,idle
17674.0,17676.0,0,active
17676.0,17677.0,0,idle
17677.0,17679.0,0,active
17679.0,17680.0,0,idle
17680.0,17682.0,0,active
17682.0,17683.0,0,idle
17683.0,17685.0,0,active
17685.0,17686.0,0,idle
17686.0,17688.0,0,active
17688.0,17689.0,0,idle
17689.0,17691.0,0,active
17691.0,17692.0,0,idle
17692.0,17694.0,0,active
17694.0,17695.0,0,idle
17695.0,17697.0,0,active
17697.0,17698.0,0,idle
17698.0,17700.0,0,active
17700.0,17701.0,0,idle
17701.0,17703.0,0,active
17703.0,17704.0,0,idle
17704.0,17706.0,0,active
17706.0,17707.0,0,idle
17707.0,17709.0,0,active
17709.0,17710.0,0,idle
17710.0,17712.0,0,active
17712.0,17713.0,0,idle
17713.0,17715.0,0,active
17715.0,17716.0,0,idle
17716.0,17718.0,0,active
17718.0,17719.0,0,idle
17719.0,17721.0,0,active
17721.0,17722.0,0,idle
17722.0,17724.0,0,active
17724.0,17725.0,0,idle
17725.0,17727.0,0,active
17727.0,17728.0,0,idle
17728.0,17730.0,0,active
17730.0,17731.0,0,idle
17731.0,17733.0,0,active
17733.0,17734.0,0,idle
17734.0,17736.0,0,active
17736.0,17737.0,0,idle
17737.0,17739.0,0,active
17739.0,17740.0,0,idle
17740.0,17742.0,0,active
17742.0,17743.0,0,idle
17743.0,17745.0,0,active
17745.0,17746.0,0,idle
17746.0,17748.0,0,active
17748.0,17749.0,0,idle
17749.0,17751.0,0,active
17751.0,17752.0,0,idle
17752.0,17754.0,0,active
17754.0,17755.0,0,idle
17755.0,17757.0,0,active
17757.0,17758.0,0,idle
17758.0,17760.0,0,active
17760.0,17761.0,0,idle
17761.0,17763.0,0,active
17763.0,17764.0,0,idle
17764.0,17766.0,0,active
17766.0,17767.0,0,idle
17767.0,17769.0,0,active
17769.0,17770.0,0,idle
17770.0,17772.0,0,active
17772.0,17773.0,0,idle
17773.0,17775.0,0,active
17775.0,17776.0,0,idle
17776.0,17778.0,0,active
17778.0,17779.0,0,idle
17779.0,17781.0,0,active
17781.0,17782.0,0,idle
17782.0,17784.0,0,active
17784.0,17785.0,0,idle
17785.0,17787.0,0,active
17787.0,17788.0,0,idle
17788.0,17790.0,0,active
17790.0,17791.0,0,idle
17791.0,17793.0,0,active
17793.0,17794.0,0,idle
17794.0,17796.0,0,active
17796.0,17797.0,0,idle
17797.0,17799.0,0,active
17799.0,17800.0,0,idle
17800.0,17802.0,0,active
17802.0,17803.0,0,idle
17803.0,17805.0,0,active
17805.0,17806.0,0,idle
17806.0,17808.0,0,active
17808.0,17809.0,0,idle
17809.0,17811.0,0,active
17811.0,17812.0,0,idle
17812.0,17814.0,0,active
17814.0,17815.0,0,idle
17815.0,17817.0,0,active
17817.0,17818.0,0,idle
17818.0,17820.0,0,active
17820.0,17821.0,0,idle
17821.0,17823.0,0,active
17823.0,17824.0,0,idle
17824.0,17826.0,0,active
17826.0,17827.0,0,idle
17827.0,17829.0,0,active
17829.0,17830.0,0,idle
17830.0,17832.0,0,active
17832.0,17833.0,0,idle
17833.0,17835.0,0,active
17835.0,17836.0,0,idle
17836.0,17838.0,0,active
17838.0,17839.0,0,idle
17839.0,17841.0,0,active
17841.0,17842.0,0,idle
17842.0,17844.0,0,active
17844.0,17845.0,0,idle
17845.0,17847.0,0,active
17847.0,17848.0,0,idle
17848.0,17850.0,0,active
17850.0,17851.0,0,idle
17851.0,17853.0,0,active
17853.0,17854.0,0,idle
17854.0,17856.0,0,active
17856.0,17857.0,0,idle
17857.0,17859.0,0,active
17859.0,17860.0,0,idle
17860.0,17862.0,0,active
17862.0,17863.0,0,idle
17863.0,17865.0,0,active
17865.0,17866.0,0,idle
17866.0,17868.0,0,active
17868.0,17869.0,0,idle
17869.0,17871.0,0,active
17871.0,17872.0,0,idle
17872.0,17874.0,0,active
17874.0,17875.0,0,idle
17875.0,17877.0,0,active
17877.0,17878.0,0,idle
17878.0,17880.0,0,active
17880.0,17881.0,0,idle
17881.0,17883.0,0,active
17883.0,17884.0,0,idle
17884.0,17886.0,0,active
17886.0,17887.0,0,idle
17887.0,17889.0,0,active
17889.0,17890.0,0,idle
17890.0,17892.0,0,active
17892.0,17893.0,0,idle
17893.0,17895.0,0,active
17895.0,17896.0,0,idle
17896.0,17898.0,0,active
17898.0,17899.0,0,idle
17899.0,17901.0,0,active
17901.0,17902.0,0,idle
17902.0,17904.0,0,active
17904.0,17905.0,0,idle
17905.0,17907.0,0,active
17907.0,17908.0,0,idle
17908.0,17910.0,0,active
17910.0,17911.0,0,idle
17911.0,17913.0,0,active
17913.0,17914.0,0,idle
17914.0,17916.0,0,active
17916.0,17917.0,0,idle
17917.0,17919.0,0,active
17919.0,17920.0,0,idle
17920.0,17922.0,0,active
17922.0,17923.0,0,idle
17923.0,17925.0,0,active
17925.0,17926.0,0,idle
17926.0,17928.0,0,active
17928.0,17929.0,0,idle
17929.0,17931.0,0,active
17931.0,17932.0,0,idle
17932.0,17934.0,0,active
17934.0,17935.0,0,idle
17935.0,17937.0,0,active
17937.0,17938.0,0,idle
17938.0,17940.0,0,active
17940.0,17941.0,0,idle
17941.0,17943.0,0,active
17943.0,17944.0,0,idle
17944.0,17946.0,0,active
17946.0,17947.0,0,idle
17947.0,17949.0,0,active
17949.0,17950.0,0,idle
17950.0,17952.0,0,active
17952.0,17953.0,0,idle
17953.0,17955.0,0,active
17955.0,17956.0,0,idle
17956.0,17958.0,0,active
17958.0,17959.0,0,idle
17959.0,17961.0,0,active
17961.0,17962.0,0,idle
17962.0,17964.0,0,active
17964.0,17965.0,0,idle
17965.0,17967.0,0,active
17967.0,17968.0,0,idle
17968.0,17970.0,0,active
17970.0,17971.0,0,idle
17971.0,17973.0,0,active
17973.0,17974.0,0,idle
17974.0,17976.0,0,active
17976.0,17977.0,0,idle
17977.0,17979.0,0,active
17979.0,17980.0,0,idle
17980.0,17982.0,0,active
17982.0,17983.0,0,idle
17983.0,17985.0,0,active
17985.0,17986.0,0,idle
17986.0,17988.0,0,active
17988.0,17989.0,0,idle
17989.0,17991.0,0,active
17991.0,17992.0,0,idle
17992.0,17994.0,0,active
17994.0,17995.0,0,idle
17995.0,17997.0,0,active
17997.0,17998.0,0,idle
17998.0,18000.0,0,active
18000.0,18001.0,0,idle
18001.0,18003.0,0,active
18003.0,18004.0,0,idle
18004.0,18006.0,0,active
18006.0,18007.0,0,idle
18007.0,18009.0,0,active
18009.0,18010.0,0,idle
18010.0,18012.0,0,active
18012.0,18013.0,0,idle
18013.0,18015.0,0,active
18015.0,18016.0,0,idle
18016.0,18018.0,0,active
18018.0,18019.0,0,idle
18019.0,18021.0,0,active
18021.0,18022.0,0,idle
18022.0,18024.0,0,active
18024.0,18025.0,0,idle
18025.0,18027.0,0,active
18027.0,18028.0,0,idle
18028.0,18030.0,0,active
18030.0,18031.0,0,idle
18031.0,18033.0,0,active
18033.0,18034.0,0,idle
18034.0,18036.0,0,active
18036.0,18037.0,0,idle
18037.0,18039.0,0,active
18039.0,18040.0,0,idle
18040.0,18042.0,0,active
18042.0,18043.0,0,idle
18043.0,18045.0,0,active
18045.0,18046.0,0,idle
18046.0,18048.0,0,active
18048.0,18049.0,0,idle
18049.0,18051.0,0,active
18051.0,18052.0,0,idle
18052.0,18054.0,0,active
18054.0,18055.0,0,idle
18055.0,18057.0,0,active
18057.0,18058.0,0,idle
18058.0,18060.0,0,active
18060.0,18061.0,0,idle
18061.0,18063.0,0,active
18063.0,18064.0,0,idle
18064.0,18066.0,0,active
18066.0,18067.0,0,idle
18067.0,18069.0,0,active
18069.0,18070.0,0,idle
18070.0,18072.0,0,active
18072.0,18073.0,0,idle
18073.0,18075.0,0,active
18075.0,18076.0,0,idle
18076.0,18078.0,0,active
18078.0,18079.0,0,idle
18079.0,18081.0,0,active
18081.0,18082.0,0,idle
18082.0,18084.0,0,active
18084.0,18085.0,0,idle
18085.0,18087.0,0,active
18087.0,18088.0,0,idle
18088.0,18090.0,0,active
18090.0,18091.0,0,idle
18091.0,18093.0,0,active
18093.0,18094.0,0,idle
18094.0,18096.0,0,active
18096.0,18097.0,0,idle
18097.0,18099.0,0,active
18099.0,18100.0,0,idle
18100.0,18102.0,0,active
18102.0,18103.0,0,idle
18103.0,18105.0,0,active
18105.0,18106.0,0,idle
18106.0,18108.0,0,active
18108.0,18109.0,0,idle
18109.0,18111.0,0,active
18111.0,18112.0,0,idle
18112.0,18114.0,0,active
18114.0,18115.0,0,idle
18115.0,18117.0,0,active
18117.0,18118.0,0,idle
18118.0,18120.0,0,active
18120.0,18121.0,0,idle
18121.0,18123.0,0,active
18123.0,18124.0,0,idle
18124.0,18126.0,0,active
18126.0,18127.0,0,idle
18127.0,18129.0,0,active
18129.0,18130.0,0,idle
18130.0,18132.0,0,active
18132.0,18133.0,0,idle
18133.0,18135.0,0,active
18135.0,18136.0,0,idle
18136.0,18138.0,0,active
18138.0,18139.0,0,idle
18139.0,18141.0,0,active
18141.0,18142.0,0,idle
18142.0,18144.0,0,active
18144.0,18145.0,0,idle
18145.0,18147.0,0,active
18147.0,18148.0,0,idle
18148.0,18150.0,0,active
18150.0,18151.0,0,idle
18151.0,18153.0,0,active
18153.0,18154.0,0,idle
18154.0,18156.0,0,active
18156.0,18157.0,0,idle
18157.0,18159.0,0,active
18159.0,18160.0,0,idle
18160.0,18162.0,0,active
18162.0,18163.0,0,idle
18163.0,18165.0,0,active
18165.0,18166.0,0,idle
18166.0,18168.0,0,active
18168.0,18169.0,0,idle
18169.0,18171.0,0,active
18171.0,18172.0,0,idle
18172.0,18174.0,0,active
18174.0,18175.0,0,idle
18175.0,18177.0,0,active
18177.0,18178.0,0,idle
18178.0,18180.0,0,active
18180.0,18181.0,0,idle
18181.0,18183.0,0,active
18183.0,18184.0,0,idle
18184.0,18186.0,0,active
18186.0,18187.0,0,idle
18187.0,18189.0,0,active
18189.0,18190.0,0,idle
18190.0,18192.0,0,active
18192.0,18193.0,0,idle
18193.0,18195.0,0,active
18195.0,18196.0,0,idle
18196.0,18198.0,0,active
18198.0,18199.0,0,idle
18199.0,18201.0,0,active
18201.0,18202.0,0,idle
18202.0,18204.0,0,active
18204.0,18205.0,0,idle
18205.0,18207.0,0,active
18207.0,18208.0,0,idle
18208.0,18210.0,0,active
18210.0,18211.0,0,idle
18211.0,18213.0,0,active
18213.0,18214.0,0,idle
18214.0,18216.0,0,active
18216.0,18217.0,0,idle
18217.0,18219.0,0,active
18219.0,18220.0,0,idle
18220.0,18222.0,0,active
18222.0,18223.0,0,idle
18223.0,18225.0,0,active
18225.0,18226.0,0,idle
18226.0,18228.0,0,active
18228.0,18229.0,0,idle
18229.0,18231.0,0,active
18231.0,18232.0,0,idle
18232.0,18234.0,0,active
18234.0,18235.0,0,idle
18235.0,18237.0,0,active
18237.0,18238.0,0,idle
18238.0,18240.0,0,active
18240.0,18241.0,0,idle
18241.0,18243.0,0,active
18243.0,18244.0,0,idle
18244.0,18246.0,0,active
18246.0,18247.0,0,idle
18247.0,18249.0,0,active
18249.0,18250.0,0,idle
18250.0,18252.0,0,active
18252.0,18253.0,0,idle
18253.0,18255.0,0,active
18255.0,18256.0,0,idle
18256.0,18258.0,0,active
18258.0,18259.0,0,idle
18259.0,18261.0,0,active
18261.0,18262.0,0,idle
18262.0,18264.0,0,active
18264.0,18265.0,0,idle
18265.0,18267.0,0,active
18267.0,18268.0,0,idle
18268.0,18270.0,0,active
18270.0,18271.0,0,idle
18271.0,18273.0,0,active
18273.0,18274.0,0,idle
18274.0,18276.0,0,active
18276.0,18277.0,0,idle
18277.0,18279.0,0,active
18279.0,18280.0,0,idle
18280.0,18282.0,0,active
18282.0,18283.0,0,idle
18283.0,18285.0,0,active
18285.0,18286.0,0,idle
18286.0,18288.0,0,active
18288.0,18289.0,0,idle
18289.0,18291.0,0,active
18291.0,18292.0,0,idle
18292.0,18294.0,0,active
18294.0,18295.0,0,idle
18295.0,18297.0,0,active
18297.0,18298.0,0,idle
18298.0,18300.0,0,active
18300.0,18301.0,0,idle
18301.0,18303.0,0,active
18303.0,18304.0,0,idle
18304.0,18306.0,0,active
18306.0,18307.0,0,idle
18307.0,18309.0,0,active
18309.0,18310.0,0,idle
18310.0,18312.0,0,active
18312.0,18313.0,0,idle
18313.0,18315.0,0,active
18315.0,18316.0,0,idle
18316.0,18318.0,0,active
18318.0,18319.0,0,idle
18319.0,18321.0,0,active
18321.0,18322.0,0,idle
18322.0,18324.0,0,active
18324.0,18325.0,0,idle
18325.0,18327.0,0,active
18327.0,18328.0,0,idle
18328.0,18330.0,0,active
18330.0,18331.0,0,idle
18331.0,18333.0,0,active
18333.0,18334.0,0,idle
18334.0,18336.0,0,active
18336.0,18337.0,0,idle
18337.0,18339.0,0,active
18339.0,18340.0,0,idle
18340.0,18342.0,0,active
18342.0,18343.0,0,idle
18343.0,18345.0,0,active
18345.0,18346.0,0,idle
18346.0,18348.0,0,active
18348.0,18349.0,0,idle
18349.0,18351.0,0,active
18351.0,18352.0,0,idle
18352.0,18354.0,0,active
18354.0,18355.0,0,idle
18355.0,18357.0,0,active
18357.0,18358.0,0,idle
18358.0,18360.0,0,active
18360.0,18361.0,0,idle
18361.0,18363.0,0,active
18363.0,18364.0,0,idle
18364.0,18366.0,0,active
18366.0,18367.0,0,idle
18367.0,18369.0,0,active
18369.0,18370.0,0,idle
18370.0,18372.0,0,active
18372.0,18373.0,0,idle
18373.0,18375.0,0,active
18375.0,18376.0,0,idle
18376.0,18378.0,0,active
18378.0,18379.0,0,idle
18379.0,18381.0,0,active
18381.0,18382.0,0,idle
18382.0,18384.0,0,active
18384.0,18385.0,0,idle
18385.0,18387.0,0,active
18387.0,18388.0,0,idle
18388.0,18390.0,0,active
18390.0,18391.0,0,idle
18391.0,18393.0,0,active
18393.0,18394.0,0,idle
18394.0,18396.0,0,active
18396.0,18397.0,0,idle
18397.0,18399.0,0,active
18399.0,18400.0,0,idle
18400.0,18402.0,0,active
18402.0,18403.0,0,idle
18403.0,18405.0,0,active
18405.0,18406.0,0,idle
18406.0,18408.0,0,active
18408.0,18409.0,0,idle
18409.0,18411.0,0,active
18411.0,18412.0,0,idle
18412.0,18414.0,0,active
18414.0,18415.0,0,idle
18415.0,18417.0,0,active
18417.0,18418.0,0,idle
18418.0,18420.0,0,active
18420.0,18421.0,0,idle
18421.0,18423.0,0,active
18423.0,18424.0,0,idle
18424.0,18426.0,0,active
18426.0,18427.0,0,idle
18427.0,18429.0,0,active
18429.0,18430.0,0,idle
18430.0,18432.0,0,active
18432.0,18433.0,0,idle
18433.0,18435.0,0,active
18435.0,18436.0,0,idle
18436.0,18438.0,0,active
18438.0,18439.0,0,idle
18439.0,18441.0,0,active
18441.0,18442.0,0,idle
18442.0,18444.0,0,active
18444.0,18445.0,0,idle
18445.0,18447.0,0,active
18447.0,18448.0,0,idle
18448.0,18450.0,0,active
18450.0,18451.0,0,idle
18451.0,18453.0,0,active
18453.0,18454.0,0,idle
18454.0,18456.0,0,active
18456.0,18457.0,0,idle
18457.0,18459.0,0,active
18459.0,18460.0,0,idle
18460.0,18462.0,0,active
18462.0,18463.0,0,idle
18463.0,18465.0,0,active
18465.0,18466.0,0,idle
18466.0,18468.0,0,active
18468.0,18469.0,0,idle
18469.0,18471.0,0,active
18471.0,18472.0,0,idle
18472.0,18474.0,0,active
18474.0,18475.0,0,idle
18475.0,18477.0,0,active
18477.0,18478.0,0,idle
18478.0,18480.0,0,active
18480.0,18481.0,0,idle
18481.0,18483.0,0,active
18483.0,18484.0,0,idle
18484.0,18486.0,0,active
18486.0,18487.0,0,idle
18487.0,18489.0,0,active
18489.0,18490.0,0,idle
18490.0,18492.0,0,active
18492.0,18493.0,0,idle
18493.0,18495.0,0,active
18495.0,18496.0,0,idle
18496.0,18498.0,0,active
18498.0,18499.0,0,idle
18499.0,18501.0,0,active
18501.0,18502.0,0,idle
18502.0,18504.0,0,active
18504.0,18505.0,0,idle
18505.0,18507.0,0,active
18507.0,18508.0,0,idle
18508.0,18510.0,0,active
18510.0,18511.0,0,idle
18511.0,18513.0,0,active
18513.0,18514.0,0,idle
18514.0,18516.0,0,active
18516.0,18517.0,0,idle
18517.0,18519.0,0,active
18519.0,18520.0,0,idle
18520.0,18522.0,0,active
18522.0,18523.0,0,idle
18523.0,18525.0,0,active
18525.0,18526.0,0,idle
18526.0,18528.0,0,active
18528.0,18529.0,0,idle
18529.0,18531.0,0,active
18531.0,18532.0,0,idle
18532.0,18534.0,0,active
18534.0,18535.0,0,idle
18535.0,18537.0,0,active
18537.0,18538.0,0,idle
18538.0,18540.0,0,active
18540.0,18541.0,0,idle
18541.0,18543.0,0,active
18543.0,18544.0,0,idle
18544.0,18546.0,0,active
18546.0,18547.0,0,idle
18547.0,18549.0,0,active
18549.0,18550.0,0,idle
18550.0,18552.0,0,active
18552.0,18553.0,0,idle
18553.0,18555.0,0,active
18555.0,18556.0,0,idle
18556.0,18558.0,0,active
18558.0,18559.0,0,idle
18559.0,18561.0,0,active
18561.0,18562.0,0,idle
18562.0,18564.0,0,active
18564.0,18565.0,0,idle
18565.0,18567.0,0,active
18567.0,18568.0,0,idle
18568.0,18570.0,0,active
18570.0,18571.0,0,idle
18571.0,18573.0,0,active
18573.0,18574.0,0,idle
18574.0,18576.0,0,active
18576.0,18577.0,0,idle
18577.0,18579.0,0,active
18579.0,18580.0,0,idle
18580.0,18582.0,0,active
18582.0,18583.0,0,idle
18583.0,18585.0,0,active
18585.0,18586.0,0,idle
18586.0,18588.0,0,active
18588.0,18589.0,0,idle
18589.0,18591.0,0,active
18591.0,18592.0,0,idle
18592.0,18594.0,0,active
18594.0,18595.0,0,idle
18595.0,18597.0,0,active
18597.0,18598.0,0,idle
18598.0,18600.0,0,active
18600.0,18601.0,0,idle
18601.0,18603.0,0,active
18603.0,18604.0,0,idle
18604.0,18606.0,0,active
18606.0,18607.0,0,idle
18607.0,18609.0,0,active
18609.0,18610.0,0,idle
18610.0,18612.0,0,active
18612.0,18613.0,0,idle
18613.0,18615.0,0,active
18615.0,18616.0,0,idle
18616.0,18618.0,0,active
18618.0,18619.0,0,idle
18619.0,18621.0,0,active
18621.0,18622.0,0,idle
18622.0,18624.0,0,active
18624.0,18625.0,0,idle
18625.0,18627.0,0,active
18627.0,18628.0,0,idle
18628.0,18630.0,0,active
18630.0,18631.0,0,idle
18631.0,18633.0,0,active
18633.0,18634.0,0,idle
18634.0,18636.0,0,active
18636.0,18637.0,0,idle
18637.0,18639.0,0,active
18639.0,18640.0,0,idle
18640.0,18642.0,0,active
18642.0,18643.0,0,idle
18643.0,18645.0,0,active
18645.0,18646.0,0,idle
18646.0,18648.0,0,active
18648.0,18649.0,0,idle
18649.0,18651.0,0,active
18651.0,18652.0,0,idle
18652.0,18654.0,0,active
18654.0,18655.0,0,idle
18655.0,18657.0,0,active
18657.0,18658.0,0,idle
18658.0,18660.0,0,active
18660.0,18661.0,0,idle
18661.0,18663.0,0,active
18663.0,18664.0,0,idle
18664.0,18666.0,0,active
18666.0,18667.0,0,idle
18667.0,18669.0,0,active
18669.0,18670.0,0,idle
18670.0,18672.0,0,active
18672.0,18673.0,0,idle
18673.0,18675.0,0,active
18675.0,18676.0,0,idle
18676.0,18678.0,0,active
18678.0,18679.0,0,idle
18679.0,18681.0,0,active
18681.0,18682.0,0,idle
18682.0,18684.0,0,active
18684.0,18685.0,0,idle
18685.0,18687.0,0,active
18687.0,18688.0,0,idle
18688.0,18690.0,0,active
18690.0,18691.0,0,idle
18691.0,18693.0,0,active
18693.0,18694.0,0,idle
18694.0,18696.0,0,active
18696.0,18697.0,0,idle
18697.0,18699.0,0,active
18699.0,18700.0,0,idle
18700.0,18702.0,0,active
18702.0,18703.0,0,idle
18703.0,18705.0,0,active
18705.0,18706.0,0,idle
18706.0,18708.0,0,active
18708.0,18709.0,0,idle
18709.0,18711.0,0,active
18711.0,18712.0,0,idle
18712.0,18714.0,0,active
18714.0,18715.0,0,idle
18715.0,18717.0,0,active
18717.0,18718.0,0,idle
18718.0,18720.0,0,active
18720.0,18721.0,0,idle
18721.0,18723.0,0,active
18723.0,18724.0,0,idle
18724.0,18726.0,0,active
18726.0,18727.0,0,idle
18727.0,18729.0,0,active
18729.0,18730.0,0,idle
18730.0,18732.0,0,active
18732.0,18733.0,0,idle
18733.0,18735.0,0,active
18735.0,18736.0,0,idle
18736.0,18738.0,0,active
18738.0,18739.0,0,idle
18739.0,18741.0,0,active
18741.0,18742.0,0,idle
18742.0,18744.0,0,active
18744.0,18745.0,0,idle
18745.0,18747.0,0,active
18747.0,18748.0,0,idle
18748.0,18750.0,0,active
18750.0,18751.0,0,idle
18751.0,18753.0,0,active
18753.0,18754.0,0,idle
18754.0,18756.0,0,active
18756.0,18757.0,0,idle
18757.0,18759.0,0,active
18759.0,18760.0,0,idle
18760.0,18762.0,0,active
18762.0,18763.0,0,idle
18763.0,18765.0,0,active
18765.0,18766.0,0,idle
18766.0,18768.0,0,active
18768.0,18769.0,0,idle
18769.0,18771.0,0,active
18771.0,18772.0,0,idle
18772.0,18774.0,0,active
18774.0,18775.0,0,idle
18775.0,18777.0,0,active
18777.0,18778.0,0,idle
18778.0,18780.0,0,active
18780.0,18781.0,0,idle
18781.0,18783.0,0,active
18783.0,18784.0,0,idle
18784.0,18786.0,0,active
18786.0,18787.0,0,idle
18787.0,18789.0,0,active
18789.0,18790.0,0,idle
18790.0,18792.0,0,active
18792.0,18793.0,0,idle
18793.0,18795.0,0,active
18795.0,18796.0,0,idle
18796.0,18798.0,0,active
18798.0,18799.0,0,idle
18799.0,18801.0,0,active
18801.0,18802.0,0,idle
18802.0,18804.0,0,active
18804.0,18805.0,0,idle
18805.0,18807.0,0,active
18807.0,18808.0,0,idle
18808.0,18810.0,0,active
18810.0,18811.0,0,idle
18811.0,18813.0,0,active
18813.0,18814.0,0,idle
18814.0,18816.0,0,active
18816.0,18817.0,0,idle
18817.0,18819.0,0,active
18819.0,18820.0,0,idle
18820.0,18822.0,0,active
18822.0,18823.0,0,idle
18823.0,18825.0,0,active
18825.0,18826.0,0,idle
18826.0,18828.0,0,active
18828.0,18829.0,0,idle
18829.0,18831.0,0,active
18831.0,18832.0,0,idle
18832.0,18834.0,0,active
18834.0,18835.0,0,idle
18835.0,18837.0,0,active
18837.0,18838.0,0,idle
18838.0,18840.0,0,active
18840.0,18841.0,0,idle
18841.0,18843.0,0,active
18843.0,18844.0,0,idle
18844.0,18846.0,0,active
18846.0,18847.0,0,idle
18847.0,18849.0,0,active
18849.0,18850.0,0,idle
18850.0,18852.0,0,active
18852.0,18853.0,0,idle
18853.0,18855.0,0,active
18855.0,18856.0,0,idle
18856.0,18858.0,0,active
18858.0,18859.0,0,idle
18859.0,18861.0,0,active
18861.0,18862.0,0,idle
18862.0,18864.0,0,active
18864.0,18865.0,0,idle
18865.0,18867.0,0,active
18867.0,18868.0,0,idle
18868.0,18870.0,0,active
18870.0,18871.0,0,idle
18871.0,18873.0,0,active
18873.0,18874.0,0,idle
18874.0,18876.0,0,active
18876.0,18877.0,0,idle
18877.0,18879.0,0,active
18879.0,18880.0,0,idle
18880.0,18882.0,0,active
18882.0,18883.0,0,idle
18883.0,18885.0,0,active
18885.0,18886.0,0,idle
18886.0,18888.0,0,active
18888.0,18889.0,0,idle
18889.0,18891.0,0,active
18891.0,18892.0,0,idle
18892.0,18894.0,0,active
18894.0,18895.0,0,idle
18895.0,18897.0,0,active
18897.0,18898.0,0,idle
18898.0,18900.0,0,active
18900.0,18901.0,0,idle
18901.0,18903.0,0,active
18903.0,18904.0,0,idle
18904.0,18906.0,0,active
18906.0,18907.0,0,idle
18907.0,18909.0,0,active
18909.0,18910.0,0,idle
18910.0,18912.0,0,active
18912.0,18913.0,0,idle
18913.0,18915.0,0,active
18915.0,18916.0,0,idle
18916.0,18918.0,0,active
18918.0,18919.0,0,idle
18919.0,18921.0,0,active
18921.0,18922.0,0,idle
18922.0,18924.0,0,active
18924.0,18925.0,0,idle
18925.0,18927.0,0,active
18927.0,18928.0,0,idle
18928.0,18930.0,0,active
18930.0,18931.0,0,idle
18931.0,18933.0,0,active
18933.0,18934.0,0,idle
18934.0,18936.0,0,active
18936.0,18937.0,0,idle
18937.0,18939.0,0,active
18939.0,18940.0,0,idle
18940.0,18942.0,0,active
18942.0,18943.0,0,idle
18943.0,18945.0,0,active
18945.0,18946.0,0,idle
18946.0,18948.0,0,active
18948.0,18949.0,0,idle
18949.0,18951.0,0,active
18951.0,18952.0,0,idle
18952.0,18954.0,0,active
18954.0,18955.0,0,idle
18955.0,18957.0,0,active
18957.0,18958.0,0,idle
18958.0,18960.0,0,active
18960.0,18961.0,0,idle
18961.0,18963.0,0,active
18963.0,18964.0,0,idle
18964.0,18966.0,0,active
18966.0,18967.0,0,idle
18967.0,18969.0,0,active
18969.0,18970.0,0,idle
18970.0,18972.0,0,active
18972.0,18973.0,0,idle
18973.0,18975.0,0,active
18975.0,18976.0,0,idle
18976.0,18978.0,0,active
18978.0,18979.0,0,idle
18979.0,18981.0,0,active
18981.0,18982.0,0,idle
18982.0,18984.0,0,active
18984.0,18985.0,0,idle
18985.0,18987.0,0,active
18987.0,18988.0,0,idle
18988.0,18990.0,0,active
18990.0,18991.0,0,idle
18991.0,18993.0,0,active
18993.0,18994.0,0,idle
18994.0,18996.0,0,active
18996.0,18997.0,0,idle
18997.0,18999.0,0,active
18999.0,19000.0,0,idle
19000.0,19002.0,0,active
19002.0,19003.0,0,idle
19003.0,19005.0,0,active
19005.0,19006.0,0,idle
19006.0,19008.0,0,active
19008.0,19009.0,0,idle
19009.0,19011.0,0,active
19011.0,19012.0,0,idle
19012.0,19014.0,0,active
19014.0,19015.0,0,idle
19015.0,19017.0,0,active
19017.0,19018.0,0,idle
19018.0,19020.0,0,active
19020.0,19021.0,0,idle
19021.0,19023.0,0,active
19023.0,19024.0,0,idle
19024.0,19026.0,0,active
19026.0,19027.0,0,idle
19027.0,19029.0,0,active
19029.0,19030.0,0,idle
19030.0,19032.0,0,active
19032.0,19033.0,0,idle
19033.0,19035.0,0,active
19035.0,19036.0,0,idle
19036.0,19038.0,0,active
19038.0,19039.0,0,idle
19039.0,19041.0,0,active
19041.0,19042.0,0,idle
19042.0,19044.0,0,active
19044.0,19045.0,0,idle
19045.0,19047.0,0,active
19047.0,19048.0,0,idle
19048.0,19050.0,0,active
19050.0,19051.0,0,idle
19051.0,19053.0,0,active
19053.0,19054.0,0,idle
19054.0,19056.0,0,active
19056.0,19057.0,0,idle
19057.0,19059.0,0,active
19059.0,19060.0,0,idle
19060.0,19062.0,0,active
19062.0,19063.0,0,idle
19063.0,19065.0,0,active
19065.0,19066.0,0,idle
19066.0,19068.0,0,active
19068.0,19069.0,0,idle
19069.0,19071.0,0,active
19071.0,19072.0,0,idle
19072.0,19074.0,0,active
19074.0,19075.0,0,idle
19075.0,19077.0,0,active
19077.0,19078.0,0,idle
19078.0,19080.0,0,active
19080.0,19081.0,0,idle
19081.0,19083.0,0,active
19083.0,19084.0,0,idle
19084.0,19086.0,0,active
19086.0,19087.0,0,idle
19087.0,19089.0,0,active
19089.0,19090.0,0,idle
19090.0,19092.0,0,active
19092.0,19093.0,0,idle
19093.0,19095.0,0,active
19095.0,19096.0,0,idle
19096.0,19098.0,0,active
19098.0,19099.0,0,idle
19099.0,19101.0,0,active
19101.0,19102.0,0,idle
19102.0,19104.0,0,active
19104.0,19105.0,0,idle
19105.0,19107.0,0,active
19107.0,19108.0,0,idle
19108.0,19110.0,0,active
19110.0,19111.0,0,idle
19111.0,19113.0,0,active
19113.0,19114.0,0,idle
19114.0,19116.0,0,active
19116.0,19117.0,0,idle
19117.0,19119.0,0,active
19119.0,19120.0,0,idle
19120.0,19122.0,0,active
19122.0,19123.0,0,idle
19123.0,19125.0,0,active
19125.0,19126.0,0,idle
19126.0,19128.0,0,active
19128.0,19129.0,0,idle
19129.0,19131.0,0,active
19131.0,19132.0,0,idle
19132.0,19134.0,0,active
19134.0,19135.0,0,idle
19135.0,19137.0,0,active
19137.0,19138.0,0,idle
19138.0,19140.0,0,active
19140.0,19141.0,0,idle
19141.0,19143.0,0,active
19143.0,19144.0,0,idle
19144.0,19146.0,0,active
19146.0,19147.0,0,idle
19147.0,19149.0,0,active
19149.0,19150.0,0,idle
19150.0,19152.0,0,active
19152.0,19153.0,0,idle
19153.0,19155.0,0,active
19155.0,19156.0,0,idle
19156.0,19158.0,0,active
19158.0,19159.0,0,idle
19159.0,19161.0,0,active
19161.0,19162.0,0,idle
19162.0,19164.0,0,active
19164.0,19165.0,0,idle
19165.0,19167.0,0,active
19167.0,19168.0,0,idle
19168.0,19170.0,0,active
19170.0,19171.0,0,idle
19171.0,19173.0,0,active
19173.0,19174.0,0,idle
19174.0,19176.0,0,active
19176.0,19177.0,0,idle
19177.0,19179.0,0,active
19179.0,19180.0,0,idle
19180.0,19182.0,0,active
19182.0,19183.0,0,idle
19183.0,19185.0,0,active
19185.0,19186.0,0,idle
19186.0,19188.0,0,active
19188.0,19189.0,0,idle
19189.0,19191.0,0,active
19191.0,19192.0,0,idle
19192.0,19194.0,0,active
19194.0,19195.0,0,idle
19195.0,19197.0,0,active
19197.0,19198.0,0,idle
19198.0,19200.0,0,active
19200.0,19201.0,0,idle
19201.0,19203.0,0,active
19203.0,19204.0,0,idle
19204.0,19206.0,0,active
19206.0,19207.0,0,idle
19207.0,19209.0,0,active
19209.0,19210.0,0,idle
19210.0,19212.0,0,active
19212.0,19213.0,0,idle
19213.0,19215.0,0,active
19215.0,19216.0,0,idle
19216.0,19218.0,0,active
19218.0,19219.0,0,idle
19219.0,19221.0,0,active
19221.0,19222.0,0,idle
19222.0,19224.0,0,active
19224.0,19225.0,0,idle
19225.0,19227.0,0,active
19227.0,19228.0,0,idle
19228.0,19230.0,0,active
19230.0,19231.0,0,idle
19231.0,19233.0,0,active
19233.0,19234.0,0,idle
19234.0,19236.0,0,active
19236.0,19237.0,0,idle
19237.0,19239.0,0,active
19239.0,19240.0,0,idle
19240.0,19242.0,0,active
19242.0,19243.0,0,idle
19243.0,19245.0,0,active
19245.0,19246.0,0,idle
19246.0,19248.0,0,active
19248.0,19249.0,0,idle
19249.0,19251.0,0,active
19251.0,19252.0,0,idle
19252.0,19254.0,0,active
19254.0,19255.0,0,idle
19255.0,19257.0,0,active
19257.0,19258.0,0,idle
19258.0,19260.0,0,active
19260.0,19261.0,0,idle
19261.0,19263.0,0,active
19263.0,19264.0,0,idle
19264.0,19266.0,0,active
19266.0,19267.0,0,idle
19267.0,19269.0,0,active
19269.0,19270.0,0,idle
19270.0,19272.0,0,active
19272.0,19273.0,0,idle
19273.0,19275.0,0,active
19275.0,19276.0,0,idle
19276.0,19278.0,0,active
19278.0,19279.0,0,idle
19279.0,19281.0,0,active
19281.0,19282.0,0,idle
19282.0,19284.0,0,active
19284.0,19285.0,0,idle
19285.0,19287.0,0,active
19287.0,19288.0,0,idle
19288.0,19290.0,0,active
19290.0,19291.0,0,idle
19291.0,19293.0,0,active
19293.0,19294.0,0,idle
19294.0,19296.0,0,active
19296.0,19297.0,0,idle
19297.0,19299.0,0,active
19299.0,19300.0,0,idle
19300.0,19302.0,0,active
19302.0,19303.0,0,idle
19303.0,19305.0,0,active
19305.0,19306.0,0,idle
19306.0,19308.0,0,active
19308.0,19309.0,0,idle
19309.0,19311.0,0,active
19311.0,19312.0,0,idle
19312.0,19314.0,0,active
19314.0,19315.0,0,idle
19315.0,19317.0,0,active
19317.0,19318.0,0,idle
19318.0,19320.0,0,active
19320.0,19321.0,0,idle
19321.0,19323.0,0,active
19323.0,19324.0,0,idle
19324.0,19326.0,0,active
19326.0,19327.0,0,idle
19327.0,19329.0,0,active
19329.0,19330.0,0,idle
19330.0,19332.0,0,active
19332.0,19333.0,0,idle
19333.0,19335.0,0,active
19335.0,19336.0,0,idle
19336.0,19338.0,0,active
19338.0,19339.0,0,idle
19339.0,19341.0,0,active
19341.0,19342.0,0,idle
19342.0,19344.0,0,active
19344.0,19345.0,0,idle
19345.0,19347.0,0,active
19347.0,19348.0,0,idle
19348.0,19350.0,0,active
19350.0,19351.0,0,idle
19351.0,19353.0,0,active
19353.0,19354.0,0,idle
19354.0,19356.0,0,active
19356.0,19357.0,0,idle
19357.0,19359.0,0,active
19359.0,19360.0,0,idle
19360.0,19362.0,0,active
19362.0,19363.0,0,idle
19363.0,19365.0,0,active
19365.0,19366.0,0,idle
19366.0,19368.0,0,active
19368.0,19369.0,0,idle
19369.0,19371.0,0,active
19371.0,19372.0,0,idle
19372.0,19374.0,0,active
19374.0,19375.0,0,idle
19375.0,19377.0,0,active
19377.0,19378.0,0,idle
19378.0,19380.0,0,active
19380.0,19381.0,0,idle
19381.0,19383.0,0,active
19383.0,19384.0,0,idle
19384.0,19386.0,0,active
19386.0,19387.0,0,idle
19387.0,19389.0,0,active
19389.0,19390.0,0,idle
19390.0,19392.0,0,active
19392.0,19393.0,0,idle
19393.0,19395.0,0,active
19395.0,19396.0,0,idle
19396.0,19398.0,0,active
19398.0,19399.0,0,idle
19399.0,19401.0,0,active
19401.0,19402.0,0,idle
19402.0,19404.0,0,active
19404.0,19405.0,0,idle
19405.0,19407.0,0,active
19407.0,19408.0,0,idle
19408.0,19410.0,0,active
19410.0,19411.0,0,idle
19411.0,19413.0,0,active
19413.0,19414.0,0,idle
19414.0,19416.0,0,active
19416.0,19417.0,0,idle
19417.0,19419.0,0,active
19419.0,19420.0,0,idle
19420.0,19422.0,0,active
19422.0,19423.0,0,idle
19423.0,19425.0,0,active
19425.0,19426.0,0,idle
19426.0,19428.0,0,active
19428.0,19429.0,0,idle
19429.0,19431.0,0,active
19431.0,19432.0,0,idle
19432.0,19434.0,0,active
19434.0,19435.0,0,idle
19435.0,19437.0,0,active
19437.0,19438.0,0,idle
19438.0,19440.0,0,active
19440.0,19441.0,0,idle
19441.0,19443.0,0,active
19443.0,19444.0,0,idle
19444.0,19446.0,0,active
19446.0,19447.0,0,idle
19447.0,19449.0,0,active
19449.0,19450.0,0,idle
19450.0,19452.0,0,active
19452.0,19453.0,0,idle
19453.0,19455.0,0,active
19455.0,19456.0,0,idle
19456.0,19458.0,0,active
19458.0,19459.0,0,idle
19459.0,19461.0,0,active
19461.0,19462.0,0,idle
19462.0,19464.0,0,active
19464.0,19465.0,0,idle
19465.0,19467.0,0,active
19467.0,19468.0,0,idle
19468.0,19470.0,0,active
19470.0,19471.0,0,idle
19471.0,19473.0,0,active
19473.0,19474.0,0,idle
19474.0,19476.0,0,active
19476.0,19477.0,0,idle
19477.0,19479.0,0,active
19479.0,19480.0,0,idle
19480.0,19482.0,0,active
19482.0,19483.0,0,idle
19483.0,19485.0,0,active
19485.0,19486.0,0,idle
19486.0,19488.0,0,active
19488.0,19489.0,0,idle
19489.0,19491.0,0,active
19491.0,19492.0,0,idle
19492.0,19494.0,0,active
19494.0,19495.0,0,idle
19495.0,19497.0,0,active
19497.0,19498.0,0,idle
19498.0,19500.0,0,active
19500.0,19501.0,0,idle
19501.0,19503.0,0,active
19503.0,19504.0,0,idle
19504.0,19506.0,0,active
19506.0,19507.0,0,idle
19507.0,19509.0,0,active
19509.0,19510.0,0,idle
19510.0,19512.0,0,active
19512.0,19513.0,0,idle
19513.0,19515.0,0,active
19515.0,19516.0,0,idle
19516.0,19518.0,0,active
19518.0,19519.0,0,idle
19519.0,19521.0,0,active
19521.0,19522.0,0,idle
19522.0,19524.0,0,active
19524.0,19525.0,0,idle
19525.0,19527.0,0,active
19527.0,19528.0,0,idle
19528.0,19530.0,0,active
19530.0,19531.0,0,idle
19531.0,19533.0,0,active
19533.0,19534.0,0,idle
19534.0,19536.0,0,active
19536.0,19537.0,0,idle
19537.0,19539.0,0,active
19539.0,19540.0,0,idle
19540.0,19542.0,0,active
19542.0,19543.0,0,idle
19543.0,19545.0,0,active
19545.0,19546.0,0,idle
19546.0,19548.0,0,active
19548.0,19549.0,0,idle
19549.0,19551.0,0,active
19551.0,19552.0,0,idle
19552.0,19554.0,0,active
19554.0,19555.0,0,idle
19555.0,19557.0,0,active
19557.0,19558.0,0,idle
19558.0,19560.0,0,active
19560.0,19561.0,0,idle
19561.0,19563.0,0,active
19563.0,19564.0,0,idle
19564.0,19566.0,0,active
19566.0,19567.0,0,idle
19567.0,19569.0,0,active
19569.0,19570.0,0,idle
19570.0,19572.0,0,active
19572.0,19573.0,0,idle
19573.0,19575.0,0,active
19575.0,19576.0,0,idle
19576.0,19578.0,0,active
19578.0,19579.0,0,idle
19579.0,19581.0,0,active
19581.0,19582.0,0,idle
19582.0,19584.0,0,active
19584.0,19585.0,0,idle
19585.0,19587.0,0,active
19587.0,19588.0,0,idle
19588.0,19590.0,0,active
19590.0,19591.0,0,idle
19591.0,19593.0,0,active
19593.0,19594.0,0,idle
19594.0,19596.0,0,active
19596.0,19597.0,0,idle
19597.0,19599.0,0,active
19599.0,19600.0,0,idle
19600.0,19602.0,0,active
19602.0,19603.0,0,idle
19603.0,19605.0,0,active
19605.0,19606.0,0,idle
19606.0,19608.0,0,active
19608.0,19609.0,0,idle
19609.0,19611.0,0,active
19611.0,19612.0,0,idle
19612.0,19614.0,0,active
19614.0,19615.0,0,idle
19615.0,19617.0,0,active
19617.0,19618.0,0,idle
19618.0,19620.0,0,active
19620.0,19621.0,0,idle
19621.0,19623.0,0,active
19623.0,19624.0,0,idle
19624.0,19626.0,0,active
19626.0,19627.0,0,idle
19627.0,19629.0,0,active
19629.0,19630.0,0,idle
19630.0,19632.0,0,active
19632.0,19633.0,0,idle
19633.0,19635.0,0,active
19635.0,19636.0,0,idle
19636.0,19638.0,0,active
19638.0,19639.0,0,idle
19639.0,19641.0,0,active
19641.0,19642.0,0,idle
19642.0,19644.0,0,active
19644.0,19645.0,0,idle
19645.0,19647.0,0,active
19647.0,19648.0,0,idle
19648.0,19650.0,0,active
19650.0,19651.0,0,idle
19651.0,19653.0,0,active
19653.0,19654.0,0,idle
19654.0,19656.0,0,active
19656.0,19657.0,0,idle
19657.0,19659.0,0,active
19659.0,19660.0,0,idle
19660.0,19662.0,0,active
19662.0,19663.0,0,idle
19663.0,19665.0,0,active
19665.0,19666.0,0,idle
19666.0,19668.0,0,active
19668.0,19669.0,0,idle
19669.0,19671.0,0,active
19671.0,19672.0,0,idle
19672.0,19674.0,0,active
19674.0,19675.0,0,idle
19675.0,19677.0,0,active
19677.0,19678.0,0,idle
19678.0,19680.0,0,active
19680.0,19681.0,0,idle
19681.0,19683.0,0,active
19683.0,19684.0,0,idle
19684.0,19686.0,0,active
19686.0,19687.0,0,idle
19687.0,19689.0,0,active
19689.0,19690.0,0,idle
19690.0,19692.0,0,active
19692.0,19693.0,0,idle
19693.0,19695.0,0,active
19695.0,19696.0,0,idle
19696.0,19698.0,0,active
19698.0,19699.0,0,idle
19699.0,19701.0,0,active
19701.0,19702.0,0,idle
19702.0,19704.0,0,active
19704.0,19705.0,0,idle
19705.0,19707.0,0,active
19707.0,19708.0,0,idle
19708.0,19710.0,0,active
19710.0,19711.0,0,idle
19711.0,19713.0,0,active
19713.0,19714.0,0,idle
19714.0,19716.0,0,active
19716.0,19717.0,0,idle
19717.0,19719.0,0,active
19719.0,19720.0,0,idle
19720.0,19722.0,0,active
19722.0,19723.0,0,idle
19723.0,19725.0,0,active
19725.0,19726.0,0,idle
19726.0,19728.0,0,active
19728.0,19729.0,0,idle
19729.0,19731.0,0,active
19731.0,19732.0,0,idle
19732.0,19734.0,0,active
19734.0,19735.0,0,idle
19735.0,19737.0,0,active
19737.0,19738.0,0,idle
19738.0,19740.0,0,active
19740.0,19741.0,0,idle
19741.0,19743.0,0,active
19743.0,19744.0,0,idle
19744.0,19746.0,0,active
19746.0,19747.0,0,idle
19747.0,19749.0,0,active
19749.0,19750.0,0,idle
19750.0,19752.0,0,active
19752.0,19753.0,0,idle
19753.0,19755.0,0,active
19755.0,19756.0,0,idle
19756.0,19758.0,0,active
19758.0,19759.0,0,idle
19759.0,19761.0,0,active
19761.0,19762.0,0,idle
19762.0,19764.0,0,active
19764.0,19765.0,0,idle
19765.0,19767.0,0,active
19767.0,19768.0,0,idle
19768.0,19770.0,0,active
19770.0,19771.0,0,idle
19771.0,19773.0,0,active
19773.0,19774.0,0,idle
19774.0,19776.0,0,active
19776.0,19777.0,0,idle
19777.0,19779.0,0,active
19779.0,19780.0,0,idle
19780.0,19782.0,0,active
19782.0,19783.0,0,idle
19783.0,19785.0,0,active
19785.0,19786.0,0,idle
19786.0,19788.0,0,active
19788.0,19789.0,0,idle
19789.0,19791.0,0,active
19791.0,19792.0,0,idle
19792.0,19794.0,0,active
19794.0,19795.0,0,idle
19795.0,19797.0,0,active
19797.0,19798.0,0,idle
19798.0,19800.0,0,active
19800.0,19801.0,0,idle
19801.0,19803.0,0,active
19803.0,19804.0,0,idle
19804.0,19806.0,0,active
19806.0,19807.0,0,idle
19807.0,19809.0,0,active
19809.0,19810.0,0,idle
19810.0,19812.0,0,active
19812.0,19813.0,0,idle
19813.0,19815.0,0,active
19815.0,19816.0,0,idle
19816.0,19818.0,0,active
19818.0,19819.0,0,idle
19819.0,19821.0,0,active
19821.0,19822.0,0,idle
19822.0,19824.0,0,active
19824.0,19825.0,0,idle
19825.0,19827.0,0,active
19827.0,19828.0,0,idle
19828.0,19830.0,0,active
19830.0,19831.0,0,idle
19831.0,19833.0,0,active
19833.0,19834.0,0,idle
19834.0,19836.0,0,active
19836.0,19837.0,0,idle
19837.0,19839.0,0,active
19839.0,19840.0,0,idle
19840.0,19842.0,0,active
19842.0,19843.0,0,idle
19843.0,19845.0,0,active
19845.0,19846.0,0,idle
19846.0,19848.0,0,active
19848.0,19849.0,0,idle
19849.0,19851.0,0,active
19851.0,19852.0,0,idle
19852.0,19854.0,0,active
19854.0,19855.0,0,idle
19855.0,19857.0,0,active
19857.0,19858.0,0,idle
19858.0,19860.0,0,active
19860.0,19861.0,0,idle
19861.0,19863.0,0,active
19863.0,19864.0,0,idle
19864.0,19866.0,0,active
19866.0,19867.0,0,idle
19867.0,19869.0,0,active
19869.0,19870.0,0,idle
19870.0,19872.0,0,active
19872.0,19873.0,0,idle
19873.0,19875.0,0,active
19875.0,19876.0,0,idle
19876.0,19878.0,0,active
19878.0,19879.0,0,idle
19879.0,19881.0,0,active
19881.0,19882.0,0,idle
19882.0,19884.0,0,active
19884.0,19885.0,0,idle
19885.0,19887.0,0,active
19887.0,19888.0,0,idle
19888.0,19890.0,0,active
19890.0,19891.0,0,idle
19891.0,19893.0,0,active
19893.0,19894.0,0,idle
19894.0,19896.0,0,active
19896.0,19897.0,0,idle
19897.0,19899.0,0,active
19899.0,19900.0,0,idle
19900.0,19902.0,0,active
19902.0,19903.0,0,idle
19903.0,19905.0,0,active
19905.0,19906.0,0,idle
19906.0,19908.0,0,active
19908.0,19909.0,0,idle
19909.0,19911.0,0,active
19911.0,19912.0,0,idle
19912.0,19914.0,0,active
19914.0,19915.0,0,idle
19915.0,19917.0,0,active
19917.0,19918.0,0,idle
19918.0,19920.0,0,active
19920.0,19921.0,0,idle
19921.0,19923.0,0,active
19923.0,19924.0,0,idle
19924.0,19926.0,0,active
19926.0,19927.0,0,idle
19927.0,19929.0,0,active
19929.0,19930.0,0,idle
19930.0,19932.0,0,active
19932.0,19933.0,0,idle
19933.0,19935.0,0,active
19935.0,19936.0,0,idle
19936.0,19938.0,0,active
19938.0,19939.0,0,idle
19939.0,19941.0,0,active
19941.0,19942.0,0,idle
19942.0,19944.0,0,active
19944.0,19945.0,0,idle
19945.0,19947.0,0,active
19947.0,19948.0,0,idle
19948.0,19950.0,0,active
19950.0,19951.0,0,idle
19951.0,19953.0,0,active
19953.0,19954.0,0,idle
19954.0,19956.0,0,active
19956.0,19957.0,0,idle
19957.0,19959.0,0,active
19959.0,19960.0,0,idle
19960.0,19962.0,0,active
19962.0,19963.0,0,idle
19963.0,19965.0,0,active
19965.0,19966.0,0,idle
19966.0,19968.0,0,active
19968.0,19969.0,0,idle
19969.0,19971.0,0,active
19971.0,19972.0,0,idle
19972.0,19974.0,0,active
19974.0,19975.0,0,idle
19975.0,19977.0,0,active
19977.0,19978.0,0,idle
19978.0,19980.0,0,active
19980.0,19981.0,0,idle
19981.0,19983.0,0,active
19983.0,19984.0,0,idle
19984.0,19986.0,0,active
19986.0,19987.0,0,idle
19987.0,19989.0,0,active
19989.0,19990.0,0,idle
19990.0,19992.0,0,active
19992.0,19993.0,0,idle
19993.0,19995.0,0,active
19995.0,19996.0,0,idle
19996.0,19998.0,0,active
19998.0,19999.0,0,idle
19999.0,20001.0,0,active
20001.0,20002.0,0,idle
20002.0,20004.0,0,active
20004.0,20005.0,0,idle
20005.0,20007.0,0,active
20007.0,20008.0,0,idle
20008.0,20010.0,0,active
20010.0,20011.0,0,idle
20011.0,20013.0,0,active
20013.0,20014.0,0,idle
20014.0,20016.0,0,active
20016.0,20017.0,0,idle
20017.0,20019.0,0,active
20019.0,20020.0,0,idle
20020.0,20022.0,0,active
20022.0,20023.0,0,idle
20023.0,20025.0,0,active
20025.0,20026.0,0,idle
20026.0,20028.0,0,active
20028.0,20029.0,0,idle
20029.0,20031.0,0,active
20031.0,20032.0,0,idle
20032.0,20034.0,0,active
20034.0,20035.0,0,idle
20035.0,20037.0,0,active
20037.0,20038.0,0,idle
20038.0,20040.0,0,active
20040.0,20041.0,0,idle
20041.0,20043.0,0,active
20043.0,20044.0,0,idle
20044.0,20046.0,0,active
20046.0,20047.0,0,idle
20047.0,20049.0,0,active
20049.0,20050.0,0,idle
20050.0,20052.0,0,active
20052.0,20053.0,0,idle
20053.0,20055.0,0,active
20055.0,20056.0,0,idle
20056.0,20058.0,0,active
20058.0,20059.0,0,idle
20059.0,20061.0,0,active
20061.0,20062.0,0,idle
20062.0,20064.0,0,active
20064.0,20065.0,0,idle
20065.0,20067.0,0,active
20067.0,20068.0,0,idle
20068.0,20070.0,0,active
20070.0,20071.0,0,idle
20071.0,20073.0,0,active
20073.0,20074.0,0,idle
20074.0,20076.0,0,active
20076.0,20077.0,0,idle
20077.0,20079.0,0,active
20079.0,20080.0,0,idle
20080.0,20082.0,0,active
20082.0,20083.0,0,idle
20083.0,20085.0,0,active
20085.0,20086.0,0,idle
20086.0,20088.0,0,active
20088.0,20089.0,0,idle
20089.0,20091.0,0,active
20091.0,20092.0,0,idle
20092.0,20094.0,0,active
20094.0,20095.0,0,idle
20095.0,20097.0,0,active
20097.0,20098.0,0,idle
20098.0,20100.0,0,active
20100.0,20101.0,0,idle
20101.0,20103.0,0,active
20103.0,20104.0,0,idle
20104.0,20106.0,0,active
20106.0,20107.0,0,idle
20107.0,20109.0,0,active
20109.0,20110.0,0,idle
20110.0,20112.0,0,active
20112.0,20113.0,0,idle
20113.0,20115.0,0,active
20115.0,20116.0,0,idle
20116.0,20118.0,0,active
20118.0,20119.0,0,idle
20119.0,20121.0,0,active
20121.0,20122.0,0,idle
20122.0,20124.0,0,active
20124.0,20125.0,0,idle
20125.0,20127.0,0,active
20127.0,20128.0,0,idle
20128.0,20130.0,0,active
20130.0,20131.0,0,idle
20131.0,20133.0,0,active
20133.0,20134.0,0,idle
20134.0,20136.0,0,active
20136.0,20137.0,0,idle
20137.0,20139.0,0,active
20139.0,20140.0,0,idle
20140.0,20142.0,0,active
20142.0,20143.0,0,idle
20143.0,20145.0,0,active
20145.0,20146.0,0,idle
20146.0,20148.0,0,active
20148.0,20149.0,0,idle
20149.0,20151.0,0,active
20151.0,20152.0,0,idle
20152.0,20154.0,0,active
20154.0,20155.0,0,idle
20155.0,20157.0,0,active
20157.0,20158.0,0,idle
20158.0,20160.0,0,active
20160.0,20161.0,0,idle
20161.0,20163.0,0,active
20163.0,20164.0,0,idle
20164.0,20166.0,0,active
20166.0,20167.0,0,idle
20167.0,20169.0,0,active
20169.0,20170.0,0,idle
20170.0,20172.0,0,active
20172.0,20173.0,0,idle
20173.0,20175.0,0,active
20175.0,20176.0,0,idle
20176.0,20178.0,0,active
20178.0,20179.0,0,idle
20179.0,20181.0,0,active
20181.0,20182.0,0,idle
20182.0,20184.0,0,active
20184.0,20185.0,0,idle
20185.0,20187.0,0,active
20187.0,20188.0,0,idle
20188.0,20190.0,0,active
20190.0,20191.0,0,idle
20191.0,20193.0,0,active
20193.0,20194.0,0,idle
20194.0,20196.0,0,active
20196.0,20197.0,0,idle
20197.0,20199.0,0,active
20199.0,20200.0,0,idle
20200.0,20202.0,0,active
20202.0,20203.0,0,idle
20203.0,20205.0,0,active
20205.0,20206.0,0,idle
20206.0,20208.0,0,active
20208.0,20209.0,0,idle
20209.0,20211.0,0,active
20211.0,20212.0,0,idle
20212.0,20214.0,0,active
20214.0,20215.0,0,idle
20215.0,20217.0,0,active
20217.0,20218.0,0,idle
20218.0,20220.0,0,active
20220.0,20221.0,0,idle
20221.0,20223.0,0,active
20223.0,20224.0,0,idle
20224.0,20226.0,0,active
20226.0,20227.0,0,idle
20227.0,20229.0,0,active
20229.0,20230.0,0,idle
20230.0,20232.0,0,active
20232.0,20233.0,0,idle
20233.0,20235.0,0,active
20235.0,20236.0,0,idle
20236.0,20238.0,0,active
20238.0,20239.0,0,idle
20239.0,20241.0,0,active
20241.0,20242.0,0,idle
20242.0,20244.0,0,active
20244.0,20245.0,0,idle
20245.0,20247.0,0,active
20247.0,20248.0,0,idle
20248.0,20250.0,0,active
20250.0,20251.0,0,idle
20251.0,20253.0,0,active
20253.0,20254.0,0,idle
20254.0,20256.0,0,active
20256.0,20257.0,0,idle
20257.0,20259.0,0,active
20259.0,20260.0,0,idle
20260.0,20262.0,0,active
20262.0,20263.0,0,idle
20263.0,20265.0,0,active
20265.0,20266.0,0,idle
20266.0,20268.0,0,active
20268.0,20269.0,0,idle
20269.0,20271.0,0,active
20271.0,20272.0,0,idle
20272.0,20274.0,0,active
20274.0,20275.0,0,idle
20275.0,20277.0,0,active
20277.0,20278.0,0,idle
20278.0,20280.0,0,active
20280.0,20281.0,0,idle
20281.0,20283.0,0,active
20283.0,20284.0,0,idle
20284.0,20286.0,0,active
20286.0,20287.0,0,idle
20287.0,20289.0,0,active
20289.0,20290.0,0,idle
20290.0,20292.0,0,active
20292.0,20293.0,0,idle
20293.0,20295.0,0,active
20295.0,20296.0,0,idle
20296.0,20298.0,0,active
20298.0,20299.0,0,idle
20299.0,20301.0,0,active
20301.0,20302.0,0,idle
20302.0,20304.0,0,active
20304.0,20305.0,0,idle
20305.0,20307.0,0,active
20307.0,20308.0,0,idle
20308.0,20310.0,0,active
20310.0,20311.0,0,idle
20311.0,20313.0,0,active
20313.0,20314.0,0,idle
20314.0,20316.0,0,active
20316.0,20317.0,0,idle
20317.0,20319.0,0,active
20319.0,20320.0,0,idle
20320.0,20322.0,0,active
20322.0,20323.0,0,idle
20323.0,20325.0,0,active
20325.0,20326.0,0,idle
20326.0,20328.0,0,active
20328.0,20329.0,0,idle
20329.0,20331.0,0,active
20331.0,20332.0,0,idle
20332.0,20334.0,0,active
20334.0,20335.0,0,idle
20335.0,20337.0,0,active
20337.0,20338.0,0,idle
20338.0,20340.0,0,active
20340.0,20341.0,0,idle
20341.0,20343.0,0,active
20343.0,20344.0,0,idle
20344.0,20346.0,0,active
20346.0,20347.0,0,idle
20347.0,20349.0,0,active
20349.0,20350.0,0,idle
20350.0,20352.0,0,active
20352.0,20353.0,0,idle
20353.0,20355.0,0,active
20355.0,20356.0,0,idle
20356.0,20358.0,0,active
20358.0,20359.0,0,idle
20359.0,20361.0,0,active
20361.0,20362.0,0,idle
20362.0,20364.0,0,active
20364.0,20365.0,0,idle
20365.0,20367.0,0,active
20367.0,20368.0,0,idle
20368.0,20370.0,0,active
20370.0,20371.0,0,idle
20371.0,20373.0,0,active
20373.0,20374.0,0,idle
20374.0,20376.0,0,active
20376.0,20377.0,0,idle
20377.0,20379.0,0,active
20379.0,20380.0,0,idle
20380.0,20382.0,0,active
20382.0,20383.0,0,idle
20383.0,20385.0,0,active
20385.0,20386.0,0,idle
20386.0,20388.0,0,active
20388.0,20389.0,0,idle
20389.0,20391.0,0,active
20391.0,20392.0,0,idle
20392.0,20394.0,0,active
20394.0,20395.0,0,idle
20395.0,20397.0,0,active
20397.0,20398.0,0,idle
20398.0,20400.0,0,active
20400.0,20401.0,0,idle
20401.0,20403.0,0,active
20403.0,20404.0,0,idle
20404.0,20406.0,0,active
20406.0,20407.0,0,idle
20407.0,20409.0,0,active
20409.0,20410.0,0,idle
20410.0,20412.0,0,active
20412.0,20413.0,0,idle
20413.0,20415.0,0,active
20415.0,20416.0,0,idle
20416.0,20418.0,0,active
20418.0,20419.0,0,idle
20419.0,20421.0,0,active
20421.0,20422.0,0,idle
20422.0,20424.0,0,active
20424.0,20425.0,0,idle
20425.0,20427.0,0,active
20427.0,20428.0,0,idle
20428.0,20430.0,0,active
20430.0,20431.0,0,idle
20431.0,20433.0,0,active
20433.0,20434.0,0,idle
20434.0,20436.0,0,active
20436.0,20437.0,0,idle
20437.0,20439.0,0,active
20439.0,20440.0,0,idle
20440.0,20442.0,0,active
20442.0,20443.0,0,idle
20443.0,20445.0,0,active
20445.0,20446.0,0,idle
20446.0,20448.0,0,active
20448.0,20449.0,0,idle
20449.0,20451.0,0,active
20451.0,20452.0,0,idle
20452.0,20454.0,0,active
20454.0,20455.0,0,idle
20455.0,20457.0,0,active
20457.0,20458.0,0,idle
20458.0,20460.0,0,active
20460.0,20461.0,0,idle
20461.0,20463.0,0,active
20463.0,20464.0,0,idle
20464.0,20466.0,0,active
20466.0,20467.0,0,idle
20467.0,20469.0,0,active
20469.0,20470.0,0,idle
20470.0,20472.0,0,active
20472.0,20473.0,0,idle
20473.0,20475.0,0,active
20475.0,20476.0,0,idle
20476.0,20478.0,0,active
20478.0,20479.0,0,idle
20479.0,20481.0,0,active
20481.0,20482.0,0,idle
20482.0,20484.0,0,active
20484.0,20485.0,0,idle
20485.0,20487.0,0,active
20487.0,20488.0,0,idle
20488.0,20490.0,0,active
20490.0,20491.0,0,idle
20491.0,20493.0,0,active
20493.0,20494.0,0,idle
20494.0,20496.0,0,active
20496.0,20497.0,0,idle
20497.0,20499.0,0,active
20499.0,20500.0,0,idle
20500.0,20502.0,0,active
20502.0,20503.0,0,idle
20503.0,20505.0,0,active
20505.0,20506.0,0,idle
20506.0,20508.0,0,active
20508.0,20509.0,0,idle
20509.0,20511.0,0,active
20511.0,20512.0,0,idle
20512.0,20514.0,0,active
20514.0,20515.0,0,idle
20515.0,20517.0,0,active
20517.0,20518.0,0,idle
20518.0,20520.0,0,active
20520.0,20521.0,0,idle
20521.0,20523.0,0,active
20523.0,20524.0,0,idle
20524.0,20526.0,0,active
20526.0,20527.0,0,idle
20527.0,20529.0,0,active
20529.0,20530.0,0,idle
20530.0,20532.0,0,active
20532.0,20533.0,0,idle
20533.0,20535.0,0,active
20535.0,20536.0,0,idle
20536.0,20538.0,0,active
20538.0,20539.0,0,idle
20539.0,20541.0,0,active
20541.0,20542.0,0,idle
20542.0,20544.0,0,active
20544.0,20545.0,0,idle
20545.0,20547.0,0,active
20547.0,20548.0,0,idle
20548.0,20550.0,0,active
20550.0,20551.0,0,idle
20551.0,20553.0,0,active
20553.0,20554.0,0,idle
20554.0,20556.0,0,active
20556.0,20557.0,0,idle
20557.0,20559.0,0,active
20559.0,20560.0,0,idle
20560.0,20562.0,0,active
20562.0,20563.0,0,idle
20563.0,20565.0,0,active
20565.0,20566.0,0,idle
20566.0,20568.0,0,active
20568.0,20569.0,0,idle
20569.0,20571.0,0,active
20571.0,20572.0,0,idle
20572.0,20574.0,0,active
20574.0,20575.0,0,idle
20575.0,20577.0,0,active
20577.0,20578.0,0,idle
20578.0,20580.0,0,active
20580.0,20581.0,0,idle
20581.0,20583.0,0,active
20583.0,20584.0,0,idle
20584.0,20586.0,0,active
20586.0,20587.0,0,idle
20587.0,20589.0,0,active
20589.0,20590.0,0,idle
20590.0,20592.0,0,active
20592.0,20593.0,0,idle
20593.0,20595.0,0,active
20595.0,20596.0,0,idle
20596.0,20598.0,0,active
20598.0,20599.0,0,idle
20599.0,20601.0,0,active
20601.0,20602.0,0,idle
20602.0,20604.0,0,active
20604.0,20605.0,0,idle
20605.0,20607.0,0,active
20607.0,20608.0,0,idle
20608.0,20610.0,0,active
20610.0,20611.0,0,idle
20611.0,20613.0,0,active
20613.0,20614.0,0,idle
20614.0,20616.0,0,active
20616.0,20617.0,0,idle
20617.0,20619.0,0,active
20619.0,20620.0,0,idle
20620.0,20622.0,0,active
20622.0,20623.0,0,idle
20623.0,20625.0,0,active
20625.0,20626.0,0,idle
20626.0,20628.0,0,active
20628.0,20629.0,0,idle
20629.0,20631.0,0,active
20631.0,20632.0,0,idle
20632.0,20634.0,0,active
20634.0,20635.0,0,idle
20635.0,20637.0,0,active
20637.0,20638.0,0,idle
20638.0,20640.0,0,active
20640.0,20641.0,0,idle
20641.0,20643.0,0,active
20643.0,20644.0,0,idle
20644.0,20646.0,0,active
20646.0,20647.0,0,idle
20647.0,20649.0,0,active
20649.0,20650.0,0,idle
20650.0,20652.0,0,active
20652.0,20653.0,0,idle
20653.0,20655.0,0,active
20655.0,20656.0,0,idle
20656.0,20658.0,0,active
20658.0,20659.0,0,idle
20659.0,20661.0,0,active
20661.0,20662.0,0,idle
20662.0,20664.0,0,active
20664.0,20665.0,0,idle
20665.0,20667.0,0,active
20667.0,20668.0,0,idle
20668.0,20670.0,0,active
20670.0,20671.0,0,idle
20671.0,20673.0,0,active
20673.0,20674.0,0,idle
20674.0,20676.0,0,active
20676.0,20677.0,0,idle
20677.0,20679.0,0,active
20679.0,20680.0,0,idle
20680.0,20682.0,0,active
20682.0,20683.0,0,idle
20683.0,20685.0,0,active
20685.0,20686.0,0,idle
20686.0,20688.0,0,active
20688.0,20689.0,0,idle
20689.0,20691.0,0,active
20691.0,20692.0,0,idle
20692.0,20694.0,0,active
20694.0,20695.0,0,idle
20695.0,20697.0,0,active
20697.0,20698.0,0,idle
20698.0,20700.0,0,active
20700.0,20701.0,0,idle
20701.0,20703.0,0,active
20703.0,20704.0,0,idle
20704.0,20706.0,0,active
20706.0,20707.0,0,idle
20707.0,20709.0,0,active
20709.0,20710.0,0,idle
20710.0,20712.0,0,active
20712.0,20713.0,0,idle
20713.0,20715.0,0,active
20715.0,20716.0,0,idle
20716.0,20718.0,0,active
20718.0,20719.0,0,idle
20719.0,20721.0,0,active
20721.0,20722.0,0,idle
20722.0,20724.0,0,active
20724.0,20725.0,0,idle
20725.0,20727.0,0,active
20727.0,20728.0,0,idle
20728.0,20730.0,0,active
20730.0,20731.0,0,idle
20731.0,20733.0,0,active
20733.0,20734.0,0,idle
20734.0,20736.0,0,active
20736.0,20737.0,0,idle
20737.0,20739.0,0,active
20739.0,20740.0,0,idle
20740.0,20742.0,0,active
20742.0,20743.0,0,idle
20743.0,20745.0,0,active
20745.0,20746.0,0,idle
20746.0,20748.0,0,active
20748.0,20749.0,0,idle
20749.0,20751.0,0,active
20751.0,20752.0,0,idle
20752.0,20754.0,0,active
20754.0,20755.0,0,idle
20755.0,20757.0,0,active
20757.0,20758.0,0,idle
20758.0,20760.0,0,active
20760.0,20761.0,0,idle
20761.0,20763.0,0,active
20763.0,20764.0,0,idle
20764.0,20766.0,0,active
20766.0,20767.0,0,idle
20767.0,20769.0,0,active
20769.0,20770.0,0,idle
20770.0,20772.0,0,active
20772.0,20773.0,0,idle
20773.0,20775.0,0,active
20775.0,20776.0,0,idle
20776.0,20778.0,0,active
20778.0,20779.0,0,idle
20779.0,20781.0,0,active
20781.0,20782.0,0,idle
20782.0,20784.0,0,active
20784.0,20785.0,0,idle
20785.0,20787.0,0,active
20787.0,20788.0,0,idle
20788.0,20790.0,0,active
20790.0,20791.0,0,idle
20791.0,20793.0,0,active
20793.0,20794.0,0,idle
20794.0,20796.0,0,active
20796.0,20797.0,0,idle
20797.0,20799.0,0,active
20799.0,20800.0,0,idle
20800.0,20802.0,0,active
20802.0,20803.0,0,idle
20803.0,20805.0,0,active
20805.0,20806.0,0,idle
20806.0,20808.0,0,active
20808.0,20809.0,0,idle
20809.0,20811.0,0,active
20811.0,20812.0,0,idle
20812.0,20814.0,0,active
20814.0,20815.0,0,idle
20815.0,20817.0,0,active
20817.0,20818.0,0,idle
20818.0,20820.0,0,active
20820.0,20821.0,0,idle
20821.0,20823.0,0,active
20823.0,20824.0,0,idle
20824.0,20826.0,0,active
20826.0,20827.0,0,idle
20827.0,20829.0,0,active
20829.0,20830.0,0,idle
20830.0,20832.0,0,active
20832.0,20833.0,0,idle
20833.0,20835.0,0,active
20835.0,20836.0,0,idle
20836.0,20838.0,0,active
20838.0,20839.0,0,idle
20839.0,20841.0,0,active
20841.0,20842.0,0,idle
20842.0,20844.0,0,active
20844.0,20845.0,0,idle
20845.0,20847.0,0,active
20847.0,20848.0,0,idle
20848.0,20850.0,0,active
20850.0,20851.0,0,idle
20851.0,20853.0,0,active
20853.0,20854.0,0,idle
20854.0,20856.0,0,active
20856.0,20857.0,0,idle
20857.0,20859.0,0,active
20859.0,20860.0,0,idle
20860.0,20862.0,0,active
20862.0,20863.0,0,idle
20863.0,20865.0,0,active
20865.0,20866.0,0,idle
20866.0,20868.0,0,active
20868.0,20869.0,0,idle
20869.0,20871.0,0,active
20871.0,20872.0,0,idle
20872.0,20874.0,0,active
20874.0,20875.0,0,idle
20875.0,20877.0,0,active
20877.0,20878.0,0,idle
20878.0,20880.0,0,active
20880.0,20881.0,0,idle
20881.0,20883.0,0,active
20883.0,20884.0,0,idle
20884.0,20886.0,0,active
20886.0,20887.0,0,idle
20887.0,20889.0,0,active
20889.0,20890.0,0,idle
20890.0,20892.0,0,active
20892.0,20893.0,0,idle
20893.0,20895.0,0,active
20895.0,20896.0,0,idle
20896.0,20898.0,0,active
20898.0,20899.0,0,idle
20899.0,20901.0,0,active
20901.0,20902.0,0,idle
20902.0,20904.0,0,active
20904.0,20905.0,0,idle
20905.0,20907.0,0,active
20907.0,20908.0,0,idle
20908.0,20910.0,0,active
20910.0,20911.0,0,idle
20911.0,20913.0,0,active
20913.0,20914.0,0,idle
20914.0,20916.0,0,active
20916.0,20917.0,0,idle
20917.0,20919.0,0,active
20919.0,20920.0,0,idle
20920.0,20922.0,0,active
20922.0,20923.0,0,idle
20923.0,20925.0,0,active
20925.0,20926.0,0,idle
20926.0,20928.0,0,active
20928.0,20929.0,0,idle
20929.0,20931.0,0,active
20931.0,20932.0,0,idle
20932.0,20934.0,0,active
20934.0,20935.0,0,idle
20935.0,20937.0,0,active
20937.0,20938.0,0,idle
20938.0,20940.0,0,active
20940.0,20941.0,0,idle
20941.0,20943.0,0,active
20943.0,20944.0,0,idle
20944.0,20946.0,0,active
20946.0,20947.0,0,idle
20947.0,20949.0,0,active
20949.0,20950.0,0,idle
20950.0,20952.0,0,active
20952.0,20953.0,0,idle
20953.0,20955.0,0,active
20955.0,20956.0,0,idle
20956.0,20958.0,0,active
20958.0,20959.0,0,idle
20959.0,20961.0,0,active
20961.0,20962.0,0,idle
20962.0,20964.0,0,active
20964.0,20965.0,0,idle
20965.0,20967.0,0,active
20967.0,20968.0,0,idle
20968.0,20970.0,0,active
20970.0,20971.0,0,idle
20971.0,20973.0,0,active
20973.0,20974.0,0,idle
20974.0,20976.0,0,active
20976.0,20977.0,0,idle
20977.0,20979.0,0,active
20979.0,20980.0,0,idle
20980.0,20982.0,0,active
20982.0,20983.0,0,idle
20983.0,20985.0,0,active
20985.0,20986.0,0,idle
20986.0,20988.0,0,active
20988.0,20989.0,0,idle
20989.0,20991.0,0,active
20991.0,20992.0,0,idle
20992.0,20994.0,0,active
20994.0,20995.0,0,idle
20995.0,20997.0,0,active
20997.0,20998.0,0,idle
20998.0,21000.0,0,active
21000.0,21001.0,0,idle
21001.0,21003.0,0,active
21003.0,21004.0,0,idle
21004.0,21006.0,0,active
21006.0,21007.0,0,idle
21007.0,21009.0,0,active
21009.0,21010.0,0,idle
21010.0,21012.0,0,active
21012.0,21013.0,0,idle
21013.0,21015.0,0,active
21015.0,21016.0,0,idle
21016.0,21018.0,0,active
21018.0,21019.0,0,idle
21019.0,21021.0,0,active
21021.0,21022.0,0,idle
21022.0,21024.0,0,active
21024.0,21025.0,0,idle
21025.0,21027.0,0,active
21027.0,21028.0,0,idle
21028.0,21030.0,0,active
21030.0,21031.0,0,idle
21031.0,21033.0,0,active
21033.0,21034.0,0,idle
21034.0,21036.0,0,active
21036.0,21037.0,0,idle
21037.0,21039.0,0,active
21039.0,21040.0,0,idle
21040.0,21042.0,0,active
21042.0,21043.0,0,idle
21043.0,21045.0,0,active
21045.0,21046.0,0,idle
21046.0,21048.0,0,active
21048.0,21049.0,0,idle
21049.0,21051.0,0,active
21051.0,21052.0,0,idle
21052.0,21054.0,0,active
21054.0,21055.0,0,idle
21055.0,21057.0,0,active
21057.0,21058.0,0,idle
21058.0,21060.0,0,active
21060.0,21061.0,0,idle
21061.0,21063.0,0,active
21063.0,21064.0,0,idle
21064.0,21066.0,0,active
21066.0,21067.0,0,idle
21067.0,21069.0,0,active
21069.0,21070.0,0,idle
21070.0,21072.0,0,active
21072.0,21073.0,0,idle
21073.0,21075.0,0,active
21075.0,21076.0,0,idle
21076.0,21078.0,0,active
21078.0,21079.0,0,idle
21079.0,21081.0,0,active
21081.0,21082.0,0,idle
21082.0,21084.0,0,active
21084.0,21085.0,0,idle
21085.0,21087.0,0,active
21087.0,21088.0,0,idle
21088.0,21090.0,0,active
21090.0,21091.0,0,idle
21091.0,21093.0,0,active
21093.0,21094.0,0,idle
21094.0,21096.0,0,active
21096.0,21097.0,0,idle
21097.0,21099.0,0,active
21099.0,21100.0,0,idle
21100.0,21102.0,0,active
21102.0,21103.0,0,idle
21103.0,21105.0,0,active
21105.0,21106.0,0,idle
21106.0,21108.0,0,active
21108.0,21109.0,0,idle
21109.0,21111.0,0,active
21111.0,21112.0,0,idle
21112.0,21114.0,0,active
21114.0,21115.0,0,idle
21115.0,21117.0,0,active
21117.0,21118.0,0,idle
21118.0,21120.0,0,active
21120.0,21121.0,0,idle
21121.0,21123.0,0,active
21123.0,21124.0,0,idle
21124.0,21126.0,0,active
21126.0,21127.0,0,idle
21127.0,21129.0,0,active
21129.0,21130.0,0,idle
21130.0,21132.0,0,active
21132.0,21133.0,0,idle
21133.0,21135.0,0,active
21135.0,21136.0,0,idle
21136.0,21138.0,0,active
21138.0,21139.0,0,idle
21139.0,21141.0,0,active
21141.0,21142.0,0,idle
21142.0,21144.0,0,active
21144.0,21145.0,0,idle
21145.0,21147.0,0,active
21147.0,21148.0,0,idle
21148.0,21150.0,0,active
21150.0,21151.0,0,idle
21151.0,21153.0,0,active
21153.0,21154.0,0,idle
21154.0,21156.0,0,active
21156.0,21157.0,0,idle
21157.0,21159.0,0,active
21159.0,21160.0,0,idle
21160.0,21162.0,0,active
21162.0,21163.0,0,idle
21163.0,21165.0,0,active
21165.0,21166.0,0,idle
21166.0,21168.0,0,active
21168.0,21169.0,0,idle
21169.0,21171.0,0,active
21171.0,21172.0,0,idle
21172.0,21174.0,0,active
21174.0,21175.0,0,idle
21175.0,21177.0,0,active
21177.0,21178.0,0,idle
21178.0,21180.0,0,active
21180.0,21181.0,0,idle
21181.0,21183.0,0,active
21183.0,21184.0,0,idle
21184.0,21186.0,0,active
21186.0,21187.0,0,idle
21187.0,21189.0,0,active
21189.0,21190.0,0,idle
21190.0,21192.0,0,active
21192.0,21193.0,0,idle
21193.0,21195.0,0,active
21195.0,21196.0,0,idle
21196.0,21198.0,0,active
21198.0,21199.0,0,idle
21199.0,21201.0,0,active
21201.0,21202.0,0,idle
21202.0,21204.0,0,active
21204.0,21205.0,0,idle
21205.0,21207.0,0,active
21207.0,21208.0,0,idle
21208.0,21210.0,0,active
21210.0,21211.0,0,idle
21211.0,21213.0,0,active
21213.0,21214.0,0,idle
21214.0,21216.0,0,active
21216.0,21217.0,0,idle
21217.0,21219.0,0,active
21219.0,21220.0,0,idle
21220.0,21222.0,0,active
21222.0,21223.0,0,idle
21223.0,21225.0,0,active
21225.0,21226.0,0,idle
21226.0,21228.0,0,active
21228.0,21229.0,0,idle
21229.0,21231.0,0,active
21231.0,21232.0,0,idle
21232.0,21234.0,0,active
21234.0,21235.0,0,idle
21235.0,21237.0,0,active
21237.0,21238.0,0,idle
21238.0,21240.0,0,active
21240.0,21241.0,0,idle
21241.0,21243.0,0,active
21243.0,21244.0,0,idle
21244.0,21246.0,0,active
21246.0,21247.0,0,idle
21247.0,21249.0,0,active
21249.0,21250.0,0,idle
21250.0,21252.0,0,active
21252.0,21253.0,0,idle
21253.0,21255.0,0,active
21255.0,21256.0,0,idle
21256.0,21258.0,0,active
21258.0,21259.0,0,idle
21259.0,21261.0,0,active
21261.0,21262.0,0,idle
21262.0,21264.0,0,active
21264.0,21265.0,0,idle
21265.0,21267.0,0,active
21267.0,21268.0,0,idle
21268.0,21270.0,0,active
21270.0,21271.0,0,idle
21271.0,21273.0,0,active
21273.0,21274.0,0,idle
21274.0,21276.0,0,active
21276.0,21277.0,0,idle
21277.0,21279.0,0,active
21279.0,21280.0,0,idle
21280.0,21282.0,0,active
21282.0,21283.0,0,idle
21283.0,21285.0,0,active
21285.0,21286.0,0,idle
21286.0,21288.0,0,active
21288.0,21289.0,0,idle
21289.0,21291.0,0,active
21291.0,21292.0,0,idle
21292.0,21294.0,0,active
21294.0,21295.0,0,idle
21295.0,21297.0,0,active
21297.0,21298.0,0,idle
21298.0,21300.0,0,active
21300.0,21301.0,0,idle
21301.0,21303.0,0,active
21303.0,21304.0,0,idle
21304.0,21306.0,0,active
21306.0,21307.0,0,idle
21307.0,21309.0,0,active
21309.0,21310.0,0,idle
21310.0,21312.0,0,active
21312.0,21313.0,0,idle
21313.0,21315.0,0,active
21315.0,21316.0,0,idle
21316.0,21318.0,0,active
21318.0,21319.0,0,idle
21319.0,21321.0,0,active
21321.0,21322.0,0,idle
21322.0,21324.0,0,active
21324.0,21325.0,0,idle
21325.0,21327.0,0,active
21327.0,21328.0,0,idle
21328.0,21330.0,0,active
21330.0,21331.0,0,idle
21331.0,21333.0,0,active
21333.0,21334.0,0,idle
21334.0,21336.0,0,active
21336.0,21337.0,0,idle
21337.0,21339.0,0,active
21339.0,21340.0,0,idle
21340.0,21342.0,0,active
21342.0,21343.0,0,idle
21343.0,21345.0,0,active
21345.0,21346.0,0,idle
21346.0,21348.0,0,active
21348.0,21349.0,0,idle
21349.0,21351.0,0,active
21351.0,21352.0,0,idle
21352.0,21354.0,0,active
21354.0,21355.0,0,idle
21355.0,21357.0,0,active
21357.0,21358.0,0,idle
21358.0,21360.0,0,active
21360.0,21361.0,0,idle
21361.0,21363.0,0,active
21363.0,21364.0,0,idle
21364.0,21366.0,0,active
21366.0,21367.0,0,idle
21367.0,21369.0,0,active
21369.0,21370.0,0,idle
21370.0,21372.0,0,active
21372.0,21373.0,0,idle
21373.0,21375.0,0,active
21375.0,21376.0,0,idle
21376.0,21378.0,0,active
21378.0,21379.0,0,idle
21379.0,21381.0,0,active
21381.0,21382.0,0,idle
21382.0,21384.0,0,active
21384.0,21385.0,0,idle
21385.0,21387.0,0,active
21387.0,21388.0,0,idle
21388.0,21390.0,0,active
21390.0,21391.0,0,idle
21391.0,21393.0,0,active
21393.0,21394.0,0,idle
21394.0,21396.0,0,active
21396.0,21397.0,0,idle
21397.0,21399.0,0,active
21399.0,21400.0,0,idle
21400.0,21402.0,0,active
21402.0,21403.0,0,idle
21403.0,21405.0,0,active
21405.0,21406.0,0,idle
21406.0,21408.0,0,active
21408.0,21409.0,0,idle
21409.0,21411.0,0,active
21411.0,21412.0,0,idle
21412.0,21414.0,0,active
21414.0,21415.0,0,idle
21415.0,21417.0,0,active
21417.0,21418.0,0,idle
21418.0,21420.0,0,active
21420.0,21421.0,0,idle
21421.0,21423.0,0,active
21423.0,21424.0,0,idle
21424.0,21426.0,0,active
21426.0,21427.0,0,idle
21427.0,21429.0,0,active
21429.0,21430.0,0,idle
21430.0,21432.0,0,active
21432.0,21433.0,0,idle
21433.0,21435.0,0,active
21435.0,21436.0,0,idle
21436.0,21438.0,0,active
21438.0,21439.0,0,idle
21439.0,21441.0,0,active
21441.0,21442.0,0,idle
21442.0,21444.0,0,active
21444.0,21445.0,0,idle
21445.0,21447.0,0,active
21447.0,21448.0,0,idle
21448.0,21450.0,0,active
21450.0,21451.0,0,idle
21451.0,21453.0,0,active
21453.0,21454.0,0,idle
21454.0,21456.0,0,active
21456.0,21457.0,0,idle
21457.0,21459.0,0,active
21459.0,21460.0,0,idle
21460.0,21462.0,0,active
21462.0,21463.0,0,idle
21463.0,21465.0,0,active
21465.0,21466.0,0,idle
21466.0,21468.0,0,active
21468.0,21469.0,0,idle
21469.0,21471.0,0,active
21471.0,21472.0,0,idle
21472.0,21474.0,0,active
21474.0,21475.0,0,idle
21475.0,21477.0,0,active
21477.0,21478.0,0,idle
21478.0,21480.0,0,active
21480.0,21481.0,0,idle
21481.0,21483.0,0,active
21483.0,21484.0,0,idle
21484.0,21486.0,0,active
21486.0,21487.0,0,idle
21487.0,21489.0,0,active
21489.0,21490.0,0,idle
21490.0,21492.0,0,active
21492.0,21493.0,0,idle
21493.0,21495.0,0,active
21495.0,21496.0,0,idle
21496.0,21498.0,0,active
21498.0,21499.0,0,idle
21499.0,21501.0,0,active
21501.0,21502.0,0,idle
21502.0,21504.0,0,active
21504.0,21505.0,0,idle
21505.0,21507.0,0,active
21507.0,21508.0,0,idle
21508.0,21510.0,0,active
21510.0,21511.0,0,idle
21511.0,21513.0,0,active
21513.0,21514.0,0,idle
21514.0,21516.0,0,active
21516.0,21517.0,0,idle
21517.0,21519.0,0,active
21519.0,21520.0,0,idle
21520.0,21522.0,0,active
21522.0,21523.0,0,idle
21523.0,21525.0,0,active
21525.0,21526.0,0,idle
21526.0,21528.0,0,active
21528.0,21529.0,0,idle
21529.0,21531.0,0,active
21531.0,21532.0,0,idle
21532.0,21534.0,0,active
21534.0,21535.0,0,idle
21535.0,21537.0,0,active
21537.0,21538.0,0,idle
21538.0,21540.0,0,active
21540.0,21541.0,0,idle
21541.0,21543.0,0,active
21543.0,21544.0,0,idle
21544.0,21546.0,0,active
21546.0,21547.0,0,idle
21547.0,21549.0,0,active
21549.0,21550.0,0,idle
21550.0,21552.0,0,active
21552.0,21553.0,0,idle
21553.0,21555.0,0,active
21555.0,21556.0,0,idle
21556.0,21558.0,0,active
21558.0,21559.0,0,idle
21559.0,21561.0,0,active
21561.0,21562.0,0,idle
21562.0,21564.0,0,active
21564.0,21565.0,0,idle
21565.0,21567.0,0,active
21567.0,21568.0,0,idle
21568.0,21570.0,0,active
21570.0,21571.0,0,idle
21571.0,21573.0,0,active
21573.0,21574.0,0,idle
21574.0,21576.0,0,active
21576.0,21577.0,0,idle
21577.0,21579.0,0,active
21579.0,21580.0,0,idle
21580.0,21582.0,0,active
21582.0,21583.0,0,idle
21583.0,21585.0,0,active
21585.0,21586.0,0,idle
21586.0,21588.0,0,active
21588.0,21589.0,0,idle
21589.0,21591.0,0,active
21591.0,21592.0,0,idle
21592.0,21594.0,0,active
21594.0,21595.0,0,idle
21595.0,21597.0,0,active
21597.0,21598.0,0,idle
21598.0,21600.0,0,active
21600.0,21601.0,0,idle
21601.0,21603.0,0,active
21603.0,21604.0,0,idle
21604.0,21606.0,0,active
21606.0,21607.0,0,idle
21607.0,21609.0,0,active
21609.0,21610.0,0,idle
21610.0,21612.0,0,active
21612.0,21613.0,0,idle
21613.0,21615.0,0,active
21615.0,21616.0,0,idle
21616.0,21618.0,0,active
21618.0,21619.0,0,idle
21619.0,21621.0,0,active
21621.0,21622.0,0,idle
21622.0,21624.0,0,active
21624.0,21625.0,0,idle
21625.0,21627.0,0,active
21627.0,21628.0,0,idle
21628.0,21630.0,0,active
21630.0,21631.0,0,idle
21631.0,21633.0,0,active
21633.0,21634.0,0,idle
21634.0,21636.0,0,active
21636.0,21637.0,0,idle
21637.0,21639.0,0,active
21639.0,21640.0,0,idle
21640.0,21642.0,0,active
21642.0,21643.0,0,idle
21643.0,21645.0,0,active
21645.0,21646.0,0,idle
21646.0,21648.0,0,active
21648.0,21649.0,0,idle
21649.0,21651.0,0,active
21651.0,21652.0,0,idle
21652.0,21654.0,0,active
21654.0,21655.0,0,idle
21655.0,21657.0,0,active
21657.0,21658.0,0,idle
21658.0,21660.0,0,active
21660.0,21661.0,0,idle
21661.0,21663.0,0,active
21663.0,21664.0,0,idle
21664.0,21666.0,0,active
21666.0,21667.0,0,idle
21667.0,21669.0,0,active
21669.0,21670.0,0,idle
21670.0,21672.0,0,active
21672.0,21673.0,0,idle
21673.0,21675.0,0,active
21675.0,21676.0,0,idle
21676.0,21678.0,0,active
21678.0,21679.0,0,idle
21679.0,21681.0,0,active
21681.0,21682.0,0,idle
21682.0,21684.0,0,active
21684.0,21685.0,0,idle
21685.0,21687.0,0,active
21687.0,21688.0,0,idle
21688.0,21690.0,0,active
21690.0,21691.0,0,idle
21691.0,21693.0,0,active
21693.0,21694.0,0,idle
21694.0,21696.0,0,active
21696.0,21697.0,0,idle
21697.0,21699.0,0,active
21699.0,21700.0,0,idle
21700.0,21702.0,0,active
21702.0,21703.0,0,idle
21703.0,21705.0,0,active
21705.0,21706.0,0,idle
21706.0,21708.0,0,active
21708.0,21709.0,0,idle
21709.0,21711.0,0,active
21711.0,21712.0,0,idle
21712.0,21714.0,0,active
21714.0,21715.0,0,idle
21715.0,21717.0,0,active
21717.0,21718.0,0,idle
21718.0,21720.0,0,active
21720.0,21721.0,0,idle
21721.0,21723.0,0,active
21723.0,21724.0,0,idle
21724.0,21726.0,0,active
21726.0,21727.0,0,idle
21727.0,21729.0,0,active
21729.0,21730.0,0,idle
21730.0,21732.0,0,active
21732.0,21733.0,0,idle
21733.0,21735.0,0,active
21735.0,21736.0,0,idle
21736.0,21738.0,0,active
21738.0,21739.0,0,idle
21739.0,21741.0,0,active
21741.0,21742.0,0,idle
21742.0,21744.0,0,active
21744.0,21745.0,0,idle
21745.0,21747.0,0,active
21747.0,21748.0,0,idle
21748.0,21750.0,0,active
21750.0,21751.0,0,idle
21751.0,21753.0,0,active
21753.0,21754.0,0,idle
21754.0,21756.0,0,active
21756.0,21757.0,0,idle
21757.0,21759.0,0,active
21759.0,21760.0,0,idle
21760.0,21762.0,0,active
21762.0,21763.0,0,idle
21763.0,21765.0,0,active
21765.0,21766.0,0,idle
21766.0,21768.0,0,active
21768.0,21769.0,0,idle
21769.0,21771.0,0,active
21771.0,21772.0,0,idle
21772.0,21774.0,0,active
21774.0,21775.0,0,idle
21775.0,21777.0,0,active
21777.0,21778.0,0,idle
21778.0,21780.0,0,active
21780.0,21781.0,0,idle
21781.0,21783.0,0,active
21783.0,21784.0,0,idle
21784.0,21786.0,0,active
21786.0,21787.0,0,idle
21787.0,21789.0,0,active
21789.0,21790.0,0,idle
21790.0,21792.0,0,active
21792.0,21793.0,0,idle
21793.0,21795.0,0,active
21795.0,21796.0,0,idle
21796.0,21798.0,0,active
21798.0,21799.0,0,idle
21799.0,21801.0,0,active
21801.0,21802.0,0,idle
21802.0,21804.0,0,active
21804.0,21805.0,0,idle
21805.0,21807.0,0,active
21807.0,21808.0,0,idle
21808.0,21810.0,0,active
21810.0,21811.0,0,idle
21811.0,21813.0,0,active
21813.0,21814.0,0,idle
21814.0,21816.0,0,active
21816.0,21817.0,0,idle
21817.0,21819.0,0,active
21819.0,21820.0,0,idle
21820.0,21822.0,0,active
21822.0,21823.0,0,idle
21823.0,21825.0,0,active
21825.0,21826.0,0,idle
21826.0,21828.0,0,active
21828.0,21829.0,0,idle
21829.0,21831.0,0,active
21831.0,21832.0,0,idle
21832.0,21834.0,0,active
21834.0,21835.0,0,idle
21835.0,21837.0,0,active
21837.0,21838.0,0,idle
21838.0,21840.0,0,active
21840.0,21841.0,0,idle
21841.0,21843.0,0,active
21843.0,21844.0,0,idle
21844.0,21846.0,0,active
21846.0,21847.0,0,idle
21847.0,21849.0,0,active
21849.0,21850.0,0,idle
21850.0,21852.0,0,active
21852.0,21853.0,0,idle
21853.0,21855.0,0,active
21855.0,21856.0,0,idle
21856.0,21858.0,0,active
21858.0,21859.0,0,idle
21859.0,21861.0,0,active
21861.0,21862.0,0,idle
21862.0,21864.0,0,active
21864.0,21865.0,0,idle
21865.0,21867.0,0,active
21867.0,21868.0,0,idle
21868.0,21870.0,0,active
21870.0,21871.0,0,idle
21871.0,21873.0,0,active
21873.0,21874.0,0,idle
21874.0,21876.0,0,active
21876.0,21877.0,0,idle
21877.0,21879.0,0,active
21879.0,21880.0,0,idle
21880.0,21882.0,0,active
21882.0,21883.0,0,idle
21883.0,21885.0,0,active
21885.0,21886.0,0,idle
21886.0,21888.0,0,active
21888.0,21889.0,0,idle
21889.0,21891.0,0,active
21891.0,21892.0,0,idle
21892.0,21894.0,0,active
21894.0,21895.0,0,idle
21895.0,21897.0,0,active
21897.0,21898.0,0,idle
21898.0,21900.0,0,active
21900.0,21901.0,0,idle
21901.0,21903.0,0,active
21903.0,21904.0,0,idle
21904.0,21906.0,0,active
21906.0,21907.0,0,idle
21907.0,21909.0,0,active
21909.0,21910.0,0,idle
21910.0,21912.0,0,active
21912.0,21913.0,0,idle
21913.0,21915.0,0,active
21915.0,21916.0,0,idle
21916.0,21918.0,0,active
21918.0,21919.0,0,idle
21919.0,21921.0,0,active
21921.0,21922.0,0,idle
21922.0,21924.0,0,active
21924.0,21925.0,0,idle
21925.0,21927.0,0,active
21927.0,21928.0,0,idle
21928.0,21930.0,0,active
21930.0,21931.0,0,idle
21931.0,21933.0,0,active
21933.0,21934.0,0,idle
21934.0,21936.0,0,active
21936.0,21937.0,0,idle
21937.0,21939.0,0,active
21939.0,21940.0,0,idle
21940.0,21942.0,0,active
21942.0,21943.0,0,idle
21943.0,21945.0,0,active
21945.0,21946.0,0,idle
21946.0,21948.0,0,active
21948.0,21949.0,0,idle
21949.0,21951.0,0,active
21951.0,21952.0,0,idle
21952.0,21954.0,0,active
21954.0,21955.0,0,idle
21955.0,21957.0,0,active
21957.0,21958.0,0,idle
21958.0,21960.0,0,active
21960.0,21961.0,0,idle
21961.0,21963.0,0,active
21963.0,21964.0,0,idle
21964.0,21966.0,0,active
21966.0,21967.0,0,idle
21967.0,21969.0,0,active
21969.0,21970.0,0,idle
21970.0,21972.0,0,active
21972.0,21973.0,0,idle
21973.0,21975.0,0,active
21975.0,21976.0,0,idle
21976.0,21978.0,0,active
21978.0,21979.0,0,idle
21979.0,21981.0,0,active
21981.0,21982.0,0,idle
21982.0,21984.0,0,active
21984.0,21985.0,0,idle
21985.0,21987.0,0,active
21987.0,21988.0,0,idle
21988.0,21990.0,0,active
21990.0,21991.0,0,idle
21991.0,21993.0,0,active
21993.0,21994.0,0,idle
21994.0,21996.0,0,active
21996.0,21997.0,0,idle
21997.0,21999.0,0,active
21999.0,22000.0,0,idle
22000.0,22002.0,0,active
22002.0,22003.0,0,idle
22003.0,22005.0,0,active
22005.0,22006.0,0,idle
22006.0,22008.0,0,active
22008.0,22009.0,0,idle
22009.0,22011.0,0,active
22011.0,22012.0,0,idle
22012.0,22014.0,0,active
22014.0,22015.0,0,idle
22015.0,22017.0,0,active
22017.0,22018.0,0,idle
22018.0,22020.0,0,active
22020.0,22021.0,0,idle
22021.0,22023.0,0,active
22023.0,22024.0,0,idle
22024.0,22026.0,0,active
22026.0,22027.0,0,idle
22027.0,22029.0,0,active
22029.0,22030.0,0,idle
22030.0,22032.0,0,active
22032.0,22033.0,0,idle
22033.0,22035.0,0,active
22035.0,22036.0,0,idle
22036.0,22038.0,0,active
22038.0,22039.0,0,idle
22039.0,22041.0,0,active
22041.0,22042.0,0,idle
22042.0,22044.0,0,active
22044.0,22045.0,0,idle
22045.0,22047.0,0,active
22047.0,22048.0,0,idle
22048.0,22050.0,0,active
22050.0,22051.0,0,idle
22051.0,22053.0,0,active
22053.0,22054.0,0,idle
22054.0,22056.0,0,active
22056.0,22057.0,0,idle
22057.0,22059.0,0,active
22059.0,22060.0,0,idle
22060.0,22062.0,0,active
22062.0,22063.0,0,idle
22063.0,22065.0,0,active
22065.0,22066.0,0,idle
22066.0,22068.0,0,active
22068.0,22069.0,0,idle
22069.0,22071.0,0,active
22071.0,22072.0,0,idle
22072.0,22074.0,0,active
22074.0,22075.0,0,idle
22075.0,22077.0,0,active
22077.0,22078.0,0,idle
22078.0,22080.0,0,active
22080.0,22081.0,0,idle
22081.0,22083.0,0,active
22083.0,22084.0,0,idle
22084.0,22086.0,0,active
22086.0,22087.0,0,idle
22087.0,22089.0,0,active
22089.0,22090.0,0,idle
22090.0,22092.0,0,active
22092.0,22093.0,0,idle
22093.0,22095.0,0,active
22095.0,22096.0,0,idle
22096.0,22098.0,0,active
22098.0,22099.0,0,idle
22099.0,22101.0,0,active
22101.0,22102.0,0,idle
22102.0,22104.0,0,active
22104.0,22105.0,0,idle
22105.0,22107.0,0,active
22107.0,22108.0,0,idle
22108.0,22110.0,0,active
22110.0,22111.0,0,idle
22111.0,22113.0,0,active
22113.0,22114.0,0,idle
22114.0,22116.0,0,active
22116.0,22117.0,0,idle
22117.0,22119.0,0,active
22119.0,22120.0,0,idle
22120.0,22122.0,0,active
22122.0,22123.0,0,idle
22123.0,22125.0,0,active
22125.0,22126.0,0,idle
22126.0,22128.0,0,active
22128.0,22129.0,0,idle
22129.0,22131.0,0,active
22131.0,22132.0,0,idle
22132.0,22134.0,0,active
22134.0,22135.0,0,idle
22135.0,22137.0,0,active
22137.0,22138.0,0,idle
22138.0,22140.0,0,active
22140.0,22141.0,0,idle
22141.0,22143.0,0,active
22143.0,22144.0,0,idle
22144.0,22146.0,0,active
22146.0,22147.0,0,idle
22147.0,22149.0,0,active
22149.0,22150.0,0,idle
22150.0,22152.0,0,active
22152.0,22153.0,0,idle
22153.0,22155.0,0,active
22155.0,22156.0,0,idle
22156.0,22158.0,0,active
22158.0,22159.0,0,idle
22159.0,22161.0,0,active
22161.0,22162.0,0,idle
22162.0,22164.0,0,active
22164.0,22165.0,0,idle
22165.0,22167.0,0,active
22167.0,22168.0,0,idle
22168.0,22170.0,0,active
22170.0,22171.0,0,idle
22171.0,22173.0,0,active
22173.0,22174.0,0,idle
22174.0,22176.0,0,active
22176.0,22177.0,0,idle
22177.0,22179.0,0,active
22179.0,22180.0,0,idle
22180.0,22182.0,0,active
22182.0,22183.0,0,idle
22183.0,22185.0,0,active
22185.0,22186.0,0,idle
22186.0,22188.0,0,active
22188.0,22189.0,0,idle
22189.0,22191.0,0,active
22191.0,22192.0,0,idle
22192.0,22194.0,0,active
22194.0,22195.0,0,idle
22195.0,22197.0,0,active
22197.0,22198.0,0,idle
22198.0,22200.0,0,active
22200.0,22201.0,0,idle
22201.0,22203.0,0,active
22203.0,22204.0,0,idle
22204.0,22206.0,0,active
22206.0,22207.0,0,idle
22207.0,22209.0,0,active
22209.0,22210.0,0,idle
22210.0,22212.0,0,active
22212.0,22213.0,0,idle
22213.0,22215.0,0,active
22215.0,22216.0,0,idle
22216.0,22218.0,0,active
22218.0,22219.0,0,idle
22219.0,22221.0,0,active
22221.0,22222.0,0,idle
22222.0,22224.0,0,active
22224.0,22225.0,0,idle
22225.0,22227.0,0,active
22227.0,22228.0,0,idle
22228.0,22230.0,0,active
22230.0,22231.0,0,idle
22231.0,22233.0,0,active
22233.0,22234.0,0,idle
22234.0,22236.0,0,active
22236.0,22237.0,0,idle
22237.0,22239.0,0,active
22239.0,22240.0,0,idle
22240.0,22242.0,0,active
22242.0,22243.0,0,idle
22243.0,22245.0,0,active
22245.0,22246.0,0,idle
22246.0,22248.0,0,active
22248.0,22249.0,0,idle
22249.0,22251.0,0,active
22251.0,22252.0,0,idle
22252.0,22254.0,0,active
22254.0,22255.0,0,idle
22255.0,22257.0,0,active
22257.0,22258.0,0,idle
22258.0,22260.0,0,active
22260.0,22261.0,0,idle
22261.0,22263.0,0,active
22263.0,22264.0,0,idle
22264.0,22266.0,0,active
22266.0,22267.0,0,idle
22267.0,22269.0,0,active
22269.0,22270.0,0,idle
22270.0,22272.0,0,active
22272.0,22273.0,0,idle
22273.0,22275.0,0,active
22275.0,22276.0,0,idle
22276.0,22278.0,0,active
22278.0,22279.0,0,idle
22279.0,22281.0,0,active
22281.0,22282.0,0,idle
22282.0,22284.0,0,active
22284.0,22285.0,0,idle
22285.0,22287.0,0,active
22287.0,22288.0,0,idle
22288.0,22290.0,0,active
22290.0,22291.0,0,idle
22291.0,22293.0,0,active
22293.0,22294.0,0,idle
22294.0,22296.0,0,active
22296.0,22297.0,0,idle
22297.0,22299.0,0,active
22299.0,22300.0,0,idle
22300.0,22302.0,0,active
22302.0,22303.0,0,idle
22303.0,22305.0,0,active
22305.0,22306.0,0,idle
22306.0,22308.0,0,active
22308.0,22309.0,0,idle
22309.0,22311.0,0,active
22311.0,22312.0,0,idle
22312.0,22314.0,0,active
22314.0,22315.0,0,idle
22315.0,22317.0,0,active
22317.0,22318.0,0,idle
22318.0,22320.0,0,active
22320.0,22321.0,0,idle
22321.0,22323.0,0,active
22323.0,22324.0,0,idle
22324.0,22326.0,0,active
22326.0,22327.0,0,idle
22327.0,22329.0,0,active
22329.0,22330.0,0,idle
22330.0,22332.0,0,active
22332.0,22333.0,0,idle
22333.0,22335.0,0,active
22335.0,22336.0,0,idle
22336.0,22338.0,0,active
22338.0,22339.0,0,idle
22339.0,22341.0,0,active
22341.0,22342.0,0,idle
22342.0,22344.0,0,active
22344.0,22345.0,0,idle
22345.0,22347.0,0,active
22347.0,22348.0,0,idle
22348.0,22350.0,0,active
22350.0,22351.0,0,idle
22351.0,22353.0,0,active
22353.0,22354.0,0,idle
22354.0,22356.0,0,active
22356.0,22357.0,0,idle
22357.0,22359.0,0,active
22359.0,22360.0,0,idle
22360.0,22362.0,0,active
22362.0,22363.0,0,idle
22363.0,22365.0,0,active
22365.0,22366.0,0,idle
22366.0,22368.0,0,active
22368.0,22369.0,0,idle
22369.0,22371.0,0,active
22371.0,22372.0,0,idle
22372.0,22374.0,0,active
22374.0,22375.0,0,idle
22375.0,22377.0,0,active
22377.0,22378.0,0,idle
22378.0,22380.0,0,active
22380.0,22381.0,0,idle
22381.0,22383.0,0,active
22383.0,22384.0,0,idle
22384.0,22386.0,0,active
22386.0,22387.0,0,idle
22387.0,22389.0,0,active
22389.0,22390.0,0,idle
22390.0,22392.0,0,active
22392.0,22393.0,0,idle
22393.0,22395.0,0,active
22395.0,22396.0,0,idle
22396.0,22398.0,0,active
22398.0,22399.0,0,idle
22399.0,22401.0,0,active
22401.0,22402.0,0,idle
22402.0,22404.0,0,active
22404.0,22405.0,0,idle
22405.0,22407.0,0,active
22407.0,22408.0,0,idle
22408.0,22410.0,0,active
22410.0,22411.0,0,idle
22411.0,22413.0,0,active
22413.0,22414.0,0,idle
22414.0,22416.0,0,active
22416.0,22417.0,0,idle
22417.0,22419.0,0,active
22419.0,22420.0,0,idle
22420.0,22422.0,0,active
22422.0,22423.0,0,idle
22423.0,22425.0,0,active
22425.0,22426.0,0,idle
22426.0,22428.0,0,active
22428.0,22429.0,0,idle
22429.0,22431.0,0,active
22431.0,22432.0,0,idle
22432.0,22434.0,0,active
22434.0,22435.0,0,idle
22435.0,22437.0,0,active
22437.0,22438.0,0,idle
22438.0,22440.0,0,active
22440.0,22441.0,0,idle
22441.0,22443.0,0,active
22443.0,22444.0,0,idle
22444.0,22446.0,0,active
22446.0,22447.0,0,idle
22447.0,22449.0,0,active
22449.0,22450.0,0,idle
22450.0,22452.0,0,active
22452.0,22453.0,0,idle
22453.0,22455.0,0,active
22455.0,22456.0,0,idle
22456.0,22458.0,0,active
22458.0,22459.0,0,idle
22459.0,22461.0,0,active
22461.0,22462.0,0,idle
22462.0,22464.0,0,active
22464.0,22465.0,0,idle
22465.0,22467.0,0,active
22467.0,22468.0,0,idle
22468.0,22470.0,0,active
22470.0,22471.0,0,idle
22471.0,22473.0,0,active
22473.0,22474.0,0,idle
22474.0,22476.0,0,active
22476.0,22477.0,0,idle
22477.0,22479.0,0,active
22479.0,22480.0,0,idle
22480.0,22482.0,0,active
22482.0,22483.0,0,idle
22483.0,22485.0,0,active
22485.0,22486.0,0,idle
22486.0,22488.0,0,active
22488.0,22489.0,0,idle
22489.0,22491.0,0,active
22491.0,22492.0,0,idle
22492.0,22494.0,0,active
22494.0,22495.0,0,idle
22495.0,22497.0,0,active
22497.0,22498.0,0,idle
22498.0,22500.0,0,active
22500.0,22501.0,0,idle
22501.0,22503.0,0,active
22503.0,22504.0,0,idle
22504.0,22506.0,0,active
22506.0,22507.0,0,idle
22507.0,22509.0,0,active
22509.0,22510.0,0,idle
22510.0,22512.0,0,active
22512.0,22513.0,0,idle
22513.0,22515.0,0,active
22515.0,22516.0,0,idle
22516.0,22518.0,0,active
22518.0,22519.0,0,idle
22519.0,22521.0,0,active
22521.0,22522.0,0,idle
22522.0,22524.0,0,active
22524.0,22525.0,0,idle
22525.0,22527.0,0,active
22527.0,22528.0,0,idle
22528.0,22530.0,0,active
22530.0,22531.0,0,idle
22531.0,22533.0,0,active
22533.0,22534.0,0,idle
22534.0,22536.0,0,active
22536.0,22537.0,0,idle
22537.0,22539.0,0,active
22539.0,22540.0,0,idle
22540.0,22542.0,0,active
22542.0,22543.0,0,idle
22543.0,22545.0,0,active
22545.0,22546.0,0,idle
22546.0,22548.0,0,active
22548.0,22549.0,0,idle
22549.0,22551.0,0,active
22551.0,22552.0,0,idle
22552.0,22554.0,0,active
22554.0,22555.0,0,idle
22555.0,22557.0,0,active
22557.0,22558.0,0,idle
22558.0,22560.0,0,active
22560.0,22561.0,0,idle
22561.0,22563.0,0,active
22563.0,22564.0,0,idle
22564.0,22566.0,0,active
22566.0,22567.0,0,idle
22567.0,22569.0,0,active
22569.0,22570.0,0,idle
22570.0,22572.0,0,active
22572.0,22573.0,0,idle
22573.0,22575.0,0,active
22575.0,22576.0,0,idle
22576.0,22578.0,0,active
22578.0,22579.0,0,idle
22579.0,22581.0,0,active
22581.0,22582.0,0,idle
22582.0,22584.0,0,active
22584.0,22585.0,0,idle
22585.0,22587.0,0,active
22587.0,22588.0,0,idle
22588.0,22590.0,0,active
22590.0,22591.0,0,idle
22591.0,22593.0,0,active
22593.0,22594.0,0,idle
22594.0,22596.0,0,active
22596.0,22597.0,0,idle
22597.0,22599.0,0,active
22599.0,22600.0,0,idle
22600.0,22602.0,0,active
22602.0,22603.0,0,idle
22603.0,22605.0,0,active
22605.0,22606.0,0,idle
22606.0,22608.0,0,active
22608.0,22609.0,0,idle
22609.0,22611.0,0,active
22611.0,22612.0,0,idle
22612.0,22614.0,0,active
22614.0,22615.0,0,idle
22615.0,22617.0,0,active
22617.0,22618.0,0,idle
22618.0,22620.0,0,active
22620.0,22621.0,0,idle
22621.0,22623.0,0,active
22623.0,22624.0,0,idle
22624.0,22626.0,0,active
22626.0,22627.0,0,idle
22627.0,22629.0,0,active
22629.0,22630.0,0,idle
22630.0,22632.0,0,active
22632.0,22633.0,0,idle
22633.0,22635.0,0,active
22635.0,22636.0,0,idle
22636.0,22638.0,0,active
22638.0,22639.0,0,idle
22639.0,22641.0,0,active
22641.0,22642.0,0,idle
22642.0,22644.0,0,active
22644.0,22645.0,0,idle
22645.0,22647.0,0,active
22647.0,22648.0,0,idle
22648.0,22650.0,0,active
22650.0,22651.0,0,idle
22651.0,22653.0,0,active
22653.0,22654.0,0,idle
22654.0,22656.0,0,active
22656.0,22657.0,0,idle
22657.0,22659.0,0,active
22659.0,22660.0,0,idle
22660.0,22662.0,0,active
22662.0,22663.0,0,idle
22663.0,22665.0,0,active
22665.0,22666.0,0,idle
22666.0,22668.0,0,active
22668.0,22669.0,0,idle
22669.0,22671.0,0,active
22671.0,22672.0,0,idle
22672.0,22674.0,0,active
22674.0,22675.0,0,idle
22675.0,22677.0,0,active
22677.0,22678.0,0,idle
22678.0,22680.0,0,active
22680.0,22681.0,0,idle
22681.0,22683.0,0,active
22683.0,22684.0,0,idle
22684.0,22686.0,0,active
22686.0,22687.0,0,idle
22687.0,22689.0,0,active
22689.0,22690.0,0,idle
22690.0,22692.0,0,active
22692.0,22693.0,0,idle
22693.0,22695.0,0,active
22695.0,22696.0,0,idle
22696.0,22698.0,0,active
22698.0,22699.0,0,idle
22699.0,22701.0,0,active
22701.0,22702.0,0,idle
22702.0,22704.0,0,active
22704.0,22705.0,0,idle
22705.0,22707.0,0,active
22707.0,22708.0,0,idle
22708.0,22710.0,0,active
22710.0,22711.0,0,idle
22711.0,22713.0,0,active
22713.0,22714.0,0,idle
22714.0,22716.0,0,active
22716.0,22717.0,0,idle
22717.0,22719.0,0,active
22719.0,22720.0,0,idle
22720.0,22722.0,0,active
22722.0,22723.0,0,idle
22723.0,22725.0,0,active
22725.0,22726.0,0,idle
22726.0,22728.0,0,active
22728.0,22729.0,0,idle
22729.0,22731.0,0,active
22731.0,22732.0,0,idle
22732.0,22734.0,0,active
22734.0,22735.0,0,idle
22735.0,22737.0,0,active
22737.0,22738.0,0,idle
22738.0,22740.0,0,active
22740.0,22741.0,0,idle
22741.0,22743.0,0,active
22743.0,22744.0,0,idle
22744.0,22746.0,0,active
22746.0,22747.0,0,idle
22747.0,22749.0,0,active
22749.0,22750.0,0,idle
22750.0,22752.0,0,active
22752.0,22753.0,0,idle
22753.0,22755.0,0,active
22755.0,22756.0,0,idle
22756.0,22758.0,0,active
22758.0,22759.0,0,idle
22759.0,22761.0,0,active
22761.0,22762.0,0,idle
22762.0,22764.0,0,active
22764.0,22765.0,0,idle
22765.0,22767.0,0,active
22767.0,22768.0,0,idle
22768.0,22770.0,0,active
22770.0,22771.0,0,idle
22771.0,22773.0,0,active
22773.0,22774.0,0,idle
22774.0,22776.0,0,active
22776.0,22777.0,0,idle
22777.0,22779.0,0,active
22779.0,22780.0,0,idle
22780.0,22782.0,0,active
22782.0,22783.0,0,idle
22783.0,22785.0,0,active
22785.0,22786.0,0,idle
22786.0,22788.0,0,active
22788.0,22789.0,0,idle
22789.0,22791.0,0,active
22791.0,22792.0,0,idle
22792.0,22794.0,0,active
22794.0,22795.0,0,idle
22795.0,22797.0,0,active
22797.0,22798.0,0,idle
22798.0,22800.0,0,active
22800.0,22801.0,0,idle
22801.0,22803.0,0,active
22803.0,22804.0,0,idle
22804.0,22806.0,0,active
22806.0,22807.0,0,idle
22807.0,22809.0,0,active
22809.0,22810.0,0,idle
22810.0,22812.0,0,active
22812.0,22813.0,0,idle
22813.0,22815.0,0,active
22815.0,22816.0,0,idle
22816.0,22818.0,0,active
22818.0,22819.0,0,idle
22819.0,22821.0,0,active
22821.0,22822.0,0,idle
22822.0,22824.0,0,active
22824.0,22825.0,0,idle
22825.0,22827.0,0,active
22827.0,22828.0,0,idle
22828.0,22830.0,0,active
22830.0,22831.0,0,idle
22831.0,22833.0,0,active
22833.0,22834.0,0,idle
22834.0,22836.0,0,active
22836.0,22837.0,0,idle
22837.0,22839.0,0,active
22839.0,22840.0,0,idle
22840.0,22842.0,0,active
22842.0,22843.0,0,idle
22843.0,22845.0,0,active
22845.0,22846.0,0,idle
22846.0,22848.0,0,active
22848.0,22849.0,0,idle
22849.0,22851.0,0,active
22851.0,22852.0,0,idle
22852.0,22854.0,0,active
22854.0,22855.0,0,idle
22855.0,22857.0,0,active
22857.0,22858.0,0,idle
22858.0,22860.0,0,active
22860.0,22861.0,0,idle
22861.0,22863.0,0,active
22863.0,22864.0,0,idle
22864.0,22866.0,0,active
22866.0,22867.0,0,idle
22867.0,22869.0,0,active
22869.0,22870.0,0,idle
22870.0,22872.0,0,active
22872.0,22873.0,0,idle
22873.0,22875.0,0,active
22875.0,22876.0,0,idle
22876.0,22878.0,0,active
22878.0,22879.0,0,idle
22879.0,22881.0,0,active
22881.0,22882.0,0,idle
22882.0,22884.0,0,active
22884.0,22885.0,0,idle
22885.0,22887.0,0,active
22887.0,22888.0,0,idle
22888.0,22890.0,0,active
22890.0,22891.0,0,idle
22891.0,22893.0,0,active
22893.0,22894.0,0,idle
22894.0,22896.0,0,active
22896.0,22897.0,0,idle
22897.0,22899.0,0,active
22899.0,22900.0,0,idle
22900.0,22902.0,0,active
22902.0,22903.0,0,idle
22903.0,22905.0,0,active
22905.0,22906.0,0,idle
22906.0,22908.0,0,active
22908.0,22909.0,0,idle
22909.0,22911.0,0,active
22911.0,22912.0,0,idle
22912.0,22914.0,0,active
22914.0,22915.0,0,idle
22915.0,22917.0,0,active
22917.0,22918.0,0,idle
22918.0,22920.0,0,active
22920.0,22921.0,0,idle
22921.0,22923.0,0,active
22923.0,22924.0,0,idle
22924.0,22926.0,0,active
22926.0,22927.0,0,idle
22927.0,22929.0,0,active
22929.0,22930.0,0,idle
22930.0,22932.0,0,active
22932.0,22933.0,0,idle
22933.0,22935.0,0,active
22935.0,22936.0,0,idle
22936.0,22938.0,0,active
22938.0,22939.0,0,idle
22939.0,22941.0,0,active
22941.0,22942.0,0,idle
22942.0,22944.0,0,active
22944.0,22945.0,0,idle
22945.0,22947.0,0,active
22947.0,22948.0,0,idle
22948.0,22950.0,0,active
22950.0,22951.0,0,idle
22951.0,22953.0,0,active
22953.0,22954.0,0,idle
22954.0,22956.0,0,active
22956.0,22957.0,0,idle
22957.0,22959.0,0,active
22959.0,22960.0,0,idle
22960.0,22962.0,0,active
22962.0,22963.0,0,idle
22963.0,22965.0,0,active
22965.0,22966.0,0,idle
22966.0,22968.0,0,active
22968.0,22969.0,0,idle
22969.0,22971.0,0,active
22971.0,22972.0,0,idle
22972.0,22974.0,0,active
22974.0,22975.0,0,idle
22975.0,22977.0,0,active
22977.0,22978.0,0,idle
22978.0,22980.0,0,active
22980.0,22981.0,0,idle
22981.0,22983.0,0,active
22983.0,22984.0,0,idle
22984.0,22986.0,0,active
22986.0,22987.0,0,idle
22987.0,22989.0,0,active
22989.0,22990.0,0,idle
22990.0,22992.0,0,active
22992.0,22993.0,0,idle
22993.0,22995.0,0,active
22995.0,22996.0,0,idle
22996.0,22998.0,0,active
22998.0,22999.0,0,idle
22999.0,23001.0,0,active
23001.0,23002.0,0,idle
23002.0,23004.0,0,active
23004.0,23005.0,0,idle
23005.0,23007.0,0,active
23007.0,23008.0,0,idle
23008.0,23010.0,0,active
23010.0,23011.0,0,idle
23011.0,23013.0,0,active
23013.0,23014.0,0,idle
23014.0,23016.0,0,active
23016.0,23017.0,0,idle
23017.0,23019.0,0,active
23019.0,23020.0,0,idle
23020.0,23022.0,0,active
23022.0,23023.0,0,idle
23023.0,23025.0,0,active
23025.0,23026.0,0,idle
23026.0,23028.0,0,active
23028.0,23029.0,0,idle
23029.0,23031.0,0,active
23031.0,23032.0,0,idle
23032.0,23034.0,0,active
23034.0,23035.0,0,idle
23035.0,23037.0,0,active
23037.0,23038.0,0,idle
23038.0,23040.0,0,active
23040.0,23041.0,0,idle
23041.0,23043.0,0,active
23043.0,23044.0,0,idle
23044.0,23046.0,0,active
23046.0,23047.0,0,idle
23047.0,23049.0,0,active
23049.0,23050.0,0,idle
23050.0,23052.0,0,active
23052.0,23053.0,0,idle
23053.0,23055.0,0,active
23055.0,23056.0,0,idle
23056.0,23058.0,0,active
23058.0,23059.0,0,idle
23059.0,23061.0,0,active
23061.0,23062.0,0,idle
23062.0,23064.0,0,active
23064.0,23065.0,0,idle
23065.0,23067.0,0,active
23067.0,23068.0,0,idle
23068.0,23070.0,0,active
23070.0,23071.0,0,idle
23071.0,23073.0,0,active
23073.0,23074.0,0,idle
23074.0,23076.0,0,active
23076.0,23077.0,0,idle
23077.0,23079.0,0,active
23079.0,23080.0,0,idle
23080.0,23082.0,0,active
23082.0,23083.0,0,idle
23083.0,23085.0,0,active
23085.0,23086.0,0,idle
23086.0,23088.0,0,active
23088.0,23089.0,0,idle
23089.0,23091.0,0,active
23091.0,23092.0,0,idle
23092.0,23094.0,0,active
23094.0,23095.0,0,idle
23095.0,23097.0,0,active
23097.0,23098.0,0,idle
23098.0,23100.0,0,active
23100.0,23101.0,0,idle
23101.0,23103.0,0,active
23103.0,23104.0,0,idle
23104.0,23106.0,0,active
23106.0,23107.0,0,idle
23107.0,23109.0,0,active
23109.0,23110.0,0,idle
23110.0,23112.0,0,active
23112.0,23113.0,0,idle
23113.0,23115.0,0,active
23115.0,23116.0,0,idle
23116.0,23118.0,0,active
23118.0,23119.0,0,idle
23119.0,23121.0,0,active
23121.0,23122.0,0,idle
23122.0,23124.0,0,active
23124.0,23125.0,0,idle
23125.0,23127.0,0,active
23127.0,23128.0,0,idle
23128.0,23130.0,0,active
23130.0,23131.0,0,idle
23131.0,23133.0,0,active
23133.0,23134.0,0,idle
23134.0,23136.0,0,active
23136.0,23137.0,0,idle
23137.0,23139.0,0,active
23139.0,23140.0,0,idle
23140.0,23142.0,0,active
23142.0,23143.0,0,idle
23143.0,23145.0,0,active
23145.0,23146.0,0,idle
23146.0,23148.0,0,active
23148.0,23149.0,0,idle
23149.0,23151.0,0,active
23151.0,23152.0,0,idle
23152.0,23154.0,0,active
23154.0,23155.0,0,idle
23155.0,23157.0,0,active
23157.0,23158.0,0,idle
23158.0,23160.0,0,active
23160.0,23161.0,0,idle
23161.0,23163.0,0,active
23163.0,23164.0,0,idle
23164.0,23166.0,0,active
23166.0,23167.0,0,idle
23167.0,23169.0,0,active
23169.0,23170.0,0,idle
23170.0,23172.0,0,active
23172.0,23173.0,0,idle
23173.0,23175.0,0,active
23175.0,23176.0,0,idle
23176.0,23178.0,0,active
23178.0,23179.0,0,idle
23179.0,23181.0,0,active
23181.0,23182.0,0,idle
23182.0,23184.0,0,active
23184.0,23185.0,0,idle
23185.0,23187.0,0,active
23187.0,23188.0,0,idle
23188.0,23190.0,0,active
23190.0,23191.0,0,idle
23191.0,23193.0,0,active
23193.0,23194.0,0,idle
23194.0,23196.0,0,active
23196.0,23197.0,0,idle
23197.0,23199.0,0,active
23199.0,23200.0,0,idle
23200.0,23202.0,0,active
23202.0,23203.0,0,idle
23203.0,23205.0,0,active
23205.0,23206.0,0,idle
23206.0,23208.0,0,active
23208.0,23209.0,0,idle
23209.0,23211.0,0,active
23211.0,23212.0,0,idle
23212.0,23214.0,0,active
23214.0,23215.0,0,idle
23215.0,23217.0,0,active
23217.0,23218.0,0,idle
23218.0,23220.0,0,active
23220.0,23221.0,0,idle
23221.0,23223.0,0,active
23223.0,23224.0,0,idle
23224.0,23226.0,0,active
23226.0,23227.0,0,idle
23227.0,23229.0,0,active
23229.0,23230.0,0,idle
23230.0,23232.0,0,active
23232.0,23233.0,0,idle
23233.0,23235.0,0,active
23235.0,23236.0,0,idle
23236.0,23238.0,0,active
23238.0,23239.0,0,idle
23239.0,23241.0,0,active
23241.0,23242.0,0,idle
23242.0,23244.0,0,active
23244.0,23245.0,0,idle
23245.0,23247.0,0,active
23247.0,23248.0,0,idle
23248.0,23250.0,0,active
23250.0,23251.0,0,idle
23251.0,23253.0,0,active
23253.0,23254.0,0,idle
23254.0,23256.0,0,active
23256.0,23257.0,0,idle
23257.0,23259.0,0,active
23259.0,23260.0,0,idle
23260.0,23262.0,0,active
23262.0,23263.0,0,idle
23263.0,23265.0,0,active
23265.0,23266.0,0,idle
23266.0,23268.0,0,active
23268.0,23269.0,0,idle
23269.0,23271.0,0,active
23271.0,23272.0,0,idle
23272.0,23274.0,0,active
23274.0,23275.0,0,idle
23275.0,23277.0,0,active
23277.0,23278.0,0,idle
23278.0,23280.0,0,active
23280.0,23281.0,0,idle
23281.0,23283.0,0,active
23283.0,23284.0,0,idle
23284.0,23286.0,0,active
23286.0,23287.0,0,idle
23287.0,23289.0,0,active
23289.0,23290.0,0,idle
23290.0,23292.0,0,active
23292.0,23293.0,0,idle
23293.0,23295.0,0,active
23295.0,23296.0,0,idle
23296.0,23298.0,0,active
23298.0,23299.0,0,idle
23299.0,23301.0,0,active
23301.0,23302.0,0,idle
23302.0,23304.0,0,active
23304.0,23305.0,0,idle
23305.0,23307.0,0,active
23307.0,23308.0,0,idle
23308.0,23310.0,0,active
23310.0,23311.0,0,idle
23311.0,23313.0,0,active
23313.0,23314.0,0,idle
23314.0,23316.0,0,active
23316.0,23317.0,0,idle
23317.0,23319.0,0,active
23319.0,23320.0,0,idle
23320.0,23322.0,0,active
23322.0,23323.0,0,idle
23323.0,23325.0,0,active
23325.0,23326.0,0,idle
23326.0,23328.0,0,active
23328.0,23329.0,0,idle
23329.0,23331.0,0,active
23331.0,23332.0,0,idle
23332.0,23334.0,0,active
23334.0,23335.0,0,idle
23335.0,23337.0,0,active
23337.0,23338.0,0,idle
23338.0,23340.0,0,active
23340.0,23341.0,0,idle
23341.0,23343.0,0,active
23343.0,23344.0,0,idle
23344.0,23346.0,0,active
23346.0,23347.0,0,idle
23347.0,23349.0,0,active
23349.0,23350.0,0,idle
23350.0,23352.0,0,active
23352.0,23353.0,0,idle
23353.0,23355.0,0,active
23355.0,23356.0,0,idle
23356.0,23358.0,0,active
23358.0,23359.0,0,idle
23359.0,23361.0,0,active
23361.0,23362.0,0,idle
23362.0,23364.0,0,active
23364.0,23365.0,0,idle
23365.0,23367.0,0,active
23367.0,23368.0,0,idle
23368.0,23370.0,0,active
23370.0,23371.0,0,idle
23371.0,23373.0,0,active
23373.0,23374.0,0,idle
23374.0,23376.0,0,active
23376.0,23377.0,0,idle
23377.0,23379.0,0,active
23379.0,23380.0,0,idle
23380.0,23382.0,0,active
23382.0,23383.0,0,idle
23383.0,23385.0,0,active
23385.0,23386.0,0,idle
23386.0,23388.0,0,active
23388.0,23389.0,0,idle
23389.0,23391.0,0,active
23391.0,23392.0,0,idle
23392.0,23394.0,0,active
23394.0,23395.0,0,idle
23395.0,23397.0,0,active
23397.0,23398.0,0,idle
23398.0,23400.0,0,active
23400.0,23401.0,0,idle
23401.0,23403.0,0,active
23403.0,23404.0,0,idle
23404.0,23406.0,0,active
23406.0,23407.0,0,idle
23407.0,23409.0,0,active
23409.0,23410.0,0,idle
23410.0,23412.0,0,active
23412.0,23413.0,0,idle
23413.0,23415.0,0,active
23415.0,23416.0,0,idle
23416.0,23418.0,0,active
23418.0,23419.0,0,idle
23419.0,23421.0,0,active
23421.0,23422.0,0,idle
23422.0,23424.0,0,active
23424.0,23425.0,0,idle
23425.0,23427.0,0,active
23427.0,23428.0,0,idle
23428.0,23430.0,0,active
23430.0,23431.0,0,idle
23431.0,23433.0,0,active
23433.0,23434.0,0,idle
23434.0,23436.0,0,active
23436.0,23437.0,0,idle
23437.0,23439.0,0,active
23439.0,23440.0,0,idle
23440.0,23442.0,0,active
23442.0,23443.0,0,idle
23443.0,23445.0,0,active
23445.0,23446.0,0,idle
23446.0,23448.0,0,active
23448.0,23449.0,0,idle
23449.0,23451.0,0,active
23451.0,23452.0,0,idle
23452.0,23454.0,0,active
23454.0,23455.0,0,idle
23455.0,23457.0,0,active
23457.0,23458.0,0,idle
23458.0,23460.0,0,active
23460.0,23461.0,0,idle
23461.0,23463.0,0,active
23463.0,23464.0,0,idle
23464.0,23466.0,0,active
23466.0,23467.0,0,idle
23467.0,23469.0,0,active
23469.0,23470.0,0,idle
23470.0,23472.0,0,active
23472.0,23473.0,0,idle
23473.0,23475.0,0,active
23475.0,23476.0,0,idle
23476.0,23478.0,0,active
23478.0,23479.0,0,idle
23479.0,23481.0,0,active
23481.0,23482.0,0,idle
23482.0,23484.0,0,active
23484.0,23485.0,0,idle
23485.0,23487.0,0,active
23487.0,23488.0,0,idle
23488.0,23490.0,0,active
23490.0,23491.0,0,idle
23491.0,23493.0,0,active
23493.0,23494.0,0,idle
23494.0,23496.0,0,active
23496.0,23497.0,0,idle
23497.0,23499.0,0,active
23499.0,23500.0,0,idle
23500.0,23502.0,0,active
23502.0,23503.0,0,idle
23503.0,23505.0,0,active
23505.0,23506.0,0,idle
23506.0,23508.0,0,active
23508.0,23509.0,0,idle
23509.0,23511.0,0,active
23511.0,23512.0,0,idle
23512.0,23514.0,0,active
23514.0,23515.0,0,idle
23515.0,23517.0,0,active
23517.0,23518.0,0,idle
23518.0,23520.0,0,active
23520.0,23521.0,0,idle
23521.0,23523.0,0,active
23523.0,23524.0,0,idle
23524.0,23526.0,0,active
23526.0,23527.0,0,idle
23527.0,23529.0,0,active
23529.0,23530.0,0,idle
23530.0,23532.0,0,active
23532.0,23533.0,0,idle
23533.0,23535.0,0,active
23535.0,23536.0,0,idle
23536.0,23538.0,0,active
23538.0,23539.0,0,idle
23539.0,23541.0,0,active
23541.0,23542.0,0,idle
23542.0,23544.0,0,active
23544.0,23545.0,0,idle
23545.0,23547.0,0,active
23547.0,23548.0,0,idle
23548.0,23550.0,0,active
23550.0,23551.0,0,idle
23551.0,23553.0,0,active
23553.0,23554.0,0,idle
23554.0,23556.0,0,active
23556.0,23557.0,0,idle
23557.0,23559.0,0,active
23559.0,23560.0,0,idle
23560.0,23562.0,0,active
23562.0,23563.0,0,idle
23563.0,23565.0,0,active
23565.0,23566.0,0,idle
23566.0,23568.0,0,active
23568.0,23569.0,0,idle
23569.0,23571.0,0,active
23571.0,23572.0,0,idle
23572.0,23574.0,0,active
23574.0,23575.0,0,idle
23575.0,23577.0,0,active
23577.0,23578.0,0,idle
23578.0,23580.0,0,active
23580.0,23581.0,0,idle
23581.0,23583.0,0,active
23583.0,23584.0,0,idle
23584.0,23586.0,0,active
23586.0,23587.0,0,idle
23587.0,23589.0,0,active
23589.0,23590.0,0,idle
23590.0,23592.0,0,active
23592.0,23593.0,0,idle
23593.0,23595.0,0,active
23595.0,23596.0,0,idle
23596.0,23598.0,0,active
23598.0,23599.0,0,idle
23599.0,23601.0,0,active
23601.0,23602.0,0,idle
23602.0,23604.0,0,active
23604.0,23605.0,0,idle
23605.0,23607.0,0,active
23607.0,23608.0,0,idle
23608.0,23610.0,0,active
23610.0,23611.0,0,idle
23611.0,23613.0,0,active
23613.0,23614.0,0,idle
23614.0,23616.0,0,active
23616.0,23617.0,0,idle
23617.0,23619.0,0,active
23619.0,23620.0,0,idle
23620.0,23622.0,0,active
23622.0,23623.0,0,idle
23623.0,23625.0,0,active
23625.0,23626.0,0,idle
23626.0,23628.0,0,active
23628.0,23629.0,0,idle
23629.0,23631.0,0,active
23631.0,23632.0,0,idle
23632.0,23634.0,0,active
23634.0,23635.0,0,idle
23635.0,23637.0,0,active
23637.0,23638.0,0,idle
23638.0,23640.0,0,active
23640.0,23641.0,0,idle
23641.0,23643.0,0,active
23643.0,23644.0,0,idle
23644.0,23646.0,0,active
23646.0,23647.0,0,idle
23647.0,23649.0,0,active
23649.0,23650.0,0,idle
23650.0,23652.0,0,active
23652.0,23653.0,0,idle
23653.0,23655.0,0,active
23655.0,23656.0,0,idle
23656.0,23658.0,0,active
23658.0,23659.0,0,idle
23659.0,23661.0,0,active
23661.0,23662.0,0,idle
23662.0,23664.0,0,active
23664.0,23665.0,0,idle
23665.0,23667.0,0,active
23667.0,23668.0,0,idle
23668.0,23670.0,0,active
23670.0,23671.0,0,idle
23671.0,23673.0,0,active
23673.0,23674.0,0,idle
23674.0,23676.0,0,active
23676.0,23677.0,0,idle
23677.0,23679.0,0,active
23679.0,23680.0,0,idle
23680.0,23682.0,0,active
23682.0,23683.0,0,idle
23683.0,23685.0,0,active
23685.0,23686.0,0,idle
23686.0,23688.0,0,active
23688.0,23689.0,0,idle
23689.0,23691.0,0,active
23691.0,23692.0,0,idle
23692.0,23694.0,0,active
23694.0,23695.0,0,idle
23695.0,23697.0,0,active
23697.0,23698.0,0,idle
23698.0,23700.0,0,active
23700.0,23701.0,0,idle
23701.0,23703.0,0,active
23703.0,23704.0,0,idle
23704.0,23706.0,0,active
23706.0,23707.0,0,idle
23707.0,23709.0,0,active
23709.0,23710.0,0,idle
23710.0,23712.0,0,active
23712.0,23713.0,0,idle
23713.0,23715.0,0,active
23715.0,23716.0,0,idle
23716.0,23718.0,0,active
23718.0,23719.0,0,idle
23719.0,23721.0,0,active
23721.0,23722.0,0,idle
23722.0,23724.0,0,active
23724.0,23725.0,0,idle
23725.0,23727.0,0,active
23727.0,23728.0,0,idle
23728.0,23730.0,0,active
23730.0,23731.0,0,idle
23731.0,23733.0,0,active
23733.0,23734.0,0,idle
23734.0,23736.0,0,active
23736.0,23737.0,0,idle
23737.0,23739.0,0,active
23739.0,23740.0,0,idle
23740.0,23742.0,0,active
23742.0,23743.0,0,idle
23743.0,23745.0,0,active
23745.0,23746.0,0,idle
23746.0,23748.0,0,active
23748.0,23749.0,0,idle
23749.0,23751.0,0,active
23751.0,23752.0,0,idle
23752.0,23754.0,0,active
23754.0,23755.0,0,idle
23755.0,23757.0,0,active
23757.0,23758.0,0,idle
23758.0,23760.0,0,active
23760.0,23761.0,0,idle
23761.0,23763.0,0,active
23763.0,23764.0,0,idle
23764.0,23766.0,0,active
23766.0,23767.0,0,idle
23767.0,23769.0,0,active
23769.0,23770.0,0,idle
23770.0,23772.0,0,active
23772.0,23773.0,0,idle
23773.0,23775.0,0,active
23775.0,23776.0,0,idle
23776.0,23778.0,0,active
23778.0,23779.0,0,idle
23779.0,23781.0,0,active
23781.0,23782.0,0,idle
23782.0,23784.0,0,active
23784.0,23785.0,0,idle
23785.0,23787.0,0,active
23787.0,23788.0,0,idle
23788.0,23790.0,0,active
23790.0,23791.0,0,idle
23791.0,23793.0,0,active
23793.0,23794.0,0,idle
23794.0,23796.0,0,active
23796.0,23797.0,0,idle
23797.0,23799.0,0,active
23799.0,23800.0,0,idle
23800.0,23802.0,0,active
23802.0,23803.0,0,idle
23803.0,23805.0,0,active
23805.0,23806.0,0,idle
23806.0,23808.0,0,active
23808.0,23809.0,0,idle
23809.0,23811.0,0,active
23811.0,23812.0,0,idle
23812.0,23814.0,0,active
23814.0,23815.0,0,idle
23815.0,23817.0,0,active
23817.0,23818.0,0,idle
23818.0,23820.0,0,active
23820.0,23821.0,0,idle
23821.0,23823.0,0,active
23823.0,23824.0,0,idle
23824.0,23826.0,0,active
23826.0,23827.0,0,idle
23827.0,23829.0,0,active
23829.0,23830.0,0,idle
23830.0,23832.0,0,active
23832.0,23833.0,0,idle
23833.0,23835.0,0,active
23835.0,23836.0,0,idle
23836.0,23838.0,0,active
23838.0,23839.0,0,idle
23839.0,23841.0,0,active
23841.0,23842.0,0,idle
23842.0,23844.0,0,active
23844.0,23845.0,0,idle
23845.0,23847.0,0,active
23847.0,23848.0,0,idle
23848.0,23850.0,0,active
23850.0,23851.0,0,idle
23851.0,23853.0,0,active
23853.0,23854.0,0,idle
23854.0,23856.0,0,active
23856.0,23857.0,0,idle
23857.0,23859.0,0,active
23859.0,23860.0,0,idle
23860.0,23862.0,0,active
23862.0,23863.0,0,idle
23863.0,23865.0,0,active
23865.0,23866.0,0,idle
23866.0,23868.0,0,active
23868.0,23869.0,0,idle
23869.0,23871.0,0,active
23871.0,23872.0,0,idle
23872.0,23874.0,0,active
23874.0,23875.0,0,idle
23875.0,23877.0,0,active
23877.0,23878.0,0,idle
23878.0,23880.0,0,active
23880.0,23881.0,0,idle
23881.0,23883.0,0,active
23883.0,23884.0,0,idle
23884.0,23886.0,0,active
23886.0,23887.0,0,idle
23887.0,23889.0,0,active
23889.0,23890.0,0,idle
23890.0,23892.0,0,active
23892.0,23893.0,0,idle
23893.0,23895.0,0,active
23895.0,23896.0,0,idle
23896.0,23898.0,0,active
23898.0,23899.0,0,idle
23899.0,23901.0,0,active
23901.0,23902.0,0,idle
23902.0,23904.0,0,active
23904.0,23905.0,0,idle
23905.0,23907.0,0,active
23907.0,23908.0,0,idle
23908.0,23910.0,0,active
23910.0,23911.0,0,idle
23911.0,23913.0,0,active
23913.0,23914.0,0,idle
23914.0,23916.0,0,active
23916.0,23917.0,0,idle
23917.0,23919.0,0,active
23919.0,23920.0,0,idle
23920.0,23922.0,0,active
23922.0,23923.0,0,idle
23923.0,23925.0,0,active
23925.0,23926.0,0,idle
23926.0,23928.0,0,active
23928.0,23929.0,0,idle
23929.0,23931.0,0,active
23931.0,23932.0,0,idle
23932.0,23934.0,0,active
23934.0,23935.0,0,idle
23935.0,23937.0,0,active
23937.0,23938.0,0,idle
23938.0,23940.0,0,active
23940.0,23941.0,0,idle
23941.0,23943.0,0,active
23943.0,23944.0,0,idle
23944.0,23946.0,0,active
23946.0,23947.0,0,idle
23947.0,23949.0,0,active
23949.0,23950.0,0,idle
23950.0,23952.0,0,active
23952.0,23953.0,0,idle
23953.0,23955.0,0,active
23955.0,23956.0,0,idle
23956.0,23958.0,0,active
23958.0,23959.0,0,idle
23959.0,23961.0,0,active
23961.0,23962.0,0,idle
23962.0,23964.0,0,active
23964.0,23965.0,0,idle
23965.0,23967.0,0,active
23967.0,23968.0,0,idle
23968.0,23970.0,0,active
23970.0,23971.0,0,idle
23971.0,23973.0,0,active
23973.0,23974.0,0,idle
23974.0,23976.0,0,active
23976.0,23977.0,0,idle
23977.0,23979.0,0,active
23979.0,23980.0,0,idle
23980.0,23982.0,0,active
23982.0,23983.0,0,idle
23983.0,23985.0,0,active
23985.0,23986.0,0,idle
23986.0,23988.0,0,active
23988.0,23989.0,0,idle
23989.0,23991.0,0,active
23991.0,23992.0,0,idle
23992.0,23994.0,0,active
23994.0,23995.0,0,idle
23995.0,23997.0,0,active
23997.0,23998.0,0,idle
23998.0,24000.0,0,active
24000.0,24001.0,0,idle
24001.0,24003.0,0,active
24003.0,24004.0,0,idle
24004.0,24006.0,0,active
24006.0,24007.0,0,idle
24007.0,24009.0,0,active
24009.0,24010.0,0,idle
24010.0,24012.0,0,active
24012.0,24013.0,0,idle
24013.0,24015.0,0,active
24015.0,24016.0,0,idle
24016.0,24018.0,0,active
24018.0,24019.0,0,idle
24019.0,24021.0,0,active
24021.0,24022.0,0,idle
24022.0,24024.0,0,active
24024.0,24025.0,0,idle
24025.0,24027.0,0,active
24027.0,24028.0,0,idle
24028.0,24030.0,0,active
24030.0,24031.0,0,idle
24031.0,24033.0,0,active
24033.0,24034.0,0,idle
24034.0,24036.0,0,active
24036.0,24037.0,0,idle
24037.0,24039.0,0,active
24039.0,24040.0,0,idle
24040.0,24042.0,0,active
24042.0,24043.0,0,idle
24043.0,24045.0,0,active
24045.0,24046.0,0,idle
24046.0,24048.0,0,active
24048.0,24049.0,0,idle
24049.0,24051.0,0,active
24051.0,24052.0,0,idle
24052.0,24054.0,0,active
24054.0,24055.0,0,idle
24055.0,24057.0,0,active
24057.0,24058.0,0,idle
24058.0,24060.0,0,active
24060.0,24061.0,0,idle
24061.0,24063.0,0,active
24063.0,24064.0,0,idle
24064.0,24066.0,0,active
24066.0,24067.0,0,idle
24067.0,24069.0,0,active
24069.0,24070.0,0,idle
24070.0,24072.0,0,active
24072.0,24073.0,0,idle
24073.0,24075.0,0,active
24075.0,24076.0,0,idle
24076.0,24078.0,0,active
24078.0,24079.0,0,idle
24079.0,24081.0,0,active
24081.0,24082.0,0,idle
24082.0,24084.0,0,active
24084.0,24085.0,0,idle
24085.0,24087.0,0,active
24087.0,24088.0,0,idle
24088.0,24090.0,0,active
24090.0,24091.0,0,idle
24091.0,24093.0,0,active
24093.0,24094.0,0,idle
24094.0,24096.0,0,active
24096.0,24097.0,0,idle
24097.0,24099.0,0,active
24099.0,24100.0,0,idle
24100.0,24102.0,0,active
24102.0,24103.0,0,idle
24103.0,24105.0,0,active
24105.0,24106.0,0,idle
24106.0,24108.0,0,active
24108.0,24109.0,0,idle
24109.0,24111.0,0,active
24111.0,24112.0,0,idle
24112.0,24114.0,0,active
24114.0,24115.0,0,idle
24115.0,24117.0,0,active
24117.0,24118.0,0,idle
24118.0,24120.0,0,active
24120.0,24121.0,0,idle
24121.0,24123.0,0,active
24123.0,24124.0,0,idle
24124.0,24126.0,0,active
24126.0,24127.0,0,idle
24127.0,24129.0,0,active
24129.0,24130.0,0,idle
24130.0,24132.0,0,active
24132.0,24133.0,0,idle
24133.0,24135.0,0,active
24135.0,24136.0,0,idle
24136.0,24138.0,0,active
24138.0,24139.0,0,idle
24139.0,24141.0,0,active
24141.0,24142.0,0,idle
24142.0,24144.0,0,active
24144.0,24145.0,0,idle
24145.0,24147.0,0,active
24147.0,24148.0,0,idle
24148.0,24150.0,0,active
24150.0,24151.0,0,idle
24151.0,24153.0,0,active
24153.0,24154.0,0,idle
24154.0,24156.0,0,active
24156.0,24157.0,0,idle
24157.0,24159.0,0,active
24159.0,24160.0,0,idle
24160.0,24162.0,0,active
24162.0,24163.0,0,idle
24163.0,24165.0,0,active
24165.0,24166.0,0,idle
24166.0,24168.0,0,active
24168.0,24169.0,0,idle
24169.0,24171.0,0,active
24171.0,24172.0,0,idle
24172.0,24174.0,0,active
24174.0,24175.0,0,idle
24175.0,24177.0,0,active
24177.0,24178.0,0,idle
24178.0,24180.0,0,active
24180.0,24181.0,0,idle
24181.0,24183.0,0,active
24183.0,24184.0,0,idle
24184.0,24186.0,0,active
24186.0,24187.0,0,idle
24187.0,24189.0,0,active
24189.0,24190.0,0,idle
24190.0,24192.0,0,active
24192.0,24193.0,0,idle
24193.0,24195.0,0,active
24195.0,24196.0,0,idle
24196.0,24198.0,0,active
24198.0,24199.0,0,idle
24199.0,24201.0,0,active
24201.0,24202.0,0,idle
24202.0,24204.0,0,active
24204.0,24205.0,0,idle
24205.0,24207.0,0,active
24207.0,24208.0,0,idle
24208.0,24210.0,0,active
24210.0,24211.0,0,idle
24211.0,24213.0,0,active
24213.0,24214.0,0,idle
24214.0,24216.0,0,active
24216.0,24217.0,0,idle
24217.0,24219.0,0,active
24219.0,24220.0,0,idle
24220.0,24222.0,0,active
24222.0,24223.0,0,idle
24223.0,24225.0,0,active
24225.0,24226.0,0,idle
24226.0,24228.0,0,active
24228.0,24229.0,0,idle
24229.0,24231.0,0,active
24231.0,24232.0,0,idle
24232.0,24234.0,0,active
24234.0,24235.0,0,idle
24235.0,24237.0,0,active
24237.0,24238.0,0,idle
24238.0,24240.0,0,active
24240.0,24241.0,0,idle
24241.0,24243.0,0,active
24243.0,24244.0,0,idle
24244.0,24246.0,0,active
24246.0,24247.0,0,idle
24247.0,24249.0,0,active
24249.0,24250.0,0,idle
24250.0,24252.0,0,active
24252.0,24253.0,0,idle
24253.0,24255.0,0,active
24255.0,24256.0,0,idle
24256.0,24258.0,0,active
24258.0,24259.0,0,idle
24259.0,24261.0,0,active
24261.0,24262.0,0,idle
24262.0,24264.0,0,active
24264.0,24265.0,0,idle
24265.0,24267.0,0,active
24267.0,24268.0,0,idle
24268.0,24270.0,0,active
24270.0,24271.0,0,idle
24271.0,24273.0,0,active
24273.0,24274.0,0,idle
24274.0,24276.0,0,active
24276.0,24277.0,0,idle
24277.0,24279.0,0,active
24279.0,24280.0,0,idle
24280.0,24282.0,0,active
24282.0,24283.0,0,idle
24283.0,24285.0,0,active
24285.0,24286.0,0,idle
24286.0,24288.0,0,active
24288.0,24289.0,0,idle
24289.0,24291.0,0,active
24291.0,24292.0,0,idle
24292.0,24294.0,0,active
24294.0,24295.0,0,idle
24295.0,24297.0,0,active
24297.0,24298.0,0,idle
24298.0,24300.0,0,active
24300.0,24301.0,0,idle
24301.0,24303.0,0,active
24303.0,24304.0,0,idle
24304.0,24306.0,0,active
24306.0,24307.0,0,idle
24307.0,24309.0,0,active
24309.0,24310.0,0,idle
24310.0,24312.0,0,active
24312.0,24313.0,0,idle
24313.0,24315.0,0,active
24315.0,24316.0,0,idle
24316.0,24318.0,0,active
24318.0,24319.0,0,idle
24319.0,24321.0,0,active
24321.0,24322.0,0,idle
24322.0,24324.0,0,active
24324.0,24325.0,0,idle
24325.0,24327.0,0,active
24327.0,24328.0,0,idle
24328.0,24330.0,0,active
24330.0,24331.0,0,idle
24331.0,24333.0,0,active
24333.0,24334.0,0,idle
24334.0,24336.0,0,active
24336.0,24337.0,0,idle
24337.0,24339.0,0,active
24339.0,24340.0,0,idle
24340.0,24342.0,0,active
24342.0,24343.0,0,idle
24343.0,24345.0,0,active
24345.0,24346.0,0,idle
24346.0,24348.0,0,active
24348.0,24349.0,0,idle
24349.0,24351.0,0,active
24351.0,24352.0,0,idle
24352.0,24354.0,0,active
24354.0,24355.0,0,idle
24355.0,24357.0,0,active
24357.0,24358.0,0,idle
24358.0,24360.0,0,active
24360.0,24361.0,0,idle
24361.0,24363.0,0,active
24363.0,24364.0,0,idle
24364.0,24366.0,0,active
24366.0,24367.0,0,idle
24367.0,24369.0,0,active
24369.0,24370.0,0,idle
24370.0,24372.0,0,active
24372.0,24373.0,0,idle
24373.0,24375.0,0,active
24375.0,24376.0,0,idle
24376.0,24378.0,0,active
24378.0,24379.0,0,idle
24379.0,24381.0,0,active
24381.0,24382.0,0,idle
24382.0,24384.0,0,active
24384.0,24385.0,0,idle
24385.0,24387.0,0,active
24387.0,24388.0,0,idle
24388.0,24390.0,0,active
24390.0,24391.0,0,idle
24391.0,24393.0,0,active
24393.0,24394.0,0,idle
24394.0,24396.0,0,active
24396.0,24397.0,0,idle
24397.0,24399.0,0,active
24399.0,24400.0,0,idle
24400.0,24402.0,0,active
24402.0,24403.0,0,idle
24403.0,24405.0,0,active
24405.0,24406.0,0,idle
24406.0,24408.0,0,active
24408.0,24409.0,0,idle
24409.0,24411.0,0,active
24411.0,24412.0,0,idle
24412.0,24414.0,0,active
24414.0,24415.0,0,idle
24415.0,24417.0,0,active
24417.0,24418.0,0,idle
24418.0,24420.0,0,active
24420.0,24421.0,0,idle
24421.0,24423.0,0,active
24423.0,24424.0,0,idle
24424.0,24426.0,0,active
24426.0,24427.0,0,idle
24427.0,24429.0,0,active
24429.0,24430.0,0,idle
24430.0,24432.0,0,active
24432.0,24433.0,0,idle
24433.0,24435.0,0,active
24435.0,24436.0,0,idle
24436.0,24438.0,0,active
24438.0,24439.0,0,idle
24439.0,24441.0,0,active
24441.0,24442.0,0,idle
24442.0,24444.0,0,active
24444.0,24445.0,0,idle
24445.0,24447.0,0,active
24447.0,24448.0,0,idle
24448.0,24450.0,0,active
24450.0,24451.0,0,idle
24451.0,24453.0,0,active
24453.0,24454.0,0,idle
24454.0,24456.0,0,active
24456.0,24457.0,0,idle
24457.0,24459.0,0,active
24459.0,24460.0,0,idle
24460.0,24462.0,0,active
24462.0,24463.0,0,idle
24463.0,24465.0,0,active
24465.0,24466.0,0,idle
24466.0,24468.0,0,active
24468.0,24469.0,0,idle
24469.0,24471.0,0,active
24471.0,24472.0,0,idle
24472.0,24474.0,0,active
24474.0,24475.0,0,idle
24475.0,24477.0,0,active
24477.0,24478.0,0,idle
24478.0,24480.0,0,active
24480.0,24481.0,0,idle
24481.0,24483.0,0,active
24483.0,24484.0,0,idle
24484.0,24486.0,0,active
24486.0,24487.0,0,idle
24487.0,24489.0,0,active
24489.0,24490.0,0,idle
24490.0,24492.0,0,active
24492.0,24493.0,0,idle
24493.0,24495.0,0,active
24495.0,24496.0,0,idle
24496.0,24498.0,0,active
24498.0,24499.0,0,idle
24499.0,24501.0,0,active
24501.0,24502.0,0,idle
24502.0,24504.0,0,active
24504.0,24505.0,0,idle
24505.0,24507.0,0,active
24507.0,24508.0,0,idle
24508.0,24510.0,0,active
24510.0,24511.0,0,idle
24511.0,24513.0,0,active
24513.0,24514.0,0,idle
24514.0,24516.0,0,active
24516.0,24517.0,0,idle
24517.0,24519.0,0,active
24519.0,24520.0,0,idle
24520.0,24522.0,0,active
24522.0,24523.0,0,idle
24523.0,24525.0,0,active
24525.0,24526.0,0,idle
24526.0,24528.0,0,active
24528.0,24529.0,0,idle
24529.0,24531.0,0,active
24531.0,24532.0,0,idle
24532.0,24534.0,0,active
24534.0,24535.0,0,idle
24535.0,24537.0,0,active
24537.0,24538.0,0,idle
24538.0,24540.0,0,active
24540.0,24541.0,0,idle
24541.0,24543.0,0,active
24543.0,24544.0,0,idle
24544.0,24546.0,0,active
24546.0,24547.0,0,idle
24547.0,24549.0,0,active
24549.0,24550.0,0,idle
24550.0,24552.0,0,active
24552.0,24553.0,0,idle
24553.0,24555.0,0,active
24555.0,24556.0,0,idle
24556.0,24558.0,0,active
24558.0,24559.0,0,idle
24559.0,24561.0,0,active
24561.0,24562.0,0,idle
24562.0,24564.0,0,active
24564.0,24565.0,0,idle
24565.0,24567.0,0,active
24567.0,24568.0,0,idle
24568.0,24570.0,0,active
24570.0,24571.0,0,idle
24571.0,24573.0,0,active
24573.0,24574.0,0,idle
24574.0,24576.0,0,active
24576.0,24577.0,0,idle
24577.0,24579.0,0,active
24579.0,24580.0,0,idle
24580.0,24582.0,0,active
24582.0,24583.0,0,idle
24583.0,24585.0,0,active
24585.0,24586.0,0,idle
24586.0,24588.0,0,active
24588.0,24589.0,0,idle
24589.0,24591.0,0,active
24591.0,24592.0,0,idle
24592.0,24594.0,0,active
24594.0,24595.0,0,idle
24595.0,24597.0,0,active
24597.0,24598.0,0,idle
24598.0,24600.0,0,active
24600.0,24601.0,0,idle
24601.0,24603.0,0,active
24603.0,24604.0,0,idle
24604.0,24606.0,0,active
24606.0,24607.0,0,idle
24607.0,24609.0,0,active
24609.0,24610.0,0,idle
24610.0,24612.0,0,active
24612.0,24613.0,0,idle
24613.0,24615.0,0,active
24615.0,24616.0,0,idle
24616.0,24618.0,0,active
24618.0,24619.0,0,idle
24619.0,24621.0,0,active
24621.0,24622.0,0,idle
24622.0,24624.0,0,active
24624.0,24625.0,0,idle
24625.0,24627.0,0,active
24627.0,24628.0,0,idle
24628.0,24630.0,0,active
24630.0,24631.0,0,idle
24631.0,24633.0,0,active
24633.0,24634.0,0,idle
24634.0,24636.0,0,active
24636.0,24637.0,0,idle
24637.0,24639.0,0,active
24639.0,24640.0,0,idle
24640.0,24642.0,0,active
24642.0,24643.0,0,idle
24643.0,24645.0,0,active
24645.0,24646.0,0,idle
24646.0,24648.0,0,active
24648.0,24649.0,0,idle
24649.0,24651.0,0,active
24651.0,24652.0,0,idle
24652.0,24653.0,0,stall
24653.0,24654.0,0,active
24654.0,24655.0,0,stall
24655.0,24656.0,0,active
24656.0,24658.0,0,idle
24658.0,24659.0,0,active
24659.0,24660.0,0,stall
24660.0,24661.0,0,active
24661.0,27375.0,0,idle
27375.0,27376.0,0,active
27376.0,27377.0,0,stall
27377.0,27378.0,0,active
27378.0,27379.0,0,idle
27379.0,27864.0,0,idle
