core,window_id,window_start_us,window_end_us,resident_us,resident_frac_of_window,is_resident_window,active_frac,stall_frac,idle_frac,sit_no_work_window_active,sit_no_work_global_active,sit
0,0,0.0,8.0,7.91,0.98875,1,0.9692793931731984,0.030720606826801517,0.0,0.9692793931731984,0.8751987667565243,0.9692793931731984
0,1,8.0,16.0,8.0,1.0,1,0.9969999999999999,0.0030000000000001137,0.0,0.9969999999999999,0.8751987667565243,0.9969999999999999
0,2,16.0,24.0,8.0,1.0,1,0.9940000000000002,0.005999999999999783,0.0,0.9940000000000002,0.8751987667565243,0.9940000000000002
0,3,24.0,32.0,8.0,1.0,1,0.9969999999999999,0.0030000000000001137,0.0,0.9969999999999999,0.8751987667565243,0.9969999999999999
0,4,32.0,40.0,8.0,1.0,1,0.9908749999999991,0.009125000000000938,0.0,0.9908749999999991,0.8751987667565243,0.9908749999999991
0,5,40.0,48.0,8.0,1.0,1,0.9969999999999999,0.0030000000000001137,0.0,0.9969999999999999,0.8751987667565243,0.9969999999999999
0,6,48.0,56.0,8.0,1.0,1,0.5311250000000003,0.4688749999999997,0.0,0.5311250000000003,0.8751987667565243,0.5311250000000003
0,7,56.0,64.0,8.0,1.0,1,0.4041250000000005,0.5958749999999995,0.0,0.4041250000000005,0.8751987667565243,0.4041250000000005
0,8,64.0,72.0,8.0,1.0,1,0.9966249999999999,0.003375000000000128,0.0,0.9966249999999999,0.8751987667565243,0.9966249999999999
0,9,72.0,80.0,8.0,1.0,1,0.9934999999999992,0.0065000000000008384,0.0,0.9934999999999992,0.8751987667565243,0.9934999999999992
0,10,80.0,88.0,8.0,1.0,1,0.9916249999999991,0.00837500000000091,0.0,0.9916249999999991,0.8751987667565243,0.9916249999999991
0,11,88.0,96.0,8.0,1.0,1,0.9867500000000007,0.013249999999999318,0.0,0.9867500000000007,0.8751987667565243,0.9867500000000007
0,12,96.0,104.0,8.0,1.0,1,0.9902499999999996,0.00975000000000037,0.0,0.9902499999999996,0.8751987667565243,0.9902499999999996
0,13,104.0,112.0,8.0,1.0,1,0.9967499999999987,0.0032500000000013074,0.0,0.9967499999999987,0.8751987667565243,0.9967499999999987
0,14,112.0,120.0,8.0,1.0,1,0.9935000000000009,0.006499999999999062,0.0,0.9935000000000009,0.8751987667565243,0.9935000000000009
0,15,120.0,128.0,8.0,1.0,1,0.743875000000001,0.25612499999999905,0.0,0.743875000000001,0.8751987667565243,0.743875000000001
0,16,128.0,136.0,8.0,1.0,1,0.6006250000000009,0.39937499999999915,0.0,0.6006250000000009,0.8751987667565243,0.6006250000000009
0,17,136.0,144.0,8.0,1.0,1,0.9938749999999992,0.006125000000000824,0.0,0.9938749999999992,0.8751987667565243,0.9938749999999992
0,18,144.0,152.0,8.0,1.0,1,0.9864999999999995,0.013500000000000512,0.0,0.9864999999999995,0.8751987667565243,0.9864999999999995
0,19,152.0,160.0,8.0,1.0,1,0.987874999999999,0.012125000000001052,0.0,0.987874999999999,0.8751987667565243,0.987874999999999
0,20,160.0,168.0,8.0,1.0,1,0.9939999999999998,0.006000000000000227,0.0,0.9939999999999998,0.8751987667565243,0.9939999999999998
0,21,168.0,176.0,8.0,1.0,1,0.9938749999999992,0.006125000000000824,0.0,0.9938749999999992,0.8751987667565243,0.9938749999999992
0,22,176.0,184.0,8.0,1.0,1,0.9939999999999998,0.006000000000000227,0.0,0.9939999999999998,0.8751987667565243,0.9939999999999998
0,23,184.0,192.0,8.0,1.0,1,0.4634999999999998,0.5365000000000002,0.0,0.4634999999999998,0.8751987667565243,0.4634999999999998
0,24,192.0,200.0,8.0,1.0,1,0.8483750000000043,0.15162499999999568,0.0,0.8483750000000043,0.8751987667565243,0.8483750000000043
0,25,200.0,208.0,8.0,1.0,1,0.9857499999999959,0.014250000000004093,0.0,0.9857499999999959,0.8751987667565243,0.9857499999999959
0,26,208.0,216.0,8.0,1.0,1,0.9933749999999968,0.006625000000003212,0.0,0.9933749999999968,0.8751987667565243,0.9933749999999968
0,27,216.0,224.0,8.0,1.0,1,0.9902499999999996,0.00975000000000037,0.0,0.9902499999999996,0.8751987667565243,0.9902499999999996
0,28,224.0,232.0,8.0,1.0,1,0.9933750000000003,0.006624999999999659,0.0,0.9933750000000003,0.8751987667565243,0.9933750000000003
0,29,232.0,240.0,8.0,1.0,1,0.9966250000000016,0.0033749999999983515,0.0,0.9966250000000016,0.8751987667565243,0.9966250000000016
0,30,240.0,248.0,8.0,1.0,1,0.9932499999999997,0.006750000000000256,0.0,0.9932499999999997,0.8751987667565243,0.9932499999999997
0,31,248.0,256.0,8.0,1.0,1,0.9967499999999987,0.0032500000000013074,0.0,0.9967499999999987,0.8751987667565243,0.9967499999999987
0,32,256.0,264.0,8.0,1.0,1,1.0,0.0,0.0,1.0,0.8751987667565243,1.0
0,33,264.0,272.0,8.0,1.0,1,0.16149999999999665,0.8385000000000034,0.0,0.16149999999999665,0.8751987667565243,0.16149999999999665
0,34,272.0,280.0,8.0,1.0,1,0.5385000000000133,0.4614999999999867,0.0,0.5385000000000133,0.8751987667565243,0.5385000000000133
0,35,280.0,288.0,8.0,1.0,1,0.9969999999999999,0.0030000000000001137,0.0,0.9969999999999999,0.8751987667565243,0.9969999999999999
0,36,288.0,296.0,8.0,1.0,1,0.9936250000000015,0.006374999999998465,0.0,0.9936250000000015,0.8751987667565243,0.9936250000000015
0,37,296.0,304.0,8.0,1.0,1,0.9865000000000066,0.013499999999993406,0.0,0.9865000000000066,0.8751987667565243,0.9865000000000066
0,38,304.0,312.0,8.0,1.0,1,0.9908750000000026,0.009124999999997385,0.0,0.9908750000000026,0.8751987667565243,0.9908750000000026
0,39,312.0,320.0,8.0,1.0,1,0.9939999999999998,0.006000000000000227,0.0,0.9939999999999998,0.8751987667565243,0.9939999999999998
0,40,320.0,328.0,8.0,1.0,1,0.9969999999999999,0.0030000000000001137,0.0,0.9969999999999999,0.8751987667565243,0.9969999999999999
0,41,328.0,336.0,8.0,1.0,1,0.9907500000000056,0.00924999999999443,0.0,0.9907500000000056,0.8751987667565243,0.9907500000000056
0,42,336.0,344.0,8.0,1.0,1,0.9044999999999987,0.09550000000000125,0.0,0.9044999999999987,0.8751987667565243,0.9044999999999987
0,43,344.0,352.0,8.0,1.0,1,0.6972499999999897,0.3027500000000103,0.0,0.6972499999999897,0.8751987667565243,0.6972499999999897
0,44,352.0,360.0,8.0,1.0,1,0.978874999999995,0.021125000000004945,0.0,0.978874999999995,0.8751987667565243,0.978874999999995
0,45,360.0,368.0,8.0,1.0,1,0.9867500000000078,0.013249999999992212,0.0,0.9867500000000078,0.8751987667565243,0.9867500000000078
0,46,368.0,376.0,8.0,1.0,1,0.9932499999999891,0.006750000000010914,0.0,0.9932499999999891,0.8751987667565243,0.9932499999999891
0,47,376.0,384.0,8.0,1.0,1,0.9902500000000103,0.009749999999989711,0.0,0.9902500000000103,0.8751987667565243,0.9902500000000103
0,48,384.0,392.0,8.0,1.0,1,0.6863750000000124,0.3136249999999876,0.0,0.6863750000000124,0.8751987667565243,0.6863750000000124
0,49,392.0,400.0,8.0,1.0,1,0.9938749999999956,0.006125000000004377,0.0,0.9938749999999956,0.8751987667565243,0.9938749999999956
0,50,400.0,408.0,8.0,1.0,1,0.7778749999999945,0.22212500000000546,0.0,0.7778749999999945,0.8751987667565243,0.7778749999999945
0,51,408.0,416.0,8.0,1.0,1,0.02012500000000017,0.9798749999999998,0.0,0.02012500000000017,0.8751987667565243,0.02012500000000017
0,52,416.0,424.0,0.19600000000002638,0.024500000000003297,1,0.250000000000145,0.749999999999855,0.0,0.250000000000145,0.8751987667565243,0.250000000000145
1,0,0.0,8.0,7.908,0.9885,1,0.9721800708143652,0.027819929185634796,0.0,0.9721800708143652,0.8751987667565243,0.9721800708143652
1,1,8.0,16.0,8.0,1.0,1,0.9939999999999998,0.006000000000000227,0.0,0.9939999999999998,0.8751987667565243,0.9939999999999998
1,2,16.0,24.0,8.0,1.0,1,0.9939999999999998,0.006000000000000227,0.0,0.9939999999999998,0.8751987667565243,0.9939999999999998
1,3,24.0,32.0,8.0,1.0,1,0.9969999999999999,0.0030000000000001137,0.0,0.9969999999999999,0.8751987667565243,0.9969999999999999
1,4,32.0,40.0,8.0,1.0,1,0.9938750000000001,0.006124999999999936,0.0,0.9938750000000001,0.8751987667565243,0.9938750000000001
1,5,40.0,48.0,8.0,1.0,1,0.9968749999999993,0.0031250000000007105,0.0,0.9968749999999993,0.8751987667565243,0.9968749999999993
1,6,48.0,56.0,8.0,1.0,1,0.9939999999999998,0.006000000000000227,0.0,0.9939999999999998,0.8751987667565243,0.9939999999999998
1,7,56.0,64.0,8.0,1.0,1,0.6893750000000001,0.31062499999999993,0.0,0.6893750000000001,0.8751987667565243,0.6893750000000001
1,8,64.0,72.0,8.0,1.0,1,0.996500000000001,0.0034999999999989484,0.0,0.996500000000001,0.8751987667565243,0.996500000000001
1,9,72.0,80.0,8.0,1.0,1,0.9933749999999986,0.006625000000001435,0.0,0.9933749999999986,0.8751987667565243,0.9933749999999986
1,10,80.0,88.0,8.0,1.0,1,0.9852499999999971,0.014750000000002927,0.0,0.9852499999999971,0.8751987667565243,0.9852499999999971
1,11,88.0,96.0,8.0,1.0,1,0.9868749999999977,0.013125000000002274,0.0,0.9868749999999977,0.8751987667565243,0.9868749999999977
1,12,96.0,104.0,8.0,1.0,1,0.9899999999999984,0.010000000000001563,0.0,0.9899999999999984,0.8751987667565243,0.9899999999999984
1,13,104.0,112.0,8.0,1.0,1,0.9967500000000005,0.003249999999999531,0.0,0.9967500000000005,0.8751987667565243,0.9967500000000005
1,14,112.0,120.0,8.0,1.0,1,0.990124999999999,0.009875000000000966,0.0,0.990124999999999,0.8751987667565243,0.990124999999999
1,15,120.0,128.0,8.0,1.0,1,0.5897500000000004,0.41024999999999956,0.0,0.5897500000000004,0.8751987667565243,0.5897500000000004
1,16,128.0,136.0,8.0,1.0,1,0.9905000000000008,0.009499999999999176,0.0,0.9905000000000008,0.8751987667565243,0.9905000000000008
1,17,136.0,144.0,8.0,1.0,1,0.9873750000000001,0.012624999999999886,0.0,0.9873750000000001,0.8751987667565243,0.9873750000000001
1,18,144.0,152.0,8.0,1.0,1,0.9876249999999978,0.012375000000002245,0.0,0.9876249999999978,0.8751987667565243,0.9876249999999978
1,19,152.0,160.0,8.0,1.0,1,0.9939999999999998,0.006000000000000227,0.0,0.9939999999999998,0.8751987667565243,0.9939999999999998
1,20,160.0,168.0,8.0,1.0,1,0.9939999999999998,0.006000000000000227,0.0,0.9939999999999998,0.8751987667565243,0.9939999999999998
1,21,168.0,176.0,8.0,1.0,1,0.9939999999999998,0.006000000000000227,0.0,0.9939999999999998,0.8751987667565243,0.9939999999999998
1,22,176.0,184.0,8.0,1.0,1,0.7118749999999956,0.2881250000000044,0.0,0.7118749999999956,0.8751987667565243,0.7118749999999956
1,23,184.0,192.0,8.0,1.0,1,0.9898750000000014,0.010124999999998607,0.0,0.9898750000000014,0.8751987667565243,0.9898750000000014
1,24,192.0,200.0,8.0,1.0,1,0.9886250000000025,0.01137499999999747,0.0,0.9886250000000025,0.8751987667565243,0.9886250000000025
1,25,200.0,208.0,8.0,1.0,1,0.9901249999999955,0.009875000000004519,0.0,0.9901249999999955,0.8751987667565243,0.9901249999999955
1,26,208.0,216.0,8.0,1.0,1,0.990000000000002,0.00999999999999801,0.0,0.990000000000002,0.8751987667565243,0.990000000000002
1,27,216.0,224.0,8.0,1.0,1,0.9967500000000022,0.0032499999999977547,0.0,0.9967500000000022,0.8751987667565243,0.9967500000000022
1,28,224.0,232.0,8.0,1.0,1,0.9933749999999968,0.006625000000003212,0.0,0.9933749999999968,0.8751987667565243,0.9933749999999968
1,29,232.0,240.0,8.0,1.0,1,0.9967499999999987,0.0032500000000013074,0.0,0.9967499999999987,0.8751987667565243,0.9967499999999987
1,30,240.0,248.0,8.0,1.0,1,0.9935000000000009,0.006499999999999062,0.0,0.9935000000000009,0.8751987667565243,0.9935000000000009
1,31,248.0,256.0,8.0,1.0,1,0.43799999999999883,0.5620000000000012,0.0,0.43799999999999883,0.8751987667565243,0.43799999999999883
1,32,256.0,264.0,8.0,1.0,1,0.9966250000000016,0.0033749999999983515,0.0,0.9966250000000016,0.8751987667565243,0.9966250000000016
1,33,264.0,272.0,8.0,1.0,1,0.9937499999999986,0.006250000000001421,0.0,0.9937499999999986,0.8751987667565243,0.9937499999999986
1,34,272.0,280.0,8.0,1.0,1,0.9969999999999999,0.0030000000000001137,0.0,0.9969999999999999,0.8751987667565243,0.9969999999999999
1,35,280.0,288.0,8.0,1.0,1,0.9843749999999929,0.015625000000007105,0.0,0.9843749999999929,0.8751987667565243,0.9843749999999929
1,36,288.0,296.0,8.0,1.0,1,0.9908749999999955,0.00912500000000449,0.0,0.9908749999999955,0.8751987667565243,0.9908749999999955
1,37,296.0,304.0,8.0,1.0,1,0.9969999999999999,0.0030000000000001137,0.0,0.9969999999999999,0.8751987667565243,0.9969999999999999
1,38,304.0,312.0,8.0,1.0,1,0.9969999999999999,0.0030000000000001137,0.0,0.9969999999999999,0.8751987667565243,0.9969999999999999
1,39,312.0,320.0,8.0,1.0,1,0.9909999999999997,0.009000000000000341,0.0,0.9909999999999997,0.8751987667565243,0.9909999999999997
1,40,320.0,328.0,8.0,1.0,1,0.5182500000000019,0.4817499999999981,0.0,0.5182500000000019,0.8751987667565243,0.5182500000000019
1,41,328.0,336.0,8.0,1.0,1,0.8573749999999976,0.14262500000000244,0.0,0.8573749999999976,0.8751987667565243,0.8573749999999976
1,42,336.0,344.0,8.0,1.0,1,0.9933750000000003,0.006624999999999659,0.0,0.9933750000000003,0.8751987667565243,0.9933750000000003
1,43,344.0,352.0,8.0,1.0,1,0.9755000000000038,0.02449999999999619,0.0,0.9755000000000038,0.8751987667565243,0.9755000000000038
1,44,352.0,360.0,8.0,1.0,1,0.9901249999999919,0.009875000000008072,0.0,0.9901249999999919,0.8751987667565243,0.9901249999999919
1,45,360.0,368.0,8.0,1.0,1,0.9901250000000061,0.009874999999993861,0.0,0.9901250000000061,0.8751987667565243,0.9901250000000061
1,46,368.0,376.0,8.0,1.0,1,0.6311250000000044,0.3688749999999956,0.0,0.6311250000000044,0.8751987667565243,0.6311250000000044
1,47,376.0,384.0,8.0,1.0,1,0.9876250000000013,0.012374999999998693,0.0,0.9876250000000013,0.8751987667565243,0.9876250000000013
1,48,384.0,392.0,8.0,1.0,1,0.37950000000000017,0.6204999999999998,0.0,0.37950000000000017,0.8751987667565243,0.37950000000000017
1,49,392.0,400.0,5.322000000000003,0.6652500000000003,1,0.0197294250281883,0.9802705749718117,0.0,0.0197294250281883,0.8751987667565243,0.0197294250281883
2,0,0.0,8.0,7.887,0.985875,1,0.9722327881323698,0.027767211867630207,0.0,0.9722327881323698,0.8751987667565243,0.9722327881323698
2,1,8.0,16.0,8.0,1.0,1,0.994,0.006000000000000005,0.0,0.994,0.8751987667565243,0.994
2,2,16.0,24.0,8.0,1.0,1,0.9968749999999997,0.0031250000000002665,0.0,0.9968749999999997,0.8751987667565243,0.9968749999999997
2,3,24.0,32.0,8.0,1.0,1,0.9939999999999998,0.006000000000000227,0.0,0.9939999999999998,0.8751987667565243,0.9939999999999998
2,4,32.0,40.0,8.0,1.0,1,0.9969999999999999,0.0030000000000001137,0.0,0.9969999999999999,0.8751987667565243,0.9969999999999999
2,5,40.0,48.0,8.0,1.0,1,0.9968750000000002,0.0031249999999998224,0.0,0.9968750000000002,0.8751987667565243,0.9968750000000002
2,6,48.0,56.0,8.0,1.0,1,0.9940000000000007,0.005999999999999339,0.0,0.9940000000000007,0.8751987667565243,0.9940000000000007
2,7,56.0,64.0,8.0,1.0,1,0.4042500000000002,0.5957499999999998,0.0,0.4042500000000002,0.8751987667565243,0.4042500000000002
2,8,64.0,72.0,8.0,1.0,1,0.6278749999999995,0.3721250000000005,0.0,0.6278749999999995,0.8751987667565243,0.6278749999999995
2,9,72.0,80.0,8.0,1.0,1,0.9966249999999999,0.003375000000000128,0.0,0.9966249999999999,0.8751987667565243,0.9966249999999999
2,10,80.0,88.0,8.0,1.0,1,0.9933750000000003,0.006624999999999659,0.0,0.9933750000000003,0.8751987667565243,0.9933750000000003
2,11,88.0,96.0,8.0,1.0,1,0.9787499999999998,0.021250000000000213,0.0,0.9787499999999998,0.8751987667565243,0.9787499999999998
2,12,96.0,104.0,8.0,1.0,1,0.9901250000000008,0.00987499999999919,0.0,0.9901250000000008,0.8751987667565243,0.9901250000000008
2,13,104.0,112.0,8.0,1.0,1,0.9967500000000005,0.003249999999999531,0.0,0.9967500000000005,0.8751987667565243,0.9967500000000005
2,14,112.0,120.0,8.0,1.0,1,0.9899999999999984,0.010000000000001563,0.0,0.9899999999999984,0.8751987667565243,0.9899999999999984
2,15,120.0,128.0,8.0,1.0,1,0.5302499999999988,0.4697500000000012,0.0,0.5302499999999988,0.8751987667565243,0.5302499999999988
2,16,128.0,136.0,8.0,1.0,1,0.9271250000000038,0.07287499999999625,0.0,0.9271250000000038,0.8751987667565243,0.9271250000000038
2,17,136.0,144.0,8.0,1.0,1,0.9939999999999998,0.006000000000000227,0.0,0.9939999999999998,0.8751987667565243,0.9939999999999998
2,18,144.0,152.0,8.0,1.0,1,0.984250000000003,0.015749999999997044,0.0,0.984250000000003,0.8751987667565243,0.984250000000003
2,19,152.0,160.0,8.0,1.0,1,0.9908749999999991,0.009125000000000938,0.0,0.9908749999999991,0.8751987667565243,0.9908749999999991
2,20,160.0,168.0,8.0,1.0,1,0.9939999999999998,0.006000000000000227,0.0,0.9939999999999998,0.8751987667565243,0.9939999999999998
2,21,168.0,176.0,8.0,1.0,1,0.9931249999999991,0.006875000000000853,0.0,0.9931249999999991,0.8751987667565243,0.9931249999999991
2,22,176.0,184.0,8.0,1.0,1,0.9947499999999998,0.005250000000000199,0.0,0.9947499999999998,0.8751987667565243,0.9947499999999998
2,23,184.0,192.0,8.0,1.0,1,0.28924999999999557,0.7107500000000044,0.0,0.28924999999999557,0.8751987667565243,0.28924999999999557
2,24,192.0,200.0,8.0,1.0,1,0.9933750000000003,0.006624999999999659,0.0,0.9933750000000003,0.8751987667565243,0.9933750000000003
2,25,200.0,208.0,8.0,1.0,1,0.9824999999999982,0.017500000000001847,0.0,0.9824999999999982,0.8751987667565243,0.9824999999999982
2,26,208.0,216.0,8.0,1.0,1,0.9899999999999949,0.010000000000005116,0.0,0.9899999999999949,0.8751987667565243,0.9899999999999949
2,27,216.0,224.0,8.0,1.0,1,0.9933749999999968,0.006625000000003212,0.0,0.9933749999999968,0.8751987667565243,0.9933749999999968
2,28,224.0,232.0,8.0,1.0,1,0.9932500000000033,0.006749999999996703,0.0,0.9932500000000033,0.8751987667565243,0.9932500000000033
2,29,232.0,240.0,8.0,1.0,1,0.9935000000000009,0.006499999999999062,0.0,0.9935000000000009,0.8751987667565243,0.9935000000000009
2,30,240.0,248.0,8.0,1.0,1,0.9966250000000016,0.0033749999999983515,0.0,0.9966250000000016,0.8751987667565243,0.9966250000000016
2,31,248.0,256.0,8.0,1.0,1,0.43274999999999864,0.5672500000000014,0.0,0.43274999999999864,0.8751987667565243,0.43274999999999864
2,32,256.0,264.0,8.0,1.0,1,0.4053749999999994,0.5946250000000006,0.0,0.4053749999999994,0.8751987667565243,0.4053749999999994
2,33,264.0,272.0,8.0,1.0,1,0.9936250000000015,0.006374999999998465,0.0,0.9936250000000015,0.8751987667565243,0.9936250000000015
2,34,272.0,280.0,8.0,1.0,1,0.9968750000000028,0.003124999999997158,0.0,0.9968750000000028,0.8751987667565243,0.9968750000000028
2,35,280.0,288.0,8.0,1.0,1,0.997000000000007,0.0029999999999930083,0.0,0.997000000000007,0.8751987667565243,0.997000000000007
2,36,288.0,296.0,8.0,1.0,1,0.9873750000000001,0.012624999999999886,0.0,0.9873750000000001,0.8751987667565243,0.9873750000000001
2,37,296.0,304.0,8.0,1.0,1,0.9878749999999954,0.012125000000004604,0.0,0.9878749999999954,0.8751987667565243,0.9878749999999954
2,38,304.0,312.0,8.0,1.0,1,0.9909999999999997,0.009000000000000341,0.0,0.9909999999999997,0.8751987667565243,0.9909999999999997
2,39,312.0,320.0,8.0,1.0,1,0.9938749999999956,0.006125000000004377,0.0,0.9938749999999956,0.8751987667565243,0.9938749999999956
2,40,320.0,328.0,8.0,1.0,1,1.0,0.0,0.0,1.0,0.8751987667565243,1.0
2,41,328.0,336.0,8.0,1.0,1,0.761250000000004,0.23874999999999602,0.0,0.761250000000004,0.8751987667565243,0.761250000000004
2,42,336.0,344.0,8.0,1.0,1,0.484375,0.515625,0.0,0.484375,0.8751987667565243,0.484375
2,43,344.0,352.0,8.0,1.0,1,0.9865000000000066,0.013499999999993406,0.0,0.9865000000000066,0.8751987667565243,0.9865000000000066
2,44,352.0,360.0,8.0,1.0,1,0.9853749999999906,0.014625000000009436,0.0,0.9853749999999906,0.8751987667565243,0.9853749999999906
2,45,360.0,368.0,8.0,1.0,1,0.9933750000000003,0.006624999999999659,0.0,0.9933750000000003,0.8751987667565243,0.9933750000000003
2,46,368.0,376.0,8.0,1.0,1,0.9833750000000023,0.01662499999999767,0.0,0.9833750000000023,0.8751987667565243,0.9833750000000023
2,47,376.0,384.0,8.0,1.0,1,0.9934999999999974,0.006500000000002615,0.0,0.9934999999999974,0.8751987667565243,0.9934999999999974
2,48,384.0,392.0,8.0,1.0,1,0.41687499999999744,0.5831250000000026,0.0,0.41687499999999744,0.8751987667565243,0.41687499999999744
2,49,392.0,400.0,8.0,1.0,1,0.9017499999999998,0.09825000000000017,0.0,0.9017499999999998,0.8751987667565243,0.9017499999999998
2,50,400.0,408.0,7.978999999999985,0.9973749999999981,1,0.0325855370347293,0.9674144629652707,0.0,0.0325855370347293,0.8751987667565243,0.0325855370347293
3,0,0.0,8.0,7.9,0.9875,1,0.9754430379746836,0.024556962025316462,0.0,0.9754430379746836,0.8751987667565243,0.9754430379746836
3,1,8.0,16.0,8.0,1.0,1,0.9938750000000001,0.006124999999999936,0.0,0.9938750000000001,0.8751987667565243,0.9938750000000001
3,2,16.0,24.0,8.0,1.0,1,0.9940000000000002,0.005999999999999783,0.0,0.9940000000000002,0.8751987667565243,0.9940000000000002
3,3,24.0,32.0,8.0,1.0,1,0.9970000000000003,0.0029999999999996696,0.0,0.9970000000000003,0.8751987667565243,0.9970000000000003
3,4,32.0,40.0,8.0,1.0,1,0.9939999999999998,0.006000000000000227,0.0,0.9939999999999998,0.8751987667565243,0.9939999999999998
3,5,40.0,48.0,8.0,1.0,1,0.990875,0.00912500000000005,0.0,0.990875,0.8751987667565243,0.990875
3,6,48.0,56.0,8.0,1.0,1,0.9969999999999999,0.0030000000000001137,0.0,0.9969999999999999,0.8751987667565243,0.9969999999999999
3,7,56.0,64.0,8.0,1.0,1,0.8736249999999997,0.12637500000000035,0.0,0.8736249999999997,0.8751987667565243,0.8736249999999997
3,8,64.0,72.0,8.0,1.0,1,0.006999999999999673,0.9930000000000003,0.0,0.006999999999999673,0.8751987667565243,0.006999999999999673
3,9,72.0,80.0,8.0,1.0,1,0.697000000000001,0.30299999999999905,0.0,0.697000000000001,0.8751987667565243,0.697000000000001
3,10,80.0,88.0,8.0,1.0,1,1.0,0.0,0.0,1.0,0.8751987667565243,1.0
3,11,88.0,96.0,8.0,1.0,1,0.9853749999999977,0.01462500000000233,0.0,0.9853749999999977,0.8751987667565243,0.9853749999999977
3,12,96.0,104.0,8.0,1.0,1,0.9967499999999987,0.0032500000000013074,0.0,0.9967499999999987,0.8751987667565243,0.9967499999999987
3,13,104.0,112.0,8.0,1.0,1,0.9933750000000003,0.006624999999999659,0.0,0.9933750000000003,0.8751987667565243,0.9933750000000003
3,14,112.0,120.0,8.0,1.0,1,0.9835000000000012,0.01649999999999885,0.0,0.9835000000000012,0.8751987667565243,0.9835000000000012
3,15,120.0,128.0,8.0,1.0,1,0.9923749999999991,0.007625000000000881,0.0,0.9923749999999991,0.8751987667565243,0.9923749999999991
3,16,128.0,136.0,8.0,1.0,1,0.994374999999998,0.0056250000000019895,0.0,0.994374999999998,0.8751987667565243,0.994374999999998
3,17,136.0,144.0,8.0,1.0,1,0.25800000000000267,0.7419999999999973,0.0,0.25800000000000267,0.8751987667565243,0.25800000000000267
3,18,144.0,152.0,8.0,1.0,1,0.5465000000000018,0.45349999999999824,0.0,0.5465000000000018,0.8751987667565243,0.5465000000000018
3,19,152.0,160.0,8.0,1.0,1,0.9876250000000013,0.012374999999998693,0.0,0.9876250000000013,0.8751987667565243,0.9876250000000013
3,20,160.0,168.0,8.0,1.0,1,0.989374999999999,0.010625000000000995,0.0,0.989374999999999,0.8751987667565243,0.989374999999999
3,21,168.0,176.0,8.0,1.0,1,0.9968749999999993,0.0031250000000007105,0.0,0.9968749999999993,0.8751987667565243,0.9968749999999993
3,22,176.0,184.0,8.0,1.0,1,0.9908749999999991,0.009125000000000938,0.0,0.9908749999999991,0.8751987667565243,0.9908749999999991
3,23,184.0,192.0,8.0,1.0,1,0.9908749999999991,0.009125000000000938,0.0,0.9908749999999991,0.8751987667565243,0.9908749999999991
3,24,192.0,200.0,8.0,1.0,1,0.9938750000000027,0.0061249999999972715,0.0,0.9938750000000027,0.8751987667565243,0.9938750000000027
3,25,200.0,208.0,8.0,1.0,1,0.9940000000000033,0.005999999999996675,0.0,0.9940000000000033,0.8751987667565243,0.9940000000000033
3,26,208.0,216.0,8.0,1.0,1,0.275624999999998,0.724375000000002,0.0,0.275624999999998,0.8751987667565243,0.275624999999998
3,27,216.0,224.0,8.0,1.0,1,0.9897500000000008,0.010249999999999204,0.0,0.9897500000000008,0.8751987667565243,0.9897500000000008
3,28,224.0,232.0,8.0,1.0,1,0.9854999999999983,0.014500000000001734,0.0,0.9854999999999983,0.8751987667565243,0.9854999999999983
3,29,232.0,240.0,8.0,1.0,1,0.9935000000000009,0.006499999999999062,0.0,0.9935000000000009,0.8751987667565243,0.9935000000000009
3,30,240.0,248.0,8.0,1.0,1,0.9932500000000033,0.006749999999996703,0.0,0.9932500000000033,0.8751987667565243,0.9932500000000033
3,31,248.0,256.0,8.0,1.0,1,0.9934999999999974,0.006500000000002615,0.0,0.9934999999999974,0.8751987667565243,0.9934999999999974
3,32,256.0,264.0,8.0,1.0,1,0.9933749999999932,0.006625000000006764,0.0,0.9933749999999932,0.8751987667565243,0.9933749999999932
3,33,264.0,272.0,8.0,1.0,1,0.9967499999999987,0.0032500000000013074,0.0,0.9967499999999987,0.8751987667565243,0.9967499999999987
3,34,272.0,280.0,8.0,1.0,1,0.9934999999999974,0.006500000000002615,0.0,0.9934999999999974,0.8751987667565243,0.9934999999999974
3,35,280.0,288.0,8.0,1.0,1,1.0,0.0,0.0,1.0,0.8751987667565243,1.0
3,36,288.0,296.0,8.0,1.0,1,0.2942499999999981,0.7057500000000019,0.0,0.2942499999999981,0.8751987667565243,0.2942499999999981
3,37,296.0,304.0,8.0,1.0,1,0.9937499999999986,0.006250000000001421,0.0,0.9937499999999986,0.8751987667565243,0.9937499999999986
3,38,304.0,312.0,8.0,1.0,1,0.9939999999999998,0.006000000000000227,0.0,0.9939999999999998,0.8751987667565243,0.9939999999999998
3,39,312.0,320.0,8.0,1.0,1,0.9916249999999991,0.00837500000000091,0.0,0.9916249999999991,0.8751987667565243,0.9916249999999991
3,40,320.0,328.0,8.0,1.0,1,0.9909999999999997,0.009000000000000341,0.0,0.9909999999999997,0.8751987667565243,0.9909999999999997
3,41,328.0,336.0,8.0,1.0,1,0.9908750000000026,0.009124999999997385,0.0,0.9908750000000026,0.8751987667565243,0.9908750000000026
3,42,336.0,344.0,8.0,1.0,1,0.9908749999999955,0.00912500000000449,0.0,0.9908749999999955,0.8751987667565243,0.9908749999999955
3,43,344.0,352.0,8.0,1.0,1,0.9909999999999997,0.009000000000000341,0.0,0.9909999999999997,0.8751987667565243,0.9909999999999997
3,44,352.0,360.0,8.0,1.0,1,0.5132500000000064,0.4867499999999936,0.0,0.5132500000000064,0.8751987667565243,0.5132500000000064
3,45,360.0,368.0,8.0,1.0,1,0.9931249999999991,0.006875000000000853,0.0,0.9931249999999991,0.8751987667565243,0.9931249999999991
3,46,368.0,376.0,8.0,1.0,1,0.9818750000000023,0.018124999999997726,0.0,0.9818750000000023,0.8751987667565243,0.9818750000000023
3,47,376.0,384.0,8.0,1.0,1,0.9933750000000003,0.006624999999999659,0.0,0.9933750000000003,0.8751987667565243,0.9933750000000003
3,48,384.0,392.0,8.0,1.0,1,0.990124999999999,0.009875000000000966,0.0,0.990124999999999,0.8751987667565243,0.990124999999999
3,49,392.0,400.0,8.0,1.0,1,0.9902500000000032,0.009749999999996817,0.0,0.9902500000000032,0.8751987667565243,0.9902500000000032
3,50,400.0,408.0,8.0,1.0,1,0.991500000000002,0.008499999999997954,0.0,0.991500000000002,0.8751987667565243,0.991500000000002
3,51,408.0,416.0,8.0,1.0,1,0.5343750000000043,0.46562499999999574,0.0,0.5343750000000043,0.8751987667565243,0.5343750000000043
3,52,416.0,424.0,8.0,1.0,1,0.8725000000000023,0.12749999999999773,0.0,0.8725000000000023,0.8751987667565243,0.8725000000000023
3,53,424.0,432.0,7.7479999999999905,0.9684999999999988,1,0.03355704697986464,0.9664429530201354,0.0,0.03355704697986464,0.8751987667565243,0.03355704697986464
4,0,0.0,8.0,7.885,0.985625,1,0.9722257450856056,0.027774254914394416,0.0,0.9722257450856056,0.8751987667565243,0.9722257450856056
4,1,8.0,16.0,8.0,1.0,1,0.994,0.006000000000000005,0.0,0.994,0.8751987667565243,0.994
4,2,16.0,24.0,8.0,1.0,1,0.9938750000000001,0.006124999999999936,0.0,0.9938750000000001,0.8751987667565243,0.9938750000000001
4,3,24.0,32.0,8.0,1.0,1,0.9940000000000002,0.005999999999999783,0.0,0.9940000000000002,0.8751987667565243,0.9940000000000002
4,4,32.0,40.0,8.0,1.0,1,0.9937500000000004,0.006249999999999645,0.0,0.9937500000000004,0.8751987667565243,0.9937500000000004
4,5,40.0,48.0,8.0,1.0,1,0.9970000000000008,0.0029999999999992255,0.0,0.9970000000000008,0.8751987667565243,0.9970000000000008
4,6,48.0,56.0,8.0,1.0,1,0.9969999999999999,0.0030000000000001137,0.0,0.9969999999999999,0.8751987667565243,0.9969999999999999
4,7,56.0,64.0,8.0,1.0,1,0.06850000000000023,0.9314999999999998,0.0,0.06850000000000023,0.8751987667565243,0.06850000000000023
4,8,64.0,72.0,8.0,1.0,1,0.5792499999999983,0.42075000000000173,0.0,0.5792499999999983,0.8751987667565243,0.5792499999999983
4,9,72.0,80.0,8.0,1.0,1,0.9932499999999997,0.006750000000000256,0.0,0.9932499999999997,0.8751987667565243,0.9932499999999997
4,10,80.0,88.0,8.0,1.0,1,0.9967500000000005,0.003249999999999531,0.0,0.9967500000000005,0.8751987667565243,0.9967500000000005
4,11,88.0,96.0,8.0,1.0,1,0.9917499999999997,0.008250000000000313,0.0,0.9917499999999997,0.8751987667565243,0.9917499999999997
4,12,96.0,104.0,8.0,1.0,1,0.9967499999999987,0.0032500000000013074,0.0,0.9967499999999987,0.8751987667565243,0.9967499999999987
4,13,104.0,112.0,8.0,1.0,1,0.9901250000000008,0.00987499999999919,0.0,0.9901250000000008,0.8751987667565243,0.9901250000000008
4,14,112.0,120.0,8.0,1.0,1,0.9866250000000019,0.013374999999998138,0.0,0.9866250000000019,0.8751987667565243,0.9866250000000019
4,15,120.0,128.0,8.0,1.0,1,0.9933749999999986,0.006625000000001435,0.0,0.9933749999999986,0.8751987667565243,0.9933749999999986
4,16,128.0,136.0,8.0,1.0,1,0.9933750000000039,0.006624999999996106,0.0,0.9933750000000039,0.8751987667565243,0.9933750000000039
4,17,136.0,144.0,8.0,1.0,1,0.17037499999999994,0.8296250000000001,0.0,0.17037499999999994,0.8751987667565243,0.17037499999999994
4,18,144.0,152.0,8.0,1.0,1,0.5833749999999966,0.41662500000000335,0.0,0.5833749999999966,0.8751987667565243,0.5833749999999966
4,19,152.0,160.0,8.0,1.0,1,0.9909999999999997,0.009000000000000341,0.0,0.9909999999999997,0.8751987667565243,0.9909999999999997
4,20,160.0,168.0,8.0,1.0,1,0.9902499999999996,0.00975000000000037,0.0,0.9902499999999996,0.8751987667565243,0.9902499999999996
4,21,168.0,176.0,8.0,1.0,1,0.9938749999999992,0.006125000000000824,0.0,0.9938749999999992,0.8751987667565243,0.9938749999999992
4,22,176.0,184.0,8.0,1.0,1,0.9938750000000027,0.0061249999999972715,0.0,0.9938750000000027,0.8751987667565243,0.9938750000000027
4,23,184.0,192.0,8.0,1.0,1,0.9908749999999991,0.009125000000000938,0.0,0.9908749999999991,0.8751987667565243,0.9908749999999991
4,24,192.0,200.0,8.0,1.0,1,0.9908750000000026,0.009124999999997385,0.0,0.9908750000000026,0.8751987667565243,0.9908750000000026
4,25,200.0,208.0,8.0,1.0,1,0.39512500000000017,0.6048749999999998,0.0,0.39512500000000017,0.8751987667565243,0.39512500000000017
4,26,208.0,216.0,8.0,1.0,1,0.4444999999999979,0.5555000000000021,0.0,0.4444999999999979,0.8751987667565243,0.4444999999999979
4,27,216.0,224.0,8.0,1.0,1,0.9819999999999993,0.018000000000000682,0.0,0.9819999999999993,0.8751987667565243,0.9819999999999993
4,28,224.0,232.0,8.0,1.0,1,0.9967500000000022,0.0032499999999977547,0.0,0.9967500000000022,0.8751987667565243,0.9967500000000022
4,29,232.0,240.0,8.0,1.0,1,0.9933749999999968,0.006625000000003212,0.0,0.9933749999999968,0.8751987667565243,0.9933749999999968
4,30,240.0,248.0,8.0,1.0,1,0.9932499999999997,0.006750000000000256,0.0,0.9932499999999997,0.8751987667565243,0.9932499999999997
4,31,248.0,256.0,8.0,1.0,1,0.9933750000000039,0.006624999999996106,0.0,0.9933750000000039,0.8751987667565243,0.9933750000000039
4,32,256.0,264.0,8.0,1.0,1,0.9933750000000003,0.006624999999999659,0.0,0.9933750000000003,0.8751987667565243,0.9933750000000003
4,33,264.0,272.0,8.0,1.0,1,0.9967499999999987,0.0032500000000013074,0.0,0.9967499999999987,0.8751987667565243,0.9967499999999987
4,34,272.0,280.0,8.0,1.0,1,0.7131250000000051,0.2868749999999949,0.0,0.7131250000000051,0.8751987667565243,0.7131250000000051
4,35,280.0,288.0,8.0,1.0,1,0.007125000000002046,0.992874999999998,0.0,0.007125000000002046,0.8751987667565243,0.007125000000002046
4,36,288.0,296.0,8.0,1.0,1,0.44700000000000983,0.5529999999999902,0.0,0.44700000000000983,0.8751987667565243,0.44700000000000983
4,37,296.0,304.0,8.0,1.0,1,0.9937499999999986,0.006250000000001421,0.0,0.9937499999999986,0.8751987667565243,0.9937499999999986
4,38,304.0,312.0,8.0,1.0,1,0.987249999999996,0.012750000000004036,0.0,0.987249999999996,0.8751987667565243,0.987249999999996
4,39,312.0,320.0,8.0,1.0,1,0.9908749999999955,0.00912500000000449,0.0,0.9908749999999955,0.8751987667565243,0.9908749999999955
4,40,320.0,328.0,8.0,1.0,1,0.9878750000000025,0.012124999999997499,0.0,0.9878750000000025,0.8751987667565243,0.9878750000000025
4,41,328.0,336.0,8.0,1.0,1,0.9939999999999998,0.006000000000000227,0.0,0.9939999999999998,0.8751987667565243,0.9939999999999998
4,42,336.0,344.0,8.0,1.0,1,0.8771249999999995,0.12287500000000051,0.0,0.8771249999999995,0.8751987667565243,0.8771249999999995
4,43,344.0,352.0,8.0,1.0,1,0.575250000000004,0.42474999999999596,0.0,0.575250000000004,0.8751987667565243,0.575250000000004
4,44,352.0,360.0,8.0,1.0,1,0.9897500000000008,0.010249999999999204,0.0,0.9897500000000008,0.8751987667565243,0.9897500000000008
4,45,360.0,368.0,8.0,1.0,1,0.9785000000000039,0.021499999999996078,0.0,0.9785000000000039,0.8751987667565243,0.9785000000000039
4,46,368.0,376.0,8.0,1.0,1,0.990000000000002,0.00999999999999801,0.0,0.990000000000002,0.8751987667565243,0.990000000000002
4,47,376.0,384.0,8.0,1.0,1,0.9899999999999949,0.010000000000005116,0.0,0.9899999999999949,0.8751987667565243,0.9899999999999949
4,48,384.0,392.0,8.0,1.0,1,0.9899999999999949,0.010000000000005116,0.0,0.9899999999999949,0.8751987667565243,0.9899999999999949
4,49,392.0,400.0,8.0,1.0,1,0.28224999999999767,0.7177500000000023,0.0,0.28224999999999767,0.8751987667565243,0.28224999999999767
4,50,400.0,408.0,8.0,1.0,1,0.8829999999999956,0.11700000000000443,0.0,0.8829999999999956,0.8751987667565243,0.8829999999999956
4,51,408.0,416.0,7.336000000000013,0.9170000000000016,1,0.03544165757906861,0.9645583424209314,0.0,0.03544165757906861,0.8751987667565243,0.03544165757906861
5,0,0.0,8.0,7.839,0.979875,1,0.975251945401199,0.02474805459880088,1.1330251558873903e-16,0.975251945401199,0.8751987667565243,0.975251945401199
5,1,8.0,16.0,8.0,1.0,1,0.996875,0.0031250000000000444,0.0,0.996875,0.8751987667565243,0.996875
5,2,16.0,24.0,8.0,1.0,1,0.9940000000000002,0.005999999999999783,0.0,0.9940000000000002,0.8751987667565243,0.9940000000000002
5,3,24.0,32.0,8.0,1.0,1,0.9968749999999997,0.0031250000000002665,0.0,0.9968749999999997,0.8751987667565243,0.9968749999999997
5,4,32.0,40.0,8.0,1.0,1,0.9939999999999998,0.006000000000000227,0.0,0.9939999999999998,0.8751987667565243,0.9939999999999998
5,5,40.0,48.0,8.0,1.0,1,0.9907499999999994,0.009250000000000647,0.0,0.9907499999999994,0.8751987667565243,0.9907499999999994
5,6,48.0,56.0,8.0,1.0,1,0.9939999999999998,0.006000000000000227,0.0,0.9939999999999998,0.8751987667565243,0.9939999999999998
5,7,56.0,64.0,8.0,1.0,1,0.1432500000000001,0.8567499999999999,0.0,0.1432500000000001,0.8751987667565243,0.1432500000000001
5,8,64.0,72.0,8.0,1.0,1,0.18249999999999922,0.8175000000000008,0.0,0.18249999999999922,0.8751987667565243,0.18249999999999922
5,9,72.0,80.0,8.0,1.0,1,0.996500000000001,0.0034999999999989484,0.0,0.996500000000001,0.8751987667565243,0.996500000000001
5,10,80.0,88.0,8.0,1.0,1,1.0,0.0,0.0,1.0,0.8751987667565243,1.0
5,11,88.0,96.0,8.0,1.0,1,0.9933750000000003,0.006624999999999659,0.0,0.9933750000000003,0.8751987667565243,0.9933750000000003
5,12,96.0,104.0,8.0,1.0,1,0.9967500000000005,0.003249999999999531,0.0,0.9967500000000005,0.8751987667565243,0.9967500000000005
5,13,104.0,112.0,8.0,1.0,1,0.9884999999999984,0.01150000000000162,0.0,0.9884999999999984,0.8751987667565243,0.9884999999999984
5,14,112.0,120.0,8.0,1.0,1,0.9901250000000008,0.00987499999999919,0.0,0.9901250000000008,0.8751987667565243,0.9901250000000008
5,15,120.0,128.0,8.0,1.0,1,0.9966249999999999,0.003375000000000128,0.0,0.9966249999999999,0.8751987667565243,0.9966249999999999
5,16,128.0,136.0,8.0,1.0,1,0.990124999999999,0.009875000000000966,0.0,0.990124999999999,0.8751987667565243,0.990124999999999
5,17,136.0,144.0,8.0,1.0,1,0.9901250000000026,0.009874999999997414,0.0,0.9901250000000026,0.8751987667565243,0.9901250000000026
5,18,144.0,152.0,8.0,1.0,1,0.6036250000000045,0.3963749999999955,0.0,0.6036250000000045,0.8751987667565243,0.6036250000000045
5,19,152.0,160.0,8.0,1.0,1,0.760500000000004,0.23949999999999605,0.0,0.760500000000004,0.8751987667565243,0.760500000000004
5,20,160.0,168.0,8.0,1.0,1,0.9969999999999999,0.0030000000000001137,0.0,0.9969999999999999,0.8751987667565243,0.9969999999999999
5,21,168.0,176.0,8.0,1.0,1,0.9938749999999992,0.006125000000000824,0.0,0.9938749999999992,0.8751987667565243,0.9938749999999992
5,22,176.0,184.0,8.0,1.0,1,0.9903750000000038,0.00962499999999622,0.0,0.9903750000000038,0.8751987667565243,0.9903750000000038
5,23,184.0,192.0,8.0,1.0,1,0.9908749999999991,0.009125000000000938,0.0,0.9908749999999991,0.8751987667565243,0.9908749999999991
5,24,192.0,200.0,8.0,1.0,1,0.9969999999999999,0.0030000000000001137,0.0,0.9969999999999999,0.8751987667565243,0.9969999999999999
5,25,200.0,208.0,8.0,1.0,1,0.9939999999999998,0.006000000000000227,0.0,0.9939999999999998,0.8751987667565243,0.9939999999999998
5,26,208.0,216.0,8.0,1.0,1,0.9877500000000019,0.012249999999998096,0.0,0.9877500000000019,0.8751987667565243,0.9877500000000019
5,27,216.0,224.0,8.0,1.0,1,0.39062499999999645,0.6093750000000036,0.0,0.39062499999999645,0.8751987667565243,0.39062499999999645
5,28,224.0,232.0,8.0,1.0,1,0.7494999999999976,0.2505000000000024,0.0,0.7494999999999976,0.8751987667565243,0.7494999999999976
5,29,232.0,240.0,8.0,1.0,1,0.9935000000000009,0.006499999999999062,0.0,0.9935000000000009,0.8751987667565243,0.9935000000000009
5,30,240.0,248.0,8.0,1.0,1,0.9852499999999935,0.01475000000000648,0.0,0.9852499999999935,0.8751987667565243,0.9852499999999935
5,31,248.0,256.0,8.0,1.0,1,0.9967500000000022,0.0032499999999977547,0.0,0.9967500000000022,0.8751987667565243,0.9967500000000022
5,32,256.0,264.0,8.0,1.0,1,0.9933750000000003,0.006624999999999659,0.0,0.9933750000000003,0.8751987667565243,0.9933750000000003
5,33,264.0,272.0,8.0,1.0,1,0.9965000000000046,0.0034999999999953957,0.0,0.9965000000000046,0.8751987667565243,0.9965000000000046
5,34,272.0,280.0,8.0,1.0,1,0.9933750000000003,0.006624999999999659,0.0,0.9933750000000003,0.8751987667565243,0.9933750000000003
5,35,280.0,288.0,8.0,1.0,1,0.9967499999999987,0.0032500000000013074,0.0,0.9967499999999987,0.8751987667565243,0.9967499999999987
5,36,288.0,296.0,8.0,1.0,1,0.9935000000000045,0.006499999999995509,0.0,0.9935000000000045,0.8751987667565243,0.9935000000000045
5,37,296.0,304.0,8.0,1.0,1,0.9433749999999961,0.05662500000000392,0.0,0.9433749999999961,0.8751987667565243,0.9433749999999961
5,38,304.0,312.0,8.0,1.0,1,0.007000000000005002,0.992999999999995,0.0,0.007000000000005002,0.8751987667565243,0.007000000000005002
5,39,312.0,320.0,8.0,1.0,1,0.5861250000000027,0.41387499999999733,0.0,0.5861250000000027,0.8751987667565243,0.5861250000000027
5,40,320.0,328.0,8.0,1.0,1,0.9967500000000058,0.003249999999994202,0.0,0.9967500000000058,0.8751987667565243,0.9967500000000058
5,41,328.0,336.0,8.0,1.0,1,0.9969999999999999,0.0030000000000001137,0.0,0.9969999999999999,0.8751987667565243,0.9969999999999999
5,42,336.0,344.0,8.0,1.0,1,0.9938750000000027,0.0061249999999972715,0.0,0.9938750000000027,0.8751987667565243,0.9938750000000027
5,43,344.0,352.0,8.0,1.0,1,0.9961249999999993,0.003875000000000739,0.0,0.9961249999999993,0.8751987667565243,0.9961249999999993
5,44,352.0,360.0,8.0,1.0,1,0.9864999999999995,0.013500000000000512,0.0,0.9864999999999995,0.8751987667565243,0.9864999999999995
5,45,360.0,368.0,8.0,1.0,1,0.9939999999999998,0.006000000000000227,0.0,0.9939999999999998,0.8751987667565243,0.9939999999999998
5,46,368.0,376.0,8.0,1.0,1,0.9939999999999998,0.006000000000000227,0.0,0.9939999999999998,0.8751987667565243,0.9939999999999998
5,47,376.0,384.0,8.0,1.0,1,0.9847499999999982,0.015250000000001762,0.0,0.9847499999999982,0.8751987667565243,0.9847499999999982
5,48,384.0,392.0,8.0,1.0,1,1.0,0.0,0.0,1.0,0.8751987667565243,1.0
5,49,392.0,400.0,8.0,1.0,1,0.4523749999999964,0.5476250000000036,0.0,0.4523749999999964,0.8751987667565243,0.4523749999999964
5,50,400.0,408.0,8.0,1.0,1,0.9964999999999975,0.003500000000002501,0.0,0.9964999999999975,0.8751987667565243,0.9964999999999975
5,51,408.0,416.0,8.0,1.0,1,0.9933750000000003,0.006624999999999659,0.0,0.9933750000000003,0.8751987667565243,0.9933750000000003
5,52,416.0,424.0,8.0,1.0,1,0.988749999999996,0.011250000000003979,0.0,0.988749999999996,0.8751987667565243,0.988749999999996
5,53,424.0,432.0,8.0,1.0,1,0.9836250000000177,0.016374999999982265,0.0,0.9836250000000177,0.8751987667565243,0.9836250000000177
5,54,432.0,440.0,8.0,1.0,1,0.9802499999999981,0.019750000000001933,0.0,0.9802499999999981,0.8751987667565243,0.9802499999999981
5,55,440.0,448.0,8.0,1.0,1,0.65625,0.34375,0.0,0.65625,0.8751987667565243,0.65625
5,56,448.0,456.0,8.0,1.0,1,0.5384999999999991,0.4615000000000009,0.0,0.5384999999999991,0.8751987667565243,0.5384999999999991
5,57,456.0,464.0,2.494000000000028,0.3117500000000035,1,0.06174819566962769,0.9382518043303724,0.0,0.06174819566962769,0.8751987667565243,0.06174819566962769
6,0,0.0,8.0,7.812,0.9765,1,0.9756784434203789,0.024321556579621092,0.0,0.9756784434203789,0.8751987667565243,0.9756784434203789
6,1,8.0,16.0,8.0,1.0,1,0.996875,0.0031250000000000444,0.0,0.996875,0.8751987667565243,0.996875
6,2,16.0,24.0,8.0,1.0,1,0.9939999999999998,0.006000000000000227,0.0,0.9939999999999998,0.8751987667565243,0.9939999999999998
6,3,24.0,32.0,8.0,1.0,1,0.9940000000000002,0.005999999999999783,0.0,0.9940000000000002,0.8751987667565243,0.9940000000000002
6,4,32.0,40.0,8.0,1.0,1,0.9939999999999998,0.006000000000000227,0.0,0.9939999999999998,0.8751987667565243,0.9939999999999998
6,5,40.0,48.0,8.0,1.0,1,0.9968750000000002,0.0031249999999998224,0.0,0.9968750000000002,0.8751987667565243,0.9968750000000002
6,6,48.0,56.0,8.0,1.0,1,0.9907499999999994,0.009250000000000647,0.0,0.9907499999999994,0.8751987667565243,0.9907499999999994
6,7,56.0,64.0,8.0,1.0,1,0.5950000000000006,0.40499999999999936,0.0,0.5950000000000006,0.8751987667565243,0.5950000000000006
6,8,64.0,72.0,8.0,1.0,1,0.7456250000000004,0.2543749999999996,0.0,0.7456250000000004,0.8751987667565243,0.7456250000000004
6,9,72.0,80.0,8.0,1.0,1,0.996500000000001,0.0034999999999989484,0.0,0.996500000000001,0.8751987667565243,0.996500000000001
6,10,80.0,88.0,8.0,1.0,1,0.9933750000000003,0.006624999999999659,0.0,0.9933750000000003,0.8751987667565243,0.9933750000000003
6,11,88.0,96.0,8.0,1.0,1,0.9967500000000005,0.003249999999999531,0.0,0.9967500000000005,0.8751987667565243,0.9967500000000005
6,12,96.0,104.0,8.0,1.0,1,0.9884999999999984,0.01150000000000162,0.0,0.9884999999999984,0.8751987667565243,0.9884999999999984
6,13,104.0,112.0,8.0,1.0,1,0.9933750000000003,0.006624999999999659,0.0,0.9933750000000003,0.8751987667565243,0.9933750000000003
6,14,112.0,120.0,8.0,1.0,1,0.9932500000000015,0.0067499999999984794,0.0,0.9932500000000015,0.8751987667565243,0.9932500000000015
6,15,120.0,128.0,8.0,1.0,1,0.9935000000000009,0.006499999999999062,0.0,0.9935000000000009,0.8751987667565243,0.9935000000000009
6,16,128.0,136.0,8.0,1.0,1,0.9901250000000026,0.009874999999997414,0.0,0.9901250000000026,0.8751987667565243,0.9901250000000026
6,17,136.0,144.0,8.0,1.0,1,0.9933749999999968,0.006625000000003212,0.0,0.9933749999999968,0.8751987667565243,0.9933749999999968
6,18,144.0,152.0,8.0,1.0,1,0.48687500000000483,0.5131249999999952,0.0,0.48687500000000483,0.8751987667565243,0.48687500000000483
6,19,152.0,160.0,8.0,1.0,1,0.9966250000000016,0.0033749999999983515,0.0,0.9966250000000016,0.8751987667565243,0.9966250000000016
6,20,160.0,168.0,8.0,1.0,1,0.9939999999999998,0.006000000000000227,0.0,0.9939999999999998,0.8751987667565243,0.9939999999999998
6,21,168.0,176.0,8.0,1.0,1,0.9896250000000002,0.010374999999999801,0.0,0.9896250000000002,0.8751987667565243,0.9896250000000002
6,22,176.0,184.0,8.0,1.0,1,0.9908749999999991,0.009125000000000938,0.0,0.9908749999999991,0.8751987667565243,0.9908749999999991
6,23,184.0,192.0,8.0,1.0,1,0.9938749999999992,0.006125000000000824,0.0,0.9938749999999992,0.8751987667565243,0.9938749999999992
6,24,192.0,200.0,8.0,1.0,1,0.9969999999999999,0.0030000000000001137,0.0,0.9969999999999999,0.8751987667565243,0.9969999999999999
6,25,200.0,208.0,8.0,1.0,1,0.9939999999999998,0.006000000000000227,0.0,0.9939999999999998,0.8751987667565243,0.9939999999999998
6,26,208.0,216.0,8.0,1.0,1,0.9879999999999995,0.012000000000000455,0.0,0.9879999999999995,0.8751987667565243,0.9879999999999995
6,27,216.0,224.0,8.0,1.0,1,0.47424999999999784,0.5257500000000022,0.0,0.47424999999999784,0.8751987667565243,0.47424999999999784
6,28,224.0,232.0,8.0,1.0,1,0.9926250000000003,0.007374999999999687,0.0,0.9926250000000003,0.8751987667565243,0.9926250000000003
6,29,232.0,240.0,8.0,1.0,1,0.9967500000000022,0.0032499999999977547,0.0,0.9967500000000022,0.8751987667565243,0.9967500000000022
6,30,240.0,248.0,8.0,1.0,1,0.9876250000000013,0.012374999999998693,0.0,0.9876250000000013,0.8751987667565243,0.9876250000000013
6,31,248.0,256.0,8.0,1.0,1,0.9967499999999987,0.0032500000000013074,0.0,0.9967499999999987,0.8751987667565243,0.9967499999999987
6,32,256.0,264.0,8.0,1.0,1,0.9933750000000003,0.006624999999999659,0.0,0.9933750000000003,0.8751987667565243,0.9933750000000003
6,33,264.0,272.0,8.0,1.0,1,0.9966250000000016,0.0033749999999983515,0.0,0.9966250000000016,0.8751987667565243,0.9966250000000016
6,34,272.0,280.0,8.0,1.0,1,0.9933750000000074,0.0066249999999925535,0.0,0.9933750000000074,0.8751987667565243,0.9933750000000074
6,35,280.0,288.0,8.0,1.0,1,0.9967499999999987,0.0032500000000013074,0.0,0.9967499999999987,0.8751987667565243,0.9967499999999987
6,36,288.0,296.0,8.0,1.0,1,0.9933750000000003,0.006624999999999659,0.0,0.9933750000000003,0.8751987667565243,0.9933750000000003
6,37,296.0,304.0,8.0,1.0,1,0.9966250000000016,0.0033749999999983515,0.0,0.9966250000000016,0.8751987667565243,0.9966250000000016
6,38,304.0,312.0,8.0,1.0,1,0.6216249999999945,0.37837500000000546,0.0,0.6216249999999945,0.8751987667565243,0.6216249999999945
6,39,312.0,320.0,8.0,1.0,1,0.1947499999999991,0.8052500000000009,0.0,0.1947499999999991,0.8751987667565243,0.1947499999999991
6,40,320.0,328.0,8.0,1.0,1,1.0,0.0,0.0,1.0,0.8751987667565243,1.0
6,41,328.0,336.0,8.0,1.0,1,0.9967499999999987,0.0032500000000013074,0.0,0.9967499999999987,0.8751987667565243,0.9967499999999987
6,42,336.0,344.0,8.0,1.0,1,0.9938749999999956,0.006125000000004377,0.0,0.9938749999999956,0.8751987667565243,0.9938749999999956
6,43,344.0,352.0,8.0,1.0,1,1.0,0.0,0.0,1.0,0.8751987667565243,1.0
6,44,352.0,360.0,8.0,1.0,1,0.9969999999999999,0.0030000000000001137,0.0,0.9969999999999999,0.8751987667565243,0.9969999999999999
6,45,360.0,368.0,8.0,1.0,1,0.985625000000006,0.014374999999994031,0.0,0.985625000000006,0.8751987667565243,0.985625000000006
6,46,368.0,376.0,8.0,1.0,1,0.9940000000000069,0.005999999999993122,0.0,0.9940000000000069,0.8751987667565243,0.9940000000000069
6,47,376.0,384.0,8.0,1.0,1,0.9908749999999955,0.00912500000000449,0.0,0.9908749999999955,0.8751987667565243,0.9908749999999955
6,48,384.0,392.0,8.0,1.0,1,0.9969999999999999,0.0030000000000001137,0.0,0.9969999999999999,0.8751987667565243,0.9969999999999999
6,49,392.0,400.0,8.0,1.0,1,0.9878750000000025,0.012124999999997499,0.0,0.9878750000000025,0.8751987667565243,0.9878750000000025
6,50,400.0,408.0,8.0,1.0,1,0.5271250000000052,0.4728749999999948,0.0,0.5271250000000052,0.8751987667565243,0.5271250000000052
6,51,408.0,416.0,8.0,1.0,1,0.4267500000000126,0.5732499999999874,0.0,0.4267500000000126,0.8751987667565243,0.4267500000000126
6,52,416.0,424.0,8.0,1.0,1,0.9935000000000116,0.006499999999988404,0.0,0.9935000000000116,0.8751987667565243,0.9935000000000116
6,53,424.0,432.0,8.0,1.0,1,0.9855000000000018,0.014499999999998181,0.0,0.9855000000000018,0.8751987667565243,0.9855000000000018
6,54,432.0,440.0,8.0,1.0,1,0.9801250000000081,0.01987499999999187,0.0,0.9801250000000081,0.8751987667565243,0.9801250000000081
6,55,440.0,448.0,8.0,1.0,1,0.6511250000000075,0.3488749999999925,0.0,0.6511250000000075,0.8751987667565243,0.6511250000000075
6,56,448.0,456.0,8.0,1.0,1,0.7238750000000067,0.2761249999999933,0.0,0.7238750000000067,0.8751987667565243,0.7238750000000067
6,57,456.0,464.0,3.494000000000028,0.4367500000000035,1,0.06038923869490871,0.9396107613050912,0.0,0.06038923869490871,0.8751987667565243,0.06038923869490871
7,0,0.0,8.0,7.994,0.99925,1,0.9757317988491369,0.024268201150863145,0.0,0.9757317988491369,0.8751987667565243,0.9757317988491369
7,1,8.0,16.0,8.0,1.0,1,0.9969999999999999,0.0030000000000001137,0.0,0.9969999999999999,0.8751987667565243,0.9969999999999999
7,2,16.0,24.0,8.0,1.0,1,0.9939999999999998,0.006000000000000227,0.0,0.9939999999999998,0.8751987667565243,0.9939999999999998
7,3,24.0,32.0,8.0,1.0,1,0.9968749999999997,0.0031250000000002665,0.0,0.9968749999999997,0.8751987667565243,0.9968749999999997
7,4,32.0,40.0,8.0,1.0,1,0.9909999999999997,0.009000000000000341,0.0,0.9909999999999997,0.8751987667565243,0.9909999999999997
7,5,40.0,48.0,8.0,1.0,1,1.0,0.0,0.0,1.0,0.8751987667565243,1.0
7,6,48.0,56.0,8.0,1.0,1,0.9907500000000002,0.009249999999999758,0.0,0.9907500000000002,0.8751987667565243,0.9907500000000002
7,7,56.0,64.0,8.0,1.0,1,0.44912499999999955,0.5508750000000004,0.0,0.44912499999999955,0.8751987667565243,0.44912499999999955
7,8,64.0,72.0,8.0,1.0,1,0.5356249999999996,0.4643750000000004,0.0,0.5356249999999996,0.8751987667565243,0.5356249999999996
7,9,72.0,80.0,8.0,1.0,1,1.0,0.0,0.0,1.0,0.8751987667565243,1.0
7,10,80.0,88.0,8.0,1.0,1,0.9967500000000005,0.003249999999999531,0.0,0.9967500000000005,0.8751987667565243,0.9967500000000005
7,11,88.0,96.0,8.0,1.0,1,0.9933750000000003,0.006624999999999659,0.0,0.9933750000000003,0.8751987667565243,0.9933750000000003
7,12,96.0,104.0,8.0,1.0,1,0.9852500000000024,0.014749999999997598,0.0,0.9852500000000024,0.8751987667565243,0.9852500000000024
7,13,104.0,112.0,8.0,1.0,1,0.9933749999999986,0.006625000000001435,0.0,0.9933749999999986,0.8751987667565243,0.9933749999999986
7,14,112.0,120.0,8.0,1.0,1,0.9967500000000005,0.003249999999999531,0.0,0.9967500000000005,0.8751987667565243,0.9967500000000005
7,15,120.0,128.0,8.0,1.0,1,0.9902500000000014,0.009749999999998593,0.0,0.9902500000000014,0.8751987667565243,0.9902500000000014
7,16,128.0,136.0,8.0,1.0,1,0.9868749999999977,0.013125000000002274,0.0,0.9868749999999977,0.8751987667565243,0.9868749999999977
7,17,136.0,144.0,8.0,1.0,1,0.4762500000000003,0.5237499999999997,0.0,0.4762500000000003,0.8751987667565243,0.4762500000000003
7,18,144.0,152.0,8.0,1.0,1,0.686874999999997,0.313125000000003,0.0,0.686874999999997,0.8751987667565243,0.686874999999997
7,19,152.0,160.0,8.0,1.0,1,0.9906250000000014,0.009374999999998579,0.0,0.9906250000000014,0.8751987667565243,0.9906250000000014
7,20,160.0,168.0,8.0,1.0,1,0.9894999999999996,0.010500000000000398,0.0,0.9894999999999996,0.8751987667565243,0.9894999999999996
7,21,168.0,176.0,8.0,1.0,1,0.9908749999999991,0.009125000000000938,0.0,0.9908749999999991,0.8751987667565243,0.9908749999999991
7,22,176.0,184.0,8.0,1.0,1,0.9937499999999986,0.006250000000001421,0.0,0.9937499999999986,0.8751987667565243,0.9937499999999986
7,23,184.0,192.0,8.0,1.0,1,0.9970000000000034,0.002999999999996561,0.0,0.9970000000000034,0.8751987667565243,0.9970000000000034
7,24,192.0,200.0,8.0,1.0,1,0.9907499999999985,0.009250000000001535,0.0,0.9907499999999985,0.8751987667565243,0.9907499999999985
7,25,200.0,208.0,8.0,1.0,1,0.9909999999999997,0.009000000000000341,0.0,0.9909999999999997,0.8751987667565243,0.9909999999999997
7,26,208.0,216.0,8.0,1.0,1,0.42424999999999713,0.5757500000000029,0.0,0.42424999999999713,0.8751987667565243,0.42424999999999713
7,27,216.0,224.0,8.0,1.0,1,0.9926250000000039,0.007374999999996135,0.0,0.9926250000000039,0.8751987667565243,0.9926250000000039
7,28,224.0,232.0,8.0,1.0,1,0.9966249999999981,0.0033750000000019043,0.0,0.9966249999999981,0.8751987667565243,0.9966249999999981
7,29,232.0,240.0,8.0,1.0,1,0.9857499999999959,0.014250000000004093,0.0,0.9857499999999959,0.8751987667565243,0.9857499999999959
7,30,240.0,248.0,8.0,1.0,1,0.9933750000000003,0.006624999999999659,0.0,0.9933750000000003,0.8751987667565243,0.9933750000000003
7,31,248.0,256.0,8.0,1.0,1,0.9967500000000022,0.0032499999999977547,0.0,0.9967500000000022,0.8751987667565243,0.9967500000000022
7,32,256.0,264.0,8.0,1.0,1,0.9967499999999987,0.0032500000000013074,0.0,0.9967499999999987,0.8751987667565243,0.9967499999999987
7,33,264.0,272.0,8.0,1.0,1,0.9966250000000016,0.0033749999999983515,0.0,0.9966250000000016,0.8751987667565243,0.9966250000000016
7,34,272.0,280.0,8.0,1.0,1,0.990124999999999,0.009875000000000966,0.0,0.990124999999999,0.8751987667565243,0.990124999999999
7,35,280.0,288.0,8.0,1.0,1,0.9935000000000045,0.006499999999995509,0.0,0.9935000000000045,0.8751987667565243,0.9935000000000045
7,36,288.0,296.0,8.0,1.0,1,0.9967499999999987,0.0032500000000013074,0.0,0.9967499999999987,0.8751987667565243,0.9967499999999987
7,37,296.0,304.0,8.0,1.0,1,0.18925000000000125,0.8107499999999987,0.0,0.18925000000000125,0.8751987667565243,0.18925000000000125
7,38,304.0,312.0,8.0,1.0,1,1.0,0.0,0.0,1.0,0.8751987667565243,1.0
7,39,312.0,320.0,8.0,1.0,1,0.9937500000000057,0.006249999999994316,0.0,0.9937500000000057,0.8751987667565243,0.9937500000000057
7,40,320.0,328.0,8.0,1.0,1,0.9968750000000028,0.003124999999997158,0.0,0.9968750000000028,0.8751987667565243,0.9968750000000028
7,41,328.0,336.0,8.0,1.0,1,0.9969999999999999,0.0030000000000001137,0.0,0.9969999999999999,0.8751987667565243,0.9969999999999999
7,42,336.0,344.0,8.0,1.0,1,0.9813749999999999,0.018625000000000114,0.0,0.9813749999999999,0.8751987667565243,0.9813749999999999
7,43,344.0,352.0,8.0,1.0,1,0.9908749999999955,0.00912500000000449,0.0,0.9908749999999955,0.8751987667565243,0.9908749999999955
7,44,352.0,360.0,8.0,1.0,1,0.9908750000000026,0.009124999999997385,0.0,0.9908750000000026,0.8751987667565243,0.9908750000000026
7,45,360.0,368.0,8.0,1.0,1,0.9938749999999956,0.006125000000004377,0.0,0.9938749999999956,0.8751987667565243,0.9938749999999956
7,46,368.0,376.0,8.0,1.0,1,0.48099999999999454,0.5190000000000055,0.0,0.48099999999999454,0.8751987667565243,0.48099999999999454
7,47,376.0,384.0,8.0,1.0,1,0.9899999999999949,0.010000000000005116,0.0,0.9899999999999949,0.8751987667565243,0.9899999999999949
7,48,384.0,392.0,8.0,1.0,1,0.9790000000000063,0.02099999999999369,0.0,0.9790000000000063,0.8751987667565243,0.9790000000000063
7,49,392.0,400.0,8.0,1.0,1,0.9930000000000092,0.006999999999990791,0.0,0.9930000000000092,0.8751987667565243,0.9930000000000092
7,50,400.0,408.0,8.0,1.0,1,0.9933750000000003,0.006624999999999659,0.0,0.9933750000000003,0.8751987667565243,0.9933750000000003
7,51,408.0,416.0,8.0,1.0,1,0.8742500000000035,0.12574999999999648,0.0,0.8742500000000035,0.8751987667565243,0.8742500000000035
7,52,416.0,424.0,8.0,1.0,1,0.6978749999999962,0.30212500000000375,0.0,0.6978749999999962,0.8751987667565243,0.6978749999999962
7,53,424.0,432.0,8.0,1.0,1,0.5662499999999966,0.4337500000000034,0.0,0.5662499999999966,0.8751987667565243,0.5662499999999966
7,54,432.0,440.0,2.377999999999986,0.29724999999999824,1,0.04457527333893826,0.9554247266610617,0.0,0.04457527333893826,0.8751987667565243,0.04457527333893826
8,0,0.0,8.0,8.0,1.0,1,0.972375,0.027625000000000004,0.0,0.972375,0.8751987667565243,0.972375
8,1,8.0,16.0,8.0,1.0,1,0.9939999999999998,0.006000000000000227,0.0,0.9939999999999998,0.8751987667565243,0.9939999999999998
8,2,16.0,24.0,8.0,1.0,1,0.9938750000000001,0.006124999999999936,0.0,0.9938750000000001,0.8751987667565243,0.9938750000000001
8,3,24.0,32.0,8.0,1.0,1,0.9939999999999998,0.006000000000000227,0.0,0.9939999999999998,0.8751987667565243,0.9939999999999998
8,4,32.0,40.0,8.0,1.0,1,0.9969999999999999,0.0030000000000001137,0.0,0.9969999999999999,0.8751987667565243,0.9969999999999999
8,5,40.0,48.0,8.0,1.0,1,0.9938750000000001,0.006124999999999936,0.0,0.9938750000000001,0.8751987667565243,0.9938750000000001
8,6,48.0,56.0,8.0,1.0,1,0.9011249999999995,0.09887500000000049,0.0,0.9011249999999995,0.8751987667565243,0.9011249999999995
8,7,56.0,64.0,8.0,1.0,1,0.0521250000000002,0.9478749999999998,0.0,0.0521250000000002,0.8751987667565243,0.0521250000000002
8,8,64.0,72.0,8.0,1.0,1,0.9931249999999991,0.006875000000000853,0.0,0.9931249999999991,0.8751987667565243,0.9931249999999991
8,9,72.0,80.0,8.0,1.0,1,0.9966249999999999,0.003375000000000128,0.0,0.9966249999999999,0.8751987667565243,0.9966249999999999
8,10,80.0,88.0,8.0,1.0,1,0.9788750000000004,0.021124999999999616,0.0,0.9788750000000004,0.8751987667565243,0.9788750000000004
8,11,88.0,96.0,8.0,1.0,1,0.9899999999999984,0.010000000000001563,0.0,0.9899999999999984,0.8751987667565243,0.9899999999999984
8,12,96.0,104.0,8.0,1.0,1,0.9933750000000003,0.006624999999999659,0.0,0.9933750000000003,0.8751987667565243,0.9933750000000003
8,13,104.0,112.0,8.0,1.0,1,0.9933750000000003,0.006624999999999659,0.0,0.9933750000000003,0.8751987667565243,0.9933750000000003
8,14,112.0,120.0,8.0,1.0,1,0.9934999999999992,0.0065000000000008384,0.0,0.9934999999999992,0.8751987667565243,0.9934999999999992
8,15,120.0,128.0,8.0,1.0,1,0.650999999999998,0.349000000000002,0.0,0.650999999999998,0.8751987667565243,0.650999999999998
8,16,128.0,136.0,8.0,1.0,1,0.9836249999999964,0.01637500000000358,0.0,0.9836249999999964,0.8751987667565243,0.9836249999999964
8,17,136.0,144.0,8.0,1.0,1,0.9908749999999991,0.009125000000000938,0.0,0.9908749999999991,0.8751987667565243,0.9908749999999991
8,18,144.0,152.0,8.0,1.0,1,0.9908749999999991,0.009125000000000938,0.0,0.9908749999999991,0.8751987667565243,0.9908749999999991
8,19,152.0,160.0,8.0,1.0,1,0.9938749999999992,0.006125000000000824,0.0,0.9938749999999992,0.8751987667565243,0.9938749999999992
8,20,160.0,168.0,8.0,1.0,1,0.9939999999999998,0.006000000000000227,0.0,0.9939999999999998,0.8751987667565243,0.9939999999999998
8,21,168.0,176.0,8.0,1.0,1,0.994250000000001,0.005749999999999034,0.0,0.994250000000001,0.8751987667565243,0.994250000000001
8,22,176.0,184.0,8.0,1.0,1,0.5188749999999978,0.48112500000000225,0.0,0.5188749999999978,0.8751987667565243,0.5188749999999978
8,23,184.0,192.0,8.0,1.0,1,0.9935000000000045,0.006499999999995509,0.0,0.9935000000000045,0.8751987667565243,0.9935000000000045
8,24,192.0,200.0,8.0,1.0,1,0.9856250000000024,0.014374999999997584,0.0,0.9856250000000024,0.8751987667565243,0.9856250000000024
8,25,200.0,208.0,8.0,1.0,1,0.9866250000000001,0.013374999999999915,0.0,0.9866250000000001,0.8751987667565243,0.9866250000000001
8,26,208.0,216.0,8.0,1.0,1,1.0,0.0,0.0,1.0,0.8751987667565243,1.0
8,27,216.0,224.0,8.0,1.0,1,0.9933750000000039,0.006624999999996106,0.0,0.9933750000000039,0.8751987667565243,0.9933750000000039
8,28,224.0,232.0,8.0,1.0,1,0.9966249999999981,0.0033750000000019043,0.0,0.9966249999999981,0.8751987667565243,0.9966249999999981
8,29,232.0,240.0,8.0,1.0,1,0.9935000000000009,0.006499999999999062,0.0,0.9935000000000009,0.8751987667565243,0.9935000000000009
8,30,240.0,248.0,8.0,1.0,1,0.9966250000000016,0.0033749999999983515,0.0,0.9966250000000016,0.8751987667565243,0.9966250000000016
8,31,248.0,256.0,8.0,1.0,1,0.18837500000000063,0.8116249999999994,0.0,0.18837500000000063,0.8751987667565243,0.18837500000000063
8,32,256.0,264.0,8.0,1.0,1,0.696124999999995,0.303875000000005,0.0,0.696124999999995,0.8751987667565243,0.696124999999995
8,33,264.0,272.0,8.0,1.0,1,0.9969999999999999,0.0030000000000001137,0.0,0.9969999999999999,0.8751987667565243,0.9969999999999999
8,34,272.0,280.0,8.0,1.0,1,0.9968749999999957,0.0031250000000042633,0.0,0.9968749999999957,0.8751987667565243,0.9968749999999957
8,35,280.0,288.0,8.0,1.0,1,0.9969999999999999,0.0030000000000001137,0.0,0.9969999999999999,0.8751987667565243,0.9969999999999999
8,36,288.0,296.0,8.0,1.0,1,0.9797499999999957,0.02025000000000432,0.0,0.9797499999999957,0.8751987667565243,0.9797499999999957
8,37,296.0,304.0,8.0,1.0,1,0.9938749999999956,0.006125000000004377,0.0,0.9938749999999956,0.8751987667565243,0.9938749999999956
8,38,304.0,312.0,8.0,1.0,1,0.9939999999999998,0.006000000000000227,0.0,0.9939999999999998,0.8751987667565243,0.9939999999999998
8,39,312.0,320.0,8.0,1.0,1,0.9968750000000028,0.003124999999997158,0.0,0.9968750000000028,0.8751987667565243,0.9968750000000028
8,40,320.0,328.0,8.0,1.0,1,0.9909999999999997,0.009000000000000341,0.0,0.9909999999999997,0.8751987667565243,0.9909999999999997
8,41,328.0,336.0,8.0,1.0,1,0.6973750000000081,0.30262499999999193,0.0,0.6973750000000081,0.8751987667565243,0.6973750000000081
8,42,336.0,344.0,8.0,1.0,1,0.9864999999999995,0.013500000000000512,0.0,0.9864999999999995,0.8751987667565243,0.9864999999999995
8,43,344.0,352.0,8.0,1.0,1,0.9822499999999934,0.017750000000006594,0.0,0.9822499999999934,0.8751987667565243,0.9822499999999934
8,44,352.0,360.0,8.0,1.0,1,0.9870000000000019,0.012999999999998124,0.0,0.9870000000000019,0.8751987667565243,0.9870000000000019
8,45,360.0,368.0,8.0,1.0,1,0.9935000000000116,0.006499999999988404,0.0,0.9935000000000116,0.8751987667565243,0.9935000000000116
8,46,368.0,376.0,8.0,1.0,1,0.9900000000000091,0.009999999999990905,0.0,0.9900000000000091,0.8751987667565243,0.9900000000000091
8,47,376.0,384.0,8.0,1.0,1,0.6111250000000084,0.38887499999999164,0.0,0.6111250000000084,0.8751987667565243,0.6111250000000084
8,48,384.0,392.0,8.0,1.0,1,0.9939999999999998,0.006000000000000227,0.0,0.9939999999999998,0.8751987667565243,0.9939999999999998
8,49,392.0,400.0,8.0,1.0,1,0.8126250000000041,0.18737499999999585,0.0,0.8126250000000041,0.8751987667565243,0.8126250000000041
8,50,400.0,408.0,8.0,1.0,1,0.020375000000001364,0.9796249999999986,0.0,0.020375000000001364,0.8751987667565243,0.020375000000001364
8,51,408.0,416.0,0.2769999999999868,0.03462499999999835,1,0.1768953068591354,0.8231046931408647,0.0,0.1768953068591354,0.8751987667565243,0.1768953068591354
9,0,0.0,8.0,7.961,0.995125,1,0.9673407863333752,0.03265921366662486,0.0,0.9673407863333752,0.8751987667565243,0.9673407863333752
9,1,8.0,16.0,8.0,1.0,1,0.9938750000000001,0.006124999999999936,0.0,0.9938750000000001,0.8751987667565243,0.9938750000000001
9,2,16.0,24.0,8.0,1.0,1,0.9909999999999997,0.009000000000000341,0.0,0.9909999999999997,0.8751987667565243,0.9909999999999997
9,3,24.0,32.0,8.0,1.0,1,0.9940000000000002,0.005999999999999783,0.0,0.9940000000000002,0.8751987667565243,0.9940000000000002
9,4,32.0,40.0,8.0,1.0,1,0.5419999999999998,0.4580000000000002,0.0,0.5419999999999998,0.8751987667565243,0.5419999999999998
9,5,40.0,48.0,8.0,1.0,1,0.8256250000000005,0.1743749999999995,0.0,0.8256250000000005,0.8751987667565243,0.8256250000000005
9,6,48.0,56.0,8.0,1.0,1,0.9933750000000003,0.006624999999999659,0.0,0.9933750000000003,0.8751987667565243,0.9933750000000003
9,7,56.0,64.0,8.0,1.0,1,0.9884999999999993,0.011500000000000732,0.0,0.9884999999999993,0.8751987667565243,0.9884999999999993
9,8,64.0,72.0,8.0,1.0,1,0.9935000000000009,0.006499999999999062,0.0,0.9935000000000009,0.8751987667565243,0.9935000000000009
9,9,72.0,80.0,8.0,1.0,1,0.9933749999999986,0.006625000000001435,0.0,0.9933749999999986,0.8751987667565243,0.9933749999999986
9,10,80.0,88.0,8.0,1.0,1,0.996500000000001,0.0034999999999989484,0.0,0.996500000000001,0.8751987667565243,0.996500000000001
9,11,88.0,96.0,8.0,1.0,1,0.9934999999999992,0.0065000000000008384,0.0,0.9934999999999992,0.8751987667565243,0.9934999999999992
9,12,96.0,104.0,8.0,1.0,1,0.9966249999999999,0.003375000000000128,0.0,0.9966249999999999,0.8751987667565243,0.9966249999999999
9,13,104.0,112.0,8.0,1.0,1,0.9966249999999999,0.003375000000000128,0.0,0.9966249999999999,0.8751987667565243,0.9966249999999999
9,14,112.0,120.0,8.0,1.0,1,0.9967500000000005,0.003249999999999531,0.0,0.9967500000000005,0.8751987667565243,0.9967500000000005
9,15,120.0,128.0,8.0,1.0,1,0.6527499999999993,0.3472500000000007,0.0,0.6527499999999993,0.8751987667565243,0.6527499999999993
9,16,128.0,136.0,8.0,1.0,1,0.09862500000000196,0.901374999999998,0.0,0.09862500000000196,0.8751987667565243,0.09862500000000196
9,17,136.0,144.0,8.0,1.0,1,0.9936250000000051,0.0063749999999949125,0.0,0.9936250000000051,0.8751987667565243,0.9936250000000051
9,18,144.0,152.0,8.0,1.0,1,0.9939999999999998,0.006000000000000227,0.0,0.9939999999999998,0.8751987667565243,0.9939999999999998
9,19,152.0,160.0,8.0,1.0,1,0.9864999999999959,0.013500000000004064,0.0,0.9864999999999959,0.8751987667565243,0.9864999999999959
9,20,160.0,168.0,8.0,1.0,1,0.9910000000000032,0.008999999999996788,0.0,0.9910000000000032,0.8751987667565243,0.9910000000000032
9,21,168.0,176.0,8.0,1.0,1,0.9939999999999998,0.006000000000000227,0.0,0.9939999999999998,0.8751987667565243,0.9939999999999998
9,22,176.0,184.0,8.0,1.0,1,0.9909999999999997,0.009000000000000341,0.0,0.9909999999999997,0.8751987667565243,0.9909999999999997
9,23,184.0,192.0,8.0,1.0,1,0.6946249999999985,0.3053750000000015,0.0,0.6946249999999985,0.8751987667565243,0.6946249999999985
9,24,192.0,200.0,8.0,1.0,1,0.6090000000000018,0.39099999999999824,0.0,0.6090000000000018,0.8751987667565243,0.6090000000000018
9,25,200.0,208.0,8.0,1.0,1,0.9934999999999974,0.006500000000002615,0.0,0.9934999999999974,0.8751987667565243,0.9934999999999974
9,26,208.0,216.0,8.0,1.0,1,0.9853749999999977,0.01462500000000233,0.0,0.9853749999999977,0.8751987667565243,0.9853749999999977
9,27,216.0,224.0,8.0,1.0,1,0.9866250000000036,0.013374999999996362,0.0,0.9866250000000036,0.8751987667565243,0.9866250000000036
9,28,224.0,232.0,8.0,1.0,1,0.990124999999999,0.009875000000000966,0.0,0.990124999999999,0.8751987667565243,0.990124999999999
9,29,232.0,240.0,8.0,1.0,1,0.9933749999999968,0.006625000000003212,0.0,0.9933749999999968,0.8751987667565243,0.9933749999999968
9,30,240.0,248.0,8.0,1.0,1,0.9933749999999968,0.006625000000003212,0.0,0.9933749999999968,0.8751987667565243,0.9933749999999968
9,31,248.0,256.0,8.0,1.0,1,0.5407499999999956,0.4592500000000044,0.0,0.5407499999999956,0.8751987667565243,0.5407499999999956
9,32,256.0,264.0,8.0,1.0,1,0.9908750000000026,0.009124999999997385,0.0,0.9908750000000026,0.8751987667565243,0.9908750000000026
9,33,264.0,272.0,8.0,1.0,1,0.9903749999999931,0.009625000000006878,0.0,0.9903749999999931,0.8751987667565243,0.9903749999999931
9,34,272.0,280.0,8.0,1.0,1,0.9909999999999997,0.009000000000000341,0.0,0.9909999999999997,0.8751987667565243,0.9909999999999997
9,35,280.0,288.0,8.0,1.0,1,0.9968750000000028,0.003124999999997158,0.0,0.9968750000000028,0.8751987667565243,0.9968750000000028
9,36,288.0,296.0,8.0,1.0,1,0.9969999999999999,0.0030000000000001137,0.0,0.9969999999999999,0.8751987667565243,0.9969999999999999
9,37,296.0,304.0,8.0,1.0,1,0.9969999999999999,0.0030000000000001137,0.0,0.9969999999999999,0.8751987667565243,0.9969999999999999
9,38,304.0,312.0,8.0,1.0,1,0.997000000000007,0.0029999999999930083,0.0,0.997000000000007,0.8751987667565243,0.997000000000007
9,39,312.0,320.0,8.0,1.0,1,0.9937499999999986,0.006250000000001421,0.0,0.9937499999999986,0.8751987667565243,0.9937499999999986
9,40,320.0,328.0,8.0,1.0,1,0.9969999999999999,0.0030000000000001137,0.0,0.9969999999999999,0.8751987667565243,0.9969999999999999
9,41,328.0,336.0,8.0,1.0,1,0.6882499999999965,0.3117500000000035,0.0,0.6882499999999965,0.8751987667565243,0.6882499999999965
9,42,336.0,344.0,8.0,1.0,1,0.06925000000000381,0.9307499999999962,0.0,0.06925000000000381,0.8751987667565243,0.06925000000000381
9,43,344.0,352.0,8.0,1.0,1,0.9964999999999975,0.003500000000002501,0.0,0.9964999999999975,0.8751987667565243,0.9964999999999975
9,44,352.0,360.0,8.0,1.0,1,0.9932499999999962,0.0067500000000038085,0.0,0.9932499999999962,0.8751987667565243,0.9932499999999962
9,45,360.0,368.0,8.0,1.0,1,0.9967500000000058,0.003249999999994202,0.0,0.9967500000000058,0.8751987667565243,0.9967500000000058
9,46,368.0,376.0,8.0,1.0,1,0.9856249999999918,0.014375000000008242,0.0,0.9856249999999918,0.8751987667565243,0.9856249999999918
9,47,376.0,384.0,8.0,1.0,1,0.9934999999999974,0.006500000000002615,0.0,0.9934999999999974,0.8751987667565243,0.9934999999999974
9,48,384.0,392.0,8.0,1.0,1,0.9932500000000033,0.006749999999996703,0.0,0.9932500000000033,0.8751987667565243,0.9932500000000033
9,49,392.0,400.0,8.0,1.0,1,0.9934999999999974,0.006500000000002615,0.0,0.9934999999999974,0.8751987667565243,0.9934999999999974
9,50,400.0,408.0,8.0,1.0,1,0.990124999999999,0.009875000000000966,0.0,0.990124999999999,0.8751987667565243,0.990124999999999
9,51,408.0,416.0,8.0,1.0,1,0.8703750000000028,0.12962499999999721,0.0,0.8703750000000028,0.8751987667565243,0.8703750000000028
9,52,416.0,424.0,8.0,1.0,1,0.7022500000000065,0.2977499999999935,0.0,0.7022500000000065,0.8751987667565243,0.7022500000000065
9,53,424.0,432.0,8.0,1.0,1,0.9909999999999997,0.009000000000000341,0.0,0.9909999999999997,0.8751987667565243,0.9909999999999997
9,54,432.0,440.0,7.069999999999993,0.8837499999999991,1,0.14398868458274824,0.8560113154172517,0.0,0.14398868458274824,0.8751987667565243,0.14398868458274824
10,0,0.0,8.0,7.992,0.999,1,0.9664664664664665,0.033533533533533555,0.0,0.9664664664664665,0.8751987667565243,0.9664664664664665
10,1,8.0,16.0,8.0,1.0,1,0.9940000000000002,0.005999999999999783,0.0,0.9940000000000002,0.8751987667565243,0.9940000000000002
10,2,16.0,24.0,8.0,1.0,1,0.9940000000000002,0.005999999999999783,0.0,0.9940000000000002,0.8751987667565243,0.9940000000000002
10,3,24.0,32.0,8.0,1.0,1,0.9910000000000001,0.008999999999999897,0.0,0.9910000000000001,0.8751987667565243,0.9910000000000001
10,4,32.0,40.0,8.0,1.0,1,0.5813750000000004,0.4186249999999996,0.0,0.5813750000000004,0.8751987667565243,0.5813750000000004
10,5,40.0,48.0,8.0,1.0,1,0.9866250000000001,0.013374999999999915,0.0,0.9866250000000001,0.8751987667565243,0.9866250000000001
10,6,48.0,56.0,8.0,1.0,1,0.988624999999999,0.011375000000001023,0.0,0.988624999999999,0.8751987667565243,0.988624999999999
10,7,56.0,64.0,8.0,1.0,1,0.9902499999999996,0.00975000000000037,0.0,0.9902499999999996,0.8751987667565243,0.9902499999999996
10,8,64.0,72.0,8.0,1.0,1,0.9935000000000009,0.006499999999999062,0.0,0.9935000000000009,0.8751987667565243,0.9935000000000009
10,9,72.0,80.0,8.0,1.0,1,0.9935000000000009,0.006499999999999062,0.0,0.9935000000000009,0.8751987667565243,0.9935000000000009
10,10,80.0,88.0,8.0,1.0,1,0.9966249999999999,0.003375000000000128,0.0,0.9966249999999999,0.8751987667565243,0.9966249999999999
10,11,88.0,96.0,8.0,1.0,1,0.9900000000000002,0.009999999999999787,0.0,0.9900000000000002,0.8751987667565243,0.9900000000000002
10,12,96.0,104.0,8.0,1.0,1,0.541875000000001,0.458124999999999,0.0,0.541875000000001,0.8751987667565243,0.541875000000001
10,13,104.0,112.0,8.0,1.0,1,0.9906249999999996,0.009375000000000355,0.0,0.9906249999999996,0.8751987667565243,0.9906249999999996
10,14,112.0,120.0,8.0,1.0,1,0.9895000000000032,0.010499999999996845,0.0,0.9895000000000032,0.8751987667565243,0.9895000000000032
10,15,120.0,128.0,8.0,1.0,1,0.9969999999999999,0.0030000000000001137,0.0,0.9969999999999999,0.8751987667565243,0.9969999999999999
10,16,128.0,136.0,8.0,1.0,1,0.9968749999999993,0.0031250000000007105,0.0,0.9968749999999993,0.8751987667565243,0.9968749999999993
10,17,136.0,144.0,8.0,1.0,1,0.9907499999999985,0.009250000000001535,0.0,0.9907499999999985,0.8751987667565243,0.9907499999999985
10,18,144.0,152.0,8.0,1.0,1,0.9909999999999997,0.009000000000000341,0.0,0.9909999999999997,0.8751987667565243,0.9909999999999997
10,19,152.0,160.0,8.0,1.0,1,0.9910000000000032,0.008999999999996788,0.0,0.9910000000000032,0.8751987667565243,0.9910000000000032
10,20,160.0,168.0,8.0,1.0,1,0.8332499999999996,0.1667500000000004,0.0,0.8332499999999996,0.8751987667565243,0.8332499999999996
10,21,168.0,176.0,8.0,1.0,1,0.0070000000000014495,0.9929999999999986,0.0,0.0070000000000014495,0.8751987667565243,0.0070000000000014495
10,22,176.0,184.0,8.0,1.0,1,0.7923749999999998,0.20762500000000017,0.0,0.7923749999999998,0.8751987667565243,0.7923749999999998
10,23,184.0,192.0,8.0,1.0,1,0.9818750000000023,0.018124999999997726,0.0,0.9818750000000023,0.8751987667565243,0.9818750000000023
10,24,192.0,200.0,8.0,1.0,1,0.9967500000000022,0.0032499999999977547,0.0,0.9967500000000022,0.8751987667565243,0.9967500000000022
10,25,200.0,208.0,8.0,1.0,1,0.9966249999999981,0.0033750000000019043,0.0,0.9966249999999981,0.8751987667565243,0.9966249999999981
10,26,208.0,216.0,8.0,1.0,1,0.9935000000000009,0.006499999999999062,0.0,0.9935000000000009,0.8751987667565243,0.9935000000000009
10,27,216.0,224.0,8.0,1.0,1,0.9866250000000036,0.013374999999996362,0.0,0.9866250000000036,0.8751987667565243,0.9866250000000036
10,28,224.0,232.0,8.0,1.0,1,0.9935000000000045,0.006499999999995509,0.0,0.9935000000000045,0.8751987667565243,0.9935000000000045
10,29,232.0,240.0,8.0,1.0,1,0.9967499999999987,0.0032500000000013074,0.0,0.9967499999999987,0.8751987667565243,0.9967499999999987
10,30,240.0,248.0,8.0,1.0,1,0.4903749999999967,0.5096250000000033,0.0,0.4903749999999967,0.8751987667565243,0.4903749999999967
10,31,248.0,256.0,8.0,1.0,1,0.8228749999999998,0.1771250000000002,0.0,0.8228749999999998,0.8751987667565243,0.8228749999999998
10,32,256.0,264.0,8.0,1.0,1,0.9847499999999982,0.015250000000001762,0.0,0.9847499999999982,0.8751987667565243,0.9847499999999982
10,33,264.0,272.0,8.0,1.0,1,0.9924999999999997,0.007500000000000284,0.0,0.9924999999999997,0.8751987667565243,0.9924999999999997
10,34,272.0,280.0,8.0,1.0,1,0.9939999999999998,0.006000000000000227,0.0,0.9939999999999998,0.8751987667565243,0.9939999999999998
10,35,280.0,288.0,8.0,1.0,1,0.9908750000000026,0.009124999999997385,0.0,0.9908750000000026,0.8751987667565243,0.9908750000000026
10,36,288.0,296.0,8.0,1.0,1,0.9939999999999998,0.006000000000000227,0.0,0.9939999999999998,0.8751987667565243,0.9939999999999998
10,37,296.0,304.0,8.0,1.0,1,0.9907500000000056,0.00924999999999443,0.0,0.9907500000000056,0.8751987667565243,0.9907500000000056
10,38,304.0,312.0,8.0,1.0,1,0.9968749999999957,0.0031250000000042633,0.0,0.9968749999999957,0.8751987667565243,0.9968749999999957
10,39,312.0,320.0,8.0,1.0,1,0.6026249999999962,0.3973750000000038,0.0,0.6026249999999962,0.8751987667565243,0.6026249999999962
10,40,320.0,328.0,8.0,1.0,1,0.9818750000000023,0.018124999999997726,0.0,0.9818750000000023,0.8751987667565243,0.9818750000000023
10,41,328.0,336.0,8.0,1.0,1,0.9967499999999987,0.0032500000000013074,0.0,0.9967499999999987,0.8751987667565243,0.9967499999999987
10,42,336.0,344.0,8.0,1.0,1,0.9934999999999974,0.006500000000002615,0.0,0.9934999999999974,0.8751987667565243,0.9934999999999974
10,43,344.0,352.0,8.0,1.0,1,0.9899999999999949,0.010000000000005116,0.0,0.9899999999999949,0.8751987667565243,0.9899999999999949
10,44,352.0,360.0,8.0,1.0,1,0.9967499999999987,0.0032500000000013074,0.0,0.9967499999999987,0.8751987667565243,0.9967499999999987
10,45,360.0,368.0,8.0,1.0,1,0.9933750000000074,0.0066249999999925535,0.0,0.9933750000000074,0.8751987667565243,0.9933750000000074
10,46,368.0,376.0,8.0,1.0,1,0.9967499999999987,0.0032500000000013074,0.0,0.9967499999999987,0.8751987667565243,0.9967499999999987
10,47,376.0,384.0,8.0,1.0,1,0.649124999999998,0.35087500000000205,0.0,0.649124999999998,0.8751987667565243,0.649124999999998
10,48,384.0,392.0,8.0,1.0,1,0.5970000000000013,0.4029999999999987,0.0,0.5970000000000013,0.8751987667565243,0.5970000000000013
10,49,392.0,400.0,8.0,1.0,1,0.6355000000000004,0.3644999999999996,0.0,0.6355000000000004,0.8751987667565243,0.6355000000000004
10,50,400.0,408.0,8.0,1.0,1,0.019374999999989484,0.9806250000000105,0.0,0.019374999999989484,0.8751987667565243,0.019374999999989484
10,51,408.0,416.0,6.3349999999999795,0.7918749999999974,1,0.016732438831876566,0.9832675611681234,0.0,0.016732438831876566,0.8751987667565243,0.016732438831876566
11,0,0.0,8.0,7.98,0.9975,1,0.9726817042606515,0.027318295739348377,1.1130055384713348e-16,0.9726817042606515,0.8751987667565243,0.9726817042606515
11,1,8.0,16.0,8.0,1.0,1,0.9910000000000001,0.008999999999999897,0.0,0.9910000000000001,0.8751987667565243,0.9910000000000001
11,2,16.0,24.0,8.0,1.0,1,0.9910000000000001,0.008999999999999897,0.0,0.9910000000000001,0.8751987667565243,0.9910000000000001
11,3,24.0,32.0,8.0,1.0,1,0.990875,0.00912500000000005,0.0,0.990875,0.8751987667565243,0.990875
11,4,32.0,40.0,8.0,1.0,1,0.9968749999999993,0.0031250000000007105,0.0,0.9968749999999993,0.8751987667565243,0.9968749999999993
11,5,40.0,48.0,8.0,1.0,1,0.3482499999999993,0.6517500000000007,0.0,0.3482499999999993,0.8751987667565243,0.3482499999999993
11,6,48.0,56.0,8.0,1.0,1,0.9831250000000002,0.01687499999999975,0.0,0.9831250000000002,0.8751987667565243,0.9831250000000002
11,7,56.0,64.0,8.0,1.0,1,0.9952499999999995,0.004750000000000476,0.0,0.9952499999999995,0.8751987667565243,0.9952499999999995
11,8,64.0,72.0,8.0,1.0,1,0.990124999999999,0.009875000000000966,0.0,0.990124999999999,0.8751987667565243,0.990124999999999
11,9,72.0,80.0,8.0,1.0,1,0.9835000000000029,0.016499999999997073,0.0,0.9835000000000029,0.8751987667565243,0.9835000000000029
11,10,80.0,88.0,8.0,1.0,1,0.9901250000000008,0.00987499999999919,0.0,0.9901250000000008,0.8751987667565243,0.9901250000000008
11,11,88.0,96.0,8.0,1.0,1,0.9966249999999999,0.003375000000000128,0.0,0.9966249999999999,0.8751987667565243,0.9966249999999999
11,12,96.0,104.0,8.0,1.0,1,0.6637500000000003,0.3362499999999997,0.0,0.6637500000000003,0.8751987667565243,0.6637500000000003
11,13,104.0,112.0,8.0,1.0,1,0.7758749999999992,0.2241250000000008,0.0,0.7758749999999992,0.8751987667565243,0.7758749999999992
11,14,112.0,120.0,8.0,1.0,1,0.9873749999999983,0.012625000000001663,0.0,0.9873749999999983,0.8751987667565243,0.9873749999999983
11,15,120.0,128.0,8.0,1.0,1,0.993875000000001,0.006124999999999048,0.0,0.993875000000001,0.8751987667565243,0.993875000000001
11,16,128.0,136.0,8.0,1.0,1,0.9876249999999978,0.012375000000002245,0.0,0.9876249999999978,0.8751987667565243,0.9876249999999978
11,17,136.0,144.0,8.0,1.0,1,0.9909999999999997,0.009000000000000341,0.0,0.9909999999999997,0.8751987667565243,0.9909999999999997
11,18,144.0,152.0,8.0,1.0,1,0.9939999999999998,0.006000000000000227,0.0,0.9939999999999998,0.8751987667565243,0.9939999999999998
11,19,152.0,160.0,8.0,1.0,1,0.9969999999999999,0.0030000000000001137,0.0,0.9969999999999999,0.8751987667565243,0.9969999999999999
11,20,160.0,168.0,8.0,1.0,1,0.40662499999999824,0.5933750000000018,0.0,0.40662499999999824,0.8751987667565243,0.40662499999999824
11,21,168.0,176.0,8.0,1.0,1,0.9932499999999997,0.006750000000000256,0.0,0.9932499999999997,0.8751987667565243,0.9932499999999997
11,22,176.0,184.0,8.0,1.0,1,0.9935000000000009,0.006499999999999062,0.0,0.9935000000000009,0.8751987667565243,0.9935000000000009
11,23,184.0,192.0,8.0,1.0,1,0.9885000000000019,0.011499999999998067,0.0,0.9885000000000019,0.8751987667565243,0.9885000000000019
11,24,192.0,200.0,8.0,1.0,1,0.9933749999999968,0.006625000000003212,0.0,0.9933749999999968,0.8751987667565243,0.9933749999999968
11,25,200.0,208.0,8.0,1.0,1,0.9833750000000059,0.016624999999994117,0.0,0.9833750000000059,0.8751987667565243,0.9833750000000059
11,26,208.0,216.0,8.0,1.0,1,0.9933750000000039,0.006624999999996106,0.0,0.9933750000000039,0.8751987667565243,0.9933750000000039
11,27,216.0,224.0,8.0,1.0,1,0.9933750000000003,0.006624999999999659,0.0,0.9933750000000003,0.8751987667565243,0.9933750000000003
11,28,224.0,232.0,8.0,1.0,1,0.4239999999999995,0.5760000000000005,0.0,0.4239999999999995,0.8751987667565243,0.4239999999999995
11,29,232.0,240.0,8.0,1.0,1,0.5964999999999954,0.40350000000000463,0.0,0.5964999999999954,0.8751987667565243,0.5964999999999954
11,30,240.0,248.0,8.0,1.0,1,0.9834999999999994,0.016500000000000625,0.0,0.9834999999999994,0.8751987667565243,0.9834999999999994
11,31,248.0,256.0,8.0,1.0,1,0.990750000000002,0.009249999999997982,0.0,0.990750000000002,0.8751987667565243,0.990750000000002
11,32,256.0,264.0,8.0,1.0,1,0.9969999999999999,0.0030000000000001137,0.0,0.9969999999999999,0.8751987667565243,0.9969999999999999
11,33,264.0,272.0,8.0,1.0,1,0.9847499999999982,0.015250000000001762,0.0,0.9847499999999982,0.8751987667565243,0.9847499999999982
11,34,272.0,280.0,8.0,1.0,1,0.9938750000000027,0.0061249999999972715,0.0,0.9938750000000027,0.8751987667565243,0.9938750000000027
11,35,280.0,288.0,8.0,1.0,1,0.7107499999999973,0.28925000000000267,0.0,0.7107499999999973,0.8751987667565243,0.7107499999999973
11,36,288.0,296.0,8.0,1.0,1,0.49262500000000387,0.5073749999999961,0.0,0.49262500000000387,0.8751987667565243,0.49262500000000387
11,37,296.0,304.0,8.0,1.0,1,0.9853750000000048,0.014624999999995225,0.0,0.9853750000000048,0.8751987667565243,0.9853750000000048
11,38,304.0,312.0,8.0,1.0,1,0.9901250000000061,0.009874999999993861,0.0,0.9901250000000061,0.8751987667565243,0.9901250000000061
11,39,312.0,320.0,8.0,1.0,1,0.9836249999999964,0.01637500000000358,0.0,0.9836249999999964,0.8751987667565243,0.9836249999999964
11,40,320.0,328.0,8.0,1.0,1,0.9899999999999949,0.010000000000005116,0.0,0.9899999999999949,0.8751987667565243,0.9899999999999949
11,41,328.0,336.0,8.0,1.0,1,0.9967499999999987,0.0032500000000013074,0.0,0.9967499999999987,0.8751987667565243,0.9967499999999987
11,42,336.0,344.0,8.0,1.0,1,0.599250000000005,0.40074999999999505,0.0,0.599250000000005,0.8751987667565243,0.599250000000005
11,43,344.0,352.0,8.0,1.0,1,0.8277499999999947,0.17225000000000534,0.0,0.8277499999999947,0.8751987667565243,0.8277499999999947
11,44,352.0,360.0,8.0,1.0,1,0.006250000000001421,0.9937499999999986,0.0,0.006250000000001421,0.8751987667565243,0.006250000000001421
11,45,360.0,368.0,8.0,1.0,1,0.013125000000002274,0.9868749999999977,0.0,0.013125000000002274,0.8751987667565243,0.013125000000002274
11,46,368.0,376.0,8.0,1.0,1,0.006999999999997897,0.9930000000000021,0.0,0.006999999999997897,0.8751987667565243,0.006999999999997897
11,47,376.0,384.0,1.1829999999999927,0.1478749999999991,1,0.04226542688082137,0.9577345731191786,0.0,0.04226542688082137,0.8751987667565243,0.04226542688082137
12,0,0.0,8.0,7.918,0.98975,1,0.9754988633493307,0.02450113665066937,0.0,0.9754988633493307,0.8751987667565243,0.9754988633493307
12,1,8.0,16.0,8.0,1.0,1,0.9940000000000002,0.005999999999999783,0.0,0.9940000000000002,0.8751987667565243,0.9940000000000002
12,2,16.0,24.0,8.0,1.0,1,0.9938750000000005,0.006124999999999492,0.0,0.9938750000000005,0.8751987667565243,0.9938750000000005
12,3,24.0,32.0,8.0,1.0,1,0.9939999999999998,0.006000000000000227,0.0,0.9939999999999998,0.8751987667565243,0.9939999999999998
12,4,32.0,40.0,8.0,1.0,1,0.9908750000000008,0.009124999999999162,0.0,0.9908750000000008,0.8751987667565243,0.9908750000000008
12,5,40.0,48.0,8.0,1.0,1,1.0,0.0,0.0,1.0,0.8751987667565243,1.0
12,6,48.0,56.0,8.0,1.0,1,0.9938750000000001,0.006124999999999936,0.0,0.9938750000000001,0.8751987667565243,0.9938750000000001
12,7,56.0,64.0,8.0,1.0,1,0.60175,0.39825,0.0,0.60175,0.8751987667565243,0.60175
12,8,64.0,72.0,8.0,1.0,1,0.006999999999999673,0.9930000000000003,0.0,0.006999999999999673,0.8751987667565243,0.006999999999999673
12,9,72.0,80.0,8.0,1.0,1,0.699250000000001,0.30074999999999896,0.0,0.699250000000001,0.8751987667565243,0.699250000000001
12,10,80.0,88.0,8.0,1.0,1,0.9901250000000008,0.00987499999999919,0.0,0.9901250000000008,0.8751987667565243,0.9901250000000008
12,11,88.0,96.0,8.0,1.0,1,1.0,0.0,0.0,1.0,0.8751987667565243,1.0
12,12,96.0,104.0,8.0,1.0,1,0.9916249999999991,0.00837500000000091,0.0,0.9916249999999991,0.8751987667565243,0.9916249999999991
12,13,104.0,112.0,8.0,1.0,1,0.9934999999999992,0.0065000000000008384,0.0,0.9934999999999992,0.8751987667565243,0.9934999999999992
12,14,112.0,120.0,8.0,1.0,1,0.9869999999999983,0.013000000000001677,0.0,0.9869999999999983,0.8751987667565243,0.9869999999999983
12,15,120.0,128.0,8.0,1.0,1,0.9900000000000002,0.009999999999999787,0.0,0.9900000000000002,0.8751987667565243,0.9900000000000002
12,16,128.0,136.0,8.0,1.0,1,0.9901250000000026,0.009874999999997414,0.0,0.9901250000000026,0.8751987667565243,0.9901250000000026
12,17,136.0,144.0,8.0,1.0,1,0.25075000000000003,0.74925,0.0,0.25075000000000003,0.8751987667565243,0.25075000000000003
12,18,144.0,152.0,8.0,1.0,1,0.4262500000000031,0.5737499999999969,0.0,0.4262500000000031,0.8751987667565243,0.4262500000000031
12,19,152.0,160.0,8.0,1.0,1,0.9876250000000049,0.01237499999999514,0.0,0.9876250000000049,0.8751987667565243,0.9876250000000049
12,20,160.0,168.0,8.0,1.0,1,0.9903750000000073,0.009624999999992667,0.0,0.9903750000000073,0.8751987667565243,0.9903750000000073
12,21,168.0,176.0,8.0,1.0,1,0.9968750000000028,0.003124999999997158,0.0,0.9968750000000028,0.8751987667565243,0.9968750000000028
12,22,176.0,184.0,8.0,1.0,1,0.9938749999999992,0.006125000000000824,0.0,0.9938749999999992,0.8751987667565243,0.9938749999999992
12,23,184.0,192.0,8.0,1.0,1,0.987874999999999,0.012125000000001052,0.0,0.987874999999999,0.8751987667565243,0.987874999999999
12,24,192.0,200.0,8.0,1.0,1,0.9939999999999998,0.006000000000000227,0.0,0.9939999999999998,0.8751987667565243,0.9939999999999998
12,25,200.0,208.0,8.0,1.0,1,0.7932500000000005,0.20674999999999955,0.0,0.7932500000000005,0.8751987667565243,0.7932500000000005
12,26,208.0,216.0,8.0,1.0,1,0.19299999999999784,0.8070000000000022,0.0,0.19299999999999784,0.8751987667565243,0.19299999999999784
12,27,216.0,224.0,8.0,1.0,1,0.9863749999999989,0.013625000000001108,0.0,0.9863749999999989,0.8751987667565243,0.9863749999999989
12,28,224.0,232.0,8.0,1.0,1,0.9876249999999942,0.012375000000005798,0.0,0.9876249999999942,0.8751987667565243,0.9876249999999942
12,29,232.0,240.0,8.0,1.0,1,0.9967499999999987,0.0032500000000013074,0.0,0.9967499999999987,0.8751987667565243,0.9967499999999987
12,30,240.0,248.0,8.0,1.0,1,0.9966250000000016,0.0033749999999983515,0.0,0.9966250000000016,0.8751987667565243,0.9966250000000016
12,31,248.0,256.0,8.0,1.0,1,0.9932499999999997,0.006750000000000256,0.0,0.9932499999999997,0.8751987667565243,0.9932499999999997
12,32,256.0,264.0,8.0,1.0,1,0.9933750000000003,0.006624999999999659,0.0,0.9933750000000003,0.8751987667565243,0.9933750000000003
12,33,264.0,272.0,8.0,1.0,1,0.9966250000000016,0.0033749999999983515,0.0,0.9966250000000016,0.8751987667565243,0.9966250000000016
12,34,272.0,280.0,8.0,1.0,1,0.990000000000002,0.00999999999999801,0.0,0.990000000000002,0.8751987667565243,0.990000000000002
12,35,280.0,288.0,8.0,1.0,1,1.0,0.0,0.0,1.0,0.8751987667565243,1.0
12,36,288.0,296.0,8.0,1.0,1,0.5931250000000006,0.40687499999999943,0.0,0.5931250000000006,0.8751987667565243,0.5931250000000006
12,37,296.0,304.0,8.0,1.0,1,0.03262500000000301,0.967374999999997,0.0,0.03262500000000301,0.8751987667565243,0.03262500000000301
12,38,304.0,312.0,8.0,1.0,1,0.9937499999999986,0.006250000000001421,0.0,0.9937499999999986,0.8751987667565243,0.9937499999999986
12,39,312.0,320.0,8.0,1.0,1,0.9968749999999957,0.0031250000000042633,0.0,0.9968749999999957,0.8751987667565243,0.9968749999999957
12,40,320.0,328.0,8.0,1.0,1,0.9866249999999965,0.013375000000003467,0.0,0.9866249999999965,0.8751987667565243,0.9866249999999965
12,41,328.0,336.0,8.0,1.0,1,0.9939999999999998,0.006000000000000227,0.0,0.9939999999999998,0.8751987667565243,0.9939999999999998
12,42,336.0,344.0,8.0,1.0,1,0.9879999999999995,0.012000000000000455,0.0,0.9879999999999995,0.8751987667565243,0.9879999999999995
12,43,344.0,352.0,8.0,1.0,1,0.9879999999999995,0.012000000000000455,0.0,0.9879999999999995,0.8751987667565243,0.9879999999999995
12,44,352.0,360.0,8.0,1.0,1,0.7322500000000005,0.2677499999999995,0.0,0.7322500000000005,0.8751987667565243,0.7322500000000005
12,45,360.0,368.0,8.0,1.0,1,0.7689999999999984,0.23100000000000165,0.0,0.7689999999999984,0.8751987667565243,0.7689999999999984
12,46,368.0,376.0,8.0,1.0,1,0.9788750000000164,0.02112499999998363,0.0,0.9788750000000164,0.8751987667565243,0.9788750000000164
12,47,376.0,384.0,8.0,1.0,1,0.9933750000000003,0.006624999999999659,0.0,0.9933750000000003,0.8751987667565243,0.9933750000000003
12,48,384.0,392.0,8.0,1.0,1,0.990000000000002,0.00999999999999801,0.0,0.990000000000002,0.8751987667565243,0.990000000000002
12,49,392.0,400.0,8.0,1.0,1,0.9901250000000061,0.009874999999993861,0.0,0.9901250000000061,0.8751987667565243,0.9901250000000061
12,50,400.0,408.0,8.0,1.0,1,0.9900000000000091,0.009999999999990905,0.0,0.9900000000000091,0.8751987667565243,0.9900000000000091
12,51,408.0,416.0,8.0,1.0,1,0.5944999999999965,0.4055000000000035,0.0,0.5944999999999965,0.8751987667565243,0.5944999999999965
12,52,416.0,424.0,8.0,1.0,1,0.8444999999999965,0.15550000000000352,0.0,0.8444999999999965,0.8751987667565243,0.8444999999999965
12,53,424.0,432.0,7.170999999999992,0.896374999999999,1,0.036117696276664064,0.9638823037233359,0.0,0.036117696276664064,0.8751987667565243,0.036117696276664064
13,0,0.0,8.0,7.925,0.990625,1,0.9699684542586751,0.030031545741324925,0.0,0.9699684542586751,0.8751987667565243,0.9699684542586751
13,1,8.0,16.0,8.0,1.0,1,0.9878749999999998,0.012125000000000163,0.0,0.9878749999999998,0.8751987667565243,0.9878749999999998
13,2,16.0,24.0,8.0,1.0,1,0.9939999999999998,0.006000000000000227,0.0,0.9939999999999998,0.8751987667565243,0.9939999999999998
13,3,24.0,32.0,8.0,1.0,1,0.9939999999999998,0.006000000000000227,0.0,0.9939999999999998,0.8751987667565243,0.9939999999999998
13,4,32.0,40.0,8.0,1.0,1,0.9284999999999997,0.07150000000000034,0.0,0.9284999999999997,0.8751987667565243,0.9284999999999997
13,5,40.0,48.0,8.0,1.0,1,0.3563749999999999,0.6436250000000001,0.0,0.3563749999999999,0.8751987667565243,0.3563749999999999
13,6,48.0,56.0,8.0,1.0,1,0.9898749999999996,0.010125000000000384,0.0,0.9898749999999996,0.8751987667565243,0.9898749999999996
13,7,56.0,64.0,8.0,1.0,1,0.9851250000000009,0.014874999999999083,0.0,0.9851250000000009,0.8751987667565243,0.9851250000000009
13,8,64.0,72.0,8.0,1.0,1,0.9933750000000003,0.006624999999999659,0.0,0.9933750000000003,0.8751987667565243,0.9933750000000003
13,9,72.0,80.0,8.0,1.0,1,0.9967499999999987,0.0032500000000013074,0.0,0.9967499999999987,0.8751987667565243,0.9967499999999987
13,10,80.0,88.0,8.0,1.0,1,1.0,0.0,0.0,1.0,0.8751987667565243,1.0
13,11,88.0,96.0,8.0,1.0,1,0.9966249999999999,0.003375000000000128,0.0,0.9966249999999999,0.8751987667565243,0.9966249999999999
13,12,96.0,104.0,8.0,1.0,1,0.9933749999999986,0.006625000000001435,0.0,0.9933749999999986,0.8751987667565243,0.9933749999999986
13,13,104.0,112.0,8.0,1.0,1,0.9935000000000009,0.006499999999999062,0.0,0.9935000000000009,0.8751987667565243,0.9935000000000009
13,14,112.0,120.0,8.0,1.0,1,0.9923749999999991,0.007625000000000881,0.0,0.9923749999999991,0.8751987667565243,0.9923749999999991
13,15,120.0,128.0,8.0,1.0,1,0.2707499999999978,0.7292500000000022,0.0,0.2707499999999978,0.8751987667565243,0.2707499999999978
13,16,128.0,136.0,8.0,1.0,1,0.9458749999999974,0.05412500000000264,0.0,0.9458749999999974,0.8751987667565243,0.9458749999999974
13,17,136.0,144.0,8.0,1.0,1,0.9969999999999999,0.0030000000000001137,0.0,0.9969999999999999,0.8751987667565243,0.9969999999999999
13,18,144.0,152.0,8.0,1.0,1,0.9939999999999998,0.006000000000000227,0.0,0.9939999999999998,0.8751987667565243,0.9939999999999998
13,19,152.0,160.0,8.0,1.0,1,0.9872499999999995,0.012750000000000483,0.0,0.9872499999999995,0.8751987667565243,0.9872499999999995
13,20,160.0,168.0,8.0,1.0,1,0.9939999999999998,0.006000000000000227,0.0,0.9939999999999998,0.8751987667565243,0.9939999999999998
13,21,168.0,176.0,8.0,1.0,1,0.9968749999999993,0.0031250000000007105,0.0,0.9968749999999993,0.8751987667565243,0.9968749999999993
13,22,176.0,184.0,8.0,1.0,1,0.9938749999999992,0.006125000000000824,0.0,0.9938749999999992,0.8751987667565243,0.9938749999999992
13,23,184.0,192.0,8.0,1.0,1,0.9878750000000025,0.012124999999997499,0.0,0.9878750000000025,0.8751987667565243,0.9878750000000025
13,24,192.0,200.0,8.0,1.0,1,0.43187500000000156,0.5681249999999984,0.0,0.43187500000000156,0.8751987667565243,0.43187500000000156
13,25,200.0,208.0,8.0,1.0,1,0.19462500000000205,0.805374999999998,0.0,0.19462500000000205,0.8751987667565243,0.19462500000000205
13,26,208.0,216.0,8.0,1.0,1,0.9931249999999991,0.006875000000000853,0.0,0.9931249999999991,0.8751987667565243,0.9931249999999991
13,27,216.0,224.0,8.0,1.0,1,0.9935000000000009,0.006499999999999062,0.0,0.9935000000000009,0.8751987667565243,0.9935000000000009
13,28,224.0,232.0,8.0,1.0,1,0.9885000000000055,0.011499999999994515,0.0,0.9885000000000055,0.8751987667565243,0.9885000000000055
13,29,232.0,240.0,8.0,1.0,1,0.9933750000000003,0.006624999999999659,0.0,0.9933750000000003,0.8751987667565243,0.9933750000000003
13,30,240.0,248.0,8.0,1.0,1,0.9932500000000033,0.006749999999996703,0.0,0.9932500000000033,0.8751987667565243,0.9932500000000033
13,31,248.0,256.0,8.0,1.0,1,0.9933750000000039,0.006624999999996106,0.0,0.9933750000000039,0.8751987667565243,0.9933750000000039
13,32,256.0,264.0,8.0,1.0,1,0.9932500000000033,0.006749999999996703,0.0,0.9932500000000033,0.8751987667565243,0.9932500000000033
13,33,264.0,272.0,8.0,1.0,1,0.8684999999999974,0.13150000000000261,0.0,0.8684999999999974,0.8751987667565243,0.8684999999999974
13,34,272.0,280.0,8.0,1.0,1,0.006999999999997897,0.9930000000000021,0.0,0.006999999999997897,0.8751987667565243,0.006999999999997897
13,35,280.0,288.0,8.0,1.0,1,0.9103750000000019,0.08962499999999807,0.0,0.9103750000000019,0.8751987667565243,0.9103750000000019
13,36,288.0,296.0,8.0,1.0,1,0.9937499999999986,0.006250000000001421,0.0,0.9937499999999986,0.8751987667565243,0.9937499999999986
13,37,296.0,304.0,8.0,1.0,1,0.9938750000000027,0.0061249999999972715,0.0,0.9938750000000027,0.8751987667565243,0.9938750000000027
13,38,304.0,312.0,8.0,1.0,1,0.9866249999999965,0.013375000000003467,0.0,0.9866249999999965,0.8751987667565243,0.9866249999999965
13,39,312.0,320.0,8.0,1.0,1,0.9969999999999999,0.0030000000000001137,0.0,0.9969999999999999,0.8751987667565243,0.9969999999999999
13,40,320.0,328.0,8.0,1.0,1,1.0,0.0,0.0,1.0,0.8751987667565243,1.0
13,41,328.0,336.0,8.0,1.0,1,0.9938749999999956,0.006125000000004377,0.0,0.9938749999999956,0.8751987667565243,0.9938749999999956
13,42,336.0,344.0,8.0,1.0,1,0.9939999999999998,0.006000000000000227,0.0,0.9939999999999998,0.8751987667565243,0.9939999999999998
13,43,344.0,352.0,8.0,1.0,1,1.0,0.0,0.0,1.0,0.8751987667565243,1.0
13,44,352.0,360.0,8.0,1.0,1,0.9969999999999999,0.0030000000000001137,0.0,0.9969999999999999,0.8751987667565243,0.9969999999999999
13,45,360.0,368.0,8.0,1.0,1,0.9938750000000027,0.0061249999999972715,0.0,0.9938750000000027,0.8751987667565243,0.9938750000000027
13,46,368.0,376.0,8.0,1.0,1,0.8553750000000022,0.14462499999999778,0.0,0.8553750000000022,0.8751987667565243,0.8553750000000022
13,47,376.0,384.0,8.0,1.0,1,0.007000000000005002,0.992999999999995,0.0,0.007000000000005002,0.8751987667565243,0.007000000000005002
13,48,384.0,392.0,8.0,1.0,1,0.8435000000000059,0.1564999999999941,0.0,0.8435000000000059,0.8751987667565243,0.8435000000000059
13,49,392.0,400.0,8.0,1.0,1,0.9933749999999932,0.006625000000006764,0.0,0.9933749999999932,0.8751987667565243,0.9933749999999932
13,50,400.0,408.0,8.0,1.0,1,0.9920000000000044,0.007999999999995566,0.0,0.9920000000000044,0.8751987667565243,0.9920000000000044
13,51,408.0,416.0,8.0,1.0,1,0.9902500000000032,0.009749999999996817,0.0,0.9902500000000032,0.8751987667565243,0.9902500000000032
13,52,416.0,424.0,8.0,1.0,1,0.990000000000002,0.00999999999999801,0.0,0.990000000000002,0.8751987667565243,0.990000000000002
13,53,424.0,432.0,8.0,1.0,1,0.9836250000000035,0.016374999999996476,0.0,0.9836250000000035,0.8751987667565243,0.9836250000000035
13,54,432.0,440.0,8.0,1.0,1,0.7035000000000053,0.29649999999999466,0.0,0.7035000000000053,0.8751987667565243,0.7035000000000053
13,55,440.0,448.0,8.0,1.0,1,0.5311249999999959,0.46887500000000415,0.0,0.5311249999999959,0.8751987667565243,0.5311249999999959
13,56,448.0,456.0,2.781000000000006,0.34762500000000074,1,0.05537576411362677,0.9446242358863732,0.0,0.05537576411362677,0.8751987667565243,0.05537576411362677
14,0,0.0,8.0,7.982,0.99775,1,0.9718115760461037,0.02818842395389625,1.1127266596092773e-16,0.9718115760461037,0.8751987667565243,0.9718115760461037
14,1,8.0,16.0,8.0,1.0,1,0.990875,0.00912500000000005,0.0,0.990875,0.8751987667565243,0.990875
14,2,16.0,24.0,8.0,1.0,1,0.9878750000000003,0.01212499999999972,0.0,0.9878750000000003,0.8751987667565243,0.9878750000000003
14,3,24.0,32.0,8.0,1.0,1,0.9467499999999998,0.05325000000000024,0.0,0.9467499999999998,0.8751987667565243,0.9467499999999998
14,4,32.0,40.0,8.0,1.0,1,0.39399999999999924,0.6060000000000008,0.0,0.39399999999999924,0.8751987667565243,0.39399999999999924
14,5,40.0,48.0,8.0,1.0,1,0.9964999999999993,0.0035000000000007248,0.0,0.9964999999999993,0.8751987667565243,0.9964999999999993
14,6,48.0,56.0,8.0,1.0,1,0.990124999999999,0.009875000000000966,0.0,0.990124999999999,0.8751987667565243,0.990124999999999
14,7,56.0,64.0,8.0,1.0,1,0.9881249999999993,0.011875000000000746,0.0,0.9881249999999993,0.8751987667565243,0.9881249999999993
14,8,64.0,72.0,8.0,1.0,1,0.990124999999999,0.009875000000000966,0.0,0.990124999999999,0.8751987667565243,0.990124999999999
14,9,72.0,80.0,8.0,1.0,1,0.9967500000000005,0.003249999999999531,0.0,0.9967500000000005,0.8751987667565243,0.9967500000000005
14,10,80.0,88.0,8.0,1.0,1,0.9934999999999974,0.006500000000002615,0.0,0.9934999999999974,0.8751987667565243,0.9934999999999974
14,11,88.0,96.0,8.0,1.0,1,0.9870000000000001,0.0129999999999999,0.0,0.9870000000000001,0.8751987667565243,0.9870000000000001
14,12,96.0,104.0,8.0,1.0,1,0.6328750000000021,0.3671249999999979,0.0,0.6328750000000021,0.8751987667565243,0.6328750000000021
14,13,104.0,112.0,8.0,1.0,1,0.7082499999999996,0.2917500000000004,0.0,0.7082499999999996,0.8751987667565243,0.7082499999999996
14,14,112.0,120.0,8.0,1.0,1,0.9969999999999999,0.0030000000000001137,0.0,0.9969999999999999,0.8751987667565243,0.9969999999999999
14,15,120.0,128.0,8.0,1.0,1,0.9939999999999998,0.006000000000000227,0.0,0.9939999999999998,0.8751987667565243,0.9939999999999998
14,16,128.0,136.0,8.0,1.0,1,0.9897499999999972,0.010250000000002757,0.0,0.9897499999999972,0.8751987667565243,0.9897499999999972
14,17,136.0,144.0,8.0,1.0,1,0.9939999999999998,0.006000000000000227,0.0,0.9939999999999998,0.8751987667565243,0.9939999999999998
14,18,144.0,152.0,8.0,1.0,1,0.990625000000005,0.009374999999995026,0.0,0.990625000000005,0.8751987667565243,0.990625000000005
14,19,152.0,160.0,8.0,1.0,1,0.9940000000000033,0.005999999999996675,0.0,0.9940000000000033,0.8751987667565243,0.9940000000000033
14,20,160.0,168.0,8.0,1.0,1,0.9879999999999995,0.012000000000000455,0.0,0.9879999999999995,0.8751987667565243,0.9879999999999995
14,21,168.0,176.0,8.0,1.0,1,0.6506250000000016,0.34937499999999844,0.0,0.6506250000000016,0.8751987667565243,0.6506250000000016
14,22,176.0,184.0,8.0,1.0,1,0.9931250000000027,0.0068749999999973,0.0,0.9931250000000027,0.8751987667565243,0.9931250000000027
14,23,184.0,192.0,8.0,1.0,1,0.9967500000000022,0.0032499999999977547,0.0,0.9967500000000022,0.8751987667565243,0.9967500000000022
14,24,192.0,200.0,8.0,1.0,1,0.9885000000000055,0.011499999999994515,0.0,0.9885000000000055,0.8751987667565243,0.9885000000000055
14,25,200.0,208.0,8.0,1.0,1,0.9931249999999956,0.006875000000004405,0.0,0.9931249999999956,0.8751987667565243,0.9931249999999956
14,26,208.0,216.0,8.0,1.0,1,0.9967499999999987,0.0032500000000013074,0.0,0.9967499999999987,0.8751987667565243,0.9967499999999987
14,27,216.0,224.0,8.0,1.0,1,0.9932499999999997,0.006750000000000256,0.0,0.9932499999999997,0.8751987667565243,0.9932499999999997
14,28,224.0,232.0,8.0,1.0,1,0.9966250000000016,0.0033749999999983515,0.0,0.9966250000000016,0.8751987667565243,0.9966250000000016
14,29,232.0,240.0,8.0,1.0,1,0.9867500000000042,0.013249999999995765,0.0,0.9867500000000042,0.8751987667565243,0.9867500000000042
14,30,240.0,248.0,8.0,1.0,1,0.5541249999999991,0.4458750000000009,0.0,0.5541249999999991,0.8751987667565243,0.5541249999999991
14,31,248.0,256.0,8.0,1.0,1,0.9906249999999979,0.009375000000002132,0.0,0.9906249999999979,0.8751987667565243,0.9906249999999979
14,32,256.0,264.0,8.0,1.0,1,0.9969999999999999,0.0030000000000001137,0.0,0.9969999999999999,0.8751987667565243,0.9969999999999999
14,33,264.0,272.0,8.0,1.0,1,0.9917500000000032,0.00824999999999676,0.0,0.9917500000000032,0.8751987667565243,0.9917500000000032
14,34,272.0,280.0,8.0,1.0,1,0.9908750000000026,0.009124999999997385,0.0,0.9908750000000026,0.8751987667565243,0.9908750000000026
14,35,280.0,288.0,8.0,1.0,1,0.9939999999999998,0.006000000000000227,0.0,0.9939999999999998,0.8751987667565243,0.9939999999999998
14,36,288.0,296.0,8.0,1.0,1,0.9939999999999998,0.006000000000000227,0.0,0.9939999999999998,0.8751987667565243,0.9939999999999998
14,37,296.0,304.0,8.0,1.0,1,0.9908750000000026,0.009124999999997385,0.0,0.9908750000000026,0.8751987667565243,0.9908750000000026
14,38,304.0,312.0,8.0,1.0,1,0.7172499999999928,0.28275000000000716,0.0,0.7172499999999928,0.8751987667565243,0.7172499999999928
14,39,312.0,320.0,8.0,1.0,1,0.9025000000000034,0.09749999999999659,0.0,0.9025000000000034,0.8751987667565243,0.9025000000000034
14,40,320.0,328.0,8.0,1.0,1,0.9864999999999924,0.013500000000007617,0.0,0.9864999999999924,0.8751987667565243,0.9864999999999924
14,41,328.0,336.0,8.0,1.0,1,0.9884999999999948,0.011500000000005173,0.0,0.9884999999999948,0.8751987667565243,0.9884999999999948
14,42,336.0,344.0,8.0,1.0,1,0.9933750000000074,0.0066249999999925535,0.0,0.9933750000000074,0.8751987667565243,0.9933750000000074
14,43,344.0,352.0,8.0,1.0,1,0.9967499999999987,0.0032500000000013074,0.0,0.9967499999999987,0.8751987667565243,0.9967499999999987
14,44,352.0,360.0,8.0,1.0,1,0.9933750000000003,0.006624999999999659,0.0,0.9933750000000003,0.8751987667565243,0.9933750000000003
14,45,360.0,368.0,8.0,1.0,1,0.9967500000000058,0.003249999999994202,0.0,0.9967500000000058,0.8751987667565243,0.9967500000000058
14,46,368.0,376.0,8.0,1.0,1,0.9967499999999987,0.0032500000000013074,0.0,0.9967499999999987,0.8751987667565243,0.9967499999999987
14,47,376.0,384.0,8.0,1.0,1,0.9932499999999962,0.0067500000000038085,0.0,0.9932499999999962,0.8751987667565243,0.9932499999999962
14,48,384.0,392.0,8.0,1.0,1,0.9933749999999932,0.006625000000006764,0.0,0.9933749999999932,0.8751987667565243,0.9933749999999932
14,49,392.0,400.0,8.0,1.0,1,0.14074999999999704,0.859250000000003,0.0,0.14074999999999704,0.8751987667565243,0.14074999999999704
14,50,400.0,408.0,8.0,1.0,1,0.9936249999999944,0.006375000000005571,0.0,0.9936249999999944,0.8751987667565243,0.9936249999999944
14,51,408.0,416.0,8.0,1.0,1,0.6174999999999997,0.3825000000000003,0.0,0.6174999999999997,0.8751987667565243,0.6174999999999997
14,52,416.0,424.0,8.0,1.0,1,0.013249999999999318,0.9867500000000007,0.0,0.013249999999999318,0.8751987667565243,0.013249999999999318
14,53,424.0,432.0,3.947999999999979,0.4934999999999974,1,0.03900709219856645,0.9609929078014335,0.0,0.03900709219856645,0.8751987667565243,0.03900709219856645
15,0,0.0,8.0,7.985,0.998125,1,0.9755792110206637,0.024420788979336246,0.0,0.9755792110206637,0.8751987667565243,0.9755792110206637
15,1,8.0,16.0,8.0,1.0,1,0.9910000000000001,0.008999999999999897,0.0,0.9910000000000001,0.8751987667565243,0.9910000000000001
15,2,16.0,24.0,8.0,1.0,1,0.9939999999999998,0.006000000000000227,0.0,0.9939999999999998,0.8751987667565243,0.9939999999999998
15,3,24.0,32.0,8.0,1.0,1,0.9940000000000002,0.005999999999999783,0.0,0.9940000000000002,0.8751987667565243,0.9940000000000002
15,4,32.0,40.0,8.0,1.0,1,0.9968750000000002,0.0031249999999998224,0.0,0.9968750000000002,0.8751987667565243,0.9968750000000002
15,5,40.0,48.0,8.0,1.0,1,0.9907500000000002,0.009249999999999758,0.0,0.9907500000000002,0.8751987667565243,0.9907500000000002
15,6,48.0,56.0,8.0,1.0,1,1.0,0.0,0.0,1.0,0.8751987667565243,1.0
15,7,56.0,64.0,8.0,1.0,1,0.5687499999999996,0.43125000000000036,0.0,0.5687499999999996,0.8751987667565243,0.5687499999999996
15,8,64.0,72.0,8.0,1.0,1,0.8047500000000003,0.1952499999999997,0.0,0.8047500000000003,0.8751987667565243,0.8047500000000003
15,9,72.0,80.0,8.0,1.0,1,0.989749999999999,0.01025000000000098,0.0,0.989749999999999,0.8751987667565243,0.989749999999999
15,10,80.0,88.0,8.0,1.0,1,0.9886250000000025,0.01137499999999747,0.0,0.9886250000000025,0.8751987667565243,0.9886250000000025
15,11,88.0,96.0,8.0,1.0,1,1.0,0.0,0.0,1.0,0.8751987667565243,1.0
15,12,96.0,104.0,8.0,1.0,1,0.9902499999999996,0.00975000000000037,0.0,0.9902499999999996,0.8751987667565243,0.9902499999999996
15,13,104.0,112.0,8.0,1.0,1,0.9867499999999989,0.013250000000001094,0.0,0.9867499999999989,0.8751987667565243,0.9867499999999989
15,14,112.0,120.0,8.0,1.0,1,0.9901250000000008,0.00987499999999919,0.0,0.9901250000000008,0.8751987667565243,0.9901250000000008
15,15,120.0,128.0,8.0,1.0,1,0.9933750000000003,0.006624999999999659,0.0,0.9933750000000003,0.8751987667565243,0.9933750000000003
15,16,128.0,136.0,8.0,1.0,1,0.35600000000000165,0.6439999999999984,0.0,0.35600000000000165,0.8751987667565243,0.35600000000000165
15,17,136.0,144.0,8.0,1.0,1,0.9906250000000014,0.009374999999998579,0.0,0.9906250000000014,0.8751987667565243,0.9906250000000014
15,18,144.0,152.0,8.0,1.0,1,0.9864999999999995,0.013500000000000512,0.0,0.9864999999999995,0.8751987667565243,0.9864999999999995
15,19,152.0,160.0,8.0,1.0,1,0.9938750000000027,0.0061249999999972715,0.0,0.9938750000000027,0.8751987667565243,0.9938750000000027
15,20,160.0,168.0,8.0,1.0,1,0.987874999999999,0.012125000000001052,0.0,0.987874999999999,0.8751987667565243,0.987874999999999
15,21,168.0,176.0,8.0,1.0,1,0.9939999999999998,0.006000000000000227,0.0,0.9939999999999998,0.8751987667565243,0.9939999999999998
15,22,176.0,184.0,8.0,1.0,1,0.9910000000000032,0.008999999999996788,0.0,0.9910000000000032,0.8751987667565243,0.9910000000000032
15,23,184.0,192.0,8.0,1.0,1,0.8151249999999983,0.18487500000000168,0.0,0.8151249999999983,0.8751987667565243,0.8151249999999983
15,24,192.0,200.0,8.0,1.0,1,0.4576250000000037,0.5423749999999963,0.0,0.4576250000000037,0.8751987667565243,0.4576250000000037
15,25,200.0,208.0,8.0,1.0,1,0.989374999999999,0.010625000000000995,0.0,0.989374999999999,0.8751987667565243,0.989374999999999
15,26,208.0,216.0,8.0,1.0,1,0.9852499999999971,0.014750000000002927,0.0,0.9852499999999971,0.8751987667565243,0.9852499999999971
15,27,216.0,224.0,8.0,1.0,1,0.9966250000000016,0.0033749999999983515,0.0,0.9966250000000016,0.8751987667565243,0.9966250000000016
15,28,224.0,232.0,8.0,1.0,1,0.9935000000000009,0.006499999999999062,0.0,0.9935000000000009,0.8751987667565243,0.9935000000000009
15,29,232.0,240.0,8.0,1.0,1,0.9901249999999955,0.009875000000004519,0.0,0.9901249999999955,0.8751987667565243,0.9901249999999955
15,30,240.0,248.0,8.0,1.0,1,0.9932500000000033,0.006749999999996703,0.0,0.9932500000000033,0.8751987667565243,0.9932500000000033
15,31,248.0,256.0,8.0,1.0,1,0.9935000000000045,0.006499999999995509,0.0,0.9935000000000045,0.8751987667565243,0.9935000000000045
15,32,256.0,264.0,8.0,1.0,1,0.9967499999999987,0.0032500000000013074,0.0,0.9967499999999987,0.8751987667565243,0.9967499999999987
15,33,264.0,272.0,8.0,1.0,1,0.4106250000000031,0.5893749999999969,0.0,0.4106250000000031,0.8751987667565243,0.4106250000000031
15,34,272.0,280.0,8.0,1.0,1,0.3687499999999986,0.6312500000000014,0.0,0.3687499999999986,0.8751987667565243,0.3687499999999986
15,35,280.0,288.0,8.0,1.0,1,0.9967500000000058,0.003249999999994202,0.0,0.9967500000000058,0.8751987667565243,0.9967500000000058
15,36,288.0,296.0,8.0,1.0,1,0.9938749999999956,0.006125000000004377,0.0,0.9938749999999956,0.8751987667565243,0.9938749999999956
15,37,296.0,304.0,8.0,1.0,1,0.9903750000000002,0.009624999999999773,0.0,0.9903750000000002,0.8751987667565243,0.9903750000000002
15,38,304.0,312.0,8.0,1.0,1,0.9939999999999998,0.006000000000000227,0.0,0.9939999999999998,0.8751987667565243,0.9939999999999998
15,39,312.0,320.0,8.0,1.0,1,0.9908749999999955,0.00912500000000449,0.0,0.9908749999999955,0.8751987667565243,0.9908749999999955
15,40,320.0,328.0,8.0,1.0,1,0.9878749999999954,0.012125000000004604,0.0,0.9878749999999954,0.8751987667565243,0.9878749999999954
15,41,328.0,336.0,8.0,1.0,1,0.9938750000000027,0.0061249999999972715,0.0,0.9938750000000027,0.8751987667565243,0.9938750000000027
15,42,336.0,344.0,8.0,1.0,1,0.9968749999999957,0.0031250000000042633,0.0,0.9968749999999957,0.8751987667565243,0.9968749999999957
15,43,344.0,352.0,8.0,1.0,1,0.47350000000000136,0.5264999999999986,0.0,0.47350000000000136,0.8751987667565243,0.47350000000000136
15,44,352.0,360.0,8.0,1.0,1,0.9897500000000008,0.010249999999999204,0.0,0.9897500000000008,0.8751987667565243,0.9897500000000008
15,45,360.0,368.0,8.0,1.0,1,0.9820000000000064,0.017999999999993577,0.0,0.9820000000000064,0.8751987667565243,0.9820000000000064
15,46,368.0,376.0,8.0,1.0,1,0.9933750000000003,0.006624999999999659,0.0,0.9933750000000003,0.8751987667565243,0.9933750000000003
15,47,376.0,384.0,8.0,1.0,1,0.9867499999999936,0.013250000000006423,0.0,0.9867499999999936,0.8751987667565243,0.9867499999999936
15,48,384.0,392.0,8.0,1.0,1,0.9901250000000132,0.009874999999986755,0.0,0.9901250000000132,0.8751987667565243,0.9901250000000132
15,49,392.0,400.0,8.0,1.0,1,0.7593749999999986,0.24062500000000142,0.0,0.7593749999999986,0.8751987667565243,0.7593749999999986
15,50,400.0,408.0,8.0,1.0,1,0.7622500000000016,0.23774999999999835,0.0,0.7622500000000016,0.8751987667565243,0.7622500000000016
15,51,408.0,416.0,8.0,1.0,1,0.20562499999999773,0.7943750000000023,0.0,0.20562499999999773,0.8751987667565243,0.20562499999999773
15,52,416.0,424.0,0.7660000000000196,0.09575000000000244,1,0.06396866840735478,0.9360313315926452,0.0,0.06396866840735478,0.8751987667565243,0.06396866840735478
16,0,0.0,8.0,7.958,0.99475,1,0.9697160090474994,0.030283990952500634,0.0,0.9697160090474994,0.8751987667565243,0.9697160090474994
16,1,8.0,16.0,8.0,1.0,1,0.994,0.006000000000000005,0.0,0.994,0.8751987667565243,0.994
16,2,16.0,24.0,8.0,1.0,1,0.9937499999999995,0.006250000000000533,0.0,0.9937499999999995,0.8751987667565243,0.9937499999999995
16,3,24.0,32.0,8.0,1.0,1,0.9941249999999999,0.005875000000000075,0.0,0.9941249999999999,0.8751987667565243,0.9941249999999999
16,4,32.0,40.0,8.0,1.0,1,0.9453749999999994,0.05462500000000059,0.0,0.9453749999999994,0.8751987667565243,0.9453749999999994
16,5,40.0,48.0,8.0,1.0,1,0.6028749999999992,0.39712500000000084,0.0,0.6028749999999992,0.8751987667565243,0.6028749999999992
16,6,48.0,56.0,8.0,1.0,1,0.9817499999999999,0.0182500000000001,0.0,0.9817499999999999,0.8751987667565243,0.9817499999999999
16,7,56.0,64.0,8.0,1.0,1,0.9900000000000011,0.009999999999998899,0.0,0.9900000000000011,0.8751987667565243,0.9900000000000011
16,8,64.0,72.0,8.0,1.0,1,0.9933750000000003,0.006624999999999659,0.0,0.9933750000000003,0.8751987667565243,0.9933750000000003
16,9,72.0,80.0,8.0,1.0,1,0.9897500000000008,0.010249999999999204,0.0,0.9897500000000008,0.8751987667565243,0.9897500000000008
16,10,80.0,88.0,8.0,1.0,1,1.0,0.0,0.0,1.0,0.8751987667565243,1.0
16,11,88.0,96.0,8.0,1.0,1,0.9898749999999996,0.010125000000000384,0.0,0.9898749999999996,0.8751987667565243,0.9898749999999996
16,12,96.0,104.0,8.0,1.0,1,0.646749999999999,0.35325000000000095,0.0,0.646749999999999,0.8751987667565243,0.646749999999999
16,13,104.0,112.0,8.0,1.0,1,0.8198749999999997,0.1801250000000003,0.0,0.8198749999999997,0.8751987667565243,0.8198749999999997
16,14,112.0,120.0,8.0,1.0,1,0.9909999999999997,0.009000000000000341,0.0,0.9909999999999997,0.8751987667565243,0.9909999999999997
16,15,120.0,128.0,8.0,1.0,1,0.989749999999999,0.01025000000000098,0.0,0.989749999999999,0.8751987667565243,0.989749999999999
16,16,128.0,136.0,8.0,1.0,1,0.9907499999999985,0.009250000000001535,0.0,0.9907499999999985,0.8751987667565243,0.9907499999999985
16,17,136.0,144.0,8.0,1.0,1,0.9939999999999998,0.006000000000000227,0.0,0.9939999999999998,0.8751987667565243,0.9939999999999998
16,18,144.0,152.0,8.0,1.0,1,0.9969999999999999,0.0030000000000001137,0.0,0.9969999999999999,0.8751987667565243,0.9969999999999999
16,19,152.0,160.0,8.0,1.0,1,0.9938749999999992,0.006125000000000824,0.0,0.9938749999999992,0.8751987667565243,0.9938749999999992
16,20,160.0,168.0,8.0,1.0,1,0.9939999999999998,0.006000000000000227,0.0,0.9939999999999998,0.8751987667565243,0.9939999999999998
16,21,168.0,176.0,8.0,1.0,1,0.4316249999999968,0.5683750000000032,0.0,0.4316249999999968,0.8751987667565243,0.4316249999999968
16,22,176.0,184.0,8.0,1.0,1,0.9902499999999996,0.00975000000000037,0.0,0.9902499999999996,0.8751987667565243,0.9902499999999996
16,23,184.0,192.0,8.0,1.0,1,0.9883750000000013,0.011624999999998664,0.0,0.9883750000000013,0.8751987667565243,0.9883750000000013
16,24,192.0,200.0,8.0,1.0,1,0.9901249999999955,0.009875000000004519,0.0,0.9901249999999955,0.8751987667565243,0.9901249999999955
16,25,200.0,208.0,8.0,1.0,1,0.990000000000002,0.00999999999999801,0.0,0.990000000000002,0.8751987667565243,0.990000000000002
16,26,208.0,216.0,8.0,1.0,1,0.9967500000000022,0.0032499999999977547,0.0,0.9967500000000022,0.8751987667565243,0.9967500000000022
16,27,216.0,224.0,8.0,1.0,1,0.9933750000000003,0.006624999999999659,0.0,0.9933750000000003,0.8751987667565243,0.9933750000000003
16,28,224.0,232.0,8.0,1.0,1,0.5976250000000007,0.40237499999999926,0.0,0.5976250000000007,0.8751987667565243,0.5976250000000007
16,29,232.0,240.0,8.0,1.0,1,0.7729999999999961,0.22700000000000387,0.0,0.7729999999999961,0.8751987667565243,0.7729999999999961
16,30,240.0,248.0,8.0,1.0,1,0.9883750000000013,0.011624999999998664,0.0,0.9883750000000013,0.8751987667565243,0.9883750000000013
16,31,248.0,256.0,8.0,1.0,1,0.987874999999999,0.012125000000001052,0.0,0.987874999999999,0.8751987667565243,0.987874999999999
16,32,256.0,264.0,8.0,1.0,1,0.9908750000000026,0.009124999999997385,0.0,0.9908750000000026,0.8751987667565243,0.9908750000000026
16,33,264.0,272.0,8.0,1.0,1,0.9907500000000056,0.00924999999999443,0.0,0.9907500000000056,0.8751987667565243,0.9907500000000056
16,34,272.0,280.0,8.0,1.0,1,0.9969999999999999,0.0030000000000001137,0.0,0.9969999999999999,0.8751987667565243,0.9969999999999999
16,35,280.0,288.0,8.0,1.0,1,0.6173749999999885,0.38262500000001154,0.0,0.6173749999999885,0.8751987667565243,0.6173749999999885
16,36,288.0,296.0,8.0,1.0,1,0.9932500000000033,0.006749999999996703,0.0,0.9932500000000033,0.8751987667565243,0.9932500000000033
16,37,296.0,304.0,8.0,1.0,1,0.9933750000000003,0.006624999999999659,0.0,0.9933750000000003,0.8751987667565243,0.9933750000000003
16,38,304.0,312.0,8.0,1.0,1,0.9884999999999948,0.011500000000005173,0.0,0.9884999999999948,0.8751987667565243,0.9884999999999948
16,39,312.0,320.0,8.0,1.0,1,0.9967500000000058,0.003249999999994202,0.0,0.9967500000000058,0.8751987667565243,0.9967500000000058
16,40,320.0,328.0,8.0,1.0,1,0.9901250000000061,0.009874999999993861,0.0,0.9901250000000061,0.8751987667565243,0.9901250000000061
16,41,328.0,336.0,8.0,1.0,1,0.9967499999999987,0.0032500000000013074,0.0,0.9967499999999987,0.8751987667565243,0.9967499999999987
16,42,336.0,344.0,8.0,1.0,1,0.9967499999999987,0.0032500000000013074,0.0,0.9967499999999987,0.8751987667565243,0.9967499999999987
16,43,344.0,352.0,8.0,1.0,1,0.9902500000000032,0.009749999999996817,0.0,0.9902500000000032,0.8751987667565243,0.9902500000000032
16,44,352.0,360.0,8.0,1.0,1,0.9967499999999987,0.0032500000000013074,0.0,0.9967499999999987,0.8751987667565243,0.9967499999999987
16,45,360.0,368.0,8.0,1.0,1,1.0,0.0,0.0,1.0,0.8751987667565243,1.0
16,46,368.0,376.0,8.0,1.0,1,0.34249999999999403,0.657500000000006,0.0,0.34249999999999403,0.8751987667565243,0.34249999999999403
16,47,376.0,384.0,8.0,1.0,1,0.5872499999999974,0.4127500000000026,0.0,0.5872499999999974,0.8751987667565243,0.5872499999999974
16,48,384.0,392.0,8.0,1.0,1,0.9939999999999998,0.006000000000000227,0.0,0.9939999999999998,0.8751987667565243,0.9939999999999998
16,49,392.0,400.0,8.0,1.0,1,0.6955000000000027,0.30449999999999733,0.0,0.6955000000000027,0.8751987667565243,0.6955000000000027
16,50,400.0,408.0,8.0,1.0,1,0.01925000000000665,0.9807499999999933,0.0,0.01925000000000665,0.8751987667565243,0.01925000000000665
16,51,408.0,416.0,8.0,1.0,1,0.013124999999995168,0.9868750000000048,0.0,0.013124999999995168,0.8751987667565243,0.013124999999995168
17,0,0.0,8.0,7.937,0.992125,1,0.9724077107219352,0.027592289278064768,0.0,0.9724077107219352,0.8751987667565243,0.9724077107219352
17,1,8.0,16.0,8.0,1.0,1,0.994,0.006000000000000005,0.0,0.994,0.8751987667565243,0.994
17,2,16.0,24.0,8.0,1.0,1,0.9970000000000003,0.0029999999999996696,0.0,0.9970000000000003,0.8751987667565243,0.9970000000000003
17,3,24.0,32.0,8.0,1.0,1,0.9939999999999998,0.006000000000000227,0.0,0.9939999999999998,0.8751987667565243,0.9939999999999998
17,4,32.0,40.0,8.0,1.0,1,0.9969999999999999,0.0030000000000001137,0.0,0.9969999999999999,0.8751987667565243,0.9969999999999999
17,5,40.0,48.0,8.0,1.0,1,0.9938749999999992,0.006125000000000824,0.0,0.9938749999999992,0.8751987667565243,0.9938749999999992
17,6,48.0,56.0,8.0,1.0,1,0.7653749999999988,0.2346250000000012,0.0,0.7653749999999988,0.8751987667565243,0.7653749999999988
17,7,56.0,64.0,8.0,1.0,1,0.006999999999999673,0.9930000000000003,0.0,0.006999999999999673,0.8751987667565243,0.006999999999999673
17,8,64.0,72.0,8.0,1.0,1,0.7453749999999992,0.25462500000000077,0.0,0.7453749999999992,0.8751987667565243,0.7453749999999992
17,9,72.0,80.0,8.0,1.0,1,1.0,0.0,0.0,1.0,0.8751987667565243,1.0
17,10,80.0,88.0,8.0,1.0,1,0.9901250000000008,0.00987499999999919,0.0,0.9901250000000008,0.8751987667565243,0.9901250000000008
17,11,88.0,96.0,8.0,1.0,1,1.0,0.0,0.0,1.0,0.8751987667565243,1.0
17,12,96.0,104.0,8.0,1.0,1,0.9847500000000018,0.01524999999999821,0.0,0.9847500000000018,0.8751987667565243,0.9847500000000018
17,13,104.0,112.0,8.0,1.0,1,0.9933750000000003,0.006624999999999659,0.0,0.9933750000000003,0.8751987667565243,0.9933750000000003
17,14,112.0,120.0,8.0,1.0,1,0.9933749999999986,0.006625000000001435,0.0,0.9933749999999986,0.8751987667565243,0.9933749999999986
17,15,120.0,128.0,8.0,1.0,1,0.9902499999999979,0.009750000000002146,0.0,0.9902499999999979,0.8751987667565243,0.9902499999999979
17,16,128.0,136.0,8.0,1.0,1,0.9901249999999955,0.009875000000004519,0.0,0.9901249999999955,0.8751987667565243,0.9901249999999955
17,17,136.0,144.0,8.0,1.0,1,0.43900000000000006,0.5609999999999999,0.0,0.43900000000000006,0.8751987667565243,0.43900000000000006
17,18,144.0,152.0,8.0,1.0,1,0.6603749999999984,0.3396250000000016,0.0,0.6603749999999984,0.8751987667565243,0.6603749999999984
17,19,152.0,160.0,8.0,1.0,1,0.9936250000000015,0.006374999999998465,0.0,0.9936250000000015,0.8751987667565243,0.9936250000000015
17,20,160.0,168.0,8.0,1.0,1,0.9867499999999971,0.01325000000000287,0.0,0.9867499999999971,0.8751987667565243,0.9867499999999971
17,21,168.0,176.0,8.0,1.0,1,0.9937499999999986,0.006250000000001421,0.0,0.9937499999999986,0.8751987667565243,0.9937499999999986
17,22,176.0,184.0,8.0,1.0,1,0.9938749999999992,0.006125000000000824,0.0,0.9938749999999992,0.8751987667565243,0.9938749999999992
17,23,184.0,192.0,8.0,1.0,1,0.9938749999999992,0.006125000000000824,0.0,0.9938749999999992,0.8751987667565243,0.9938749999999992
17,24,192.0,200.0,8.0,1.0,1,0.9909999999999997,0.009000000000000341,0.0,0.9909999999999997,0.8751987667565243,0.9909999999999997
17,25,200.0,208.0,8.0,1.0,1,0.9909999999999997,0.009000000000000341,0.0,0.9909999999999997,0.8751987667565243,0.9909999999999997
17,26,208.0,216.0,8.0,1.0,1,0.25450000000000017,0.7454999999999998,0.0,0.25450000000000017,0.8751987667565243,0.25450000000000017
17,27,216.0,224.0,8.0,1.0,1,0.9963749999999969,0.003625000000003098,0.0,0.9963749999999969,0.8751987667565243,0.9963749999999969
17,28,224.0,232.0,8.0,1.0,1,0.9966250000000016,0.0033749999999983515,0.0,0.9966250000000016,0.8751987667565243,0.9966250000000016
17,29,232.0,240.0,8.0,1.0,1,0.985625000000006,0.014374999999994031,0.0,0.985625000000006,0.8751987667565243,0.985625000000006
17,30,240.0,248.0,8.0,1.0,1,0.9935000000000009,0.006499999999999062,0.0,0.9935000000000009,0.8751987667565243,0.9935000000000009
17,31,248.0,256.0,8.0,1.0,1,0.9933749999999968,0.006625000000003212,0.0,0.9933749999999968,0.8751987667565243,0.9933749999999968
17,32,256.0,264.0,8.0,1.0,1,0.9964999999999975,0.003500000000002501,0.0,0.9964999999999975,0.8751987667565243,0.9964999999999975
17,33,264.0,272.0,8.0,1.0,1,0.9966250000000016,0.0033749999999983515,0.0,0.9966250000000016,0.8751987667565243,0.9966250000000016
17,34,272.0,280.0,8.0,1.0,1,0.9933750000000003,0.006624999999999659,0.0,0.9933750000000003,0.8751987667565243,0.9933750000000003
17,35,280.0,288.0,8.0,1.0,1,0.9902499999999961,0.009750000000003922,0.0,0.9902499999999961,0.8751987667565243,0.9902499999999961
17,36,288.0,296.0,8.0,1.0,1,0.9966249999999945,0.003375000000005457,0.0,0.9966249999999945,0.8751987667565243,0.9966249999999945
17,37,296.0,304.0,8.0,1.0,1,0.18162500000000392,0.8183749999999961,0.0,0.18162500000000392,0.8751987667565243,0.18162500000000392
17,38,304.0,312.0,8.0,1.0,1,0.0,1.0,0.0,0.0,0.8751987667565243,0.0
17,39,312.0,320.0,8.0,1.0,1,0.7153749999999945,0.28462500000000546,0.0,0.7153749999999945,0.8751987667565243,0.7153749999999945
17,40,320.0,328.0,8.0,1.0,1,0.9967499999999987,0.0032500000000013074,0.0,0.9967499999999987,0.8751987667565243,0.9967499999999987
17,41,328.0,336.0,8.0,1.0,1,0.9969999999999999,0.0030000000000001137,0.0,0.9969999999999999,0.8751987667565243,0.9969999999999999
17,42,336.0,344.0,8.0,1.0,1,0.9938750000000027,0.0061249999999972715,0.0,0.9938750000000027,0.8751987667565243,0.9938750000000027
17,43,344.0,352.0,8.0,1.0,1,0.9926250000000039,0.007374999999996135,0.0,0.9926250000000039,0.8751987667565243,0.9926250000000039
17,44,352.0,360.0,8.0,1.0,1,0.9909999999999997,0.009000000000000341,0.0,0.9909999999999997,0.8751987667565243,0.9909999999999997
17,45,360.0,368.0,8.0,1.0,1,0.9908749999999955,0.00912500000000449,0.0,0.9908749999999955,0.8751987667565243,0.9908749999999955
17,46,368.0,376.0,8.0,1.0,1,0.9939999999999998,0.006000000000000227,0.0,0.9939999999999998,0.8751987667565243,0.9939999999999998
17,47,376.0,384.0,8.0,1.0,1,0.9878750000000025,0.012124999999997499,0.0,0.9878750000000025,0.8751987667565243,0.9878750000000025
17,48,384.0,392.0,8.0,1.0,1,0.9526249999999976,0.04737500000000239,0.0,0.9526249999999976,0.8751987667565243,0.9526249999999976
17,49,392.0,400.0,8.0,1.0,1,0.20724999999999483,0.7927500000000052,0.0,0.20724999999999483,0.8751987667565243,0.20724999999999483
17,50,400.0,408.0,8.0,1.0,1,0.9931250000000063,0.006874999999993747,0.0,0.9931250000000063,0.8751987667565243,0.9931250000000063
17,51,408.0,416.0,8.0,1.0,1,0.9933750000000003,0.006624999999999659,0.0,0.9933750000000003,0.8751987667565243,0.9933750000000003
17,52,416.0,424.0,8.0,1.0,1,0.9854999999999947,0.014500000000005286,0.0,0.9854999999999947,0.8751987667565243,0.9854999999999947
17,53,424.0,432.0,8.0,1.0,1,0.9868749999999906,0.01312500000000938,0.0,0.9868749999999906,0.8751987667565243,0.9868749999999906
17,54,432.0,440.0,8.0,1.0,1,0.9803750000000022,0.019624999999997783,0.0,0.9803750000000022,0.8751987667565243,0.9803750000000022
17,55,440.0,448.0,8.0,1.0,1,0.6064999999999898,0.3935000000000102,0.0,0.6064999999999898,0.8751987667565243,0.6064999999999898
17,56,448.0,456.0,8.0,1.0,1,0.3076250000000016,0.6923749999999984,0.0,0.3076250000000016,0.8751987667565243,0.3076250000000016
17,57,456.0,464.0,0.6299999999999955,0.07874999999999943,1,0.0777777777777437,0.9222222222222564,0.0,0.0777777777777437,0.8751987667565243,0.0777777777777437
18,0,0.0,8.0,7.945,0.993125,1,0.972309628697294,0.027690371302706032,0.0,0.972309628697294,0.8751987667565243,0.972309628697294
18,1,8.0,16.0,8.0,1.0,1,0.9909999999999999,0.009000000000000119,0.0,0.9909999999999999,0.8751987667565243,0.9909999999999999
18,2,16.0,24.0,8.0,1.0,1,0.9909999999999997,0.009000000000000341,0.0,0.9909999999999997,0.8751987667565243,0.9909999999999997
18,3,24.0,32.0,8.0,1.0,1,0.9907499999999998,0.009250000000000203,0.0,0.9907499999999998,0.8751987667565243,0.9907499999999998
18,4,32.0,40.0,8.0,1.0,1,0.9968750000000002,0.0031249999999998224,0.0,0.9968750000000002,0.8751987667565243,0.9968750000000002
18,5,40.0,48.0,8.0,1.0,1,0.44887500000000014,0.5511249999999999,0.0,0.44887500000000014,0.8751987667565243,0.44887500000000014
18,6,48.0,56.0,8.0,1.0,1,0.8484999999999996,0.1515000000000004,0.0,0.8484999999999996,0.8751987667565243,0.8484999999999996
18,7,56.0,64.0,8.0,1.0,1,0.9887499999999987,0.011250000000001315,0.0,0.9887499999999987,0.8751987667565243,0.9887499999999987
18,8,64.0,72.0,8.0,1.0,1,0.9935000000000009,0.006499999999999062,0.0,0.9935000000000009,0.8751987667565243,0.9935000000000009
18,9,72.0,80.0,8.0,1.0,1,0.9867500000000007,0.013249999999999318,0.0,0.9867500000000007,0.8751987667565243,0.9867500000000007
18,10,80.0,88.0,8.0,1.0,1,0.990124999999999,0.009875000000000966,0.0,0.990124999999999,0.8751987667565243,0.990124999999999
18,11,88.0,96.0,8.0,1.0,1,0.9933750000000003,0.006624999999999659,0.0,0.9933750000000003,0.8751987667565243,0.9933750000000003
18,12,96.0,104.0,8.0,1.0,1,0.8778749999999995,0.12212500000000048,0.0,0.8778749999999995,0.8751987667565243,0.8778749999999995
18,13,104.0,112.0,8.0,1.0,1,0.2842500000000019,0.7157499999999981,0.0,0.2842500000000019,0.8751987667565243,0.2842500000000019
18,14,112.0,120.0,8.0,1.0,1,0.9906249999999996,0.009375000000000355,0.0,0.9906249999999996,0.8751987667565243,0.9906249999999996
18,15,120.0,128.0,8.0,1.0,1,0.9902499999999979,0.009750000000002146,0.0,0.9902499999999979,0.8751987667565243,0.9902499999999979
18,16,128.0,136.0,8.0,1.0,1,0.9938749999999992,0.006125000000000824,0.0,0.9938749999999992,0.8751987667565243,0.9938749999999992
18,17,136.0,144.0,8.0,1.0,1,0.9907499999999985,0.009250000000001535,0.0,0.9907499999999985,0.8751987667565243,0.9907499999999985
18,18,144.0,152.0,8.0,1.0,1,0.9908749999999991,0.009125000000000938,0.0,0.9908749999999991,0.8751987667565243,0.9908749999999991
18,19,152.0,160.0,8.0,1.0,1,0.9938749999999992,0.006125000000000824,0.0,0.9938749999999992,0.8751987667565243,0.9938749999999992
18,20,160.0,168.0,8.0,1.0,1,0.9939999999999998,0.006000000000000227,0.0,0.9939999999999998,0.8751987667565243,0.9939999999999998
18,21,168.0,176.0,8.0,1.0,1,0.21387499999999804,0.786125000000002,0.0,0.21387499999999804,0.8751987667565243,0.21387499999999804
18,22,176.0,184.0,8.0,1.0,1,0.5292500000000011,0.4707499999999989,0.0,0.5292500000000011,0.8751987667565243,0.5292500000000011
18,23,184.0,192.0,8.0,1.0,1,0.9788749999999986,0.021125000000001393,0.0,0.9788749999999986,0.8751987667565243,0.9788749999999986
18,24,192.0,200.0,8.0,1.0,1,0.9967500000000022,0.0032499999999977547,0.0,0.9967500000000022,0.8751987667565243,0.9967500000000022
18,25,200.0,208.0,8.0,1.0,1,0.9966250000000016,0.0033749999999983515,0.0,0.9966250000000016,0.8751987667565243,0.9966250000000016
18,26,208.0,216.0,8.0,1.0,1,0.9866249999999965,0.013375000000003467,0.0,0.9866249999999965,0.8751987667565243,0.9866249999999965
18,27,216.0,224.0,8.0,1.0,1,0.990000000000002,0.00999999999999801,0.0,0.990000000000002,0.8751987667565243,0.990000000000002
18,28,224.0,232.0,8.0,1.0,1,0.9934999999999974,0.006500000000002615,0.0,0.9934999999999974,0.8751987667565243,0.9934999999999974
18,29,232.0,240.0,8.0,1.0,1,0.9967499999999987,0.0032500000000013074,0.0,0.9967499999999987,0.8751987667565243,0.9967499999999987
18,30,240.0,248.0,8.0,1.0,1,0.384249999999998,0.615750000000002,0.0,0.384249999999998,0.8751987667565243,0.384249999999998
18,31,248.0,256.0,8.0,1.0,1,0.9906250000000014,0.009374999999998579,0.0,0.9906250000000014,0.8751987667565243,0.9906250000000014
18,32,256.0,264.0,8.0,1.0,1,0.9827500000000029,0.0172499999999971,0.0,0.9827500000000029,0.8751987667565243,0.9827500000000029
18,33,264.0,272.0,8.0,1.0,1,0.9969999999999999,0.0030000000000001137,0.0,0.9969999999999999,0.8751987667565243,0.9969999999999999
18,34,272.0,280.0,8.0,1.0,1,0.9878749999999954,0.012125000000004604,0.0,0.9878749999999954,0.8751987667565243,0.9878749999999954
18,35,280.0,288.0,8.0,1.0,1,0.9877499999999984,0.012250000000001648,0.0,0.9877499999999984,0.8751987667565243,0.9877499999999984
18,36,288.0,296.0,8.0,1.0,1,1.0,0.0,0.0,1.0,0.8751987667565243,1.0
18,37,296.0,304.0,8.0,1.0,1,0.8756249999999994,0.12437500000000057,0.0,0.8756249999999994,0.8751987667565243,0.8756249999999994
18,38,304.0,312.0,8.0,1.0,1,0.6386249999999905,0.36137500000000955,0.0,0.6386249999999905,0.8751987667565243,0.6386249999999905
18,39,312.0,320.0,8.0,1.0,1,0.9852499999999935,0.01475000000000648,0.0,0.9852499999999935,0.8751987667565243,0.9852499999999935
18,40,320.0,328.0,8.0,1.0,1,0.9966250000000016,0.0033749999999983515,0.0,0.9966250000000016,0.8751987667565243,0.9966250000000016
18,41,328.0,336.0,8.0,1.0,1,0.9934999999999974,0.006500000000002615,0.0,0.9934999999999974,0.8751987667565243,0.9934999999999974
18,42,336.0,344.0,8.0,1.0,1,0.9933750000000074,0.0066249999999925535,0.0,0.9933750000000074,0.8751987667565243,0.9933750000000074
18,43,344.0,352.0,8.0,1.0,1,0.9967499999999987,0.0032500000000013074,0.0,0.9967499999999987,0.8751987667565243,0.9967499999999987
18,44,352.0,360.0,8.0,1.0,1,0.9933750000000003,0.006624999999999659,0.0,0.9933750000000003,0.8751987667565243,0.9933750000000003
18,45,360.0,368.0,8.0,1.0,1,0.9964999999999975,0.003500000000002501,0.0,0.9964999999999975,0.8751987667565243,0.9964999999999975
18,46,368.0,376.0,8.0,1.0,1,0.9933750000000003,0.006624999999999659,0.0,0.9933750000000003,0.8751987667565243,0.9933750000000003
18,47,376.0,384.0,8.0,1.0,1,0.9966250000000016,0.0033749999999983515,0.0,0.9966250000000016,0.8751987667565243,0.9966250000000016
18,48,384.0,392.0,8.0,1.0,1,0.5566250000000039,0.4433749999999961,0.0,0.5566250000000039,0.8751987667565243,0.5566250000000039
18,49,392.0,400.0,8.0,1.0,1,0.9876250000000013,0.012374999999998693,0.0,0.9876250000000013,0.8751987667565243,0.9876250000000013
18,50,400.0,408.0,8.0,1.0,1,0.08212499999999778,0.9178750000000022,0.0,0.08212499999999778,0.8751987667565243,0.08212499999999778
18,51,408.0,416.0,8.0,1.0,1,0.013249999999999318,0.9867500000000007,0.0,0.013249999999999318,0.8751987667565243,0.013249999999999318
18,52,416.0,424.0,0.1419999999999959,0.01774999999999949,1,0.3450704225350675,0.6549295774649325,0.0,0.3450704225350675,0.8751987667565243,0.3450704225350675
19,0,0.0,8.0,7.916,0.9895,1,0.9724608388074787,0.027539161192521373,0.0,0.9724608388074787,0.8751987667565243,0.9724608388074787
19,1,8.0,16.0,8.0,1.0,1,0.9938749999999998,0.006125000000000158,0.0,0.9938749999999998,0.8751987667565243,0.9938749999999998
19,2,16.0,24.0,8.0,1.0,1,0.9968749999999997,0.0031250000000002665,0.0,0.9968749999999997,0.8751987667565243,0.9968749999999997
19,3,24.0,32.0,8.0,1.0,1,0.9940000000000002,0.005999999999999783,0.0,0.9940000000000002,0.8751987667565243,0.9940000000000002
19,4,32.0,40.0,8.0,1.0,1,0.9969999999999999,0.0030000000000001137,0.0,0.9969999999999999,0.8751987667565243,0.9969999999999999
19,5,40.0,48.0,8.0,1.0,1,0.9939999999999998,0.006000000000000227,0.0,0.9939999999999998,0.8751987667565243,0.9939999999999998
19,6,48.0,56.0,8.0,1.0,1,0.9938750000000001,0.006124999999999936,0.0,0.9938750000000001,0.8751987667565243,0.9938750000000001
19,7,56.0,64.0,8.0,1.0,1,0.12362499999999965,0.8763750000000003,0.0,0.12362499999999965,0.8751987667565243,0.12362499999999965
19,8,64.0,72.0,8.0,1.0,1,0.8132499999999983,0.18675000000000175,0.0,0.8132499999999983,0.8751987667565243,0.8132499999999983
19,9,72.0,80.0,8.0,1.0,1,0.9966249999999999,0.003375000000000128,0.0,0.9966249999999999,0.8751987667565243,0.9966249999999999
19,10,80.0,88.0,8.0,1.0,1,0.9816249999999993,0.018375000000000696,0.0,0.9816249999999993,0.8751987667565243,0.9816249999999993
19,11,88.0,96.0,8.0,1.0,1,0.9866249999999983,0.013375000000001691,0.0,0.9866249999999983,0.8751987667565243,0.9866249999999983
19,12,96.0,104.0,8.0,1.0,1,0.9935000000000009,0.006499999999999062,0.0,0.9935000000000009,0.8751987667565243,0.9935000000000009
19,13,104.0,112.0,8.0,1.0,1,0.9966249999999999,0.003375000000000128,0.0,0.9966249999999999,0.8751987667565243,0.9966249999999999
19,14,112.0,120.0,8.0,1.0,1,0.9933750000000003,0.006624999999999659,0.0,0.9933750000000003,0.8751987667565243,0.9933750000000003
19,15,120.0,128.0,8.0,1.0,1,0.39424999999999955,0.6057500000000005,0.0,0.39424999999999955,0.8751987667565243,0.39424999999999955
19,16,128.0,136.0,8.0,1.0,1,0.9906250000000014,0.009374999999998579,0.0,0.9906250000000014,0.8751987667565243,0.9906250000000014
19,17,136.0,144.0,8.0,1.0,1,0.9872499999999995,0.012750000000000483,0.0,0.9872499999999995,0.8751987667565243,0.9872499999999995
19,18,144.0,152.0,8.0,1.0,1,0.9877500000000019,0.012249999999998096,0.0,0.9877500000000019,0.8751987667565243,0.9877500000000019
19,19,152.0,160.0,8.0,1.0,1,0.9910000000000032,0.008999999999996788,0.0,0.9910000000000032,0.8751987667565243,0.9910000000000032
19,20,160.0,168.0,8.0,1.0,1,0.9968749999999993,0.0031250000000007105,0.0,0.9968749999999993,0.8751987667565243,0.9968749999999993
19,21,168.0,176.0,8.0,1.0,1,0.9939999999999998,0.006000000000000227,0.0,0.9939999999999998,0.8751987667565243,0.9939999999999998
19,22,176.0,184.0,8.0,1.0,1,0.5448749999999976,0.45512500000000244,0.0,0.5448749999999976,0.8751987667565243,0.5448749999999976
19,23,184.0,192.0,8.0,1.0,1,0.6733750000000036,0.3266249999999964,0.0,0.6733750000000036,0.8751987667565243,0.6733750000000036
19,24,192.0,200.0,8.0,1.0,1,0.9789999999999992,0.021000000000000796,0.0,0.9789999999999992,0.8751987667565243,0.9789999999999992
19,25,200.0,208.0,8.0,1.0,1,0.990000000000002,0.00999999999999801,0.0,0.990000000000002,0.8751987667565243,0.990000000000002
19,26,208.0,216.0,8.0,1.0,1,0.9966249999999981,0.0033750000000019043,0.0,0.9966249999999981,0.8751987667565243,0.9966249999999981
19,27,216.0,224.0,8.0,1.0,1,0.9933749999999968,0.006625000000003212,0.0,0.9933749999999968,0.8751987667565243,0.9933749999999968
19,28,224.0,232.0,8.0,1.0,1,0.9966250000000016,0.0033749999999983515,0.0,0.9966250000000016,0.8751987667565243,0.9966250000000016
19,29,232.0,240.0,8.0,1.0,1,0.9935000000000009,0.006499999999999062,0.0,0.9935000000000009,0.8751987667565243,0.9935000000000009
19,30,240.0,248.0,8.0,1.0,1,0.9966250000000016,0.0033749999999983515,0.0,0.9966250000000016,0.8751987667565243,0.9966250000000016
19,31,248.0,256.0,8.0,1.0,1,0.21174999999999855,0.7882500000000014,0.0,0.21174999999999855,0.8751987667565243,0.21174999999999855
19,32,256.0,264.0,8.0,1.0,1,0.801249999999996,0.19875000000000398,0.0,0.801249999999996,0.8751987667565243,0.801249999999996
19,33,264.0,272.0,8.0,1.0,1,0.9969999999999999,0.0030000000000001137,0.0,0.9969999999999999,0.8751987667565243,0.9969999999999999
19,34,272.0,280.0,8.0,1.0,1,0.9969999999999999,0.0030000000000001137,0.0,0.9969999999999999,0.8751987667565243,0.9969999999999999
19,35,280.0,288.0,8.0,1.0,1,0.9858750000000072,0.014124999999992838,0.0,0.9858750000000072,0.8751987667565243,0.9858750000000072
19,36,288.0,296.0,8.0,1.0,1,0.9848750000000024,0.015124999999997613,0.0,0.9848750000000024,0.8751987667565243,0.9848750000000024
19,37,296.0,304.0,8.0,1.0,1,0.9908749999999955,0.00912500000000449,0.0,0.9908749999999955,0.8751987667565243,0.9908749999999955
19,38,304.0,312.0,8.0,1.0,1,0.9969999999999999,0.0030000000000001137,0.0,0.9969999999999999,0.8751987667565243,0.9969999999999999
19,39,312.0,320.0,8.0,1.0,1,0.9969999999999999,0.0030000000000001137,0.0,0.9969999999999999,0.8751987667565243,0.9969999999999999
19,40,320.0,328.0,8.0,1.0,1,0.1823750000000004,0.8176249999999996,0.0,0.1823750000000004,0.8751987667565243,0.1823750000000004
19,41,328.0,336.0,8.0,1.0,1,0.9897500000000008,0.010249999999999204,0.0,0.9897500000000008,0.8751987667565243,0.9897500000000008
19,42,336.0,344.0,8.0,1.0,1,0.9853749999999906,0.014625000000009436,0.0,0.9853749999999906,0.8751987667565243,0.9853749999999906
19,43,344.0,352.0,8.0,1.0,1,0.9934999999999974,0.006500000000002615,0.0,0.9934999999999974,0.8751987667565243,0.9934999999999974
19,44,352.0,360.0,8.0,1.0,1,0.9836250000000035,0.016374999999996476,0.0,0.9836250000000035,0.8751987667565243,0.9836250000000035
19,45,360.0,368.0,8.0,1.0,1,0.990124999999999,0.009875000000000966,0.0,0.990124999999999,0.8751987667565243,0.990124999999999
19,46,368.0,376.0,8.0,1.0,1,0.34625000000000483,0.6537499999999952,0.0,0.34625000000000483,0.8751987667565243,0.34625000000000483
19,47,376.0,384.0,8.0,1.0,1,0.914999999999992,0.08500000000000796,0.0,0.914999999999992,0.8751987667565243,0.914999999999992
19,48,384.0,392.0,8.0,1.0,1,0.541249999999998,0.458750000000002,0.0,0.541249999999998,0.8751987667565243,0.541249999999998
19,49,392.0,400.0,7.451999999999998,0.9314999999999998,1,0.02079978529253526,0.9792002147074648,0.0,0.02079978529253526,0.8751987667565243,0.02079978529253526
20,0,0.0,8.0,7.921,0.990125,1,0.9752556495391996,0.024744350460800403,0.0,0.9752556495391996,0.8751987667565243,0.9752556495391996
20,1,8.0,16.0,8.0,1.0,1,0.9940000000000002,0.005999999999999783,0.0,0.9940000000000002,0.8751987667565243,0.9940000000000002
20,2,16.0,24.0,8.0,1.0,1,0.9908749999999995,0.009125000000000494,0.0,0.9908749999999995,0.8751987667565243,0.9908749999999995
20,3,24.0,32.0,8.0,1.0,1,0.990875,0.00912500000000005,0.0,0.990875,0.8751987667565243,0.990875
20,4,32.0,40.0,8.0,1.0,1,0.990875,0.00912500000000005,0.0,0.990875,0.8751987667565243,0.990875
20,5,40.0,48.0,8.0,1.0,1,0.39450000000000074,0.6054999999999993,0.0,0.39450000000000074,0.8751987667565243,0.39450000000000074
20,6,48.0,56.0,8.0,1.0,1,0.9965000000000002,0.0034999999999998366,0.0,0.9965000000000002,0.8751987667565243,0.9965000000000002
20,7,56.0,64.0,8.0,1.0,1,0.9901250000000008,0.00987499999999919,0.0,0.9901250000000008,0.8751987667565243,0.9901250000000008
20,8,64.0,72.0,8.0,1.0,1,0.9852500000000006,0.014749999999999375,0.0,0.9852500000000006,0.8751987667565243,0.9852500000000006
20,9,72.0,80.0,8.0,1.0,1,0.9934999999999992,0.0065000000000008384,0.0,0.9934999999999992,0.8751987667565243,0.9934999999999992
20,10,80.0,88.0,8.0,1.0,1,0.9966249999999999,0.003375000000000128,0.0,0.9966249999999999,0.8751987667565243,0.9966249999999999
20,11,88.0,96.0,8.0,1.0,1,0.9931250000000009,0.006874999999999076,0.0,0.9931250000000009,0.8751987667565243,0.9931250000000009
20,12,96.0,104.0,8.0,1.0,1,0.989749999999999,0.01025000000000098,0.0,0.989749999999999,0.8751987667565243,0.989749999999999
20,13,104.0,112.0,8.0,1.0,1,0.9935000000000009,0.006499999999999062,0.0,0.9935000000000009,0.8751987667565243,0.9935000000000009
20,14,112.0,120.0,8.0,1.0,1,0.26424999999999876,0.7357500000000012,0.0,0.26424999999999876,0.8751987667565243,0.26424999999999876
20,15,120.0,128.0,8.0,1.0,1,0.9936249999999998,0.006375000000000242,0.0,0.9936249999999998,0.8751987667565243,0.9936249999999998
20,16,128.0,136.0,8.0,1.0,1,0.9939999999999998,0.006000000000000227,0.0,0.9939999999999998,0.8751987667565243,0.9939999999999998
20,17,136.0,144.0,8.0,1.0,1,0.9832500000000017,0.016749999999998266,0.0,0.9832500000000017,0.8751987667565243,0.9832500000000017
20,18,144.0,152.0,8.0,1.0,1,0.9909999999999997,0.009000000000000341,0.0,0.9909999999999997,0.8751987667565243,0.9909999999999997
20,19,152.0,160.0,8.0,1.0,1,0.9939999999999998,0.006000000000000227,0.0,0.9939999999999998,0.8751987667565243,0.9939999999999998
20,20,160.0,168.0,8.0,1.0,1,0.9939999999999998,0.006000000000000227,0.0,0.9939999999999998,0.8751987667565243,0.9939999999999998
20,21,168.0,176.0,8.0,1.0,1,0.9969999999999999,0.0030000000000001137,0.0,0.9969999999999999,0.8751987667565243,0.9969999999999999
20,22,176.0,184.0,8.0,1.0,1,0.39750000000000085,0.6024999999999991,0.0,0.39750000000000085,0.8751987667565243,0.39750000000000085
20,23,184.0,192.0,8.0,1.0,1,0.9902499999999996,0.00975000000000037,0.0,0.9902499999999996,0.8751987667565243,0.9902499999999996
20,24,192.0,200.0,8.0,1.0,1,0.9888750000000002,0.01112499999999983,0.0,0.9888750000000002,0.8751987667565243,0.9888750000000002
20,25,200.0,208.0,8.0,1.0,1,0.9901250000000026,0.009874999999997414,0.0,0.9901250000000026,0.8751987667565243,0.9901250000000026
20,26,208.0,216.0,8.0,1.0,1,0.9899999999999984,0.010000000000001563,0.0,0.9899999999999984,0.8751987667565243,0.9899999999999984
20,27,216.0,224.0,8.0,1.0,1,0.9966249999999981,0.0033750000000019043,0.0,0.9966249999999981,0.8751987667565243,0.9966249999999981
20,28,224.0,232.0,8.0,1.0,1,0.9967500000000022,0.0032499999999977547,0.0,0.9967500000000022,0.8751987667565243,0.9967500000000022
20,29,232.0,240.0,8.0,1.0,1,0.9934999999999974,0.006500000000002615,0.0,0.9934999999999974,0.8751987667565243,0.9934999999999974
20,30,240.0,248.0,8.0,1.0,1,0.6126249999999978,0.38737500000000225,0.0,0.6126249999999978,0.8751987667565243,0.6126249999999978
20,31,248.0,256.0,8.0,1.0,1,0.9908749999999991,0.009125000000000938,0.0,0.9908749999999991,0.8751987667565243,0.9908749999999991
20,32,256.0,264.0,8.0,1.0,1,0.9803750000000093,0.019624999999990678,0.0,0.9803750000000093,0.8751987667565243,0.9803750000000093
20,33,264.0,272.0,8.0,1.0,1,0.9939999999999998,0.006000000000000227,0.0,0.9939999999999998,0.8751987667565243,0.9939999999999998
20,34,272.0,280.0,8.0,1.0,1,0.9969999999999999,0.0030000000000001137,0.0,0.9969999999999999,0.8751987667565243,0.9969999999999999
20,35,280.0,288.0,8.0,1.0,1,0.9878750000000025,0.012124999999997499,0.0,0.9878750000000025,0.8751987667565243,0.9878750000000025
20,36,288.0,296.0,8.0,1.0,1,0.6711250000000035,0.3288749999999965,0.0,0.6711250000000035,0.8751987667565243,0.6711250000000035
20,37,296.0,304.0,8.0,1.0,1,0.4113750000000138,0.5886249999999862,0.0,0.4113750000000138,0.8751987667565243,0.4113750000000138
20,38,304.0,312.0,8.0,1.0,1,0.990000000000002,0.00999999999999801,0.0,0.990000000000002,0.8751987667565243,0.990000000000002
20,39,312.0,320.0,8.0,1.0,1,0.9886250000000061,0.011374999999993918,0.0,0.9886250000000061,0.8751987667565243,0.9886250000000061
20,40,320.0,328.0,8.0,1.0,1,0.9967499999999987,0.0032500000000013074,0.0,0.9967499999999987,0.8751987667565243,0.9967499999999987
20,41,328.0,336.0,8.0,1.0,1,0.9935000000000045,0.006499999999995509,0.0,0.9935000000000045,0.8751987667565243,0.9935000000000045
20,42,336.0,344.0,8.0,1.0,1,0.9934999999999974,0.006500000000002615,0.0,0.9934999999999974,0.8751987667565243,0.9934999999999974
20,43,344.0,352.0,8.0,1.0,1,0.9967499999999987,0.0032500000000013074,0.0,0.9967499999999987,0.8751987667565243,0.9967499999999987
20,44,352.0,360.0,8.0,1.0,1,0.9967499999999987,0.0032500000000013074,0.0,0.9967499999999987,0.8751987667565243,0.9967499999999987
20,45,360.0,368.0,8.0,1.0,1,0.9933750000000003,0.006624999999999659,0.0,0.9933750000000003,0.8751987667565243,0.9933750000000003
20,46,368.0,376.0,8.0,1.0,1,0.9967499999999987,0.0032500000000013074,0.0,0.9967499999999987,0.8751987667565243,0.9967499999999987
20,47,376.0,384.0,8.0,1.0,1,0.34412500000000534,0.6558749999999947,0.0,0.34412500000000534,0.8751987667565243,0.34412500000000534
20,48,384.0,392.0,8.0,1.0,1,0.6942499999999896,0.3057500000000104,0.0,0.6942499999999896,0.8751987667565243,0.6942499999999896
20,49,392.0,400.0,8.0,1.0,1,0.9969999999999999,0.0030000000000001137,0.0,0.9969999999999999,0.8751987667565243,0.9969999999999999
20,50,400.0,408.0,8.0,1.0,1,0.9940000000000069,0.005999999999993122,0.0,0.9940000000000069,0.8751987667565243,0.9940000000000069
20,51,408.0,416.0,8.0,1.0,1,0.02300000000000324,0.9769999999999968,0.0,0.02300000000000324,0.8751987667565243,0.02300000000000324
20,52,416.0,424.0,8.0,1.0,1,0.013125000000002274,0.9868749999999977,0.0,0.013125000000002274,0.8751987667565243,0.013125000000002274
20,53,424.0,432.0,1.613999999999976,0.201749999999997,1,0.030359355638152976,0.969640644361847,0.0,0.030359355638152976,0.8751987667565243,0.030359355638152976
21,0,0.0,8.0,7.963,0.995375,1,0.9758884842396082,0.024111515760391826,0.0,0.9758884842396082,0.8751987667565243,0.9758884842396082
21,1,8.0,16.0,8.0,1.0,1,0.9908750000000004,0.009124999999999606,0.0,0.9908750000000004,0.8751987667565243,0.9908750000000004
21,2,16.0,24.0,8.0,1.0,1,0.9938750000000001,0.006124999999999936,0.0,0.9938750000000001,0.8751987667565243,0.9938750000000001
21,3,24.0,32.0,8.0,1.0,1,0.9877499999999997,0.012250000000000316,0.0,0.9877499999999997,0.8751987667565243,0.9877499999999997
21,4,32.0,40.0,8.0,1.0,1,0.7537500000000001,0.24624999999999986,0.0,0.7537500000000001,0.8751987667565243,0.7537500000000001
21,5,40.0,48.0,8.0,1.0,1,0.7083750000000002,0.2916249999999998,0.0,0.7083750000000002,0.8751987667565243,0.7083750000000002
21,6,48.0,56.0,8.0,1.0,1,0.9967499999999996,0.0032500000000004192,0.0,0.9967499999999996,0.8751987667565243,0.9967499999999996
21,7,56.0,64.0,8.0,1.0,1,0.9818750000000005,0.018124999999999503,0.0,0.9818750000000005,0.8751987667565243,0.9818750000000005
21,8,64.0,72.0,8.0,1.0,1,0.9900000000000002,0.009999999999999787,0.0,0.9900000000000002,0.8751987667565243,0.9900000000000002
21,9,72.0,80.0,8.0,1.0,1,0.9934999999999992,0.0065000000000008384,0.0,0.9934999999999992,0.8751987667565243,0.9934999999999992
21,10,80.0,88.0,8.0,1.0,1,0.9867500000000007,0.013249999999999318,0.0,0.9867500000000007,0.8751987667565243,0.9867500000000007
21,11,88.0,96.0,8.0,1.0,1,0.4060000000000006,0.5939999999999994,0.0,0.4060000000000006,0.8751987667565243,0.4060000000000006
21,12,96.0,104.0,8.0,1.0,1,0.9307499999999997,0.06925000000000026,0.0,0.9307499999999997,0.8751987667565243,0.9307499999999997
21,13,104.0,112.0,8.0,1.0,1,0.993875000000001,0.006124999999999048,0.0,0.993875000000001,0.8751987667565243,0.993875000000001
21,14,112.0,120.0,8.0,1.0,1,0.9863749999999971,0.013625000000002885,0.0,0.9863749999999971,0.8751987667565243,0.9863749999999971
21,15,120.0,128.0,8.0,1.0,1,0.9938749999999992,0.006125000000000824,0.0,0.9938749999999992,0.8751987667565243,0.9938749999999992
21,16,128.0,136.0,8.0,1.0,1,0.9938749999999992,0.006125000000000824,0.0,0.9938749999999992,0.8751987667565243,0.9938749999999992
21,17,136.0,144.0,8.0,1.0,1,0.9938749999999992,0.006125000000000824,0.0,0.9938749999999992,0.8751987667565243,0.9938749999999992
21,18,144.0,152.0,8.0,1.0,1,0.9963750000000005,0.0036249999999995453,0.0,0.9963750000000005,0.8751987667565243,0.9963750000000005
21,19,152.0,160.0,8.0,1.0,1,0.9884999999999984,0.01150000000000162,0.0,0.9884999999999984,0.8751987667565243,0.9884999999999984
21,20,160.0,168.0,8.0,1.0,1,0.11037500000000122,0.8896249999999988,0.0,0.11037500000000122,0.8751987667565243,0.11037500000000122
21,21,168.0,176.0,8.0,1.0,1,0.9962499999999999,0.003750000000000142,0.0,0.9962499999999999,0.8751987667565243,0.9962499999999999
21,22,176.0,184.0,8.0,1.0,1,0.9933749999999968,0.006625000000003212,0.0,0.9933749999999968,0.8751987667565243,0.9933749999999968
21,23,184.0,192.0,8.0,1.0,1,0.9885000000000019,0.011499999999998067,0.0,0.9885000000000019,0.8751987667565243,0.9885000000000019
21,24,192.0,200.0,8.0,1.0,1,0.9898749999999978,0.01012500000000216,0.0,0.9898749999999978,0.8751987667565243,0.9898749999999978
21,25,200.0,208.0,8.0,1.0,1,0.9934999999999974,0.006500000000002615,0.0,0.9934999999999974,0.8751987667565243,0.9934999999999974
21,26,208.0,216.0,8.0,1.0,1,0.9933750000000003,0.006624999999999659,0.0,0.9933750000000003,0.8751987667565243,0.9933750000000003
21,27,216.0,224.0,8.0,1.0,1,0.9867500000000007,0.013249999999999318,0.0,0.9867500000000007,0.8751987667565243,0.9867500000000007
21,28,224.0,232.0,8.0,1.0,1,0.5862499999999997,0.4137500000000003,0.0,0.5862499999999997,0.8751987667565243,0.5862499999999997
21,29,232.0,240.0,8.0,1.0,1,0.5664999999999978,0.4335000000000022,0.0,0.5664999999999978,0.8751987667565243,0.5664999999999978
21,30,240.0,248.0,8.0,1.0,1,0.9938749999999992,0.006125000000000824,0.0,0.9938749999999992,0.8751987667565243,0.9938749999999992
21,31,248.0,256.0,8.0,1.0,1,0.9967500000000022,0.0032499999999977547,0.0,0.9967500000000022,0.8751987667565243,0.9967500000000022
21,32,256.0,264.0,8.0,1.0,1,0.9873750000000001,0.012624999999999886,0.0,0.9873750000000001,0.8751987667565243,0.9873750000000001
21,33,264.0,272.0,8.0,1.0,1,0.9939999999999998,0.006000000000000227,0.0,0.9939999999999998,0.8751987667565243,0.9939999999999998
21,34,272.0,280.0,8.0,1.0,1,0.9908750000000026,0.009124999999997385,0.0,0.9908750000000026,0.8751987667565243,0.9908750000000026
21,35,280.0,288.0,8.0,1.0,1,0.9877499999999984,0.012250000000001648,0.0,0.9877499999999984,0.8751987667565243,0.9877499999999984
21,36,288.0,296.0,8.0,1.0,1,0.29787499999999767,0.7021250000000023,0.0,0.29787499999999767,0.8751987667565243,0.29787499999999767
21,37,296.0,304.0,8.0,1.0,1,0.9191250000000011,0.08087499999999892,0.0,0.9191250000000011,0.8751987667565243,0.9191250000000011
21,38,304.0,312.0,8.0,1.0,1,0.990124999999999,0.009875000000000966,0.0,0.990124999999999,0.8751987667565243,0.990124999999999
21,39,312.0,320.0,8.0,1.0,1,0.9818750000000023,0.018124999999997726,0.0,0.9818750000000023,0.8751987667565243,0.9818750000000023
21,40,320.0,328.0,8.0,1.0,1,0.9967499999999987,0.0032500000000013074,0.0,0.9967499999999987,0.8751987667565243,0.9967499999999987
21,41,328.0,336.0,8.0,1.0,1,0.9932500000000033,0.006749999999996703,0.0,0.9932500000000033,0.8751987667565243,0.9932500000000033
21,42,336.0,344.0,8.0,1.0,1,0.990000000000002,0.00999999999999801,0.0,0.990000000000002,0.8751987667565243,0.990000000000002
21,43,344.0,352.0,8.0,1.0,1,0.614875000000012,0.38512499999998795,0.0,0.614875000000012,0.8751987667565243,0.614875000000012
21,44,352.0,360.0,8.0,1.0,1,0.8509999999999991,0.1490000000000009,0.0,0.8509999999999991,0.8751987667565243,0.8509999999999991
21,45,360.0,368.0,8.0,1.0,1,0.9939999999999998,0.006000000000000227,0.0,0.9939999999999998,0.8751987667565243,0.9939999999999998
21,46,368.0,376.0,8.0,1.0,1,0.16400000000000148,0.8359999999999985,0.0,0.16400000000000148,0.8751987667565243,0.16400000000000148
21,47,376.0,384.0,8.0,1.0,1,0.006249999999994316,0.9937500000000057,0.0,0.006249999999994316,0.8751987667565243,0.006249999999994316
21,48,384.0,392.0,3.254000000000019,0.4067500000000024,1,0.03226797787340947,0.9677320221265905,0.0,0.03226797787340947,0.8751987667565243,0.03226797787340947
22,0,0.0,8.0,7.977,0.997125,1,0.9694120596715556,0.030587940328444328,0.0,0.9694120596715556,0.8751987667565243,0.9694120596715556
22,1,8.0,16.0,8.0,1.0,1,0.9879999999999998,0.012000000000000233,0.0,0.9879999999999998,0.8751987667565243,0.9879999999999998
22,2,16.0,24.0,8.0,1.0,1,0.9969999999999999,0.0030000000000001137,0.0,0.9969999999999999,0.8751987667565243,0.9969999999999999
22,3,24.0,32.0,8.0,1.0,1,0.9907500000000002,0.009249999999999758,0.0,0.9907500000000002,0.8751987667565243,0.9907500000000002
22,4,32.0,40.0,8.0,1.0,1,0.7544999999999993,0.24550000000000072,0.0,0.7544999999999993,0.8751987667565243,0.7544999999999993
22,5,40.0,48.0,8.0,1.0,1,0.5231250000000003,0.4768749999999997,0.0,0.5231250000000003,0.8751987667565243,0.5231250000000003
22,6,48.0,56.0,8.0,1.0,1,0.9815000000000005,0.018499999999999517,0.0,0.9815000000000005,0.8751987667565243,0.9815000000000005
22,7,56.0,64.0,8.0,1.0,1,1.0,0.0,0.0,1.0,0.8751987667565243,1.0
22,8,64.0,72.0,8.0,1.0,1,0.9934999999999992,0.0065000000000008384,0.0,0.9934999999999992,0.8751987667565243,0.9934999999999992
22,9,72.0,80.0,8.0,1.0,1,0.9900000000000002,0.009999999999999787,0.0,0.9900000000000002,0.8751987667565243,0.9900000000000002
22,10,80.0,88.0,8.0,1.0,1,1.0,0.0,0.0,1.0,0.8751987667565243,1.0
22,11,88.0,96.0,8.0,1.0,1,0.9902500000000014,0.009749999999998593,0.0,0.9902500000000014,0.8751987667565243,0.9902500000000014
22,12,96.0,104.0,8.0,1.0,1,0.9967500000000005,0.003249999999999531,0.0,0.9967500000000005,0.8751987667565243,0.9967500000000005
22,13,104.0,112.0,8.0,1.0,1,0.9933750000000003,0.006624999999999659,0.0,0.9933750000000003,0.8751987667565243,0.9933750000000003
22,14,112.0,120.0,8.0,1.0,1,0.9967499999999987,0.0032500000000013074,0.0,0.9967499999999987,0.8751987667565243,0.9967499999999987
22,15,120.0,128.0,8.0,1.0,1,0.4662500000000005,0.5337499999999995,0.0,0.4662500000000005,0.8751987667565243,0.4662500000000005
22,16,128.0,136.0,8.0,1.0,1,0.4197500000000005,0.5802499999999995,0.0,0.4197500000000005,0.8751987667565243,0.4197500000000005
22,17,136.0,144.0,8.0,1.0,1,0.9905000000000008,0.009499999999999176,0.0,0.9905000000000008,0.8751987667565243,0.9905000000000008
22,18,144.0,152.0,8.0,1.0,1,0.9873749999999966,0.012625000000003439,0.0,0.9873749999999966,0.8751987667565243,0.9873749999999966
22,19,152.0,160.0,8.0,1.0,1,0.9908749999999991,0.009125000000000938,0.0,0.9908749999999991,0.8751987667565243,0.9908749999999991
22,20,160.0,168.0,8.0,1.0,1,0.9909999999999997,0.009000000000000341,0.0,0.9909999999999997,0.8751987667565243,0.9909999999999997
22,21,168.0,176.0,8.0,1.0,1,0.9908749999999991,0.009125000000000938,0.0,0.9908749999999991,0.8751987667565243,0.9908749999999991
22,22,176.0,184.0,8.0,1.0,1,0.9939999999999998,0.006000000000000227,0.0,0.9939999999999998,0.8751987667565243,0.9939999999999998
22,23,184.0,192.0,8.0,1.0,1,0.03500000000000014,0.9649999999999999,0.0,0.03500000000000014,0.8751987667565243,0.03500000000000014
22,24,192.0,200.0,8.0,1.0,1,0.7387499999999996,0.2612500000000004,0.0,0.7387499999999996,0.8751987667565243,0.7387499999999996
22,25,200.0,208.0,8.0,1.0,1,0.9934999999999974,0.006500000000002615,0.0,0.9934999999999974,0.8751987667565243,0.9934999999999974
22,26,208.0,216.0,8.0,1.0,1,0.9823750000000011,0.01762499999999889,0.0,0.9823750000000011,0.8751987667565243,0.9823750000000011
22,27,216.0,224.0,8.0,1.0,1,0.9899999999999984,0.010000000000001563,0.0,0.9899999999999984,0.8751987667565243,0.9899999999999984
22,28,224.0,232.0,8.0,1.0,1,0.987125000000006,0.012874999999993975,0.0,0.987125000000006,0.8751987667565243,0.987125000000006
22,29,232.0,240.0,8.0,1.0,1,0.9931249999999991,0.006875000000000853,0.0,0.9931249999999991,0.8751987667565243,0.9931249999999991
22,30,240.0,248.0,8.0,1.0,1,0.9393749999999983,0.060625000000001705,0.0,0.9393749999999983,0.8751987667565243,0.9393749999999983
22,31,248.0,256.0,8.0,1.0,1,0.5814999999999984,0.41850000000000165,0.0,0.5814999999999984,0.8751987667565243,0.5814999999999984
22,32,256.0,264.0,8.0,1.0,1,0.9876249999999942,0.012375000000005798,0.0,0.9876249999999942,0.8751987667565243,0.9876249999999942
22,33,264.0,272.0,8.0,1.0,1,0.9894999999999996,0.010500000000000398,0.0,0.9894999999999996,0.8751987667565243,0.9894999999999996
22,34,272.0,280.0,8.0,1.0,1,0.9939999999999998,0.006000000000000227,0.0,0.9939999999999998,0.8751987667565243,0.9939999999999998
22,35,280.0,288.0,8.0,1.0,1,1.0,0.0,0.0,1.0,0.8751987667565243,1.0
22,36,288.0,296.0,8.0,1.0,1,0.9908750000000026,0.009124999999997385,0.0,0.9908750000000026,0.8751987667565243,0.9908750000000026
22,37,296.0,304.0,8.0,1.0,1,0.9908749999999955,0.00912500000000449,0.0,0.9908749999999955,0.8751987667565243,0.9908749999999955
22,38,304.0,312.0,8.0,1.0,1,0.9938749999999956,0.006125000000004377,0.0,0.9938749999999956,0.8751987667565243,0.9938749999999956
22,39,312.0,320.0,8.0,1.0,1,0.9969999999999999,0.0030000000000001137,0.0,0.9969999999999999,0.8751987667565243,0.9969999999999999
22,40,320.0,328.0,8.0,1.0,1,1.0,0.0,0.0,1.0,0.8751987667565243,1.0
22,41,328.0,336.0,8.0,1.0,1,0.40637499999999704,0.593625000000003,0.0,0.40637499999999704,0.8751987667565243,0.40637499999999704
22,42,336.0,344.0,8.0,1.0,1,0.7992500000000007,0.20074999999999932,0.0,0.7992500000000007,0.8751987667565243,0.7992500000000007
22,43,344.0,352.0,8.0,1.0,1,0.9932499999999962,0.0067500000000038085,0.0,0.9932499999999962,0.8751987667565243,0.9932499999999962
22,44,352.0,360.0,8.0,1.0,1,0.9853749999999906,0.014625000000009436,0.0,0.9853749999999906,0.8751987667565243,0.9853749999999906
22,45,360.0,368.0,8.0,1.0,1,0.9901250000000061,0.009874999999993861,0.0,0.9901250000000061,0.8751987667565243,0.9901250000000061
22,46,368.0,376.0,8.0,1.0,1,0.990000000000002,0.00999999999999801,0.0,0.990000000000002,0.8751987667565243,0.990000000000002
22,47,376.0,384.0,8.0,1.0,1,0.9935000000000045,0.006499999999995509,0.0,0.9935000000000045,0.8751987667565243,0.9935000000000045
22,48,384.0,392.0,8.0,1.0,1,0.990124999999999,0.009875000000000966,0.0,0.990124999999999,0.8751987667565243,0.990124999999999
22,49,392.0,400.0,8.0,1.0,1,0.9941249999999968,0.005875000000003183,0.0,0.9941249999999968,0.8751987667565243,0.9941249999999968
22,50,400.0,408.0,8.0,1.0,1,0.15962500000000546,0.8403749999999945,0.0,0.15962500000000546,0.8751987667565243,0.15962500000000546
22,51,408.0,416.0,8.0,1.0,1,0.9936249999999944,0.006375000000005571,0.0,0.9936249999999944,0.8751987667565243,0.9936249999999944
22,52,416.0,424.0,8.0,1.0,1,0.7533750000000055,0.24662499999999454,0.0,0.7533750000000055,0.8751987667565243,0.7533750000000055
22,53,424.0,432.0,8.0,1.0,1,0.026374999999994486,0.9736250000000055,0.0,0.026374999999994486,0.8751987667565243,0.026374999999994486
22,54,432.0,440.0,0.22699999999997544,0.02837499999999693,1,0.22026431718044023,0.7797356828195597,0.0,0.22026431718044023,0.8751987667565243,0.22026431718044023
23,0,0.0,8.0,7.969,0.996125,1,0.9695068390011293,0.030493160998870675,0.0,0.9695068390011293,0.8751987667565243,0.9695068390011293
23,1,8.0,16.0,8.0,1.0,1,0.9938749999999998,0.006125000000000158,0.0,0.9938749999999998,0.8751987667565243,0.9938749999999998
23,2,16.0,24.0,8.0,1.0,1,0.9940000000000002,0.005999999999999783,0.0,0.9940000000000002,0.8751987667565243,0.9940000000000002
23,3,24.0,32.0,8.0,1.0,1,0.9938750000000005,0.006124999999999492,0.0,0.9938750000000005,0.8751987667565243,0.9938750000000005
23,4,32.0,40.0,8.0,1.0,1,0.9908750000000008,0.009124999999999162,0.0,0.9908750000000008,0.8751987667565243,0.9908750000000008
23,5,40.0,48.0,8.0,1.0,1,0.6126249999999995,0.38737500000000047,0.0,0.6126249999999995,0.8751987667565243,0.6126249999999995
23,6,48.0,56.0,8.0,1.0,1,0.9852500000000006,0.014749999999999375,0.0,0.9852500000000006,0.8751987667565243,0.9852500000000006
23,7,56.0,64.0,8.0,1.0,1,0.9833749999999997,0.016625000000000334,0.0,0.9833749999999997,0.8751987667565243,0.9833749999999997
23,8,64.0,72.0,8.0,1.0,1,0.9933750000000003,0.006624999999999659,0.0,0.9933750000000003,0.8751987667565243,0.9933750000000003
23,9,72.0,80.0,8.0,1.0,1,0.9966249999999999,0.003375000000000128,0.0,0.9966249999999999,0.8751987667565243,0.9966249999999999
23,10,80.0,88.0,8.0,1.0,1,0.9901250000000008,0.00987499999999919,0.0,0.9901250000000008,0.8751987667565243,0.9901250000000008
23,11,88.0,96.0,8.0,1.0,1,0.5024999999999977,0.4975000000000023,0.0,0.5024999999999977,0.8751987667565243,0.5024999999999977
23,12,96.0,104.0,8.0,1.0,1,0.9906249999999996,0.009375000000000355,0.0,0.9906249999999996,0.8751987667565243,0.9906249999999996
23,13,104.0,112.0,8.0,1.0,1,0.983625,0.01637500000000003,0.0,0.983625,0.8751987667565243,0.983625
23,14,112.0,120.0,8.0,1.0,1,0.9908749999999991,0.009125000000000938,0.0,0.9908749999999991,0.8751987667565243,0.9908749999999991
23,15,120.0,128.0,8.0,1.0,1,0.9938749999999992,0.006125000000000824,0.0,0.9938749999999992,0.8751987667565243,0.9938749999999992
23,16,128.0,136.0,8.0,1.0,1,0.9940000000000033,0.005999999999996675,0.0,0.9940000000000033,0.8751987667565243,0.9940000000000033
23,17,136.0,144.0,8.0,1.0,1,0.9939999999999998,0.006000000000000227,0.0,0.9939999999999998,0.8751987667565243,0.9939999999999998
23,18,144.0,152.0,8.0,1.0,1,0.9969999999999999,0.0030000000000001137,0.0,0.9969999999999999,0.8751987667565243,0.9969999999999999
23,19,152.0,160.0,8.0,1.0,1,0.46474999999999866,0.5352500000000013,0.0,0.46474999999999866,0.8751987667565243,0.46474999999999866
23,20,160.0,168.0,8.0,1.0,1,0.9899999999999984,0.010000000000001563,0.0,0.9899999999999984,0.8751987667565243,0.9899999999999984
23,21,168.0,176.0,8.0,1.0,1,0.9890000000000008,0.010999999999999233,0.0,0.9890000000000008,0.8751987667565243,0.9890000000000008
23,22,176.0,184.0,8.0,1.0,1,0.9901250000000026,0.009874999999997414,0.0,0.9901250000000026,0.8751987667565243,0.9901250000000026
23,23,184.0,192.0,8.0,1.0,1,0.990000000000002,0.00999999999999801,0.0,0.990000000000002,0.8751987667565243,0.990000000000002
23,24,192.0,200.0,8.0,1.0,1,0.9933749999999968,0.006625000000003212,0.0,0.9933749999999968,0.8751987667565243,0.9933749999999968
23,25,200.0,208.0,8.0,1.0,1,0.990124999999999,0.009875000000000966,0.0,0.990124999999999,0.8751987667565243,0.990124999999999
23,26,208.0,216.0,8.0,1.0,1,0.4405000000000001,0.5594999999999999,0.0,0.4405000000000001,0.8751987667565243,0.4405000000000001
23,27,216.0,224.0,8.0,1.0,1,0.5906249999999957,0.40937500000000426,0.0,0.5906249999999957,0.8751987667565243,0.5906249999999957
23,28,224.0,232.0,8.0,1.0,1,0.9909999999999997,0.009000000000000341,0.0,0.9909999999999997,0.8751987667565243,0.9909999999999997
23,29,232.0,240.0,8.0,1.0,1,0.9896250000000002,0.010374999999999801,0.0,0.9896250000000002,0.8751987667565243,0.9896250000000002
23,30,240.0,248.0,8.0,1.0,1,0.9939999999999998,0.006000000000000227,0.0,0.9939999999999998,0.8751987667565243,0.9939999999999998
23,31,248.0,256.0,8.0,1.0,1,0.9879999999999995,0.012000000000000455,0.0,0.9879999999999995,0.8751987667565243,0.9879999999999995
23,32,256.0,264.0,8.0,1.0,1,0.9879999999999995,0.012000000000000455,0.0,0.9879999999999995,0.8751987667565243,0.9879999999999995
23,33,264.0,272.0,8.0,1.0,1,0.7306250000000105,0.2693749999999895,0.0,0.7306250000000105,0.8751987667565243,0.7306250000000105
23,34,272.0,280.0,8.0,1.0,1,0.38162499999999966,0.6183750000000003,0.0,0.38162499999999966,0.8751987667565243,0.38162499999999966
23,35,280.0,288.0,8.0,1.0,1,0.9752499999999955,0.02475000000000449,0.0,0.9752499999999955,0.8751987667565243,0.9752499999999955
23,36,288.0,296.0,8.0,1.0,1,0.9935000000000116,0.006499999999988404,0.0,0.9935000000000116,0.8751987667565243,0.9935000000000116
23,37,296.0,304.0,8.0,1.0,1,0.9933750000000003,0.006624999999999659,0.0,0.9933750000000003,0.8751987667565243,0.9933750000000003
23,38,304.0,312.0,8.0,1.0,1,0.9833750000000023,0.01662499999999767,0.0,0.9833750000000023,0.8751987667565243,0.9833750000000023
23,39,312.0,320.0,8.0,1.0,1,0.9967500000000058,0.003249999999994202,0.0,0.9967500000000058,0.8751987667565243,0.9967500000000058
23,40,320.0,328.0,8.0,1.0,1,0.5976250000000078,0.40237499999999216,0.0,0.5976250000000078,0.8751987667565243,0.5976250000000078
23,41,328.0,336.0,8.0,1.0,1,0.9471249999999998,0.05287500000000023,0.0,0.9471249999999998,0.8751987667565243,0.9471249999999998
23,42,336.0,344.0,8.0,1.0,1,0.3642499999999984,0.6357500000000016,0.0,0.3642499999999984,0.8751987667565243,0.3642499999999984
23,43,344.0,352.0,8.0,1.0,1,0.006999999999997897,0.9930000000000021,0.0,0.006999999999997897,0.8751987667565243,0.006999999999997897
23,44,352.0,360.0,8.0,1.0,1,0.006125000000004377,0.9938749999999956,0.0,0.006125000000004377,0.8751987667565243,0.006125000000004377
23,45,360.0,368.0,7.713999999999999,0.9642499999999998,1,0.013741249675913218,0.9862587503240868,0.0,0.013741249675913218,0.8751987667565243,0.013741249675913218
24,0,0.0,8.0,7.974,0.99675,1,0.9726611487333834,0.02733885126661651,1.1138430144220282e-16,0.9726611487333834,0.8751987667565243,0.9726611487333834
24,1,8.0,16.0,8.0,1.0,1,0.99075,0.00924999999999998,0.0,0.99075,0.8751987667565243,0.99075
24,2,16.0,24.0,8.0,1.0,1,0.9878750000000003,0.01212499999999972,0.0,0.9878750000000003,0.8751987667565243,0.9878750000000003
24,3,24.0,32.0,8.0,1.0,1,0.9909999999999997,0.009000000000000341,0.0,0.9909999999999997,0.8751987667565243,0.9909999999999997
24,4,32.0,40.0,8.0,1.0,1,0.5329999999999995,0.4670000000000005,0.0,0.5329999999999995,0.8751987667565243,0.5329999999999995
24,5,40.0,48.0,8.0,1.0,1,0.8591250000000006,0.14087499999999942,0.0,0.8591250000000006,0.8751987667565243,0.8591250000000006
24,6,48.0,56.0,8.0,1.0,1,0.993125,0.0068749999999999645,0.0,0.993125,0.8751987667565243,0.993125
24,7,56.0,64.0,8.0,1.0,1,0.9933749999999995,0.006625000000000547,0.0,0.9933749999999995,0.8751987667565243,0.9933749999999995
24,8,64.0,72.0,8.0,1.0,1,0.988624999999999,0.011375000000001023,0.0,0.988624999999999,0.8751987667565243,0.988624999999999
24,9,72.0,80.0,8.0,1.0,1,0.9902500000000014,0.009749999999998593,0.0,0.9902500000000014,0.8751987667565243,0.9902500000000014
24,10,80.0,88.0,8.0,1.0,1,1.0,0.0,0.0,1.0,0.8751987667565243,1.0
24,11,88.0,96.0,8.0,1.0,1,0.9902499999999979,0.009750000000002146,0.0,0.9902499999999979,0.8751987667565243,0.9902499999999979
24,12,96.0,104.0,8.0,1.0,1,1.0,0.0,0.0,1.0,0.8751987667565243,1.0
24,13,104.0,112.0,8.0,1.0,1,0.9967500000000005,0.003249999999999531,0.0,0.9967500000000005,0.8751987667565243,0.9967500000000005
24,14,112.0,120.0,8.0,1.0,1,0.9932499999999997,0.006750000000000256,0.0,0.9932499999999997,0.8751987667565243,0.9932499999999997
24,15,120.0,128.0,8.0,1.0,1,0.9177499999999998,0.08225000000000016,0.0,0.9177499999999998,0.8751987667565243,0.9177499999999998
24,16,128.0,136.0,8.0,1.0,1,0.0070000000000014495,0.9929999999999986,0.0,0.0070000000000014495,0.8751987667565243,0.0070000000000014495
24,17,136.0,144.0,8.0,1.0,1,0.9466249999999938,0.05337500000000617,0.0,0.9466249999999938,0.8751987667565243,0.9466249999999938
24,18,144.0,152.0,8.0,1.0,1,0.9937500000000021,0.006249999999997868,0.0,0.9937500000000021,0.8751987667565243,0.9937500000000021
24,19,152.0,160.0,8.0,1.0,1,0.9894999999999996,0.010500000000000398,0.0,0.9894999999999996,0.8751987667565243,0.9894999999999996
24,20,160.0,168.0,8.0,1.0,1,0.9908750000000026,0.009124999999997385,0.0,0.9908750000000026,0.8751987667565243,0.9908750000000026
24,21,168.0,176.0,8.0,1.0,1,0.9908750000000026,0.009124999999997385,0.0,0.9908750000000026,0.8751987667565243,0.9908750000000026
24,22,176.0,184.0,8.0,1.0,1,0.9908749999999991,0.009125000000000938,0.0,0.9908749999999991,0.8751987667565243,0.9908749999999991
24,23,184.0,192.0,8.0,1.0,1,0.9969999999999999,0.0030000000000001137,0.0,0.9969999999999999,0.8751987667565243,0.9969999999999999
24,24,192.0,200.0,8.0,1.0,1,0.2653749999999988,0.7346250000000012,0.0,0.2653749999999988,0.8751987667565243,0.2653749999999988
24,25,200.0,208.0,8.0,1.0,1,0.9899999999999984,0.010000000000001563,0.0,0.9899999999999984,0.8751987667565243,0.9899999999999984
24,26,208.0,216.0,8.0,1.0,1,0.9901250000000061,0.009874999999993861,0.0,0.9901250000000061,0.8751987667565243,0.9901250000000061
24,27,216.0,224.0,8.0,1.0,1,0.9853749999999977,0.01462500000000233,0.0,0.9853749999999977,0.8751987667565243,0.9853749999999977
24,28,224.0,232.0,8.0,1.0,1,0.9899999999999949,0.010000000000005116,0.0,0.9899999999999949,0.8751987667565243,0.9899999999999949
24,29,232.0,240.0,8.0,1.0,1,0.9933749999999968,0.006625000000003212,0.0,0.9933749999999968,0.8751987667565243,0.9933749999999968
24,30,240.0,248.0,8.0,1.0,1,0.9932500000000033,0.006749999999996703,0.0,0.9932500000000033,0.8751987667565243,0.9932500000000033
24,31,248.0,256.0,8.0,1.0,1,0.9933749999999968,0.006625000000003212,0.0,0.9933749999999968,0.8751987667565243,0.9933749999999968
24,32,256.0,264.0,8.0,1.0,1,0.755749999999999,0.24425000000000097,0.0,0.755749999999999,0.8751987667565243,0.755749999999999
24,33,264.0,272.0,8.0,1.0,1,0.7937499999999886,0.20625000000001137,0.0,0.7937499999999886,0.8751987667565243,0.7937499999999886
24,34,272.0,280.0,8.0,1.0,1,0.9937499999999915,0.0062500000000085265,0.0,0.9937499999999915,0.8751987667565243,0.9937499999999915
24,35,280.0,288.0,8.0,1.0,1,0.9969999999999999,0.0030000000000001137,0.0,0.9969999999999999,0.8751987667565243,0.9969999999999999
24,36,288.0,296.0,8.0,1.0,1,0.9864999999999995,0.013500000000000512,0.0,0.9864999999999995,0.8751987667565243,0.9864999999999995
24,37,296.0,304.0,8.0,1.0,1,0.9939999999999998,0.006000000000000227,0.0,0.9939999999999998,0.8751987667565243,0.9939999999999998
24,38,304.0,312.0,8.0,1.0,1,0.9968749999999957,0.0031250000000042633,0.0,0.9968749999999957,0.8751987667565243,0.9968749999999957
24,39,312.0,320.0,8.0,1.0,1,0.9939999999999998,0.006000000000000227,0.0,0.9939999999999998,0.8751987667565243,0.9939999999999998
24,40,320.0,328.0,8.0,1.0,1,0.9969999999999999,0.0030000000000001137,0.0,0.9969999999999999,0.8751987667565243,0.9969999999999999
24,41,328.0,336.0,8.0,1.0,1,0.9969999999999999,0.0030000000000001137,0.0,0.9969999999999999,0.8751987667565243,0.9969999999999999
24,42,336.0,344.0,8.0,1.0,1,0.9938750000000027,0.0061249999999972715,0.0,0.9938750000000027,0.8751987667565243,0.9938750000000027
24,43,344.0,352.0,8.0,1.0,1,0.9969999999999999,0.0030000000000001137,0.0,0.9969999999999999,0.8751987667565243,0.9969999999999999
24,44,352.0,360.0,8.0,1.0,1,0.06025000000000347,0.9397499999999965,0.0,0.06025000000000347,0.8751987667565243,0.06025000000000347
24,45,360.0,368.0,8.0,1.0,1,0.23237499999999756,0.7676250000000024,0.0,0.23237499999999756,0.8751987667565243,0.23237499999999756
24,46,368.0,376.0,8.0,1.0,1,0.9966249999999945,0.003375000000005457,0.0,0.9966249999999945,0.8751987667565243,0.9966249999999945
24,47,376.0,384.0,8.0,1.0,1,0.9933749999999932,0.006625000000006764,0.0,0.9933749999999932,0.8751987667565243,0.9933749999999932
24,48,384.0,392.0,8.0,1.0,1,0.9855000000000018,0.014499999999998181,0.0,0.9855000000000018,0.8751987667565243,0.9855000000000018
24,49,392.0,400.0,8.0,1.0,1,0.9933749999999932,0.006625000000006764,0.0,0.9933749999999932,0.8751987667565243,0.9933749999999932
24,50,400.0,408.0,8.0,1.0,1,0.9932499999999962,0.0067500000000038085,0.0,0.9932499999999962,0.8751987667565243,0.9932499999999962
24,51,408.0,416.0,8.0,1.0,1,0.990124999999999,0.009875000000000966,0.0,0.990124999999999,0.8751987667565243,0.990124999999999
24,52,416.0,424.0,8.0,1.0,1,0.990124999999999,0.009875000000000966,0.0,0.990124999999999,0.8751987667565243,0.990124999999999
24,53,424.0,432.0,8.0,1.0,1,0.7122500000000116,0.2877499999999884,0.0,0.7122500000000116,0.8751987667565243,0.7122500000000116
24,54,432.0,440.0,8.0,1.0,1,0.6888749999999959,0.3111250000000041,0.0,0.6888749999999959,0.8751987667565243,0.6888749999999959
24,55,440.0,448.0,4.300000000000011,0.5375000000000014,1,0.04930232558139268,0.9506976744186073,0.0,0.04930232558139268,0.8751987667565243,0.04930232558139268
25,0,0.0,8.0,7.941,0.992625,1,0.9751920413046216,0.02480795869537841,0.0,0.9751920413046216,0.8751987667565243,0.9751920413046216
25,1,8.0,16.0,8.0,1.0,1,0.996875,0.0031250000000000444,0.0,0.996875,0.8751987667565243,0.996875
25,2,16.0,24.0,8.0,1.0,1,0.990875,0.00912500000000005,0.0,0.990875,0.8751987667565243,0.990875
25,3,24.0,32.0,8.0,1.0,1,0.9910000000000001,0.008999999999999897,0.0,0.9910000000000001,0.8751987667565243,0.9910000000000001
25,4,32.0,40.0,8.0,1.0,1,0.9877500000000001,0.012249999999999872,0.0,0.9877500000000001,0.8751987667565243,0.9877500000000001
25,5,40.0,48.0,8.0,1.0,1,0.4106249999999996,0.5893750000000004,0.0,0.4106249999999996,0.8751987667565243,0.4106249999999996
25,6,48.0,56.0,8.0,1.0,1,0.9964999999999993,0.0035000000000007248,0.0,0.9964999999999993,0.8751987667565243,0.9964999999999993
25,7,56.0,64.0,8.0,1.0,1,0.9818749999999996,0.01812500000000039,0.0,0.9818749999999996,0.8751987667565243,0.9818749999999996
25,8,64.0,72.0,8.0,1.0,1,0.9933750000000003,0.006624999999999659,0.0,0.9933750000000003,0.8751987667565243,0.9933750000000003
25,9,72.0,80.0,8.0,1.0,1,0.9935000000000009,0.006499999999999062,0.0,0.9935000000000009,0.8751987667565243,0.9935000000000009
25,10,80.0,88.0,8.0,1.0,1,0.9933750000000003,0.006624999999999659,0.0,0.9933750000000003,0.8751987667565243,0.9933750000000003
25,11,88.0,96.0,8.0,1.0,1,0.9836250000000017,0.016374999999998252,0.0,0.9836250000000017,0.8751987667565243,0.9836250000000017
25,12,96.0,104.0,8.0,1.0,1,0.46199999999999974,0.5380000000000003,0.0,0.46199999999999974,0.8751987667565243,0.46199999999999974
25,13,104.0,112.0,8.0,1.0,1,0.7817500000000006,0.2182499999999994,0.0,0.7817500000000006,0.8751987667565243,0.7817500000000006
25,14,112.0,120.0,8.0,1.0,1,0.9908750000000008,0.009124999999999162,0.0,0.9908750000000008,0.8751987667565243,0.9908750000000008
25,15,120.0,128.0,8.0,1.0,1,0.9871250000000025,0.012874999999997527,0.0,0.9871250000000025,0.8751987667565243,0.9871250000000025
25,16,128.0,136.0,8.0,1.0,1,0.9938749999999992,0.006125000000000824,0.0,0.9938749999999992,0.8751987667565243,0.9938749999999992
25,17,136.0,144.0,8.0,1.0,1,0.9938749999999992,0.006125000000000824,0.0,0.9938749999999992,0.8751987667565243,0.9938749999999992
25,18,144.0,152.0,8.0,1.0,1,0.9958750000000016,0.00412499999999838,0.0,0.9958750000000016,0.8751987667565243,0.9958750000000016
25,19,152.0,160.0,8.0,1.0,1,0.9888750000000002,0.01112499999999983,0.0,0.9888750000000002,0.8751987667565243,0.9888750000000002
25,20,160.0,168.0,8.0,1.0,1,0.40337499999999693,0.5966250000000031,0.0,0.40337499999999693,0.8751987667565243,0.40337499999999693
25,21,168.0,176.0,8.0,1.0,1,0.4499999999999993,0.5500000000000007,0.0,0.4499999999999993,0.8751987667565243,0.4499999999999993
25,22,176.0,184.0,8.0,1.0,1,0.9932499999999962,0.0067500000000038085,0.0,0.9932499999999962,0.8751987667565243,0.9932499999999962
25,23,184.0,192.0,8.0,1.0,1,0.9934999999999974,0.006500000000002615,0.0,0.9934999999999974,0.8751987667565243,0.9934999999999974
25,24,192.0,200.0,8.0,1.0,1,0.992125000000005,0.00787499999999497,0.0,0.992125000000005,0.8751987667565243,0.992125000000005
25,25,200.0,208.0,8.0,1.0,1,0.9901250000000026,0.009874999999997414,0.0,0.9901250000000026,0.8751987667565243,0.9901250000000026
25,26,208.0,216.0,8.0,1.0,1,0.9933750000000003,0.006624999999999659,0.0,0.9933750000000003,0.8751987667565243,0.9933750000000003
25,27,216.0,224.0,8.0,1.0,1,0.9966250000000016,0.0033749999999983515,0.0,0.9966250000000016,0.8751987667565243,0.9966250000000016
25,28,224.0,232.0,8.0,1.0,1,0.9867499999999971,0.01325000000000287,0.0,0.9867499999999971,0.8751987667565243,0.9867499999999971
25,29,232.0,240.0,8.0,1.0,1,0.9421250000000043,0.05787499999999568,0.0,0.9421250000000043,0.8751987667565243,0.9421250000000043
25,30,240.0,248.0,8.0,1.0,1,0.5742500000000028,0.4257499999999972,0.0,0.5742500000000028,0.8751987667565243,0.5742500000000028
25,31,248.0,256.0,8.0,1.0,1,0.9905000000000008,0.009499999999999176,0.0,0.9905000000000008,0.8751987667565243,0.9905000000000008
25,32,256.0,264.0,8.0,1.0,1,0.9888750000000002,0.01112499999999983,0.0,0.9888750000000002,0.8751987667565243,0.9888750000000002
25,33,264.0,272.0,8.0,1.0,1,0.9939999999999998,0.006000000000000227,0.0,0.9939999999999998,0.8751987667565243,0.9939999999999998
25,34,272.0,280.0,8.0,1.0,1,0.9939999999999998,0.006000000000000227,0.0,0.9939999999999998,0.8751987667565243,0.9939999999999998
25,35,280.0,288.0,8.0,1.0,1,0.9879999999999995,0.012000000000000455,0.0,0.9879999999999995,0.8751987667565243,0.9879999999999995
25,36,288.0,296.0,8.0,1.0,1,0.9877500000000055,0.012249999999994543,0.0,0.9877500000000055,0.8751987667565243,0.9877500000000055
25,37,296.0,304.0,8.0,1.0,1,0.24987499999999585,0.7501250000000041,0.0,0.24987499999999585,0.8751987667565243,0.24987499999999585
25,38,304.0,312.0,8.0,1.0,1,0.8060000000000045,0.1939999999999955,0.0,0.8060000000000045,0.8751987667565243,0.8060000000000045
25,39,312.0,320.0,8.0,1.0,1,0.9898749999999978,0.01012500000000216,0.0,0.9898749999999978,0.8751987667565243,0.9898749999999978
25,40,320.0,328.0,8.0,1.0,1,0.9853749999999906,0.014625000000009436,0.0,0.9853749999999906,0.8751987667565243,0.9853749999999906
25,41,328.0,336.0,8.0,1.0,1,0.9934999999999974,0.006500000000002615,0.0,0.9934999999999974,0.8751987667565243,0.9934999999999974
25,42,336.0,344.0,8.0,1.0,1,0.9867499999999936,0.013250000000006423,0.0,0.9867499999999936,0.8751987667565243,0.9867499999999936
25,43,344.0,352.0,8.0,1.0,1,0.9899999999999949,0.010000000000005116,0.0,0.9899999999999949,0.8751987667565243,0.9899999999999949
25,44,352.0,360.0,8.0,1.0,1,0.6842500000000058,0.3157499999999942,0.0,0.6842500000000058,0.8751987667565243,0.6842500000000058
25,45,360.0,368.0,8.0,1.0,1,0.9966250000000016,0.0033749999999983515,0.0,0.9966250000000016,0.8751987667565243,0.9966250000000016
25,46,368.0,376.0,8.0,1.0,1,0.9909999999999997,0.009000000000000341,0.0,0.9909999999999997,0.8751987667565243,0.9909999999999997
25,47,376.0,384.0,8.0,1.0,1,0.06112499999999699,0.938875000000003,0.0,0.06112499999999699,0.8751987667565243,0.06112499999999699
25,48,384.0,392.0,6.480000000000018,0.8100000000000023,1,0.023919753086424248,0.9760802469135758,0.0,0.023919753086424248,0.8751987667565243,0.023919753086424248
26,0,0.0,8.0,7.918,0.98975,1,0.974993685274059,0.025006314725940903,0.0,0.974993685274059,0.8751987667565243,0.974993685274059
26,1,8.0,16.0,8.0,1.0,1,0.9909999999999999,0.009000000000000119,0.0,0.9909999999999999,0.8751987667565243,0.9909999999999999
26,2,16.0,24.0,8.0,1.0,1,0.9878749999999998,0.012125000000000163,0.0,0.9878749999999998,0.8751987667565243,0.9878749999999998
26,3,24.0,32.0,8.0,1.0,1,0.9938750000000005,0.006124999999999492,0.0,0.9938750000000005,0.8751987667565243,0.9938750000000005
26,4,32.0,40.0,8.0,1.0,1,0.9969999999999999,0.0030000000000001137,0.0,0.9969999999999999,0.8751987667565243,0.9969999999999999
26,5,40.0,48.0,8.0,1.0,1,0.9968750000000002,0.0031249999999998224,0.0,0.9968750000000002,0.8751987667565243,0.9968750000000002
26,6,48.0,56.0,8.0,1.0,1,0.43837499999999974,0.5616250000000003,0.0,0.43837499999999974,0.8751987667565243,0.43837499999999974
26,7,56.0,64.0,8.0,1.0,1,0.7236249999999993,0.2763750000000007,0.0,0.7236249999999993,0.8751987667565243,0.7236249999999993
26,8,64.0,72.0,8.0,1.0,1,0.9852500000000024,0.014749999999997598,0.0,0.9852500000000024,0.8751987667565243,0.9852500000000024
26,9,72.0,80.0,8.0,1.0,1,0.9931250000000009,0.006874999999999076,0.0,0.9931250000000009,0.8751987667565243,0.9931250000000009
26,10,80.0,88.0,8.0,1.0,1,1.0,0.0,0.0,1.0,0.8751987667565243,1.0
26,11,88.0,96.0,8.0,1.0,1,0.9923750000000009,0.007624999999999105,0.0,0.9923750000000009,0.8751987667565243,0.9923750000000009
26,12,96.0,104.0,8.0,1.0,1,0.9977499999999999,0.0022500000000000853,0.0,0.9977499999999999,0.8751987667565243,0.9977499999999999
26,13,104.0,112.0,8.0,1.0,1,0.9901249999999973,0.009875000000002743,0.0,0.9901249999999973,0.8751987667565243,0.9901249999999973
26,14,112.0,120.0,8.0,1.0,1,0.990124999999999,0.009875000000000966,0.0,0.990124999999999,0.8751987667565243,0.990124999999999
26,15,120.0,128.0,8.0,1.0,1,0.9966249999999999,0.003375000000000128,0.0,0.9966249999999999,0.8751987667565243,0.9966249999999999
26,16,128.0,136.0,8.0,1.0,1,0.6263749999999995,0.37362500000000054,0.0,0.6263749999999995,0.8751987667565243,0.6263749999999995
26,17,136.0,144.0,8.0,1.0,1,0.41562500000000213,0.5843749999999979,0.0,0.41562500000000213,0.8751987667565243,0.41562500000000213
26,18,144.0,152.0,8.0,1.0,1,0.9906249999999979,0.009375000000002132,0.0,0.9906249999999979,0.8751987667565243,0.9906249999999979
26,19,152.0,160.0,8.0,1.0,1,0.9863749999999953,0.013625000000004661,0.0,0.9863749999999953,0.8751987667565243,0.9863749999999953
26,20,160.0,168.0,8.0,1.0,1,0.9969999999999999,0.0030000000000001137,0.0,0.9969999999999999,0.8751987667565243,0.9969999999999999
26,21,168.0,176.0,8.0,1.0,1,0.9908749999999991,0.009125000000000938,0.0,0.9908749999999991,0.8751987667565243,0.9908749999999991
26,22,176.0,184.0,8.0,1.0,1,0.9848749999999988,0.015125000000001165,0.0,0.9848749999999988,0.8751987667565243,0.9848749999999988
26,23,184.0,192.0,8.0,1.0,1,0.9940000000000033,0.005999999999996675,0.0,0.9940000000000033,0.8751987667565243,0.9940000000000033
26,24,192.0,200.0,8.0,1.0,1,0.014874999999999972,0.985125,0.0,0.014874999999999972,0.8751987667565243,0.014874999999999972
26,25,200.0,208.0,8.0,1.0,1,0.24575000000000102,0.754249999999999,0.0,0.24575000000000102,0.8751987667565243,0.24575000000000102
26,26,208.0,216.0,8.0,1.0,1,0.9868750000000048,0.013124999999995168,0.0,0.9868750000000048,0.8751987667565243,0.9868750000000048
26,27,216.0,224.0,8.0,1.0,1,0.9853750000000012,0.014624999999998778,0.0,0.9853750000000012,0.8751987667565243,0.9853750000000012
26,28,224.0,232.0,8.0,1.0,1,0.9933749999999968,0.006625000000003212,0.0,0.9933749999999968,0.8751987667565243,0.9933749999999968
26,29,232.0,240.0,8.0,1.0,1,0.9868749999999977,0.013125000000002274,0.0,0.9868749999999977,0.8751987667565243,0.9868749999999977
26,30,240.0,248.0,8.0,1.0,1,0.9899999999999984,0.010000000000001563,0.0,0.9899999999999984,0.8751987667565243,0.9899999999999984
26,31,248.0,256.0,8.0,1.0,1,0.9224999999999994,0.07750000000000057,0.0,0.9224999999999994,0.8751987667565243,0.9224999999999994
26,32,256.0,264.0,8.0,1.0,1,0.4111250000000055,0.5888749999999945,0.0,0.4111250000000055,0.8751987667565243,0.4111250000000055
26,33,264.0,272.0,8.0,1.0,1,0.9937499999999986,0.006250000000001421,0.0,0.9937499999999986,0.8751987667565243,0.9937499999999986
26,34,272.0,280.0,8.0,1.0,1,0.9872500000000031,0.01274999999999693,0.0,0.9872500000000031,0.8751987667565243,0.9872500000000031
26,35,280.0,288.0,8.0,1.0,1,0.9969999999999999,0.0030000000000001137,0.0,0.9969999999999999,0.8751987667565243,0.9969999999999999
26,36,288.0,296.0,8.0,1.0,1,0.9939999999999998,0.006000000000000227,0.0,0.9939999999999998,0.8751987667565243,0.9939999999999998
26,37,296.0,304.0,8.0,1.0,1,0.9908750000000026,0.009124999999997385,0.0,0.9908750000000026,0.8751987667565243,0.9908750000000026
26,38,304.0,312.0,8.0,1.0,1,0.9909999999999997,0.009000000000000341,0.0,0.9909999999999997,0.8751987667565243,0.9909999999999997
26,39,312.0,320.0,8.0,1.0,1,0.9938750000000027,0.0061249999999972715,0.0,0.9938750000000027,0.8751987667565243,0.9938750000000027
26,40,320.0,328.0,8.0,1.0,1,1.0,0.0,0.0,1.0,0.8751987667565243,1.0
26,41,328.0,336.0,8.0,1.0,1,0.9968750000000028,0.003124999999997158,0.0,0.9968750000000028,0.8751987667565243,0.9968750000000028
26,42,336.0,344.0,8.0,1.0,1,0.5373749999999973,0.46262500000000273,0.0,0.5373749999999973,0.8751987667565243,0.5373749999999973
26,43,344.0,352.0,8.0,1.0,1,0.18087500000000745,0.8191249999999926,0.0,0.18087500000000745,0.8751987667565243,0.18087500000000745
26,44,352.0,360.0,8.0,1.0,1,1.0,0.0,0.0,1.0,0.8751987667565243,1.0
26,45,360.0,368.0,8.0,1.0,1,0.9898749999999907,0.010125000000009265,0.0,0.9898749999999907,0.8751987667565243,0.9898749999999907
26,46,368.0,376.0,8.0,1.0,1,0.9883749999999978,0.011625000000002217,0.0,0.9883749999999978,0.8751987667565243,0.9883749999999978
26,47,376.0,384.0,8.0,1.0,1,0.9933750000000003,0.006624999999999659,0.0,0.9933750000000003,0.8751987667565243,0.9933750000000003
26,48,384.0,392.0,8.0,1.0,1,0.9933749999999932,0.006625000000006764,0.0,0.9933749999999932,0.8751987667565243,0.9933749999999932
26,49,392.0,400.0,8.0,1.0,1,0.990124999999999,0.009875000000000966,0.0,0.990124999999999,0.8751987667565243,0.990124999999999
26,50,400.0,408.0,8.0,1.0,1,0.9933750000000003,0.006624999999999659,0.0,0.9933750000000003,0.8751987667565243,0.9933750000000003
26,51,408.0,416.0,8.0,1.0,1,0.9933749999999932,0.006625000000006764,0.0,0.9933749999999932,0.8751987667565243,0.9933749999999932
26,52,416.0,424.0,8.0,1.0,1,0.4568749999999966,0.5431250000000034,0.0,0.4568749999999966,0.8751987667565243,0.4568749999999966
26,53,424.0,432.0,8.0,1.0,1,0.7148750000000064,0.28512499999999363,0.0,0.7148750000000064,0.8751987667565243,0.7148750000000064
26,54,432.0,440.0,8.0,1.0,1,0.31987499999999613,0.6801250000000039,0.0,0.31987499999999613,0.8751987667565243,0.31987499999999613
26,55,440.0,448.0,1.9080000000000155,0.23850000000000193,1,0.05555555555558204,0.944444444444418,0.0,0.05555555555558204,0.8751987667565243,0.05555555555558204
27,0,0.0,8.0,7.916,0.9895,1,0.9723345123799898,0.027665487620010115,0.0,0.9723345123799898,0.8751987667565243,0.9723345123799898
27,1,8.0,16.0,8.0,1.0,1,0.9938750000000001,0.006124999999999936,0.0,0.9938750000000001,0.8751987667565243,0.9938750000000001
27,2,16.0,24.0,8.0,1.0,1,0.9938749999999996,0.00612500000000038,0.0,0.9938749999999996,0.8751987667565243,0.9938749999999996
27,3,24.0,32.0,8.0,1.0,1,0.9908750000000004,0.009124999999999606,0.0,0.9908750000000004,0.8751987667565243,0.9908750000000004
27,4,32.0,40.0,8.0,1.0,1,0.9938750000000001,0.006124999999999936,0.0,0.9938750000000001,0.8751987667565243,0.9938750000000001
27,5,40.0,48.0,8.0,1.0,1,0.653999999999999,0.346000000000001,0.0,0.653999999999999,0.8751987667565243,0.653999999999999
27,6,48.0,56.0,8.0,1.0,1,0.9933750000000003,0.006624999999999659,0.0,0.9933750000000003,0.8751987667565243,0.9933750000000003
27,7,56.0,64.0,8.0,1.0,1,0.9822499999999996,0.017750000000000377,0.0,0.9822499999999996,0.8751987667565243,0.9822499999999996
27,8,64.0,72.0,8.0,1.0,1,0.9867500000000025,0.013249999999997542,0.0,0.9867500000000025,0.8751987667565243,0.9867500000000025
27,9,72.0,80.0,8.0,1.0,1,0.9934999999999992,0.0065000000000008384,0.0,0.9934999999999992,0.8751987667565243,0.9934999999999992
27,10,80.0,88.0,8.0,1.0,1,0.9966249999999999,0.003375000000000128,0.0,0.9966249999999999,0.8751987667565243,0.9966249999999999
27,11,88.0,96.0,8.0,1.0,1,0.9900000000000002,0.009999999999999787,0.0,0.9900000000000002,0.8751987667565243,0.9900000000000002
27,12,96.0,104.0,8.0,1.0,1,0.5857500000000027,0.41424999999999734,0.0,0.5857500000000027,0.8751987667565243,0.5857500000000027
27,13,104.0,112.0,8.0,1.0,1,0.9938749999999992,0.006125000000000824,0.0,0.9938749999999992,0.8751987667565243,0.9938749999999992
27,14,112.0,120.0,8.0,1.0,1,0.9863750000000007,0.013624999999999332,0.0,0.9863750000000007,0.8751987667565243,0.9863750000000007
27,15,120.0,128.0,8.0,1.0,1,0.9908749999999991,0.009125000000000938,0.0,0.9908749999999991,0.8751987667565243,0.9908749999999991
27,16,128.0,136.0,8.0,1.0,1,0.9908749999999991,0.009125000000000938,0.0,0.9908749999999991,0.8751987667565243,0.9908749999999991
27,17,136.0,144.0,8.0,1.0,1,0.9968749999999993,0.0031250000000007105,0.0,0.9968749999999993,0.8751987667565243,0.9968749999999993
27,18,144.0,152.0,8.0,1.0,1,0.9939999999999998,0.006000000000000227,0.0,0.9939999999999998,0.8751987667565243,0.9939999999999998
27,19,152.0,160.0,8.0,1.0,1,0.8133750000000006,0.18662499999999937,0.0,0.8133750000000006,0.8751987667565243,0.8133750000000006
27,20,160.0,168.0,8.0,1.0,1,0.8171249999999972,0.18287500000000279,0.0,0.8171249999999972,0.8751987667565243,0.8171249999999972
27,21,168.0,176.0,8.0,1.0,1,0.9967500000000022,0.0032499999999977547,0.0,0.9967500000000022,0.8751987667565243,0.9967500000000022
27,22,176.0,184.0,8.0,1.0,1,0.9853750000000083,0.014624999999991672,0.0,0.9853750000000083,0.8751987667565243,0.9853750000000083
27,23,184.0,192.0,8.0,1.0,1,0.9833750000000023,0.01662499999999767,0.0,0.9833750000000023,0.8751987667565243,0.9833750000000023
27,24,192.0,200.0,8.0,1.0,1,0.9935000000000009,0.006499999999999062,0.0,0.9935000000000009,0.8751987667565243,0.9935000000000009
27,25,200.0,208.0,8.0,1.0,1,0.9966249999999981,0.0033750000000019043,0.0,0.9966249999999981,0.8751987667565243,0.9966249999999981
27,26,208.0,216.0,8.0,1.0,1,0.990124999999999,0.009875000000000966,0.0,0.990124999999999,0.8751987667565243,0.990124999999999
27,27,216.0,224.0,8.0,1.0,1,0.671125,0.32887500000000003,0.0,0.671125,0.8751987667565243,0.671125
27,28,224.0,232.0,8.0,1.0,1,0.9938749999999992,0.006125000000000824,0.0,0.9938749999999992,0.8751987667565243,0.9938749999999992
27,29,232.0,240.0,8.0,1.0,1,0.9873749999999966,0.012625000000003439,0.0,0.9873749999999966,0.8751987667565243,0.9873749999999966
27,30,240.0,248.0,8.0,1.0,1,0.9909999999999997,0.009000000000000341,0.0,0.9909999999999997,0.8751987667565243,0.9909999999999997
27,31,248.0,256.0,8.0,1.0,1,0.9909999999999997,0.009000000000000341,0.0,0.9909999999999997,0.8751987667565243,0.9909999999999997
27,32,256.0,264.0,8.0,1.0,1,0.9907499999999985,0.009250000000001535,0.0,0.9907499999999985,0.8751987667565243,0.9907499999999985
27,33,264.0,272.0,8.0,1.0,1,0.9891250000000014,0.010874999999998636,0.0,0.9891250000000014,0.8751987667565243,0.9891250000000014
27,34,272.0,280.0,8.0,1.0,1,0.7231249999999889,0.2768750000000111,0.0,0.7231249999999889,0.8751987667565243,0.7231249999999889
27,35,280.0,288.0,8.0,1.0,1,0.9967499999999987,0.0032500000000013074,0.0,0.9967499999999987,0.8751987667565243,0.9967499999999987
27,36,288.0,296.0,8.0,1.0,1,0.9886249999999919,0.011375000000008129,0.0,0.9886249999999919,0.8751987667565243,0.9886249999999919
27,37,296.0,304.0,8.0,1.0,1,0.9902500000000032,0.009749999999996817,0.0,0.9902500000000032,0.8751987667565243,0.9902500000000032
27,38,304.0,312.0,8.0,1.0,1,0.9901250000000061,0.009874999999993861,0.0,0.9901250000000061,0.8751987667565243,0.9901250000000061
27,39,312.0,320.0,8.0,1.0,1,0.9966250000000016,0.0033749999999983515,0.0,0.9966250000000016,0.8751987667565243,0.9966250000000016
27,40,320.0,328.0,8.0,1.0,1,0.990000000000002,0.00999999999999801,0.0,0.990000000000002,0.8751987667565243,0.990000000000002
27,41,328.0,336.0,8.0,1.0,1,0.6683749999999904,0.3316250000000096,0.0,0.6683749999999904,0.8751987667565243,0.6683749999999904
27,42,336.0,344.0,8.0,1.0,1,0.9782499999999885,0.021750000000011482,0.0,0.9782499999999885,0.8751987667565243,0.9782499999999885
27,43,344.0,352.0,8.0,1.0,1,0.6105000000000018,0.3894999999999982,0.0,0.6105000000000018,0.8751987667565243,0.6105000000000018
27,44,352.0,360.0,8.0,1.0,1,0.006250000000001421,0.9937499999999986,0.0,0.006250000000001421,0.8751987667565243,0.006250000000001421
27,45,360.0,368.0,8.0,1.0,1,0.013124999999995168,0.9868750000000048,0.0,0.013124999999995168,0.8751987667565243,0.013124999999995168
27,46,368.0,376.0,5.910000000000025,0.7387500000000031,1,0.017766497461931936,0.9822335025380681,0.0,0.017766497461931936,0.8751987667565243,0.017766497461931936
28,0,0.0,8.0,7.96,0.995,1,0.9694723618090452,0.030527638190954835,0.0,0.9694723618090452,0.8751987667565243,0.9694723618090452
28,1,8.0,16.0,8.0,1.0,1,0.9938750000000001,0.006124999999999936,0.0,0.9938750000000001,0.8751987667565243,0.9938750000000001
28,2,16.0,24.0,8.0,1.0,1,0.9939999999999998,0.006000000000000227,0.0,0.9939999999999998,0.8751987667565243,0.9939999999999998
28,3,24.0,32.0,8.0,1.0,1,0.9970000000000003,0.0029999999999996696,0.0,0.9970000000000003,0.8751987667565243,0.9970000000000003
28,4,32.0,40.0,8.0,1.0,1,0.9937500000000004,0.006249999999999645,0.0,0.9937500000000004,0.8751987667565243,0.9937500000000004
28,5,40.0,48.0,8.0,1.0,1,0.8031249999999996,0.19687500000000036,0.0,0.8031249999999996,0.8751987667565243,0.8031249999999996
28,6,48.0,56.0,8.0,1.0,1,0.5205000000000011,0.4794999999999989,0.0,0.5205000000000011,0.8751987667565243,0.5205000000000011
28,7,56.0,64.0,8.0,1.0,1,0.9900000000000002,0.009999999999999787,0.0,0.9900000000000002,0.8751987667565243,0.9900000000000002
28,8,64.0,72.0,8.0,1.0,1,0.979124999999998,0.020875000000001975,0.0,0.979124999999998,0.8751987667565243,0.979124999999998
28,9,72.0,80.0,8.0,1.0,1,0.990000000000002,0.00999999999999801,0.0,0.990000000000002,0.8751987667565243,0.990000000000002
28,10,80.0,88.0,8.0,1.0,1,0.990000000000002,0.00999999999999801,0.0,0.990000000000002,0.8751987667565243,0.990000000000002
28,11,88.0,96.0,8.0,1.0,1,0.8146249999999995,0.1853750000000005,0.0,0.8146249999999995,0.8751987667565243,0.8146249999999995
28,12,96.0,104.0,8.0,1.0,1,0.8078750000000028,0.19212499999999721,0.0,0.8078750000000028,0.8751987667565243,0.8078750000000028
28,13,104.0,112.0,8.0,1.0,1,0.9939999999999998,0.006000000000000227,0.0,0.9939999999999998,0.8751987667565243,0.9939999999999998
28,14,112.0,120.0,8.0,1.0,1,0.9833750000000023,0.01662499999999767,0.0,0.9833750000000023,0.8751987667565243,0.9833750000000023
28,15,120.0,128.0,8.0,1.0,1,0.9877499999999984,0.012250000000001648,0.0,0.9877499999999984,0.8751987667565243,0.9877499999999984
28,16,128.0,136.0,8.0,1.0,1,0.9938749999999992,0.006125000000000824,0.0,0.9938749999999992,0.8751987667565243,0.9938749999999992
28,17,136.0,144.0,8.0,1.0,1,0.9939999999999998,0.006000000000000227,0.0,0.9939999999999998,0.8751987667565243,0.9939999999999998
28,18,144.0,152.0,8.0,1.0,1,0.6233749999999993,0.37662500000000065,0.0,0.6233749999999993,0.8751987667565243,0.6233749999999993
28,19,152.0,160.0,8.0,1.0,1,0.9502500000000005,0.04974999999999952,0.0,0.9502500000000005,0.8751987667565243,0.9502500000000005
28,20,160.0,168.0,8.0,1.0,1,0.9823749999999976,0.017625000000002444,0.0,0.9823749999999976,0.8751987667565243,0.9823749999999976
28,21,168.0,176.0,8.0,1.0,1,0.9967499999999987,0.0032500000000013074,0.0,0.9967499999999987,0.8751987667565243,0.9967499999999987
28,22,176.0,184.0,8.0,1.0,1,0.990124999999999,0.009875000000000966,0.0,0.990124999999999,0.8751987667565243,0.990124999999999
28,23,184.0,192.0,8.0,1.0,1,0.9933750000000003,0.006624999999999659,0.0,0.9933750000000003,0.8751987667565243,0.9933750000000003
28,24,192.0,200.0,8.0,1.0,1,0.9932499999999962,0.0067500000000038085,0.0,0.9932499999999962,0.8751987667565243,0.9932499999999962
28,25,200.0,208.0,8.0,1.0,1,0.9935000000000009,0.006499999999999062,0.0,0.9935000000000009,0.8751987667565243,0.9935000000000009
28,26,208.0,216.0,8.0,1.0,1,0.45837500000000375,0.5416249999999962,0.0,0.45837500000000375,0.8751987667565243,0.45837500000000375
28,27,216.0,224.0,8.0,1.0,1,0.6170000000000009,0.3829999999999991,0.0,0.6170000000000009,0.8751987667565243,0.6170000000000009
28,28,224.0,232.0,8.0,1.0,1,0.9906250000000014,0.009374999999998579,0.0,0.9906250000000014,0.8751987667565243,0.9906250000000014
28,29,232.0,240.0,8.0,1.0,1,0.9856249999999989,0.014375000000001137,0.0,0.9856249999999989,0.8751987667565243,0.9856249999999989
28,30,240.0,248.0,8.0,1.0,1,0.9908749999999991,0.009125000000000938,0.0,0.9908749999999991,0.8751987667565243,0.9908749999999991
28,31,248.0,256.0,8.0,1.0,1,0.9909999999999997,0.009000000000000341,0.0,0.9909999999999997,0.8751987667565243,0.9909999999999997
28,32,256.0,264.0,8.0,1.0,1,0.9908750000000026,0.009124999999997385,0.0,0.9908750000000026,0.8751987667565243,0.9908750000000026
28,33,264.0,272.0,8.0,1.0,1,0.6286250000000067,0.37137499999999335,0.0,0.6286250000000067,0.8751987667565243,0.6286250000000067
28,34,272.0,280.0,8.0,1.0,1,0.873749999999994,0.12625000000000597,0.0,0.873749999999994,0.8751987667565243,0.873749999999994
28,35,280.0,288.0,8.0,1.0,1,0.9822500000000005,0.01774999999999949,0.0,0.9822500000000005,0.8751987667565243,0.9822500000000005
28,36,288.0,296.0,8.0,1.0,1,0.9901249999999919,0.009875000000008072,0.0,0.9901249999999919,0.8751987667565243,0.9901249999999919
28,37,296.0,304.0,8.0,1.0,1,0.9933750000000003,0.006624999999999659,0.0,0.9933750000000003,0.8751987667565243,0.9933750000000003
28,38,304.0,312.0,8.0,1.0,1,0.9933750000000003,0.006624999999999659,0.0,0.9933750000000003,0.8751987667565243,0.9933750000000003
28,39,312.0,320.0,8.0,1.0,1,0.7233750000000043,0.2766249999999957,0.0,0.7233750000000043,0.8751987667565243,0.7233750000000043
28,40,320.0,328.0,8.0,1.0,1,0.9513750000000059,0.048624999999994145,0.0,0.9513750000000059,0.8751987667565243,0.9513750000000059
28,41,328.0,336.0,8.0,1.0,1,0.5102499999999921,0.4897500000000079,0.0,0.5102499999999921,0.8751987667565243,0.5102499999999921
28,42,336.0,344.0,2.8759999999999764,0.35949999999999704,1,0.053546592489587784,0.9464534075104122,0.0,0.053546592489587784,0.8751987667565243,0.053546592489587784
29,0,0.0,8.0,7.946,0.99325,1,0.9742008557764913,0.025799144223508673,0.0,0.9742008557764913,0.8751987667565243,0.9742008557764913
29,1,8.0,16.0,8.0,1.0,1,0.99075,0.00924999999999998,0.0,0.99075,0.8751987667565243,0.99075
29,2,16.0,24.0,8.0,1.0,1,0.9879999999999995,0.012000000000000455,0.0,0.9879999999999995,0.8751987667565243,0.9879999999999995
29,3,24.0,32.0,8.0,1.0,1,0.9907499999999994,0.009250000000000647,0.0,0.9907499999999994,0.8751987667565243,0.9907499999999994
29,4,32.0,40.0,8.0,1.0,1,0.4522499999999985,0.5477500000000015,0.0,0.4522499999999985,0.8751987667565243,0.4522499999999985
29,5,40.0,48.0,8.0,1.0,1,1.0,0.0,0.0,1.0,0.8751987667565243,1.0
29,6,48.0,56.0,8.0,1.0,1,0.9787500000000007,0.021249999999999325,0.0,0.9787500000000007,0.8751987667565243,0.9787500000000007
29,7,56.0,64.0,8.0,1.0,1,0.9934999999999992,0.0065000000000008384,0.0,0.9934999999999992,0.8751987667565243,0.9934999999999992
29,8,64.0,72.0,8.0,1.0,1,0.9933750000000003,0.006624999999999659,0.0,0.9933750000000003,0.8751987667565243,0.9933750000000003
29,9,72.0,80.0,8.0,1.0,1,0.9900000000000002,0.009999999999999787,0.0,0.9900000000000002,0.8751987667565243,0.9900000000000002
29,10,80.0,88.0,8.0,1.0,1,0.9901250000000008,0.00987499999999919,0.0,0.9901250000000008,0.8751987667565243,0.9901250000000008
29,11,88.0,96.0,8.0,1.0,1,0.20624999999999893,0.7937500000000011,0.0,0.20624999999999893,0.8751987667565243,0.20624999999999893
29,12,96.0,104.0,8.0,1.0,1,0.9465000000000003,0.05349999999999966,0.0,0.9465000000000003,0.8751987667565243,0.9465000000000003
29,13,104.0,112.0,8.0,1.0,1,0.9909999999999997,0.009000000000000341,0.0,0.9909999999999997,0.8751987667565243,0.9909999999999997
29,14,112.0,120.0,8.0,1.0,1,0.9872499999999995,0.012750000000000483,0.0,0.9872499999999995,0.8751987667565243,0.9872499999999995
29,15,120.0,128.0,8.0,1.0,1,0.993875000000001,0.006124999999999048,0.0,0.993875000000001,0.8751987667565243,0.993875000000001
29,16,128.0,136.0,8.0,1.0,1,0.9968749999999993,0.0031250000000007105,0.0,0.9968749999999993,0.8751987667565243,0.9968749999999993
29,17,136.0,144.0,8.0,1.0,1,0.9938749999999992,0.006125000000000824,0.0,0.9938749999999992,0.8751987667565243,0.9938749999999992
29,18,144.0,152.0,8.0,1.0,1,0.9877499999999984,0.012250000000001648,0.0,0.9877499999999984,0.8751987667565243,0.9877499999999984
29,19,152.0,160.0,8.0,1.0,1,0.875,0.125,0.0,0.875,0.8751987667565243,0.875
29,20,160.0,168.0,8.0,1.0,1,0.2526250000000019,0.7473749999999981,0.0,0.2526250000000019,0.8751987667565243,0.2526250000000019
29,21,168.0,176.0,8.0,1.0,1,0.9933750000000003,0.006624999999999659,0.0,0.9933750000000003,0.8751987667565243,0.9933750000000003
29,22,176.0,184.0,8.0,1.0,1,0.9885000000000055,0.011499999999994515,0.0,0.9885000000000055,0.8751987667565243,0.9885000000000055
29,23,184.0,192.0,8.0,1.0,1,0.9868749999999977,0.013125000000002274,0.0,0.9868749999999977,0.8751987667565243,0.9868749999999977
29,24,192.0,200.0,8.0,1.0,1,0.9967499999999987,0.0032500000000013074,0.0,0.9967499999999987,0.8751987667565243,0.9967499999999987
29,25,200.0,208.0,8.0,1.0,1,0.9933750000000003,0.006624999999999659,0.0,0.9933750000000003,0.8751987667565243,0.9933750000000003
29,26,208.0,216.0,8.0,1.0,1,0.9932499999999962,0.0067500000000038085,0.0,0.9932499999999962,0.8751987667565243,0.9932499999999962
29,27,216.0,224.0,8.0,1.0,1,0.8811250000000008,0.11887499999999918,0.0,0.8811250000000008,0.8751987667565243,0.8811250000000008
29,28,224.0,232.0,8.0,1.0,1,0.26200000000000045,0.7379999999999995,0.0,0.26200000000000045,0.8751987667565243,0.26200000000000045
29,29,232.0,240.0,8.0,1.0,1,0.9936250000000015,0.006374999999998465,0.0,0.9936250000000015,0.8751987667565243,0.9936250000000015
29,30,240.0,248.0,8.0,1.0,1,0.993624999999998,0.006375000000002018,0.0,0.993624999999998,0.8751987667565243,0.993624999999998
29,31,248.0,256.0,8.0,1.0,1,0.9824999999999982,0.017500000000001847,0.0,0.9824999999999982,0.8751987667565243,0.9824999999999982
29,32,256.0,264.0,8.0,1.0,1,0.9939999999999998,0.006000000000000227,0.0,0.9939999999999998,0.8751987667565243,0.9939999999999998
29,33,264.0,272.0,8.0,1.0,1,0.9939999999999998,0.006000000000000227,0.0,0.9939999999999998,0.8751987667565243,0.9939999999999998
29,34,272.0,280.0,8.0,1.0,1,0.9939999999999998,0.006000000000000227,0.0,0.9939999999999998,0.8751987667565243,0.9939999999999998
29,35,280.0,288.0,8.0,1.0,1,0.6812500000000057,0.3187499999999943,0.0,0.6812500000000057,0.8751987667565243,0.6812500000000057
29,36,288.0,296.0,8.0,1.0,1,0.8443750000000065,0.15562499999999346,0.0,0.8443750000000065,0.8751987667565243,0.8443750000000065
29,37,296.0,304.0,8.0,1.0,1,0.9899999999999878,0.010000000000012221,0.0,0.9899999999999878,0.8751987667565243,0.9899999999999878
29,38,304.0,312.0,8.0,1.0,1,0.9917500000000032,0.00824999999999676,0.0,0.9917500000000032,0.8751987667565243,0.9917500000000032
29,39,312.0,320.0,8.0,1.0,1,0.9899999999999949,0.010000000000005116,0.0,0.9899999999999949,0.8751987667565243,0.9899999999999949
29,40,320.0,328.0,8.0,1.0,1,0.9933749999999932,0.006625000000006764,0.0,0.9933749999999932,0.8751987667565243,0.9933749999999932
29,41,328.0,336.0,8.0,1.0,1,0.9901250000000132,0.009874999999986755,0.0,0.9901250000000132,0.8751987667565243,0.9901250000000132
29,42,336.0,344.0,8.0,1.0,1,0.9899999999999949,0.010000000000005116,0.0,0.9899999999999949,0.8751987667565243,0.9899999999999949
29,43,344.0,352.0,8.0,1.0,1,0.9966250000000016,0.0033749999999983515,0.0,0.9966250000000016,0.8751987667565243,0.9966250000000016
29,44,352.0,360.0,8.0,1.0,1,0.3755000000000024,0.6244999999999976,0.0,0.3755000000000024,0.8751987667565243,0.3755000000000024
29,45,360.0,368.0,8.0,1.0,1,0.9936250000000015,0.006374999999998465,0.0,0.9936250000000015,0.8751987667565243,0.9936250000000015
29,46,368.0,376.0,8.0,1.0,1,0.9969999999999999,0.0030000000000001137,0.0,0.9969999999999999,0.8751987667565243,0.9969999999999999
29,47,376.0,384.0,8.0,1.0,1,0.4973749999999981,0.5026250000000019,0.0,0.4973749999999981,0.8751987667565243,0.4973749999999981
29,48,384.0,392.0,8.0,1.0,1,0.013250000000006423,0.9867499999999936,0.0,0.013250000000006423,0.8751987667565243,0.013250000000006423
29,49,392.0,400.0,6.858000000000004,0.8572500000000005,1,0.015456401283172131,0.9845435987168278,0.0,0.015456401283172131,0.8751987667565243,0.015456401283172131
30,0,0.0,8.0,7.955,0.994375,1,0.9693274670018857,0.030672532998114385,0.0,0.9693274670018857,0.8751987667565243,0.9693274670018857
30,1,8.0,16.0,8.0,1.0,1,0.9908749999999997,0.009125000000000272,0.0,0.9908749999999997,0.8751987667565243,0.9908749999999997
30,2,16.0,24.0,8.0,1.0,1,0.9939999999999998,0.006000000000000227,0.0,0.9939999999999998,0.8751987667565243,0.9939999999999998
30,3,24.0,32.0,8.0,1.0,1,0.990875,0.00912500000000005,0.0,0.990875,0.8751987667565243,0.990875
30,4,32.0,40.0,8.0,1.0,1,0.9969999999999999,0.0030000000000001137,0.0,0.9969999999999999,0.8751987667565243,0.9969999999999999
30,5,40.0,48.0,8.0,1.0,1,0.4796250000000004,0.5203749999999996,0.0,0.4796250000000004,0.8751987667565243,0.4796250000000004
30,6,48.0,56.0,8.0,1.0,1,0.6181250000000009,0.3818749999999991,0.0,0.6181250000000009,0.8751987667565243,0.6181250000000009
30,7,56.0,64.0,8.0,1.0,1,0.9851249999999991,0.01487500000000086,0.0,0.9851249999999991,0.8751987667565243,0.9851249999999991
30,8,64.0,72.0,8.0,1.0,1,0.9901250000000008,0.00987499999999919,0.0,0.9901250000000008,0.8751987667565243,0.9901250000000008
30,9,72.0,80.0,8.0,1.0,1,0.983749999999997,0.016250000000002984,0.0,0.983749999999997,0.8751987667565243,0.983749999999997
30,10,80.0,88.0,8.0,1.0,1,0.9901250000000008,0.00987499999999919,0.0,0.9901250000000008,0.8751987667565243,0.9901250000000008
30,11,88.0,96.0,8.0,1.0,1,0.8465000000000007,0.1534999999999993,0.0,0.8465000000000007,0.8751987667565243,0.8465000000000007
30,12,96.0,104.0,8.0,1.0,1,0.5986250000000002,0.4013749999999998,0.0,0.5986250000000002,0.8751987667565243,0.5986250000000002
30,13,104.0,112.0,8.0,1.0,1,0.9846249999999994,0.015375000000000583,0.0,0.9846249999999994,0.8751987667565243,0.9846249999999994
30,14,112.0,120.0,8.0,1.0,1,0.9902500000000032,0.009749999999996817,0.0,0.9902500000000032,0.8751987667565243,0.9902500000000032
30,15,120.0,128.0,8.0,1.0,1,0.9908749999999991,0.009125000000000938,0.0,0.9908749999999991,0.8751987667565243,0.9908749999999991
30,16,128.0,136.0,8.0,1.0,1,0.9877500000000019,0.012249999999998096,0.0,0.9877500000000019,0.8751987667565243,0.9877500000000019
30,17,136.0,144.0,8.0,1.0,1,0.9939999999999998,0.006000000000000227,0.0,0.9939999999999998,0.8751987667565243,0.9939999999999998
30,18,144.0,152.0,8.0,1.0,1,0.7306249999999999,0.26937500000000014,0.0,0.7306249999999999,0.8751987667565243,0.7306249999999999
30,19,152.0,160.0,8.0,1.0,1,0.9141249999999985,0.08587500000000148,0.0,0.9141249999999985,0.8751987667565243,0.9141249999999985
30,20,160.0,168.0,8.0,1.0,1,0.9888749999999966,0.011125000000003382,0.0,0.9888749999999966,0.8751987667565243,0.9888749999999966
30,21,168.0,176.0,8.0,1.0,1,0.9932499999999962,0.0067500000000038085,0.0,0.9932499999999962,0.8751987667565243,0.9932499999999962
30,22,176.0,184.0,8.0,1.0,1,0.9967500000000022,0.0032499999999977547,0.0,0.9967500000000022,0.8751987667565243,0.9967500000000022
30,23,184.0,192.0,8.0,1.0,1,0.9867500000000042,0.013249999999995765,0.0,0.9867500000000042,0.8751987667565243,0.9867500000000042
30,24,192.0,200.0,8.0,1.0,1,0.9932500000000033,0.006749999999996703,0.0,0.9932500000000033,0.8751987667565243,0.9932500000000033
30,25,200.0,208.0,8.0,1.0,1,0.9935000000000009,0.006499999999999062,0.0,0.9935000000000009,0.8751987667565243,0.9935000000000009
30,26,208.0,216.0,8.0,1.0,1,0.7971249999999976,0.20287500000000236,0.0,0.7971249999999976,0.8751987667565243,0.7971249999999976
30,27,216.0,224.0,8.0,1.0,1,0.5141250000000035,0.4858749999999965,0.0,0.5141250000000035,0.8751987667565243,0.5141250000000035
30,28,224.0,232.0,8.0,1.0,1,0.9788749999999986,0.021125000000001393,0.0,0.9788749999999986,0.8751987667565243,0.9788749999999986
30,29,232.0,240.0,8.0,1.0,1,0.9968749999999993,0.0031250000000007105,0.0,0.9968749999999993,0.8751987667565243,0.9968749999999993
30,30,240.0,248.0,8.0,1.0,1,0.9939999999999998,0.006000000000000227,0.0,0.9939999999999998,0.8751987667565243,0.9939999999999998
30,31,248.0,256.0,8.0,1.0,1,0.9848750000000024,0.015124999999997613,0.0,0.9848750000000024,0.8751987667565243,0.9848750000000024
30,32,256.0,264.0,8.0,1.0,1,0.9907499999999985,0.009250000000001535,0.0,0.9907499999999985,0.8751987667565243,0.9907499999999985
30,33,264.0,272.0,8.0,1.0,1,0.8652499999999961,0.13475000000000392,0.0,0.8652499999999961,0.8751987667565243,0.8652499999999961
30,34,272.0,280.0,8.0,1.0,1,0.6005000000000038,0.3994999999999962,0.0,0.6005000000000038,0.8751987667565243,0.6005000000000038
30,35,280.0,288.0,8.0,1.0,1,0.9787500000000051,0.021249999999994884,0.0,0.9787500000000051,0.8751987667565243,0.9787500000000051
30,36,288.0,296.0,8.0,1.0,1,0.9866250000000036,0.013374999999996362,0.0,0.9866250000000036,0.8751987667565243,0.9866250000000036
30,37,296.0,304.0,8.0,1.0,1,0.9869999999999948,0.01300000000000523,0.0,0.9869999999999948,0.8751987667565243,0.9869999999999948
30,38,304.0,312.0,8.0,1.0,1,0.9967500000000058,0.003249999999994202,0.0,0.9967500000000058,0.8751987667565243,0.9967500000000058
30,39,312.0,320.0,8.0,1.0,1,0.7001249999999999,0.2998750000000001,0.0,0.7001249999999999,0.8751987667565243,0.7001249999999999
30,40,320.0,328.0,8.0,1.0,1,0.8415000000000106,0.15849999999998943,0.0,0.8415000000000106,0.8751987667565243,0.8415000000000106
30,41,328.0,336.0,8.0,1.0,1,0.01937499999999659,0.9806250000000034,0.0,0.01937499999999659,0.8751987667565243,0.01937499999999659
30,42,336.0,344.0,2.134999999999991,0.26687499999999886,1,0.04918032786886119,0.9508196721311388,0.0,0.04918032786886119,0.8751987667565243,0.04918032786886119
31,0,0.0,8.0,7.939,0.992375,1,0.9692656505857161,0.030734349414283914,0.0,0.9692656505857161,0.8751987667565243,0.9692656505857161
31,1,8.0,16.0,8.0,1.0,1,0.9938750000000001,0.006124999999999936,0.0,0.9938750000000001,0.8751987667565243,0.9938750000000001
31,2,16.0,24.0,8.0,1.0,1,0.9939999999999998,0.006000000000000227,0.0,0.9939999999999998,0.8751987667565243,0.9939999999999998
31,3,24.0,32.0,8.0,1.0,1,0.9940000000000002,0.005999999999999783,0.0,0.9940000000000002,0.8751987667565243,0.9940000000000002
31,4,32.0,40.0,8.0,1.0,1,0.9907499999999994,0.009250000000000647,0.0,0.9907499999999994,0.8751987667565243,0.9907499999999994
31,5,40.0,48.0,8.0,1.0,1,0.6327499999999997,0.3672500000000003,0.0,0.6327499999999997,0.8751987667565243,0.6327499999999997
31,6,48.0,56.0,8.0,1.0,1,0.9900000000000002,0.009999999999999787,0.0,0.9900000000000002,0.8751987667565243,0.9900000000000002
31,7,56.0,64.0,8.0,1.0,1,0.9821250000000008,0.017874999999999197,0.0,0.9821250000000008,0.8751987667565243,0.9821250000000008
31,8,64.0,72.0,8.0,1.0,1,0.9899999999999984,0.010000000000001563,0.0,0.9899999999999984,0.8751987667565243,0.9899999999999984
31,9,72.0,80.0,8.0,1.0,1,0.9935000000000009,0.006499999999999062,0.0,0.9935000000000009,0.8751987667565243,0.9935000000000009
31,10,80.0,88.0,8.0,1.0,1,0.9935000000000009,0.006499999999999062,0.0,0.9935000000000009,0.8751987667565243,0.9935000000000009
31,11,88.0,96.0,8.0,1.0,1,0.9113749999999996,0.0886250000000004,0.0,0.9113749999999996,0.8751987667565243,0.9113749999999996
31,12,96.0,104.0,8.0,1.0,1,0.5193750000000001,0.48062499999999986,0.0,0.5193750000000001,0.8751987667565243,0.5193750000000001
31,13,104.0,112.0,8.0,1.0,1,0.9939999999999998,0.006000000000000227,0.0,0.9939999999999998,0.8751987667565243,0.9939999999999998
31,14,112.0,120.0,8.0,1.0,1,0.9895000000000014,0.010499999999998622,0.0,0.9895000000000014,0.8751987667565243,0.9895000000000014
31,15,120.0,128.0,8.0,1.0,1,0.9908750000000008,0.009124999999999162,0.0,0.9908750000000008,0.8751987667565243,0.9908750000000008
31,16,128.0,136.0,8.0,1.0,1,0.9938750000000027,0.0061249999999972715,0.0,0.9938750000000027,0.8751987667565243,0.9938750000000027
31,17,136.0,144.0,8.0,1.0,1,0.9939999999999998,0.006000000000000227,0.0,0.9939999999999998,0.8751987667565243,0.9939999999999998
31,18,144.0,152.0,8.0,1.0,1,0.9938749999999992,0.006125000000000824,0.0,0.9938749999999992,0.8751987667565243,0.9938749999999992
31,19,152.0,160.0,8.0,1.0,1,0.9909999999999997,0.009000000000000341,0.0,0.9909999999999997,0.8751987667565243,0.9909999999999997
31,20,160.0,168.0,8.0,1.0,1,0.5018750000000018,0.49812499999999815,0.0,0.5018750000000018,0.8751987667565243,0.5018750000000018
31,21,168.0,176.0,8.0,1.0,1,0.9899999999999984,0.010000000000001563,0.0,0.9899999999999984,0.8751987667565243,0.9899999999999984
31,22,176.0,184.0,8.0,1.0,1,0.9885000000000055,0.011499999999994515,0.0,0.9885000000000055,0.8751987667565243,0.9885000000000055
31,23,184.0,192.0,8.0,1.0,1,0.9866249999999965,0.013375000000003467,0.0,0.9866249999999965,0.8751987667565243,0.9866249999999965
31,24,192.0,200.0,8.0,1.0,1,0.9933750000000039,0.006624999999996106,0.0,0.9933750000000039,0.8751987667565243,0.9933750000000039
31,25,200.0,208.0,8.0,1.0,1,0.9901249999999955,0.009875000000004519,0.0,0.9901249999999955,0.8751987667565243,0.9901249999999955
31,26,208.0,216.0,8.0,1.0,1,0.9935000000000009,0.006499999999999062,0.0,0.9935000000000009,0.8751987667565243,0.9935000000000009
31,27,216.0,224.0,8.0,1.0,1,0.6423749999999977,0.3576250000000023,0.0,0.6423749999999977,0.8751987667565243,0.6423749999999977
31,28,224.0,232.0,8.0,1.0,1,0.9906249999999979,0.009375000000002132,0.0,0.9906249999999979,0.8751987667565243,0.9906249999999979
31,29,232.0,240.0,8.0,1.0,1,0.9967499999999987,0.0032500000000013074,0.0,0.9967499999999987,0.8751987667565243,0.9967499999999987
31,30,240.0,248.0,8.0,1.0,1,0.984375,0.015625,0.0,0.984375,0.8751987667565243,0.984375
31,31,248.0,256.0,8.0,1.0,1,0.9878750000000025,0.012124999999997499,0.0,0.9878750000000025,0.8751987667565243,0.9878750000000025
31,32,256.0,264.0,8.0,1.0,1,0.9939999999999998,0.006000000000000227,0.0,0.9939999999999998,0.8751987667565243,0.9939999999999998
31,33,264.0,272.0,8.0,1.0,1,0.9939999999999998,0.006000000000000227,0.0,0.9939999999999998,0.8751987667565243,0.9939999999999998
31,34,272.0,280.0,8.0,1.0,1,0.6200000000000045,0.37999999999999545,0.0,0.6200000000000045,0.8751987667565243,0.6200000000000045
31,35,280.0,288.0,8.0,1.0,1,0.8387499999999974,0.16125000000000256,0.0,0.8387499999999974,0.8751987667565243,0.8387499999999974
31,36,288.0,296.0,8.0,1.0,1,0.9967499999999987,0.0032500000000013074,0.0,0.9967499999999987,0.8751987667565243,0.9967499999999987
31,37,296.0,304.0,8.0,1.0,1,0.9887500000000031,0.011249999999996874,0.0,0.9887500000000031,0.8751987667565243,0.9887500000000031
31,38,304.0,312.0,8.0,1.0,1,0.990124999999999,0.009875000000000966,0.0,0.990124999999999,0.8751987667565243,0.990124999999999
31,39,312.0,320.0,8.0,1.0,1,0.9900000000000091,0.009999999999990905,0.0,0.9900000000000091,0.8751987667565243,0.9900000000000091
31,40,320.0,328.0,8.0,1.0,1,0.9966250000000016,0.0033749999999983515,0.0,0.9966250000000016,0.8751987667565243,0.9966250000000016
31,41,328.0,336.0,8.0,1.0,1,0.9933750000000003,0.006624999999999659,0.0,0.9933750000000003,0.8751987667565243,0.9933750000000003
31,42,336.0,344.0,8.0,1.0,1,0.9933749999999932,0.006625000000006764,0.0,0.9933749999999932,0.8751987667565243,0.9933749999999932
31,43,344.0,352.0,8.0,1.0,1,0.4582500000000138,0.5417499999999862,0.0,0.4582500000000138,0.8751987667565243,0.4582500000000138
31,44,352.0,360.0,8.0,1.0,1,0.9936249999999944,0.006375000000005571,0.0,0.9936249999999944,0.8751987667565243,0.9936249999999944
31,45,360.0,368.0,8.0,1.0,1,0.9939999999999998,0.006000000000000227,0.0,0.9939999999999998,0.8751987667565243,0.9939999999999998
31,46,368.0,376.0,8.0,1.0,1,0.38775000000000404,0.612249999999996,0.0,0.38775000000000404,0.8751987667565243,0.38775000000000404
31,47,376.0,384.0,4.733000000000004,0.5916250000000005,1,0.0327487851257193,0.9672512148742807,0.0,0.0327487851257193,0.8751987667565243,0.0327487851257193
32,0,0.0,8.0,7.951,0.993875,1,0.9754747830461576,0.02452521695384229,0.0,0.9754747830461576,0.8751987667565243,0.9754747830461576
32,1,8.0,16.0,8.0,1.0,1,0.994,0.006000000000000005,0.0,0.994,0.8751987667565243,0.994
32,2,16.0,24.0,8.0,1.0,1,0.9938750000000001,0.006124999999999936,0.0,0.9938750000000001,0.8751987667565243,0.9938750000000001
32,3,24.0,32.0,8.0,1.0,1,0.9939999999999998,0.006000000000000227,0.0,0.9939999999999998,0.8751987667565243,0.9939999999999998
32,4,32.0,40.0,8.0,1.0,1,0.9938750000000001,0.006124999999999936,0.0,0.9938750000000001,0.8751987667565243,0.9938750000000001
32,5,40.0,48.0,8.0,1.0,1,0.990875,0.00912500000000005,0.0,0.990875,0.8751987667565243,0.990875
32,6,48.0,56.0,8.0,1.0,1,0.3507499999999988,0.6492500000000012,0.0,0.3507499999999988,0.8751987667565243,0.3507499999999988
32,7,56.0,64.0,8.0,1.0,1,0.9932499999999997,0.006750000000000256,0.0,0.9932499999999997,0.8751987667565243,0.9932499999999997
32,8,64.0,72.0,8.0,1.0,1,0.9933750000000003,0.006624999999999659,0.0,0.9933750000000003,0.8751987667565243,0.9933750000000003
32,9,72.0,80.0,8.0,1.0,1,0.9854999999999983,0.014500000000001734,0.0,0.9854999999999983,0.8751987667565243,0.9854999999999983
32,10,80.0,88.0,8.0,1.0,1,0.9935000000000009,0.006499999999999062,0.0,0.9935000000000009,0.8751987667565243,0.9935000000000009
32,11,88.0,96.0,8.0,1.0,1,0.9900000000000002,0.009999999999999787,0.0,0.9900000000000002,0.8751987667565243,0.9900000000000002
32,12,96.0,104.0,8.0,1.0,1,0.9867500000000007,0.013249999999999318,0.0,0.9867500000000007,0.8751987667565243,0.9867500000000007
32,13,104.0,112.0,8.0,1.0,1,0.5161250000000006,0.4838749999999994,0.0,0.5161250000000006,0.8751987667565243,0.5161250000000006
32,14,112.0,120.0,8.0,1.0,1,0.9495000000000005,0.050499999999999545,0.0,0.9495000000000005,0.8751987667565243,0.9495000000000005
32,15,120.0,128.0,8.0,1.0,1,0.9939999999999998,0.006000000000000227,0.0,0.9939999999999998,0.8751987667565243,0.9939999999999998
32,16,128.0,136.0,8.0,1.0,1,0.9894999999999996,0.010500000000000398,0.0,0.9894999999999996,0.8751987667565243,0.9894999999999996
32,17,136.0,144.0,8.0,1.0,1,0.990750000000002,0.009249999999997982,0.0,0.990750000000002,0.8751987667565243,0.990750000000002
32,18,144.0,152.0,8.0,1.0,1,0.9969999999999999,0.0030000000000001137,0.0,0.9969999999999999,0.8751987667565243,0.9969999999999999
32,19,152.0,160.0,8.0,1.0,1,0.990750000000002,0.009249999999997982,0.0,0.990750000000002,0.8751987667565243,0.990750000000002
32,20,160.0,168.0,8.0,1.0,1,0.987874999999999,0.012125000000001052,0.0,0.987874999999999,0.8751987667565243,0.987874999999999
32,21,168.0,176.0,8.0,1.0,1,0.6308749999999996,0.36912500000000037,0.0,0.6308749999999996,0.8751987667565243,0.6308749999999996
32,22,176.0,184.0,8.0,1.0,1,0.8581250000000011,0.14187499999999886,0.0,0.8581250000000011,0.8751987667565243,0.8581250000000011
32,23,184.0,192.0,8.0,1.0,1,0.9933749999999968,0.006625000000003212,0.0,0.9933749999999968,0.8751987667565243,0.9933749999999968
32,24,192.0,200.0,8.0,1.0,1,0.9886249999999954,0.011375000000004576,0.0,0.9886249999999954,0.8751987667565243,0.9886249999999954
32,25,200.0,208.0,8.0,1.0,1,0.9934999999999974,0.006500000000002615,0.0,0.9934999999999974,0.8751987667565243,0.9934999999999974
32,26,208.0,216.0,8.0,1.0,1,0.9967499999999987,0.0032500000000013074,0.0,0.9967499999999987,0.8751987667565243,0.9967499999999987
32,27,216.0,224.0,8.0,1.0,1,0.9932499999999997,0.006750000000000256,0.0,0.9932499999999997,0.8751987667565243,0.9932499999999997
32,28,224.0,232.0,8.0,1.0,1,0.9933750000000003,0.006624999999999659,0.0,0.9933750000000003,0.8751987667565243,0.9933750000000003
32,29,232.0,240.0,8.0,1.0,1,0.9932500000000033,0.006749999999996703,0.0,0.9932500000000033,0.8751987667565243,0.9932500000000033
32,30,240.0,248.0,8.0,1.0,1,0.9902499999999961,0.009750000000003922,0.0,0.9902499999999961,0.8751987667565243,0.9902499999999961
32,31,248.0,256.0,8.0,1.0,1,0.2866250000000008,0.7133749999999992,0.0,0.2866250000000008,0.8751987667565243,0.2866250000000008
32,32,256.0,264.0,8.0,1.0,1,0.9967499999999987,0.0032500000000013074,0.0,0.9967499999999987,0.8751987667565243,0.9967499999999987
32,33,264.0,272.0,8.0,1.0,1,0.9938750000000027,0.0061249999999972715,0.0,0.9938750000000027,0.8751987667565243,0.9938750000000027
32,34,272.0,280.0,8.0,1.0,1,0.9888750000000002,0.01112499999999983,0.0,0.9888750000000002,0.8751987667565243,0.9888750000000002
32,35,280.0,288.0,8.0,1.0,1,0.9908750000000026,0.009124999999997385,0.0,0.9908750000000026,0.8751987667565243,0.9908750000000026
32,36,288.0,296.0,8.0,1.0,1,0.9939999999999998,0.006000000000000227,0.0,0.9939999999999998,0.8751987667565243,0.9939999999999998
32,37,296.0,304.0,8.0,1.0,1,0.9909999999999997,0.009000000000000341,0.0,0.9909999999999997,0.8751987667565243,0.9909999999999997
32,38,304.0,312.0,8.0,1.0,1,0.9879999999999995,0.012000000000000455,0.0,0.9879999999999995,0.8751987667565243,0.9879999999999995
32,39,312.0,320.0,8.0,1.0,1,0.25950000000000273,0.7404999999999973,0.0,0.25950000000000273,0.8751987667565243,0.25950000000000273
32,40,320.0,328.0,8.0,1.0,1,0.9932499999999962,0.0067500000000038085,0.0,0.9932499999999962,0.8751987667565243,0.9932499999999962
32,41,328.0,336.0,8.0,1.0,1,0.9820000000000064,0.017999999999993577,0.0,0.9820000000000064,0.8751987667565243,0.9820000000000064
32,42,336.0,344.0,8.0,1.0,1,0.9901249999999919,0.009875000000008072,0.0,0.9901249999999919,0.8751987667565243,0.9901249999999919
32,43,344.0,352.0,8.0,1.0,1,0.9868750000000048,0.013124999999995168,0.0,0.9868750000000048,0.8751987667565243,0.9868750000000048
32,44,352.0,360.0,8.0,1.0,1,0.8470000000000013,0.1529999999999987,0.0,0.8470000000000013,0.8751987667565243,0.8470000000000013
32,45,360.0,368.0,8.0,1.0,1,0.5793749999999989,0.42062500000000114,0.0,0.5793749999999989,0.8751987667565243,0.5793749999999989
32,46,368.0,376.0,8.0,1.0,1,0.9909999999999997,0.009000000000000341,0.0,0.9909999999999997,0.8751987667565243,0.9909999999999997
32,47,376.0,384.0,8.0,1.0,1,0.46075000000000443,0.5392499999999956,0.0,0.46075000000000443,0.8751987667565243,0.46075000000000443
32,48,384.0,392.0,7.1370000000000005,0.8921250000000001,1,0.029424127784788617,0.9705758722152114,0.0,0.029424127784788617,0.8751987667565243,0.029424127784788617
33,0,0.0,8.0,7.9,0.9875,1,0.9722784810126582,0.027721518987341782,0.0,0.9722784810126582,0.8751987667565243,0.9722784810126582
33,1,8.0,16.0,8.0,1.0,1,0.9908749999999997,0.009125000000000272,0.0,0.9908749999999997,0.8751987667565243,0.9908749999999997
33,2,16.0,24.0,8.0,1.0,1,0.9910000000000005,0.008999999999999453,0.0,0.9910000000000005,0.8751987667565243,0.9910000000000005
33,3,24.0,32.0,8.0,1.0,1,0.9938749999999996,0.00612500000000038,0.0,0.9938749999999996,0.8751987667565243,0.9938749999999996
33,4,32.0,40.0,8.0,1.0,1,0.9938750000000001,0.006124999999999936,0.0,0.9938750000000001,0.8751987667565243,0.9938750000000001
33,5,40.0,48.0,8.0,1.0,1,0.223749999999999,0.776250000000001,0.0,0.223749999999999,0.8751987667565243,0.223749999999999
33,6,48.0,56.0,8.0,1.0,1,0.9866250000000001,0.013374999999999915,0.0,0.9866250000000001,0.8751987667565243,0.9866250000000001
33,7,56.0,64.0,8.0,1.0,1,0.988624999999999,0.011375000000001023,0.0,0.988624999999999,0.8751987667565243,0.988624999999999
33,8,64.0,72.0,8.0,1.0,1,0.990000000000002,0.00999999999999801,0.0,0.990000000000002,0.8751987667565243,0.990000000000002
33,9,72.0,80.0,8.0,1.0,1,0.9869999999999983,0.013000000000001677,0.0,0.9869999999999983,0.8751987667565243,0.9869999999999983
33,10,80.0,88.0,8.0,1.0,1,0.9932499999999997,0.006750000000000256,0.0,0.9932499999999997,0.8751987667565243,0.9932499999999997
33,11,88.0,96.0,8.0,1.0,1,0.9933750000000003,0.006624999999999659,0.0,0.9933750000000003,0.8751987667565243,0.9933750000000003
33,12,96.0,104.0,8.0,1.0,1,0.4352499999999999,0.5647500000000001,0.0,0.4352499999999999,0.8751987667565243,0.4352499999999999
33,13,104.0,112.0,8.0,1.0,1,0.9876249999999995,0.012375000000000469,0.0,0.9876249999999995,0.8751987667565243,0.9876249999999995
33,14,112.0,120.0,8.0,1.0,1,0.989374999999999,0.010625000000000995,0.0,0.989374999999999,0.8751987667565243,0.989374999999999
33,15,120.0,128.0,8.0,1.0,1,0.9968749999999993,0.0031250000000007105,0.0,0.9968749999999993,0.8751987667565243,0.9968749999999993
33,16,128.0,136.0,8.0,1.0,1,0.9909999999999997,0.009000000000000341,0.0,0.9909999999999997,0.8751987667565243,0.9909999999999997
33,17,136.0,144.0,8.0,1.0,1,0.9909999999999997,0.009000000000000341,0.0,0.9909999999999997,0.8751987667565243,0.9909999999999997
33,18,144.0,152.0,8.0,1.0,1,0.9908749999999991,0.009125000000000938,0.0,0.9908749999999991,0.8751987667565243,0.9908749999999991
33,19,152.0,160.0,8.0,1.0,1,0.7083750000000002,0.2916249999999998,0.0,0.7083750000000002,0.8751987667565243,0.7083750000000002
33,20,160.0,168.0,8.0,1.0,1,0.3093749999999993,0.6906250000000007,0.0,0.3093749999999993,0.8751987667565243,0.3093749999999993
33,21,168.0,176.0,8.0,1.0,1,0.9823750000000011,0.01762499999999889,0.0,0.9823750000000011,0.8751987667565243,0.9823750000000011
33,22,176.0,184.0,8.0,1.0,1,0.9898749999999978,0.01012500000000216,0.0,0.9898749999999978,0.8751987667565243,0.9898749999999978
33,23,184.0,192.0,8.0,1.0,1,0.9934999999999974,0.006500000000002615,0.0,0.9934999999999974,0.8751987667565243,0.9934999999999974
33,24,192.0,200.0,8.0,1.0,1,0.9901249999999955,0.009875000000004519,0.0,0.9901249999999955,0.8751987667565243,0.9901249999999955
33,25,200.0,208.0,8.0,1.0,1,0.9934999999999974,0.006500000000002615,0.0,0.9934999999999974,0.8751987667565243,0.9934999999999974
33,26,208.0,216.0,8.0,1.0,1,0.9967500000000022,0.0032499999999977547,0.0,0.9967500000000022,0.8751987667565243,0.9967500000000022
33,27,216.0,224.0,8.0,1.0,1,0.6002499999999991,0.39975000000000094,0.0,0.6002499999999991,0.8751987667565243,0.6002499999999991
33,28,224.0,232.0,8.0,1.0,1,0.10800000000000054,0.8919999999999995,0.0,0.10800000000000054,0.8751987667565243,0.10800000000000054
33,29,232.0,240.0,8.0,1.0,1,0.9876249999999978,0.012375000000002245,0.0,0.9876249999999978,0.8751987667565243,0.9876249999999978
33,30,240.0,248.0,8.0,1.0,1,0.9873749999999966,0.012625000000003439,0.0,0.9873749999999966,0.8751987667565243,0.9873749999999966
33,31,248.0,256.0,8.0,1.0,1,0.9939999999999998,0.006000000000000227,0.0,0.9939999999999998,0.8751987667565243,0.9939999999999998
33,32,256.0,264.0,8.0,1.0,1,0.9878750000000025,0.012124999999997499,0.0,0.9878750000000025,0.8751987667565243,0.9878750000000025
33,33,264.0,272.0,8.0,1.0,1,0.9908750000000026,0.009124999999997385,0.0,0.9908750000000026,0.8751987667565243,0.9908750000000026
33,34,272.0,280.0,8.0,1.0,1,0.7550000000000026,0.24499999999999744,0.0,0.7550000000000026,0.8751987667565243,0.7550000000000026
33,35,280.0,288.0,8.0,1.0,1,0.6283750000000055,0.37162499999999454,0.0,0.6283750000000055,0.8751987667565243,0.6283750000000055
33,36,288.0,296.0,8.0,1.0,1,0.978874999999988,0.02112500000001205,0.0,0.978874999999988,0.8751987667565243,0.978874999999988
33,37,296.0,304.0,8.0,1.0,1,0.9967500000000058,0.003249999999994202,0.0,0.9967500000000058,0.8751987667565243,0.9967500000000058
33,38,304.0,312.0,8.0,1.0,1,0.990124999999999,0.009875000000000966,0.0,0.990124999999999,0.8751987667565243,0.990124999999999
33,39,312.0,320.0,8.0,1.0,1,0.9902500000000103,0.009749999999989711,0.0,0.9902500000000103,0.8751987667565243,0.9902500000000103
33,40,320.0,328.0,8.0,1.0,1,0.9932499999999962,0.0067500000000038085,0.0,0.9932499999999962,0.8751987667565243,0.9932499999999962
33,41,328.0,336.0,8.0,1.0,1,0.9933750000000003,0.006624999999999659,0.0,0.9933750000000003,0.8751987667565243,0.9933750000000003
33,42,336.0,344.0,8.0,1.0,1,0.27787500000000165,0.7221249999999984,0.0,0.27787500000000165,0.8751987667565243,0.27787500000000165
33,43,344.0,352.0,8.0,1.0,1,0.7250000000000014,0.2749999999999986,0.0,0.7250000000000014,0.8751987667565243,0.7250000000000014
33,44,352.0,360.0,8.0,1.0,1,0.9939999999999998,0.006000000000000227,0.0,0.9939999999999998,0.8751987667565243,0.9939999999999998
33,45,360.0,368.0,8.0,1.0,1,0.4167500000000004,0.5832499999999996,0.0,0.4167500000000004,0.8751987667565243,0.4167500000000004
33,46,368.0,376.0,8.0,1.0,1,0.020125000000007276,0.9798749999999927,0.0,0.020125000000007276,0.8751987667565243,0.020125000000007276
33,47,376.0,384.0,0.7040000000000077,0.08800000000000097,1,0.07102272727274264,0.9289772727272574,0.0,0.07102272727274264,0.8751987667565243,0.07102272727274264
34,0,0.0,8.0,7.923,0.990375,1,0.9692035845008204,0.030796415499179535,0.0,0.9692035845008204,0.8751987667565243,0.9692035845008204
34,1,8.0,16.0,8.0,1.0,1,0.9940000000000002,0.005999999999999783,0.0,0.9940000000000002,0.8751987667565243,0.9940000000000002
34,2,16.0,24.0,8.0,1.0,1,0.9940000000000002,0.005999999999999783,0.0,0.9940000000000002,0.8751987667565243,0.9940000000000002
34,3,24.0,32.0,8.0,1.0,1,0.9907499999999998,0.009250000000000203,0.0,0.9907499999999998,0.8751987667565243,0.9907499999999998
34,4,32.0,40.0,8.0,1.0,1,0.9938750000000001,0.006124999999999936,0.0,0.9938750000000001,0.8751987667565243,0.9938750000000001
34,5,40.0,48.0,8.0,1.0,1,0.13437499999999947,0.8656250000000005,0.0,0.13437499999999947,0.8751987667565243,0.13437499999999947
34,6,48.0,56.0,8.0,1.0,1,0.9262499999999987,0.07375000000000131,0.0,0.9262499999999987,0.8751987667565243,0.9262499999999987
34,7,56.0,64.0,8.0,1.0,1,0.9887500000000005,0.011249999999999538,0.0,0.9887500000000005,0.8751987667565243,0.9887500000000005
34,8,64.0,72.0,8.0,1.0,1,0.9866249999999983,0.013375000000001691,0.0,0.9866249999999983,0.8751987667565243,0.9866249999999983
34,9,72.0,80.0,8.0,1.0,1,0.9870000000000019,0.012999999999998124,0.0,0.9870000000000019,0.8751987667565243,0.9870000000000019
34,10,80.0,88.0,8.0,1.0,1,0.9900000000000002,0.009999999999999787,0.0,0.9900000000000002,0.8751987667565243,0.9900000000000002
34,11,88.0,96.0,8.0,1.0,1,0.5357499999999984,0.4642500000000016,0.0,0.5357499999999984,0.8751987667565243,0.5357499999999984
34,12,96.0,104.0,8.0,1.0,1,0.9875000000000007,0.01249999999999929,0.0,0.9875000000000007,0.8751987667565243,0.9875000000000007
34,13,104.0,112.0,8.0,1.0,1,0.9866250000000001,0.013374999999999915,0.0,0.9866250000000001,0.8751987667565243,0.9866250000000001
34,14,112.0,120.0,8.0,1.0,1,0.9878750000000007,0.012124999999999275,0.0,0.9878750000000007,0.8751987667565243,0.9878750000000007
34,15,120.0,128.0,8.0,1.0,1,0.993875000000001,0.006124999999999048,0.0,0.993875000000001,0.8751987667565243,0.993875000000001
34,16,128.0,136.0,8.0,1.0,1,0.9939999999999998,0.006000000000000227,0.0,0.9939999999999998,0.8751987667565243,0.9939999999999998
34,17,136.0,144.0,8.0,1.0,1,0.9939999999999998,0.006000000000000227,0.0,0.9939999999999998,0.8751987667565243,0.9939999999999998
34,18,144.0,152.0,8.0,1.0,1,0.40075000000000216,0.5992499999999978,0.0,0.40075000000000216,0.8751987667565243,0.40075000000000216
34,19,152.0,160.0,8.0,1.0,1,0.9933750000000003,0.006624999999999659,0.0,0.9933750000000003,0.8751987667565243,0.9933750000000003
34,20,160.0,168.0,8.0,1.0,1,0.9819999999999958,0.018000000000004235,0.0,0.9819999999999958,0.8751987667565243,0.9819999999999958
34,21,168.0,176.0,8.0,1.0,1,0.9934999999999974,0.006500000000002615,0.0,0.9934999999999974,0.8751987667565243,0.9934999999999974
34,22,176.0,184.0,8.0,1.0,1,0.9901249999999955,0.009875000000004519,0.0,0.9901249999999955,0.8751987667565243,0.9901249999999955
34,23,184.0,192.0,8.0,1.0,1,0.9966249999999981,0.0033750000000019043,0.0,0.9966249999999981,0.8751987667565243,0.9966249999999981
34,24,192.0,200.0,8.0,1.0,1,0.9933750000000003,0.006624999999999659,0.0,0.9933750000000003,0.8751987667565243,0.9933750000000003
34,25,200.0,208.0,8.0,1.0,1,0.9967499999999987,0.0032500000000013074,0.0,0.9967499999999987,0.8751987667565243,0.9967499999999987
34,26,208.0,216.0,8.0,1.0,1,0.40162499999999923,0.5983750000000008,0.0,0.40162499999999923,0.8751987667565243,0.40162499999999923
34,27,216.0,224.0,8.0,1.0,1,0.7690000000000019,0.2309999999999981,0.0,0.7690000000000019,0.8751987667565243,0.7690000000000019
34,28,224.0,232.0,8.0,1.0,1,0.993624999999998,0.006375000000002018,0.0,0.993624999999998,0.8751987667565243,0.993624999999998
34,29,232.0,240.0,8.0,1.0,1,0.9798749999999998,0.02012500000000017,0.0,0.9798749999999998,0.8751987667565243,0.9798749999999998
34,30,240.0,248.0,8.0,1.0,1,0.9909999999999997,0.009000000000000341,0.0,0.9909999999999997,0.8751987667565243,0.9909999999999997
34,31,248.0,256.0,8.0,1.0,1,0.987874999999999,0.012125000000001052,0.0,0.987874999999999,0.8751987667565243,0.987874999999999
34,32,256.0,264.0,8.0,1.0,1,0.8515000000000015,0.14849999999999852,0.0,0.8515000000000015,0.8751987667565243,0.8515000000000015
34,33,264.0,272.0,8.0,1.0,1,0.8366250000000051,0.16337499999999494,0.0,0.8366250000000051,0.8751987667565243,0.8366250000000051
34,34,272.0,280.0,8.0,1.0,1,0.9852499999999935,0.01475000000000648,0.0,0.9852499999999935,0.8751987667565243,0.9852499999999935
34,35,280.0,288.0,8.0,1.0,1,0.9831250000000153,0.016874999999984652,0.0,0.9831250000000153,0.8751987667565243,0.9831250000000153
34,36,288.0,296.0,8.0,1.0,1,0.9935000000000045,0.006499999999995509,0.0,0.9935000000000045,0.8751987667565243,0.9935000000000045
34,37,296.0,304.0,8.0,1.0,1,0.990124999999999,0.009875000000000966,0.0,0.990124999999999,0.8751987667565243,0.990124999999999
34,38,304.0,312.0,8.0,1.0,1,0.7711249999999978,0.22887500000000216,0.0,0.7711249999999978,0.8751987667565243,0.7711249999999978
34,39,312.0,320.0,8.0,1.0,1,0.9156250000000057,0.08437499999999432,0.0,0.9156250000000057,0.8751987667565243,0.9156250000000057
34,40,320.0,328.0,8.0,1.0,1,0.5416249999999962,0.45837500000000375,0.0,0.5416249999999962,0.8751987667565243,0.5416249999999962
34,41,328.0,336.0,4.533999999999992,0.566749999999999,1,0.03418614909571526,0.9658138509042847,0.0,0.03418614909571526,0.8751987667565243,0.03418614909571526
35,0,0.0,8.0,7.969,0.996125,1,0.9664951687790186,0.033504831220981315,0.0,0.9664951687790186,0.8751987667565243,0.9664951687790186
35,1,8.0,16.0,8.0,1.0,1,0.9938750000000003,0.006124999999999714,0.0,0.9938750000000003,0.8751987667565243,0.9938750000000003
35,2,16.0,24.0,8.0,1.0,1,0.9939999999999998,0.006000000000000227,0.0,0.9939999999999998,0.8751987667565243,0.9939999999999998
35,3,24.0,32.0,8.0,1.0,1,0.9908750000000004,0.009124999999999606,0.0,0.9908750000000004,0.8751987667565243,0.9908750000000004
35,4,32.0,40.0,8.0,1.0,1,0.9969999999999999,0.0030000000000001137,0.0,0.9969999999999999,0.8751987667565243,0.9969999999999999
35,5,40.0,48.0,8.0,1.0,1,0.5911250000000008,0.4088749999999992,0.0,0.5911250000000008,0.8751987667565243,0.5911250000000008
35,6,48.0,56.0,8.0,1.0,1,0.9933749999999995,0.006625000000000547,0.0,0.9933749999999995,0.8751987667565243,0.9933749999999995
35,7,56.0,64.0,8.0,1.0,1,0.988624999999999,0.011375000000001023,0.0,0.988624999999999,0.8751987667565243,0.988624999999999
35,8,64.0,72.0,8.0,1.0,1,0.9901250000000008,0.00987499999999919,0.0,0.9901250000000008,0.8751987667565243,0.9901250000000008
35,9,72.0,80.0,8.0,1.0,1,0.9898750000000014,0.010124999999998607,0.0,0.9898750000000014,0.8751987667565243,0.9898750000000014
35,10,80.0,88.0,8.0,1.0,1,0.9935000000000009,0.006499999999999062,0.0,0.9935000000000009,0.8751987667565243,0.9935000000000009
35,11,88.0,96.0,8.0,1.0,1,0.9933750000000003,0.006624999999999659,0.0,0.9933750000000003,0.8751987667565243,0.9933750000000003
35,12,96.0,104.0,8.0,1.0,1,0.8812499999999996,0.11875000000000036,0.0,0.8812499999999996,0.8751987667565243,0.8812499999999996
35,13,104.0,112.0,8.0,1.0,1,0.8841250000000009,0.11587499999999906,0.0,0.8841250000000009,0.8751987667565243,0.8841250000000009
35,14,112.0,120.0,8.0,1.0,1,0.9940000000000015,0.005999999999998451,0.0,0.9940000000000015,0.8751987667565243,0.9940000000000015
35,15,120.0,128.0,8.0,1.0,1,0.9835000000000012,0.01649999999999885,0.0,0.9835000000000012,0.8751987667565243,0.9835000000000012
35,16,128.0,136.0,8.0,1.0,1,0.9938749999999992,0.006125000000000824,0.0,0.9938749999999992,0.8751987667565243,0.9938749999999992
35,17,136.0,144.0,8.0,1.0,1,0.990750000000002,0.009249999999997982,0.0,0.990750000000002,0.8751987667565243,0.990750000000002
35,18,144.0,152.0,8.0,1.0,1,0.990750000000002,0.009249999999997982,0.0,0.990750000000002,0.8751987667565243,0.990750000000002
35,19,152.0,160.0,8.0,1.0,1,0.5865000000000009,0.4134999999999991,0.0,0.5865000000000009,0.8751987667565243,0.5865000000000009
35,20,160.0,168.0,8.0,1.0,1,0.9896250000000002,0.010374999999999801,0.0,0.9896250000000002,0.8751987667565243,0.9896250000000002
35,21,168.0,176.0,8.0,1.0,1,0.9967500000000022,0.0032499999999977547,0.0,0.9967500000000022,0.8751987667565243,0.9967500000000022
35,22,176.0,184.0,8.0,1.0,1,0.9822500000000041,0.017749999999995936,0.0,0.9822500000000041,0.8751987667565243,0.9822500000000041
35,23,184.0,192.0,8.0,1.0,1,0.9898749999999978,0.01012500000000216,0.0,0.9898749999999978,0.8751987667565243,0.9898749999999978
35,24,192.0,200.0,8.0,1.0,1,0.9899999999999984,0.010000000000001563,0.0,0.9899999999999984,0.8751987667565243,0.9899999999999984
35,25,200.0,208.0,8.0,1.0,1,0.9967499999999987,0.0032500000000013074,0.0,0.9967499999999987,0.8751987667565243,0.9967499999999987
35,26,208.0,216.0,8.0,1.0,1,0.8377500000000033,0.16224999999999667,0.0,0.8377500000000033,0.8751987667565243,0.8377500000000033
35,27,216.0,224.0,8.0,1.0,1,0.8487500000000026,0.15124999999999744,0.0,0.8487500000000026,0.8751987667565243,0.8487500000000026
35,28,224.0,232.0,8.0,1.0,1,0.993624999999998,0.006375000000002018,0.0,0.993624999999998,0.8751987667565243,0.993624999999998
35,29,232.0,240.0,8.0,1.0,1,0.9855000000000018,0.014499999999998181,0.0,0.9855000000000018,0.8751987667565243,0.9855000000000018
35,30,240.0,248.0,8.0,1.0,1,0.9938750000000027,0.0061249999999972715,0.0,0.9938750000000027,0.8751987667565243,0.9938750000000027
35,31,248.0,256.0,8.0,1.0,1,0.9908749999999991,0.009125000000000938,0.0,0.9908749999999991,0.8751987667565243,0.9908749999999991
35,32,256.0,264.0,8.0,1.0,1,0.9969999999999999,0.0030000000000001137,0.0,0.9969999999999999,0.8751987667565243,0.9969999999999999
35,33,264.0,272.0,8.0,1.0,1,0.9937499999999986,0.006250000000001421,0.0,0.9937499999999986,0.8751987667565243,0.9937499999999986
35,34,272.0,280.0,8.0,1.0,1,0.9938750000000027,0.0061249999999972715,0.0,0.9938750000000027,0.8751987667565243,0.9938750000000027
35,35,280.0,288.0,8.0,1.0,1,0.22687500000001393,0.7731249999999861,0.0,0.22687500000001393,0.8751987667565243,0.22687500000001393
35,36,288.0,296.0,8.0,1.0,1,0.9932499999999962,0.0067500000000038085,0.0,0.9932499999999962,0.8751987667565243,0.9932499999999962
35,37,296.0,304.0,8.0,1.0,1,0.9933750000000003,0.006624999999999659,0.0,0.9933750000000003,0.8751987667565243,0.9933750000000003
35,38,304.0,312.0,8.0,1.0,1,1.0,0.0,0.0,1.0,0.8751987667565243,1.0
35,39,312.0,320.0,8.0,1.0,1,0.978874999999995,0.021125000000004945,0.0,0.978874999999995,0.8751987667565243,0.978874999999995
35,40,320.0,328.0,8.0,1.0,1,0.990124999999999,0.009875000000000966,0.0,0.990124999999999,0.8751987667565243,0.990124999999999
35,41,328.0,336.0,8.0,1.0,1,0.9932499999999962,0.0067500000000038085,0.0,0.9932499999999962,0.8751987667565243,0.9932499999999962
35,42,336.0,344.0,8.0,1.0,1,0.9899999999999949,0.010000000000005116,0.0,0.9899999999999949,0.8751987667565243,0.9899999999999949
35,43,344.0,352.0,8.0,1.0,1,0.5874999999999915,0.4125000000000085,0.0,0.5874999999999915,0.8751987667565243,0.5874999999999915
35,44,352.0,360.0,8.0,1.0,1,0.9939999999999998,0.006000000000000227,0.0,0.9939999999999998,0.8751987667565243,0.9939999999999998
35,45,360.0,368.0,8.0,1.0,1,0.08899999999999864,0.9110000000000014,0.0,0.08899999999999864,0.8751987667565243,0.08899999999999864
35,46,368.0,376.0,0.21399999999999864,0.02674999999999983,1,0.2289719626167219,0.7710280373832781,0.0,0.2289719626167219,0.8751987667565243,0.2289719626167219
36,0,0.0,8.0,7.953,0.994125,1,0.9722117439959762,0.027788256004023643,1.1167841313971145e-16,0.9722117439959762,0.8751987667565243,0.9722117439959762
36,1,8.0,16.0,8.0,1.0,1,0.994,0.006000000000000005,0.0,0.994,0.8751987667565243,0.994
36,2,16.0,24.0,8.0,1.0,1,0.988,0.01200000000000001,0.0,0.988,0.8751987667565243,0.988
36,3,24.0,32.0,8.0,1.0,1,0.9878750000000007,0.012124999999999275,0.0,0.9878750000000007,0.8751987667565243,0.9878750000000007
36,4,32.0,40.0,8.0,1.0,1,0.35850000000000026,0.6414999999999997,0.0,0.35850000000000026,0.8751987667565243,0.35850000000000026
36,5,40.0,48.0,8.0,1.0,1,0.9965000000000002,0.0034999999999998366,0.0,0.9965000000000002,0.8751987667565243,0.9965000000000002
36,6,48.0,56.0,8.0,1.0,1,0.9901249999999999,0.009875000000000078,0.0,0.9901249999999999,0.8751987667565243,0.9901249999999999
36,7,56.0,64.0,8.0,1.0,1,0.9821250000000008,0.017874999999999197,0.0,0.9821250000000008,0.8751987667565243,0.9821250000000008
36,8,64.0,72.0,8.0,1.0,1,0.9967500000000005,0.003249999999999531,0.0,0.9967500000000005,0.8751987667565243,0.9967500000000005
36,9,72.0,80.0,8.0,1.0,1,0.9803750000000004,0.01962499999999956,0.0,0.9803750000000004,0.8751987667565243,0.9803750000000004
36,10,80.0,88.0,8.0,1.0,1,0.5339999999999989,0.4660000000000011,0.0,0.5339999999999989,0.8751987667565243,0.5339999999999989
36,11,88.0,96.0,8.0,1.0,1,0.9936249999999998,0.006375000000000242,0.0,0.9936249999999998,0.8751987667565243,0.9936249999999998
36,12,96.0,104.0,8.0,1.0,1,0.9939999999999998,0.006000000000000227,0.0,0.9939999999999998,0.8751987667565243,0.9939999999999998
36,13,104.0,112.0,8.0,1.0,1,0.9903750000000002,0.009624999999999773,0.0,0.9903750000000002,0.8751987667565243,0.9903750000000002
36,14,112.0,120.0,8.0,1.0,1,0.9938749999999992,0.006125000000000824,0.0,0.9938749999999992,0.8751987667565243,0.9938749999999992
36,15,120.0,128.0,8.0,1.0,1,0.9968750000000011,0.003124999999998934,0.0,0.9968750000000011,0.8751987667565243,0.9968750000000011
36,16,128.0,136.0,8.0,1.0,1,0.9848750000000024,0.015124999999997613,0.0,0.9848750000000024,0.8751987667565243,0.9848750000000024
36,17,136.0,144.0,8.0,1.0,1,0.9909999999999997,0.009000000000000341,0.0,0.9909999999999997,0.8751987667565243,0.9909999999999997
36,18,144.0,152.0,8.0,1.0,1,0.49074999999999847,0.5092500000000015,0.0,0.49074999999999847,0.8751987667565243,0.49074999999999847
36,19,152.0,160.0,8.0,1.0,1,0.7383749999999978,0.2616250000000022,0.0,0.7383749999999978,0.8751987667565243,0.7383749999999978
36,20,160.0,168.0,8.0,1.0,1,0.9933750000000003,0.006624999999999659,0.0,0.9933750000000003,0.8751987667565243,0.9933750000000003
36,21,168.0,176.0,8.0,1.0,1,0.9967500000000022,0.0032499999999977547,0.0,0.9967500000000022,0.8751987667565243,0.9967500000000022
36,22,176.0,184.0,8.0,1.0,1,0.988749999999996,0.011250000000003979,0.0,0.988749999999996,0.8751987667565243,0.988749999999996
36,23,184.0,192.0,8.0,1.0,1,0.9902499999999961,0.009750000000003922,0.0,0.9902499999999961,0.8751987667565243,0.9902499999999961
36,24,192.0,200.0,8.0,1.0,1,0.9932499999999962,0.0067500000000038085,0.0,0.9932499999999962,0.8751987667565243,0.9932499999999962
36,25,200.0,208.0,8.0,1.0,1,0.9935000000000009,0.006499999999999062,0.0,0.9935000000000009,0.8751987667565243,0.9935000000000009
36,26,208.0,216.0,8.0,1.0,1,0.990124999999999,0.009875000000000966,0.0,0.990124999999999,0.8751987667565243,0.990124999999999
36,27,216.0,224.0,8.0,1.0,1,0.19687499999999858,0.8031250000000014,0.0,0.19687499999999858,0.8751987667565243,0.19687499999999858
36,28,224.0,232.0,8.0,1.0,1,0.8638750000000002,0.13612499999999983,0.0,0.8638750000000002,0.8751987667565243,0.8638750000000002
36,29,232.0,240.0,8.0,1.0,1,0.9937499999999986,0.006250000000001421,0.0,0.9937499999999986,0.8751987667565243,0.9937499999999986
36,30,240.0,248.0,8.0,1.0,1,0.9826249999999987,0.01737500000000125,0.0,0.9826249999999987,0.8751987667565243,0.9826249999999987
36,31,248.0,256.0,8.0,1.0,1,0.9909999999999997,0.009000000000000341,0.0,0.9909999999999997,0.8751987667565243,0.9909999999999997
36,32,256.0,264.0,8.0,1.0,1,0.9908750000000026,0.009124999999997385,0.0,0.9908750000000026,0.8751987667565243,0.9908750000000026
36,33,264.0,272.0,8.0,1.0,1,0.8386250000000004,0.1613749999999996,0.0,0.8386250000000004,0.8751987667565243,0.8386250000000004
36,34,272.0,280.0,8.0,1.0,1,0.7153750000000159,0.28462499999998414,0.0,0.7153750000000159,0.8751987667565243,0.7153750000000159
36,35,280.0,288.0,8.0,1.0,1,0.9853749999999906,0.014625000000009436,0.0,0.9853749999999906,0.8751987667565243,0.9853749999999906
36,36,288.0,296.0,8.0,1.0,1,0.9933750000000003,0.006624999999999659,0.0,0.9933750000000003,0.8751987667565243,0.9933750000000003
36,37,296.0,304.0,8.0,1.0,1,0.9933750000000003,0.006624999999999659,0.0,0.9933750000000003,0.8751987667565243,0.9933750000000003
36,38,304.0,312.0,8.0,1.0,1,0.9900000000000091,0.009999999999990905,0.0,0.9900000000000091,0.8751987667565243,0.9900000000000091
36,39,312.0,320.0,8.0,1.0,1,0.9837499999999935,0.016250000000006537,0.0,0.9837499999999935,0.8751987667565243,0.9837499999999935
36,40,320.0,328.0,8.0,1.0,1,0.612249999999996,0.38775000000000404,0.0,0.612249999999996,0.8751987667565243,0.612249999999996
36,41,328.0,336.0,8.0,1.0,1,0.9876250000000013,0.012374999999998693,0.0,0.9876250000000013,0.8751987667565243,0.9876250000000013
36,42,336.0,344.0,8.0,1.0,1,0.2373750000000001,0.7626249999999999,0.0,0.2373750000000001,0.8751987667565243,0.2373750000000001
36,43,344.0,352.0,8.0,1.0,1,0.020124999999993065,0.9798750000000069,0.0,0.020124999999993065,0.8751987667565243,0.020124999999993065
36,44,352.0,360.0,1.6539999999999964,0.20674999999999955,1,0.029625151148717218,0.9703748488512828,0.0,0.029625151148717218,0.8751987667565243,0.029625151148717218
37,0,0.0,8.0,7.947,0.993375,1,0.9667799169497924,0.03322008305020763,0.0,0.9667799169497924,0.8751987667565243,0.9667799169497924
37,1,8.0,16.0,8.0,1.0,1,0.9909999999999999,0.009000000000000119,0.0,0.9909999999999999,0.8751987667565243,0.9909999999999999
37,2,16.0,24.0,8.0,1.0,1,0.9908750000000004,0.009124999999999606,0.0,0.9908750000000004,0.8751987667565243,0.9908750000000004
37,3,24.0,32.0,8.0,1.0,1,0.9938749999999996,0.00612500000000038,0.0,0.9938749999999996,0.8751987667565243,0.9938749999999996
37,4,32.0,40.0,8.0,1.0,1,0.5646250000000004,0.4353749999999996,0.0,0.5646250000000004,0.8751987667565243,0.5646250000000004
37,5,40.0,48.0,8.0,1.0,1,0.5332500000000007,0.46674999999999933,0.0,0.5332500000000007,0.8751987667565243,0.5332500000000007
37,6,48.0,56.0,8.0,1.0,1,0.9900000000000002,0.009999999999999787,0.0,0.9900000000000002,0.8751987667565243,0.9900000000000002
37,7,56.0,64.0,8.0,1.0,1,0.988624999999999,0.011375000000001023,0.0,0.988624999999999,0.8751987667565243,0.988624999999999
37,8,64.0,72.0,8.0,1.0,1,0.9934999999999992,0.0065000000000008384,0.0,0.9934999999999992,0.8751987667565243,0.9934999999999992
37,9,72.0,80.0,8.0,1.0,1,0.9866249999999983,0.013375000000001691,0.0,0.9866249999999983,0.8751987667565243,0.9866249999999983
37,10,80.0,88.0,8.0,1.0,1,0.9902500000000014,0.009749999999998593,0.0,0.9902500000000014,0.8751987667565243,0.9902500000000014
37,11,88.0,96.0,8.0,1.0,1,0.9933750000000003,0.006624999999999659,0.0,0.9933750000000003,0.8751987667565243,0.9933750000000003
37,12,96.0,104.0,8.0,1.0,1,0.31650000000000134,0.6834999999999987,0.0,0.31650000000000134,0.8751987667565243,0.31650000000000134
37,13,104.0,112.0,8.0,1.0,1,0.7787500000000005,0.2212499999999995,0.0,0.7787500000000005,0.8751987667565243,0.7787500000000005
37,14,112.0,120.0,8.0,1.0,1,0.9909999999999997,0.009000000000000341,0.0,0.9909999999999997,0.8751987667565243,0.9909999999999997
37,15,120.0,128.0,8.0,1.0,1,0.9903749999999985,0.009625000000001549,0.0,0.9903749999999985,0.8751987667565243,0.9903749999999985
37,16,128.0,136.0,8.0,1.0,1,0.9908750000000026,0.009124999999997385,0.0,0.9908750000000026,0.8751987667565243,0.9908750000000026
37,17,136.0,144.0,8.0,1.0,1,0.9909999999999997,0.009000000000000341,0.0,0.9909999999999997,0.8751987667565243,0.9909999999999997
37,18,144.0,152.0,8.0,1.0,1,0.9909999999999997,0.009000000000000341,0.0,0.9909999999999997,0.8751987667565243,0.9909999999999997
37,19,152.0,160.0,8.0,1.0,1,0.8500000000000014,0.14999999999999858,0.0,0.8500000000000014,0.8751987667565243,0.8500000000000014
37,20,160.0,168.0,8.0,1.0,1,0.21962500000000063,0.7803749999999994,0.0,0.21962500000000063,0.8751987667565243,0.21962500000000063
37,21,168.0,176.0,8.0,1.0,1,0.9865000000000066,0.013499999999993406,0.0,0.9865000000000066,0.8751987667565243,0.9865000000000066
37,22,176.0,184.0,8.0,1.0,1,0.985125,0.014874999999999972,0.0,0.985125,0.8751987667565243,0.985125
37,23,184.0,192.0,8.0,1.0,1,0.9934999999999974,0.006500000000002615,0.0,0.9934999999999974,0.8751987667565243,0.9934999999999974
37,24,192.0,200.0,8.0,1.0,1,0.9866250000000001,0.013374999999999915,0.0,0.9866250000000001,0.8751987667565243,0.9866250000000001
37,25,200.0,208.0,8.0,1.0,1,0.9899999999999949,0.010000000000005116,0.0,0.9899999999999949,0.8751987667565243,0.9899999999999949
37,26,208.0,216.0,8.0,1.0,1,0.9967499999999987,0.0032500000000013074,0.0,0.9967499999999987,0.8751987667565243,0.9967499999999987
37,27,216.0,224.0,8.0,1.0,1,0.020375000000001364,0.9796249999999986,0.0,0.020375000000001364,0.8751987667565243,0.020375000000001364
37,28,224.0,232.0,8.0,1.0,1,0.9937499999999986,0.006250000000001421,0.0,0.9937499999999986,0.8751987667565243,0.9937499999999986
37,29,232.0,240.0,8.0,1.0,1,0.9838750000000012,0.016124999999998835,0.0,0.9838750000000012,0.8751987667565243,0.9838750000000012
37,30,240.0,248.0,8.0,1.0,1,0.9968750000000028,0.003124999999997158,0.0,0.9968750000000028,0.8751987667565243,0.9968750000000028
37,31,248.0,256.0,8.0,1.0,1,0.9908749999999991,0.009125000000000938,0.0,0.9908749999999991,0.8751987667565243,0.9908749999999991
37,32,256.0,264.0,8.0,1.0,1,0.9909999999999997,0.009000000000000341,0.0,0.9909999999999997,0.8751987667565243,0.9909999999999997
37,33,264.0,272.0,8.0,1.0,1,0.9937499999999986,0.006250000000001421,0.0,0.9937499999999986,0.8751987667565243,0.9937499999999986
37,34,272.0,280.0,8.0,1.0,1,0.9969999999999999,0.0030000000000001137,0.0,0.9969999999999999,0.8751987667565243,0.9969999999999999
37,35,280.0,288.0,8.0,1.0,1,0.26899999999999835,0.7310000000000016,0.0,0.26899999999999835,0.8751987667565243,0.26899999999999835
37,36,288.0,296.0,8.0,1.0,1,0.8981250000000003,0.10187499999999972,0.0,0.8981250000000003,0.8751987667565243,0.8981250000000003
37,37,296.0,304.0,8.0,1.0,1,0.9852500000000077,0.01474999999999227,0.0,0.9852500000000077,0.8751987667565243,0.9852500000000077
37,38,304.0,312.0,8.0,1.0,1,0.9938749999999956,0.006125000000004377,0.0,0.9938749999999956,0.8751987667565243,0.9938749999999956
37,39,312.0,320.0,8.0,1.0,1,0.9897500000000008,0.010249999999999204,0.0,0.9897500000000008,0.8751987667565243,0.9897500000000008
37,40,320.0,328.0,8.0,1.0,1,0.9867500000000007,0.013249999999999318,0.0,0.9867500000000007,0.8751987667565243,0.9867500000000007
37,41,328.0,336.0,8.0,1.0,1,0.9967499999999987,0.0032500000000013074,0.0,0.9967499999999987,0.8751987667565243,0.9967499999999987
37,42,336.0,344.0,8.0,1.0,1,0.5172499999999971,0.4827500000000029,0.0,0.5172499999999971,0.8751987667565243,0.5172499999999971
37,43,344.0,352.0,8.0,1.0,1,0.8447500000000048,0.15524999999999523,0.0,0.8447500000000048,0.8751987667565243,0.8447500000000048
37,44,352.0,360.0,8.0,1.0,1,0.01937499999999659,0.9806250000000034,0.0,0.01937499999999659,0.8751987667565243,0.01937499999999659
37,45,360.0,368.0,3.5670000000000073,0.4458750000000009,1,0.029716848892625266,0.9702831511073747,0.0,0.029716848892625266,0.8751987667565243,0.029716848892625266
38,0,0.0,8.0,7.883,0.985375,1,0.9737409615628568,0.026259038437143223,0.0,0.9737409615628568,0.8751987667565243,0.9737409615628568
38,1,8.0,16.0,8.0,1.0,1,0.9921249999999999,0.007875000000000076,0.0,0.9921249999999999,0.8751987667565243,0.9921249999999999
38,2,16.0,24.0,8.0,1.0,1,0.9928750000000002,0.007124999999999826,0.0,0.9928750000000002,0.8751987667565243,0.9928750000000002
38,3,24.0,32.0,8.0,1.0,1,0.9938749999999996,0.00612500000000038,0.0,0.9938749999999996,0.8751987667565243,0.9938749999999996
38,4,32.0,40.0,8.0,1.0,1,0.9909999999999997,0.009000000000000341,0.0,0.9909999999999997,0.8751987667565243,0.9909999999999997
38,5,40.0,48.0,8.0,1.0,1,0.48512499999999914,0.5148750000000009,0.0,0.48512499999999914,0.8751987667565243,0.48512499999999914
38,6,48.0,56.0,8.0,1.0,1,0.990124999999999,0.009875000000000966,0.0,0.990124999999999,0.8751987667565243,0.990124999999999
38,7,56.0,64.0,8.0,1.0,1,0.9787500000000007,0.021249999999999325,0.0,0.9787500000000007,0.8751987667565243,0.9787500000000007
38,8,64.0,72.0,8.0,1.0,1,0.9901250000000008,0.00987499999999919,0.0,0.9901250000000008,0.8751987667565243,0.9901250000000008
38,9,72.0,80.0,8.0,1.0,1,0.9933749999999986,0.006625000000001435,0.0,0.9933749999999986,0.8751987667565243,0.9933749999999986
38,10,80.0,88.0,8.0,1.0,1,0.9901250000000008,0.00987499999999919,0.0,0.9901250000000008,0.8751987667565243,0.9901250000000008
38,11,88.0,96.0,8.0,1.0,1,0.6427499999999995,0.3572500000000005,0.0,0.6427499999999995,0.8751987667565243,0.6427499999999995
38,12,96.0,104.0,8.0,1.0,1,0.9842499999999976,0.015750000000002373,0.0,0.9842499999999976,0.8751987667565243,0.9842499999999976
38,13,104.0,112.0,8.0,1.0,1,0.9910000000000014,0.008999999999998565,0.0,0.9910000000000014,0.8751987667565243,0.9910000000000014
38,14,112.0,120.0,8.0,1.0,1,0.993875000000001,0.006124999999999048,0.0,0.993875000000001,0.8751987667565243,0.993875000000001
38,15,120.0,128.0,8.0,1.0,1,0.9909999999999997,0.009000000000000341,0.0,0.9909999999999997,0.8751987667565243,0.9909999999999997
38,16,128.0,136.0,8.0,1.0,1,0.9968749999999993,0.0031250000000007105,0.0,0.9968749999999993,0.8751987667565243,0.9968749999999993
38,17,136.0,144.0,8.0,1.0,1,0.9939999999999998,0.006000000000000227,0.0,0.9939999999999998,0.8751987667565243,0.9939999999999998
38,18,144.0,152.0,8.0,1.0,1,0.7577500000000015,0.24224999999999852,0.0,0.7577500000000015,0.8751987667565243,0.7577500000000015
38,19,152.0,160.0,8.0,1.0,1,0.5483750000000001,0.45162499999999994,0.0,0.5483750000000001,0.8751987667565243,0.5483750000000001
38,20,160.0,168.0,8.0,1.0,1,0.9902499999999961,0.009750000000003922,0.0,0.9902499999999961,0.8751987667565243,0.9902499999999961
38,21,168.0,176.0,8.0,1.0,1,0.9888749999999966,0.011125000000003382,0.0,0.9888749999999966,0.8751987667565243,0.9888749999999966
38,22,176.0,184.0,8.0,1.0,1,0.9870000000000019,0.012999999999998124,0.0,0.9870000000000019,0.8751987667565243,0.9870000000000019
38,23,184.0,192.0,8.0,1.0,1,0.9933749999999968,0.006625000000003212,0.0,0.9933749999999968,0.8751987667565243,0.9933749999999968
38,24,192.0,200.0,8.0,1.0,1,0.9933750000000003,0.006624999999999659,0.0,0.9933750000000003,0.8751987667565243,0.9933750000000003
38,25,200.0,208.0,8.0,1.0,1,0.9933750000000003,0.006624999999999659,0.0,0.9933750000000003,0.8751987667565243,0.9933750000000003
38,26,208.0,216.0,8.0,1.0,1,0.8446249999999971,0.15537500000000293,0.0,0.8446249999999971,0.8751987667565243,0.8446249999999971
38,27,216.0,224.0,8.0,1.0,1,0.6585000000000036,0.34149999999999636,0.0,0.6585000000000036,0.8751987667565243,0.6585000000000036
38,28,224.0,232.0,8.0,1.0,1,0.9938750000000027,0.0061249999999972715,0.0,0.9938750000000027,0.8751987667565243,0.9938750000000027
38,29,232.0,240.0,8.0,1.0,1,0.9863750000000024,0.013624999999997556,0.0,0.9863750000000024,0.8751987667565243,0.9863750000000024
38,30,240.0,248.0,8.0,1.0,1,0.9908749999999991,0.009125000000000938,0.0,0.9908749999999991,0.8751987667565243,0.9908749999999991
38,31,248.0,256.0,8.0,1.0,1,0.9909999999999997,0.009000000000000341,0.0,0.9909999999999997,0.8751987667565243,0.9909999999999997
38,32,256.0,264.0,8.0,1.0,1,0.9908749999999955,0.00912500000000449,0.0,0.9908749999999955,0.8751987667565243,0.9908749999999955
38,33,264.0,272.0,8.0,1.0,1,0.5151249999999976,0.4848750000000024,0.0,0.5151249999999976,0.8751987667565243,0.5151249999999976
38,34,272.0,280.0,8.0,1.0,1,0.9864999999999924,0.013500000000007617,0.0,0.9864999999999924,0.8751987667565243,0.9864999999999924
38,35,280.0,288.0,8.0,1.0,1,0.9856250000000202,0.01437499999997982,0.0,0.9856250000000202,0.8751987667565243,0.9856250000000202
38,36,288.0,296.0,8.0,1.0,1,0.989875000000005,0.010124999999995055,0.0,0.989875000000005,0.8751987667565243,0.989875000000005
38,37,296.0,304.0,8.0,1.0,1,0.9934999999999974,0.006500000000002615,0.0,0.9934999999999974,0.8751987667565243,0.9934999999999974
38,38,304.0,312.0,8.0,1.0,1,0.9966250000000016,0.0033749999999983515,0.0,0.9966250000000016,0.8751987667565243,0.9966250000000016
38,39,312.0,320.0,8.0,1.0,1,0.9866249999999965,0.013375000000003467,0.0,0.9866249999999965,0.8751987667565243,0.9866249999999965
38,40,320.0,328.0,8.0,1.0,1,0.7151250000000005,0.28487499999999955,0.0,0.7151250000000005,0.8751987667565243,0.7151250000000005
38,41,328.0,336.0,8.0,1.0,1,0.6490000000000009,0.3509999999999991,0.0,0.6490000000000009,0.8751987667565243,0.6490000000000009
38,42,336.0,344.0,8.0,1.0,1,0.01924999999999244,0.9807500000000076,0.0,0.01924999999999244,0.8751987667565243,0.01924999999999244
38,43,344.0,352.0,1.9080000000000155,0.23850000000000193,1,0.05503144654088959,0.9449685534591105,0.0,0.05503144654088959,0.8751987667565243,0.05503144654088959
39,0,0.0,8.0,7.927,0.990875,1,0.9724990538665321,0.02750094613346789,0.0,0.9724990538665321,0.8751987667565243,0.9724990538665321
39,1,8.0,16.0,8.0,1.0,1,0.9910000000000001,0.008999999999999897,0.0,0.9910000000000001,0.8751987667565243,0.9910000000000001
39,2,16.0,24.0,8.0,1.0,1,0.9880000000000004,0.011999999999999567,0.0,0.9880000000000004,0.8751987667565243,0.9880000000000004
39,3,24.0,32.0,8.0,1.0,1,0.93675,0.06325000000000003,0.0,0.93675,0.8751987667565243,0.93675
39,4,32.0,40.0,8.0,1.0,1,0.14712500000000084,0.8528749999999992,0.0,0.14712500000000084,0.8751987667565243,0.14712500000000084
39,5,40.0,48.0,8.0,1.0,1,0.9965000000000002,0.0034999999999998366,0.0,0.9965000000000002,0.8751987667565243,0.9965000000000002
39,6,48.0,56.0,8.0,1.0,1,0.9901249999999999,0.009875000000000078,0.0,0.9901249999999999,0.8751987667565243,0.9901249999999999
39,7,56.0,64.0,8.0,1.0,1,0.9853749999999994,0.014625000000000554,0.0,0.9853749999999994,0.8751987667565243,0.9853749999999994
39,8,64.0,72.0,8.0,1.0,1,0.9967499999999987,0.0032500000000013074,0.0,0.9967499999999987,0.8751987667565243,0.9967499999999987
39,9,72.0,80.0,8.0,1.0,1,0.9933750000000003,0.006624999999999659,0.0,0.9933750000000003,0.8751987667565243,0.9933750000000003
39,10,80.0,88.0,8.0,1.0,1,0.9934999999999974,0.006500000000002615,0.0,0.9934999999999974,0.8751987667565243,0.9934999999999974
39,11,88.0,96.0,8.0,1.0,1,0.9864999999999995,0.013500000000000512,0.0,0.9864999999999995,0.8751987667565243,0.9864999999999995
39,12,96.0,104.0,8.0,1.0,1,0.5503750000000007,0.4496249999999993,0.0,0.5503750000000007,0.8751987667565243,0.5503750000000007
39,13,104.0,112.0,8.0,1.0,1,0.5486249999999995,0.4513750000000005,0.0,0.5486249999999995,0.8751987667565243,0.5486249999999995
39,14,112.0,120.0,8.0,1.0,1,0.9936250000000015,0.006374999999998465,0.0,0.9936250000000015,0.8751987667565243,0.9936250000000015
39,15,120.0,128.0,8.0,1.0,1,0.9939999999999998,0.006000000000000227,0.0,0.9939999999999998,0.8751987667565243,0.9939999999999998
39,16,128.0,136.0,8.0,1.0,1,0.9893750000000061,0.01062499999999389,0.0,0.9893750000000061,0.8751987667565243,0.9893750000000061
39,17,136.0,144.0,8.0,1.0,1,0.9938749999999992,0.006125000000000824,0.0,0.9938749999999992,0.8751987667565243,0.9938749999999992
39,18,144.0,152.0,8.0,1.0,1,0.9906250000000014,0.009374999999998579,0.0,0.9906250000000014,0.8751987667565243,0.9906250000000014
39,19,152.0,160.0,8.0,1.0,1,0.9908750000000026,0.009124999999997385,0.0,0.9908750000000026,0.8751987667565243,0.9908750000000026
39,20,160.0,168.0,8.0,1.0,1,0.9908750000000026,0.009124999999997385,0.0,0.9908750000000026,0.8751987667565243,0.9908750000000026
39,21,168.0,176.0,8.0,1.0,1,0.034874999999999545,0.9651250000000005,0.0,0.034874999999999545,0.8751987667565243,0.034874999999999545
39,22,176.0,184.0,8.0,1.0,1,0.9966250000000016,0.0033749999999983515,0.0,0.9966250000000016,0.8751987667565243,0.9966250000000016
39,23,184.0,192.0,8.0,1.0,1,0.9819999999999922,0.018000000000007788,0.0,0.9819999999999922,0.8751987667565243,0.9819999999999922
39,24,192.0,200.0,8.0,1.0,1,0.9933750000000003,0.006624999999999659,0.0,0.9933750000000003,0.8751987667565243,0.9933750000000003
39,25,200.0,208.0,8.0,1.0,1,0.9933750000000039,0.006624999999996106,0.0,0.9933750000000039,0.8751987667565243,0.9933750000000039
39,26,208.0,216.0,8.0,1.0,1,0.990124999999999,0.009875000000000966,0.0,0.990124999999999,0.8751987667565243,0.990124999999999
39,27,216.0,224.0,8.0,1.0,1,0.9833749999999952,0.016625000000004775,0.0,0.9833749999999952,0.8751987667565243,0.9833749999999952
39,28,224.0,232.0,8.0,1.0,1,0.40050000000000097,0.599499999999999,0.0,0.40050000000000097,0.8751987667565243,0.40050000000000097
39,29,232.0,240.0,8.0,1.0,1,0.9549999999999947,0.04500000000000526,0.0,0.9549999999999947,0.8751987667565243,0.9549999999999947
39,30,240.0,248.0,8.0,1.0,1,0.9908749999999991,0.009125000000000938,0.0,0.9908749999999991,0.8751987667565243,0.9908749999999991
39,31,248.0,256.0,8.0,1.0,1,0.9863749999999953,0.013625000000004661,0.0,0.9863749999999953,0.8751987667565243,0.9863749999999953
39,32,256.0,264.0,8.0,1.0,1,0.9969999999999999,0.0030000000000001137,0.0,0.9969999999999999,0.8751987667565243,0.9969999999999999
39,33,264.0,272.0,8.0,1.0,1,0.9939999999999998,0.006000000000000227,0.0,0.9939999999999998,0.8751987667565243,0.9939999999999998
39,34,272.0,280.0,8.0,1.0,1,0.9939999999999998,0.006000000000000227,0.0,0.9939999999999998,0.8751987667565243,0.9939999999999998
39,35,280.0,288.0,8.0,1.0,1,0.9938750000000027,0.0061249999999972715,0.0,0.9938750000000027,0.8751987667565243,0.9938750000000027
39,36,288.0,296.0,8.0,1.0,1,0.9651249999999933,0.03487500000000665,0.0,0.9651249999999933,0.8751987667565243,0.9651249999999933
39,37,296.0,304.0,8.0,1.0,1,0.12375000000000114,0.8762499999999989,0.0,0.12375000000000114,0.8751987667565243,0.12375000000000114
39,38,304.0,312.0,8.0,1.0,1,1.0,0.0,0.0,1.0,0.8751987667565243,1.0
39,39,312.0,320.0,8.0,1.0,1,0.9931250000000063,0.006874999999993747,0.0,0.9931250000000063,0.8751987667565243,0.9931250000000063
39,40,320.0,328.0,8.0,1.0,1,0.9933750000000003,0.006624999999999659,0.0,0.9933750000000003,0.8751987667565243,0.9933750000000003
39,41,328.0,336.0,8.0,1.0,1,0.9818750000000023,0.018124999999997726,0.0,0.9818750000000023,0.8751987667565243,0.9818750000000023
39,42,336.0,344.0,8.0,1.0,1,0.990124999999999,0.009875000000000966,0.0,0.990124999999999,0.8751987667565243,0.990124999999999
39,43,344.0,352.0,8.0,1.0,1,0.9899999999999878,0.010000000000012221,0.0,0.9899999999999878,0.8751987667565243,0.9899999999999878
39,44,352.0,360.0,8.0,1.0,1,0.9933749999999932,0.006625000000006764,0.0,0.9933749999999932,0.8751987667565243,0.9933749999999932
39,45,360.0,368.0,8.0,1.0,1,0.5577499999999986,0.44225000000000136,0.0,0.5577499999999986,0.8751987667565243,0.5577499999999986
39,46,368.0,376.0,8.0,1.0,1,0.9909999999999997,0.009000000000000341,0.0,0.9909999999999997,0.8751987667565243,0.9909999999999997
39,47,376.0,384.0,8.0,1.0,1,0.3076250000000016,0.6923749999999984,0.0,0.3076250000000016,0.8751987667565243,0.3076250000000016
39,48,384.0,392.0,6.225999999999999,0.7782499999999999,1,0.017025377449404844,0.9829746225505952,0.0,0.017025377449404844,0.8751987667565243,0.017025377449404844
40,0,0.0,8.0,7.875,0.984375,1,0.9747301587301588,0.025269841269841282,0.0,0.9747301587301588,0.8751987667565243,0.9747301587301588
40,1,8.0,16.0,8.0,1.0,1,0.994,0.006000000000000005,0.0,0.994,0.8751987667565243,0.994
40,2,16.0,24.0,8.0,1.0,1,0.9848749999999993,0.015125000000000721,0.0,0.9848749999999993,0.8751987667565243,0.9848749999999993
40,3,24.0,32.0,8.0,1.0,1,0.9939999999999998,0.006000000000000227,0.0,0.9939999999999998,0.8751987667565243,0.9939999999999998
40,4,32.0,40.0,8.0,1.0,1,0.993875000000001,0.006124999999999048,0.0,0.993875000000001,0.8751987667565243,0.993875000000001
40,5,40.0,48.0,8.0,1.0,1,0.6752499999999992,0.32475000000000076,0.0,0.6752499999999992,0.8751987667565243,0.6752499999999992
40,6,48.0,56.0,8.0,1.0,1,0.7363749999999998,0.2636250000000002,0.0,0.7363749999999998,0.8751987667565243,0.7363749999999998
40,7,56.0,64.0,8.0,1.0,1,0.9820000000000002,0.017999999999999794,0.0,0.9820000000000002,0.8751987667565243,0.9820000000000002
40,8,64.0,72.0,8.0,1.0,1,0.990124999999999,0.009875000000000966,0.0,0.990124999999999,0.8751987667565243,0.990124999999999
40,9,72.0,80.0,8.0,1.0,1,0.9868749999999995,0.013125000000000497,0.0,0.9868749999999995,0.8751987667565243,0.9868749999999995
40,10,80.0,88.0,8.0,1.0,1,0.990124999999999,0.009875000000000966,0.0,0.990124999999999,0.8751987667565243,0.990124999999999
40,11,88.0,96.0,8.0,1.0,1,0.6952500000000015,0.3047499999999985,0.0,0.6952500000000015,0.8751987667565243,0.6952500000000015
40,12,96.0,104.0,8.0,1.0,1,0.6183750000000003,0.38162499999999966,0.0,0.6183750000000003,0.8751987667565243,0.6183750000000003
40,13,104.0,112.0,8.0,1.0,1,0.9864999999999995,0.013500000000000512,0.0,0.9864999999999995,0.8751987667565243,0.9864999999999995
40,14,112.0,120.0,8.0,1.0,1,0.993875000000001,0.006124999999999048,0.0,0.993875000000001,0.8751987667565243,0.993875000000001
40,15,120.0,128.0,8.0,1.0,1,0.9908750000000008,0.009124999999999162,0.0,0.9908750000000008,0.8751987667565243,0.9908750000000008
40,16,128.0,136.0,8.0,1.0,1,0.9909999999999997,0.009000000000000341,0.0,0.9909999999999997,0.8751987667565243,0.9909999999999997
40,17,136.0,144.0,8.0,1.0,1,0.9938749999999992,0.006125000000000824,0.0,0.9938749999999992,0.8751987667565243,0.9938749999999992
40,18,144.0,152.0,8.0,1.0,1,0.9939999999999998,0.006000000000000227,0.0,0.9939999999999998,0.8751987667565243,0.9939999999999998
40,19,152.0,160.0,8.0,1.0,1,0.5471249999999976,0.45287500000000236,0.0,0.5471249999999976,0.8751987667565243,0.5471249999999976
40,20,160.0,168.0,8.0,1.0,1,0.955250000000003,0.04474999999999696,0.0,0.955250000000003,0.8751987667565243,0.955250000000003
40,21,168.0,176.0,8.0,1.0,1,0.9821250000000035,0.017874999999996533,0.0,0.9821250000000035,0.8751987667565243,0.9821250000000035
40,22,176.0,184.0,8.0,1.0,1,0.9932500000000033,0.006749999999996703,0.0,0.9932500000000033,0.8751987667565243,0.9932500000000033
40,23,184.0,192.0,8.0,1.0,1,0.9899999999999984,0.010000000000001563,0.0,0.9899999999999984,0.8751987667565243,0.9899999999999984
40,24,192.0,200.0,8.0,1.0,1,0.9898749999999978,0.01012500000000216,0.0,0.9898749999999978,0.8751987667565243,0.9898749999999978
40,25,200.0,208.0,8.0,1.0,1,0.615124999999999,0.38487500000000097,0.0,0.615124999999999,0.8751987667565243,0.615124999999999
40,26,208.0,216.0,8.0,1.0,1,0.5139999999999993,0.48600000000000065,0.0,0.5139999999999993,0.8751987667565243,0.5139999999999993
40,27,216.0,224.0,8.0,1.0,1,0.9937499999999986,0.006250000000001421,0.0,0.9937499999999986,0.8751987667565243,0.9937499999999986
40,28,224.0,232.0,8.0,1.0,1,0.9938749999999992,0.006125000000000824,0.0,0.9938749999999992,0.8751987667565243,0.9938749999999992
40,29,232.0,240.0,8.0,1.0,1,0.986500000000003,0.013499999999996959,0.0,0.986500000000003,0.8751987667565243,0.986500000000003
40,30,240.0,248.0,8.0,1.0,1,0.9939999999999998,0.006000000000000227,0.0,0.9939999999999998,0.8751987667565243,0.9939999999999998
40,31,248.0,256.0,8.0,1.0,1,0.9909999999999997,0.009000000000000341,0.0,0.9909999999999997,0.8751987667565243,0.9909999999999997
40,32,256.0,264.0,8.0,1.0,1,0.9847499999999911,0.015250000000008868,0.0,0.9847499999999911,0.8751987667565243,0.9847499999999911
40,33,264.0,272.0,8.0,1.0,1,0.12912500000000193,0.8708749999999981,0.0,0.12912500000000193,0.8751987667565243,0.12912500000000193
40,34,272.0,280.0,8.0,1.0,1,0.9894999999999925,0.010500000000007503,0.0,0.9894999999999925,0.8751987667565243,0.9894999999999925
40,35,280.0,288.0,8.0,1.0,1,0.9851250000000036,0.014874999999996419,0.0,0.9851250000000036,0.8751987667565243,0.9851250000000036
40,36,288.0,296.0,8.0,1.0,1,0.9933749999999932,0.006625000000006764,0.0,0.9933749999999932,0.8751987667565243,0.9933749999999932
40,37,296.0,304.0,8.0,1.0,1,0.9933750000000074,0.0066249999999925535,0.0,0.9933750000000074,0.8751987667565243,0.9933750000000074
40,38,304.0,312.0,8.0,1.0,1,0.9902500000000032,0.009749999999996817,0.0,0.9902500000000032,0.8751987667565243,0.9902500000000032
40,39,312.0,320.0,8.0,1.0,1,0.8918749999999989,0.10812500000000114,0.0,0.8918749999999989,0.8751987667565243,0.8918749999999989
40,40,320.0,328.0,8.0,1.0,1,0.582125000000012,0.417874999999988,0.0,0.582125000000012,0.8751987667565243,0.582125000000012
40,41,328.0,336.0,8.0,1.0,1,0.9906250000000014,0.009374999999998579,0.0,0.9906250000000014,0.8751987667565243,0.9906250000000014
40,42,336.0,344.0,8.0,1.0,1,0.4528749999999917,0.5471250000000083,0.0,0.4528749999999917,0.8751987667565243,0.4528749999999917
40,43,344.0,352.0,8.0,1.0,1,0.013125000000002274,0.9868749999999977,0.0,0.013125000000002274,0.8751987667565243,0.013125000000002274
40,44,352.0,360.0,8.0,1.0,1,0.006999999999997897,0.9930000000000021,0.0,0.006999999999997897,0.8751987667565243,0.006999999999997897
40,45,360.0,368.0,1.177000000000021,0.14712500000000261,1,0.04163126593036036,0.9583687340696396,0.0,0.04163126593036036,0.8751987667565243,0.04163126593036036
41,0,0.0,8.0,7.906,0.98825,1,0.9722995193523906,0.027700480647609455,0.0,0.9722995193523906,0.8751987667565243,0.9722995193523906
41,1,8.0,16.0,8.0,1.0,1,0.990875,0.00912500000000005,0.0,0.990875,0.8751987667565243,0.990875
41,2,16.0,24.0,8.0,1.0,1,0.9939999999999998,0.006000000000000227,0.0,0.9939999999999998,0.8751987667565243,0.9939999999999998
41,3,24.0,32.0,8.0,1.0,1,0.9938750000000001,0.006124999999999936,0.0,0.9938750000000001,0.8751987667565243,0.9938750000000001
41,4,32.0,40.0,8.0,1.0,1,0.9938750000000001,0.006124999999999936,0.0,0.9938750000000001,0.8751987667565243,0.9938750000000001
41,5,40.0,48.0,8.0,1.0,1,0.8287499999999994,0.17125000000000057,0.0,0.8287499999999994,0.8751987667565243,0.8287499999999994
41,6,48.0,56.0,8.0,1.0,1,0.6832500000000001,0.31674999999999986,0.0,0.6832500000000001,0.8751987667565243,0.6832500000000001
41,7,56.0,64.0,8.0,1.0,1,0.9933749999999995,0.006625000000000547,0.0,0.9933749999999995,0.8751987667565243,0.9933749999999995
41,8,64.0,72.0,8.0,1.0,1,0.9887499999999996,0.011250000000000426,0.0,0.9887499999999996,0.8751987667565243,0.9887499999999996
41,9,72.0,80.0,8.0,1.0,1,0.9902499999999996,0.00975000000000037,0.0,0.9902499999999996,0.8751987667565243,0.9902499999999996
41,10,80.0,88.0,8.0,1.0,1,0.9866250000000019,0.013374999999998138,0.0,0.9866250000000019,0.8751987667565243,0.9866250000000019
41,11,88.0,96.0,8.0,1.0,1,0.9900000000000002,0.009999999999999787,0.0,0.9900000000000002,0.8751987667565243,0.9900000000000002
41,12,96.0,104.0,8.0,1.0,1,0.5902499999999993,0.4097500000000007,0.0,0.5902499999999993,0.8751987667565243,0.5902499999999993
41,13,104.0,112.0,8.0,1.0,1,0.5112500000000004,0.4887499999999996,0.0,0.5112500000000004,0.8751987667565243,0.5112500000000004
41,14,112.0,120.0,8.0,1.0,1,0.9909999999999997,0.009000000000000341,0.0,0.9909999999999997,0.8751987667565243,0.9909999999999997
41,15,120.0,128.0,8.0,1.0,1,0.9927499999999991,0.007250000000000867,0.0,0.9927499999999991,0.8751987667565243,0.9927499999999991
41,16,128.0,136.0,8.0,1.0,1,0.9938749999999992,0.006125000000000824,0.0,0.9938749999999992,0.8751987667565243,0.9938749999999992
41,17,136.0,144.0,8.0,1.0,1,0.9938749999999992,0.006125000000000824,0.0,0.9938749999999992,0.8751987667565243,0.9938749999999992
41,18,144.0,152.0,8.0,1.0,1,0.9908749999999991,0.009125000000000938,0.0,0.9908749999999991,0.8751987667565243,0.9908749999999991
41,19,152.0,160.0,8.0,1.0,1,0.9908749999999991,0.009125000000000938,0.0,0.9908749999999991,0.8751987667565243,0.9908749999999991
41,20,160.0,168.0,8.0,1.0,1,0.9940000000000033,0.005999999999996675,0.0,0.9940000000000033,0.8751987667565243,0.9940000000000033
41,21,168.0,176.0,8.0,1.0,1,0.10487499999999983,0.8951250000000002,0.0,0.10487499999999983,0.8751987667565243,0.10487499999999983
41,22,176.0,184.0,8.0,1.0,1,0.7576249999999973,0.24237500000000267,0.0,0.7576249999999973,0.8751987667565243,0.7576249999999973
41,23,184.0,192.0,8.0,1.0,1,0.9819999999999922,0.018000000000007788,0.0,0.9819999999999922,0.8751987667565243,0.9819999999999922
41,24,192.0,200.0,8.0,1.0,1,0.9933750000000039,0.006624999999996106,0.0,0.9933750000000039,0.8751987667565243,0.9933750000000039
41,25,200.0,208.0,8.0,1.0,1,0.9933749999999968,0.006625000000003212,0.0,0.9933749999999968,0.8751987667565243,0.9933749999999968
41,26,208.0,216.0,8.0,1.0,1,0.9834999999999994,0.016500000000000625,0.0,0.9834999999999994,0.8751987667565243,0.9834999999999994
41,27,216.0,224.0,8.0,1.0,1,0.9933750000000003,0.006624999999999659,0.0,0.9933750000000003,0.8751987667565243,0.9933750000000003
41,28,224.0,232.0,8.0,1.0,1,0.13537499999999625,0.8646250000000038,0.0,0.13537499999999625,0.8751987667565243,0.13537499999999625
41,29,232.0,240.0,8.0,1.0,1,0.5576249999999945,0.4423750000000055,0.0,0.5576249999999945,0.8751987667565243,0.5576249999999945
41,30,240.0,248.0,8.0,1.0,1,0.9840000000000018,0.015999999999998238,0.0,0.9840000000000018,0.8751987667565243,0.9840000000000018
41,31,248.0,256.0,8.0,1.0,1,0.9939999999999998,0.006000000000000227,0.0,0.9939999999999998,0.8751987667565243,0.9939999999999998
41,32,256.0,264.0,8.0,1.0,1,0.9969999999999999,0.0030000000000001137,0.0,0.9969999999999999,0.8751987667565243,0.9969999999999999
41,33,264.0,272.0,8.0,1.0,1,0.9939999999999998,0.006000000000000227,0.0,0.9939999999999998,0.8751987667565243,0.9939999999999998
41,34,272.0,280.0,8.0,1.0,1,0.9930000000000021,0.006999999999997897,0.0,0.9930000000000021,0.8751987667565243,0.9930000000000021
41,35,280.0,288.0,8.0,1.0,1,0.9917499999999961,0.008250000000003865,0.0,0.9917499999999961,0.8751987667565243,0.9917499999999961
41,36,288.0,296.0,8.0,1.0,1,0.8092500000000058,0.1907499999999942,0.0,0.8092500000000058,0.8751987667565243,0.8092500000000058
41,37,296.0,304.0,8.0,1.0,1,0.05399999999999494,0.9460000000000051,0.0,0.05399999999999494,0.8751987667565243,0.05399999999999494
41,38,304.0,312.0,8.0,1.0,1,0.9932499999999962,0.0067500000000038085,0.0,0.9932499999999962,0.8751987667565243,0.9932499999999962
41,39,312.0,320.0,8.0,1.0,1,0.9852500000000006,0.014749999999999375,0.0,0.9852500000000006,0.8751987667565243,0.9852500000000006
41,40,320.0,328.0,8.0,1.0,1,0.9902499999999961,0.009750000000003922,0.0,0.9902499999999961,0.8751987667565243,0.9902499999999961
41,41,328.0,336.0,8.0,1.0,1,0.9869999999999948,0.01300000000000523,0.0,0.9869999999999948,0.8751987667565243,0.9869999999999948
41,42,336.0,344.0,8.0,1.0,1,0.9902500000000103,0.009749999999989711,0.0,0.9902500000000103,0.8751987667565243,0.9902500000000103
41,43,344.0,352.0,8.0,1.0,1,0.6707499999999911,0.3292500000000089,0.0,0.6707499999999911,0.8751987667565243,0.6707499999999911
41,44,352.0,360.0,8.0,1.0,1,0.6254999999999953,0.3745000000000047,0.0,0.6254999999999953,0.8751987667565243,0.6254999999999953
41,45,360.0,368.0,8.0,1.0,1,0.48774999999999835,0.5122500000000016,0.0,0.48774999999999835,0.8751987667565243,0.48774999999999835
41,46,368.0,376.0,7.613999999999976,0.951749999999997,1,0.02758077226161326,0.9724192277383867,0.0,0.02758077226161326,0.8751987667565243,0.02758077226161326
42,0,0.0,8.0,7.934,0.99175,1,0.9664734055961683,0.033526594403831614,0.0,0.9664734055961683,0.8751987667565243,0.9664734055961683
42,1,8.0,16.0,8.0,1.0,1,0.9909999999999999,0.009000000000000119,0.0,0.9909999999999999,0.8751987667565243,0.9909999999999999
42,2,16.0,24.0,8.0,1.0,1,0.9938750000000001,0.006124999999999936,0.0,0.9938750000000001,0.8751987667565243,0.9938750000000001
42,3,24.0,32.0,8.0,1.0,1,0.9939999999999998,0.006000000000000227,0.0,0.9939999999999998,0.8751987667565243,0.9939999999999998
42,4,32.0,40.0,8.0,1.0,1,0.4633749999999992,0.5366250000000008,0.0,0.4633749999999992,0.8751987667565243,0.4633749999999992
42,5,40.0,48.0,8.0,1.0,1,0.990124999999999,0.009875000000000966,0.0,0.990124999999999,0.8751987667565243,0.990124999999999
42,6,48.0,56.0,8.0,1.0,1,0.9851249999999991,0.01487500000000086,0.0,0.9851249999999991,0.8751987667565243,0.9851249999999991
42,7,56.0,64.0,8.0,1.0,1,0.9900000000000011,0.009999999999998899,0.0,0.9900000000000011,0.8751987667565243,0.9900000000000011
42,8,64.0,72.0,8.0,1.0,1,0.9901250000000008,0.00987499999999919,0.0,0.9901250000000008,0.8751987667565243,0.9901250000000008
42,9,72.0,80.0,8.0,1.0,1,0.9900000000000002,0.009999999999999787,0.0,0.9900000000000002,0.8751987667565243,0.9900000000000002
42,10,80.0,88.0,8.0,1.0,1,0.4585000000000008,0.5414999999999992,0.0,0.4585000000000008,0.8751987667565243,0.4585000000000008
42,11,88.0,96.0,8.0,1.0,1,0.8674999999999997,0.13250000000000028,0.0,0.8674999999999997,0.8751987667565243,0.8674999999999997
42,12,96.0,104.0,8.0,1.0,1,0.9870000000000001,0.0129999999999999,0.0,0.9870000000000001,0.8751987667565243,0.9870000000000001
42,13,104.0,112.0,8.0,1.0,1,0.9907499999999985,0.009250000000001535,0.0,0.9907499999999985,0.8751987667565243,0.9907499999999985
42,14,112.0,120.0,8.0,1.0,1,0.9907500000000002,0.009249999999999758,0.0,0.9907500000000002,0.8751987667565243,0.9907500000000002
42,15,120.0,128.0,8.0,1.0,1,0.9939999999999998,0.006000000000000227,0.0,0.9939999999999998,0.8751987667565243,0.9939999999999998
42,16,128.0,136.0,8.0,1.0,1,0.9968749999999993,0.0031250000000007105,0.0,0.9968749999999993,0.8751987667565243,0.9968749999999993
42,17,136.0,144.0,8.0,1.0,1,0.9940000000000033,0.005999999999996675,0.0,0.9940000000000033,0.8751987667565243,0.9940000000000033
42,18,144.0,152.0,8.0,1.0,1,0.5101250000000022,0.48987499999999784,0.0,0.5101250000000022,0.8751987667565243,0.5101250000000022
42,19,152.0,160.0,8.0,1.0,1,0.7748750000000015,0.22512499999999847,0.0,0.7748750000000015,0.8751987667565243,0.7748750000000015
42,20,160.0,168.0,8.0,1.0,1,0.9934999999999974,0.006500000000002615,0.0,0.9934999999999974,0.8751987667565243,0.9934999999999974
42,21,168.0,176.0,8.0,1.0,1,0.9855000000000054,0.014499999999994628,0.0,0.9855000000000054,0.8751987667565243,0.9855000000000054
42,22,176.0,184.0,8.0,1.0,1,0.9836249999999964,0.01637500000000358,0.0,0.9836249999999964,0.8751987667565243,0.9836249999999964
42,23,184.0,192.0,8.0,1.0,1,0.9966250000000016,0.0033749999999983515,0.0,0.9966250000000016,0.8751987667565243,0.9966250000000016
42,24,192.0,200.0,8.0,1.0,1,0.990750000000002,0.009249999999997982,0.0,0.990750000000002,0.8751987667565243,0.990750000000002
42,25,200.0,208.0,8.0,1.0,1,0.9961249999999993,0.003875000000000739,0.0,0.9961249999999993,0.8751987667565243,0.9961249999999993
42,26,208.0,216.0,8.0,1.0,1,0.4037500000000023,0.5962499999999977,0.0,0.4037500000000023,0.8751987667565243,0.4037500000000023
42,27,216.0,224.0,8.0,1.0,1,0.9908749999999991,0.009125000000000938,0.0,0.9908749999999991,0.8751987667565243,0.9908749999999991
42,28,224.0,232.0,8.0,1.0,1,0.9842499999999994,0.015750000000000597,0.0,0.9842499999999994,0.8751987667565243,0.9842499999999994
42,29,232.0,240.0,8.0,1.0,1,0.987874999999999,0.012125000000001052,0.0,0.987874999999999,0.8751987667565243,0.987874999999999
42,30,240.0,248.0,8.0,1.0,1,0.9939999999999998,0.006000000000000227,0.0,0.9939999999999998,0.8751987667565243,0.9939999999999998
42,31,248.0,256.0,8.0,1.0,1,0.9908749999999991,0.009125000000000938,0.0,0.9908749999999991,0.8751987667565243,0.9908749999999991
42,32,256.0,264.0,8.0,1.0,1,0.5538749999999908,0.4461250000000092,0.0,0.5538749999999908,0.8751987667565243,0.5538749999999908
42,33,264.0,272.0,8.0,1.0,1,0.9933750000000003,0.006624999999999659,0.0,0.9933750000000003,0.8751987667565243,0.9933750000000003
42,34,272.0,280.0,8.0,1.0,1,0.9852499999999864,0.014750000000013586,0.0,0.9852499999999864,0.8751987667565243,0.9852499999999864
42,35,280.0,288.0,8.0,1.0,1,0.9967499999999987,0.0032500000000013074,0.0,0.9967499999999987,0.8751987667565243,0.9967499999999987
42,36,288.0,296.0,8.0,1.0,1,0.990000000000002,0.00999999999999801,0.0,0.990000000000002,0.8751987667565243,0.990000000000002
42,37,296.0,304.0,8.0,1.0,1,0.9934999999999974,0.006500000000002615,0.0,0.9934999999999974,0.8751987667565243,0.9934999999999974
42,38,304.0,312.0,8.0,1.0,1,0.9933750000000003,0.006624999999999659,0.0,0.9933750000000003,0.8751987667565243,0.9933750000000003
42,39,312.0,320.0,8.0,1.0,1,0.6668749999999974,0.33312500000000256,0.0,0.6668749999999974,0.8751987667565243,0.6668749999999974
42,40,320.0,328.0,8.0,1.0,1,0.8342499999999973,0.16575000000000273,0.0,0.8342499999999973,0.8751987667565243,0.8342499999999973
42,41,328.0,336.0,8.0,1.0,1,0.9937499999999915,0.0062500000000085265,0.0,0.9937499999999915,0.8751987667565243,0.9937499999999915
42,42,336.0,344.0,8.0,1.0,1,0.21699999999999875,0.7830000000000013,0.0,0.21699999999999875,0.8751987667565243,0.21699999999999875
42,43,344.0,352.0,5.3910000000000196,0.6738750000000024,1,0.028566128733072862,0.9714338712669272,0.0,0.028566128733072862,0.8751987667565243,0.028566128733072862
43,0,0.0,8.0,7.915,0.989375,1,0.9754895767530006,0.024510423246999376,0.0,0.9754895767530006,0.8751987667565243,0.9754895767530006
43,1,8.0,16.0,8.0,1.0,1,0.9909999999999999,0.009000000000000119,0.0,0.9909999999999999,0.8751987667565243,0.9909999999999999
43,2,16.0,24.0,8.0,1.0,1,0.9938749999999996,0.00612500000000038,0.0,0.9938749999999996,0.8751987667565243,0.9938749999999996
43,3,24.0,32.0,8.0,1.0,1,0.9939999999999998,0.006000000000000227,0.0,0.9939999999999998,0.8751987667565243,0.9939999999999998
43,4,32.0,40.0,8.0,1.0,1,0.9907500000000002,0.009249999999999758,0.0,0.9907500000000002,0.8751987667565243,0.9907500000000002
43,5,40.0,48.0,8.0,1.0,1,0.822000000000001,0.17799999999999905,0.0,0.822000000000001,0.8751987667565243,0.822000000000001
43,6,48.0,56.0,8.0,1.0,1,0.5679999999999996,0.4320000000000004,0.0,0.5679999999999996,0.8751987667565243,0.5679999999999996
43,7,56.0,64.0,8.0,1.0,1,0.9898749999999996,0.010125000000000384,0.0,0.9898749999999996,0.8751987667565243,0.9898749999999996
43,8,64.0,72.0,8.0,1.0,1,0.9849999999999994,0.015000000000000568,0.0,0.9849999999999994,0.8751987667565243,0.9849999999999994
43,9,72.0,80.0,8.0,1.0,1,0.9902499999999996,0.00975000000000037,0.0,0.9902499999999996,0.8751987667565243,0.9902499999999996
43,10,80.0,88.0,8.0,1.0,1,0.990124999999999,0.009875000000000966,0.0,0.990124999999999,0.8751987667565243,0.990124999999999
43,11,88.0,96.0,8.0,1.0,1,0.983625,0.01637500000000003,0.0,0.983625,0.8751987667565243,0.983625
43,12,96.0,104.0,8.0,1.0,1,0.527000000000001,0.472999999999999,0.0,0.527000000000001,0.8751987667565243,0.527000000000001
43,13,104.0,112.0,8.0,1.0,1,0.9936250000000015,0.006374999999998465,0.0,0.9936250000000015,0.8751987667565243,0.9936250000000015
43,14,112.0,120.0,8.0,1.0,1,0.9864999999999995,0.013500000000000512,0.0,0.9864999999999995,0.8751987667565243,0.9864999999999995
43,15,120.0,128.0,8.0,1.0,1,0.9888749999999984,0.011125000000001606,0.0,0.9888749999999984,0.8751987667565243,0.9888749999999984
43,16,128.0,136.0,8.0,1.0,1,0.9926250000000039,0.007374999999996135,0.0,0.9926250000000039,0.8751987667565243,0.9926250000000039
43,17,136.0,144.0,8.0,1.0,1,0.9877499999999984,0.012250000000001648,0.0,0.9877499999999984,0.8751987667565243,0.9877499999999984
43,18,144.0,152.0,8.0,1.0,1,0.7767499999999998,0.22325000000000017,0.0,0.7767499999999998,0.8751987667565243,0.7767499999999998
43,19,152.0,160.0,8.0,1.0,1,0.5641250000000007,0.43587499999999935,0.0,0.5641250000000007,0.8751987667565243,0.5641250000000007
43,20,160.0,168.0,8.0,1.0,1,0.9935000000000009,0.006499999999999062,0.0,0.9935000000000009,0.8751987667565243,0.9935000000000009
43,21,168.0,176.0,8.0,1.0,1,0.9889999999999937,0.011000000000006338,0.0,0.9889999999999937,0.8751987667565243,0.9889999999999937
43,22,176.0,184.0,8.0,1.0,1,0.9934999999999974,0.006500000000002615,0.0,0.9934999999999974,0.8751987667565243,0.9934999999999974
43,23,184.0,192.0,8.0,1.0,1,0.9934999999999974,0.006500000000002615,0.0,0.9934999999999974,0.8751987667565243,0.9934999999999974
43,24,192.0,200.0,8.0,1.0,1,0.9932499999999962,0.0067500000000038085,0.0,0.9932499999999962,0.8751987667565243,0.9932499999999962
43,25,200.0,208.0,8.0,1.0,1,0.9933749999999968,0.006625000000003212,0.0,0.9933749999999968,0.8751987667565243,0.9933749999999968
43,26,208.0,216.0,8.0,1.0,1,0.9966249999999981,0.0033750000000019043,0.0,0.9966249999999981,0.8751987667565243,0.9966249999999981
43,27,216.0,224.0,8.0,1.0,1,0.9901249999999955,0.009875000000004519,0.0,0.9901249999999955,0.8751987667565243,0.9901249999999955
43,28,224.0,232.0,8.0,1.0,1,0.39225000000000065,0.6077499999999993,0.0,0.39225000000000065,0.8751987667565243,0.39225000000000065
43,29,232.0,240.0,8.0,1.0,1,0.9967500000000022,0.0032499999999977547,0.0,0.9967500000000022,0.8751987667565243,0.9967500000000022
43,30,240.0,248.0,8.0,1.0,1,0.9939999999999998,0.006000000000000227,0.0,0.9939999999999998,0.8751987667565243,0.9939999999999998
43,31,248.0,256.0,8.0,1.0,1,0.9873750000000001,0.012624999999999886,0.0,0.9873750000000001,0.8751987667565243,0.9873750000000001
43,32,256.0,264.0,8.0,1.0,1,0.9879999999999995,0.012000000000000455,0.0,0.9879999999999995,0.8751987667565243,0.9879999999999995
43,33,264.0,272.0,8.0,1.0,1,0.9939999999999998,0.006000000000000227,0.0,0.9939999999999998,0.8751987667565243,0.9939999999999998
43,34,272.0,280.0,8.0,1.0,1,0.9909999999999997,0.009000000000000341,0.0,0.9909999999999997,0.8751987667565243,0.9909999999999997
43,35,280.0,288.0,8.0,1.0,1,0.6589999999999989,0.3410000000000011,0.0,0.6589999999999989,0.8751987667565243,0.6589999999999989
43,36,288.0,296.0,8.0,1.0,1,0.8907499999999899,0.10925000000001006,0.0,0.8907499999999899,0.8751987667565243,0.8907499999999899
43,37,296.0,304.0,8.0,1.0,1,0.9887500000000031,0.011249999999996874,0.0,0.9887500000000031,0.8751987667565243,0.9887500000000031
43,38,304.0,312.0,8.0,1.0,1,0.9833749999999952,0.016625000000004775,0.0,0.9833749999999952,0.8751987667565243,0.9833749999999952
43,39,312.0,320.0,8.0,1.0,1,0.9902500000000032,0.009749999999996817,0.0,0.9902500000000032,0.8751987667565243,0.9902500000000032
43,40,320.0,328.0,8.0,1.0,1,0.9867499999999936,0.013250000000006423,0.0,0.9867499999999936,0.8751987667565243,0.9867499999999936
43,41,328.0,336.0,8.0,1.0,1,0.7043749999999989,0.29562500000000114,0.0,0.7043749999999989,0.8751987667565243,0.7043749999999989
43,42,336.0,344.0,8.0,1.0,1,0.583750000000002,0.416249999999998,0.0,0.583750000000002,0.8751987667565243,0.583750000000002
43,43,344.0,352.0,4.677999999999997,0.5847499999999997,1,0.044890979050872096,0.9551090209491279,0.0,0.044890979050872096,0.8751987667565243,0.044890979050872096
44,0,0.0,8.0,7.877,0.984625,1,0.972324489018662,0.027675510981338077,0.0,0.972324489018662,0.8751987667565243,0.972324489018662
44,1,8.0,16.0,8.0,1.0,1,0.9906249999999999,0.009375000000000133,0.0,0.9906249999999999,0.8751987667565243,0.9906249999999999
44,2,16.0,24.0,8.0,1.0,1,0.9910000000000005,0.008999999999999453,0.0,0.9910000000000005,0.8751987667565243,0.9910000000000005
44,3,24.0,32.0,8.0,1.0,1,0.9907499999999998,0.009250000000000203,0.0,0.9907499999999998,0.8751987667565243,0.9907499999999998
44,4,32.0,40.0,8.0,1.0,1,0.7868750000000002,0.2131249999999998,0.0,0.7868750000000002,0.8751987667565243,0.7868750000000002
44,5,40.0,48.0,8.0,1.0,1,0.7634999999999996,0.23650000000000038,0.0,0.7634999999999996,0.8751987667565243,0.7634999999999996
44,6,48.0,56.0,8.0,1.0,1,0.9850000000000003,0.01499999999999968,0.0,0.9850000000000003,0.8751987667565243,0.9850000000000003
44,7,56.0,64.0,8.0,1.0,1,0.9901250000000008,0.00987499999999919,0.0,0.9901250000000008,0.8751987667565243,0.9901250000000008
44,8,64.0,72.0,8.0,1.0,1,0.990000000000002,0.00999999999999801,0.0,0.990000000000002,0.8751987667565243,0.990000000000002
44,9,72.0,80.0,8.0,1.0,1,0.990124999999999,0.009875000000000966,0.0,0.990124999999999,0.8751987667565243,0.990124999999999
44,10,80.0,88.0,8.0,1.0,1,0.9900000000000002,0.009999999999999787,0.0,0.9900000000000002,0.8751987667565243,0.9900000000000002
44,11,88.0,96.0,8.0,1.0,1,0.5016249999999989,0.4983750000000011,0.0,0.5016249999999989,0.8751987667565243,0.5016249999999989
44,12,96.0,104.0,8.0,1.0,1,0.730875000000001,0.26912499999999895,0.0,0.730875000000001,0.8751987667565243,0.730875000000001
44,13,104.0,112.0,8.0,1.0,1,0.9834999999999976,0.0165000000000024,0.0,0.9834999999999976,0.8751987667565243,0.9834999999999976
44,14,112.0,120.0,8.0,1.0,1,0.9940000000000015,0.005999999999998451,0.0,0.9940000000000015,0.8751987667565243,0.9940000000000015
44,15,120.0,128.0,8.0,1.0,1,0.9968749999999993,0.0031250000000007105,0.0,0.9968749999999993,0.8751987667565243,0.9968749999999993
44,16,128.0,136.0,8.0,1.0,1,0.9968749999999993,0.0031250000000007105,0.0,0.9968749999999993,0.8751987667565243,0.9968749999999993
44,17,136.0,144.0,8.0,1.0,1,0.9908750000000026,0.009124999999997385,0.0,0.9908750000000026,0.8751987667565243,0.9908750000000026
44,18,144.0,152.0,8.0,1.0,1,0.9939999999999998,0.006000000000000227,0.0,0.9939999999999998,0.8751987667565243,0.9939999999999998
44,19,152.0,160.0,8.0,1.0,1,0.7863749999999996,0.2136250000000004,0.0,0.7863749999999996,0.8751987667565243,0.7863749999999996
44,20,160.0,168.0,8.0,1.0,1,0.006999999999997897,0.9930000000000021,0.0,0.006999999999997897,0.8751987667565243,0.006999999999997897
44,21,168.0,176.0,8.0,1.0,1,0.9579999999999984,0.04200000000000159,0.0,0.9579999999999984,0.8751987667565243,0.9579999999999984
44,22,176.0,184.0,8.0,1.0,1,0.9934999999999974,0.006500000000002615,0.0,0.9934999999999974,0.8751987667565243,0.9934999999999974
44,23,184.0,192.0,8.0,1.0,1,0.9823750000000082,0.017624999999991786,0.0,0.9823750000000082,0.8751987667565243,0.9823750000000082
44,24,192.0,200.0,8.0,1.0,1,0.9966250000000016,0.0033749999999983515,0.0,0.9966250000000016,0.8751987667565243,0.9966250000000016
44,25,200.0,208.0,8.0,1.0,1,0.9933750000000003,0.006624999999999659,0.0,0.9933750000000003,0.8751987667565243,0.9933750000000003
44,26,208.0,216.0,8.0,1.0,1,0.9899999999999984,0.010000000000001563,0.0,0.9899999999999984,0.8751987667565243,0.9899999999999984
44,27,216.0,224.0,8.0,1.0,1,0.9901250000000061,0.009874999999993861,0.0,0.9901250000000061,0.8751987667565243,0.9901250000000061
44,28,224.0,232.0,8.0,1.0,1,0.11749999999999972,0.8825000000000003,0.0,0.11749999999999972,0.8751987667565243,0.11749999999999972
44,29,232.0,240.0,8.0,1.0,1,0.7109999999999985,0.2890000000000015,0.0,0.7109999999999985,0.8751987667565243,0.7109999999999985
44,30,240.0,248.0,8.0,1.0,1,0.9908749999999991,0.009125000000000938,0.0,0.9908749999999991,0.8751987667565243,0.9908749999999991
44,31,248.0,256.0,8.0,1.0,1,0.9856249999999989,0.014375000000001137,0.0,0.9856249999999989,0.8751987667565243,0.9856249999999989
44,32,256.0,264.0,8.0,1.0,1,0.9939999999999998,0.006000000000000227,0.0,0.9939999999999998,0.8751987667565243,0.9939999999999998
44,33,264.0,272.0,8.0,1.0,1,0.9939999999999998,0.006000000000000227,0.0,0.9939999999999998,0.8751987667565243,0.9939999999999998
44,34,272.0,280.0,8.0,1.0,1,0.9909999999999997,0.009000000000000341,0.0,0.9909999999999997,0.8751987667565243,0.9909999999999997
44,35,280.0,288.0,8.0,1.0,1,0.8909999999999982,0.10900000000000176,0.0,0.8909999999999982,0.8751987667565243,0.8909999999999982
44,36,288.0,296.0,8.0,1.0,1,0.10674999999999812,0.8932500000000019,0.0,0.10674999999999812,0.8751987667565243,0.10674999999999812
44,37,296.0,304.0,8.0,1.0,1,0.9932500000000033,0.006749999999996703,0.0,0.9932500000000033,0.8751987667565243,0.9932500000000033
44,38,304.0,312.0,8.0,1.0,1,0.9851249999999965,0.014875000000003524,0.0,0.9851249999999965,0.8751987667565243,0.9851249999999965
44,39,312.0,320.0,8.0,1.0,1,0.9902499999999961,0.009750000000003922,0.0,0.9902499999999961,0.8751987667565243,0.9902499999999961
44,40,320.0,328.0,8.0,1.0,1,0.9933750000000003,0.006624999999999659,0.0,0.9933750000000003,0.8751987667565243,0.9933750000000003
44,41,328.0,336.0,8.0,1.0,1,0.9933750000000003,0.006624999999999659,0.0,0.9933750000000003,0.8751987667565243,0.9933750000000003
44,42,336.0,344.0,8.0,1.0,1,0.9931249999999991,0.006875000000000853,0.0,0.9931249999999991,0.8751987667565243,0.9931249999999991
44,43,344.0,352.0,8.0,1.0,1,0.9933750000000003,0.006624999999999659,0.0,0.9933750000000003,0.8751987667565243,0.9933750000000003
44,44,352.0,360.0,8.0,1.0,1,0.4808749999999975,0.5191250000000025,0.0,0.4808749999999975,0.8751987667565243,0.4808749999999975
44,45,360.0,368.0,8.0,1.0,1,0.43687499999999346,0.5631250000000065,0.0,0.43687499999999346,0.8751987667565243,0.43687499999999346
44,46,368.0,376.0,8.0,1.0,1,0.9939999999999998,0.006000000000000227,0.0,0.9939999999999998,0.8751987667565243,0.9939999999999998
44,47,376.0,384.0,8.0,1.0,1,0.7101249999999979,0.2898750000000021,0.0,0.7101249999999979,0.8751987667565243,0.7101249999999979
44,48,384.0,392.0,8.0,1.0,1,0.006250000000001421,0.9937499999999986,0.0,0.006250000000001421,0.8751987667565243,0.006250000000001421
44,49,392.0,400.0,8.0,1.0,1,0.013250000000006423,0.9867499999999936,0.0,0.013250000000006423,0.8751987667565243,0.013250000000006423
44,50,400.0,408.0,5.271000000000015,0.6588750000000019,1,0.020110036046289935,0.9798899639537101,0.0,0.020110036046289935,0.8751987667565243,0.020110036046289935
45,0,0.0,8.0,7.896,0.987,1,0.9723910840932117,0.027608915906788257,0.0,0.9723910840932117,0.8751987667565243,0.9723910840932117
45,1,8.0,16.0,8.0,1.0,1,0.99075,0.00924999999999998,0.0,0.99075,0.8751987667565243,0.99075
45,2,16.0,24.0,8.0,1.0,1,0.9910000000000005,0.008999999999999453,0.0,0.9910000000000005,0.8751987667565243,0.9910000000000005
45,3,24.0,32.0,8.0,1.0,1,0.9938750000000005,0.006124999999999492,0.0,0.9938750000000005,0.8751987667565243,0.9938750000000005
45,4,32.0,40.0,8.0,1.0,1,0.9938750000000001,0.006124999999999936,0.0,0.9938750000000001,0.8751987667565243,0.9938750000000001
45,5,40.0,48.0,8.0,1.0,1,0.616625,0.383375,0.0,0.616625,0.8751987667565243,0.616625
45,6,48.0,56.0,8.0,1.0,1,0.4945000000000004,0.5054999999999996,0.0,0.4945000000000004,0.8751987667565243,0.4945000000000004
45,7,56.0,64.0,8.0,1.0,1,0.981749999999999,0.018250000000000988,0.0,0.981749999999999,0.8751987667565243,0.981749999999999
45,8,64.0,72.0,8.0,1.0,1,0.9932499999999997,0.006750000000000256,0.0,0.9932499999999997,0.8751987667565243,0.9932499999999997
45,9,72.0,80.0,8.0,1.0,1,0.9802500000000016,0.01974999999999838,0.0,0.9802500000000016,0.8751987667565243,0.9802500000000016
45,10,80.0,88.0,8.0,1.0,1,0.9902499999999996,0.00975000000000037,0.0,0.9902499999999996,0.8751987667565243,0.9902499999999996
45,11,88.0,96.0,8.0,1.0,1,0.9967500000000005,0.003249999999999531,0.0,0.9967500000000005,0.8751987667565243,0.9967500000000005
45,12,96.0,104.0,8.0,1.0,1,0.2681249999999995,0.7318750000000005,0.0,0.2681249999999995,0.8751987667565243,0.2681249999999995
45,13,104.0,112.0,8.0,1.0,1,0.9873750000000019,0.01262499999999811,0.0,0.9873750000000019,0.8751987667565243,0.9873750000000019
45,14,112.0,120.0,8.0,1.0,1,0.9894999999999978,0.010500000000002174,0.0,0.9894999999999978,0.8751987667565243,0.9894999999999978
45,15,120.0,128.0,8.0,1.0,1,0.987874999999999,0.012125000000001052,0.0,0.987874999999999,0.8751987667565243,0.987874999999999
45,16,128.0,136.0,8.0,1.0,1,0.9909999999999997,0.009000000000000341,0.0,0.9909999999999997,0.8751987667565243,0.9909999999999997
45,17,136.0,144.0,8.0,1.0,1,0.9908749999999991,0.009125000000000938,0.0,0.9908749999999991,0.8751987667565243,0.9908749999999991
45,18,144.0,152.0,8.0,1.0,1,0.744250000000001,0.25574999999999903,0.0,0.744250000000001,0.8751987667565243,0.744250000000001
45,19,152.0,160.0,8.0,1.0,1,0.32462500000000105,0.675374999999999,0.0,0.32462500000000105,0.8751987667565243,0.32462500000000105
45,20,160.0,168.0,8.0,1.0,1,0.9866250000000001,0.013374999999999915,0.0,0.9866250000000001,0.8751987667565243,0.9866250000000001
45,21,168.0,176.0,8.0,1.0,1,0.9888750000000002,0.01112499999999983,0.0,0.9888750000000002,0.8751987667565243,0.9888750000000002
45,22,176.0,184.0,8.0,1.0,1,0.9933749999999968,0.006625000000003212,0.0,0.9933749999999968,0.8751987667565243,0.9933749999999968
45,23,184.0,192.0,8.0,1.0,1,0.9934999999999974,0.006500000000002615,0.0,0.9934999999999974,0.8751987667565243,0.9934999999999974
45,24,192.0,200.0,8.0,1.0,1,0.9899999999999984,0.010000000000001563,0.0,0.9899999999999984,0.8751987667565243,0.9899999999999984
45,25,200.0,208.0,8.0,1.0,1,0.9901250000000026,0.009874999999997414,0.0,0.9901250000000026,0.8751987667565243,0.9901250000000026
45,26,208.0,216.0,8.0,1.0,1,0.8808749999999996,0.11912500000000037,0.0,0.8808749999999996,0.8751987667565243,0.8808749999999996
45,27,216.0,224.0,8.0,1.0,1,0.12275000000000347,0.8772499999999965,0.0,0.12275000000000347,0.8751987667565243,0.12275000000000347
45,28,224.0,232.0,8.0,1.0,1,0.9876249999999978,0.012375000000002245,0.0,0.9876249999999978,0.8751987667565243,0.9876249999999978
45,29,232.0,240.0,8.0,1.0,1,0.9873750000000001,0.012624999999999886,0.0,0.9873750000000001,0.8751987667565243,0.9873750000000001
45,30,240.0,248.0,8.0,1.0,1,0.9969999999999999,0.0030000000000001137,0.0,0.9969999999999999,0.8751987667565243,0.9969999999999999
45,31,248.0,256.0,8.0,1.0,1,0.9849999999999994,0.015000000000000568,0.0,0.9849999999999994,0.8751987667565243,0.9849999999999994
45,32,256.0,264.0,8.0,1.0,1,0.9907499999999914,0.00925000000000864,0.0,0.9907499999999914,0.8751987667565243,0.9907499999999914
45,33,264.0,272.0,8.0,1.0,1,0.994250000000001,0.005749999999999034,0.0,0.994250000000001,0.8751987667565243,0.994250000000001
45,34,272.0,280.0,8.0,1.0,1,0.4022500000000022,0.5977499999999978,0.0,0.4022500000000022,0.8751987667565243,0.4022500000000022
45,35,280.0,288.0,8.0,1.0,1,0.9783750000000069,0.021624999999993122,0.0,0.9783750000000069,0.8751987667565243,0.9783750000000069
45,36,288.0,296.0,8.0,1.0,1,0.9902499999999961,0.009750000000003922,0.0,0.9902499999999961,0.8751987667565243,0.9902499999999961
45,37,296.0,304.0,8.0,1.0,1,0.9833750000000023,0.01662499999999767,0.0,0.9833750000000023,0.8751987667565243,0.9833750000000023
45,38,304.0,312.0,8.0,1.0,1,0.9934999999999974,0.006500000000002615,0.0,0.9934999999999974,0.8751987667565243,0.9934999999999974
45,39,312.0,320.0,8.0,1.0,1,0.8146249999999995,0.1853750000000005,0.0,0.8146249999999995,0.8751987667565243,0.8146249999999995
45,40,320.0,328.0,8.0,1.0,1,0.7245000000000061,0.27549999999999386,0.0,0.7245000000000061,0.8751987667565243,0.7245000000000061
45,41,328.0,336.0,8.0,1.0,1,0.4224999999999923,0.5775000000000077,0.0,0.4224999999999923,0.8751987667565243,0.4224999999999923
45,42,336.0,344.0,6.954999999999984,0.869374999999998,1,0.02228612508987588,0.9777138749101241,0.0,0.02228612508987588,0.8751987667565243,0.02228612508987588
46,0,0.0,8.0,7.893,0.986625,1,0.9693399214493855,0.030660078550614474,0.0,0.9693399214493855,0.8751987667565243,0.9693399214493855
46,1,8.0,16.0,8.0,1.0,1,0.9937499999999999,0.006250000000000089,0.0,0.9937499999999999,0.8751987667565243,0.9937499999999999
46,2,16.0,24.0,8.0,1.0,1,0.9909999999999997,0.009000000000000341,0.0,0.9909999999999997,0.8751987667565243,0.9909999999999997
46,3,24.0,32.0,8.0,1.0,1,0.990875,0.00912500000000005,0.0,0.990875,0.8751987667565243,0.990875
46,4,32.0,40.0,8.0,1.0,1,0.5756249999999996,0.4243750000000004,0.0,0.5756249999999996,0.8751987667565243,0.5756249999999996
46,5,40.0,48.0,8.0,1.0,1,0.9073749999999992,0.09262500000000085,0.0,0.9073749999999992,0.8751987667565243,0.9073749999999992
46,6,48.0,56.0,8.0,1.0,1,0.9847500000000009,0.015249999999999098,0.0,0.9847500000000009,0.8751987667565243,0.9847500000000009
46,7,56.0,64.0,8.0,1.0,1,0.9901250000000008,0.00987499999999919,0.0,0.9901250000000008,0.8751987667565243,0.9901250000000008
46,8,64.0,72.0,8.0,1.0,1,0.9933750000000003,0.006624999999999659,0.0,0.9933750000000003,0.8751987667565243,0.9933750000000003
46,9,72.0,80.0,8.0,1.0,1,0.9933750000000003,0.006624999999999659,0.0,0.9933750000000003,0.8751987667565243,0.9933750000000003
46,10,80.0,88.0,8.0,1.0,1,0.9934999999999992,0.0065000000000008384,0.0,0.9934999999999992,0.8751987667565243,0.9934999999999992
46,11,88.0,96.0,8.0,1.0,1,0.38849999999999874,0.6115000000000013,0.0,0.38849999999999874,0.8751987667565243,0.38849999999999874
46,12,96.0,104.0,8.0,1.0,1,0.9905000000000008,0.009499999999999176,0.0,0.9905000000000008,0.8751987667565243,0.9905000000000008
46,13,104.0,112.0,8.0,1.0,1,0.9836249999999982,0.016375000000001805,0.0,0.9836249999999982,0.8751987667565243,0.9836249999999982
46,14,112.0,120.0,8.0,1.0,1,0.9909999999999997,0.009000000000000341,0.0,0.9909999999999997,0.8751987667565243,0.9909999999999997
46,15,120.0,128.0,8.0,1.0,1,0.993875000000001,0.006124999999999048,0.0,0.993875000000001,0.8751987667565243,0.993875000000001
46,16,128.0,136.0,8.0,1.0,1,0.9938749999999992,0.006125000000000824,0.0,0.9938749999999992,0.8751987667565243,0.9938749999999992
46,17,136.0,144.0,8.0,1.0,1,0.9969999999999999,0.0030000000000001137,0.0,0.9969999999999999,0.8751987667565243,0.9969999999999999
46,18,144.0,152.0,8.0,1.0,1,0.9939999999999998,0.006000000000000227,0.0,0.9939999999999998,0.8751987667565243,0.9939999999999998
46,19,152.0,160.0,8.0,1.0,1,0.46525000000000105,0.534749999999999,0.0,0.46525000000000105,0.8751987667565243,0.46525000000000105
46,20,160.0,168.0,8.0,1.0,1,0.9898749999999943,0.010125000000005713,0.0,0.9898749999999943,0.8751987667565243,0.9898749999999943
46,21,168.0,176.0,8.0,1.0,1,0.9852500000000077,0.01474999999999227,0.0,0.9852500000000077,0.8751987667565243,0.9852500000000077
46,22,176.0,184.0,8.0,1.0,1,0.9833750000000059,0.016624999999994117,0.0,0.9833750000000059,0.8751987667565243,0.9833750000000059
46,23,184.0,192.0,8.0,1.0,1,0.9933750000000003,0.006624999999999659,0.0,0.9933750000000003,0.8751987667565243,0.9933750000000003
46,24,192.0,200.0,8.0,1.0,1,0.9933749999999968,0.006625000000003212,0.0,0.9933749999999968,0.8751987667565243,0.9933749999999968
46,25,200.0,208.0,8.0,1.0,1,0.9933750000000003,0.006624999999999659,0.0,0.9933750000000003,0.8751987667565243,0.9933750000000003
46,26,208.0,216.0,8.0,1.0,1,0.35300000000000153,0.6469999999999985,0.0,0.35300000000000153,0.8751987667565243,0.35300000000000153
46,27,216.0,224.0,8.0,1.0,1,0.9876249999999978,0.012375000000002245,0.0,0.9876249999999978,0.8751987667565243,0.9876249999999978
46,28,224.0,232.0,8.0,1.0,1,0.9857499999999995,0.01425000000000054,0.0,0.9857499999999995,0.8751987667565243,0.9857499999999995
46,29,232.0,240.0,8.0,1.0,1,0.987874999999999,0.012125000000001052,0.0,0.987874999999999,0.8751987667565243,0.987874999999999
46,30,240.0,248.0,8.0,1.0,1,0.9939999999999998,0.006000000000000227,0.0,0.9939999999999998,0.8751987667565243,0.9939999999999998
46,31,248.0,256.0,8.0,1.0,1,0.9908749999999991,0.009125000000000938,0.0,0.9908749999999991,0.8751987667565243,0.9908749999999991
46,32,256.0,264.0,8.0,1.0,1,0.7489999999999952,0.2510000000000048,0.0,0.7489999999999952,0.8751987667565243,0.7489999999999952
46,33,264.0,272.0,8.0,1.0,1,0.9932499999999962,0.0067500000000038085,0.0,0.9932499999999962,0.8751987667565243,0.9932499999999962
46,34,272.0,280.0,8.0,1.0,1,0.9933749999999932,0.006625000000006764,0.0,0.9933749999999932,0.8751987667565243,0.9933749999999932
46,35,280.0,288.0,8.0,1.0,1,0.9850000000000065,0.014999999999993463,0.0,0.9850000000000065,0.8751987667565243,0.9850000000000065
46,36,288.0,296.0,8.0,1.0,1,0.990000000000002,0.00999999999999801,0.0,0.990000000000002,0.8751987667565243,0.990000000000002
46,37,296.0,304.0,8.0,1.0,1,0.9967499999999987,0.0032500000000013074,0.0,0.9967499999999987,0.8751987667565243,0.9967499999999987
46,38,304.0,312.0,8.0,1.0,1,0.9934999999999974,0.006500000000002615,0.0,0.9934999999999974,0.8751987667565243,0.9934999999999974
46,39,312.0,320.0,8.0,1.0,1,0.990124999999999,0.009875000000000966,0.0,0.990124999999999,0.8751987667565243,0.990124999999999
46,40,320.0,328.0,8.0,1.0,1,0.9967499999999987,0.0032500000000013074,0.0,0.9967499999999987,0.8751987667565243,0.9967499999999987
46,41,328.0,336.0,8.0,1.0,1,0.5253749999999968,0.4746250000000032,0.0,0.5253749999999968,0.8751987667565243,0.5253749999999968
46,42,336.0,344.0,8.0,1.0,1,0.9936250000000015,0.006374999999998465,0.0,0.9936250000000015,0.8751987667565243,0.9936250000000015
46,43,344.0,352.0,8.0,1.0,1,0.9938749999999956,0.006125000000004377,0.0,0.9938749999999956,0.8751987667565243,0.9938749999999956
46,44,352.0,360.0,8.0,1.0,1,0.17850000000000676,0.8214999999999932,0.0,0.17850000000000676,0.8751987667565243,0.17850000000000676
46,45,360.0,368.0,3.812999999999988,0.4766249999999985,1,0.027799632835036683,0.9722003671649633,0.0,0.027799632835036683,0.8751987667565243,0.027799632835036683
47,0,0.0,8.0,7.89,0.98625,1,0.9754119138149556,0.024588086185044357,0.0,0.9754119138149556,0.8751987667565243,0.9754119138149556
47,1,8.0,16.0,8.0,1.0,1,0.994,0.006000000000000005,0.0,0.994,0.8751987667565243,0.994
47,2,16.0,24.0,8.0,1.0,1,0.9939999999999998,0.006000000000000227,0.0,0.9939999999999998,0.8751987667565243,0.9939999999999998
47,3,24.0,32.0,8.0,1.0,1,0.9939999999999998,0.006000000000000227,0.0,0.9939999999999998,0.8751987667565243,0.9939999999999998
47,4,32.0,40.0,8.0,1.0,1,0.987750000000001,0.012249999999998984,0.0,0.987750000000001,0.8751987667565243,0.987750000000001
47,5,40.0,48.0,8.0,1.0,1,0.9968749999999993,0.0031250000000007105,0.0,0.9968749999999993,0.8751987667565243,0.9968749999999993
47,6,48.0,56.0,8.0,1.0,1,0.20487500000000036,0.7951249999999996,0.0,0.20487500000000036,0.8751987667565243,0.20487500000000036
47,7,56.0,64.0,8.0,1.0,1,0.993125,0.0068749999999999645,0.0,0.993125,0.8751987667565243,0.993125
47,8,64.0,72.0,8.0,1.0,1,0.9967500000000005,0.003249999999999531,0.0,0.9967500000000005,0.8751987667565243,0.9967500000000005
47,9,72.0,80.0,8.0,1.0,1,0.9848749999999988,0.015125000000001165,0.0,0.9848749999999988,0.8751987667565243,0.9848749999999988
47,10,80.0,88.0,8.0,1.0,1,0.990124999999999,0.009875000000000966,0.0,0.990124999999999,0.8751987667565243,0.990124999999999
47,11,88.0,96.0,8.0,1.0,1,0.9902500000000014,0.009749999999998593,0.0,0.9902500000000014,0.8751987667565243,0.9902500000000014
47,12,96.0,104.0,8.0,1.0,1,0.9833749999999988,0.016625000000001222,0.0,0.9833749999999988,0.8751987667565243,0.9833749999999988
47,13,104.0,112.0,8.0,1.0,1,0.43087499999999856,0.5691250000000014,0.0,0.43087499999999856,0.8751987667565243,0.43087499999999856
47,14,112.0,120.0,8.0,1.0,1,0.9936249999999998,0.006375000000000242,0.0,0.9936249999999998,0.8751987667565243,0.9936249999999998
47,15,120.0,128.0,8.0,1.0,1,0.9940000000000015,0.005999999999998451,0.0,0.9940000000000015,0.8751987667565243,0.9940000000000015
47,16,128.0,136.0,8.0,1.0,1,0.9872500000000031,0.01274999999999693,0.0,0.9872500000000031,0.8751987667565243,0.9872500000000031
47,17,136.0,144.0,8.0,1.0,1,0.9908749999999991,0.009125000000000938,0.0,0.9908749999999991,0.8751987667565243,0.9908749999999991
47,18,144.0,152.0,8.0,1.0,1,0.9939999999999998,0.006000000000000227,0.0,0.9939999999999998,0.8751987667565243,0.9939999999999998
47,19,152.0,160.0,8.0,1.0,1,0.987874999999999,0.012125000000001052,0.0,0.987874999999999,0.8751987667565243,0.987874999999999
47,20,160.0,168.0,8.0,1.0,1,0.7334999999999994,0.2665000000000006,0.0,0.7334999999999994,0.8751987667565243,0.7334999999999994
47,21,168.0,176.0,8.0,1.0,1,0.20137499999999875,0.7986250000000013,0.0,0.20137499999999875,0.8751987667565243,0.20137499999999875
47,22,176.0,184.0,8.0,1.0,1,0.9931250000000027,0.0068749999999973,0.0,0.9931250000000027,0.8751987667565243,0.9931250000000027
47,23,184.0,192.0,8.0,1.0,1,0.9933749999999968,0.006625000000003212,0.0,0.9933749999999968,0.8751987667565243,0.9933749999999968
47,24,192.0,200.0,8.0,1.0,1,0.9851250000000071,0.014874999999992866,0.0,0.9851250000000071,0.8751987667565243,0.9851250000000071
47,25,200.0,208.0,8.0,1.0,1,0.9967499999999987,0.0032500000000013074,0.0,0.9967499999999987,0.8751987667565243,0.9967499999999987
47,26,208.0,216.0,8.0,1.0,1,0.990000000000002,0.00999999999999801,0.0,0.990000000000002,0.8751987667565243,0.990000000000002
47,27,216.0,224.0,8.0,1.0,1,0.9901250000000026,0.009874999999997414,0.0,0.9901250000000026,0.8751987667565243,0.9901250000000026
47,28,224.0,232.0,8.0,1.0,1,0.9902499999999996,0.00975000000000037,0.0,0.9902499999999996,0.8751987667565243,0.9902499999999996
47,29,232.0,240.0,8.0,1.0,1,0.5606249999999982,0.43937500000000185,0.0,0.5606249999999982,0.8751987667565243,0.5606249999999982
47,30,240.0,248.0,8.0,1.0,1,0.9053750000000029,0.09462499999999707,0.0,0.9053750000000029,0.8751987667565243,0.9053750000000029
47,31,248.0,256.0,8.0,1.0,1,0.9939999999999998,0.006000000000000227,0.0,0.9939999999999998,0.8751987667565243,0.9939999999999998
47,32,256.0,264.0,8.0,1.0,1,0.9902500000000032,0.009749999999996817,0.0,0.9902500000000032,0.8751987667565243,0.9902500000000032
47,33,264.0,272.0,8.0,1.0,1,0.9939999999999998,0.006000000000000227,0.0,0.9939999999999998,0.8751987667565243,0.9939999999999998
47,34,272.0,280.0,8.0,1.0,1,0.9878749999999954,0.012125000000004604,0.0,0.9878749999999954,0.8751987667565243,0.9878749999999954
47,35,280.0,288.0,8.0,1.0,1,0.9877500000000055,0.012249999999994543,0.0,0.9877500000000055,0.8751987667565243,0.9877500000000055
47,36,288.0,296.0,8.0,1.0,1,0.569500000000005,0.430499999999995,0.0,0.569500000000005,0.8751987667565243,0.569500000000005
47,37,296.0,304.0,8.0,1.0,1,0.5962500000000048,0.40374999999999517,0.0,0.5962500000000048,0.8751987667565243,0.5962500000000048
47,38,304.0,312.0,8.0,1.0,1,0.9924999999999997,0.007500000000000284,0.0,0.9924999999999997,0.8751987667565243,0.9924999999999997
47,39,312.0,320.0,8.0,1.0,1,0.981874999999981,0.018125000000019043,0.0,0.981874999999981,0.8751987667565243,0.981874999999981
47,40,320.0,328.0,8.0,1.0,1,0.9933749999999932,0.006625000000006764,0.0,0.9933749999999932,0.8751987667565243,0.9933749999999932
47,41,328.0,336.0,8.0,1.0,1,0.9832499999999982,0.01675000000000182,0.0,0.9832499999999982,0.8751987667565243,0.9832499999999982
47,42,336.0,344.0,8.0,1.0,1,0.9347500000000011,0.06524999999999892,0.0,0.9347500000000011,0.8751987667565243,0.9347500000000011
47,43,344.0,352.0,8.0,1.0,1,0.6992499999999993,0.30075000000000074,0.0,0.6992499999999993,0.8751987667565243,0.6992499999999993
47,44,352.0,360.0,8.0,1.0,1,0.9908749999999955,0.00912500000000449,0.0,0.9908749999999955,0.8751987667565243,0.9908749999999955
47,45,360.0,368.0,8.0,1.0,1,0.07174999999999443,0.9282500000000056,0.0,0.07174999999999443,0.8751987667565243,0.07174999999999443
47,46,368.0,376.0,5.726999999999975,0.7158749999999969,1,0.018334206390773843,0.9816657936092261,0.0,0.018334206390773843,0.8751987667565243,0.018334206390773843
48,0,0.0,8.0,7.87,0.98375,1,0.9706480304955526,0.02935196950444727,1.1285621597206166e-16,0.9706480304955526,0.8751987667565243,0.9706480304955526
48,1,8.0,16.0,8.0,1.0,1,0.9937500000000001,0.006249999999999867,0.0,0.9937500000000001,0.8751987667565243,0.9937500000000001
48,2,16.0,24.0,8.0,1.0,1,0.9909999999999997,0.009000000000000341,0.0,0.9909999999999997,0.8751987667565243,0.9909999999999997
48,3,24.0,32.0,8.0,1.0,1,0.9907500000000002,0.009249999999999758,0.0,0.9907500000000002,0.8751987667565243,0.9907500000000002
48,4,32.0,40.0,8.0,1.0,1,0.9018749999999995,0.09812500000000046,0.0,0.9018749999999995,0.8751987667565243,0.9018749999999995
48,5,40.0,48.0,8.0,1.0,1,0.3908750000000003,0.6091249999999997,0.0,0.3908750000000003,0.8751987667565243,0.3908750000000003
48,6,48.0,56.0,8.0,1.0,1,0.9782499999999983,0.021750000000001712,0.0,0.9782499999999983,0.8751987667565243,0.9782499999999983
48,7,56.0,64.0,8.0,1.0,1,0.9935000000000009,0.006499999999999062,0.0,0.9935000000000009,0.8751987667565243,0.9935000000000009
48,8,64.0,72.0,8.0,1.0,1,0.9901250000000026,0.009874999999997414,0.0,0.9901250000000026,0.8751987667565243,0.9901250000000026
48,9,72.0,80.0,8.0,1.0,1,0.9898750000000014,0.010124999999998607,0.0,0.9898750000000014,0.8751987667565243,0.9898750000000014
48,10,80.0,88.0,8.0,1.0,1,0.9901250000000008,0.00987499999999919,0.0,0.9901250000000008,0.8751987667565243,0.9901250000000008
48,11,88.0,96.0,8.0,1.0,1,0.9967500000000005,0.003249999999999531,0.0,0.9967500000000005,0.8751987667565243,0.9967500000000005
48,12,96.0,104.0,8.0,1.0,1,0.29774999999999885,0.7022500000000012,0.0,0.29774999999999885,0.8751987667565243,0.29774999999999885
48,13,104.0,112.0,8.0,1.0,1,0.823125000000001,0.176874999999999,0.0,0.823125000000001,0.8751987667565243,0.823125000000001
48,14,112.0,120.0,8.0,1.0,1,0.9863749999999989,0.013625000000001108,0.0,0.9863749999999989,0.8751987667565243,0.9863749999999989
48,15,120.0,128.0,8.0,1.0,1,1.0,0.0,0.0,1.0,0.8751987667565243,1.0
48,16,128.0,136.0,8.0,1.0,1,0.9908749999999991,0.009125000000000938,0.0,0.9908749999999991,0.8751987667565243,0.9908749999999991
48,17,136.0,144.0,8.0,1.0,1,0.9908749999999991,0.009125000000000938,0.0,0.9908749999999991,0.8751987667565243,0.9908749999999991
48,18,144.0,152.0,8.0,1.0,1,0.9908749999999991,0.009125000000000938,0.0,0.9908749999999991,0.8751987667565243,0.9908749999999991
48,19,152.0,160.0,8.0,1.0,1,0.9939999999999998,0.006000000000000227,0.0,0.9939999999999998,0.8751987667565243,0.9939999999999998
48,20,160.0,168.0,8.0,1.0,1,0.7723750000000003,0.22762499999999974,0.0,0.7723750000000003,0.8751987667565243,0.7723750000000003
48,21,168.0,176.0,8.0,1.0,1,0.19387500000000202,0.806124999999998,0.0,0.19387500000000202,0.8751987667565243,0.19387500000000202
48,22,176.0,184.0,8.0,1.0,1,0.9898750000000014,0.010124999999998607,0.0,0.9898750000000014,0.8751987667565243,0.9898750000000014
48,23,184.0,192.0,8.0,1.0,1,0.9881250000000001,0.011874999999999858,0.0,0.9881250000000001,0.8751987667565243,0.9881250000000001
48,24,192.0,200.0,8.0,1.0,1,0.9908749999999991,0.009125000000000938,0.0,0.9908749999999991,0.8751987667565243,0.9908749999999991
48,25,200.0,208.0,8.0,1.0,1,0.9898750000000014,0.010124999999998607,0.0,0.9898750000000014,0.8751987667565243,0.9898750000000014
48,26,208.0,216.0,8.0,1.0,1,0.9899999999999984,0.010000000000001563,0.0,0.9899999999999984,0.8751987667565243,0.9899999999999984
48,27,216.0,224.0,8.0,1.0,1,0.9902500000000067,0.009749999999993264,0.0,0.9902500000000067,0.8751987667565243,0.9902500000000067
48,28,224.0,232.0,8.0,1.0,1,0.9351249999999993,0.06487500000000068,0.0,0.9351249999999993,0.8751987667565243,0.9351249999999993
48,29,232.0,240.0,8.0,1.0,1,0.34275000000000233,0.6572499999999977,0.0,0.34275000000000233,0.8751987667565243,0.34275000000000233
48,30,240.0,248.0,8.0,1.0,1,0.9875000000000043,0.012499999999995737,0.0,0.9875000000000043,0.8751987667565243,0.9875000000000043
48,31,248.0,256.0,8.0,1.0,1,0.990000000000002,0.00999999999999801,0.0,0.990000000000002,0.8751987667565243,0.990000000000002
48,32,256.0,264.0,8.0,1.0,1,0.9936250000000015,0.006374999999998465,0.0,0.9936250000000015,0.8751987667565243,0.9936250000000015
48,33,264.0,272.0,8.0,1.0,1,0.9886250000000061,0.011374999999993918,0.0,0.9886250000000061,0.8751987667565243,0.9886250000000061
48,34,272.0,280.0,8.0,1.0,1,0.9908750000000026,0.009124999999997385,0.0,0.9908750000000026,0.8751987667565243,0.9908750000000026
48,35,280.0,288.0,8.0,1.0,1,0.9938750000000027,0.0061249999999972715,0.0,0.9938750000000027,0.8751987667565243,0.9938750000000027
48,36,288.0,296.0,8.0,1.0,1,0.17037500000000705,0.829624999999993,0.0,0.17037500000000705,0.8751987667565243,0.17037500000000705
48,37,296.0,304.0,8.0,1.0,1,0.8518749999999926,0.1481250000000074,0.0,0.8518749999999926,0.8751987667565243,0.8518749999999926
48,38,304.0,312.0,8.0,1.0,1,0.9818750000000023,0.018124999999997726,0.0,0.9818750000000023,0.8751987667565243,0.9818750000000023
48,39,312.0,320.0,8.0,1.0,1,0.9934999999999974,0.006500000000002615,0.0,0.9934999999999974,0.8751987667565243,0.9934999999999974
48,40,320.0,328.0,8.0,1.0,1,0.9934999999999974,0.006500000000002615,0.0,0.9934999999999974,0.8751987667565243,0.9934999999999974
48,41,328.0,336.0,8.0,1.0,1,0.9899999999999878,0.010000000000012221,0.0,0.9899999999999878,0.8751987667565243,0.9899999999999878
48,42,336.0,344.0,8.0,1.0,1,0.9933749999999932,0.006625000000006764,0.0,0.9933749999999932,0.8751987667565243,0.9933749999999932
48,43,344.0,352.0,8.0,1.0,1,0.9934999999999974,0.006500000000002615,0.0,0.9934999999999974,0.8751987667565243,0.9934999999999974
48,44,352.0,360.0,8.0,1.0,1,0.9026250000000005,0.09737499999999955,0.0,0.9026250000000005,0.8751987667565243,0.9026250000000005
48,45,360.0,368.0,8.0,1.0,1,0.35599999999999454,0.6440000000000055,0.0,0.35599999999999454,0.8751987667565243,0.35599999999999454
48,46,368.0,376.0,8.0,1.0,1,0.9904999999999973,0.009500000000002728,0.0,0.9904999999999973,0.8751987667565243,0.9904999999999973
48,47,376.0,384.0,8.0,1.0,1,0.6518749999999969,0.3481250000000031,0.0,0.6518749999999969,0.8751987667565243,0.6518749999999969
48,48,384.0,392.0,8.0,1.0,1,0.012500000000002842,0.9874999999999972,0.0,0.012500000000002842,0.8751987667565243,0.012500000000002842
48,49,392.0,400.0,2.6089999999999804,0.32612499999999756,1,0.040245304714435465,0.9597546952855646,0.0,0.040245304714435465,0.8751987667565243,0.040245304714435465
49,0,0.0,8.0,7.938,0.99225,1,0.974678760393046,0.0253212396069539,0.0,0.974678760393046,0.8751987667565243,0.974678760393046
49,1,8.0,16.0,8.0,1.0,1,0.9940000000000002,0.005999999999999783,0.0,0.9940000000000002,0.8751987667565243,0.9940000000000002
49,2,16.0,24.0,8.0,1.0,1,0.9910000000000001,0.008999999999999897,0.0,0.9910000000000001,0.8751987667565243,0.9910000000000001
49,3,24.0,32.0,8.0,1.0,1,0.9940000000000002,0.005999999999999783,0.0,0.9940000000000002,0.8751987667565243,0.9940000000000002
49,4,32.0,40.0,8.0,1.0,1,0.9910000000000005,0.008999999999999453,0.0,0.9910000000000005,0.8751987667565243,0.9910000000000005
49,5,40.0,48.0,8.0,1.0,1,0.9968750000000002,0.0031249999999998224,0.0,0.9968750000000002,0.8751987667565243,0.9968750000000002
49,6,48.0,56.0,8.0,1.0,1,0.5785000000000009,0.4214999999999991,0.0,0.5785000000000009,0.8751987667565243,0.5785000000000009
49,7,56.0,64.0,8.0,1.0,1,0.8016249999999996,0.1983750000000004,0.0,0.8016249999999996,0.8751987667565243,0.8016249999999996
49,8,64.0,72.0,8.0,1.0,1,0.9849999999999994,0.015000000000000568,0.0,0.9849999999999994,0.8751987667565243,0.9849999999999994
49,9,72.0,80.0,8.0,1.0,1,0.9899999999999967,0.01000000000000334,0.0,0.9899999999999967,0.8751987667565243,0.9899999999999967
49,10,80.0,88.0,8.0,1.0,1,0.983625,0.01637500000000003,0.0,0.983625,0.8751987667565243,0.983625
49,11,88.0,96.0,8.0,1.0,1,0.9870000000000001,0.0129999999999999,0.0,0.9870000000000001,0.8751987667565243,0.9870000000000001
49,12,96.0,104.0,8.0,1.0,1,1.0,0.0,0.0,1.0,0.8751987667565243,1.0
49,13,104.0,112.0,8.0,1.0,1,0.30062500000000014,0.6993749999999999,0.0,0.30062500000000014,0.8751987667565243,0.30062500000000014
49,14,112.0,120.0,8.0,1.0,1,0.9876250000000013,0.012374999999998693,0.0,0.9876250000000013,0.8751987667565243,0.9876250000000013
49,15,120.0,128.0,8.0,1.0,1,0.989749999999999,0.01025000000000098,0.0,0.989749999999999,0.8751987667565243,0.989749999999999
49,16,128.0,136.0,8.0,1.0,1,0.9907499999999985,0.009250000000001535,0.0,0.9907499999999985,0.8751987667565243,0.9907499999999985
49,17,136.0,144.0,8.0,1.0,1,0.987874999999999,0.012125000000001052,0.0,0.987874999999999,0.8751987667565243,0.987874999999999
49,18,144.0,152.0,8.0,1.0,1,0.9969999999999999,0.0030000000000001137,0.0,0.9969999999999999,0.8751987667565243,0.9969999999999999
49,19,152.0,160.0,8.0,1.0,1,0.9909999999999997,0.009000000000000341,0.0,0.9909999999999997,0.8751987667565243,0.9909999999999997
49,20,160.0,168.0,8.0,1.0,1,0.3418750000000017,0.6581249999999983,0.0,0.3418750000000017,0.8751987667565243,0.3418750000000017
49,21,168.0,176.0,8.0,1.0,1,0.17862500000000026,0.8213749999999997,0.0,0.17862500000000026,0.8751987667565243,0.17862500000000026
49,22,176.0,184.0,8.0,1.0,1,0.9963750000000005,0.0036249999999995453,0.0,0.9963750000000005,0.8751987667565243,0.9963750000000005
49,23,184.0,192.0,8.0,1.0,1,0.9902499999999996,0.00975000000000037,0.0,0.9902499999999996,0.8751987667565243,0.9902499999999996
49,24,192.0,200.0,8.0,1.0,1,0.9908749999999991,0.009125000000000938,0.0,0.9908749999999991,0.8751987667565243,0.9908749999999991
49,25,200.0,208.0,8.0,1.0,1,0.9935000000000045,0.006499999999995509,0.0,0.9935000000000045,0.8751987667565243,0.9935000000000045
49,26,208.0,216.0,8.0,1.0,1,0.9901250000000061,0.009874999999993861,0.0,0.9901250000000061,0.8751987667565243,0.9901250000000061
49,27,216.0,224.0,8.0,1.0,1,0.990000000000002,0.00999999999999801,0.0,0.990000000000002,0.8751987667565243,0.990000000000002
49,28,224.0,232.0,8.0,1.0,1,0.9902499999999961,0.009750000000003922,0.0,0.9902499999999961,0.8751987667565243,0.9902499999999961
49,29,232.0,240.0,8.0,1.0,1,0.8776249999999983,0.12237500000000168,0.0,0.8776249999999983,0.8751987667565243,0.8776249999999983
49,30,240.0,248.0,8.0,1.0,1,0.4447499999999991,0.5552500000000009,0.0,0.4447499999999991,0.8751987667565243,0.4447499999999991
49,31,248.0,256.0,8.0,1.0,1,0.9877500000000019,0.012249999999998096,0.0,0.9877500000000019,0.8751987667565243,0.9877500000000019
49,32,256.0,264.0,8.0,1.0,1,0.9896249999999966,0.010375000000003354,0.0,0.9896249999999966,0.8751987667565243,0.9896249999999966
49,33,264.0,272.0,8.0,1.0,1,0.9939999999999998,0.006000000000000227,0.0,0.9939999999999998,0.8751987667565243,0.9939999999999998
49,34,272.0,280.0,8.0,1.0,1,0.9878749999999954,0.012125000000004604,0.0,0.9878749999999954,0.8751987667565243,0.9878749999999954
49,35,280.0,288.0,8.0,1.0,1,0.9877500000000055,0.012249999999994543,0.0,0.9877500000000055,0.8751987667565243,0.9877500000000055
49,36,288.0,296.0,8.0,1.0,1,1.0,0.0,0.0,1.0,0.8751987667565243,1.0
49,37,296.0,304.0,8.0,1.0,1,0.42900000000000205,0.570999999999998,0.0,0.42900000000000205,0.8751987667565243,0.42900000000000205
49,38,304.0,312.0,8.0,1.0,1,0.9866250000000107,0.013374999999989257,0.0,0.9866250000000107,0.8751987667565243,0.9866250000000107
49,39,312.0,320.0,8.0,1.0,1,0.9821250000000106,0.017874999999989427,0.0,0.9821250000000106,0.8751987667565243,0.9821250000000106
49,40,320.0,328.0,8.0,1.0,1,0.9867499999999936,0.013250000000006423,0.0,0.9867499999999936,0.8751987667565243,0.9867499999999936
49,41,328.0,336.0,8.0,1.0,1,0.9868750000000048,0.013124999999995168,0.0,0.9868750000000048,0.8751987667565243,0.9868750000000048
49,42,336.0,344.0,8.0,1.0,1,0.9967500000000058,0.003249999999994202,0.0,0.9967500000000058,0.8751987667565243,0.9967500000000058
49,43,344.0,352.0,8.0,1.0,1,0.5619999999999976,0.4380000000000024,0.0,0.5619999999999976,0.8751987667565243,0.5619999999999976
49,44,352.0,360.0,8.0,1.0,1,0.9876250000000013,0.012374999999998693,0.0,0.9876250000000013,0.8751987667565243,0.9876250000000013
49,45,360.0,368.0,8.0,1.0,1,0.33124999999999716,0.6687500000000028,0.0,0.33124999999999716,0.8751987667565243,0.33124999999999716
49,46,368.0,376.0,8.0,1.0,1,0.013249999999999318,0.9867500000000007,0.0,0.013249999999999318,0.8751987667565243,0.013249999999999318
49,47,376.0,384.0,8.0,1.0,1,0.013249999999992212,0.9867500000000078,0.0,0.013249999999992212,0.8751987667565243,0.013249999999992212
49,48,384.0,392.0,1.3039999999999736,0.1629999999999967,1,0.037576687116548435,0.9624233128834515,0.0,0.037576687116548435,0.8751987667565243,0.037576687116548435
50,0,0.0,8.0,7.895,0.986875,1,0.9713742875237492,0.028625712476250793,0.0,0.9713742875237492,0.8751987667565243,0.9713742875237492
50,1,8.0,16.0,8.0,1.0,1,0.9938749999999998,0.006125000000000158,0.0,0.9938749999999998,0.8751987667565243,0.9938749999999998
50,2,16.0,24.0,8.0,1.0,1,0.9909999999999997,0.009000000000000341,0.0,0.9909999999999997,0.8751987667565243,0.9909999999999997
50,3,24.0,32.0,8.0,1.0,1,0.9940000000000002,0.005999999999999783,0.0,0.9940000000000002,0.8751987667565243,0.9940000000000002
50,4,32.0,40.0,8.0,1.0,1,0.9777500000000012,0.02224999999999877,0.0,0.9777500000000012,0.8751987667565243,0.9777500000000012
50,5,40.0,48.0,8.0,1.0,1,0.3362500000000006,0.6637499999999994,0.0,0.3362500000000006,0.8751987667565243,0.3362500000000006
50,6,48.0,56.0,8.0,1.0,1,0.990124999999999,0.009875000000000966,0.0,0.990124999999999,0.8751987667565243,0.990124999999999
50,7,56.0,64.0,8.0,1.0,1,0.9853749999999994,0.014625000000000554,0.0,0.9853749999999994,0.8751987667565243,0.9853749999999994
50,8,64.0,72.0,8.0,1.0,1,0.9967500000000005,0.003249999999999531,0.0,0.9967500000000005,0.8751987667565243,0.9967500000000005
50,9,72.0,80.0,8.0,1.0,1,0.9933750000000003,0.006624999999999659,0.0,0.9933750000000003,0.8751987667565243,0.9933750000000003
50,10,80.0,88.0,8.0,1.0,1,0.9966249999999999,0.003375000000000128,0.0,0.9966249999999999,0.8751987667565243,0.9966249999999999
50,11,88.0,96.0,8.0,1.0,1,0.9933750000000003,0.006624999999999659,0.0,0.9933750000000003,0.8751987667565243,0.9933750000000003
50,12,96.0,104.0,8.0,1.0,1,1.0,0.0,0.0,1.0,0.8751987667565243,1.0
50,13,104.0,112.0,8.0,1.0,1,0.9933750000000003,0.006624999999999659,0.0,0.9933750000000003,0.8751987667565243,0.9933750000000003
50,14,112.0,120.0,8.0,1.0,1,0.9933750000000021,0.006624999999997883,0.0,0.9933750000000021,0.8751987667565243,0.9933750000000021
50,15,120.0,128.0,8.0,1.0,1,0.2705000000000002,0.7294999999999998,0.0,0.2705000000000002,0.8751987667565243,0.2705000000000002
50,16,128.0,136.0,8.0,1.0,1,0.8837500000000027,0.1162499999999973,0.0,0.8837500000000027,0.8751987667565243,0.8837500000000027
50,17,136.0,144.0,8.0,1.0,1,0.9939999999999998,0.006000000000000227,0.0,0.9939999999999998,0.8751987667565243,0.9939999999999998
50,18,144.0,152.0,8.0,1.0,1,0.9872499999999995,0.012750000000000483,0.0,0.9872499999999995,0.8751987667565243,0.9872499999999995
50,19,152.0,160.0,8.0,1.0,1,0.9908750000000026,0.009124999999997385,0.0,0.9908750000000026,0.8751987667565243,0.9908750000000026
50,20,160.0,168.0,8.0,1.0,1,0.9908749999999991,0.009125000000000938,0.0,0.9908749999999991,0.8751987667565243,0.9908749999999991
50,21,168.0,176.0,8.0,1.0,1,0.9968749999999993,0.0031250000000007105,0.0,0.9968749999999993,0.8751987667565243,0.9968749999999993
50,22,176.0,184.0,8.0,1.0,1,0.9939999999999998,0.006000000000000227,0.0,0.9939999999999998,0.8751987667565243,0.9939999999999998
50,23,184.0,192.0,8.0,1.0,1,0.23662500000000009,0.7633749999999999,0.0,0.23662500000000009,0.8751987667565243,0.23662500000000009
50,24,192.0,200.0,8.0,1.0,1,0.9104999999999954,0.08950000000000458,0.0,0.9104999999999954,0.8751987667565243,0.9104999999999954
50,25,200.0,208.0,8.0,1.0,1,0.9967499999999987,0.0032500000000013074,0.0,0.9967499999999987,0.8751987667565243,0.9967499999999987
50,26,208.0,216.0,8.0,1.0,1,0.984250000000003,0.015749999999997044,0.0,0.984250000000003,0.8751987667565243,0.984250000000003
50,27,216.0,224.0,8.0,1.0,1,0.9867500000000078,0.013249999999992212,0.0,0.9867500000000078,0.8751987667565243,0.9867500000000078
50,28,224.0,232.0,8.0,1.0,1,0.9933749999999968,0.006625000000003212,0.0,0.9933749999999968,0.8751987667565243,0.9933749999999968
50,29,232.0,240.0,8.0,1.0,1,0.9933750000000003,0.006624999999999659,0.0,0.9933750000000003,0.8751987667565243,0.9933750000000003
50,30,240.0,248.0,8.0,1.0,1,0.9935000000000045,0.006499999999995509,0.0,0.9935000000000045,0.8751987667565243,0.9935000000000045
50,31,248.0,256.0,8.0,1.0,1,0.600875000000002,0.39912499999999795,0.0,0.600875000000002,0.8751987667565243,0.600875000000002
50,32,256.0,264.0,8.0,1.0,1,0.9877499999999984,0.012250000000001648,0.0,0.9877499999999984,0.8751987667565243,0.9877499999999984
50,33,264.0,272.0,8.0,1.0,1,0.9916249999999991,0.00837500000000091,0.0,0.9916249999999991,0.8751987667565243,0.9916249999999991
50,34,272.0,280.0,8.0,1.0,1,0.9909999999999997,0.009000000000000341,0.0,0.9909999999999997,0.8751987667565243,0.9909999999999997
50,35,280.0,288.0,8.0,1.0,1,0.9939999999999998,0.006000000000000227,0.0,0.9939999999999998,0.8751987667565243,0.9939999999999998
50,36,288.0,296.0,8.0,1.0,1,0.9969999999999999,0.0030000000000001137,0.0,0.9969999999999999,0.8751987667565243,0.9969999999999999
50,37,296.0,304.0,8.0,1.0,1,0.9939999999999998,0.006000000000000227,0.0,0.9939999999999998,0.8751987667565243,0.9939999999999998
50,38,304.0,312.0,8.0,1.0,1,0.9968750000000028,0.003124999999997158,0.0,0.9968750000000028,0.8751987667565243,0.9968750000000028
50,39,312.0,320.0,8.0,1.0,1,0.9908750000000026,0.009124999999997385,0.0,0.9908750000000026,0.8751987667565243,0.9908750000000026
50,40,320.0,328.0,8.0,1.0,1,1.0,0.0,0.0,1.0,0.8751987667565243,1.0
50,41,328.0,336.0,8.0,1.0,1,0.5466249999999988,0.4533750000000012,0.0,0.5466249999999988,0.8751987667565243,0.5466249999999988
50,42,336.0,344.0,8.0,1.0,1,0.9964999999999975,0.003500000000002501,0.0,0.9964999999999975,0.8751987667565243,0.9964999999999975
50,43,344.0,352.0,8.0,1.0,1,0.9967499999999987,0.0032500000000013074,0.0,0.9967499999999987,0.8751987667565243,0.9967499999999987
50,44,352.0,360.0,8.0,1.0,1,0.9933750000000003,0.006624999999999659,0.0,0.9933750000000003,0.8751987667565243,0.9933750000000003
50,45,360.0,368.0,8.0,1.0,1,1.0,0.0,0.0,1.0,0.8751987667565243,1.0
50,46,368.0,376.0,8.0,1.0,1,0.9819999999999993,0.018000000000000682,0.0,0.9819999999999993,0.8751987667565243,0.9819999999999993
50,47,376.0,384.0,8.0,1.0,1,0.9868749999999906,0.01312500000000938,0.0,0.9868749999999906,0.8751987667565243,0.9868749999999906
50,48,384.0,392.0,8.0,1.0,1,0.9967499999999987,0.0032500000000013074,0.0,0.9967499999999987,0.8751987667565243,0.9967499999999987
50,49,392.0,400.0,8.0,1.0,1,0.9934999999999974,0.006500000000002615,0.0,0.9934999999999974,0.8751987667565243,0.9934999999999974
50,50,400.0,408.0,8.0,1.0,1,0.5900000000000034,0.4099999999999966,0.0,0.5900000000000034,0.8751987667565243,0.5900000000000034
50,51,408.0,416.0,8.0,1.0,1,0.5018749999999983,0.4981250000000017,0.0,0.5018749999999983,0.8751987667565243,0.5018749999999983
50,52,416.0,424.0,8.0,1.0,1,0.9939999999999998,0.006000000000000227,0.0,0.9939999999999998,0.8751987667565243,0.9939999999999998
50,53,424.0,432.0,8.0,1.0,1,0.634875000000001,0.36512499999999903,0.0,0.634875000000001,0.8751987667565243,0.634875000000001
50,54,432.0,440.0,4.2479999999999905,0.5309999999999988,1,0.036252354048963445,0.9637476459510366,0.0,0.036252354048963445,0.8751987667565243,0.036252354048963445
51,0,0.0,8.0,7.88,0.985,1,0.9720812182741118,0.027918781725888266,0.0,0.9720812182741118,0.8751987667565243,0.9720812182741118
51,1,8.0,16.0,8.0,1.0,1,0.994,0.006000000000000005,0.0,0.994,0.8751987667565243,0.994
51,2,16.0,24.0,8.0,1.0,1,0.9969999999999999,0.0030000000000001137,0.0,0.9969999999999999,0.8751987667565243,0.9969999999999999
51,3,24.0,32.0,8.0,1.0,1,0.988,0.01200000000000001,0.0,0.988,0.8751987667565243,0.988
51,4,32.0,40.0,8.0,1.0,1,0.7887500000000003,0.21124999999999972,0.0,0.7887500000000003,0.8751987667565243,0.7887500000000003
51,5,40.0,48.0,8.0,1.0,1,0.6142500000000011,0.3857499999999989,0.0,0.6142500000000011,0.8751987667565243,0.6142500000000011
51,6,48.0,56.0,8.0,1.0,1,0.9932499999999997,0.006750000000000256,0.0,0.9932499999999997,0.8751987667565243,0.9932499999999997
51,7,56.0,64.0,8.0,1.0,1,0.9886250000000008,0.011374999999999247,0.0,0.9886250000000008,0.8751987667565243,0.9886250000000008
51,8,64.0,72.0,8.0,1.0,1,0.9868749999999995,0.013125000000000497,0.0,0.9868749999999995,0.8751987667565243,0.9868749999999995
51,9,72.0,80.0,8.0,1.0,1,0.9964999999999993,0.0035000000000007248,0.0,0.9964999999999993,0.8751987667565243,0.9964999999999993
51,10,80.0,88.0,8.0,1.0,1,0.9868750000000013,0.013124999999998721,0.0,0.9868750000000013,0.8751987667565243,0.9868750000000013
51,11,88.0,96.0,8.0,1.0,1,0.777750000000001,0.22224999999999895,0.0,0.777750000000001,0.8751987667565243,0.777750000000001
51,12,96.0,104.0,8.0,1.0,1,0.6411249999999988,0.35887500000000117,0.0,0.6411249999999988,0.8751987667565243,0.6411249999999988
51,13,104.0,112.0,8.0,1.0,1,0.9969999999999999,0.0030000000000001137,0.0,0.9969999999999999,0.8751987667565243,0.9969999999999999
51,14,112.0,120.0,8.0,1.0,1,0.9872499999999977,0.01275000000000226,0.0,0.9872499999999977,0.8751987667565243,0.9872499999999977
51,15,120.0,128.0,8.0,1.0,1,0.9908750000000008,0.009124999999999162,0.0,0.9908750000000008,0.8751987667565243,0.9908750000000008
51,16,128.0,136.0,8.0,1.0,1,0.9937499999999986,0.006250000000001421,0.0,0.9937499999999986,0.8751987667565243,0.9937499999999986
51,17,136.0,144.0,8.0,1.0,1,0.9969999999999999,0.0030000000000001137,0.0,0.9969999999999999,0.8751987667565243,0.9969999999999999
51,18,144.0,152.0,8.0,1.0,1,0.9939999999999998,0.006000000000000227,0.0,0.9939999999999998,0.8751987667565243,0.9939999999999998
51,19,152.0,160.0,8.0,1.0,1,0.9907499999999985,0.009250000000001535,0.0,0.9907499999999985,0.8751987667565243,0.9907499999999985
51,20,160.0,168.0,8.0,1.0,1,0.3725000000000023,0.6274999999999977,0.0,0.3725000000000023,0.8751987667565243,0.3725000000000023
51,21,168.0,176.0,8.0,1.0,1,0.7673749999999977,0.2326250000000023,0.0,0.7673749999999977,0.8751987667565243,0.7673749999999977
51,22,176.0,184.0,8.0,1.0,1,0.9932499999999962,0.0067500000000038085,0.0,0.9932499999999962,0.8751987667565243,0.9932499999999962
51,23,184.0,192.0,8.0,1.0,1,0.9934999999999974,0.006500000000002615,0.0,0.9934999999999974,0.8751987667565243,0.9934999999999974
51,24,192.0,200.0,8.0,1.0,1,0.9922499999999985,0.007750000000001478,0.0,0.9922499999999985,0.8751987667565243,0.9922499999999985
51,25,200.0,208.0,8.0,1.0,1,0.9899999999999949,0.010000000000005116,0.0,0.9899999999999949,0.8751987667565243,0.9899999999999949
51,26,208.0,216.0,8.0,1.0,1,0.9933750000000003,0.006624999999999659,0.0,0.9933750000000003,0.8751987667565243,0.9933750000000003
51,27,216.0,224.0,8.0,1.0,1,0.9933749999999968,0.006625000000003212,0.0,0.9933749999999968,0.8751987667565243,0.9933749999999968
51,28,224.0,232.0,8.0,1.0,1,0.9866250000000001,0.013374999999999915,0.0,0.9866250000000001,0.8751987667565243,0.9866250000000001
51,29,232.0,240.0,8.0,1.0,1,0.5857500000000044,0.41424999999999557,0.0,0.5857500000000044,0.8751987667565243,0.5857500000000044
51,30,240.0,248.0,8.0,1.0,1,0.9966250000000016,0.0033749999999983515,0.0,0.9966250000000016,0.8751987667565243,0.9966250000000016
51,31,248.0,256.0,8.0,1.0,1,0.9938750000000027,0.0061249999999972715,0.0,0.9938750000000027,0.8751987667565243,0.9938750000000027
51,32,256.0,264.0,8.0,1.0,1,0.9969999999999999,0.0030000000000001137,0.0,0.9969999999999999,0.8751987667565243,0.9969999999999999
51,33,264.0,272.0,8.0,1.0,1,0.9872500000000031,0.01274999999999693,0.0,0.9872500000000031,0.8751987667565243,0.9872500000000031
51,34,272.0,280.0,8.0,1.0,1,0.9969999999999999,0.0030000000000001137,0.0,0.9969999999999999,0.8751987667565243,0.9969999999999999
51,35,280.0,288.0,8.0,1.0,1,0.9879999999999995,0.012000000000000455,0.0,0.9879999999999995,0.8751987667565243,0.9879999999999995
51,36,288.0,296.0,8.0,1.0,1,0.9847499999999982,0.015250000000001762,0.0,0.9847499999999982,0.8751987667565243,0.9847499999999982
51,37,296.0,304.0,8.0,1.0,1,0.20187500000000114,0.7981249999999989,0.0,0.20187500000000114,0.8751987667565243,0.20187500000000114
51,38,304.0,312.0,8.0,1.0,1,0.9281250000000014,0.07187499999999858,0.0,0.9281250000000014,0.8751987667565243,0.9281250000000014
51,39,312.0,320.0,8.0,1.0,1,0.981624999999994,0.018375000000006025,0.0,0.981624999999994,0.8751987667565243,0.981624999999994
51,40,320.0,328.0,8.0,1.0,1,0.9902499999999961,0.009750000000003922,0.0,0.9902499999999961,0.8751987667565243,0.9902499999999961
51,41,328.0,336.0,8.0,1.0,1,0.9966250000000016,0.0033749999999983515,0.0,0.9966250000000016,0.8751987667565243,0.9966250000000016
51,42,336.0,344.0,8.0,1.0,1,0.9901250000000061,0.009874999999993861,0.0,0.9901250000000061,0.8751987667565243,0.9901250000000061
51,43,344.0,352.0,8.0,1.0,1,0.9901249999999919,0.009875000000008072,0.0,0.9901249999999919,0.8751987667565243,0.9901249999999919
51,44,352.0,360.0,8.0,1.0,1,0.7618750000000105,0.23812499999998948,0.0,0.7618750000000105,0.8751987667565243,0.7618750000000105
51,45,360.0,368.0,8.0,1.0,1,0.7474999999999952,0.25250000000000483,0.0,0.7474999999999952,0.8751987667565243,0.7474999999999952
51,46,368.0,376.0,8.0,1.0,1,0.9909999999999997,0.009000000000000341,0.0,0.9909999999999997,0.8751987667565243,0.9909999999999997
51,47,376.0,384.0,8.0,1.0,1,0.09575000000000244,0.9042499999999976,0.0,0.09575000000000244,0.8751987667565243,0.09575000000000244
51,48,384.0,392.0,8.0,1.0,1,0.013125000000002274,0.9868749999999977,0.0,0.013125000000002274,0.8751987667565243,0.013125000000002274
51,49,392.0,400.0,3.5889999999999986,0.44862499999999983,1,0.029256060183900316,0.9707439398160996,0.0,0.029256060183900316,0.8751987667565243,0.029256060183900316
52,0,0.0,8.0,7.916,0.9895,1,0.9724608388074785,0.027539161192521484,1.122004067332144e-16,0.9724608388074785,0.8751987667565243,0.9724608388074785
52,1,8.0,16.0,8.0,1.0,1,0.990875,0.00912500000000005,0.0,0.990875,0.8751987667565243,0.990875
52,2,16.0,24.0,8.0,1.0,1,0.9910000000000001,0.008999999999999897,0.0,0.9910000000000001,0.8751987667565243,0.9910000000000001
52,3,24.0,32.0,8.0,1.0,1,0.9968750000000002,0.0031249999999998224,0.0,0.9968750000000002,0.8751987667565243,0.9968750000000002
52,4,32.0,40.0,8.0,1.0,1,0.9908750000000008,0.009124999999999162,0.0,0.9908750000000008,0.8751987667565243,0.9908750000000008
52,5,40.0,48.0,8.0,1.0,1,1.0,0.0,0.0,1.0,0.8751987667565243,1.0
52,6,48.0,56.0,8.0,1.0,1,0.45650000000000013,0.5434999999999999,0.0,0.45650000000000013,0.8751987667565243,0.45650000000000013
52,7,56.0,64.0,8.0,1.0,1,0.9932499999999997,0.006750000000000256,0.0,0.9932499999999997,0.8751987667565243,0.9932499999999997
52,8,64.0,72.0,8.0,1.0,1,0.9852500000000006,0.014749999999999375,0.0,0.9852500000000006,0.8751987667565243,0.9852500000000006
52,9,72.0,80.0,8.0,1.0,1,1.0,0.0,0.0,1.0,0.8751987667565243,1.0
52,10,80.0,88.0,8.0,1.0,1,0.993249999999998,0.006750000000002032,0.0,0.993249999999998,0.8751987667565243,0.993249999999998
52,11,88.0,96.0,8.0,1.0,1,0.9967500000000005,0.003249999999999531,0.0,0.9967500000000005,0.8751987667565243,0.9967500000000005
52,12,96.0,104.0,8.0,1.0,1,0.9898749999999996,0.010125000000000384,0.0,0.9898749999999996,0.8751987667565243,0.9898749999999996
52,13,104.0,112.0,8.0,1.0,1,0.9933750000000003,0.006624999999999659,0.0,0.9933750000000003,0.8751987667565243,0.9933750000000003
52,14,112.0,120.0,8.0,1.0,1,0.9935000000000009,0.006499999999999062,0.0,0.9935000000000009,0.8751987667565243,0.9935000000000009
52,15,120.0,128.0,8.0,1.0,1,0.9933750000000003,0.006624999999999659,0.0,0.9933750000000003,0.8751987667565243,0.9933750000000003
52,16,128.0,136.0,8.0,1.0,1,0.7988749999999989,0.2011250000000011,0.0,0.7988749999999989,0.8751987667565243,0.7988749999999989
52,17,136.0,144.0,8.0,1.0,1,0.04412499999999753,0.9558750000000025,0.0,0.04412499999999753,0.8751987667565243,0.04412499999999753
52,18,144.0,152.0,8.0,1.0,1,0.9966250000000016,0.0033749999999983515,0.0,0.9966250000000016,0.8751987667565243,0.9966250000000016
52,19,152.0,160.0,8.0,1.0,1,0.9908749999999991,0.009125000000000938,0.0,0.9908749999999991,0.8751987667565243,0.9908749999999991
52,20,160.0,168.0,8.0,1.0,1,0.9924999999999997,0.007500000000000284,0.0,0.9924999999999997,0.8751987667565243,0.9924999999999997
52,21,168.0,176.0,8.0,1.0,1,0.9938749999999992,0.006125000000000824,0.0,0.9938749999999992,0.8751987667565243,0.9938749999999992
52,22,176.0,184.0,8.0,1.0,1,0.9969999999999999,0.0030000000000001137,0.0,0.9969999999999999,0.8751987667565243,0.9969999999999999
52,23,184.0,192.0,8.0,1.0,1,0.9906249999999979,0.009375000000002132,0.0,0.9906249999999979,0.8751987667565243,0.9906249999999979
52,24,192.0,200.0,8.0,1.0,1,0.9907500000000056,0.00924999999999443,0.0,0.9907500000000056,0.8751987667565243,0.9907500000000056
52,25,200.0,208.0,8.0,1.0,1,0.9969999999999999,0.0030000000000001137,0.0,0.9969999999999999,0.8751987667565243,0.9969999999999999
52,26,208.0,216.0,8.0,1.0,1,0.9939999999999998,0.006000000000000227,0.0,0.9939999999999998,0.8751987667565243,0.9939999999999998
52,27,216.0,224.0,8.0,1.0,1,0.38687499999999986,0.6131250000000001,0.0,0.38687499999999986,0.8751987667565243,0.38687499999999986
52,28,224.0,232.0,8.0,1.0,1,0.878499999999999,0.12150000000000105,0.0,0.878499999999999,0.8751987667565243,0.878499999999999
52,29,232.0,240.0,8.0,1.0,1,0.982374999999994,0.017625000000005997,0.0,0.982374999999994,0.8751987667565243,0.982374999999994
52,30,240.0,248.0,8.0,1.0,1,0.9935000000000009,0.006499999999999062,0.0,0.9935000000000009,0.8751987667565243,0.9935000000000009
52,31,248.0,256.0,8.0,1.0,1,0.9933749999999968,0.006625000000003212,0.0,0.9933749999999968,0.8751987667565243,0.9933749999999968
52,32,256.0,264.0,8.0,1.0,1,0.9901250000000132,0.009874999999986755,0.0,0.9901250000000132,0.8751987667565243,0.9901250000000132
52,33,264.0,272.0,8.0,1.0,1,0.9933750000000003,0.006624999999999659,0.0,0.9933750000000003,0.8751987667565243,0.9933750000000003
52,34,272.0,280.0,8.0,1.0,1,0.9933750000000003,0.006624999999999659,0.0,0.9933750000000003,0.8751987667565243,0.9933750000000003
52,35,280.0,288.0,8.0,1.0,1,0.9882500000000007,0.011749999999999261,0.0,0.9882500000000007,0.8751987667565243,0.9882500000000007
52,36,288.0,296.0,8.0,1.0,1,0.2203749999999971,0.7796250000000029,0.0,0.2203749999999971,0.8751987667565243,0.2203749999999971
52,37,296.0,304.0,8.0,1.0,1,0.9906250000000014,0.009374999999998579,0.0,0.9906250000000014,0.8751987667565243,0.9906250000000014
52,38,304.0,312.0,8.0,1.0,1,0.988624999999999,0.011375000000001023,0.0,0.988624999999999,0.8751987667565243,0.988624999999999
52,39,312.0,320.0,8.0,1.0,1,0.9969999999999999,0.0030000000000001137,0.0,0.9969999999999999,0.8751987667565243,0.9969999999999999
52,40,320.0,328.0,8.0,1.0,1,0.9909999999999997,0.009000000000000341,0.0,0.9909999999999997,0.8751987667565243,0.9909999999999997
52,41,328.0,336.0,8.0,1.0,1,0.9969999999999999,0.0030000000000001137,0.0,0.9969999999999999,0.8751987667565243,0.9969999999999999
52,42,336.0,344.0,8.0,1.0,1,0.9939999999999998,0.006000000000000227,0.0,0.9939999999999998,0.8751987667565243,0.9939999999999998
52,43,344.0,352.0,8.0,1.0,1,0.9938750000000027,0.0061249999999972715,0.0,0.9938750000000027,0.8751987667565243,0.9938750000000027
52,44,352.0,360.0,8.0,1.0,1,0.9969999999999999,0.0030000000000001137,0.0,0.9969999999999999,0.8751987667565243,0.9969999999999999
52,45,360.0,368.0,8.0,1.0,1,0.9969999999999999,0.0030000000000001137,0.0,0.9969999999999999,0.8751987667565243,0.9969999999999999
52,46,368.0,376.0,8.0,1.0,1,0.9968750000000028,0.003124999999997158,0.0,0.9968750000000028,0.8751987667565243,0.9968750000000028
52,47,376.0,384.0,8.0,1.0,1,0.20750000000000313,0.7924999999999969,0.0,0.20750000000000313,0.8751987667565243,0.20750000000000313
52,48,384.0,392.0,8.0,1.0,1,0.9931249999999991,0.006875000000000853,0.0,0.9931249999999991,0.8751987667565243,0.9931249999999991
52,49,392.0,400.0,8.0,1.0,1,0.9852500000000148,0.014749999999985164,0.0,0.9852500000000148,0.8751987667565243,0.9852500000000148
52,50,400.0,408.0,8.0,1.0,1,0.9934999999999974,0.006500000000002615,0.0,0.9934999999999974,0.8751987667565243,0.9934999999999974
52,51,408.0,416.0,8.0,1.0,1,0.9898749999999907,0.010125000000009265,0.0,0.9898749999999907,0.8751987667565243,0.9898749999999907
52,52,416.0,424.0,8.0,1.0,1,0.9902499999999961,0.009750000000003922,0.0,0.9902499999999961,0.8751987667565243,0.9902499999999961
52,53,424.0,432.0,8.0,1.0,1,0.9933750000000003,0.006624999999999659,0.0,0.9933750000000003,0.8751987667565243,0.9933750000000003
52,54,432.0,440.0,8.0,1.0,1,0.6287500000000037,0.3712499999999963,0.0,0.6287500000000037,0.8751987667565243,0.6287500000000037
52,55,440.0,448.0,8.0,1.0,1,0.6431249999999977,0.3568750000000023,0.0,0.6431249999999977,0.8751987667565243,0.6431249999999977
52,56,448.0,456.0,3.2679999999999723,0.40849999999999653,1,0.0471236230109978,0.9528763769890022,0.0,0.0471236230109978,0.8751987667565243,0.0471236230109978
53,0,0.0,8.0,7.866,0.98325,1,0.9721586575133485,0.027841342486651422,0.0,0.9721586575133485,0.8751987667565243,0.9721586575133485
53,1,8.0,16.0,8.0,1.0,1,0.9940000000000002,0.005999999999999783,0.0,0.9940000000000002,0.8751987667565243,0.9940000000000002
53,2,16.0,24.0,8.0,1.0,1,0.9939999999999998,0.006000000000000227,0.0,0.9939999999999998,0.8751987667565243,0.9939999999999998
53,3,24.0,32.0,8.0,1.0,1,0.9939999999999998,0.006000000000000227,0.0,0.9939999999999998,0.8751987667565243,0.9939999999999998
53,4,32.0,40.0,8.0,1.0,1,0.9907499999999994,0.009250000000000647,0.0,0.9907499999999994,0.8751987667565243,0.9907499999999994
53,5,40.0,48.0,8.0,1.0,1,0.7140000000000004,0.2859999999999996,0.0,0.7140000000000004,0.8751987667565243,0.7140000000000004
53,6,48.0,56.0,8.0,1.0,1,0.9897499999999999,0.010250000000000092,0.0,0.9897499999999999,0.8751987667565243,0.9897499999999999
53,7,56.0,64.0,8.0,1.0,1,0.9901249999999999,0.009875000000000078,0.0,0.9901249999999999,0.8751987667565243,0.9901249999999999
53,8,64.0,72.0,8.0,1.0,1,0.9852500000000006,0.014749999999999375,0.0,0.9852500000000006,0.8751987667565243,0.9852500000000006
53,9,72.0,80.0,8.0,1.0,1,0.9900000000000002,0.009999999999999787,0.0,0.9900000000000002,0.8751987667565243,0.9900000000000002
53,10,80.0,88.0,8.0,1.0,1,0.9966250000000016,0.0033749999999983515,0.0,0.9966250000000016,0.8751987667565243,0.9966250000000016
53,11,88.0,96.0,8.0,1.0,1,0.9966249999999999,0.003375000000000128,0.0,0.9966249999999999,0.8751987667565243,0.9966249999999999
53,12,96.0,104.0,8.0,1.0,1,0.9902499999999996,0.00975000000000037,0.0,0.9902499999999996,0.8751987667565243,0.9902499999999996
53,13,104.0,112.0,8.0,1.0,1,0.6492500000000003,0.3507499999999997,0.0,0.6492500000000003,0.8751987667565243,0.6492500000000003
53,14,112.0,120.0,8.0,1.0,1,0.9864999999999995,0.013500000000000512,0.0,0.9864999999999995,0.8751987667565243,0.9864999999999995
53,15,120.0,128.0,8.0,1.0,1,0.987874999999999,0.012125000000001052,0.0,0.987874999999999,0.8751987667565243,0.987874999999999
53,16,128.0,136.0,8.0,1.0,1,0.9877500000000055,0.012249999999994543,0.0,0.9877500000000055,0.8751987667565243,0.9877500000000055
53,17,136.0,144.0,8.0,1.0,1,0.9969999999999999,0.0030000000000001137,0.0,0.9969999999999999,0.8751987667565243,0.9969999999999999
53,18,144.0,152.0,8.0,1.0,1,0.9939999999999998,0.006000000000000227,0.0,0.9939999999999998,0.8751987667565243,0.9939999999999998
53,19,152.0,160.0,8.0,1.0,1,0.7366250000000001,0.2633749999999999,0.0,0.7366250000000001,0.8751987667565243,0.7366250000000001
53,20,160.0,168.0,8.0,1.0,1,0.8956249999999919,0.1043750000000081,0.0,0.8956249999999919,0.8751987667565243,0.8956249999999919
53,21,168.0,176.0,8.0,1.0,1,0.9967500000000022,0.0032499999999977547,0.0,0.9967500000000022,0.8751987667565243,0.9967500000000022
53,22,176.0,184.0,8.0,1.0,1,0.9932500000000033,0.006749999999996703,0.0,0.9932500000000033,0.8751987667565243,0.9932500000000033
53,23,184.0,192.0,8.0,1.0,1,0.9852500000000006,0.014749999999999375,0.0,0.9852500000000006,0.8751987667565243,0.9852500000000006
53,24,192.0,200.0,8.0,1.0,1,0.9966249999999981,0.0033750000000019043,0.0,0.9966249999999981,0.8751987667565243,0.9966249999999981
53,25,200.0,208.0,8.0,1.0,1,0.9932500000000033,0.006749999999996703,0.0,0.9932500000000033,0.8751987667565243,0.9932500000000033
53,26,208.0,216.0,8.0,1.0,1,0.990000000000002,0.00999999999999801,0.0,0.990000000000002,0.8751987667565243,0.990000000000002
53,27,216.0,224.0,8.0,1.0,1,0.6516249999999992,0.34837500000000077,0.0,0.6516249999999992,0.8751987667565243,0.6516249999999992
53,28,224.0,232.0,8.0,1.0,1,0.5102499999999957,0.48975000000000435,0.0,0.5102499999999957,0.8751987667565243,0.5102499999999957
53,29,232.0,240.0,8.0,1.0,1,0.9908750000000026,0.009124999999997385,0.0,0.9908750000000026,0.8751987667565243,0.9908750000000026
53,30,240.0,248.0,8.0,1.0,1,0.9873750000000001,0.012624999999999886,0.0,0.9873750000000001,0.8751987667565243,0.9873750000000001
53,31,248.0,256.0,8.0,1.0,1,0.9908749999999991,0.009125000000000938,0.0,0.9908749999999991,0.8751987667565243,0.9908749999999991
53,32,256.0,264.0,8.0,1.0,1,0.9909999999999997,0.009000000000000341,0.0,0.9909999999999997,0.8751987667565243,0.9909999999999997
53,33,264.0,272.0,8.0,1.0,1,0.9909999999999997,0.009000000000000341,0.0,0.9909999999999997,0.8751987667565243,0.9909999999999997
53,34,272.0,280.0,8.0,1.0,1,0.6376249999999999,0.3623750000000001,0.0,0.6376249999999999,0.8751987667565243,0.6376249999999999
53,35,280.0,288.0,8.0,1.0,1,0.9931250000000063,0.006874999999993747,0.0,0.9931250000000063,0.8751987667565243,0.9931250000000063
53,36,288.0,296.0,8.0,1.0,1,0.9933749999999932,0.006625000000006764,0.0,0.9933749999999932,0.8751987667565243,0.9933749999999932
53,37,296.0,304.0,8.0,1.0,1,0.9851249999999965,0.014875000000003524,0.0,0.9851249999999965,0.8751987667565243,0.9851249999999965
53,38,304.0,312.0,8.0,1.0,1,0.9899999999999949,0.010000000000005116,0.0,0.9899999999999949,0.8751987667565243,0.9899999999999949
53,39,312.0,320.0,8.0,1.0,1,0.9934999999999974,0.006500000000002615,0.0,0.9934999999999974,0.8751987667565243,0.9934999999999974
53,40,320.0,328.0,8.0,1.0,1,0.9867500000000078,0.013249999999992212,0.0,0.9867500000000078,0.8751987667565243,0.9867500000000078
53,41,328.0,336.0,8.0,1.0,1,0.6003749999999997,0.39962500000000034,0.0,0.6003749999999997,0.8751987667565243,0.6003749999999997
53,42,336.0,344.0,8.0,1.0,1,0.9562499999999972,0.04375000000000284,0.0,0.9562499999999972,0.8751987667565243,0.9562499999999972
53,43,344.0,352.0,8.0,1.0,1,0.5281250000000028,0.47187499999999716,0.0,0.5281250000000028,0.8751987667565243,0.5281250000000028
53,44,352.0,360.0,8.0,1.0,1,0.006250000000001421,0.9937499999999986,0.0,0.006250000000001421,0.8751987667565243,0.006250000000001421
53,45,360.0,368.0,8.0,1.0,1,0.013249999999999318,0.9867500000000007,0.0,0.013249999999999318,0.8751987667565243,0.013249999999999318
53,46,368.0,376.0,6.795000000000016,0.849375000000002,1,0.015452538631357584,0.9845474613686425,0.0,0.015452538631357584,0.8751987667565243,0.015452538631357584
54,0,0.0,8.0,7.895,0.986875,1,0.9750474984167194,0.024952501583280554,0.0,0.9750474984167194,0.8751987667565243,0.9750474984167194
54,1,8.0,16.0,8.0,1.0,1,0.9909999999999999,0.009000000000000119,0.0,0.9909999999999999,0.8751987667565243,0.9909999999999999
54,2,16.0,24.0,8.0,1.0,1,0.9910000000000001,0.008999999999999897,0.0,0.9910000000000001,0.8751987667565243,0.9910000000000001
54,3,24.0,32.0,8.0,1.0,1,0.990875,0.00912500000000005,0.0,0.990875,0.8751987667565243,0.990875
54,4,32.0,40.0,8.0,1.0,1,0.8815,0.11850000000000005,0.0,0.8815,0.8751987667565243,0.8815
54,5,40.0,48.0,8.0,1.0,1,0.40199999999999925,0.5980000000000008,0.0,0.40199999999999925,0.8751987667565243,0.40199999999999925
54,6,48.0,56.0,8.0,1.0,1,0.9964999999999993,0.0035000000000007248,0.0,0.9964999999999993,0.8751987667565243,0.9964999999999993
54,7,56.0,64.0,8.0,1.0,1,0.990124999999999,0.009875000000000966,0.0,0.990124999999999,0.8751987667565243,0.990124999999999
54,8,64.0,72.0,8.0,1.0,1,0.9882500000000007,0.011749999999999261,0.0,0.9882500000000007,0.8751987667565243,0.9882500000000007
54,9,72.0,80.0,8.0,1.0,1,0.9966249999999999,0.003375000000000128,0.0,0.9966249999999999,0.8751987667565243,0.9966249999999999
54,10,80.0,88.0,8.0,1.0,1,0.9935000000000009,0.006499999999999062,0.0,0.9935000000000009,0.8751987667565243,0.9935000000000009
54,11,88.0,96.0,8.0,1.0,1,1.0,0.0,0.0,1.0,0.8751987667565243,1.0
54,12,96.0,104.0,8.0,1.0,1,0.9966249999999999,0.003375000000000128,0.0,0.9966249999999999,0.8751987667565243,0.9966249999999999
54,13,104.0,112.0,8.0,1.0,1,0.9933749999999986,0.006625000000001435,0.0,0.9933749999999986,0.8751987667565243,0.9933749999999986
54,14,112.0,120.0,8.0,1.0,1,0.9900000000000002,0.009999999999999787,0.0,0.9900000000000002,0.8751987667565243,0.9900000000000002
54,15,120.0,128.0,8.0,1.0,1,0.9933750000000003,0.006624999999999659,0.0,0.9933750000000003,0.8751987667565243,0.9933750000000003
54,16,128.0,136.0,8.0,1.0,1,0.06537500000000307,0.9346249999999969,0.0,0.06537500000000307,0.8751987667565243,0.06537500000000307
54,17,136.0,144.0,8.0,1.0,1,0.6815000000000033,0.3184999999999967,0.0,0.6815000000000033,0.8751987667565243,0.6815000000000033
54,18,144.0,152.0,8.0,1.0,1,0.9969999999999999,0.0030000000000001137,0.0,0.9969999999999999,0.8751987667565243,0.9969999999999999
54,19,152.0,160.0,8.0,1.0,1,0.9897500000000008,0.010249999999999204,0.0,0.9897500000000008,0.8751987667565243,0.9897500000000008
54,20,160.0,168.0,8.0,1.0,1,0.9938749999999992,0.006125000000000824,0.0,0.9938749999999992,0.8751987667565243,0.9938749999999992
54,21,168.0,176.0,8.0,1.0,1,0.9938749999999992,0.006125000000000824,0.0,0.9938749999999992,0.8751987667565243,0.9938749999999992
54,22,176.0,184.0,8.0,1.0,1,0.9908749999999991,0.009125000000000938,0.0,0.9908749999999991,0.8751987667565243,0.9908749999999991
54,23,184.0,192.0,8.0,1.0,1,0.9909999999999997,0.009000000000000341,0.0,0.9909999999999997,0.8751987667565243,0.9909999999999997
54,24,192.0,200.0,8.0,1.0,1,0.9939999999999998,0.006000000000000227,0.0,0.9939999999999998,0.8751987667565243,0.9939999999999998
54,25,200.0,208.0,8.0,1.0,1,0.18700000000000117,0.8129999999999988,0.0,0.18700000000000117,0.8751987667565243,0.18700000000000117
54,26,208.0,216.0,8.0,1.0,1,0.4871250000000025,0.5128749999999975,0.0,0.4871250000000025,0.8751987667565243,0.4871250000000025
54,27,216.0,224.0,8.0,1.0,1,0.9929999999999986,0.0070000000000014495,0.0,0.9929999999999986,0.8751987667565243,0.9929999999999986
54,28,224.0,232.0,8.0,1.0,1,0.9935000000000009,0.006499999999999062,0.0,0.9935000000000009,0.8751987667565243,0.9935000000000009
54,29,232.0,240.0,8.0,1.0,1,0.9886249999999954,0.011375000000004576,0.0,0.9886249999999954,0.8751987667565243,0.9886249999999954
54,30,240.0,248.0,8.0,1.0,1,0.9933750000000003,0.006624999999999659,0.0,0.9933750000000003,0.8751987667565243,0.9933750000000003
54,31,248.0,256.0,8.0,1.0,1,0.9898749999999943,0.010125000000005713,0.0,0.9898749999999943,0.8751987667565243,0.9898749999999943
54,32,256.0,264.0,8.0,1.0,1,0.9967499999999987,0.0032500000000013074,0.0,0.9967499999999987,0.8751987667565243,0.9967499999999987
54,33,264.0,272.0,8.0,1.0,1,0.989875000000005,0.010124999999995055,0.0,0.989875000000005,0.8751987667565243,0.989875000000005
54,34,272.0,280.0,8.0,1.0,1,0.5358750000000114,0.4641249999999886,0.0,0.5358750000000114,0.8751987667565243,0.5358750000000114
54,35,280.0,288.0,8.0,1.0,1,0.6467500000000044,0.3532499999999956,0.0,0.6467500000000044,0.8751987667565243,0.6467500000000044
54,36,288.0,296.0,8.0,1.0,1,0.9966249999999945,0.003375000000005457,0.0,0.9966249999999945,0.8751987667565243,0.9966249999999945
54,37,296.0,304.0,8.0,1.0,1,0.9937499999999986,0.006250000000001421,0.0,0.9937499999999986,0.8751987667565243,0.9937499999999986
54,38,304.0,312.0,8.0,1.0,1,0.9858750000000001,0.014124999999999943,0.0,0.9858750000000001,0.8751987667565243,0.9858750000000001
54,39,312.0,320.0,8.0,1.0,1,0.9969999999999999,0.0030000000000001137,0.0,0.9969999999999999,0.8751987667565243,0.9969999999999999
54,40,320.0,328.0,8.0,1.0,1,0.9969999999999999,0.0030000000000001137,0.0,0.9969999999999999,0.8751987667565243,0.9969999999999999
54,41,328.0,336.0,8.0,1.0,1,0.9969999999999999,0.0030000000000001137,0.0,0.9969999999999999,0.8751987667565243,0.9969999999999999
54,42,336.0,344.0,8.0,1.0,1,0.9969999999999999,0.0030000000000001137,0.0,0.9969999999999999,0.8751987667565243,0.9969999999999999
54,43,344.0,352.0,8.0,1.0,1,0.9939999999999998,0.006000000000000227,0.0,0.9939999999999998,0.8751987667565243,0.9939999999999998
54,44,352.0,360.0,8.0,1.0,1,1.0,0.0,0.0,1.0,0.8751987667565243,1.0
54,45,360.0,368.0,8.0,1.0,1,0.9939999999999998,0.006000000000000227,0.0,0.9939999999999998,0.8751987667565243,0.9939999999999998
54,46,368.0,376.0,8.0,1.0,1,0.9939999999999998,0.006000000000000227,0.0,0.9939999999999998,0.8751987667565243,0.9939999999999998
54,47,376.0,384.0,8.0,1.0,1,0.6782499999999985,0.32175000000000153,0.0,0.6782499999999985,0.8751987667565243,0.6782499999999985
54,48,384.0,392.0,8.0,1.0,1,0.41575000000000983,0.5842499999999902,0.0,0.41575000000000983,0.8751987667565243,0.41575000000000983
54,49,392.0,400.0,8.0,1.0,1,0.9932499999999962,0.0067500000000038085,0.0,0.9932499999999962,0.8751987667565243,0.9932499999999962
54,50,400.0,408.0,8.0,1.0,1,0.9887500000000031,0.011249999999996874,0.0,0.9887500000000031,0.8751987667565243,0.9887500000000031
54,51,408.0,416.0,8.0,1.0,1,0.990000000000002,0.00999999999999801,0.0,0.990000000000002,0.8751987667565243,0.990000000000002
54,52,416.0,424.0,8.0,1.0,1,0.9933749999999932,0.006625000000006764,0.0,0.9933749999999932,0.8751987667565243,0.9933749999999932
54,53,424.0,432.0,8.0,1.0,1,0.9901250000000061,0.009874999999993861,0.0,0.9901250000000061,0.8751987667565243,0.9901250000000061
54,54,432.0,440.0,8.0,1.0,1,0.6718749999999929,0.3281250000000071,0.0,0.6718749999999929,0.8751987667565243,0.6718749999999929
54,55,440.0,448.0,8.0,1.0,1,0.833750000000002,0.166249999999998,0.0,0.833750000000002,0.8751987667565243,0.833750000000002
54,56,448.0,456.0,5.059000000000026,0.6323750000000032,1,0.051393556038740774,0.9486064439612593,0.0,0.051393556038740774,0.8751987667565243,0.051393556038740774
55,0,0.0,8.0,7.861,0.982625,1,0.9753212059534411,0.024678794046558955,0.0,0.9753212059534411,0.8751987667565243,0.9753212059534411
55,1,8.0,16.0,8.0,1.0,1,0.9940000000000002,0.005999999999999783,0.0,0.9940000000000002,0.8751987667565243,0.9940000000000002
55,2,16.0,24.0,8.0,1.0,1,0.9938750000000005,0.006124999999999492,0.0,0.9938750000000005,0.8751987667565243,0.9938750000000005
55,3,24.0,32.0,8.0,1.0,1,0.9910000000000005,0.008999999999999453,0.0,0.9910000000000005,0.8751987667565243,0.9910000000000005
55,4,32.0,40.0,8.0,1.0,1,0.9937500000000004,0.006249999999999645,0.0,0.9937500000000004,0.8751987667565243,0.9937500000000004
55,5,40.0,48.0,8.0,1.0,1,0.9938750000000001,0.006124999999999936,0.0,0.9938750000000001,0.8751987667565243,0.9938750000000001
55,6,48.0,56.0,8.0,1.0,1,0.5542499999999997,0.4457500000000003,0.0,0.5542499999999997,0.8751987667565243,0.5542499999999997
55,7,56.0,64.0,8.0,1.0,1,0.8552499999999998,0.14475000000000016,0.0,0.8552499999999998,0.8751987667565243,0.8552499999999998
55,8,64.0,72.0,8.0,1.0,1,0.9883749999999996,0.01162500000000044,0.0,0.9883749999999996,0.8751987667565243,0.9883749999999996
55,9,72.0,80.0,8.0,1.0,1,0.9901249999999973,0.009875000000002743,0.0,0.9901249999999973,0.8751987667565243,0.9901249999999973
55,10,80.0,88.0,8.0,1.0,1,0.9834999999999994,0.016500000000000625,0.0,0.9834999999999994,0.8751987667565243,0.9834999999999994
55,11,88.0,96.0,8.0,1.0,1,0.9901250000000008,0.00987499999999919,0.0,0.9901250000000008,0.8751987667565243,0.9901250000000008
55,12,96.0,104.0,8.0,1.0,1,0.9967500000000005,0.003249999999999531,0.0,0.9967500000000005,0.8751987667565243,0.9967500000000005
55,13,104.0,112.0,8.0,1.0,1,0.26487499999999997,0.735125,0.0,0.26487499999999997,0.8751987667565243,0.26487499999999997
55,14,112.0,120.0,8.0,1.0,1,0.8660000000000014,0.13399999999999856,0.0,0.8660000000000014,0.8751987667565243,0.8660000000000014
55,15,120.0,128.0,8.0,1.0,1,0.9867499999999989,0.013250000000001094,0.0,0.9867499999999989,0.8751987667565243,0.9867499999999989
55,16,128.0,136.0,8.0,1.0,1,0.9938749999999992,0.006125000000000824,0.0,0.9938749999999992,0.8751987667565243,0.9938749999999992
55,17,136.0,144.0,8.0,1.0,1,0.9939999999999998,0.006000000000000227,0.0,0.9939999999999998,0.8751987667565243,0.9939999999999998
55,18,144.0,152.0,8.0,1.0,1,0.9908749999999991,0.009125000000000938,0.0,0.9908749999999991,0.8751987667565243,0.9908749999999991
55,19,152.0,160.0,8.0,1.0,1,0.9938750000000027,0.0061249999999972715,0.0,0.9938750000000027,0.8751987667565243,0.9938750000000027
55,20,160.0,168.0,8.0,1.0,1,0.9939999999999998,0.006000000000000227,0.0,0.9939999999999998,0.8751987667565243,0.9939999999999998
55,21,168.0,176.0,8.0,1.0,1,0.4065000000000012,0.5934999999999988,0.0,0.4065000000000012,0.8751987667565243,0.4065000000000012
55,22,176.0,184.0,8.0,1.0,1,0.0070000000000014495,0.9929999999999986,0.0,0.0070000000000014495,0.8751987667565243,0.0070000000000014495
55,23,184.0,192.0,8.0,1.0,1,0.6687500000000028,0.33124999999999716,0.0,0.6687500000000028,0.8751987667565243,0.6687500000000028
55,24,192.0,200.0,8.0,1.0,1,0.9902499999999996,0.00975000000000037,0.0,0.9902499999999996,0.8751987667565243,0.9902499999999996
55,25,200.0,208.0,8.0,1.0,1,0.9883749999999978,0.011625000000002217,0.0,0.9883749999999978,0.8751987667565243,0.9883749999999978
55,26,208.0,216.0,8.0,1.0,1,0.9933749999999968,0.006625000000003212,0.0,0.9933749999999968,0.8751987667565243,0.9933749999999968
55,27,216.0,224.0,8.0,1.0,1,0.990124999999999,0.009875000000000966,0.0,0.990124999999999,0.8751987667565243,0.990124999999999
55,28,224.0,232.0,8.0,1.0,1,0.9867500000000007,0.013249999999999318,0.0,0.9867500000000007,0.8751987667565243,0.9867500000000007
55,29,232.0,240.0,8.0,1.0,1,0.9935000000000009,0.006499999999999062,0.0,0.9935000000000009,0.8751987667565243,0.9935000000000009
55,30,240.0,248.0,8.0,1.0,1,0.5030000000000037,0.49699999999999633,0.0,0.5030000000000037,0.8751987667565243,0.5030000000000037
55,31,248.0,256.0,8.0,1.0,1,0.7923749999999963,0.20762500000000372,0.0,0.7923749999999963,0.8751987667565243,0.7923749999999963
55,32,256.0,264.0,8.0,1.0,1,0.9876250000000013,0.012374999999998693,0.0,0.9876250000000013,0.8751987667565243,0.9876250000000013
55,33,264.0,272.0,8.0,1.0,1,0.9873750000000001,0.012624999999999886,0.0,0.9873750000000001,0.8751987667565243,0.9873750000000001
55,34,272.0,280.0,8.0,1.0,1,0.9909999999999997,0.009000000000000341,0.0,0.9909999999999997,0.8751987667565243,0.9909999999999997
55,35,280.0,288.0,8.0,1.0,1,0.990000000000002,0.00999999999999801,0.0,0.990000000000002,0.8751987667565243,0.990000000000002
55,36,288.0,296.0,8.0,1.0,1,0.9918750000000003,0.008124999999999716,0.0,0.9918750000000003,0.8751987667565243,0.9918750000000003
55,37,296.0,304.0,8.0,1.0,1,0.6867500000000106,0.31324999999998937,0.0,0.6867500000000106,0.8751987667565243,0.6867500000000106
55,38,304.0,312.0,8.0,1.0,1,0.588249999999995,0.41175000000000495,0.0,0.588249999999995,0.8751987667565243,0.588249999999995
55,39,312.0,320.0,8.0,1.0,1,0.9785000000000039,0.021499999999996078,0.0,0.9785000000000039,0.8751987667565243,0.9785000000000039
55,40,320.0,328.0,8.0,1.0,1,0.990000000000002,0.00999999999999801,0.0,0.990000000000002,0.8751987667565243,0.990000000000002
55,41,328.0,336.0,8.0,1.0,1,0.9869999999999948,0.01300000000000523,0.0,0.9869999999999948,0.8751987667565243,0.9869999999999948
55,42,336.0,344.0,8.0,1.0,1,0.9867500000000007,0.013249999999999318,0.0,0.9867500000000007,0.8751987667565243,0.9867500000000007
55,43,344.0,352.0,8.0,1.0,1,0.6535000000000011,0.3464999999999989,0.0,0.6535000000000011,0.8751987667565243,0.6535000000000011
55,44,352.0,360.0,8.0,1.0,1,0.7381249999999966,0.2618750000000034,0.0,0.7381249999999966,0.8751987667565243,0.7381249999999966
55,45,360.0,368.0,8.0,1.0,1,0.9906250000000014,0.009374999999998579,0.0,0.9906250000000014,0.8751987667565243,0.9906250000000014
55,46,368.0,376.0,8.0,1.0,1,0.26924999999999955,0.7307500000000005,0.0,0.26924999999999955,0.8751987667565243,0.26924999999999955
55,47,376.0,384.0,8.0,1.0,1,0.006999999999997897,0.9930000000000021,0.0,0.006999999999997897,0.8751987667565243,0.006999999999997897
55,48,384.0,392.0,5.915999999999997,0.7394999999999996,1,0.026031102096010218,0.9739688979039898,0.0,0.026031102096010218,0.8751987667565243,0.026031102096010218
