window_id,window_start_us,window_end_us,window_us,resident_us,resident_compute_us,idle_us,memory_attributed_us,non_resident_us,sit_timeline_value,sit_timeline_source
0,0.000000,256.000000,256.000000,256.000000,136.000000,36.000000,84.000000,0.000000,0.531250000,Source metric: sit_no_work_window_active
1,256.000000,512.000000,256.000000,256.000000,92.000000,49.000000,115.000000,0.000000,0.359375000,Source metric: sit_no_work_window_active
2,512.000000,768.000000,256.000000,256.000000,98.000000,43.000000,115.000000,0.000000,0.382812500,Source metric: sit_no_work_window_active
3,768.000000,1024.000000,256.000000,256.000000,89.000000,65.000000,102.000000,0.000000,0.347656250,Source metric: sit_no_work_window_active
4,1024.000000,1280.000000,256.000000,256.000000,105.000000,45.000000,106.000000,0.000000,0.410156250,Source metric: sit_no_work_window_active
5,1280.000000,1536.000000,256.000000,256.000000,102.000000,41.000000,113.000000,0.000000,0.398437500,Source metric: sit_no_work_window_active
6,1536.000000,1792.000000,256.000000,256.000000,96.000000,48.000000,112.000000,0.000000,0.375000000,Source metric: sit_no_work_window_active
7,1792.000000,2048.000000,256.000000,256.000000,89.000000,53.000000,114.000000,0.000000,0.347656250,Source metric: sit_no_work_window_active
8,2048.000000,2304.000000,256.000000,256.000000,107.000000,46.000000,103.000000,0.000000,0.417968750,Source metric: sit_no_work_window_active
9,2304.000000,2560.000000,256.000000,256.000000,104.000000,34.000000,118.000000,0.000000,0.406250000,Source metric: sit_no_work_window_active
10,2560.000000,2816.000000,256.000000,256.000000,106.000000,37.000000,113.000000,0.000000,0.414062500,Source metric: sit_no_work_window_active
11,2816.000000,3072.000000,256.000000,256.000000,94.000000,54.000000,108.000000,0.000000,0.367187500,Source metric: sit_no_work_window_active
12,3072.000000,3328.000000,256.000000,256.000000,102.000000,40.000000,114.000000,0.000000,0.398437500,Source metric: sit_no_work_window_active
13,3328.000000,3584.000000,256.000000,256.000000,100.000000,42.000000,114.000000,0.000000,0.390625000,Source metric: sit_no_work_window_active
14,3584.000000,3840.000000,256.000000,256.000000,101.000000,56.000000,99.000000,0.000000,0.394531250,Source metric: sit_no_work_window_active
15,3840.000000,4096.000000,256.000000,256.000000,91.000000,49.000000,116.000000,0.000000,0.355468750,Source metric: sit_no_work_window_active
16,4096.000000,4352.000000,256.000000,256.000000,100.000000,42.000000,114.000000,0.000000,0.390625000,Source metric: sit_no_work_window_active
17,4352.000000,4608.000000,256.000000,256.000000,93.000000,56.000000,107.000000,0.000000,0.363281250,Source metric: sit_no_work_window_active
18,4608.000000,4864.000000,256.000000,256.000000,92.000000,44.000000,120.000000,0.000000,0.359375000,Source metric: sit_no_work_window_active
19,4864.000000,5120.000000,256.000000,256.000000,104.000000,48.000000,104.000000,0.000000,0.406250000,Source metric: sit_no_work_window_active
20,5120.000000,5376.000000,256.000000,256.000000,103.000000,40.000000,113.000000,0.000000,0.402343750,Source metric: sit_no_work_window_active
21,5376.000000,5632.000000,256.000000,256.000000,98.000000,48.000000,110.000000,0.000000,0.382812500,Source metric: sit_no_work_window_active
22,5632.000000,5888.000000,256.000000,256.000000,95.000000,48.000000,113.000000,0.000000,0.371093750,Source metric: sit_no_work_window_active
23,5888.000000,6144.000000,256.000000,256.000000,92.000000,56.000000,108.000000,0.000000,0.359375000,Source metric: sit_no_work_window_active
24,6144.000000,6400.000000,256.000000,256.000000,98.000000,56.000000,102.000000,0.000000,0.382812500,Source metric: sit_no_work_window_active
25,6400.000000,6656.000000,256.000000,256.000000,105.000000,47.000000,104.000000,0.000000,0.410156250,Source metric: sit_no_work_window_active
26,6656.000000,6912.000000,256.000000,256.000000,91.000000,59.000000,106.000000,0.000000,0.355468750,Source metric: sit_no_work_window_active
27,6912.000000,7168.000000,256.000000,256.000000,106.000000,39.000000,111.000000,0.000000,0.414062500,Source metric: sit_no_work_window_active
28,7168.000000,7424.000000,256.000000,256.000000,103.000000,44.000000,109.000000,0.000000,0.402343750,Source metric: sit_no_work_window_active
29,7424.000000,7680.000000,256.000000,256.000000,92.000000,58.000000,106.000000,0.000000,0.359375000,Source metric: sit_no_work_window_active
30,7680.000000,7936.000000,256.000000,256.000000,90.000000,50.000000,116.000000,0.000000,0.351562500,Source metric: sit_no_work_window_active
31,7936.000000,8192.000000,256.000000,256.000000,108.000000,38.000000,110.000000,0.000000,0.421875000,Source metric: sit_no_work_window_active
32,8192.000000,8448.000000,256.000000,256.000000,100.000000,42.000000,114.000000,0.000000,0.390625000,Source metric: sit_no_work_window_active
33,8448.000000,8704.000000,256.000000,256.000000,100.000000,42.000000,114.000000,0.000000,0.390625000,Source metric: sit_no_work_window_active
34,8704.000000,8960.000000,256.000000,256.000000,99.000000,55.000000,102.000000,0.000000,0.386718750,Source metric: sit_no_work_window_active
35,8960.000000,9216.000000,256.000000,256.000000,95.000000,47.000000,114.000000,0.000000,0.371093750,Source metric: sit_no_work_window_active
36,9216.000000,9472.000000,256.000000,256.000000,100.000000,41.000000,115.000000,0.000000,0.390625000,Source metric: sit_no_work_window_active
37,9472.000000,9728.000000,256.000000,256.000000,102.000000,39.000000,115.000000,0.000000,0.398437500,Source metric: sit_no_work_window_active
38,9728.000000,9984.000000,256.000000,256.000000,105.000000,43.000000,108.000000,0.000000,0.410156250,Source metric: sit_no_work_window_active
39,9984.000000,10240.000000,256.000000,256.000000,95.000000,48.000000,113.000000,0.000000,0.371093750,Source metric: sit_no_work_window_active
40,10240.000000,10496.000000,256.000000,256.000000,98.000000,45.000000,113.000000,0.000000,0.382812500,Source metric: sit_no_work_window_active
41,10496.000000,10752.000000,256.000000,256.000000,99.000000,45.000000,112.000000,0.000000,0.386718750,Source metric: sit_no_work_window_active
42,10752.000000,11008.000000,256.000000,256.000000,102.000000,38.000000,116.000000,0.000000,0.398437500,Source metric: sit_no_work_window_active
43,11008.000000,11264.000000,256.000000,256.000000,97.000000,54.000000,105.000000,0.000000,0.378906250,Source metric: sit_no_work_window_active
44,11264.000000,11520.000000,256.000000,256.000000,99.000000,52.000000,105.000000,0.000000,0.386718750,Source metric: sit_no_work_window_active
45,11520.000000,11776.000000,256.000000,256.000000,90.000000,63.000000,103.000000,0.000000,0.351562500,Source metric: sit_no_work_window_active
46,11776.000000,12032.000000,256.000000,256.000000,97.000000,63.000000,96.000000,0.000000,0.378906250,Source metric: sit_no_work_window_active
47,12032.000000,12288.000000,256.000000,256.000000,110.000000,51.000000,95.000000,0.000000,0.429687500,Source metric: sit_no_work_window_active
48,12288.000000,12544.000000,256.000000,256.000000,104.000000,45.000000,107.000000,0.000000,0.406250000,Source metric: sit_no_work_window_active
49,12544.000000,12800.000000,256.000000,256.000000,107.000000,53.000000,96.000000,0.000000,0.417968750,Source metric: sit_no_work_window_active
50,12800.000000,13056.000000,256.000000,256.000000,91.000000,58.000000,107.000000,0.000000,0.355468750,Source metric: sit_no_work_window_active
51,13056.000000,13312.000000,256.000000,256.000000,98.000000,51.000000,107.000000,0.000000,0.382812500,Source metric: sit_no_work_window_active
52,13312.000000,13568.000000,256.000000,256.000000,102.000000,56.000000,98.000000,0.000000,0.398437500,Source metric: sit_no_work_window_active
53,13568.000000,13824.000000,256.000000,256.000000,112.000000,45.000000,99.000000,0.000000,0.437500000,Source metric: sit_no_work_window_active
54,13824.000000,14080.000000,256.000000,256.000000,105.000000,37.000000,114.000000,0.000000,0.410156250,Source metric: sit_no_work_window_active
55,14080.000000,14336.000000,256.000000,256.000000,99.000000,52.000000,105.000000,0.000000,0.386718750,Source metric: sit_no_work_window_active
56,14336.000000,14592.000000,256.000000,256.000000,96.000000,66.000000,94.000000,0.000000,0.375000000,Source metric: sit_no_work_window_active
57,14592.000000,14848.000000,256.000000,256.000000,101.000000,47.000000,108.000000,0.000000,0.394531250,Source metric: sit_no_work_window_active
58,14848.000000,15104.000000,256.000000,256.000000,104.000000,51.000000,101.000000,0.000000,0.406250000,Source metric: sit_no_work_window_active
59,15104.000000,15360.000000,256.000000,256.000000,101.000000,57.000000,98.000000,0.000000,0.394531250,Source metric: sit_no_work_window_active
60,15360.000000,15616.000000,256.000000,256.000000,96.000000,56.000000,104.000000,0.000000,0.375000000,Source metric: sit_no_work_window_active
61,15616.000000,15872.000000,256.000000,256.000000,101.000000,57.000000,98.000000,0.000000,0.394531250,Source metric: sit_no_work_window_active
62,15872.000000,16128.000000,256.000000,256.000000,93.000000,55.000000,108.000000,0.000000,0.363281250,Source metric: sit_no_work_window_active
63,16128.000000,16384.000000,256.000000,256.000000,103.000000,49.000000,104.000000,0.000000,0.402343750,Source metric: sit_no_work_window_active
64,16384.000000,16640.000000,256.000000,256.000000,103.000000,48.000000,105.000000,0.000000,0.402343750,Source metric: sit_no_work_window_active
65,16640.000000,16896.000000,256.000000,256.000000,89.000000,68.000000,99.000000,0.000000,0.347656250,Source metric: sit_no_work_window_active
66,16896.000000,17152.000000,256.000000,256.000000,105.000000,57.000000,94.000000,0.000000,0.410156250,Source metric: sit_no_work_window_active
67,17152.000000,17408.000000,256.000000,256.000000,96.000000,56.000000,104.000000,0.000000,0.375000000,Source metric: sit_no_work_window_active
68,17408.000000,17664.000000,256.000000,256.000000,104.000000,40.000000,112.000000,0.000000,0.406250000,Source metric: sit_no_work_window_active
69,17664.000000,17920.000000,256.000000,256.000000,106.000000,48.000000,102.000000,0.000000,0.414062500,Source metric: sit_no_work_window_active
70,17920.000000,18176.000000,256.000000,256.000000,93.000000,44.000000,119.000000,0.000000,0.363281250,Source metric: sit_no_work_window_active
71,18176.000000,18432.000000,256.000000,256.000000,97.000000,55.000000,104.000000,0.000000,0.378906250,Source metric: sit_no_work_window_active
72,18432.000000,18688.000000,256.000000,256.000000,98.000000,54.000000,104.000000,0.000000,0.382812500,Source metric: sit_no_work_window_active
73,18688.000000,18944.000000,256.000000,256.000000,94.000000,72.000000,90.000000,0.000000,0.367187500,Source metric: sit_no_work_window_active
74,18944.000000,19200.000000,256.000000,256.000000,100.000000,62.000000,94.000000,0.000000,0.390625000,Source metric: sit_no_work_window_active
75,19200.000000,19456.000000,256.000000,256.000000,103.000000,65.000000,88.000000,0.000000,0.402343750,Source metric: sit_no_work_window_active
76,19456.000000,19712.000000,256.000000,256.000000,95.000000,47.000000,114.000000,0.000000,0.371093750,Source metric: sit_no_work_window_active
77,19712.000000,19968.000000,256.000000,256.000000,98.000000,60.000000,98.000000,0.000000,0.382812500,Source metric: sit_no_work_window_active
78,19968.000000,20224.000000,256.000000,256.000000,105.000000,49.000000,102.000000,0.000000,0.410156250,Source metric: sit_no_work_window_active
79,20224.000000,20480.000000,256.000000,256.000000,104.000000,49.000000,103.000000,0.000000,0.406250000,Source metric: sit_no_work_window_active
80,20480.000000,20736.000000,256.000000,256.000000,95.000000,53.000000,108.000000,0.000000,0.371093750,Source metric: sit_no_work_window_active
81,20736.000000,20992.000000,256.000000,256.000000,98.000000,58.000000,100.000000,0.000000,0.382812500,Source metric: sit_no_work_window_active
82,20992.000000,21248.000000,256.000000,256.000000,95.000000,57.000000,104.000000,0.000000,0.371093750,Source metric: sit_no_work_window_active
83,21248.000000,21504.000000,256.000000,256.000000,102.000000,47.000000,107.000000,0.000000,0.398437500,Source metric: sit_no_work_window_active
84,21504.000000,21760.000000,256.000000,256.000000,106.000000,44.000000,106.000000,0.000000,0.414062500,Source metric: sit_no_work_window_active
85,21760.000000,22016.000000,256.000000,256.000000,102.000000,54.000000,100.000000,0.000000,0.398437500,Source metric: sit_no_work_window_active
86,22016.000000,22272.000000,256.000000,256.000000,101.000000,47.000000,108.000000,0.000000,0.394531250,Source metric: sit_no_work_window_active
87,22272.000000,22528.000000,256.000000,256.000000,105.000000,55.000000,96.000000,0.000000,0.410156250,Source metric: sit_no_work_window_active
88,22528.000000,22784.000000,256.000000,256.000000,105.000000,47.000000,104.000000,0.000000,0.410156250,Source metric: sit_no_work_window_active
89,22784.000000,23040.000000,256.000000,256.000000,86.000000,57.000000,113.000000,0.000000,0.335937500,Source metric: sit_no_work_window_active
90,23040.000000,23296.000000,256.000000,256.000000,92.000000,61.000000,103.000000,0.000000,0.359375000,Source metric: sit_no_work_window_active
91,23296.000000,23552.000000,256.000000,256.000000,107.000000,44.000000,105.000000,0.000000,0.417968750,Source metric: sit_no_work_window_active
92,23552.000000,23808.000000,256.000000,256.000000,103.000000,49.000000,104.000000,0.000000,0.402343750,Source metric: sit_no_work_window_active
93,23808.000000,24064.000000,256.000000,256.000000,103.000000,44.000000,109.000000,0.000000,0.402343750,Source metric: sit_no_work_window_active
94,24064.000000,24320.000000,256.000000,256.000000,96.000000,52.000000,108.000000,0.000000,0.375000000,Source metric: sit_no_work_window_active
95,24320.000000,24576.000000,256.000000,256.000000,91.000000,54.000000,111.000000,0.000000,0.355468750,Source metric: sit_no_work_window_active
96,24576.000000,24832.000000,256.000000,256.000000,97.000000,44.000000,115.000000,0.000000,0.378906250,Source metric: sit_no_work_window_active
97,24832.000000,25088.000000,256.000000,256.000000,96.000000,69.000000,91.000000,0.000000,0.375000000,Source metric: sit_no_work_window_active
98,25088.000000,25344.000000,256.000000,256.000000,106.000000,30.000000,120.000000,0.000000,0.414062500,Source metric: sit_no_work_window_active
99,25344.000000,25600.000000,256.000000,256.000000,90.000000,48.000000,118.000000,0.000000,0.351562500,Source metric: sit_no_work_window_active
100,25600.000000,25856.000000,256.000000,256.000000,99.000000,43.000000,114.000000,0.000000,0.386718750,Source metric: sit_no_work_window_active
101,25856.000000,26112.000000,256.000000,256.000000,92.000000,54.000000,110.000000,0.000000,0.359375000,Source metric: sit_no_work_window_active
102,26112.000000,26368.000000,256.000000,256.000000,106.000000,42.000000,108.000000,0.000000,0.414062500,Source metric: sit_no_work_window_active
103,26368.000000,26624.000000,256.000000,256.000000,101.000000,50.000000,105.000000,0.000000,0.394531250,Source metric: sit_no_work_window_active
104,26624.000000,26880.000000,256.000000,256.000000,95.000000,44.000000,117.000000,0.000000,0.371093750,Source metric: sit_no_work_window_active
105,26880.000000,27136.000000,256.000000,256.000000,94.000000,51.000000,111.000000,0.000000,0.367187500,Source metric: sit_no_work_window_active
106,27136.000000,27392.000000,256.000000,256.000000,107.000000,40.000000,109.000000,0.000000,0.417968750,Source metric: sit_no_work_window_active
107,27392.000000,27648.000000,256.000000,256.000000,101.000000,43.000000,112.000000,0.000000,0.394531250,Source metric: sit_no_work_window_active
108,27648.000000,27904.000000,256.000000,256.000000,104.000000,38.000000,114.000000,0.000000,0.406250000,Source metric: sit_no_work_window_active
109,27904.000000,28160.000000,256.000000,256.000000,96.000000,51.000000,109.000000,0.000000,0.375000000,Source metric: sit_no_work_window_active
110,28160.000000,28416.000000,256.000000,256.000000,101.000000,40.000000,115.000000,0.000000,0.394531250,Source metric: sit_no_work_window_active
111,28416.000000,28672.000000,256.000000,256.000000,100.000000,44.000000,112.000000,0.000000,0.390625000,Source metric: sit_no_work_window_active
112,28672.000000,28928.000000,256.000000,256.000000,98.000000,55.000000,103.000000,0.000000,0.382812500,Source metric: sit_no_work_window_active
113,28928.000000,29184.000000,256.000000,256.000000,94.000000,48.000000,114.000000,0.000000,0.367187500,Source metric: sit_no_work_window_active
114,29184.000000,29440.000000,256.000000,256.000000,99.000000,41.000000,116.000000,0.000000,0.386718750,Source metric: sit_no_work_window_active
115,29440.000000,29696.000000,256.000000,256.000000,94.000000,51.000000,111.000000,0.000000,0.367187500,Source metric: sit_no_work_window_active
116,29696.000000,29952.000000,256.000000,256.000000,101.000000,45.000000,110.000000,0.000000,0.394531250,Source metric: sit_no_work_window_active
117,29952.000000,30208.000000,256.000000,256.000000,103.000000,42.000000,111.000000,0.000000,0.402343750,Source metric: sit_no_work_window_active
118,30208.000000,30464.000000,256.000000,256.000000,101.000000,45.000000,110.000000,0.000000,0.394531250,Source metric: sit_no_work_window_active
119,30464.000000,30720.000000,256.000000,256.000000,91.000000,52.000000,113.000000,0.000000,0.355468750,Source metric: sit_no_work_window_active
120,30720.000000,30976.000000,256.000000,256.000000,95.000000,47.000000,114.000000,0.000000,0.371093750,Source metric: sit_no_work_window_active
121,30976.000000,31232.000000,256.000000,256.000000,102.000000,53.000000,101.000000,0.000000,0.398437500,Source metric: sit_no_work_window_active
122,31232.000000,31488.000000,256.000000,256.000000,95.000000,49.000000,112.000000,0.000000,0.371093750,Source metric: sit_no_work_window_active
123,31488.000000,31744.000000,256.000000,256.000000,101.000000,42.000000,113.000000,0.000000,0.394531250,Source metric: sit_no_work_window_active
124,31744.000000,32000.000000,256.000000,256.000000,107.000000,52.000000,97.000000,0.000000,0.417968750,Source metric: sit_no_work_window_active
125,32000.000000,32256.000000,256.000000,256.000000,95.000000,46.000000,115.000000,0.000000,0.371093750,Source metric: sit_no_work_window_active
126,32256.000000,32512.000000,256.000000,256.000000,92.000000,49.000000,115.000000,0.000000,0.359375000,Source metric: sit_no_work_window_active
127,32512.000000,32768.000000,256.000000,256.000000,100.000000,43.000000,113.000000,0.000000,0.390625000,Source metric: sit_no_work_window_active
128,32768.000000,33024.000000,256.000000,256.000000,106.000000,34.000000,116.000000,0.000000,0.414062500,Source metric: sit_no_work_window_active
129,33024.000000,33280.000000,256.000000,256.000000,99.000000,43.000000,114.000000,0.000000,0.386718750,Source metric: sit_no_work_window_active
130,33280.000000,33536.000000,256.000000,256.000000,103.000000,47.000000,106.000000,0.000000,0.402343750,Source metric: sit_no_work_window_active
131,33536.000000,33792.000000,256.000000,256.000000,94.000000,51.000000,111.000000,0.000000,0.367187500,Source metric: sit_no_work_window_active
132,33792.000000,34048.000000,256.000000,256.000000,101.000000,44.000000,111.000000,0.000000,0.394531250,Source metric: sit_no_work_window_active
133,34048.000000,34304.000000,256.000000,256.000000,101.000000,39.000000,116.000000,0.000000,0.394531250,Source metric: sit_no_work_window_active
134,34304.000000,34560.000000,256.000000,256.000000,106.000000,41.000000,109.000000,0.000000,0.414062500,Source metric: sit_no_work_window_active
135,34560.000000,34816.000000,256.000000,256.000000,92.000000,48.000000,116.000000,0.000000,0.359375000,Source metric: sit_no_work_window_active
136,34816.000000,35072.000000,256.000000,256.000000,101.000000,46.000000,109.000000,0.000000,0.394531250,Source metric: sit_no_work_window_active
137,35072.000000,35328.000000,256.000000,256.000000,97.000000,36.000000,123.000000,0.000000,0.378906250,Source metric: sit_no_work_window_active
138,35328.000000,35584.000000,256.000000,256.000000,91.000000,46.000000,119.000000,0.000000,0.355468750,Source metric: sit_no_work_window_active
139,35584.000000,35840.000000,256.000000,256.000000,96.000000,45.000000,115.000000,0.000000,0.375000000,Source metric: sit_no_work_window_active
140,35840.000000,36096.000000,256.000000,256.000000,88.000000,63.000000,105.000000,0.000000,0.343750000,Source metric: sit_no_work_window_active
141,36096.000000,36352.000000,256.000000,256.000000,101.000000,40.000000,115.000000,0.000000,0.394531250,Source metric: sit_no_work_window_active
142,36352.000000,36608.000000,256.000000,256.000000,97.000000,41.000000,118.000000,0.000000,0.378906250,Source metric: sit_no_work_window_active
143,36608.000000,36864.000000,256.000000,256.000000,89.000000,47.000000,120.000000,0.000000,0.347656250,Source metric: sit_no_work_window_active
144,36864.000000,37120.000000,256.000000,256.000000,98.000000,45.000000,113.000000,0.000000,0.382812500,Source metric: sit_no_work_window_active
145,37120.000000,37376.000000,256.000000,256.000000,98.000000,40.000000,118.000000,0.000000,0.382812500,Source metric: sit_no_work_window_active
146,37376.000000,37632.000000,256.000000,256.000000,102.000000,36.000000,118.000000,0.000000,0.398437500,Source metric: sit_no_work_window_active
147,37632.000000,37888.000000,256.000000,256.000000,95.000000,49.000000,112.000000,0.000000,0.371093750,Source metric: sit_no_work_window_active
148,37888.000000,38144.000000,256.000000,256.000000,99.000000,38.000000,119.000000,0.000000,0.386718750,Source metric: sit_no_work_window_active
149,38144.000000,38400.000000,256.000000,256.000000,102.000000,38.000000,116.000000,0.000000,0.398437500,Source metric: sit_no_work_window_active
150,38400.000000,38656.000000,256.000000,256.000000,90.000000,56.000000,110.000000,0.000000,0.351562500,Source metric: sit_no_work_window_active
151,38656.000000,38912.000000,256.000000,256.000000,98.000000,39.000000,119.000000,0.000000,0.382812500,Source metric: sit_no_work_window_active
152,38912.000000,39168.000000,256.000000,256.000000,92.000000,51.000000,113.000000,0.000000,0.359375000,Source metric: sit_no_work_window_active
153,39168.000000,39424.000000,256.000000,256.000000,93.000000,49.000000,114.000000,0.000000,0.363281250,Source metric: sit_no_work_window_active
154,39424.000000,39680.000000,256.000000,256.000000,97.000000,43.000000,116.000000,0.000000,0.378906250,Source metric: sit_no_work_window_active
155,39680.000000,39936.000000,256.000000,256.000000,98.000000,39.000000,119.000000,0.000000,0.382812500,Source metric: sit_no_work_window_active
156,39936.000000,40192.000000,256.000000,256.000000,90.000000,48.000000,118.000000,0.000000,0.351562500,Source metric: sit_no_work_window_active
157,40192.000000,40448.000000,256.000000,256.000000,94.000000,48.000000,114.000000,0.000000,0.367187500,Source metric: sit_no_work_window_active
158,40448.000000,40704.000000,256.000000,256.000000,89.000000,72.000000,95.000000,0.000000,0.347656250,Source metric: sit_no_work_window_active
159,40704.000000,40960.000000,256.000000,256.000000,100.000000,41.000000,115.000000,0.000000,0.390625000,Source metric: sit_no_work_window_active
160,40960.000000,41216.000000,256.000000,256.000000,92.000000,56.000000,108.000000,0.000000,0.359375000,Source metric: sit_no_work_window_active
161,41216.000000,41472.000000,256.000000,256.000000,97.000000,42.000000,117.000000,0.000000,0.378906250,Source metric: sit_no_work_window_active
162,41472.000000,41728.000000,256.000000,256.000000,93.000000,48.000000,115.000000,0.000000,0.363281250,Source metric: sit_no_work_window_active
163,41728.000000,41984.000000,256.000000,256.000000,91.000000,55.000000,110.000000,0.000000,0.355468750,Source metric: sit_no_work_window_active
164,41984.000000,42240.000000,256.000000,256.000000,101.000000,38.000000,117.000000,0.000000,0.394531250,Source metric: sit_no_work_window_active
165,42240.000000,42496.000000,256.000000,256.000000,101.000000,35.000000,120.000000,0.000000,0.394531250,Source metric: sit_no_work_window_active
166,42496.000000,42752.000000,256.000000,256.000000,100.000000,39.000000,117.000000,0.000000,0.390625000,Source metric: sit_no_work_window_active
167,42752.000000,43008.000000,256.000000,256.000000,95.000000,46.000000,115.000000,0.000000,0.371093750,Source metric: sit_no_work_window_active
168,43008.000000,43264.000000,256.000000,256.000000,93.000000,53.000000,110.000000,0.000000,0.363281250,Source metric: sit_no_work_window_active
169,43264.000000,43520.000000,256.000000,256.000000,101.000000,38.000000,117.000000,0.000000,0.394531250,Source metric: sit_no_work_window_active
170,43520.000000,43776.000000,256.000000,256.000000,101.000000,35.000000,120.000000,0.000000,0.394531250,Source metric: sit_no_work_window_active
171,43776.000000,44032.000000,256.000000,256.000000,95.000000,42.000000,119.000000,0.000000,0.371093750,Source metric: sit_no_work_window_active
172,44032.000000,44288.000000,256.000000,256.000000,87.000000,56.000000,113.000000,0.000000,0.339843750,Source metric: sit_no_work_window_active
173,44288.000000,44544.000000,256.000000,256.000000,120.000000,56.000000,80.000000,0.000000,0.468750000,Source metric: sit_no_work_window_active
174,44544.000000,44800.000000,256.000000,256.000000,149.000000,53.000000,54.000000,0.000000,0.582031250,Source metric: sit_no_work_window_active
175,44800.000000,45056.000000,256.000000,256.000000,102.000000,37.000000,117.000000,0.000000,0.398437500,Source metric: sit_no_work_window_active
176,45056.000000,45312.000000,256.000000,256.000000,89.000000,53.000000,114.000000,0.000000,0.347656250,Source metric: sit_no_work_window_active
177,45312.000000,45568.000000,256.000000,256.000000,96.000000,47.000000,113.000000,0.000000,0.375000000,Source metric: sit_no_work_window_active
178,45568.000000,45824.000000,256.000000,256.000000,98.000000,55.000000,103.000000,0.000000,0.382812500,Source metric: sit_no_work_window_active
179,45824.000000,46080.000000,256.000000,256.000000,106.000000,43.000000,107.000000,0.000000,0.414062500,Source metric: sit_no_work_window_active
180,46080.000000,46336.000000,256.000000,256.000000,103.000000,44.000000,109.000000,0.000000,0.402343750,Source metric: sit_no_work_window_active
181,46336.000000,46592.000000,256.000000,256.000000,92.000000,49.000000,115.000000,0.000000,0.359375000,Source metric: sit_no_work_window_active
182,46592.000000,46848.000000,256.000000,256.000000,96.000000,46.000000,114.000000,0.000000,0.375000000,Source metric: sit_no_work_window_active
183,46848.000000,47104.000000,256.000000,256.000000,104.000000,44.000000,108.000000,0.000000,0.406250000,Source metric: sit_no_work_window_active
184,47104.000000,47360.000000,256.000000,256.000000,107.000000,38.000000,111.000000,0.000000,0.417968750,Source metric: sit_no_work_window_active
185,47360.000000,47616.000000,256.000000,256.000000,95.000000,48.000000,113.000000,0.000000,0.371093750,Source metric: sit_no_work_window_active
186,47616.000000,47872.000000,256.000000,256.000000,101.000000,46.000000,109.000000,0.000000,0.394531250,Source metric: sit_no_work_window_active
187,47872.000000,48128.000000,256.000000,256.000000,100.000000,40.000000,116.000000,0.000000,0.390625000,Source metric: sit_no_work_window_active
188,48128.000000,48384.000000,256.000000,256.000000,99.000000,47.000000,110.000000,0.000000,0.386718750,Source metric: sit_no_work_window_active
189,48384.000000,48640.000000,256.000000,256.000000,97.000000,55.000000,104.000000,0.000000,0.378906250,Source metric: sit_no_work_window_active
190,48640.000000,48896.000000,256.000000,256.000000,96.000000,46.000000,114.000000,0.000000,0.375000000,Source metric: sit_no_work_window_active
191,48896.000000,49152.000000,256.000000,256.000000,99.000000,42.000000,115.000000,0.000000,0.386718750,Source metric: sit_no_work_window_active
192,49152.000000,49408.000000,256.000000,256.000000,97.000000,54.000000,105.000000,0.000000,0.378906250,Source metric: sit_no_work_window_active
193,49408.000000,49664.000000,256.000000,256.000000,92.000000,54.000000,110.000000,0.000000,0.359375000,Source metric: sit_no_work_window_active
194,49664.000000,49920.000000,256.000000,256.000000,104.000000,38.000000,114.000000,0.000000,0.406250000,Source metric: sit_no_work_window_active
195,49920.000000,50176.000000,256.000000,256.000000,110.000000,36.000000,110.000000,0.000000,0.429687500,Source metric: sit_no_work_window_active
196,50176.000000,50432.000000,256.000000,256.000000,89.000000,53.000000,114.000000,0.000000,0.347656250,Source metric: sit_no_work_window_active
197,50432.000000,50688.000000,256.000000,256.000000,96.000000,46.000000,114.000000,0.000000,0.375000000,Source metric: sit_no_work_window_active
198,50688.000000,50944.000000,256.000000,256.000000,87.000000,74.000000,95.000000,0.000000,0.339843750,Source metric: sit_no_work_window_active
199,50944.000000,51200.000000,256.000000,256.000000,102.000000,55.000000,99.000000,0.000000,0.398437500,Source metric: sit_no_work_window_active
200,51200.000000,51456.000000,256.000000,256.000000,96.000000,47.000000,113.000000,0.000000,0.375000000,Source metric: sit_no_work_window_active
201,51456.000000,51712.000000,256.000000,256.000000,101.000000,43.000000,112.000000,0.000000,0.394531250,Source metric: sit_no_work_window_active
202,51712.000000,51968.000000,256.000000,256.000000,104.000000,51.000000,101.000000,0.000000,0.406250000,Source metric: sit_no_work_window_active
203,51968.000000,52224.000000,256.000000,256.000000,96.000000,47.000000,113.000000,0.000000,0.375000000,Source metric: sit_no_work_window_active
204,52224.000000,52480.000000,256.000000,256.000000,89.000000,53.000000,114.000000,0.000000,0.347656250,Source metric: sit_no_work_window_active
205,52480.000000,52736.000000,256.000000,256.000000,103.000000,39.000000,114.000000,0.000000,0.402343750,Source metric: sit_no_work_window_active
206,52736.000000,52992.000000,256.000000,256.000000,106.000000,40.000000,110.000000,0.000000,0.414062500,Source metric: sit_no_work_window_active
207,52992.000000,53248.000000,256.000000,256.000000,99.000000,43.000000,114.000000,0.000000,0.386718750,Source metric: sit_no_work_window_active
208,53248.000000,53504.000000,256.000000,256.000000,102.000000,42.000000,112.000000,0.000000,0.398437500,Source metric: sit_no_work_window_active
209,53504.000000,53760.000000,256.000000,256.000000,102.000000,45.000000,109.000000,0.000000,0.398437500,Source metric: sit_no_work_window_active
210,53760.000000,54016.000000,256.000000,256.000000,91.000000,55.000000,110.000000,0.000000,0.355468750,Source metric: sit_no_work_window_active
211,54016.000000,54272.000000,256.000000,256.000000,102.000000,41.000000,113.000000,0.000000,0.398437500,Source metric: sit_no_work_window_active
212,54272.000000,54528.000000,256.000000,256.000000,108.000000,38.000000,110.000000,0.000000,0.421875000,Source metric: sit_no_work_window_active
213,54528.000000,54784.000000,256.000000,256.000000,97.000000,45.000000,114.000000,0.000000,0.378906250,Source metric: sit_no_work_window_active
214,54784.000000,55040.000000,256.000000,256.000000,101.000000,42.000000,113.000000,0.000000,0.394531250,Source metric: sit_no_work_window_active
215,55040.000000,55296.000000,256.000000,256.000000,88.000000,60.000000,108.000000,0.000000,0.343750000,Source metric: sit_no_work_window_active
216,55296.000000,55552.000000,256.000000,256.000000,108.000000,30.000000,118.000000,0.000000,0.421875000,Source metric: sit_no_work_window_active
217,55552.000000,55808.000000,256.000000,256.000000,92.000000,49.000000,115.000000,0.000000,0.359375000,Source metric: sit_no_work_window_active
218,55808.000000,56064.000000,256.000000,256.000000,94.000000,46.000000,116.000000,0.000000,0.367187500,Source metric: sit_no_work_window_active
219,56064.000000,56320.000000,256.000000,256.000000,105.000000,48.000000,103.000000,0.000000,0.410156250,Source metric: sit_no_work_window_active
220,56320.000000,56576.000000,256.000000,256.000000,103.000000,35.000000,118.000000,0.000000,0.402343750,Source metric: sit_no_work_window_active
221,56576.000000,56832.000000,256.000000,256.000000,105.000000,44.000000,107.000000,0.000000,0.410156250,Source metric: sit_no_work_window_active
222,56832.000000,57088.000000,256.000000,256.000000,90.000000,52.000000,114.000000,0.000000,0.351562500,Source metric: sit_no_work_window_active
223,57088.000000,57344.000000,256.000000,256.000000,96.000000,48.000000,112.000000,0.000000,0.375000000,Source metric: sit_no_work_window_active
224,57344.000000,57600.000000,256.000000,256.000000,104.000000,45.000000,107.000000,0.000000,0.406250000,Source metric: sit_no_work_window_active
225,57600.000000,57856.000000,256.000000,256.000000,94.000000,46.000000,116.000000,0.000000,0.367187500,Source metric: sit_no_work_window_active
226,57856.000000,58112.000000,256.000000,256.000000,103.000000,39.000000,114.000000,0.000000,0.402343750,Source metric: sit_no_work_window_active
227,58112.000000,58368.000000,256.000000,256.000000,101.000000,40.000000,115.000000,0.000000,0.394531250,Source metric: sit_no_work_window_active
228,58368.000000,58624.000000,256.000000,256.000000,100.000000,42.000000,114.000000,0.000000,0.390625000,Source metric: sit_no_work_window_active
229,58624.000000,58880.000000,256.000000,256.000000,103.000000,54.000000,99.000000,0.000000,0.402343750,Source metric: sit_no_work_window_active
230,58880.000000,59136.000000,256.000000,256.000000,91.000000,48.000000,117.000000,0.000000,0.355468750,Source metric: sit_no_work_window_active
231,59136.000000,59392.000000,256.000000,256.000000,101.000000,42.000000,113.000000,0.000000,0.394531250,Source metric: sit_no_work_window_active
232,59392.000000,59648.000000,256.000000,256.000000,98.000000,43.000000,115.000000,0.000000,0.382812500,Source metric: sit_no_work_window_active
233,59648.000000,59904.000000,256.000000,256.000000,101.000000,45.000000,110.000000,0.000000,0.394531250,Source metric: sit_no_work_window_active
234,59904.000000,60160.000000,256.000000,256.000000,87.000000,55.000000,114.000000,0.000000,0.339843750,Source metric: sit_no_work_window_active
235,60160.000000,60416.000000,256.000000,256.000000,101.000000,37.000000,118.000000,0.000000,0.394531250,Source metric: sit_no_work_window_active
236,60416.000000,60672.000000,256.000000,256.000000,98.000000,49.000000,109.000000,0.000000,0.382812500,Source metric: sit_no_work_window_active
237,60672.000000,60928.000000,256.000000,256.000000,95.000000,49.000000,112.000000,0.000000,0.371093750,Source metric: sit_no_work_window_active
238,60928.000000,61184.000000,256.000000,256.000000,103.000000,38.000000,115.000000,0.000000,0.402343750,Source metric: sit_no_work_window_active
239,61184.000000,61440.000000,256.000000,256.000000,103.000000,49.000000,104.000000,0.000000,0.402343750,Source metric: sit_no_work_window_active
240,61440.000000,61696.000000,256.000000,256.000000,103.000000,39.000000,114.000000,0.000000,0.402343750,Source metric: sit_no_work_window_active
241,61696.000000,61952.000000,256.000000,256.000000,100.000000,49.000000,107.000000,0.000000,0.390625000,Source metric: sit_no_work_window_active
242,61952.000000,62208.000000,256.000000,256.000000,90.000000,50.000000,116.000000,0.000000,0.351562500,Source metric: sit_no_work_window_active
243,62208.000000,62464.000000,256.000000,256.000000,103.000000,40.000000,113.000000,0.000000,0.402343750,Source metric: sit_no_work_window_active
244,62464.000000,62720.000000,256.000000,256.000000,97.000000,41.000000,118.000000,0.000000,0.378906250,Source metric: sit_no_work_window_active
245,62720.000000,62976.000000,256.000000,256.000000,100.000000,44.000000,112.000000,0.000000,0.390625000,Source metric: sit_no_work_window_active
246,62976.000000,63232.000000,256.000000,256.000000,98.000000,43.000000,115.000000,0.000000,0.382812500,Source metric: sit_no_work_window_active
247,63232.000000,63488.000000,256.000000,256.000000,106.000000,47.000000,103.000000,0.000000,0.414062500,Source metric: sit_no_work_window_active
248,63488.000000,63744.000000,256.000000,256.000000,101.000000,41.000000,114.000000,0.000000,0.394531250,Source metric: sit_no_work_window_active
249,63744.000000,64000.000000,256.000000,256.000000,101.000000,40.000000,115.000000,0.000000,0.394531250,Source metric: sit_no_work_window_active
250,64000.000000,64256.000000,256.000000,256.000000,98.000000,39.000000,119.000000,0.000000,0.382812500,Source metric: sit_no_work_window_active
251,64256.000000,64512.000000,256.000000,256.000000,98.000000,48.000000,110.000000,0.000000,0.382812500,Source metric: sit_no_work_window_active
252,64512.000000,64768.000000,256.000000,256.000000,99.000000,40.000000,117.000000,0.000000,0.386718750,Source metric: sit_no_work_window_active
253,64768.000000,65024.000000,256.000000,256.000000,94.000000,37.000000,125.000000,0.000000,0.367187500,Source metric: sit_no_work_window_active
254,65024.000000,65280.000000,256.000000,256.000000,96.000000,52.000000,108.000000,0.000000,0.375000000,Source metric: sit_no_work_window_active
255,65280.000000,65536.000000,256.000000,256.000000,97.000000,51.000000,108.000000,0.000000,0.378906250,Source metric: sit_no_work_window_active
256,65536.000000,65792.000000,256.000000,256.000000,105.000000,53.000000,98.000000,0.000000,0.410156250,Source metric: sit_no_work_window_active
257,65792.000000,66048.000000,256.000000,256.000000,101.000000,48.000000,107.000000,0.000000,0.394531250,Source metric: sit_no_work_window_active
258,66048.000000,66304.000000,256.000000,256.000000,94.000000,52.000000,110.000000,0.000000,0.367187500,Source metric: sit_no_work_window_active
259,66304.000000,66560.000000,256.000000,256.000000,89.000000,50.000000,117.000000,0.000000,0.347656250,Source metric: sit_no_work_window_active
260,66560.000000,66816.000000,256.000000,256.000000,93.000000,56.000000,107.000000,0.000000,0.363281250,Source metric: sit_no_work_window_active
261,66816.000000,67072.000000,256.000000,256.000000,108.000000,47.000000,101.000000,0.000000,0.421875000,Source metric: sit_no_work_window_active
262,67072.000000,67328.000000,256.000000,256.000000,95.000000,48.000000,113.000000,0.000000,0.371093750,Source metric: sit_no_work_window_active
263,67328.000000,67584.000000,256.000000,256.000000,96.000000,54.000000,106.000000,0.000000,0.375000000,Source metric: sit_no_work_window_active
264,67584.000000,67840.000000,256.000000,256.000000,104.000000,42.000000,110.000000,0.000000,0.406250000,Source metric: sit_no_work_window_active
265,67840.000000,68096.000000,256.000000,256.000000,105.000000,49.000000,102.000000,0.000000,0.410156250,Source metric: sit_no_work_window_active
266,68096.000000,68352.000000,256.000000,256.000000,104.000000,47.000000,105.000000,0.000000,0.406250000,Source metric: sit_no_work_window_active
267,68352.000000,68608.000000,256.000000,256.000000,101.000000,52.000000,103.000000,0.000000,0.394531250,Source metric: sit_no_work_window_active
268,68608.000000,68864.000000,256.000000,256.000000,101.000000,54.000000,101.000000,0.000000,0.394531250,Source metric: sit_no_work_window_active
269,68864.000000,69120.000000,256.000000,256.000000,89.000000,55.000000,112.000000,0.000000,0.347656250,Source metric: sit_no_work_window_active
270,69120.000000,69376.000000,256.000000,256.000000,102.000000,49.000000,105.000000,0.000000,0.398437500,Source metric: sit_no_work_window_active
271,69376.000000,69632.000000,256.000000,256.000000,91.000000,52.000000,113.000000,0.000000,0.355468750,Source metric: sit_no_work_window_active
272,69632.000000,69888.000000,256.000000,256.000000,88.000000,55.000000,113.000000,0.000000,0.343750000,Source metric: sit_no_work_window_active
273,69888.000000,70144.000000,256.000000,256.000000,99.000000,56.000000,101.000000,0.000000,0.386718750,Source metric: sit_no_work_window_active
274,70144.000000,70400.000000,256.000000,256.000000,76.000000,49.000000,131.000000,0.000000,0.296875000,Source metric: sit_no_work_window_active
275,70400.000000,70656.000000,256.000000,256.000000,93.000000,50.000000,113.000000,0.000000,0.363281250,Source metric: sit_no_work_window_active
276,70656.000000,70912.000000,256.000000,256.000000,102.000000,57.000000,97.000000,0.000000,0.398437500,Source metric: sit_no_work_window_active
277,70912.000000,71168.000000,256.000000,256.000000,97.000000,41.000000,118.000000,0.000000,0.378906250,Source metric: sit_no_work_window_active
278,71168.000000,71424.000000,256.000000,256.000000,88.000000,62.000000,106.000000,0.000000,0.343750000,Source metric: sit_no_work_window_active
279,71424.000000,71680.000000,256.000000,256.000000,96.000000,54.000000,106.000000,0.000000,0.375000000,Source metric: sit_no_work_window_active
280,71680.000000,71936.000000,256.000000,256.000000,102.000000,42.000000,112.000000,0.000000,0.398437500,Source metric: sit_no_work_window_active
281,71936.000000,72192.000000,256.000000,256.000000,100.000000,53.000000,103.000000,0.000000,0.390625000,Source metric: sit_no_work_window_active
282,72192.000000,72448.000000,256.000000,256.000000,101.000000,50.000000,105.000000,0.000000,0.394531250,Source metric: sit_no_work_window_active
283,72448.000000,72704.000000,256.000000,256.000000,99.000000,57.000000,100.000000,0.000000,0.386718750,Source metric: sit_no_work_window_active
284,72704.000000,72960.000000,256.000000,256.000000,94.000000,49.000000,113.000000,0.000000,0.367187500,Source metric: sit_no_work_window_active
285,72960.000000,73216.000000,256.000000,256.000000,97.000000,50.000000,109.000000,0.000000,0.378906250,Source metric: sit_no_work_window_active
286,73216.000000,73472.000000,256.000000,256.000000,95.000000,51.000000,110.000000,0.000000,0.371093750,Source metric: sit_no_work_window_active
287,73472.000000,73728.000000,256.000000,256.000000,99.000000,54.000000,103.000000,0.000000,0.386718750,Source metric: sit_no_work_window_active
288,73728.000000,73984.000000,256.000000,256.000000,106.000000,49.000000,101.000000,0.000000,0.414062500,Source metric: sit_no_work_window_active
289,73984.000000,74240.000000,256.000000,256.000000,102.000000,46.000000,108.000000,0.000000,0.398437500,Source metric: sit_no_work_window_active
290,74240.000000,74496.000000,256.000000,256.000000,91.000000,56.000000,109.000000,0.000000,0.355468750,Source metric: sit_no_work_window_active
291,74496.000000,74752.000000,256.000000,256.000000,85.000000,58.000000,113.000000,0.000000,0.332031250,Source metric: sit_no_work_window_active
292,74752.000000,75008.000000,256.000000,256.000000,92.000000,53.000000,111.000000,0.000000,0.359375000,Source metric: sit_no_work_window_active
293,75008.000000,75264.000000,256.000000,256.000000,98.000000,48.000000,110.000000,0.000000,0.382812500,Source metric: sit_no_work_window_active
294,75264.000000,75520.000000,256.000000,256.000000,103.000000,47.000000,106.000000,0.000000,0.402343750,Source metric: sit_no_work_window_active
295,75520.000000,75776.000000,256.000000,256.000000,95.000000,56.000000,105.000000,0.000000,0.371093750,Source metric: sit_no_work_window_active
296,75776.000000,76032.000000,256.000000,256.000000,96.000000,53.000000,107.000000,0.000000,0.375000000,Source metric: sit_no_work_window_active
297,76032.000000,76288.000000,256.000000,256.000000,107.000000,48.000000,101.000000,0.000000,0.417968750,Source metric: sit_no_work_window_active
298,76288.000000,76544.000000,256.000000,256.000000,98.000000,56.000000,102.000000,0.000000,0.382812500,Source metric: sit_no_work_window_active
299,76544.000000,76800.000000,256.000000,256.000000,87.000000,45.000000,124.000000,0.000000,0.339843750,Source metric: sit_no_work_window_active
300,76800.000000,77056.000000,256.000000,256.000000,91.000000,53.000000,112.000000,0.000000,0.355468750,Source metric: sit_no_work_window_active
301,77056.000000,77312.000000,256.000000,256.000000,99.000000,31.000000,126.000000,0.000000,0.386718750,Source metric: sit_no_work_window_active
302,77312.000000,77568.000000,256.000000,256.000000,91.000000,53.000000,112.000000,0.000000,0.355468750,Source metric: sit_no_work_window_active
303,77568.000000,77824.000000,256.000000,256.000000,98.000000,47.000000,111.000000,0.000000,0.382812500,Source metric: sit_no_work_window_active
304,77824.000000,78080.000000,256.000000,256.000000,93.000000,61.000000,102.000000,0.000000,0.363281250,Source metric: sit_no_work_window_active
305,78080.000000,78336.000000,256.000000,256.000000,102.000000,44.000000,110.000000,0.000000,0.398437500,Source metric: sit_no_work_window_active
306,78336.000000,78592.000000,256.000000,256.000000,95.000000,52.000000,109.000000,0.000000,0.371093750,Source metric: sit_no_work_window_active
307,78592.000000,78848.000000,256.000000,256.000000,94.000000,44.000000,118.000000,0.000000,0.367187500,Source metric: sit_no_work_window_active
308,78848.000000,79104.000000,256.000000,256.000000,97.000000,51.000000,108.000000,0.000000,0.378906250,Source metric: sit_no_work_window_active
309,79104.000000,79360.000000,256.000000,256.000000,100.000000,44.000000,112.000000,0.000000,0.390625000,Source metric: sit_no_work_window_active
310,79360.000000,79616.000000,256.000000,256.000000,101.000000,44.000000,111.000000,0.000000,0.394531250,Source metric: sit_no_work_window_active
311,79616.000000,79872.000000,256.000000,256.000000,104.000000,36.000000,116.000000,0.000000,0.406250000,Source metric: sit_no_work_window_active
312,79872.000000,80128.000000,256.000000,256.000000,91.000000,58.000000,107.000000,0.000000,0.355468750,Source metric: sit_no_work_window_active
313,80128.000000,80384.000000,256.000000,256.000000,101.000000,47.000000,108.000000,0.000000,0.394531250,Source metric: sit_no_work_window_active
314,80384.000000,80640.000000,256.000000,256.000000,102.000000,45.000000,109.000000,0.000000,0.398437500,Source metric: sit_no_work_window_active
315,80640.000000,80896.000000,256.000000,256.000000,93.000000,59.000000,104.000000,0.000000,0.363281250,Source metric: sit_no_work_window_active
316,80896.000000,81152.000000,256.000000,256.000000,95.000000,44.000000,117.000000,0.000000,0.371093750,Source metric: sit_no_work_window_active
317,81152.000000,81408.000000,256.000000,256.000000,100.000000,45.000000,111.000000,0.000000,0.390625000,Source metric: sit_no_work_window_active
318,81408.000000,81664.000000,256.000000,256.000000,92.000000,53.000000,111.000000,0.000000,0.359375000,Source metric: sit_no_work_window_active
319,81664.000000,81920.000000,256.000000,256.000000,89.000000,63.000000,104.000000,0.000000,0.347656250,Source metric: sit_no_work_window_active
320,81920.000000,82176.000000,256.000000,256.000000,89.000000,55.000000,112.000000,0.000000,0.347656250,Source metric: sit_no_work_window_active
321,82176.000000,82432.000000,256.000000,256.000000,105.000000,36.000000,115.000000,0.000000,0.410156250,Source metric: sit_no_work_window_active
322,82432.000000,82688.000000,256.000000,256.000000,99.000000,42.000000,115.000000,0.000000,0.386718750,Source metric: sit_no_work_window_active
323,82688.000000,82944.000000,256.000000,256.000000,90.000000,52.000000,114.000000,0.000000,0.351562500,Source metric: sit_no_work_window_active
324,82944.000000,83200.000000,256.000000,256.000000,98.000000,46.000000,112.000000,0.000000,0.382812500,Source metric: sit_no_work_window_active
325,83200.000000,83456.000000,256.000000,256.000000,89.000000,69.000000,98.000000,0.000000,0.347656250,Source metric: sit_no_work_window_active
326,83456.000000,83712.000000,256.000000,256.000000,97.000000,55.000000,104.000000,0.000000,0.378906250,Source metric: sit_no_work_window_active
327,83712.000000,83968.000000,256.000000,256.000000,95.000000,49.000000,112.000000,0.000000,0.371093750,Source metric: sit_no_work_window_active
328,83968.000000,84224.000000,256.000000,256.000000,90.000000,54.000000,112.000000,0.000000,0.351562500,Source metric: sit_no_work_window_active
329,84224.000000,84480.000000,256.000000,256.000000,86.000000,55.000000,115.000000,0.000000,0.335937500,Source metric: sit_no_work_window_active
330,84480.000000,84736.000000,256.000000,256.000000,102.000000,41.000000,113.000000,0.000000,0.398437500,Source metric: sit_no_work_window_active
331,84736.000000,84992.000000,256.000000,256.000000,89.000000,52.000000,115.000000,0.000000,0.347656250,Source metric: sit_no_work_window_active
332,84992.000000,85248.000000,256.000000,256.000000,89.000000,59.000000,108.000000,0.000000,0.347656250,Source metric: sit_no_work_window_active
333,85248.000000,85504.000000,256.000000,256.000000,97.000000,52.000000,107.000000,0.000000,0.378906250,Source metric: sit_no_work_window_active
334,85504.000000,85760.000000,256.000000,256.000000,92.000000,48.000000,116.000000,0.000000,0.359375000,Source metric: sit_no_work_window_active
335,85760.000000,86016.000000,256.000000,256.000000,104.000000,37.000000,115.000000,0.000000,0.406250000,Source metric: sit_no_work_window_active
336,86016.000000,86272.000000,256.000000,256.000000,99.000000,46.000000,111.000000,0.000000,0.386718750,Source metric: sit_no_work_window_active
337,86272.000000,86528.000000,256.000000,256.000000,96.000000,52.000000,108.000000,0.000000,0.375000000,Source metric: sit_no_work_window_active
338,86528.000000,86784.000000,256.000000,256.000000,95.000000,49.000000,112.000000,0.000000,0.371093750,Source metric: sit_no_work_window_active
339,86784.000000,87040.000000,256.000000,256.000000,94.000000,56.000000,106.000000,0.000000,0.367187500,Source metric: sit_no_work_window_active
340,87040.000000,87296.000000,256.000000,256.000000,97.000000,52.000000,107.000000,0.000000,0.378906250,Source metric: sit_no_work_window_active
341,87296.000000,87552.000000,256.000000,256.000000,92.000000,52.000000,112.000000,0.000000,0.359375000,Source metric: sit_no_work_window_active
342,87552.000000,87808.000000,256.000000,256.000000,102.000000,36.000000,118.000000,0.000000,0.398437500,Source metric: sit_no_work_window_active
343,87808.000000,88064.000000,256.000000,256.000000,98.000000,55.000000,103.000000,0.000000,0.382812500,Source metric: sit_no_work_window_active
344,88064.000000,88320.000000,256.000000,256.000000,94.000000,39.000000,123.000000,0.000000,0.367187500,Source metric: sit_no_work_window_active
345,88320.000000,88576.000000,256.000000,256.000000,84.000000,61.000000,111.000000,0.000000,0.328125000,Source metric: sit_no_work_window_active
346,88576.000000,88832.000000,256.000000,256.000000,106.000000,27.000000,123.000000,0.000000,0.414062500,Source metric: sit_no_work_window_active
347,88832.000000,89088.000000,256.000000,256.000000,94.000000,52.000000,110.000000,0.000000,0.367187500,Source metric: sit_no_work_window_active
348,89088.000000,89344.000000,256.000000,256.000000,96.000000,50.000000,110.000000,0.000000,0.375000000,Source metric: sit_no_work_window_active
349,89344.000000,89600.000000,256.000000,256.000000,91.000000,67.000000,98.000000,0.000000,0.355468750,Source metric: sit_no_work_window_active
350,89600.000000,89856.000000,256.000000,256.000000,104.000000,43.000000,109.000000,0.000000,0.406250000,Source metric: sit_no_work_window_active
351,89856.000000,90112.000000,256.000000,256.000000,103.000000,49.000000,104.000000,0.000000,0.402343750,Source metric: sit_no_work_window_active
352,90112.000000,90368.000000,256.000000,256.000000,92.000000,46.000000,118.000000,0.000000,0.359375000,Source metric: sit_no_work_window_active
353,90368.000000,90624.000000,256.000000,256.000000,93.000000,54.000000,109.000000,0.000000,0.363281250,Source metric: sit_no_work_window_active
354,90624.000000,90880.000000,256.000000,256.000000,101.000000,47.000000,108.000000,0.000000,0.394531250,Source metric: sit_no_work_window_active
355,90880.000000,91136.000000,256.000000,256.000000,104.000000,45.000000,107.000000,0.000000,0.406250000,Source metric: sit_no_work_window_active
356,91136.000000,91392.000000,256.000000,256.000000,102.000000,39.000000,115.000000,0.000000,0.398437500,Source metric: sit_no_work_window_active
357,91392.000000,91648.000000,256.000000,256.000000,95.000000,52.000000,109.000000,0.000000,0.371093750,Source metric: sit_no_work_window_active
358,91648.000000,91904.000000,256.000000,256.000000,98.000000,55.000000,103.000000,0.000000,0.382812500,Source metric: sit_no_work_window_active
359,91904.000000,92160.000000,256.000000,256.000000,98.000000,52.000000,106.000000,0.000000,0.382812500,Source metric: sit_no_work_window_active
360,92160.000000,92416.000000,256.000000,256.000000,96.000000,49.000000,111.000000,0.000000,0.375000000,Source metric: sit_no_work_window_active
361,92416.000000,92672.000000,256.000000,256.000000,99.000000,53.000000,104.000000,0.000000,0.386718750,Source metric: sit_no_work_window_active
362,92672.000000,92928.000000,256.000000,256.000000,95.000000,54.000000,107.000000,0.000000,0.371093750,Source metric: sit_no_work_window_active
363,92928.000000,93184.000000,256.000000,256.000000,93.000000,53.000000,110.000000,0.000000,0.363281250,Source metric: sit_no_work_window_active
364,93184.000000,93440.000000,256.000000,256.000000,99.000000,51.000000,106.000000,0.000000,0.386718750,Source metric: sit_no_work_window_active
365,93440.000000,93696.000000,256.000000,256.000000,88.000000,57.000000,111.000000,0.000000,0.343750000,Source metric: sit_no_work_window_active
366,93696.000000,93952.000000,256.000000,256.000000,101.000000,58.000000,97.000000,0.000000,0.394531250,Source metric: sit_no_work_window_active
367,93952.000000,94208.000000,256.000000,256.000000,89.000000,49.000000,118.000000,0.000000,0.347656250,Source metric: sit_no_work_window_active
368,94208.000000,94464.000000,256.000000,256.000000,104.000000,43.000000,109.000000,0.000000,0.406250000,Source metric: sit_no_work_window_active
369,94464.000000,94720.000000,256.000000,256.000000,99.000000,37.000000,120.000000,0.000000,0.386718750,Source metric: sit_no_work_window_active
370,94720.000000,94976.000000,256.000000,256.000000,93.000000,52.000000,111.000000,0.000000,0.363281250,Source metric: sit_no_work_window_active
371,94976.000000,95232.000000,256.000000,256.000000,97.000000,52.000000,107.000000,0.000000,0.378906250,Source metric: sit_no_work_window_active
372,95232.000000,95488.000000,256.000000,256.000000,88.000000,72.000000,96.000000,0.000000,0.343750000,Source metric: sit_no_work_window_active
373,95488.000000,95744.000000,256.000000,256.000000,100.000000,53.000000,103.000000,0.000000,0.390625000,Source metric: sit_no_work_window_active
374,95744.000000,96000.000000,256.000000,256.000000,94.000000,49.000000,113.000000,0.000000,0.367187500,Source metric: sit_no_work_window_active
375,96000.000000,96256.000000,256.000000,256.000000,97.000000,57.000000,102.000000,0.000000,0.378906250,Source metric: sit_no_work_window_active
376,96256.000000,96512.000000,256.000000,256.000000,84.000000,58.000000,114.000000,0.000000,0.328125000,Source metric: sit_no_work_window_active
377,96512.000000,96768.000000,256.000000,256.000000,99.000000,46.000000,111.000000,0.000000,0.386718750,Source metric: sit_no_work_window_active
378,96768.000000,97024.000000,256.000000,256.000000,86.000000,56.000000,114.000000,0.000000,0.335937500,Source metric: sit_no_work_window_active
379,97024.000000,97280.000000,256.000000,256.000000,89.000000,51.000000,116.000000,0.000000,0.347656250,Source metric: sit_no_work_window_active
380,97280.000000,97536.000000,256.000000,256.000000,93.000000,57.000000,106.000000,0.000000,0.363281250,Source metric: sit_no_work_window_active
381,97536.000000,97792.000000,256.000000,256.000000,97.000000,41.000000,118.000000,0.000000,0.378906250,Source metric: sit_no_work_window_active
382,97792.000000,98048.000000,256.000000,256.000000,97.000000,48.000000,111.000000,0.000000,0.378906250,Source metric: sit_no_work_window_active
383,98048.000000,98304.000000,256.000000,256.000000,95.000000,53.000000,108.000000,0.000000,0.371093750,Source metric: sit_no_work_window_active
384,98304.000000,98560.000000,256.000000,256.000000,99.000000,52.000000,105.000000,0.000000,0.386718750,Source metric: sit_no_work_window_active
385,98560.000000,98816.000000,256.000000,256.000000,101.000000,46.000000,109.000000,0.000000,0.394531250,Source metric: sit_no_work_window_active
386,98816.000000,99072.000000,256.000000,256.000000,104.000000,37.000000,115.000000,0.000000,0.406250000,Source metric: sit_no_work_window_active
387,99072.000000,99328.000000,256.000000,256.000000,95.000000,58.000000,103.000000,0.000000,0.371093750,Source metric: sit_no_work_window_active
388,99328.000000,99584.000000,256.000000,256.000000,99.000000,43.000000,114.000000,0.000000,0.386718750,Source metric: sit_no_work_window_active
389,99584.000000,99840.000000,256.000000,256.000000,98.000000,55.000000,103.000000,0.000000,0.382812500,Source metric: sit_no_work_window_active
390,99840.000000,100096.000000,256.000000,256.000000,95.000000,50.000000,111.000000,0.000000,0.371093750,Source metric: sit_no_work_window_active
391,100096.000000,100352.000000,256.000000,256.000000,100.000000,42.000000,114.000000,0.000000,0.390625000,Source metric: sit_no_work_window_active
392,100352.000000,100608.000000,256.000000,256.000000,94.000000,56.000000,106.000000,0.000000,0.367187500,Source metric: sit_no_work_window_active
393,100608.000000,100864.000000,256.000000,256.000000,92.000000,50.000000,114.000000,0.000000,0.359375000,Source metric: sit_no_work_window_active
394,100864.000000,101120.000000,256.000000,256.000000,97.000000,38.000000,121.000000,0.000000,0.378906250,Source metric: sit_no_work_window_active
395,101120.000000,101376.000000,256.000000,256.000000,94.000000,43.000000,119.000000,0.000000,0.367187500,Source metric: sit_no_work_window_active
396,101376.000000,101632.000000,256.000000,256.000000,98.000000,43.000000,115.000000,0.000000,0.382812500,Source metric: sit_no_work_window_active
397,101632.000000,101888.000000,256.000000,256.000000,95.000000,50.000000,111.000000,0.000000,0.371093750,Source metric: sit_no_work_window_active
398,101888.000000,102144.000000,256.000000,256.000000,105.000000,31.000000,120.000000,0.000000,0.410156250,Source metric: sit_no_work_window_active
399,102144.000000,102400.000000,256.000000,256.000000,91.000000,47.000000,118.000000,0.000000,0.355468750,Source metric: sit_no_work_window_active
400,102400.000000,102656.000000,256.000000,256.000000,86.000000,56.000000,114.000000,0.000000,0.335937500,Source metric: sit_no_work_window_active
401,102656.000000,102912.000000,256.000000,256.000000,101.000000,39.000000,116.000000,0.000000,0.394531250,Source metric: sit_no_work_window_active
402,102912.000000,103168.000000,256.000000,256.000000,105.000000,34.000000,117.000000,0.000000,0.410156250,Source metric: sit_no_work_window_active
403,103168.000000,103424.000000,256.000000,256.000000,104.000000,33.000000,119.000000,0.000000,0.406250000,Source metric: sit_no_work_window_active
404,103424.000000,103680.000000,256.000000,256.000000,103.000000,35.000000,118.000000,0.000000,0.402343750,Source metric: sit_no_work_window_active
405,103680.000000,103936.000000,256.000000,256.000000,92.000000,54.000000,110.000000,0.000000,0.359375000,Source metric: sit_no_work_window_active
406,103936.000000,104192.000000,256.000000,256.000000,97.000000,40.000000,119.000000,0.000000,0.378906250,Source metric: sit_no_work_window_active
407,104192.000000,104448.000000,256.000000,256.000000,95.000000,39.000000,122.000000,0.000000,0.371093750,Source metric: sit_no_work_window_active
408,104448.000000,104704.000000,256.000000,256.000000,94.000000,46.000000,116.000000,0.000000,0.367187500,Source metric: sit_no_work_window_active
409,104704.000000,104960.000000,256.000000,256.000000,96.000000,41.000000,119.000000,0.000000,0.375000000,Source metric: sit_no_work_window_active
410,104960.000000,105216.000000,256.000000,256.000000,92.000000,47.000000,117.000000,0.000000,0.359375000,Source metric: sit_no_work_window_active
411,105216.000000,105472.000000,256.000000,256.000000,97.000000,42.000000,117.000000,0.000000,0.378906250,Source metric: sit_no_work_window_active
412,105472.000000,105728.000000,256.000000,256.000000,100.000000,46.000000,110.000000,0.000000,0.390625000,Source metric: sit_no_work_window_active
413,105728.000000,105984.000000,256.000000,256.000000,97.000000,40.000000,119.000000,0.000000,0.378906250,Source metric: sit_no_work_window_active
414,105984.000000,106240.000000,256.000000,256.000000,100.000000,41.000000,115.000000,0.000000,0.390625000,Source metric: sit_no_work_window_active
415,106240.000000,106496.000000,256.000000,256.000000,95.000000,43.000000,118.000000,0.000000,0.371093750,Source metric: sit_no_work_window_active
416,106496.000000,106752.000000,256.000000,256.000000,103.000000,34.000000,119.000000,0.000000,0.402343750,Source metric: sit_no_work_window_active
417,106752.000000,107008.000000,256.000000,256.000000,95.000000,40.000000,121.000000,0.000000,0.371093750,Source metric: sit_no_work_window_active
418,107008.000000,107264.000000,256.000000,256.000000,104.000000,40.000000,112.000000,0.000000,0.406250000,Source metric: sit_no_work_window_active
419,107264.000000,107520.000000,256.000000,256.000000,103.000000,34.000000,119.000000,0.000000,0.402343750,Source metric: sit_no_work_window_active
420,107520.000000,107776.000000,256.000000,256.000000,96.000000,40.000000,120.000000,0.000000,0.375000000,Source metric: sit_no_work_window_active
421,107776.000000,108032.000000,256.000000,256.000000,97.000000,42.000000,117.000000,0.000000,0.378906250,Source metric: sit_no_work_window_active
422,108032.000000,108288.000000,256.000000,256.000000,82.000000,60.000000,114.000000,0.000000,0.320312500,Source metric: sit_no_work_window_active
423,108288.000000,108544.000000,256.000000,256.000000,103.000000,47.000000,106.000000,0.000000,0.402343750,Source metric: sit_no_work_window_active
424,108544.000000,108800.000000,256.000000,256.000000,86.000000,85.000000,85.000000,0.000000,0.335937500,Source metric: sit_no_work_window_active
425,108800.000000,109056.000000,256.000000,256.000000,85.000000,85.000000,86.000000,0.000000,0.332031250,Source metric: sit_no_work_window_active
426,109056.000000,109312.000000,256.000000,256.000000,85.000000,86.000000,85.000000,0.000000,0.332031250,Source metric: sit_no_work_window_active
427,109312.000000,109568.000000,256.000000,256.000000,86.000000,85.000000,85.000000,0.000000,0.335937500,Source metric: sit_no_work_window_active
428,109568.000000,109824.000000,256.000000,256.000000,85.000000,85.000000,86.000000,0.000000,0.332031250,Source metric: sit_no_work_window_active
429,109824.000000,110080.000000,256.000000,256.000000,92.000000,79.000000,85.000000,0.000000,0.359375000,Source metric: sit_no_work_window_active
430,110080.000000,110336.000000,256.000000,256.000000,99.000000,69.000000,88.000000,0.000000,0.386718750,Source metric: sit_no_work_window_active
431,110336.000000,110592.000000,256.000000,256.000000,85.000000,85.000000,86.000000,0.000000,0.332031250,Source metric: sit_no_work_window_active
432,110592.000000,110848.000000,256.000000,256.000000,85.000000,86.000000,85.000000,0.000000,0.332031250,Source metric: sit_no_work_window_active
433,110848.000000,111104.000000,256.000000,256.000000,86.000000,85.000000,85.000000,0.000000,0.335937500,Source metric: sit_no_work_window_active
434,111104.000000,111360.000000,256.000000,256.000000,85.000000,85.000000,86.000000,0.000000,0.332031250,Source metric: sit_no_work_window_active
435,111360.000000,111616.000000,256.000000,256.000000,85.000000,86.000000,85.000000,0.000000,0.332031250,Source metric: sit_no_work_window_active
436,111616.000000,111872.000000,256.000000,256.000000,108.000000,50.000000,98.000000,0.000000,0.421875000,Source metric: sit_no_work_window_active
437,111872.000000,112128.000000,256.000000,256.000000,122.000000,34.000000,100.000000,0.000000,0.476562500,Source metric: sit_no_work_window_active
438,112128.000000,112384.000000,256.000000,256.000000,122.000000,33.000000,101.000000,0.000000,0.476562500,Source metric: sit_no_work_window_active
439,112384.000000,112640.000000,256.000000,256.000000,123.000000,34.000000,99.000000,0.000000,0.480468750,Source metric: sit_no_work_window_active
440,112640.000000,112896.000000,256.000000,256.000000,123.000000,33.000000,100.000000,0.000000,0.480468750,Source metric: sit_no_work_window_active
441,112896.000000,113152.000000,256.000000,256.000000,122.000000,34.000000,100.000000,0.000000,0.476562500,Source metric: sit_no_work_window_active
442,113152.000000,113408.000000,256.000000,256.000000,122.000000,33.000000,101.000000,0.000000,0.476562500,Source metric: sit_no_work_window_active
443,113408.000000,113664.000000,256.000000,256.000000,123.000000,33.000000,100.000000,0.000000,0.480468750,Source metric: sit_no_work_window_active
444,113664.000000,113920.000000,256.000000,256.000000,122.000000,34.000000,100.000000,0.000000,0.476562500,Source metric: sit_no_work_window_active
445,113920.000000,114176.000000,256.000000,256.000000,122.000000,33.000000,101.000000,0.000000,0.476562500,Source metric: sit_no_work_window_active
446,114176.000000,114432.000000,256.000000,256.000000,123.000000,33.000000,100.000000,0.000000,0.480468750,Source metric: sit_no_work_window_active
447,114432.000000,114688.000000,256.000000,256.000000,123.000000,34.000000,99.000000,0.000000,0.480468750,Source metric: sit_no_work_window_active
448,114688.000000,114944.000000,256.000000,256.000000,122.000000,33.000000,101.000000,0.000000,0.476562500,Source metric: sit_no_work_window_active
449,114944.000000,115200.000000,256.000000,256.000000,122.000000,34.000000,100.000000,0.000000,0.476562500,Source metric: sit_no_work_window_active
450,115200.000000,115456.000000,256.000000,256.000000,122.000000,33.000000,101.000000,0.000000,0.476562500,Source metric: sit_no_work_window_active
451,115456.000000,115712.000000,256.000000,256.000000,123.000000,33.000000,100.000000,0.000000,0.480468750,Source metric: sit_no_work_window_active
452,115712.000000,115968.000000,256.000000,256.000000,123.000000,34.000000,99.000000,0.000000,0.480468750,Source metric: sit_no_work_window_active
453,115968.000000,116224.000000,256.000000,256.000000,122.000000,33.000000,101.000000,0.000000,0.476562500,Source metric: sit_no_work_window_active
454,116224.000000,116480.000000,256.000000,256.000000,122.000000,34.000000,100.000000,0.000000,0.476562500,Source metric: sit_no_work_window_active
455,116480.000000,116736.000000,256.000000,256.000000,123.000000,33.000000,100.000000,0.000000,0.480468750,Source metric: sit_no_work_window_active
456,116736.000000,116992.000000,256.000000,256.000000,123.000000,33.000000,100.000000,0.000000,0.480468750,Source metric: sit_no_work_window_active
457,116992.000000,117248.000000,256.000000,256.000000,121.000000,34.000000,101.000000,0.000000,0.472656250,Source metric: sit_no_work_window_active
458,117248.000000,117504.000000,256.000000,256.000000,123.000000,33.000000,100.000000,0.000000,0.480468750,Source metric: sit_no_work_window_active
459,117504.000000,117760.000000,256.000000,256.000000,123.000000,33.000000,100.000000,0.000000,0.480468750,Source metric: sit_no_work_window_active
460,117760.000000,118016.000000,256.000000,256.000000,122.000000,34.000000,100.000000,0.000000,0.476562500,Source metric: sit_no_work_window_active
461,118016.000000,118272.000000,256.000000,256.000000,122.000000,33.000000,101.000000,0.000000,0.476562500,Source metric: sit_no_work_window_active
462,118272.000000,118528.000000,256.000000,256.000000,123.000000,34.000000,99.000000,0.000000,0.480468750,Source metric: sit_no_work_window_active
463,118528.000000,118784.000000,256.000000,256.000000,123.000000,33.000000,100.000000,0.000000,0.480468750,Source metric: sit_no_work_window_active
464,118784.000000,119040.000000,256.000000,256.000000,122.000000,34.000000,100.000000,0.000000,0.476562500,Source metric: sit_no_work_window_active
465,119040.000000,119296.000000,256.000000,256.000000,122.000000,33.000000,101.000000,0.000000,0.476562500,Source metric: sit_no_work_window_active
466,119296.000000,119552.000000,256.000000,256.000000,123.000000,33.000000,100.000000,0.000000,0.480468750,Source metric: sit_no_work_window_active
467,119552.000000,119808.000000,256.000000,256.000000,122.000000,34.000000,100.000000,0.000000,0.476562500,Source metric: sit_no_work_window_active
468,119808.000000,120064.000000,256.000000,256.000000,122.000000,33.000000,101.000000,0.000000,0.476562500,Source metric: sit_no_work_window_active
469,120064.000000,120320.000000,256.000000,256.000000,123.000000,33.000000,100.000000,0.000000,0.480468750,Source metric: sit_no_work_window_active
470,120320.000000,120576.000000,256.000000,256.000000,123.000000,34.000000,99.000000,0.000000,0.480468750,Source metric: sit_no_work_window_active
471,120576.000000,120832.000000,256.000000,256.000000,122.000000,33.000000,101.000000,0.000000,0.476562500,Source metric: sit_no_work_window_active
472,120832.000000,121088.000000,256.000000,256.000000,122.000000,34.000000,100.000000,0.000000,0.476562500,Source metric: sit_no_work_window_active
473,121088.000000,121344.000000,256.000000,256.000000,122.000000,33.000000,101.000000,0.000000,0.476562500,Source metric: sit_no_work_window_active
474,121344.000000,121600.000000,256.000000,256.000000,123.000000,33.000000,100.000000,0.000000,0.480468750,Source metric: sit_no_work_window_active
475,121600.000000,121856.000000,256.000000,256.000000,123.000000,34.000000,99.000000,0.000000,0.480468750,Source metric: sit_no_work_window_active
476,121856.000000,122112.000000,256.000000,256.000000,122.000000,33.000000,101.000000,0.000000,0.476562500,Source metric: sit_no_work_window_active
477,122112.000000,122368.000000,256.000000,256.000000,122.000000,34.000000,100.000000,0.000000,0.476562500,Source metric: sit_no_work_window_active
478,122368.000000,122624.000000,256.000000,256.000000,123.000000,33.000000,100.000000,0.000000,0.480468750,Source metric: sit_no_work_window_active
479,122624.000000,122880.000000,256.000000,256.000000,123.000000,33.000000,100.000000,0.000000,0.480468750,Source metric: sit_no_work_window_active
480,122880.000000,123136.000000,256.000000,256.000000,121.000000,34.000000,101.000000,0.000000,0.472656250,Source metric: sit_no_work_window_active
481,123136.000000,123392.000000,256.000000,256.000000,123.000000,33.000000,100.000000,0.000000,0.480468750,Source metric: sit_no_work_window_active
482,123392.000000,123648.000000,256.000000,256.000000,114.000000,48.000000,94.000000,0.000000,0.445312500,Source metric: sit_no_work_window_active
483,123648.000000,123904.000000,256.000000,256.000000,85.000000,86.000000,85.000000,0.000000,0.332031250,Source metric: sit_no_work_window_active
484,123904.000000,124160.000000,256.000000,256.000000,86.000000,85.000000,85.000000,0.000000,0.335937500,Source metric: sit_no_work_window_active
485,124160.000000,124416.000000,256.000000,256.000000,85.000000,85.000000,86.000000,0.000000,0.332031250,Source metric: sit_no_work_window_active
486,124416.000000,124672.000000,256.000000,256.000000,85.000000,86.000000,85.000000,0.000000,0.332031250,Source metric: sit_no_work_window_active
487,124672.000000,124928.000000,256.000000,256.000000,86.000000,85.000000,85.000000,0.000000,0.335937500,Source metric: sit_no_work_window_active
488,124928.000000,125184.000000,256.000000,256.000000,92.000000,72.000000,92.000000,0.000000,0.359375000,Source metric: sit_no_work_window_active
489,125184.000000,125440.000000,256.000000,256.000000,123.000000,33.000000,100.000000,0.000000,0.480468750,Source metric: sit_no_work_window_active
490,125440.000000,125696.000000,256.000000,256.000000,121.000000,34.000000,101.000000,0.000000,0.472656250,Source metric: sit_no_work_window_active
491,125696.000000,125952.000000,256.000000,256.000000,123.000000,33.000000,100.000000,0.000000,0.480468750,Source metric: sit_no_work_window_active
492,125952.000000,126208.000000,256.000000,256.000000,123.000000,33.000000,100.000000,0.000000,0.480468750,Source metric: sit_no_work_window_active
493,126208.000000,126464.000000,256.000000,256.000000,122.000000,34.000000,100.000000,0.000000,0.476562500,Source metric: sit_no_work_window_active
494,126464.000000,126720.000000,256.000000,256.000000,122.000000,33.000000,101.000000,0.000000,0.476562500,Source metric: sit_no_work_window_active
495,126720.000000,126976.000000,256.000000,256.000000,123.000000,34.000000,99.000000,0.000000,0.480468750,Source metric: sit_no_work_window_active
496,126976.000000,127232.000000,256.000000,256.000000,123.000000,33.000000,100.000000,0.000000,0.480468750,Source metric: sit_no_work_window_active
497,127232.000000,127488.000000,256.000000,256.000000,122.000000,34.000000,100.000000,0.000000,0.476562500,Source metric: sit_no_work_window_active
498,127488.000000,127744.000000,256.000000,256.000000,122.000000,33.000000,101.000000,0.000000,0.476562500,Source metric: sit_no_work_window_active
499,127744.000000,128000.000000,256.000000,256.000000,123.000000,33.000000,100.000000,0.000000,0.480468750,Source metric: sit_no_work_window_active
500,128000.000000,128256.000000,256.000000,256.000000,122.000000,34.000000,100.000000,0.000000,0.476562500,Source metric: sit_no_work_window_active
501,128256.000000,128512.000000,256.000000,256.000000,122.000000,33.000000,101.000000,0.000000,0.476562500,Source metric: sit_no_work_window_active
502,128512.000000,128768.000000,256.000000,256.000000,123.000000,33.000000,100.000000,0.000000,0.480468750,Source metric: sit_no_work_window_active
503,128768.000000,129024.000000,256.000000,256.000000,123.000000,34.000000,99.000000,0.000000,0.480468750,Source metric: sit_no_work_window_active
504,129024.000000,129280.000000,256.000000,256.000000,122.000000,33.000000,101.000000,0.000000,0.476562500,Source metric: sit_no_work_window_active
505,129280.000000,129536.000000,256.000000,256.000000,122.000000,34.000000,100.000000,0.000000,0.476562500,Source metric: sit_no_work_window_active
506,129536.000000,129792.000000,256.000000,256.000000,122.000000,33.000000,101.000000,0.000000,0.476562500,Source metric: sit_no_work_window_active
507,129792.000000,130048.000000,256.000000,256.000000,123.000000,33.000000,100.000000,0.000000,0.480468750,Source metric: sit_no_work_window_active
508,130048.000000,130304.000000,256.000000,256.000000,123.000000,34.000000,99.000000,0.000000,0.480468750,Source metric: sit_no_work_window_active
509,130304.000000,130560.000000,256.000000,256.000000,122.000000,33.000000,101.000000,0.000000,0.476562500,Source metric: sit_no_work_window_active
510,130560.000000,130816.000000,256.000000,256.000000,122.000000,34.000000,100.000000,0.000000,0.476562500,Source metric: sit_no_work_window_active
511,130816.000000,131072.000000,256.000000,256.000000,123.000000,33.000000,100.000000,0.000000,0.480468750,Source metric: sit_no_work_window_active
512,131072.000000,131328.000000,256.000000,256.000000,123.000000,33.000000,100.000000,0.000000,0.480468750,Source metric: sit_no_work_window_active
513,131328.000000,131584.000000,256.000000,256.000000,121.000000,34.000000,101.000000,0.000000,0.472656250,Source metric: sit_no_work_window_active
514,131584.000000,131840.000000,256.000000,256.000000,123.000000,33.000000,100.000000,0.000000,0.480468750,Source metric: sit_no_work_window_active
515,131840.000000,132096.000000,256.000000,256.000000,123.000000,33.000000,100.000000,0.000000,0.480468750,Source metric: sit_no_work_window_active
516,132096.000000,132352.000000,256.000000,256.000000,122.000000,34.000000,100.000000,0.000000,0.476562500,Source metric: sit_no_work_window_active
517,132352.000000,132608.000000,256.000000,256.000000,122.000000,33.000000,101.000000,0.000000,0.476562500,Source metric: sit_no_work_window_active
518,132608.000000,132864.000000,256.000000,256.000000,123.000000,34.000000,99.000000,0.000000,0.480468750,Source metric: sit_no_work_window_active
519,132864.000000,133120.000000,256.000000,256.000000,123.000000,33.000000,100.000000,0.000000,0.480468750,Source metric: sit_no_work_window_active
520,133120.000000,133376.000000,256.000000,256.000000,122.000000,34.000000,100.000000,0.000000,0.476562500,Source metric: sit_no_work_window_active
521,133376.000000,133632.000000,256.000000,256.000000,122.000000,33.000000,101.000000,0.000000,0.476562500,Source metric: sit_no_work_window_active
522,133632.000000,133888.000000,256.000000,256.000000,123.000000,33.000000,100.000000,0.000000,0.480468750,Source metric: sit_no_work_window_active
523,133888.000000,134144.000000,256.000000,256.000000,122.000000,34.000000,100.000000,0.000000,0.476562500,Source metric: sit_no_work_window_active
524,134144.000000,134400.000000,256.000000,256.000000,122.000000,33.000000,101.000000,0.000000,0.476562500,Source metric: sit_no_work_window_active
525,134400.000000,134656.000000,256.000000,256.000000,123.000000,33.000000,100.000000,0.000000,0.480468750,Source metric: sit_no_work_window_active
526,134656.000000,134912.000000,256.000000,256.000000,123.000000,34.000000,99.000000,0.000000,0.480468750,Source metric: sit_no_work_window_active
527,134912.000000,135168.000000,256.000000,256.000000,122.000000,33.000000,101.000000,0.000000,0.476562500,Source metric: sit_no_work_window_active
528,135168.000000,135424.000000,256.000000,256.000000,122.000000,34.000000,100.000000,0.000000,0.476562500,Source metric: sit_no_work_window_active
529,135424.000000,135680.000000,256.000000,256.000000,122.000000,33.000000,101.000000,0.000000,0.476562500,Source metric: sit_no_work_window_active
530,135680.000000,135936.000000,256.000000,256.000000,123.000000,33.000000,100.000000,0.000000,0.480468750,Source metric: sit_no_work_window_active
531,135936.000000,136192.000000,256.000000,256.000000,123.000000,34.000000,99.000000,0.000000,0.480468750,Source metric: sit_no_work_window_active
532,136192.000000,136448.000000,256.000000,256.000000,122.000000,33.000000,101.000000,0.000000,0.476562500,Source metric: sit_no_work_window_active
533,136448.000000,136704.000000,256.000000,256.000000,122.000000,34.000000,100.000000,0.000000,0.476562500,Source metric: sit_no_work_window_active
534,136704.000000,136960.000000,256.000000,256.000000,120.000000,34.000000,102.000000,0.000000,0.468750000,Source metric: sit_no_work_window_active
535,136960.000000,137216.000000,256.000000,256.000000,96.000000,78.000000,82.000000,0.000000,0.375000000,Source metric: sit_no_work_window_active
536,137216.000000,137472.000000,256.000000,256.000000,85.000000,85.000000,86.000000,0.000000,0.332031250,Source metric: sit_no_work_window_active
537,137472.000000,137728.000000,256.000000,256.000000,85.000000,86.000000,85.000000,0.000000,0.332031250,Source metric: sit_no_work_window_active
538,137728.000000,137984.000000,256.000000,256.000000,86.000000,85.000000,85.000000,0.000000,0.335937500,Source metric: sit_no_work_window_active
539,137984.000000,138240.000000,256.000000,256.000000,85.000000,85.000000,86.000000,0.000000,0.332031250,Source metric: sit_no_work_window_active
540,138240.000000,138496.000000,256.000000,256.000000,85.000000,86.000000,85.000000,0.000000,0.332031250,Source metric: sit_no_work_window_active
541,138496.000000,138752.000000,256.000000,256.000000,107.000000,68.000000,81.000000,0.000000,0.417968750,Source metric: sit_no_work_window_active
542,138752.000000,139008.000000,256.000000,256.000000,16.000000,112.000000,128.000000,0.000000,0.062500000,Source metric: sit_no_work_window_active
543,139008.000000,139264.000000,256.000000,256.000000,0.000000,128.000000,128.000000,0.000000,0.000000000,Source metric: sit_no_work_window_active
544,139264.000000,139520.000000,256.000000,256.000000,0.000000,128.000000,128.000000,0.000000,0.000000000,Source metric: sit_no_work_window_active
545,139520.000000,139776.000000,256.000000,256.000000,0.000000,128.000000,128.000000,0.000000,0.000000000,Source metric: sit_no_work_window_active
546,139776.000000,140032.000000,256.000000,256.000000,9.000000,117.000000,130.000000,0.000000,0.035156250,Source metric: sit_no_work_window_active
547,140032.000000,140288.000000,256.000000,256.000000,98.000000,68.000000,90.000000,0.000000,0.382812500,Source metric: sit_no_work_window_active
548,140288.000000,140544.000000,256.000000,256.000000,70.000000,80.000000,106.000000,0.000000,0.273437500,Source metric: sit_no_work_window_active
549,140544.000000,140800.000000,256.000000,256.000000,0.000000,128.000000,128.000000,0.000000,0.000000000,Source metric: sit_no_work_window_active
550,140800.000000,141056.000000,256.000000,256.000000,0.000000,128.000000,128.000000,0.000000,0.000000000,Source metric: sit_no_work_window_active
551,141056.000000,141312.000000,256.000000,256.000000,0.000000,128.000000,128.000000,0.000000,0.000000000,Source metric: sit_no_work_window_active
552,141312.000000,141568.000000,256.000000,256.000000,0.000000,128.000000,128.000000,0.000000,0.000000000,Source metric: sit_no_work_window_active
553,141568.000000,141824.000000,256.000000,256.000000,0.000000,128.000000,128.000000,0.000000,0.000000000,Source metric: sit_no_work_window_active
554,141824.000000,142080.000000,256.000000,256.000000,0.000000,128.000000,128.000000,0.000000,0.000000000,Source metric: sit_no_work_window_active
555,142080.000000,142336.000000,256.000000,256.000000,0.000000,128.000000,128.000000,0.000000,0.000000000,Source metric: sit_no_work_window_active
556,142336.000000,142592.000000,256.000000,256.000000,0.000000,128.000000,128.000000,0.000000,0.000000000,Source metric: sit_no_work_window_active
557,142592.000000,142848.000000,256.000000,256.000000,0.000000,128.000000,128.000000,0.000000,0.000000000,Source metric: sit_no_work_window_active
558,142848.000000,143104.000000,256.000000,256.000000,0.000000,128.000000,128.000000,0.000000,0.000000000,Source metric: sit_no_work_window_active
559,143104.000000,143360.000000,256.000000,256.000000,0.000000,128.000000,128.000000,0.000000,0.000000000,Source metric: sit_no_work_window_active
560,143360.000000,143616.000000,256.000000,256.000000,0.000000,128.000000,128.000000,0.000000,0.000000000,Source metric: sit_no_work_window_active
561,143616.000000,143872.000000,256.000000,256.000000,0.000000,128.000000,128.000000,0.000000,0.000000000,Source metric: sit_no_work_window_active
562,143872.000000,144128.000000,256.000000,256.000000,0.000000,128.000000,128.000000,0.000000,0.000000000,Source metric: sit_no_work_window_active
563,144128.000000,144384.000000,256.000000,256.000000,0.000000,128.000000,128.000000,0.000000,0.000000000,Source metric: sit_no_work_window_active
564,144384.000000,144640.000000,256.000000,256.000000,0.000000,128.000000,128.000000,0.000000,0.000000000,Source metric: sit_no_work_window_active
565,144640.000000,144896.000000,256.000000,256.000000,0.000000,128.000000,128.000000,0.000000,0.000000000,Source metric: sit_no_work_window_active
566,144896.000000,145152.000000,256.000000,256.000000,42.000000,90.000000,124.000000,0.000000,0.164062500,Source metric: sit_no_work_window_active
567,145152.000000,145408.000000,256.000000,256.000000,0.000000,128.000000,128.000000,0.000000,0.000000000,Source metric: sit_no_work_window_active
568,145408.000000,145664.000000,256.000000,256.000000,0.000000,128.000000,128.000000,0.000000,0.000000000,Source metric: sit_no_work_window_active
569,145664.000000,145920.000000,256.000000,256.000000,0.000000,128.000000,128.000000,0.000000,0.000000000,Source metric: sit_no_work_window_active
570,145920.000000,146176.000000,256.000000,256.000000,0.000000,128.000000,128.000000,0.000000,0.000000000,Source metric: sit_no_work_window_active
571,146176.000000,146432.000000,256.000000,256.000000,0.000000,128.000000,128.000000,0.000000,0.000000000,Source metric: sit_no_work_window_active
572,146432.000000,146688.000000,256.000000,256.000000,0.000000,128.000000,128.000000,0.000000,0.000000000,Source metric: sit_no_work_window_active
573,146688.000000,146944.000000,256.000000,256.000000,0.000000,128.000000,128.000000,0.000000,0.000000000,Source metric: sit_no_work_window_active
574,146944.000000,147200.000000,256.000000,256.000000,0.000000,128.000000,128.000000,0.000000,0.000000000,Source metric: sit_no_work_window_active
575,147200.000000,147456.000000,256.000000,256.000000,0.000000,128.000000,128.000000,0.000000,0.000000000,Source metric: sit_no_work_window_active
576,147456.000000,147712.000000,256.000000,256.000000,0.000000,128.000000,128.000000,0.000000,0.000000000,Source metric: sit_no_work_window_active
577,147712.000000,147968.000000,256.000000,256.000000,0.000000,128.000000,128.000000,0.000000,0.000000000,Source metric: sit_no_work_window_active
578,147968.000000,148224.000000,256.000000,256.000000,0.000000,128.000000,128.000000,0.000000,0.000000000,Source metric: sit_no_work_window_active
579,148224.000000,148480.000000,256.000000,256.000000,0.000000,128.000000,128.000000,0.000000,0.000000000,Source metric: sit_no_work_window_active
580,148480.000000,148736.000000,256.000000,256.000000,0.000000,128.000000,128.000000,0.000000,0.000000000,Source metric: sit_no_work_window_active
581,148736.000000,148992.000000,256.000000,256.000000,0.000000,128.000000,128.000000,0.000000,0.000000000,Source metric: sit_no_work_window_active
582,148992.000000,149248.000000,256.000000,256.000000,0.000000,128.000000,128.000000,0.000000,0.000000000,Source metric: sit_no_work_window_active
583,149248.000000,149504.000000,256.000000,256.000000,0.000000,128.000000,128.000000,0.000000,0.000000000,Source metric: sit_no_work_window_active
584,149504.000000,149760.000000,256.000000,256.000000,0.000000,128.000000,128.000000,0.000000,0.000000000,Source metric: sit_no_work_window_active
585,149760.000000,150016.000000,256.000000,256.000000,5.000000,124.000000,127.000000,0.000000,0.019531250,Source metric: sit_no_work_window_active
586,150016.000000,150272.000000,256.000000,256.000000,35.000000,95.000000,126.000000,0.000000,0.136718750,Source metric: sit_no_work_window_active
587,150272.000000,150528.000000,256.000000,256.000000,0.000000,128.000000,128.000000,0.000000,0.000000000,Source metric: sit_no_work_window_active
588,150528.000000,150784.000000,256.000000,256.000000,0.000000,128.000000,128.000000,0.000000,0.000000000,Source metric: sit_no_work_window_active
589,150784.000000,151040.000000,256.000000,256.000000,0.000000,128.000000,128.000000,0.000000,0.000000000,Source metric: sit_no_work_window_active
590,151040.000000,151296.000000,256.000000,256.000000,0.000000,128.000000,128.000000,0.000000,0.000000000,Source metric: sit_no_work_window_active
591,151296.000000,151552.000000,256.000000,256.000000,0.000000,128.000000,128.000000,0.000000,0.000000000,Source metric: sit_no_work_window_active
592,151552.000000,151808.000000,256.000000,256.000000,0.000000,128.000000,128.000000,0.000000,0.000000000,Source metric: sit_no_work_window_active
593,151808.000000,152064.000000,256.000000,256.000000,0.000000,128.000000,128.000000,0.000000,0.000000000,Source metric: sit_no_work_window_active
594,152064.000000,152320.000000,256.000000,256.000000,0.000000,128.000000,128.000000,0.000000,0.000000000,Source metric: sit_no_work_window_active
595,152320.000000,152576.000000,256.000000,256.000000,0.000000,128.000000,128.000000,0.000000,0.000000000,Source metric: sit_no_work_window_active
596,152576.000000,152832.000000,256.000000,256.000000,0.000000,128.000000,128.000000,0.000000,0.000000000,Source metric: sit_no_work_window_active
597,152832.000000,153088.000000,256.000000,256.000000,0.000000,128.000000,128.000000,0.000000,0.000000000,Source metric: sit_no_work_window_active
598,153088.000000,153344.000000,256.000000,256.000000,0.000000,128.000000,128.000000,0.000000,0.000000000,Source metric: sit_no_work_window_active
599,153344.000000,153600.000000,256.000000,256.000000,0.000000,128.000000,128.000000,0.000000,0.000000000,Source metric: sit_no_work_window_active
600,153600.000000,153856.000000,256.000000,256.000000,0.000000,128.000000,128.000000,0.000000,0.000000000,Source metric: sit_no_work_window_active
601,153856.000000,154112.000000,256.000000,256.000000,0.000000,128.000000,128.000000,0.000000,0.000000000,Source metric: sit_no_work_window_active
602,154112.000000,154368.000000,256.000000,256.000000,0.000000,128.000000,128.000000,0.000000,0.000000000,Source metric: sit_no_work_window_active
603,154368.000000,154624.000000,256.000000,256.000000,0.000000,128.000000,128.000000,0.000000,0.000000000,Source metric: sit_no_work_window_active
604,154624.000000,154880.000000,256.000000,256.000000,0.000000,128.000000,128.000000,0.000000,0.000000000,Source metric: sit_no_work_window_active
605,154880.000000,155136.000000,256.000000,256.000000,49.000000,78.000000,129.000000,0.000000,0.191406250,Source metric: sit_no_work_window_active
606,155136.000000,155392.000000,256.000000,256.000000,106.000000,67.000000,83.000000,0.000000,0.414062500,Source metric: sit_no_work_window_active
607,155392.000000,155648.000000,256.000000,256.000000,86.000000,85.000000,85.000000,0.000000,0.335937500,Source metric: sit_no_work_window_active
608,155648.000000,155904.000000,256.000000,256.000000,85.000000,85.000000,86.000000,0.000000,0.332031250,Source metric: sit_no_work_window_active
609,155904.000000,156160.000000,256.000000,256.000000,85.000000,86.000000,85.000000,0.000000,0.332031250,Source metric: sit_no_work_window_active
610,156160.000000,156416.000000,256.000000,256.000000,86.000000,85.000000,85.000000,0.000000,0.335937500,Source metric: sit_no_work_window_active
611,156416.000000,156672.000000,256.000000,256.000000,85.000000,85.000000,86.000000,0.000000,0.332031250,Source metric: sit_no_work_window_active
612,156672.000000,156928.000000,256.000000,256.000000,90.000000,82.000000,84.000000,0.000000,0.351562500,Source metric: sit_no_work_window_active
613,156928.000000,157184.000000,256.000000,256.000000,104.000000,59.000000,93.000000,0.000000,0.406250000,Source metric: sit_no_work_window_active
614,157184.000000,157440.000000,256.000000,256.000000,85.000000,86.000000,85.000000,0.000000,0.332031250,Source metric: sit_no_work_window_active
615,157440.000000,157696.000000,256.000000,256.000000,86.000000,85.000000,85.000000,0.000000,0.335937500,Source metric: sit_no_work_window_active
616,157696.000000,157952.000000,256.000000,256.000000,85.000000,85.000000,86.000000,0.000000,0.332031250,Source metric: sit_no_work_window_active
617,157952.000000,158208.000000,256.000000,256.000000,85.000000,86.000000,85.000000,0.000000,0.332031250,Source metric: sit_no_work_window_active
618,158208.000000,158464.000000,256.000000,256.000000,86.000000,85.000000,85.000000,0.000000,0.335937500,Source metric: sit_no_work_window_active
619,158464.000000,158720.000000,256.000000,256.000000,86.000000,82.000000,88.000000,0.000000,0.335937500,Source metric: sit_no_work_window_active
620,158720.000000,158976.000000,256.000000,256.000000,102.000000,68.000000,86.000000,0.000000,0.398437500,Source metric: sit_no_work_window_active
621,158976.000000,159232.000000,256.000000,256.000000,85.000000,85.000000,86.000000,0.000000,0.332031250,Source metric: sit_no_work_window_active
622,159232.000000,159488.000000,256.000000,256.000000,85.000000,86.000000,85.000000,0.000000,0.332031250,Source metric: sit_no_work_window_active
623,159488.000000,159744.000000,256.000000,256.000000,86.000000,85.000000,85.000000,0.000000,0.335937500,Source metric: sit_no_work_window_active
624,159744.000000,160000.000000,256.000000,256.000000,85.000000,85.000000,86.000000,0.000000,0.332031250,Source metric: sit_no_work_window_active
625,160000.000000,160256.000000,256.000000,256.000000,85.000000,86.000000,85.000000,0.000000,0.332031250,Source metric: sit_no_work_window_active
626,160256.000000,160512.000000,256.000000,256.000000,107.000000,51.000000,98.000000,0.000000,0.417968750,Source metric: sit_no_work_window_active
627,160512.000000,160768.000000,256.000000,256.000000,109.000000,34.000000,113.000000,0.000000,0.425781250,Source metric: sit_no_work_window_active
628,160768.000000,161024.000000,256.000000,256.000000,110.000000,36.000000,110.000000,0.000000,0.429687500,Source metric: sit_no_work_window_active
629,161024.000000,161280.000000,256.000000,256.000000,109.000000,34.000000,113.000000,0.000000,0.425781250,Source metric: sit_no_work_window_active
630,161280.000000,161536.000000,256.000000,256.000000,115.000000,43.000000,98.000000,0.000000,0.449218750,Source metric: sit_no_work_window_active
631,161536.000000,161792.000000,256.000000,256.000000,115.000000,34.000000,107.000000,0.000000,0.449218750,Source metric: sit_no_work_window_active
632,161792.000000,162048.000000,256.000000,256.000000,85.000000,85.000000,86.000000,0.000000,0.332031250,Source metric: sit_no_work_window_active
633,162048.000000,162304.000000,256.000000,256.000000,85.000000,86.000000,85.000000,0.000000,0.332031250,Source metric: sit_no_work_window_active
634,162304.000000,162560.000000,256.000000,256.000000,86.000000,85.000000,85.000000,0.000000,0.335937500,Source metric: sit_no_work_window_active
635,162560.000000,162816.000000,256.000000,256.000000,85.000000,85.000000,86.000000,0.000000,0.332031250,Source metric: sit_no_work_window_active
636,162816.000000,163072.000000,256.000000,256.000000,85.000000,86.000000,85.000000,0.000000,0.332031250,Source metric: sit_no_work_window_active
637,163072.000000,163328.000000,256.000000,256.000000,90.000000,78.000000,88.000000,0.000000,0.351562500,Source metric: sit_no_work_window_active
638,163328.000000,163584.000000,256.000000,256.000000,98.000000,72.000000,86.000000,0.000000,0.382812500,Source metric: sit_no_work_window_active
639,163584.000000,163840.000000,256.000000,256.000000,86.000000,85.000000,85.000000,0.000000,0.335937500,Source metric: sit_no_work_window_active
640,163840.000000,164096.000000,256.000000,256.000000,85.000000,85.000000,86.000000,0.000000,0.332031250,Source metric: sit_no_work_window_active
641,164096.000000,164352.000000,256.000000,256.000000,85.000000,86.000000,85.000000,0.000000,0.332031250,Source metric: sit_no_work_window_active
642,164352.000000,164608.000000,256.000000,256.000000,86.000000,85.000000,85.000000,0.000000,0.335937500,Source metric: sit_no_work_window_active
643,164608.000000,164864.000000,256.000000,256.000000,85.000000,85.000000,86.000000,0.000000,0.332031250,Source metric: sit_no_work_window_active
644,164864.000000,165120.000000,256.000000,256.000000,101.000000,52.000000,103.000000,0.000000,0.394531250,Source metric: sit_no_work_window_active
645,165120.000000,165376.000000,256.000000,256.000000,111.000000,36.000000,109.000000,0.000000,0.433593750,Source metric: sit_no_work_window_active
646,165376.000000,165632.000000,256.000000,256.000000,110.000000,36.000000,110.000000,0.000000,0.429687500,Source metric: sit_no_work_window_active
647,165632.000000,165888.000000,256.000000,256.000000,109.000000,36.000000,111.000000,0.000000,0.425781250,Source metric: sit_no_work_window_active
648,165888.000000,166144.000000,256.000000,256.000000,110.000000,38.000000,108.000000,0.000000,0.429687500,Source metric: sit_no_work_window_active
649,166144.000000,166400.000000,256.000000,256.000000,110.000000,36.000000,110.000000,0.000000,0.429687500,Source metric: sit_no_work_window_active
650,166400.000000,166656.000000,256.000000,256.000000,109.000000,37.000000,110.000000,0.000000,0.425781250,Source metric: sit_no_work_window_active
651,166656.000000,166912.000000,256.000000,256.000000,111.000000,36.000000,109.000000,0.000000,0.433593750,Source metric: sit_no_work_window_active
652,166912.000000,167168.000000,256.000000,256.000000,110.000000,36.000000,110.000000,0.000000,0.429687500,Source metric: sit_no_work_window_active
653,167168.000000,167424.000000,256.000000,256.000000,108.000000,38.000000,110.000000,0.000000,0.421875000,Source metric: sit_no_work_window_active
654,167424.000000,167680.000000,256.000000,256.000000,110.000000,36.000000,110.000000,0.000000,0.429687500,Source metric: sit_no_work_window_active
655,167680.000000,167936.000000,256.000000,256.000000,110.000000,36.000000,110.000000,0.000000,0.429687500,Source metric: sit_no_work_window_active
656,167936.000000,168192.000000,256.000000,256.000000,109.000000,37.000000,110.000000,0.000000,0.425781250,Source metric: sit_no_work_window_active
657,168192.000000,168448.000000,256.000000,256.000000,110.000000,37.000000,109.000000,0.000000,0.429687500,Source metric: sit_no_work_window_active
658,168448.000000,168704.000000,256.000000,256.000000,110.000000,36.000000,110.000000,0.000000,0.429687500,Source metric: sit_no_work_window_active
659,168704.000000,168960.000000,256.000000,256.000000,109.000000,37.000000,110.000000,0.000000,0.425781250,Source metric: sit_no_work_window_active
660,168960.000000,169216.000000,256.000000,256.000000,111.000000,36.000000,109.000000,0.000000,0.433593750,Source metric: sit_no_work_window_active
661,169216.000000,169472.000000,256.000000,256.000000,110.000000,36.000000,110.000000,0.000000,0.429687500,Source metric: sit_no_work_window_active
662,169472.000000,169728.000000,256.000000,256.000000,109.000000,38.000000,109.000000,0.000000,0.425781250,Source metric: sit_no_work_window_active
663,169728.000000,169984.000000,256.000000,256.000000,109.000000,36.000000,111.000000,0.000000,0.425781250,Source metric: sit_no_work_window_active
664,169984.000000,170240.000000,256.000000,256.000000,111.000000,36.000000,109.000000,0.000000,0.433593750,Source metric: sit_no_work_window_active
665,170240.000000,170496.000000,256.000000,256.000000,109.000000,37.000000,110.000000,0.000000,0.425781250,Source metric: sit_no_work_window_active
666,170496.000000,170752.000000,256.000000,256.000000,109.000000,37.000000,110.000000,0.000000,0.425781250,Source metric: sit_no_work_window_active
667,170752.000000,171008.000000,256.000000,256.000000,111.000000,36.000000,109.000000,0.000000,0.433593750,Source metric: sit_no_work_window_active
668,171008.000000,171264.000000,256.000000,256.000000,109.000000,37.000000,110.000000,0.000000,0.425781250,Source metric: sit_no_work_window_active
669,171264.000000,171520.000000,256.000000,256.000000,110.000000,36.000000,110.000000,0.000000,0.429687500,Source metric: sit_no_work_window_active
670,171520.000000,171776.000000,256.000000,256.000000,110.000000,37.000000,109.000000,0.000000,0.429687500,Source metric: sit_no_work_window_active
671,171776.000000,172032.000000,256.000000,256.000000,109.000000,37.000000,110.000000,0.000000,0.425781250,Source metric: sit_no_work_window_active
672,172032.000000,172288.000000,256.000000,256.000000,110.000000,36.000000,110.000000,0.000000,0.429687500,Source metric: sit_no_work_window_active
673,172288.000000,172544.000000,256.000000,256.000000,110.000000,36.000000,110.000000,0.000000,0.429687500,Source metric: sit_no_work_window_active
674,172544.000000,172800.000000,256.000000,256.000000,110.000000,37.000000,109.000000,0.000000,0.429687500,Source metric: sit_no_work_window_active
675,172800.000000,173056.000000,256.000000,256.000000,109.000000,37.000000,110.000000,0.000000,0.425781250,Source metric: sit_no_work_window_active
676,173056.000000,173312.000000,256.000000,256.000000,111.000000,36.000000,109.000000,0.000000,0.433593750,Source metric: sit_no_work_window_active
677,173312.000000,173568.000000,256.000000,256.000000,109.000000,37.000000,110.000000,0.000000,0.425781250,Source metric: sit_no_work_window_active
678,173568.000000,173824.000000,256.000000,256.000000,109.000000,36.000000,111.000000,0.000000,0.425781250,Source metric: sit_no_work_window_active
679,173824.000000,174080.000000,256.000000,256.000000,110.000000,37.000000,109.000000,0.000000,0.429687500,Source metric: sit_no_work_window_active
680,174080.000000,174336.000000,256.000000,256.000000,110.000000,37.000000,109.000000,0.000000,0.429687500,Source metric: sit_no_work_window_active
681,174336.000000,174592.000000,256.000000,256.000000,109.000000,36.000000,111.000000,0.000000,0.425781250,Source metric: sit_no_work_window_active
682,174592.000000,174848.000000,256.000000,256.000000,111.000000,36.000000,109.000000,0.000000,0.433593750,Source metric: sit_no_work_window_active
683,174848.000000,175104.000000,256.000000,256.000000,109.000000,37.000000,110.000000,0.000000,0.425781250,Source metric: sit_no_work_window_active
684,175104.000000,175360.000000,256.000000,256.000000,109.000000,38.000000,109.000000,0.000000,0.425781250,Source metric: sit_no_work_window_active
685,175360.000000,175616.000000,256.000000,256.000000,111.000000,36.000000,109.000000,0.000000,0.433593750,Source metric: sit_no_work_window_active
686,175616.000000,175872.000000,256.000000,256.000000,109.000000,36.000000,111.000000,0.000000,0.425781250,Source metric: sit_no_work_window_active
687,175872.000000,176128.000000,256.000000,256.000000,110.000000,36.000000,110.000000,0.000000,0.429687500,Source metric: sit_no_work_window_active
688,176128.000000,176384.000000,256.000000,256.000000,110.000000,37.000000,109.000000,0.000000,0.429687500,Source metric: sit_no_work_window_active
689,176384.000000,176640.000000,256.000000,256.000000,109.000000,37.000000,110.000000,0.000000,0.425781250,Source metric: sit_no_work_window_active
690,176640.000000,176896.000000,256.000000,256.000000,109.000000,37.000000,110.000000,0.000000,0.425781250,Source metric: sit_no_work_window_active
691,176896.000000,177152.000000,256.000000,256.000000,112.000000,35.000000,109.000000,0.000000,0.437500000,Source metric: sit_no_work_window_active
692,177152.000000,177408.000000,256.000000,256.000000,109.000000,37.000000,110.000000,0.000000,0.425781250,Source metric: sit_no_work_window_active
693,177408.000000,177664.000000,256.000000,256.000000,108.000000,38.000000,110.000000,0.000000,0.421875000,Source metric: sit_no_work_window_active
694,177664.000000,177920.000000,256.000000,256.000000,111.000000,36.000000,109.000000,0.000000,0.433593750,Source metric: sit_no_work_window_active
695,177920.000000,178176.000000,256.000000,256.000000,110.000000,36.000000,110.000000,0.000000,0.429687500,Source metric: sit_no_work_window_active
696,178176.000000,178432.000000,256.000000,256.000000,109.000000,36.000000,111.000000,0.000000,0.425781250,Source metric: sit_no_work_window_active
697,178432.000000,178688.000000,256.000000,256.000000,110.000000,38.000000,108.000000,0.000000,0.429687500,Source metric: sit_no_work_window_active
698,178688.000000,178944.000000,256.000000,256.000000,110.000000,36.000000,110.000000,0.000000,0.429687500,Source metric: sit_no_work_window_active
699,178944.000000,179200.000000,256.000000,256.000000,109.000000,37.000000,110.000000,0.000000,0.425781250,Source metric: sit_no_work_window_active
700,179200.000000,179456.000000,256.000000,256.000000,111.000000,36.000000,109.000000,0.000000,0.433593750,Source metric: sit_no_work_window_active
701,179456.000000,179712.000000,256.000000,256.000000,110.000000,36.000000,110.000000,0.000000,0.429687500,Source metric: sit_no_work_window_active
702,179712.000000,179968.000000,256.000000,256.000000,108.000000,38.000000,110.000000,0.000000,0.421875000,Source metric: sit_no_work_window_active
703,179968.000000,180224.000000,256.000000,256.000000,110.000000,36.000000,110.000000,0.000000,0.429687500,Source metric: sit_no_work_window_active
704,180224.000000,180480.000000,256.000000,256.000000,110.000000,36.000000,110.000000,0.000000,0.429687500,Source metric: sit_no_work_window_active
705,180480.000000,180736.000000,256.000000,256.000000,109.000000,37.000000,110.000000,0.000000,0.425781250,Source metric: sit_no_work_window_active
706,180736.000000,180992.000000,256.000000,256.000000,110.000000,37.000000,109.000000,0.000000,0.429687500,Source metric: sit_no_work_window_active
707,180992.000000,181248.000000,256.000000,256.000000,110.000000,36.000000,110.000000,0.000000,0.429687500,Source metric: sit_no_work_window_active
708,181248.000000,181504.000000,256.000000,256.000000,109.000000,37.000000,110.000000,0.000000,0.425781250,Source metric: sit_no_work_window_active
709,181504.000000,181760.000000,256.000000,256.000000,111.000000,36.000000,109.000000,0.000000,0.433593750,Source metric: sit_no_work_window_active
710,181760.000000,182016.000000,256.000000,256.000000,110.000000,36.000000,110.000000,0.000000,0.429687500,Source metric: sit_no_work_window_active
711,182016.000000,182272.000000,256.000000,256.000000,109.000000,38.000000,109.000000,0.000000,0.425781250,Source metric: sit_no_work_window_active
712,182272.000000,182528.000000,256.000000,256.000000,109.000000,36.000000,111.000000,0.000000,0.425781250,Source metric: sit_no_work_window_active
713,182528.000000,182784.000000,256.000000,256.000000,111.000000,36.000000,109.000000,0.000000,0.433593750,Source metric: sit_no_work_window_active
714,182784.000000,183040.000000,256.000000,256.000000,109.000000,37.000000,110.000000,0.000000,0.425781250,Source metric: sit_no_work_window_active
715,183040.000000,183296.000000,256.000000,256.000000,109.000000,37.000000,110.000000,0.000000,0.425781250,Source metric: sit_no_work_window_active
716,183296.000000,183552.000000,256.000000,256.000000,111.000000,36.000000,109.000000,0.000000,0.433593750,Source metric: sit_no_work_window_active
717,183552.000000,183808.000000,256.000000,256.000000,109.000000,37.000000,110.000000,0.000000,0.425781250,Source metric: sit_no_work_window_active
718,183808.000000,184064.000000,256.000000,256.000000,110.000000,36.000000,110.000000,0.000000,0.429687500,Source metric: sit_no_work_window_active
719,184064.000000,184320.000000,256.000000,256.000000,110.000000,37.000000,109.000000,0.000000,0.429687500,Source metric: sit_no_work_window_active
720,184320.000000,184576.000000,256.000000,256.000000,109.000000,37.000000,110.000000,0.000000,0.425781250,Source metric: sit_no_work_window_active
721,184576.000000,184832.000000,256.000000,256.000000,110.000000,36.000000,110.000000,0.000000,0.429687500,Source metric: sit_no_work_window_active
722,184832.000000,185088.000000,256.000000,256.000000,110.000000,36.000000,110.000000,0.000000,0.429687500,Source metric: sit_no_work_window_active
723,185088.000000,185344.000000,256.000000,256.000000,110.000000,37.000000,109.000000,0.000000,0.429687500,Source metric: sit_no_work_window_active
724,185344.000000,185600.000000,256.000000,256.000000,109.000000,37.000000,110.000000,0.000000,0.425781250,Source metric: sit_no_work_window_active
725,185600.000000,185856.000000,256.000000,256.000000,111.000000,36.000000,109.000000,0.000000,0.433593750,Source metric: sit_no_work_window_active
726,185856.000000,186112.000000,256.000000,256.000000,109.000000,37.000000,110.000000,0.000000,0.425781250,Source metric: sit_no_work_window_active
727,186112.000000,186368.000000,256.000000,256.000000,109.000000,36.000000,111.000000,0.000000,0.425781250,Source metric: sit_no_work_window_active
728,186368.000000,186624.000000,256.000000,256.000000,110.000000,37.000000,109.000000,0.000000,0.429687500,Source metric: sit_no_work_window_active
729,186624.000000,186880.000000,256.000000,256.000000,110.000000,37.000000,109.000000,0.000000,0.429687500,Source metric: sit_no_work_window_active
730,186880.000000,187136.000000,256.000000,256.000000,109.000000,36.000000,111.000000,0.000000,0.425781250,Source metric: sit_no_work_window_active
731,187136.000000,187392.000000,256.000000,256.000000,111.000000,36.000000,109.000000,0.000000,0.433593750,Source metric: sit_no_work_window_active
732,187392.000000,187648.000000,256.000000,256.000000,109.000000,37.000000,110.000000,0.000000,0.425781250,Source metric: sit_no_work_window_active
733,187648.000000,187904.000000,256.000000,256.000000,109.000000,38.000000,109.000000,0.000000,0.425781250,Source metric: sit_no_work_window_active
734,187904.000000,188160.000000,256.000000,256.000000,111.000000,36.000000,109.000000,0.000000,0.433593750,Source metric: sit_no_work_window_active
735,188160.000000,188416.000000,256.000000,256.000000,109.000000,36.000000,111.000000,0.000000,0.425781250,Source metric: sit_no_work_window_active
736,188416.000000,188672.000000,256.000000,256.000000,110.000000,36.000000,110.000000,0.000000,0.429687500,Source metric: sit_no_work_window_active
737,188672.000000,188928.000000,256.000000,256.000000,110.000000,37.000000,109.000000,0.000000,0.429687500,Source metric: sit_no_work_window_active
738,188928.000000,189184.000000,256.000000,256.000000,109.000000,37.000000,110.000000,0.000000,0.425781250,Source metric: sit_no_work_window_active
739,189184.000000,189440.000000,256.000000,256.000000,109.000000,37.000000,110.000000,0.000000,0.425781250,Source metric: sit_no_work_window_active
740,189440.000000,189696.000000,256.000000,256.000000,112.000000,35.000000,109.000000,0.000000,0.437500000,Source metric: sit_no_work_window_active
741,189696.000000,189952.000000,256.000000,256.000000,109.000000,37.000000,110.000000,0.000000,0.425781250,Source metric: sit_no_work_window_active
742,189952.000000,190208.000000,256.000000,256.000000,108.000000,55.000000,93.000000,0.000000,0.421875000,Source metric: sit_no_work_window_active
743,190208.000000,190464.000000,256.000000,256.000000,85.000000,85.000000,86.000000,0.000000,0.332031250,Source metric: sit_no_work_window_active
744,190464.000000,190720.000000,256.000000,256.000000,85.000000,86.000000,85.000000,0.000000,0.332031250,Source metric: sit_no_work_window_active
745,190720.000000,190976.000000,256.000000,256.000000,86.000000,85.000000,85.000000,0.000000,0.335937500,Source metric: sit_no_work_window_active
746,190976.000000,191232.000000,256.000000,256.000000,85.000000,85.000000,86.000000,0.000000,0.332031250,Source metric: sit_no_work_window_active
747,191232.000000,191488.000000,256.000000,256.000000,85.000000,86.000000,85.000000,0.000000,0.332031250,Source metric: sit_no_work_window_active
748,191488.000000,191744.000000,256.000000,256.000000,94.000000,68.000000,94.000000,0.000000,0.367187500,Source metric: sit_no_work_window_active
749,191744.000000,192000.000000,256.000000,256.000000,109.000000,37.000000,110.000000,0.000000,0.425781250,Source metric: sit_no_work_window_active
750,192000.000000,192256.000000,256.000000,256.000000,111.000000,36.000000,109.000000,0.000000,0.433593750,Source metric: sit_no_work_window_active
751,192256.000000,192512.000000,256.000000,256.000000,110.000000,36.000000,110.000000,0.000000,0.429687500,Source metric: sit_no_work_window_active
752,192512.000000,192768.000000,256.000000,256.000000,108.000000,38.000000,110.000000,0.000000,0.421875000,Source metric: sit_no_work_window_active
753,192768.000000,193024.000000,256.000000,256.000000,110.000000,36.000000,110.000000,0.000000,0.429687500,Source metric: sit_no_work_window_active
754,193024.000000,193280.000000,256.000000,256.000000,110.000000,36.000000,110.000000,0.000000,0.429687500,Source metric: sit_no_work_window_active
755,193280.000000,193536.000000,256.000000,256.000000,109.000000,37.000000,110.000000,0.000000,0.425781250,Source metric: sit_no_work_window_active
756,193536.000000,193792.000000,256.000000,256.000000,110.000000,37.000000,109.000000,0.000000,0.429687500,Source metric: sit_no_work_window_active
757,193792.000000,194048.000000,256.000000,256.000000,110.000000,36.000000,110.000000,0.000000,0.429687500,Source metric: sit_no_work_window_active
758,194048.000000,194304.000000,256.000000,256.000000,109.000000,37.000000,110.000000,0.000000,0.425781250,Source metric: sit_no_work_window_active
759,194304.000000,194560.000000,256.000000,256.000000,111.000000,36.000000,109.000000,0.000000,0.433593750,Source metric: sit_no_work_window_active
760,194560.000000,194816.000000,256.000000,256.000000,110.000000,36.000000,110.000000,0.000000,0.429687500,Source metric: sit_no_work_window_active
761,194816.000000,195072.000000,256.000000,256.000000,109.000000,38.000000,109.000000,0.000000,0.425781250,Source metric: sit_no_work_window_active
762,195072.000000,195328.000000,256.000000,256.000000,109.000000,36.000000,111.000000,0.000000,0.425781250,Source metric: sit_no_work_window_active
763,195328.000000,195584.000000,256.000000,256.000000,111.000000,36.000000,109.000000,0.000000,0.433593750,Source metric: sit_no_work_window_active
764,195584.000000,195840.000000,256.000000,256.000000,109.000000,37.000000,110.000000,0.000000,0.425781250,Source metric: sit_no_work_window_active
765,195840.000000,196096.000000,256.000000,256.000000,109.000000,37.000000,110.000000,0.000000,0.425781250,Source metric: sit_no_work_window_active
766,196096.000000,196352.000000,256.000000,256.000000,111.000000,36.000000,109.000000,0.000000,0.433593750,Source metric: sit_no_work_window_active
767,196352.000000,196608.000000,256.000000,256.000000,109.000000,37.000000,110.000000,0.000000,0.425781250,Source metric: sit_no_work_window_active
768,196608.000000,196864.000000,256.000000,256.000000,110.000000,36.000000,110.000000,0.000000,0.429687500,Source metric: sit_no_work_window_active
769,196864.000000,197120.000000,256.000000,256.000000,110.000000,37.000000,109.000000,0.000000,0.429687500,Source metric: sit_no_work_window_active
770,197120.000000,197376.000000,256.000000,256.000000,109.000000,37.000000,110.000000,0.000000,0.425781250,Source metric: sit_no_work_window_active
771,197376.000000,197632.000000,256.000000,256.000000,110.000000,36.000000,110.000000,0.000000,0.429687500,Source metric: sit_no_work_window_active
772,197632.000000,197888.000000,256.000000,256.000000,110.000000,36.000000,110.000000,0.000000,0.429687500,Source metric: sit_no_work_window_active
773,197888.000000,198144.000000,256.000000,256.000000,110.000000,37.000000,109.000000,0.000000,0.429687500,Source metric: sit_no_work_window_active
774,198144.000000,198400.000000,256.000000,256.000000,109.000000,37.000000,110.000000,0.000000,0.425781250,Source metric: sit_no_work_window_active
775,198400.000000,198656.000000,256.000000,256.000000,111.000000,36.000000,109.000000,0.000000,0.433593750,Source metric: sit_no_work_window_active
776,198656.000000,198912.000000,256.000000,256.000000,109.000000,37.000000,110.000000,0.000000,0.425781250,Source metric: sit_no_work_window_active
777,198912.000000,199168.000000,256.000000,256.000000,109.000000,36.000000,111.000000,0.000000,0.425781250,Source metric: sit_no_work_window_active
778,199168.000000,199424.000000,256.000000,256.000000,110.000000,37.000000,109.000000,0.000000,0.429687500,Source metric: sit_no_work_window_active
779,199424.000000,199680.000000,256.000000,256.000000,110.000000,37.000000,109.000000,0.000000,0.429687500,Source metric: sit_no_work_window_active
780,199680.000000,199936.000000,256.000000,256.000000,109.000000,36.000000,111.000000,0.000000,0.425781250,Source metric: sit_no_work_window_active
781,199936.000000,200192.000000,256.000000,256.000000,111.000000,36.000000,109.000000,0.000000,0.433593750,Source metric: sit_no_work_window_active
782,200192.000000,200448.000000,256.000000,256.000000,109.000000,37.000000,110.000000,0.000000,0.425781250,Source metric: sit_no_work_window_active
783,200448.000000,200704.000000,256.000000,256.000000,109.000000,38.000000,109.000000,0.000000,0.425781250,Source metric: sit_no_work_window_active
784,200704.000000,200960.000000,256.000000,256.000000,111.000000,36.000000,109.000000,0.000000,0.433593750,Source metric: sit_no_work_window_active
785,200960.000000,201216.000000,256.000000,256.000000,109.000000,36.000000,111.000000,0.000000,0.425781250,Source metric: sit_no_work_window_active
786,201216.000000,201472.000000,256.000000,256.000000,110.000000,36.000000,110.000000,0.000000,0.429687500,Source metric: sit_no_work_window_active
787,201472.000000,201728.000000,256.000000,256.000000,110.000000,37.000000,109.000000,0.000000,0.429687500,Source metric: sit_no_work_window_active
788,201728.000000,201984.000000,256.000000,256.000000,109.000000,37.000000,110.000000,0.000000,0.425781250,Source metric: sit_no_work_window_active
789,201984.000000,202240.000000,256.000000,256.000000,109.000000,37.000000,110.000000,0.000000,0.425781250,Source metric: sit_no_work_window_active
790,202240.000000,202496.000000,256.000000,256.000000,112.000000,35.000000,109.000000,0.000000,0.437500000,Source metric: sit_no_work_window_active
791,202496.000000,202752.000000,256.000000,256.000000,109.000000,37.000000,110.000000,0.000000,0.425781250,Source metric: sit_no_work_window_active
792,202752.000000,203008.000000,256.000000,256.000000,108.000000,38.000000,110.000000,0.000000,0.421875000,Source metric: sit_no_work_window_active
793,203008.000000,203264.000000,256.000000,256.000000,111.000000,36.000000,109.000000,0.000000,0.433593750,Source metric: sit_no_work_window_active
794,203264.000000,203520.000000,256.000000,256.000000,110.000000,36.000000,110.000000,0.000000,0.429687500,Source metric: sit_no_work_window_active
795,203520.000000,203776.000000,256.000000,256.000000,109.000000,36.000000,111.000000,0.000000,0.425781250,Source metric: sit_no_work_window_active
796,203776.000000,204032.000000,256.000000,256.000000,110.000000,38.000000,108.000000,0.000000,0.429687500,Source metric: sit_no_work_window_active
797,204032.000000,204288.000000,256.000000,256.000000,110.000000,36.000000,110.000000,0.000000,0.429687500,Source metric: sit_no_work_window_active
798,204288.000000,204544.000000,256.000000,256.000000,109.000000,37.000000,110.000000,0.000000,0.425781250,Source metric: sit_no_work_window_active
799,204544.000000,204800.000000,256.000000,256.000000,111.000000,36.000000,109.000000,0.000000,0.433593750,Source metric: sit_no_work_window_active
800,204800.000000,205056.000000,256.000000,256.000000,110.000000,36.000000,110.000000,0.000000,0.429687500,Source metric: sit_no_work_window_active
801,205056.000000,205312.000000,256.000000,256.000000,108.000000,38.000000,110.000000,0.000000,0.421875000,Source metric: sit_no_work_window_active
802,205312.000000,205568.000000,256.000000,256.000000,110.000000,36.000000,110.000000,0.000000,0.429687500,Source metric: sit_no_work_window_active
803,205568.000000,205824.000000,256.000000,256.000000,110.000000,36.000000,110.000000,0.000000,0.429687500,Source metric: sit_no_work_window_active
804,205824.000000,206080.000000,256.000000,256.000000,109.000000,37.000000,110.000000,0.000000,0.425781250,Source metric: sit_no_work_window_active
805,206080.000000,206336.000000,256.000000,256.000000,110.000000,37.000000,109.000000,0.000000,0.429687500,Source metric: sit_no_work_window_active
806,206336.000000,206592.000000,256.000000,256.000000,110.000000,36.000000,110.000000,0.000000,0.429687500,Source metric: sit_no_work_window_active
807,206592.000000,206848.000000,256.000000,256.000000,109.000000,37.000000,110.000000,0.000000,0.425781250,Source metric: sit_no_work_window_active
808,206848.000000,207104.000000,256.000000,256.000000,111.000000,36.000000,109.000000,0.000000,0.433593750,Source metric: sit_no_work_window_active
809,207104.000000,207360.000000,256.000000,256.000000,110.000000,36.000000,110.000000,0.000000,0.429687500,Source metric: sit_no_work_window_active
810,207360.000000,207616.000000,256.000000,256.000000,109.000000,38.000000,109.000000,0.000000,0.425781250,Source metric: sit_no_work_window_active
811,207616.000000,207872.000000,256.000000,256.000000,109.000000,36.000000,111.000000,0.000000,0.425781250,Source metric: sit_no_work_window_active
812,207872.000000,208128.000000,256.000000,256.000000,111.000000,36.000000,109.000000,0.000000,0.433593750,Source metric: sit_no_work_window_active
813,208128.000000,208384.000000,256.000000,256.000000,109.000000,37.000000,110.000000,0.000000,0.425781250,Source metric: sit_no_work_window_active
814,208384.000000,208640.000000,256.000000,256.000000,109.000000,37.000000,110.000000,0.000000,0.425781250,Source metric: sit_no_work_window_active
815,208640.000000,208896.000000,256.000000,256.000000,111.000000,36.000000,109.000000,0.000000,0.433593750,Source metric: sit_no_work_window_active
816,208896.000000,209152.000000,256.000000,256.000000,109.000000,37.000000,110.000000,0.000000,0.425781250,Source metric: sit_no_work_window_active
817,209152.000000,209408.000000,256.000000,256.000000,110.000000,36.000000,110.000000,0.000000,0.429687500,Source metric: sit_no_work_window_active
818,209408.000000,209664.000000,256.000000,256.000000,110.000000,37.000000,109.000000,0.000000,0.429687500,Source metric: sit_no_work_window_active
819,209664.000000,209920.000000,256.000000,256.000000,109.000000,37.000000,110.000000,0.000000,0.425781250,Source metric: sit_no_work_window_active
820,209920.000000,210176.000000,256.000000,256.000000,110.000000,36.000000,110.000000,0.000000,0.429687500,Source metric: sit_no_work_window_active
821,210176.000000,210432.000000,256.000000,256.000000,110.000000,36.000000,110.000000,0.000000,0.429687500,Source metric: sit_no_work_window_active
822,210432.000000,210688.000000,256.000000,256.000000,110.000000,37.000000,109.000000,0.000000,0.429687500,Source metric: sit_no_work_window_active
823,210688.000000,210944.000000,256.000000,256.000000,109.000000,37.000000,110.000000,0.000000,0.425781250,Source metric: sit_no_work_window_active
824,210944.000000,211200.000000,256.000000,256.000000,111.000000,36.000000,109.000000,0.000000,0.433593750,Source metric: sit_no_work_window_active
825,211200.000000,211456.000000,256.000000,256.000000,109.000000,37.000000,110.000000,0.000000,0.425781250,Source metric: sit_no_work_window_active
826,211456.000000,211712.000000,256.000000,256.000000,109.000000,36.000000,111.000000,0.000000,0.425781250,Source metric: sit_no_work_window_active
827,211712.000000,211968.000000,256.000000,256.000000,110.000000,37.000000,109.000000,0.000000,0.429687500,Source metric: sit_no_work_window_active
828,211968.000000,212224.000000,256.000000,256.000000,110.000000,37.000000,109.000000,0.000000,0.429687500,Source metric: sit_no_work_window_active
829,212224.000000,212480.000000,256.000000,256.000000,109.000000,36.000000,111.000000,0.000000,0.425781250,Source metric: sit_no_work_window_active
830,212480.000000,212736.000000,256.000000,256.000000,111.000000,36.000000,109.000000,0.000000,0.433593750,Source metric: sit_no_work_window_active
831,212736.000000,212992.000000,256.000000,256.000000,109.000000,37.000000,110.000000,0.000000,0.425781250,Source metric: sit_no_work_window_active
832,212992.000000,213248.000000,256.000000,256.000000,109.000000,38.000000,109.000000,0.000000,0.425781250,Source metric: sit_no_work_window_active
833,213248.000000,213504.000000,256.000000,256.000000,111.000000,36.000000,109.000000,0.000000,0.433593750,Source metric: sit_no_work_window_active
834,213504.000000,213760.000000,256.000000,256.000000,109.000000,36.000000,111.000000,0.000000,0.425781250,Source metric: sit_no_work_window_active
835,213760.000000,214016.000000,256.000000,256.000000,110.000000,36.000000,110.000000,0.000000,0.429687500,Source metric: sit_no_work_window_active
836,214016.000000,214272.000000,256.000000,256.000000,110.000000,37.000000,109.000000,0.000000,0.429687500,Source metric: sit_no_work_window_active
837,214272.000000,214528.000000,256.000000,256.000000,109.000000,37.000000,110.000000,0.000000,0.425781250,Source metric: sit_no_work_window_active
838,214528.000000,214784.000000,256.000000,256.000000,109.000000,37.000000,110.000000,0.000000,0.425781250,Source metric: sit_no_work_window_active
839,214784.000000,215040.000000,256.000000,256.000000,112.000000,35.000000,109.000000,0.000000,0.437500000,Source metric: sit_no_work_window_active
840,215040.000000,215296.000000,256.000000,256.000000,109.000000,37.000000,110.000000,0.000000,0.425781250,Source metric: sit_no_work_window_active
841,215296.000000,215552.000000,256.000000,256.000000,108.000000,38.000000,110.000000,0.000000,0.421875000,Source metric: sit_no_work_window_active
842,215552.000000,215808.000000,256.000000,256.000000,111.000000,36.000000,109.000000,0.000000,0.433593750,Source metric: sit_no_work_window_active
843,215808.000000,216064.000000,256.000000,256.000000,110.000000,36.000000,110.000000,0.000000,0.429687500,Source metric: sit_no_work_window_active
844,216064.000000,216320.000000,256.000000,256.000000,109.000000,36.000000,111.000000,0.000000,0.425781250,Source metric: sit_no_work_window_active
845,216320.000000,216576.000000,256.000000,256.000000,110.000000,38.000000,108.000000,0.000000,0.429687500,Source metric: sit_no_work_window_active
846,216576.000000,216832.000000,256.000000,256.000000,114.000000,38.000000,104.000000,0.000000,0.445312500,Source metric: sit_no_work_window_active
847,216832.000000,217088.000000,256.000000,256.000000,88.000000,84.000000,84.000000,0.000000,0.343750000,Source metric: sit_no_work_window_active
848,217088.000000,217344.000000,256.000000,256.000000,86.000000,85.000000,85.000000,0.000000,0.335937500,Source metric: sit_no_work_window_active
849,217344.000000,217600.000000,256.000000,256.000000,85.000000,85.000000,86.000000,0.000000,0.332031250,Source metric: sit_no_work_window_active
850,217600.000000,217856.000000,256.000000,256.000000,85.000000,86.000000,85.000000,0.000000,0.332031250,Source metric: sit_no_work_window_active
851,217856.000000,218112.000000,256.000000,256.000000,86.000000,85.000000,85.000000,0.000000,0.335937500,Source metric: sit_no_work_window_active
852,218112.000000,218368.000000,256.000000,256.000000,85.000000,85.000000,86.000000,0.000000,0.332031250,Source metric: sit_no_work_window_active
853,218368.000000,218624.000000,256.000000,256.000000,109.000000,37.000000,110.000000,0.000000,0.425781250,Source metric: sit_no_work_window_active
854,218624.000000,218880.000000,256.000000,256.000000,109.000000,37.000000,110.000000,0.000000,0.425781250,Source metric: sit_no_work_window_active
855,218880.000000,219136.000000,256.000000,256.000000,110.000000,37.000000,109.000000,0.000000,0.429687500,Source metric: sit_no_work_window_active
856,219136.000000,219392.000000,256.000000,256.000000,110.000000,36.000000,110.000000,0.000000,0.429687500,Source metric: sit_no_work_window_active
857,219392.000000,219648.000000,256.000000,256.000000,109.000000,37.000000,110.000000,0.000000,0.425781250,Source metric: sit_no_work_window_active
858,219648.000000,219904.000000,256.000000,256.000000,111.000000,36.000000,109.000000,0.000000,0.433593750,Source metric: sit_no_work_window_active
859,219904.000000,220160.000000,256.000000,256.000000,110.000000,36.000000,110.000000,0.000000,0.429687500,Source metric: sit_no_work_window_active
860,220160.000000,220416.000000,256.000000,256.000000,109.000000,38.000000,109.000000,0.000000,0.425781250,Source metric: sit_no_work_window_active
861,220416.000000,220672.000000,256.000000,256.000000,109.000000,36.000000,111.000000,0.000000,0.425781250,Source metric: sit_no_work_window_active
862,220672.000000,220928.000000,256.000000,256.000000,111.000000,36.000000,109.000000,0.000000,0.433593750,Source metric: sit_no_work_window_active
863,220928.000000,221184.000000,256.000000,256.000000,109.000000,37.000000,110.000000,0.000000,0.425781250,Source metric: sit_no_work_window_active
864,221184.000000,221440.000000,256.000000,256.000000,109.000000,37.000000,110.000000,0.000000,0.425781250,Source metric: sit_no_work_window_active
865,221440.000000,221696.000000,256.000000,256.000000,111.000000,36.000000,109.000000,0.000000,0.433593750,Source metric: sit_no_work_window_active
866,221696.000000,221952.000000,256.000000,256.000000,109.000000,37.000000,110.000000,0.000000,0.425781250,Source metric: sit_no_work_window_active
867,221952.000000,222208.000000,256.000000,256.000000,110.000000,36.000000,110.000000,0.000000,0.429687500,Source metric: sit_no_work_window_active
868,222208.000000,222464.000000,256.000000,256.000000,110.000000,37.000000,109.000000,0.000000,0.429687500,Source metric: sit_no_work_window_active
869,222464.000000,222720.000000,256.000000,256.000000,109.000000,37.000000,110.000000,0.000000,0.425781250,Source metric: sit_no_work_window_active
870,222720.000000,222976.000000,256.000000,256.000000,110.000000,36.000000,110.000000,0.000000,0.429687500,Source metric: sit_no_work_window_active
871,222976.000000,223232.000000,256.000000,256.000000,110.000000,36.000000,110.000000,0.000000,0.429687500,Source metric: sit_no_work_window_active
872,223232.000000,223488.000000,256.000000,256.000000,110.000000,37.000000,109.000000,0.000000,0.429687500,Source metric: sit_no_work_window_active
873,223488.000000,223744.000000,256.000000,256.000000,109.000000,37.000000,110.000000,0.000000,0.425781250,Source metric: sit_no_work_window_active
874,223744.000000,224000.000000,256.000000,256.000000,111.000000,36.000000,109.000000,0.000000,0.433593750,Source metric: sit_no_work_window_active
875,224000.000000,224256.000000,256.000000,256.000000,109.000000,37.000000,110.000000,0.000000,0.425781250,Source metric: sit_no_work_window_active
876,224256.000000,224512.000000,256.000000,256.000000,109.000000,36.000000,111.000000,0.000000,0.425781250,Source metric: sit_no_work_window_active
877,224512.000000,224768.000000,256.000000,256.000000,110.000000,37.000000,109.000000,0.000000,0.429687500,Source metric: sit_no_work_window_active
878,224768.000000,225024.000000,256.000000,256.000000,110.000000,37.000000,109.000000,0.000000,0.429687500,Source metric: sit_no_work_window_active
879,225024.000000,225280.000000,256.000000,256.000000,109.000000,36.000000,111.000000,0.000000,0.425781250,Source metric: sit_no_work_window_active
880,225280.000000,225536.000000,256.000000,256.000000,111.000000,36.000000,109.000000,0.000000,0.433593750,Source metric: sit_no_work_window_active
881,225536.000000,225792.000000,256.000000,256.000000,109.000000,37.000000,110.000000,0.000000,0.425781250,Source metric: sit_no_work_window_active
882,225792.000000,226048.000000,256.000000,256.000000,109.000000,38.000000,109.000000,0.000000,0.425781250,Source metric: sit_no_work_window_active
883,226048.000000,226304.000000,256.000000,256.000000,111.000000,36.000000,109.000000,0.000000,0.433593750,Source metric: sit_no_work_window_active
884,226304.000000,226560.000000,256.000000,256.000000,109.000000,36.000000,111.000000,0.000000,0.425781250,Source metric: sit_no_work_window_active
885,226560.000000,226816.000000,256.000000,256.000000,110.000000,36.000000,110.000000,0.000000,0.429687500,Source metric: sit_no_work_window_active
886,226816.000000,227072.000000,256.000000,256.000000,110.000000,37.000000,109.000000,0.000000,0.429687500,Source metric: sit_no_work_window_active
887,227072.000000,227328.000000,256.000000,256.000000,109.000000,37.000000,110.000000,0.000000,0.425781250,Source metric: sit_no_work_window_active
888,227328.000000,227584.000000,256.000000,256.000000,109.000000,37.000000,110.000000,0.000000,0.425781250,Source metric: sit_no_work_window_active
889,227584.000000,227840.000000,256.000000,256.000000,112.000000,35.000000,109.000000,0.000000,0.437500000,Source metric: sit_no_work_window_active
890,227840.000000,228096.000000,256.000000,256.000000,109.000000,37.000000,110.000000,0.000000,0.425781250,Source metric: sit_no_work_window_active
891,228096.000000,228352.000000,256.000000,256.000000,108.000000,38.000000,110.000000,0.000000,0.421875000,Source metric: sit_no_work_window_active
892,228352.000000,228608.000000,256.000000,256.000000,111.000000,36.000000,109.000000,0.000000,0.433593750,Source metric: sit_no_work_window_active
893,228608.000000,228864.000000,256.000000,256.000000,110.000000,36.000000,110.000000,0.000000,0.429687500,Source metric: sit_no_work_window_active
894,228864.000000,229120.000000,256.000000,256.000000,109.000000,36.000000,111.000000,0.000000,0.425781250,Source metric: sit_no_work_window_active
895,229120.000000,229376.000000,256.000000,256.000000,110.000000,38.000000,108.000000,0.000000,0.429687500,Source metric: sit_no_work_window_active
896,229376.000000,229632.000000,256.000000,256.000000,110.000000,36.000000,110.000000,0.000000,0.429687500,Source metric: sit_no_work_window_active
897,229632.000000,229888.000000,256.000000,256.000000,109.000000,37.000000,110.000000,0.000000,0.425781250,Source metric: sit_no_work_window_active
898,229888.000000,230144.000000,256.000000,256.000000,111.000000,36.000000,109.000000,0.000000,0.433593750,Source metric: sit_no_work_window_active
899,230144.000000,230400.000000,256.000000,256.000000,110.000000,36.000000,110.000000,0.000000,0.429687500,Source metric: sit_no_work_window_active
900,230400.000000,230656.000000,256.000000,256.000000,108.000000,38.000000,110.000000,0.000000,0.421875000,Source metric: sit_no_work_window_active
901,230656.000000,230912.000000,256.000000,256.000000,110.000000,36.000000,110.000000,0.000000,0.429687500,Source metric: sit_no_work_window_active
902,230912.000000,231168.000000,256.000000,256.000000,110.000000,36.000000,110.000000,0.000000,0.429687500,Source metric: sit_no_work_window_active
903,231168.000000,231424.000000,256.000000,256.000000,109.000000,37.000000,110.000000,0.000000,0.425781250,Source metric: sit_no_work_window_active
904,231424.000000,231680.000000,256.000000,256.000000,110.000000,37.000000,109.000000,0.000000,0.429687500,Source metric: sit_no_work_window_active
905,231680.000000,231936.000000,256.000000,256.000000,110.000000,36.000000,110.000000,0.000000,0.429687500,Source metric: sit_no_work_window_active
906,231936.000000,232192.000000,256.000000,256.000000,109.000000,37.000000,110.000000,0.000000,0.425781250,Source metric: sit_no_work_window_active
907,232192.000000,232448.000000,256.000000,256.000000,111.000000,36.000000,109.000000,0.000000,0.433593750,Source metric: sit_no_work_window_active
908,232448.000000,232704.000000,256.000000,256.000000,110.000000,36.000000,110.000000,0.000000,0.429687500,Source metric: sit_no_work_window_active
909,232704.000000,232960.000000,256.000000,256.000000,109.000000,38.000000,109.000000,0.000000,0.425781250,Source metric: sit_no_work_window_active
910,232960.000000,233216.000000,256.000000,256.000000,109.000000,36.000000,111.000000,0.000000,0.425781250,Source metric: sit_no_work_window_active
911,233216.000000,233472.000000,256.000000,256.000000,111.000000,36.000000,109.000000,0.000000,0.433593750,Source metric: sit_no_work_window_active
912,233472.000000,233728.000000,256.000000,256.000000,109.000000,37.000000,110.000000,0.000000,0.425781250,Source metric: sit_no_work_window_active
913,233728.000000,233984.000000,256.000000,256.000000,109.000000,37.000000,110.000000,0.000000,0.425781250,Source metric: sit_no_work_window_active
914,233984.000000,234240.000000,256.000000,256.000000,111.000000,36.000000,109.000000,0.000000,0.433593750,Source metric: sit_no_work_window_active
915,234240.000000,234496.000000,256.000000,256.000000,109.000000,37.000000,110.000000,0.000000,0.425781250,Source metric: sit_no_work_window_active
916,234496.000000,234752.000000,256.000000,256.000000,110.000000,36.000000,110.000000,0.000000,0.429687500,Source metric: sit_no_work_window_active
917,234752.000000,235008.000000,256.000000,256.000000,110.000000,37.000000,109.000000,0.000000,0.429687500,Source metric: sit_no_work_window_active
918,235008.000000,235264.000000,256.000000,256.000000,109.000000,37.000000,110.000000,0.000000,0.425781250,Source metric: sit_no_work_window_active
919,235264.000000,235520.000000,256.000000,256.000000,110.000000,36.000000,110.000000,0.000000,0.429687500,Source metric: sit_no_work_window_active
920,235520.000000,235776.000000,256.000000,256.000000,110.000000,36.000000,110.000000,0.000000,0.429687500,Source metric: sit_no_work_window_active
921,235776.000000,236032.000000,256.000000,256.000000,110.000000,37.000000,109.000000,0.000000,0.429687500,Source metric: sit_no_work_window_active
922,236032.000000,236288.000000,256.000000,256.000000,109.000000,37.000000,110.000000,0.000000,0.425781250,Source metric: sit_no_work_window_active
923,236288.000000,236544.000000,256.000000,256.000000,111.000000,36.000000,109.000000,0.000000,0.433593750,Source metric: sit_no_work_window_active
924,236544.000000,236800.000000,256.000000,256.000000,109.000000,37.000000,110.000000,0.000000,0.425781250,Source metric: sit_no_work_window_active
925,236800.000000,237056.000000,256.000000,256.000000,109.000000,36.000000,111.000000,0.000000,0.425781250,Source metric: sit_no_work_window_active
926,237056.000000,237312.000000,256.000000,256.000000,110.000000,37.000000,109.000000,0.000000,0.429687500,Source metric: sit_no_work_window_active
927,237312.000000,237568.000000,256.000000,256.000000,110.000000,37.000000,109.000000,0.000000,0.429687500,Source metric: sit_no_work_window_active
928,237568.000000,237824.000000,256.000000,256.000000,109.000000,36.000000,111.000000,0.000000,0.425781250,Source metric: sit_no_work_window_active
929,237824.000000,238080.000000,256.000000,256.000000,111.000000,36.000000,109.000000,0.000000,0.433593750,Source metric: sit_no_work_window_active
930,238080.000000,238336.000000,256.000000,256.000000,109.000000,37.000000,110.000000,0.000000,0.425781250,Source metric: sit_no_work_window_active
931,238336.000000,238592.000000,256.000000,256.000000,109.000000,38.000000,109.000000,0.000000,0.425781250,Source metric: sit_no_work_window_active
932,238592.000000,238848.000000,256.000000,256.000000,111.000000,36.000000,109.000000,0.000000,0.433593750,Source metric: sit_no_work_window_active
933,238848.000000,239104.000000,256.000000,256.000000,109.000000,36.000000,111.000000,0.000000,0.425781250,Source metric: sit_no_work_window_active
934,239104.000000,239360.000000,256.000000,256.000000,110.000000,36.000000,110.000000,0.000000,0.429687500,Source metric: sit_no_work_window_active
935,239360.000000,239616.000000,256.000000,256.000000,110.000000,37.000000,109.000000,0.000000,0.429687500,Source metric: sit_no_work_window_active
936,239616.000000,239872.000000,256.000000,256.000000,109.000000,37.000000,110.000000,0.000000,0.425781250,Source metric: sit_no_work_window_active
937,239872.000000,240128.000000,256.000000,256.000000,109.000000,37.000000,110.000000,0.000000,0.425781250,Source metric: sit_no_work_window_active
938,240128.000000,240384.000000,256.000000,256.000000,112.000000,35.000000,109.000000,0.000000,0.437500000,Source metric: sit_no_work_window_active
939,240384.000000,240640.000000,256.000000,256.000000,109.000000,37.000000,110.000000,0.000000,0.425781250,Source metric: sit_no_work_window_active
940,240640.000000,240896.000000,256.000000,256.000000,108.000000,38.000000,110.000000,0.000000,0.421875000,Source metric: sit_no_work_window_active
941,240896.000000,241152.000000,256.000000,256.000000,111.000000,36.000000,109.000000,0.000000,0.433593750,Source metric: sit_no_work_window_active
942,241152.000000,241408.000000,256.000000,256.000000,110.000000,36.000000,110.000000,0.000000,0.429687500,Source metric: sit_no_work_window_active
943,241408.000000,241664.000000,256.000000,256.000000,109.000000,36.000000,111.000000,0.000000,0.425781250,Source metric: sit_no_work_window_active
944,241664.000000,241920.000000,256.000000,256.000000,110.000000,38.000000,108.000000,0.000000,0.429687500,Source metric: sit_no_work_window_active
945,241920.000000,242176.000000,256.000000,256.000000,110.000000,36.000000,110.000000,0.000000,0.429687500,Source metric: sit_no_work_window_active
946,242176.000000,242432.000000,256.000000,256.000000,109.000000,37.000000,110.000000,0.000000,0.425781250,Source metric: sit_no_work_window_active
947,242432.000000,242688.000000,256.000000,256.000000,111.000000,36.000000,109.000000,0.000000,0.433593750,Source metric: sit_no_work_window_active
948,242688.000000,242944.000000,256.000000,256.000000,110.000000,36.000000,110.000000,0.000000,0.429687500,Source metric: sit_no_work_window_active
949,242944.000000,243200.000000,256.000000,256.000000,108.000000,38.000000,110.000000,0.000000,0.421875000,Source metric: sit_no_work_window_active
950,243200.000000,243456.000000,256.000000,256.000000,110.000000,36.000000,110.000000,0.000000,0.429687500,Source metric: sit_no_work_window_active
951,243456.000000,243712.000000,256.000000,256.000000,102.000000,68.000000,86.000000,0.000000,0.398437500,Source metric: sit_no_work_window_active
952,243712.000000,243968.000000,256.000000,256.000000,85.000000,85.000000,86.000000,0.000000,0.332031250,Source metric: sit_no_work_window_active
953,243968.000000,244224.000000,256.000000,256.000000,85.000000,86.000000,85.000000,0.000000,0.332031250,Source metric: sit_no_work_window_active
954,244224.000000,244480.000000,256.000000,256.000000,86.000000,85.000000,85.000000,0.000000,0.335937500,Source metric: sit_no_work_window_active
955,244480.000000,244736.000000,256.000000,256.000000,85.000000,85.000000,86.000000,0.000000,0.332031250,Source metric: sit_no_work_window_active
956,244736.000000,244992.000000,256.000000,256.000000,85.000000,86.000000,85.000000,0.000000,0.332031250,Source metric: sit_no_work_window_active
957,244992.000000,245248.000000,256.000000,256.000000,101.000000,54.000000,101.000000,0.000000,0.394531250,Source metric: sit_no_work_window_active
958,245248.000000,245504.000000,256.000000,256.000000,110.000000,36.000000,110.000000,0.000000,0.429687500,Source metric: sit_no_work_window_active
959,245504.000000,245760.000000,256.000000,256.000000,109.000000,38.000000,109.000000,0.000000,0.425781250,Source metric: sit_no_work_window_active
960,245760.000000,246016.000000,256.000000,256.000000,109.000000,36.000000,111.000000,0.000000,0.425781250,Source metric: sit_no_work_window_active
961,246016.000000,246272.000000,256.000000,256.000000,111.000000,36.000000,109.000000,0.000000,0.433593750,Source metric: sit_no_work_window_active
962,246272.000000,246528.000000,256.000000,256.000000,109.000000,37.000000,110.000000,0.000000,0.425781250,Source metric: sit_no_work_window_active
963,246528.000000,246784.000000,256.000000,256.000000,109.000000,37.000000,110.000000,0.000000,0.425781250,Source metric: sit_no_work_window_active
964,246784.000000,247040.000000,256.000000,256.000000,111.000000,36.000000,109.000000,0.000000,0.433593750,Source metric: sit_no_work_window_active
965,247040.000000,247296.000000,256.000000,256.000000,109.000000,37.000000,110.000000,0.000000,0.425781250,Source metric: sit_no_work_window_active
966,247296.000000,247552.000000,256.000000,256.000000,110.000000,36.000000,110.000000,0.000000,0.429687500,Source metric: sit_no_work_window_active
967,247552.000000,247808.000000,256.000000,256.000000,110.000000,37.000000,109.000000,0.000000,0.429687500,Source metric: sit_no_work_window_active
968,247808.000000,248064.000000,256.000000,256.000000,109.000000,37.000000,110.000000,0.000000,0.425781250,Source metric: sit_no_work_window_active
969,248064.000000,248320.000000,256.000000,256.000000,110.000000,36.000000,110.000000,0.000000,0.429687500,Source metric: sit_no_work_window_active
970,248320.000000,248576.000000,256.000000,256.000000,110.000000,36.000000,110.000000,0.000000,0.429687500,Source metric: sit_no_work_window_active
971,248576.000000,248832.000000,256.000000,256.000000,110.000000,37.000000,109.000000,0.000000,0.429687500,Source metric: sit_no_work_window_active
972,248832.000000,249088.000000,256.000000,256.000000,109.000000,37.000000,110.000000,0.000000,0.425781250,Source metric: sit_no_work_window_active
973,249088.000000,249344.000000,256.000000,256.000000,111.000000,36.000000,109.000000,0.000000,0.433593750,Source metric: sit_no_work_window_active
974,249344.000000,249600.000000,256.000000,256.000000,109.000000,37.000000,110.000000,0.000000,0.425781250,Source metric: sit_no_work_window_active
975,249600.000000,249856.000000,256.000000,256.000000,109.000000,36.000000,111.000000,0.000000,0.425781250,Source metric: sit_no_work_window_active
976,249856.000000,250112.000000,256.000000,256.000000,110.000000,37.000000,109.000000,0.000000,0.429687500,Source metric: sit_no_work_window_active
977,250112.000000,250368.000000,256.000000,256.000000,110.000000,37.000000,109.000000,0.000000,0.429687500,Source metric: sit_no_work_window_active
978,250368.000000,250624.000000,256.000000,256.000000,109.000000,36.000000,111.000000,0.000000,0.425781250,Source metric: sit_no_work_window_active
979,250624.000000,250880.000000,256.000000,256.000000,111.000000,36.000000,109.000000,0.000000,0.433593750,Source metric: sit_no_work_window_active
980,250880.000000,251136.000000,256.000000,256.000000,109.000000,37.000000,110.000000,0.000000,0.425781250,Source metric: sit_no_work_window_active
981,251136.000000,251392.000000,256.000000,256.000000,109.000000,38.000000,109.000000,0.000000,0.425781250,Source metric: sit_no_work_window_active
982,251392.000000,251648.000000,256.000000,256.000000,111.000000,36.000000,109.000000,0.000000,0.433593750,Source metric: sit_no_work_window_active
983,251648.000000,251904.000000,256.000000,256.000000,109.000000,36.000000,111.000000,0.000000,0.425781250,Source metric: sit_no_work_window_active
984,251904.000000,252160.000000,256.000000,256.000000,110.000000,36.000000,110.000000,0.000000,0.429687500,Source metric: sit_no_work_window_active
985,252160.000000,252416.000000,256.000000,256.000000,110.000000,37.000000,109.000000,0.000000,0.429687500,Source metric: sit_no_work_window_active
986,252416.000000,252672.000000,256.000000,256.000000,109.000000,37.000000,110.000000,0.000000,0.425781250,Source metric: sit_no_work_window_active
987,252672.000000,252928.000000,256.000000,256.000000,109.000000,37.000000,110.000000,0.000000,0.425781250,Source metric: sit_no_work_window_active
988,252928.000000,253184.000000,256.000000,256.000000,112.000000,35.000000,109.000000,0.000000,0.437500000,Source metric: sit_no_work_window_active
989,253184.000000,253440.000000,256.000000,256.000000,109.000000,37.000000,110.000000,0.000000,0.425781250,Source metric: sit_no_work_window_active
990,253440.000000,253696.000000,256.000000,256.000000,108.000000,38.000000,110.000000,0.000000,0.421875000,Source metric: sit_no_work_window_active
991,253696.000000,253952.000000,256.000000,256.000000,111.000000,36.000000,109.000000,0.000000,0.433593750,Source metric: sit_no_work_window_active
992,253952.000000,254208.000000,256.000000,256.000000,110.000000,36.000000,110.000000,0.000000,0.429687500,Source metric: sit_no_work_window_active
993,254208.000000,254464.000000,256.000000,256.000000,109.000000,36.000000,111.000000,0.000000,0.425781250,Source metric: sit_no_work_window_active
994,254464.000000,254720.000000,256.000000,256.000000,110.000000,38.000000,108.000000,0.000000,0.429687500,Source metric: sit_no_work_window_active
995,254720.000000,254976.000000,256.000000,256.000000,110.000000,36.000000,110.000000,0.000000,0.429687500,Source metric: sit_no_work_window_active
996,254976.000000,255232.000000,256.000000,256.000000,109.000000,37.000000,110.000000,0.000000,0.425781250,Source metric: sit_no_work_window_active
997,255232.000000,255488.000000,256.000000,256.000000,111.000000,36.000000,109.000000,0.000000,0.433593750,Source metric: sit_no_work_window_active
998,255488.000000,255744.000000,256.000000,256.000000,110.000000,36.000000,110.000000,0.000000,0.429687500,Source metric: sit_no_work_window_active
999,255744.000000,256000.000000,256.000000,256.000000,108.000000,38.000000,110.000000,0.000000,0.421875000,Source metric: sit_no_work_window_active
1000,256000.000000,256256.000000,256.000000,256.000000,110.000000,36.000000,110.000000,0.000000,0.429687500,Source metric: sit_no_work_window_active
1001,256256.000000,256512.000000,256.000000,256.000000,110.000000,36.000000,110.000000,0.000000,0.429687500,Source metric: sit_no_work_window_active
1002,256512.000000,256768.000000,256.000000,256.000000,109.000000,37.000000,110.000000,0.000000,0.425781250,Source metric: sit_no_work_window_active
1003,256768.000000,257024.000000,256.000000,256.000000,110.000000,37.000000,109.000000,0.000000,0.429687500,Source metric: sit_no_work_window_active
1004,257024.000000,257280.000000,256.000000,256.000000,110.000000,36.000000,110.000000,0.000000,0.429687500,Source metric: sit_no_work_window_active
1005,257280.000000,257536.000000,256.000000,256.000000,109.000000,37.000000,110.000000,0.000000,0.425781250,Source metric: sit_no_work_window_active
1006,257536.000000,257792.000000,256.000000,256.000000,111.000000,36.000000,109.000000,0.000000,0.433593750,Source metric: sit_no_work_window_active
1007,257792.000000,258048.000000,256.000000,256.000000,110.000000,36.000000,110.000000,0.000000,0.429687500,Source metric: sit_no_work_window_active
1008,258048.000000,258304.000000,256.000000,256.000000,109.000000,38.000000,109.000000,0.000000,0.425781250,Source metric: sit_no_work_window_active
1009,258304.000000,258560.000000,256.000000,256.000000,109.000000,36.000000,111.000000,0.000000,0.425781250,Source metric: sit_no_work_window_active
1010,258560.000000,258816.000000,256.000000,256.000000,111.000000,36.000000,109.000000,0.000000,0.433593750,Source metric: sit_no_work_window_active
1011,258816.000000,259072.000000,256.000000,256.000000,109.000000,37.000000,110.000000,0.000000,0.425781250,Source metric: sit_no_work_window_active
1012,259072.000000,259328.000000,256.000000,256.000000,109.000000,37.000000,110.000000,0.000000,0.425781250,Source metric: sit_no_work_window_active
1013,259328.000000,259584.000000,256.000000,256.000000,111.000000,36.000000,109.000000,0.000000,0.433593750,Source metric: sit_no_work_window_active
1014,259584.000000,259840.000000,256.000000,256.000000,109.000000,37.000000,110.000000,0.000000,0.425781250,Source metric: sit_no_work_window_active
1015,259840.000000,260096.000000,256.000000,256.000000,110.000000,36.000000,110.000000,0.000000,0.429687500,Source metric: sit_no_work_window_active
1016,260096.000000,260352.000000,256.000000,256.000000,110.000000,37.000000,109.000000,0.000000,0.429687500,Source metric: sit_no_work_window_active
1017,260352.000000,260608.000000,256.000000,256.000000,109.000000,37.000000,110.000000,0.000000,0.425781250,Source metric: sit_no_work_window_active
1018,260608.000000,260864.000000,256.000000,256.000000,110.000000,36.000000,110.000000,0.000000,0.429687500,Source metric: sit_no_work_window_active
1019,260864.000000,261120.000000,256.000000,256.000000,110.000000,36.000000,110.000000,0.000000,0.429687500,Source metric: sit_no_work_window_active
1020,261120.000000,261376.000000,256.000000,256.000000,110.000000,37.000000,109.000000,0.000000,0.429687500,Source metric: sit_no_work_window_active
1021,261376.000000,261632.000000,256.000000,256.000000,109.000000,37.000000,110.000000,0.000000,0.425781250,Source metric: sit_no_work_window_active
1022,261632.000000,261888.000000,256.000000,256.000000,111.000000,36.000000,109.000000,0.000000,0.433593750,Source metric: sit_no_work_window_active
1023,261888.000000,262144.000000,256.000000,256.000000,109.000000,37.000000,110.000000,0.000000,0.425781250,Source metric: sit_no_work_window_active
1024,262144.000000,262400.000000,256.000000,256.000000,109.000000,36.000000,111.000000,0.000000,0.425781250,Source metric: sit_no_work_window_active
1025,262400.000000,262656.000000,256.000000,256.000000,110.000000,37.000000,109.000000,0.000000,0.429687500,Source metric: sit_no_work_window_active
1026,262656.000000,262912.000000,256.000000,256.000000,110.000000,37.000000,109.000000,0.000000,0.429687500,Source metric: sit_no_work_window_active
1027,262912.000000,263168.000000,256.000000,256.000000,109.000000,36.000000,111.000000,0.000000,0.425781250,Source metric: sit_no_work_window_active
1028,263168.000000,263424.000000,256.000000,256.000000,111.000000,36.000000,109.000000,0.000000,0.433593750,Source metric: sit_no_work_window_active
1029,263424.000000,263680.000000,256.000000,256.000000,109.000000,37.000000,110.000000,0.000000,0.425781250,Source metric: sit_no_work_window_active
1030,263680.000000,263936.000000,256.000000,256.000000,109.000000,38.000000,109.000000,0.000000,0.425781250,Source metric: sit_no_work_window_active
1031,263936.000000,264192.000000,256.000000,256.000000,111.000000,36.000000,109.000000,0.000000,0.433593750,Source metric: sit_no_work_window_active
1032,264192.000000,264448.000000,256.000000,256.000000,109.000000,36.000000,111.000000,0.000000,0.425781250,Source metric: sit_no_work_window_active
1033,264448.000000,264704.000000,256.000000,256.000000,110.000000,36.000000,110.000000,0.000000,0.429687500,Source metric: sit_no_work_window_active
1034,264704.000000,264960.000000,256.000000,256.000000,110.000000,37.000000,109.000000,0.000000,0.429687500,Source metric: sit_no_work_window_active
1035,264960.000000,265216.000000,256.000000,256.000000,109.000000,37.000000,110.000000,0.000000,0.425781250,Source metric: sit_no_work_window_active
1036,265216.000000,265472.000000,256.000000,256.000000,109.000000,37.000000,110.000000,0.000000,0.425781250,Source metric: sit_no_work_window_active
1037,265472.000000,265728.000000,256.000000,256.000000,112.000000,35.000000,109.000000,0.000000,0.437500000,Source metric: sit_no_work_window_active
1038,265728.000000,265984.000000,256.000000,256.000000,109.000000,37.000000,110.000000,0.000000,0.425781250,Source metric: sit_no_work_window_active
1039,265984.000000,266240.000000,256.000000,256.000000,108.000000,38.000000,110.000000,0.000000,0.421875000,Source metric: sit_no_work_window_active
1040,266240.000000,266496.000000,256.000000,256.000000,111.000000,36.000000,109.000000,0.000000,0.433593750,Source metric: sit_no_work_window_active
1041,266496.000000,266752.000000,256.000000,256.000000,110.000000,36.000000,110.000000,0.000000,0.429687500,Source metric: sit_no_work_window_active
1042,266752.000000,267008.000000,256.000000,256.000000,109.000000,36.000000,111.000000,0.000000,0.425781250,Source metric: sit_no_work_window_active
1043,267008.000000,267264.000000,256.000000,256.000000,110.000000,38.000000,108.000000,0.000000,0.429687500,Source metric: sit_no_work_window_active
1044,267264.000000,267520.000000,256.000000,256.000000,110.000000,36.000000,110.000000,0.000000,0.429687500,Source metric: sit_no_work_window_active
1045,267520.000000,267776.000000,256.000000,256.000000,109.000000,37.000000,110.000000,0.000000,0.425781250,Source metric: sit_no_work_window_active
1046,267776.000000,268032.000000,256.000000,256.000000,111.000000,36.000000,109.000000,0.000000,0.433593750,Source metric: sit_no_work_window_active
1047,268032.000000,268288.000000,256.000000,256.000000,110.000000,36.000000,110.000000,0.000000,0.429687500,Source metric: sit_no_work_window_active
1048,268288.000000,268544.000000,256.000000,256.000000,108.000000,38.000000,110.000000,0.000000,0.421875000,Source metric: sit_no_work_window_active
1049,268544.000000,268800.000000,256.000000,256.000000,110.000000,36.000000,110.000000,0.000000,0.429687500,Source metric: sit_no_work_window_active
1050,268800.000000,269056.000000,256.000000,256.000000,110.000000,36.000000,110.000000,0.000000,0.429687500,Source metric: sit_no_work_window_active
1051,269056.000000,269312.000000,256.000000,256.000000,109.000000,37.000000,110.000000,0.000000,0.425781250,Source metric: sit_no_work_window_active
1052,269312.000000,269568.000000,256.000000,256.000000,110.000000,37.000000,109.000000,0.000000,0.429687500,Source metric: sit_no_work_window_active
1053,269568.000000,269824.000000,256.000000,256.000000,110.000000,36.000000,110.000000,0.000000,0.429687500,Source metric: sit_no_work_window_active
1054,269824.000000,270080.000000,256.000000,256.000000,109.000000,37.000000,110.000000,0.000000,0.425781250,Source metric: sit_no_work_window_active
1055,270080.000000,270336.000000,256.000000,256.000000,99.000000,38.000000,119.000000,0.000000,0.386718750,Source metric: sit_no_work_window_active
1056,270336.000000,270592.000000,256.000000,256.000000,102.000000,65.000000,89.000000,0.000000,0.398437500,Source metric: sit_no_work_window_active
1057,270592.000000,270848.000000,256.000000,256.000000,85.000000,85.000000,86.000000,0.000000,0.332031250,Source metric: sit_no_work_window_active
1058,270848.000000,271104.000000,256.000000,256.000000,85.000000,86.000000,85.000000,0.000000,0.332031250,Source metric: sit_no_work_window_active
1059,271104.000000,271360.000000,256.000000,256.000000,86.000000,85.000000,85.000000,0.000000,0.335937500,Source metric: sit_no_work_window_active
1060,271360.000000,271616.000000,256.000000,256.000000,85.000000,85.000000,86.000000,0.000000,0.332031250,Source metric: sit_no_work_window_active
1061,271616.000000,271872.000000,256.000000,256.000000,85.000000,86.000000,85.000000,0.000000,0.332031250,Source metric: sit_no_work_window_active
1062,271872.000000,272128.000000,256.000000,256.000000,89.000000,55.000000,112.000000,0.000000,0.347656250,Source metric: sit_no_work_window_active
1063,272128.000000,272384.000000,256.000000,256.000000,102.000000,52.000000,102.000000,0.000000,0.398437500,Source metric: sit_no_work_window_active
1064,272384.000000,272640.000000,256.000000,256.000000,102.000000,51.000000,103.000000,0.000000,0.398437500,Source metric: sit_no_work_window_active
1065,272640.000000,272896.000000,256.000000,256.000000,99.000000,67.000000,90.000000,0.000000,0.386718750,Source metric: sit_no_work_window_active
1066,272896.000000,273152.000000,256.000000,256.000000,97.000000,74.000000,85.000000,0.000000,0.378906250,Source metric: sit_no_work_window_active
1067,273152.000000,273408.000000,256.000000,256.000000,102.000000,51.000000,103.000000,0.000000,0.398437500,Source metric: sit_no_work_window_active
1068,273408.000000,273664.000000,256.000000,256.000000,96.000000,43.000000,117.000000,0.000000,0.375000000,Source metric: sit_no_work_window_active
1069,273664.000000,273920.000000,256.000000,256.000000,144.000000,45.000000,67.000000,0.000000,0.562500000,Source metric: sit_no_work_window_active
1070,273920.000000,274176.000000,256.000000,256.000000,149.000000,42.000000,65.000000,0.000000,0.582031250,Source metric: sit_no_work_window_active
1071,274176.000000,274432.000000,256.000000,256.000000,148.000000,45.000000,63.000000,0.000000,0.578125000,Source metric: sit_no_work_window_active
1072,274432.000000,274688.000000,256.000000,256.000000,145.000000,43.000000,68.000000,0.000000,0.566406250,Source metric: sit_no_work_window_active
1073,274688.000000,274944.000000,256.000000,256.000000,112.000000,61.000000,83.000000,0.000000,0.437500000,Source metric: sit_no_work_window_active
1074,274944.000000,275200.000000,256.000000,256.000000,94.000000,42.000000,120.000000,0.000000,0.367187500,Source metric: sit_no_work_window_active
1075,275200.000000,275456.000000,256.000000,256.000000,85.000000,85.000000,86.000000,0.000000,0.332031250,Source metric: sit_no_work_window_active
1076,275456.000000,275712.000000,256.000000,256.000000,85.000000,86.000000,85.000000,0.000000,0.332031250,Source metric: sit_no_work_window_active
1077,275712.000000,275968.000000,256.000000,256.000000,86.000000,85.000000,85.000000,0.000000,0.335937500,Source metric: sit_no_work_window_active
1078,275968.000000,276224.000000,256.000000,256.000000,85.000000,85.000000,86.000000,0.000000,0.332031250,Source metric: sit_no_work_window_active
1079,276224.000000,276480.000000,256.000000,256.000000,85.000000,86.000000,85.000000,0.000000,0.332031250,Source metric: sit_no_work_window_active
1080,276480.000000,276736.000000,256.000000,256.000000,86.000000,77.000000,93.000000,0.000000,0.335937500,Source metric: sit_no_work_window_active
1081,276736.000000,276992.000000,256.000000,256.000000,26.000000,100.000000,130.000000,0.000000,0.101562500,Source metric: sit_no_work_window_active
1082,276992.000000,277248.000000,256.000000,256.000000,0.000000,128.000000,128.000000,0.000000,0.000000000,Source metric: sit_no_work_window_active
1083,277248.000000,277504.000000,256.000000,256.000000,0.000000,128.000000,128.000000,0.000000,0.000000000,Source metric: sit_no_work_window_active
1084,277504.000000,277760.000000,256.000000,256.000000,0.000000,128.000000,128.000000,0.000000,0.000000000,Source metric: sit_no_work_window_active
1085,277760.000000,278016.000000,256.000000,256.000000,0.000000,128.000000,128.000000,0.000000,0.000000000,Source metric: sit_no_work_window_active
1086,278016.000000,278272.000000,256.000000,256.000000,0.000000,128.000000,128.000000,0.000000,0.000000000,Source metric: sit_no_work_window_active
1087,278272.000000,278528.000000,256.000000,256.000000,0.000000,128.000000,128.000000,0.000000,0.000000000,Source metric: sit_no_work_window_active
1088,278528.000000,278784.000000,256.000000,256.000000,0.000000,128.000000,128.000000,0.000000,0.000000000,Source metric: sit_no_work_window_active
1089,278784.000000,279040.000000,256.000000,256.000000,0.000000,128.000000,128.000000,0.000000,0.000000000,Source metric: sit_no_work_window_active
1090,279040.000000,279296.000000,256.000000,256.000000,0.000000,128.000000,128.000000,0.000000,0.000000000,Source metric: sit_no_work_window_active
1091,279296.000000,279552.000000,256.000000,256.000000,0.000000,128.000000,128.000000,0.000000,0.000000000,Source metric: sit_no_work_window_active
1092,279552.000000,279808.000000,256.000000,256.000000,0.000000,128.000000,128.000000,0.000000,0.000000000,Source metric: sit_no_work_window_active
1093,279808.000000,280064.000000,256.000000,256.000000,40.000000,92.000000,124.000000,0.000000,0.156250000,Source metric: sit_no_work_window_active
1094,280064.000000,280320.000000,256.000000,256.000000,84.000000,54.000000,118.000000,0.000000,0.328125000,Source metric: sit_no_work_window_active
1095,280320.000000,280576.000000,256.000000,256.000000,85.000000,86.000000,85.000000,0.000000,0.332031250,Source metric: sit_no_work_window_active
1096,280576.000000,280832.000000,256.000000,256.000000,86.000000,85.000000,85.000000,0.000000,0.335937500,Source metric: sit_no_work_window_active
1097,280832.000000,281088.000000,256.000000,256.000000,85.000000,85.000000,86.000000,0.000000,0.332031250,Source metric: sit_no_work_window_active
1098,281088.000000,281344.000000,256.000000,256.000000,85.000000,86.000000,85.000000,0.000000,0.332031250,Source metric: sit_no_work_window_active
1099,281344.000000,281600.000000,256.000000,256.000000,86.000000,85.000000,85.000000,0.000000,0.335937500,Source metric: sit_no_work_window_active
1100,281600.000000,281856.000000,256.000000,256.000000,85.000000,84.000000,87.000000,0.000000,0.332031250,Source metric: sit_no_work_window_active
1101,281856.000000,282112.000000,256.000000,256.000000,35.000000,88.000000,133.000000,0.000000,0.136718750,Source metric: sit_no_work_window_active
1102,282112.000000,282368.000000,256.000000,256.000000,0.000000,128.000000,128.000000,0.000000,0.000000000,Source metric: sit_no_work_window_active
1103,282368.000000,282624.000000,256.000000,256.000000,0.000000,128.000000,128.000000,0.000000,0.000000000,Source metric: sit_no_work_window_active
1104,282624.000000,282880.000000,256.000000,256.000000,0.000000,128.000000,128.000000,0.000000,0.000000000,Source metric: sit_no_work_window_active
1105,282880.000000,283136.000000,256.000000,256.000000,0.000000,128.000000,128.000000,0.000000,0.000000000,Source metric: sit_no_work_window_active
1106,283136.000000,283392.000000,256.000000,256.000000,0.000000,128.000000,128.000000,0.000000,0.000000000,Source metric: sit_no_work_window_active
1107,283392.000000,283648.000000,256.000000,256.000000,0.000000,128.000000,128.000000,0.000000,0.000000000,Source metric: sit_no_work_window_active
1108,283648.000000,283904.000000,256.000000,256.000000,0.000000,128.000000,128.000000,0.000000,0.000000000,Source metric: sit_no_work_window_active
1109,283904.000000,284160.000000,256.000000,256.000000,0.000000,128.000000,128.000000,0.000000,0.000000000,Source metric: sit_no_work_window_active
1110,284160.000000,284416.000000,256.000000,256.000000,0.000000,128.000000,128.000000,0.000000,0.000000000,Source metric: sit_no_work_window_active
1111,284416.000000,284672.000000,256.000000,256.000000,0.000000,128.000000,128.000000,0.000000,0.000000000,Source metric: sit_no_work_window_active
1112,284672.000000,284928.000000,256.000000,256.000000,0.000000,128.000000,128.000000,0.000000,0.000000000,Source metric: sit_no_work_window_active
1113,284928.000000,285184.000000,256.000000,256.000000,26.000000,106.000000,124.000000,0.000000,0.101562500,Source metric: sit_no_work_window_active
1114,285184.000000,285440.000000,256.000000,256.000000,86.000000,85.000000,85.000000,0.000000,0.335937500,Source metric: sit_no_work_window_active
1115,285440.000000,285696.000000,256.000000,256.000000,85.000000,85.000000,86.000000,0.000000,0.332031250,Source metric: sit_no_work_window_active
1116,285696.000000,285952.000000,256.000000,256.000000,59.000000,99.000000,98.000000,0.000000,0.230468750,Source metric: sit_no_work_window_active
1117,285952.000000,286208.000000,256.000000,256.000000,0.000000,256.000000,0.000000,0.000000,0.000000000,Source metric: sit_no_work_window_active
1118,286208.000000,286464.000000,256.000000,256.000000,57.000000,119.000000,80.000000,0.000000,0.222656250,Source metric: sit_no_work_window_active
1119,286464.000000,286720.000000,256.000000,256.000000,95.000000,76.000000,85.000000,0.000000,0.371093750,Source metric: sit_no_work_window_active
1120,286720.000000,286976.000000,256.000000,256.000000,86.000000,85.000000,85.000000,0.000000,0.335937500,Source metric: sit_no_work_window_active
1121,286976.000000,287232.000000,256.000000,256.000000,85.000000,85.000000,86.000000,0.000000,0.332031250,Source metric: sit_no_work_window_active
1122,287232.000000,287488.000000,256.000000,256.000000,85.000000,86.000000,85.000000,0.000000,0.332031250,Source metric: sit_no_work_window_active
1123,287488.000000,287744.000000,256.000000,256.000000,86.000000,85.000000,85.000000,0.000000,0.335937500,Source metric: sit_no_work_window_active
1124,287744.000000,288000.000000,256.000000,256.000000,85.000000,85.000000,86.000000,0.000000,0.332031250,Source metric: sit_no_work_window_active
1125,288000.000000,288256.000000,256.000000,256.000000,57.000000,121.000000,78.000000,0.000000,0.222656250,Source metric: sit_no_work_window_active
1126,288256.000000,288512.000000,256.000000,256.000000,0.000000,256.000000,0.000000,0.000000,0.000000000,Source metric: sit_no_work_window_active
1127,288512.000000,288768.000000,256.000000,256.000000,0.000000,256.000000,0.000000,0.000000,0.000000000,Source metric: sit_no_work_window_active
1128,288768.000000,289024.000000,256.000000,256.000000,0.000000,256.000000,0.000000,0.000000,0.000000000,Source metric: sit_no_work_window_active
1129,289024.000000,289280.000000,256.000000,256.000000,22.000000,182.000000,52.000000,0.000000,0.085937500,Source metric: sit_no_work_window_active
1130,289280.000000,289536.000000,256.000000,256.000000,107.000000,60.000000,89.000000,0.000000,0.417968750,Source metric: sit_no_work_window_active
1131,289536.000000,289792.000000,256.000000,256.000000,85.000000,85.000000,86.000000,0.000000,0.332031250,Source metric: sit_no_work_window_active
1132,289792.000000,290048.000000,256.000000,256.000000,85.000000,86.000000,85.000000,0.000000,0.332031250,Source metric: sit_no_work_window_active
1133,290048.000000,290304.000000,256.000000,256.000000,86.000000,85.000000,85.000000,0.000000,0.335937500,Source metric: sit_no_work_window_active
1134,290304.000000,290560.000000,256.000000,256.000000,85.000000,85.000000,86.000000,0.000000,0.332031250,Source metric: sit_no_work_window_active
1135,290560.000000,290816.000000,256.000000,256.000000,85.000000,86.000000,85.000000,0.000000,0.332031250,Source metric: sit_no_work_window_active
1136,290816.000000,291072.000000,256.000000,256.000000,81.000000,73.000000,102.000000,0.000000,0.316406250,Source metric: sit_no_work_window_active
1137,291072.000000,291328.000000,256.000000,256.000000,0.000000,256.000000,0.000000,0.000000,0.000000000,Source metric: sit_no_work_window_active
1138,291328.000000,291584.000000,256.000000,256.000000,0.000000,256.000000,0.000000,0.000000,0.000000000,Source metric: sit_no_work_window_active
1139,291584.000000,291840.000000,256.000000,256.000000,0.000000,256.000000,0.000000,0.000000,0.000000000,Source metric: sit_no_work_window_active
1140,291840.000000,292096.000000,256.000000,256.000000,2.000000,239.000000,15.000000,0.000000,0.007812500,Source metric: sit_no_work_window_active
1141,292096.000000,292352.000000,256.000000,256.000000,103.000000,50.000000,103.000000,0.000000,0.402343750,Source metric: sit_no_work_window_active
1142,292352.000000,292608.000000,256.000000,256.000000,85.000000,86.000000,85.000000,0.000000,0.332031250,Source metric: sit_no_work_window_active
1143,292608.000000,292864.000000,256.000000,256.000000,86.000000,85.000000,85.000000,0.000000,0.335937500,Source metric: sit_no_work_window_active
1144,292864.000000,293120.000000,256.000000,256.000000,85.000000,85.000000,86.000000,0.000000,0.332031250,Source metric: sit_no_work_window_active
1145,293120.000000,293376.000000,256.000000,256.000000,85.000000,86.000000,85.000000,0.000000,0.332031250,Source metric: sit_no_work_window_active
1146,293376.000000,293632.000000,256.000000,256.000000,86.000000,85.000000,85.000000,0.000000,0.335937500,Source metric: sit_no_work_window_active
1147,293632.000000,293888.000000,256.000000,256.000000,93.000000,74.000000,89.000000,0.000000,0.363281250,Source metric: sit_no_work_window_active
1148,293888.000000,294144.000000,256.000000,256.000000,11.000000,208.000000,37.000000,0.000000,0.042968750,Source metric: sit_no_work_window_active
1149,294144.000000,294400.000000,256.000000,256.000000,0.000000,256.000000,0.000000,0.000000,0.000000000,Source metric: sit_no_work_window_active
1150,294400.000000,294656.000000,256.000000,256.000000,0.000000,256.000000,0.000000,0.000000,0.000000000,Source metric: sit_no_work_window_active
1151,294656.000000,294912.000000,256.000000,256.000000,0.000000,256.000000,0.000000,0.000000,0.000000000,Source metric: sit_no_work_window_active
1152,294912.000000,295168.000000,256.000000,256.000000,79.000000,82.000000,95.000000,0.000000,0.308593750,Source metric: sit_no_work_window_active
1153,295168.000000,295424.000000,256.000000,256.000000,88.000000,84.000000,84.000000,0.000000,0.343750000,Source metric: sit_no_work_window_active
1154,295424.000000,295680.000000,256.000000,256.000000,85.000000,85.000000,86.000000,0.000000,0.332031250,Source metric: sit_no_work_window_active
1155,295680.000000,295936.000000,256.000000,256.000000,85.000000,86.000000,85.000000,0.000000,0.332031250,Source metric: sit_no_work_window_active
1156,295936.000000,296192.000000,256.000000,256.000000,86.000000,85.000000,85.000000,0.000000,0.335937500,Source metric: sit_no_work_window_active
1157,296192.000000,296448.000000,256.000000,256.000000,85.000000,85.000000,86.000000,0.000000,0.332031250,Source metric: sit_no_work_window_active
1158,296448.000000,296704.000000,256.000000,256.000000,85.000000,86.000000,85.000000,0.000000,0.332031250,Source metric: sit_no_work_window_active
1159,296704.000000,296960.000000,256.000000,256.000000,43.000000,149.000000,64.000000,0.000000,0.167968750,Source metric: sit_no_work_window_active
1160,296960.000000,297216.000000,256.000000,256.000000,0.000000,256.000000,0.000000,0.000000,0.000000000,Source metric: sit_no_work_window_active
1161,297216.000000,297472.000000,256.000000,256.000000,0.000000,256.000000,0.000000,0.000000,0.000000000,Source metric: sit_no_work_window_active
1162,297472.000000,297728.000000,256.000000,256.000000,0.000000,256.000000,0.000000,0.000000,0.000000000,Source metric: sit_no_work_window_active
1163,297728.000000,297984.000000,256.000000,256.000000,45.000000,141.000000,70.000000,0.000000,0.175781250,Source metric: sit_no_work_window_active
1164,297984.000000,298240.000000,256.000000,256.000000,98.000000,72.000000,86.000000,0.000000,0.382812500,Source metric: sit_no_work_window_active
1165,298240.000000,298496.000000,256.000000,256.000000,85.000000,86.000000,85.000000,0.000000,0.332031250,Source metric: sit_no_work_window_active
1166,298496.000000,298752.000000,256.000000,256.000000,86.000000,85.000000,85.000000,0.000000,0.335937500,Source metric: sit_no_work_window_active
1167,298752.000000,299008.000000,256.000000,256.000000,85.000000,85.000000,86.000000,0.000000,0.332031250,Source metric: sit_no_work_window_active
1168,299008.000000,299264.000000,256.000000,256.000000,85.000000,86.000000,85.000000,0.000000,0.332031250,Source metric: sit_no_work_window_active
1169,299264.000000,299520.000000,256.000000,256.000000,86.000000,85.000000,85.000000,0.000000,0.335937500,Source metric: sit_no_work_window_active
1170,299520.000000,299776.000000,256.000000,256.000000,66.000000,102.000000,88.000000,0.000000,0.257812500,Source metric: sit_no_work_window_active
1171,299776.000000,300032.000000,256.000000,256.000000,0.000000,256.000000,0.000000,0.000000,0.000000000,Source metric: sit_no_work_window_active
1172,300032.000000,300288.000000,256.000000,256.000000,0.000000,256.000000,0.000000,0.000000,0.000000000,Source metric: sit_no_work_window_active
1173,300288.000000,300544.000000,256.000000,256.000000,0.000000,256.000000,0.000000,0.000000,0.000000000,Source metric: sit_no_work_window_active
1174,300544.000000,300800.000000,256.000000,256.000000,10.000000,205.000000,41.000000,0.000000,0.039062500,Source metric: sit_no_work_window_active
1175,300800.000000,301056.000000,256.000000,256.000000,109.000000,56.000000,91.000000,0.000000,0.425781250,Source metric: sit_no_work_window_active
1176,301056.000000,301312.000000,256.000000,256.000000,86.000000,85.000000,85.000000,0.000000,0.335937500,Source metric: sit_no_work_window_active
1177,301312.000000,301568.000000,256.000000,256.000000,85.000000,85.000000,86.000000,0.000000,0.332031250,Source metric: sit_no_work_window_active
1178,301568.000000,301824.000000,256.000000,256.000000,85.000000,86.000000,85.000000,0.000000,0.332031250,Source metric: sit_no_work_window_active
1179,301824.000000,302080.000000,256.000000,256.000000,86.000000,85.000000,85.000000,0.000000,0.335937500,Source metric: sit_no_work_window_active
1180,302080.000000,302336.000000,256.000000,256.000000,85.000000,85.000000,86.000000,0.000000,0.332031250,Source metric: sit_no_work_window_active
1181,302336.000000,302592.000000,256.000000,256.000000,90.000000,62.000000,104.000000,0.000000,0.351562500,Source metric: sit_no_work_window_active
1182,302592.000000,302848.000000,256.000000,256.000000,0.000000,249.000000,7.000000,0.000000,0.000000000,Source metric: sit_no_work_window_active
1183,302848.000000,303104.000000,256.000000,256.000000,0.000000,256.000000,0.000000,0.000000,0.000000000,Source metric: sit_no_work_window_active
1184,303104.000000,303360.000000,256.000000,256.000000,0.000000,256.000000,0.000000,0.000000,0.000000000,Source metric: sit_no_work_window_active
1185,303360.000000,303616.000000,256.000000,256.000000,0.000000,256.000000,0.000000,0.000000,0.000000000,Source metric: sit_no_work_window_active
1186,303616.000000,303872.000000,256.000000,256.000000,96.000000,52.000000,108.000000,0.000000,0.375000000,Source metric: sit_no_work_window_active
1187,303872.000000,304128.000000,256.000000,256.000000,85.000000,85.000000,86.000000,0.000000,0.332031250,Source metric: sit_no_work_window_active
1188,304128.000000,304384.000000,256.000000,256.000000,85.000000,86.000000,85.000000,0.000000,0.332031250,Source metric: sit_no_work_window_active
1189,304384.000000,304640.000000,256.000000,256.000000,86.000000,85.000000,85.000000,0.000000,0.335937500,Source metric: sit_no_work_window_active
1190,304640.000000,304896.000000,256.000000,256.000000,85.000000,85.000000,86.000000,0.000000,0.332031250,Source metric: sit_no_work_window_active
1191,304896.000000,305152.000000,256.000000,256.000000,85.000000,86.000000,85.000000,0.000000,0.332031250,Source metric: sit_no_work_window_active
1192,305152.000000,305408.000000,256.000000,256.000000,90.000000,76.000000,90.000000,0.000000,0.351562500,Source metric: sit_no_work_window_active
1193,305408.000000,305664.000000,256.000000,256.000000,24.000000,187.000000,45.000000,0.000000,0.093750000,Source metric: sit_no_work_window_active
1194,305664.000000,305920.000000,256.000000,256.000000,0.000000,256.000000,0.000000,0.000000,0.000000000,Source metric: sit_no_work_window_active
1195,305920.000000,306176.000000,256.000000,256.000000,0.000000,256.000000,0.000000,0.000000,0.000000000,Source metric: sit_no_work_window_active
1196,306176.000000,306432.000000,256.000000,256.000000,0.000000,256.000000,0.000000,0.000000,0.000000000,Source metric: sit_no_work_window_active
1197,306432.000000,306688.000000,256.000000,256.000000,63.000000,106.000000,87.000000,0.000000,0.246093750,Source metric: sit_no_work_window_active
1198,306688.000000,306944.000000,256.000000,256.000000,94.000000,79.000000,83.000000,0.000000,0.367187500,Source metric: sit_no_work_window_active
1199,306944.000000,307200.000000,256.000000,256.000000,86.000000,85.000000,85.000000,0.000000,0.335937500,Source metric: sit_no_work_window_active
1200,307200.000000,307456.000000,256.000000,256.000000,85.000000,85.000000,86.000000,0.000000,0.332031250,Source metric: sit_no_work_window_active
1201,307456.000000,307712.000000,256.000000,256.000000,85.000000,86.000000,85.000000,0.000000,0.332031250,Source metric: sit_no_work_window_active
1202,307712.000000,307968.000000,256.000000,256.000000,86.000000,85.000000,85.000000,0.000000,0.335937500,Source metric: sit_no_work_window_active
1203,307968.000000,308224.000000,256.000000,256.000000,85.000000,85.000000,86.000000,0.000000,0.332031250,Source metric: sit_no_work_window_active
1204,308224.000000,308480.000000,256.000000,256.000000,52.000000,131.000000,73.000000,0.000000,0.203125000,Source metric: sit_no_work_window_active
1205,308480.000000,308736.000000,256.000000,256.000000,0.000000,256.000000,0.000000,0.000000,0.000000000,Source metric: sit_no_work_window_active
1206,308736.000000,308992.000000,256.000000,256.000000,0.000000,256.000000,0.000000,0.000000,0.000000000,Source metric: sit_no_work_window_active
1207,308992.000000,309248.000000,256.000000,256.000000,0.000000,256.000000,0.000000,0.000000,0.000000000,Source metric: sit_no_work_window_active
1208,309248.000000,309504.000000,256.000000,256.000000,32.000000,167.000000,57.000000,0.000000,0.125000000,Source metric: sit_no_work_window_active
1209,309504.000000,309760.000000,256.000000,256.000000,102.000000,65.000000,89.000000,0.000000,0.398437500,Source metric: sit_no_work_window_active
1210,309760.000000,310016.000000,256.000000,256.000000,85.000000,85.000000,86.000000,0.000000,0.332031250,Source metric: sit_no_work_window_active
1211,310016.000000,310272.000000,256.000000,256.000000,85.000000,86.000000,85.000000,0.000000,0.332031250,Source metric: sit_no_work_window_active
1212,310272.000000,310528.000000,256.000000,256.000000,86.000000,85.000000,85.000000,0.000000,0.335937500,Source metric: sit_no_work_window_active
1213,310528.000000,310784.000000,256.000000,256.000000,85.000000,85.000000,86.000000,0.000000,0.332031250,Source metric: sit_no_work_window_active
1214,310784.000000,311040.000000,256.000000,256.000000,85.000000,86.000000,85.000000,0.000000,0.332031250,Source metric: sit_no_work_window_active
1215,311040.000000,311296.000000,256.000000,256.000000,76.000000,83.000000,97.000000,0.000000,0.296875000,Source metric: sit_no_work_window_active
1216,311296.000000,311552.000000,256.000000,256.000000,0.000000,256.000000,0.000000,0.000000,0.000000000,Source metric: sit_no_work_window_active
1217,311552.000000,311808.000000,256.000000,256.000000,0.000000,256.000000,0.000000,0.000000,0.000000000,Source metric: sit_no_work_window_active
1218,311808.000000,312064.000000,256.000000,256.000000,0.000000,256.000000,0.000000,0.000000,0.000000000,Source metric: sit_no_work_window_active
1219,312064.000000,312320.000000,256.000000,256.000000,2.000000,224.000000,30.000000,0.000000,0.007812500,Source metric: sit_no_work_window_active
1220,312320.000000,312576.000000,256.000000,256.000000,108.000000,55.000000,93.000000,0.000000,0.421875000,Source metric: sit_no_work_window_active
1221,312576.000000,312832.000000,256.000000,256.000000,85.000000,86.000000,85.000000,0.000000,0.332031250,Source metric: sit_no_work_window_active
1222,312832.000000,313088.000000,256.000000,256.000000,86.000000,85.000000,85.000000,0.000000,0.335937500,Source metric: sit_no_work_window_active
1223,313088.000000,313344.000000,256.000000,256.000000,85.000000,85.000000,86.000000,0.000000,0.332031250,Source metric: sit_no_work_window_active
1224,313344.000000,313600.000000,256.000000,256.000000,85.000000,86.000000,85.000000,0.000000,0.332031250,Source metric: sit_no_work_window_active
1225,313600.000000,313856.000000,256.000000,256.000000,86.000000,85.000000,85.000000,0.000000,0.335937500,Source metric: sit_no_work_window_active
1226,313856.000000,314112.000000,256.000000,256.000000,97.000000,71.000000,88.000000,0.000000,0.378906250,Source metric: sit_no_work_window_active
1227,314112.000000,314368.000000,256.000000,256.000000,2.000000,221.000000,33.000000,0.000000,0.007812500,Source metric: sit_no_work_window_active
1228,314368.000000,314624.000000,256.000000,256.000000,0.000000,256.000000,0.000000,0.000000,0.000000000,Source metric: sit_no_work_window_active
1229,314624.000000,314880.000000,256.000000,256.000000,0.000000,256.000000,0.000000,0.000000,0.000000000,Source metric: sit_no_work_window_active
1230,314880.000000,315136.000000,256.000000,256.000000,0.000000,256.000000,0.000000,0.000000,0.000000000,Source metric: sit_no_work_window_active
1231,315136.000000,315392.000000,256.000000,256.000000,86.000000,71.000000,99.000000,0.000000,0.335937500,Source metric: sit_no_work_window_active
1232,315392.000000,315648.000000,256.000000,256.000000,86.000000,85.000000,85.000000,0.000000,0.335937500,Source metric: sit_no_work_window_active
1233,315648.000000,315904.000000,256.000000,256.000000,85.000000,85.000000,86.000000,0.000000,0.332031250,Source metric: sit_no_work_window_active
1234,315904.000000,316160.000000,256.000000,256.000000,85.000000,86.000000,85.000000,0.000000,0.332031250,Source metric: sit_no_work_window_active
1235,316160.000000,316416.000000,256.000000,256.000000,86.000000,85.000000,85.000000,0.000000,0.335937500,Source metric: sit_no_work_window_active
1236,316416.000000,316672.000000,256.000000,256.000000,85.000000,85.000000,86.000000,0.000000,0.332031250,Source metric: sit_no_work_window_active
1237,316672.000000,316928.000000,256.000000,256.000000,85.000000,82.000000,89.000000,0.000000,0.332031250,Source metric: sit_no_work_window_active
1238,316928.000000,317184.000000,256.000000,256.000000,40.000000,157.000000,59.000000,0.000000,0.156250000,Source metric: sit_no_work_window_active
1239,317184.000000,317440.000000,256.000000,256.000000,16.000000,192.000000,48.000000,0.000000,0.062500000,Source metric: sit_no_work_window_active
1240,317440.000000,317696.000000,256.000000,256.000000,109.000000,57.000000,90.000000,0.000000,0.425781250,Source metric: sit_no_work_window_active
1241,317696.000000,317952.000000,256.000000,256.000000,86.000000,85.000000,85.000000,0.000000,0.335937500,Source metric: sit_no_work_window_active
1242,317952.000000,318208.000000,256.000000,256.000000,85.000000,85.000000,86.000000,0.000000,0.332031250,Source metric: sit_no_work_window_active
1243,318208.000000,318464.000000,256.000000,256.000000,85.000000,86.000000,85.000000,0.000000,0.332031250,Source metric: sit_no_work_window_active
1244,318464.000000,318720.000000,256.000000,256.000000,86.000000,85.000000,85.000000,0.000000,0.335937500,Source metric: sit_no_work_window_active
1245,318720.000000,318976.000000,256.000000,256.000000,85.000000,85.000000,86.000000,0.000000,0.332031250,Source metric: sit_no_work_window_active
1246,318976.000000,319232.000000,256.000000,256.000000,79.000000,65.000000,112.000000,0.000000,0.308593750,Source metric: sit_no_work_window_active
1247,319232.000000,319488.000000,256.000000,256.000000,0.000000,128.000000,128.000000,0.000000,0.000000000,Source metric: sit_no_work_window_active
1248,319488.000000,319744.000000,256.000000,256.000000,0.000000,128.000000,128.000000,0.000000,0.000000000,Source metric: sit_no_work_window_active
1249,319744.000000,320000.000000,256.000000,256.000000,0.000000,128.000000,128.000000,0.000000,0.000000000,Source metric: sit_no_work_window_active
1250,320000.000000,320256.000000,256.000000,256.000000,0.000000,128.000000,128.000000,0.000000,0.000000000,Source metric: sit_no_work_window_active
1251,320256.000000,320512.000000,256.000000,256.000000,0.000000,128.000000,128.000000,0.000000,0.000000000,Source metric: sit_no_work_window_active
1252,320512.000000,320768.000000,256.000000,256.000000,0.000000,128.000000,128.000000,0.000000,0.000000000,Source metric: sit_no_work_window_active
1253,320768.000000,321024.000000,256.000000,256.000000,0.000000,128.000000,128.000000,0.000000,0.000000000,Source metric: sit_no_work_window_active
1254,321024.000000,321280.000000,256.000000,256.000000,0.000000,128.000000,128.000000,0.000000,0.000000000,Source metric: sit_no_work_window_active
1255,321280.000000,321536.000000,256.000000,256.000000,0.000000,128.000000,128.000000,0.000000,0.000000000,Source metric: sit_no_work_window_active
1256,321536.000000,321792.000000,256.000000,256.000000,0.000000,128.000000,128.000000,0.000000,0.000000000,Source metric: sit_no_work_window_active
1257,321792.000000,322048.000000,256.000000,256.000000,0.000000,128.000000,128.000000,0.000000,0.000000000,Source metric: sit_no_work_window_active
1258,322048.000000,322304.000000,256.000000,256.000000,0.000000,128.000000,128.000000,0.000000,0.000000000,Source metric: sit_no_work_window_active
1259,322304.000000,322560.000000,256.000000,256.000000,64.000000,87.000000,105.000000,0.000000,0.250000000,Source metric: sit_no_work_window_active
1260,322560.000000,322816.000000,256.000000,256.000000,85.000000,85.000000,86.000000,0.000000,0.332031250,Source metric: sit_no_work_window_active
1261,322816.000000,323072.000000,256.000000,256.000000,85.000000,86.000000,85.000000,0.000000,0.332031250,Source metric: sit_no_work_window_active
1262,323072.000000,323328.000000,256.000000,256.000000,86.000000,85.000000,85.000000,0.000000,0.335937500,Source metric: sit_no_work_window_active
1263,323328.000000,323584.000000,256.000000,256.000000,85.000000,85.000000,86.000000,0.000000,0.332031250,Source metric: sit_no_work_window_active
1264,323584.000000,323840.000000,256.000000,256.000000,85.000000,86.000000,85.000000,0.000000,0.332031250,Source metric: sit_no_work_window_active
1265,323840.000000,324096.000000,256.000000,256.000000,86.000000,85.000000,85.000000,0.000000,0.335937500,Source metric: sit_no_work_window_active
1266,324096.000000,324352.000000,256.000000,256.000000,83.000000,83.000000,90.000000,0.000000,0.324218750,Source metric: sit_no_work_window_active
1267,324352.000000,324608.000000,256.000000,256.000000,26.000000,98.000000,132.000000,0.000000,0.101562500,Source metric: sit_no_work_window_active
1268,324608.000000,324864.000000,256.000000,256.000000,0.000000,128.000000,128.000000,0.000000,0.000000000,Source metric: sit_no_work_window_active
1269,324864.000000,325120.000000,256.000000,256.000000,0.000000,128.000000,128.000000,0.000000,0.000000000,Source metric: sit_no_work_window_active
1270,325120.000000,325376.000000,256.000000,256.000000,0.000000,128.000000,128.000000,0.000000,0.000000000,Source metric: sit_no_work_window_active
1271,325376.000000,325632.000000,256.000000,256.000000,0.000000,128.000000,128.000000,0.000000,0.000000000,Source metric: sit_no_work_window_active
1272,325632.000000,325888.000000,256.000000,256.000000,0.000000,128.000000,128.000000,0.000000,0.000000000,Source metric: sit_no_work_window_active
1273,325888.000000,326144.000000,256.000000,256.000000,0.000000,128.000000,128.000000,0.000000,0.000000000,Source metric: sit_no_work_window_active
1274,326144.000000,326400.000000,256.000000,256.000000,0.000000,128.000000,128.000000,0.000000,0.000000000,Source metric: sit_no_work_window_active
1275,326400.000000,326656.000000,256.000000,256.000000,0.000000,128.000000,128.000000,0.000000,0.000000000,Source metric: sit_no_work_window_active
1276,326656.000000,326912.000000,256.000000,256.000000,0.000000,128.000000,128.000000,0.000000,0.000000000,Source metric: sit_no_work_window_active
1277,326912.000000,327168.000000,256.000000,256.000000,0.000000,128.000000,128.000000,0.000000,0.000000000,Source metric: sit_no_work_window_active
1278,327168.000000,327424.000000,256.000000,256.000000,25.000000,107.000000,124.000000,0.000000,0.097656250,Source metric: sit_no_work_window_active
1279,327424.000000,327680.000000,256.000000,256.000000,13.000000,203.000000,40.000000,0.000000,0.050781250,Source metric: sit_no_work_window_active
1280,327680.000000,327936.000000,256.000000,256.000000,0.000000,256.000000,0.000000,0.000000,0.000000000,Source metric: sit_no_work_window_active
1281,327936.000000,328192.000000,256.000000,256.000000,0.000000,256.000000,0.000000,0.000000,0.000000000,Source metric: sit_no_work_window_active
1282,328192.000000,328448.000000,256.000000,256.000000,0.000000,256.000000,0.000000,0.000000,0.000000000,Source metric: sit_no_work_window_active
1283,328448.000000,328704.000000,256.000000,256.000000,0.000000,256.000000,0.000000,0.000000,0.000000000,Source metric: sit_no_work_window_active
1284,328704.000000,328960.000000,256.000000,256.000000,0.000000,256.000000,0.000000,0.000000,0.000000000,Source metric: sit_no_work_window_active
1285,328960.000000,329216.000000,256.000000,256.000000,0.000000,256.000000,0.000000,0.000000,0.000000000,Source metric: sit_no_work_window_active
1286,329216.000000,329472.000000,256.000000,256.000000,0.000000,256.000000,0.000000,0.000000,0.000000000,Source metric: sit_no_work_window_active
1287,329472.000000,329728.000000,256.000000,256.000000,0.000000,256.000000,0.000000,0.000000,0.000000000,Source metric: sit_no_work_window_active
1288,329728.000000,329984.000000,256.000000,256.000000,0.000000,256.000000,0.000000,0.000000,0.000000000,Source metric: sit_no_work_window_active
1289,329984.000000,330240.000000,256.000000,256.000000,0.000000,256.000000,0.000000,0.000000,0.000000000,Source metric: sit_no_work_window_active
1290,330240.000000,330496.000000,256.000000,256.000000,0.000000,256.000000,0.000000,0.000000,0.000000000,Source metric: sit_no_work_window_active
1291,330496.000000,330752.000000,256.000000,256.000000,0.000000,256.000000,0.000000,0.000000,0.000000000,Source metric: sit_no_work_window_active
1292,330752.000000,331008.000000,256.000000,256.000000,0.000000,256.000000,0.000000,0.000000,0.000000000,Source metric: sit_no_work_window_active
1293,331008.000000,331264.000000,256.000000,256.000000,0.000000,256.000000,0.000000,0.000000,0.000000000,Source metric: sit_no_work_window_active
1294,331264.000000,331520.000000,256.000000,256.000000,0.000000,256.000000,0.000000,0.000000,0.000000000,Source metric: sit_no_work_window_active
1295,331520.000000,331776.000000,256.000000,256.000000,0.000000,256.000000,0.000000,0.000000,0.000000000,Source metric: sit_no_work_window_active
1296,331776.000000,332032.000000,256.000000,256.000000,0.000000,256.000000,0.000000,0.000000,0.000000000,Source metric: sit_no_work_window_active
1297,332032.000000,332288.000000,256.000000,256.000000,0.000000,256.000000,0.000000,0.000000,0.000000000,Source metric: sit_no_work_window_active
1298,332288.000000,332544.000000,256.000000,256.000000,0.000000,256.000000,0.000000,0.000000,0.000000000,Source metric: sit_no_work_window_active
1299,332544.000000,332800.000000,256.000000,256.000000,0.000000,256.000000,0.000000,0.000000,0.000000000,Source metric: sit_no_work_window_active
1300,332800.000000,333056.000000,256.000000,256.000000,0.000000,256.000000,0.000000,0.000000,0.000000000,Source metric: sit_no_work_window_active
1301,333056.000000,333312.000000,256.000000,256.000000,0.000000,256.000000,0.000000,0.000000,0.000000000,Source metric: sit_no_work_window_active
1302,333312.000000,333568.000000,256.000000,256.000000,0.000000,256.000000,0.000000,0.000000,0.000000000,Source metric: sit_no_work_window_active
1303,333568.000000,333824.000000,256.000000,256.000000,0.000000,256.000000,0.000000,0.000000,0.000000000,Source metric: sit_no_work_window_active
1304,333824.000000,334080.000000,256.000000,256.000000,0.000000,256.000000,0.000000,0.000000,0.000000000,Source metric: sit_no_work_window_active
1305,334080.000000,334336.000000,256.000000,256.000000,0.000000,256.000000,0.000000,0.000000,0.000000000,Source metric: sit_no_work_window_active
1306,334336.000000,334592.000000,256.000000,256.000000,0.000000,256.000000,0.000000,0.000000,0.000000000,Source metric: sit_no_work_window_active
1307,334592.000000,334848.000000,256.000000,256.000000,0.000000,256.000000,0.000000,0.000000,0.000000000,Source metric: sit_no_work_window_active
1308,334848.000000,335104.000000,256.000000,256.000000,0.000000,256.000000,0.000000,0.000000,0.000000000,Source metric: sit_no_work_window_active
1309,335104.000000,335360.000000,256.000000,256.000000,0.000000,256.000000,0.000000,0.000000,0.000000000,Source metric: sit_no_work_window_active
1310,335360.000000,335616.000000,256.000000,256.000000,0.000000,256.000000,0.000000,0.000000,0.000000000,Source metric: sit_no_work_window_active
1311,335616.000000,335872.000000,256.000000,256.000000,0.000000,256.000000,0.000000,0.000000,0.000000000,Source metric: sit_no_work_window_active
1312,335872.000000,336128.000000,256.000000,256.000000,0.000000,256.000000,0.000000,0.000000,0.000000000,Source metric: sit_no_work_window_active
1313,336128.000000,336384.000000,256.000000,256.000000,0.000000,256.000000,0.000000,0.000000,0.000000000,Source metric: sit_no_work_window_active
1314,336384.000000,336640.000000,256.000000,256.000000,0.000000,256.000000,0.000000,0.000000,0.000000000,Source metric: sit_no_work_window_active
1315,336640.000000,336896.000000,256.000000,256.000000,0.000000,256.000000,0.000000,0.000000,0.000000000,Source metric: sit_no_work_window_active
1316,336896.000000,337152.000000,256.000000,256.000000,100.000000,16.000000,140.000000,0.000000,0.390625000,Source metric: sit_no_work_window_active
1317,337152.000000,337408.000000,256.000000,256.000000,103.000000,9.000000,144.000000,0.000000,0.402343750,Source metric: sit_no_work_window_active
1318,337408.000000,337664.000000,256.000000,256.000000,102.000000,9.000000,145.000000,0.000000,0.398437500,Source metric: sit_no_work_window_active
1319,337664.000000,337920.000000,256.000000,256.000000,102.000000,9.000000,145.000000,0.000000,0.398437500,Source metric: sit_no_work_window_active
1320,337920.000000,338176.000000,256.000000,256.000000,107.000000,7.000000,142.000000,0.000000,0.417968750,Source metric: sit_no_work_window_active
1321,338176.000000,338432.000000,256.000000,256.000000,102.000000,9.000000,145.000000,0.000000,0.398437500,Source metric: sit_no_work_window_active
1322,338432.000000,338688.000000,256.000000,256.000000,102.000000,9.000000,145.000000,0.000000,0.398437500,Source metric: sit_no_work_window_active
1323,338688.000000,338944.000000,256.000000,256.000000,103.000000,9.000000,144.000000,0.000000,0.402343750,Source metric: sit_no_work_window_active
1324,338944.000000,339200.000000,256.000000,256.000000,106.000000,7.000000,143.000000,0.000000,0.414062500,Source metric: sit_no_work_window_active
1325,339200.000000,339456.000000,256.000000,256.000000,103.000000,9.000000,144.000000,0.000000,0.402343750,Source metric: sit_no_work_window_active
1326,339456.000000,339712.000000,256.000000,256.000000,102.000000,9.000000,145.000000,0.000000,0.398437500,Source metric: sit_no_work_window_active
1327,339712.000000,339968.000000,256.000000,256.000000,103.000000,9.000000,144.000000,0.000000,0.402343750,Source metric: sit_no_work_window_active
1328,339968.000000,340224.000000,256.000000,256.000000,103.000000,9.000000,144.000000,0.000000,0.402343750,Source metric: sit_no_work_window_active
1329,340224.000000,340480.000000,256.000000,256.000000,106.000000,7.000000,143.000000,0.000000,0.414062500,Source metric: sit_no_work_window_active
1330,340480.000000,340736.000000,256.000000,256.000000,103.000000,9.000000,144.000000,0.000000,0.402343750,Source metric: sit_no_work_window_active
1331,340736.000000,340992.000000,256.000000,256.000000,102.000000,9.000000,145.000000,0.000000,0.398437500,Source metric: sit_no_work_window_active
1332,340992.000000,341248.000000,256.000000,256.000000,102.000000,9.000000,145.000000,0.000000,0.398437500,Source metric: sit_no_work_window_active
1333,341248.000000,341504.000000,256.000000,256.000000,103.000000,9.000000,144.000000,0.000000,0.402343750,Source metric: sit_no_work_window_active
1334,341504.000000,341760.000000,256.000000,256.000000,107.000000,7.000000,142.000000,0.000000,0.417968750,Source metric: sit_no_work_window_active
1335,341760.000000,342016.000000,256.000000,256.000000,103.000000,9.000000,144.000000,0.000000,0.402343750,Source metric: sit_no_work_window_active
1336,342016.000000,342272.000000,256.000000,256.000000,96.000000,11.000000,149.000000,0.000000,0.375000000,Source metric: sit_no_work_window_active
1337,342272.000000,342528.000000,256.000000,256.000000,95.000000,9.000000,152.000000,0.000000,0.371093750,Source metric: sit_no_work_window_active
1338,342528.000000,342784.000000,256.000000,256.000000,97.000000,12.000000,147.000000,0.000000,0.378906250,Source metric: sit_no_work_window_active
1339,342784.000000,343040.000000,256.000000,256.000000,103.000000,9.000000,144.000000,0.000000,0.402343750,Source metric: sit_no_work_window_active
1340,343040.000000,343296.000000,256.000000,256.000000,102.000000,9.000000,145.000000,0.000000,0.398437500,Source metric: sit_no_work_window_active
1341,343296.000000,343552.000000,256.000000,256.000000,108.000000,7.000000,141.000000,0.000000,0.421875000,Source metric: sit_no_work_window_active
1342,343552.000000,343808.000000,256.000000,256.000000,102.000000,9.000000,145.000000,0.000000,0.398437500,Source metric: sit_no_work_window_active
1343,343808.000000,344064.000000,256.000000,256.000000,103.000000,9.000000,144.000000,0.000000,0.402343750,Source metric: sit_no_work_window_active
1344,344064.000000,344320.000000,256.000000,256.000000,102.000000,9.000000,145.000000,0.000000,0.398437500,Source metric: sit_no_work_window_active
1345,344320.000000,344576.000000,256.000000,256.000000,103.000000,8.000000,145.000000,0.000000,0.402343750,Source metric: sit_no_work_window_active
1346,344576.000000,344832.000000,256.000000,256.000000,106.000000,8.000000,142.000000,0.000000,0.414062500,Source metric: sit_no_work_window_active
1347,344832.000000,345088.000000,256.000000,256.000000,103.000000,9.000000,144.000000,0.000000,0.402343750,Source metric: sit_no_work_window_active
1348,345088.000000,345344.000000,256.000000,256.000000,102.000000,9.000000,145.000000,0.000000,0.398437500,Source metric: sit_no_work_window_active
1349,345344.000000,345600.000000,256.000000,256.000000,103.000000,9.000000,144.000000,0.000000,0.402343750,Source metric: sit_no_work_window_active
1350,345600.000000,345856.000000,256.000000,256.000000,106.000000,7.000000,143.000000,0.000000,0.414062500,Source metric: sit_no_work_window_active
1351,345856.000000,346112.000000,256.000000,256.000000,103.000000,9.000000,144.000000,0.000000,0.402343750,Source metric: sit_no_work_window_active
1352,346112.000000,346368.000000,256.000000,256.000000,102.000000,10.000000,144.000000,0.000000,0.398437500,Source metric: sit_no_work_window_active
1353,346368.000000,346624.000000,256.000000,256.000000,102.000000,9.000000,145.000000,0.000000,0.398437500,Source metric: sit_no_work_window_active
1354,346624.000000,346880.000000,256.000000,256.000000,103.000000,9.000000,144.000000,0.000000,0.402343750,Source metric: sit_no_work_window_active
1355,346880.000000,347136.000000,256.000000,256.000000,106.000000,7.000000,143.000000,0.000000,0.414062500,Source metric: sit_no_work_window_active
1356,347136.000000,347392.000000,256.000000,256.000000,102.000000,9.000000,145.000000,0.000000,0.398437500,Source metric: sit_no_work_window_active
1357,347392.000000,347648.000000,256.000000,256.000000,103.000000,9.000000,144.000000,0.000000,0.402343750,Source metric: sit_no_work_window_active
1358,347648.000000,347904.000000,256.000000,256.000000,99.000000,10.000000,147.000000,0.000000,0.386718750,Source metric: sit_no_work_window_active
1359,347904.000000,348160.000000,256.000000,256.000000,96.000000,9.000000,151.000000,0.000000,0.375000000,Source metric: sit_no_work_window_active
1360,348160.000000,348416.000000,256.000000,256.000000,95.000000,12.000000,149.000000,0.000000,0.371093750,Source metric: sit_no_work_window_active
1361,348416.000000,348672.000000,256.000000,256.000000,102.000000,9.000000,145.000000,0.000000,0.398437500,Source metric: sit_no_work_window_active
1362,348672.000000,348928.000000,256.000000,256.000000,108.000000,7.000000,141.000000,0.000000,0.421875000,Source metric: sit_no_work_window_active
1363,348928.000000,349184.000000,256.000000,256.000000,102.000000,9.000000,145.000000,0.000000,0.398437500,Source metric: sit_no_work_window_active
1364,349184.000000,349440.000000,256.000000,256.000000,103.000000,9.000000,144.000000,0.000000,0.402343750,Source metric: sit_no_work_window_active
1365,349440.000000,349696.000000,256.000000,256.000000,102.000000,9.000000,145.000000,0.000000,0.398437500,Source metric: sit_no_work_window_active
1366,349696.000000,349952.000000,256.000000,256.000000,102.000000,9.000000,145.000000,0.000000,0.398437500,Source metric: sit_no_work_window_active
1367,349952.000000,350208.000000,256.000000,256.000000,107.000000,8.000000,141.000000,0.000000,0.417968750,Source metric: sit_no_work_window_active
1368,350208.000000,350464.000000,256.000000,256.000000,102.000000,9.000000,145.000000,0.000000,0.398437500,Source metric: sit_no_work_window_active
1369,350464.000000,350720.000000,256.000000,256.000000,102.000000,9.000000,145.000000,0.000000,0.398437500,Source metric: sit_no_work_window_active
1370,350720.000000,350976.000000,256.000000,256.000000,103.000000,9.000000,144.000000,0.000000,0.402343750,Source metric: sit_no_work_window_active
1371,350976.000000,351232.000000,256.000000,256.000000,106.000000,7.000000,143.000000,0.000000,0.414062500,Source metric: sit_no_work_window_active
1372,351232.000000,351488.000000,256.000000,256.000000,102.000000,9.000000,145.000000,0.000000,0.398437500,Source metric: sit_no_work_window_active
1373,351488.000000,351744.000000,256.000000,256.000000,103.000000,9.000000,144.000000,0.000000,0.402343750,Source metric: sit_no_work_window_active
1374,351744.000000,352000.000000,256.000000,256.000000,102.000000,9.000000,145.000000,0.000000,0.398437500,Source metric: sit_no_work_window_active
1375,352000.000000,352256.000000,256.000000,256.000000,102.000000,9.000000,145.000000,0.000000,0.398437500,Source metric: sit_no_work_window_active
1376,352256.000000,352512.000000,256.000000,256.000000,107.000000,7.000000,142.000000,0.000000,0.417968750,Source metric: sit_no_work_window_active
1377,352512.000000,352768.000000,256.000000,256.000000,103.000000,9.000000,144.000000,0.000000,0.402343750,Source metric: sit_no_work_window_active
1378,352768.000000,353024.000000,256.000000,256.000000,103.000000,9.000000,144.000000,0.000000,0.402343750,Source metric: sit_no_work_window_active
1379,353024.000000,353280.000000,256.000000,256.000000,102.000000,9.000000,145.000000,0.000000,0.398437500,Source metric: sit_no_work_window_active
1380,353280.000000,353536.000000,256.000000,256.000000,102.000000,9.000000,145.000000,0.000000,0.398437500,Source metric: sit_no_work_window_active
1381,353536.000000,353792.000000,256.000000,256.000000,96.000000,10.000000,150.000000,0.000000,0.375000000,Source metric: sit_no_work_window_active
1382,353792.000000,354048.000000,256.000000,256.000000,92.000000,13.000000,151.000000,0.000000,0.359375000,Source metric: sit_no_work_window_active
1383,354048.000000,354304.000000,256.000000,256.000000,107.000000,7.000000,142.000000,0.000000,0.417968750,Source metric: sit_no_work_window_active
1384,354304.000000,354560.000000,256.000000,256.000000,102.000000,9.000000,145.000000,0.000000,0.398437500,Source metric: sit_no_work_window_active
1385,354560.000000,354816.000000,256.000000,256.000000,102.000000,9.000000,145.000000,0.000000,0.398437500,Source metric: sit_no_work_window_active
1386,354816.000000,355072.000000,256.000000,256.000000,103.000000,9.000000,144.000000,0.000000,0.402343750,Source metric: sit_no_work_window_active
1387,355072.000000,355328.000000,256.000000,256.000000,102.000000,9.000000,145.000000,0.000000,0.398437500,Source metric: sit_no_work_window_active
1388,355328.000000,355584.000000,256.000000,256.000000,106.000000,7.000000,143.000000,0.000000,0.414062500,Source metric: sit_no_work_window_active
1389,355584.000000,355840.000000,256.000000,256.000000,103.000000,9.000000,144.000000,0.000000,0.402343750,Source metric: sit_no_work_window_active
1390,355840.000000,356096.000000,256.000000,256.000000,102.000000,9.000000,145.000000,0.000000,0.398437500,Source metric: sit_no_work_window_active
1391,356096.000000,356352.000000,256.000000,256.000000,103.000000,9.000000,144.000000,0.000000,0.402343750,Source metric: sit_no_work_window_active
1392,356352.000000,356608.000000,256.000000,256.000000,104.000000,8.000000,144.000000,0.000000,0.406250000,Source metric: sit_no_work_window_active
1393,356608.000000,356864.000000,256.000000,256.000000,106.000000,8.000000,142.000000,0.000000,0.414062500,Source metric: sit_no_work_window_active
1394,356864.000000,357120.000000,256.000000,256.000000,102.000000,9.000000,145.000000,0.000000,0.398437500,Source metric: sit_no_work_window_active
1395,357120.000000,357376.000000,256.000000,256.000000,102.000000,9.000000,145.000000,0.000000,0.398437500,Source metric: sit_no_work_window_active
1396,357376.000000,357632.000000,256.000000,256.000000,103.000000,9.000000,144.000000,0.000000,0.402343750,Source metric: sit_no_work_window_active
1397,357632.000000,357888.000000,256.000000,256.000000,107.000000,7.000000,142.000000,0.000000,0.417968750,Source metric: sit_no_work_window_active
1398,357888.000000,358144.000000,256.000000,256.000000,102.000000,9.000000,145.000000,0.000000,0.398437500,Source metric: sit_no_work_window_active
1399,358144.000000,358400.000000,256.000000,256.000000,103.000000,9.000000,144.000000,0.000000,0.402343750,Source metric: sit_no_work_window_active
1400,358400.000000,358656.000000,256.000000,256.000000,102.000000,9.000000,145.000000,0.000000,0.398437500,Source metric: sit_no_work_window_active
1401,358656.000000,358912.000000,256.000000,256.000000,103.000000,9.000000,144.000000,0.000000,0.402343750,Source metric: sit_no_work_window_active
1402,358912.000000,359168.000000,256.000000,256.000000,106.000000,8.000000,142.000000,0.000000,0.414062500,Source metric: sit_no_work_window_active
1403,359168.000000,359424.000000,256.000000,256.000000,92.000000,11.000000,153.000000,0.000000,0.359375000,Source metric: sit_no_work_window_active
1404,359424.000000,359680.000000,256.000000,256.000000,94.000000,11.000000,151.000000,0.000000,0.367187500,Source metric: sit_no_work_window_active
1405,359680.000000,359936.000000,256.000000,256.000000,103.000000,9.000000,144.000000,0.000000,0.402343750,Source metric: sit_no_work_window_active
1406,359936.000000,360192.000000,256.000000,256.000000,103.000000,9.000000,144.000000,0.000000,0.402343750,Source metric: sit_no_work_window_active
1407,360192.000000,360448.000000,256.000000,256.000000,103.000000,9.000000,144.000000,0.000000,0.402343750,Source metric: sit_no_work_window_active
1408,360448.000000,360704.000000,256.000000,256.000000,102.000000,9.000000,145.000000,0.000000,0.398437500,Source metric: sit_no_work_window_active
1409,360704.000000,360960.000000,256.000000,256.000000,107.000000,7.000000,142.000000,0.000000,0.417968750,Source metric: sit_no_work_window_active
1410,360960.000000,361216.000000,256.000000,256.000000,102.000000,9.000000,145.000000,0.000000,0.398437500,Source metric: sit_no_work_window_active
1411,361216.000000,361472.000000,256.000000,256.000000,102.000000,9.000000,145.000000,0.000000,0.398437500,Source metric: sit_no_work_window_active
1412,361472.000000,361728.000000,256.000000,256.000000,103.000000,9.000000,144.000000,0.000000,0.402343750,Source metric: sit_no_work_window_active
1413,361728.000000,361984.000000,256.000000,256.000000,103.000000,9.000000,144.000000,0.000000,0.402343750,Source metric: sit_no_work_window_active
1414,361984.000000,362240.000000,256.000000,256.000000,107.000000,7.000000,142.000000,0.000000,0.417968750,Source metric: sit_no_work_window_active
1415,362240.000000,362496.000000,256.000000,256.000000,102.000000,9.000000,145.000000,0.000000,0.398437500,Source metric: sit_no_work_window_active
1416,362496.000000,362752.000000,256.000000,256.000000,102.000000,9.000000,145.000000,0.000000,0.398437500,Source metric: sit_no_work_window_active
1417,362752.000000,363008.000000,256.000000,256.000000,103.000000,9.000000,144.000000,0.000000,0.402343750,Source metric: sit_no_work_window_active
1418,363008.000000,363264.000000,256.000000,256.000000,106.000000,8.000000,142.000000,0.000000,0.414062500,Source metric: sit_no_work_window_active
1419,363264.000000,363520.000000,256.000000,256.000000,102.000000,9.000000,145.000000,0.000000,0.398437500,Source metric: sit_no_work_window_active
1420,363520.000000,363776.000000,256.000000,256.000000,103.000000,9.000000,144.000000,0.000000,0.402343750,Source metric: sit_no_work_window_active
1421,363776.000000,364032.000000,256.000000,256.000000,102.000000,9.000000,145.000000,0.000000,0.398437500,Source metric: sit_no_work_window_active
1422,364032.000000,364288.000000,256.000000,256.000000,102.000000,9.000000,145.000000,0.000000,0.398437500,Source metric: sit_no_work_window_active
1423,364288.000000,364544.000000,256.000000,256.000000,107.000000,7.000000,142.000000,0.000000,0.417968750,Source metric: sit_no_work_window_active
1424,364544.000000,364800.000000,256.000000,256.000000,102.000000,9.000000,145.000000,0.000000,0.398437500,Source metric: sit_no_work_window_active
1425,364800.000000,365056.000000,256.000000,256.000000,96.000000,11.000000,149.000000,0.000000,0.375000000,Source metric: sit_no_work_window_active
1426,365056.000000,365312.000000,256.000000,256.000000,97.000000,9.000000,150.000000,0.000000,0.378906250,Source metric: sit_no_work_window_active
1427,365312.000000,365568.000000,256.000000,256.000000,98.000000,11.000000,147.000000,0.000000,0.382812500,Source metric: sit_no_work_window_active
1428,365568.000000,365824.000000,256.000000,256.000000,103.000000,9.000000,144.000000,0.000000,0.402343750,Source metric: sit_no_work_window_active
1429,365824.000000,366080.000000,256.000000,256.000000,102.000000,9.000000,145.000000,0.000000,0.398437500,Source metric: sit_no_work_window_active
1430,366080.000000,366336.000000,256.000000,256.000000,107.000000,7.000000,142.000000,0.000000,0.417968750,Source metric: sit_no_work_window_active
1431,366336.000000,366592.000000,256.000000,256.000000,102.000000,10.000000,144.000000,0.000000,0.398437500,Source metric: sit_no_work_window_active
1432,366592.000000,366848.000000,256.000000,256.000000,102.000000,9.000000,145.000000,0.000000,0.398437500,Source metric: sit_no_work_window_active
1433,366848.000000,367104.000000,256.000000,256.000000,103.000000,9.000000,144.000000,0.000000,0.402343750,Source metric: sit_no_work_window_active
1434,367104.000000,367360.000000,256.000000,256.000000,102.000000,9.000000,145.000000,0.000000,0.398437500,Source metric: sit_no_work_window_active
1435,367360.000000,367616.000000,256.000000,256.000000,106.000000,7.000000,143.000000,0.000000,0.414062500,Source metric: sit_no_work_window_active
1436,367616.000000,367872.000000,256.000000,256.000000,103.000000,9.000000,144.000000,0.000000,0.402343750,Source metric: sit_no_work_window_active
1437,367872.000000,368128.000000,256.000000,256.000000,102.000000,9.000000,145.000000,0.000000,0.398437500,Source metric: sit_no_work_window_active
1438,368128.000000,368384.000000,256.000000,256.000000,102.000000,9.000000,145.000000,0.000000,0.398437500,Source metric: sit_no_work_window_active
1439,368384.000000,368640.000000,256.000000,256.000000,107.000000,7.000000,142.000000,0.000000,0.417968750,Source metric: sit_no_work_window_active
1440,368640.000000,368896.000000,256.000000,256.000000,102.000000,9.000000,145.000000,0.000000,0.398437500,Source metric: sit_no_work_window_active
1441,368896.000000,369152.000000,256.000000,256.000000,103.000000,9.000000,144.000000,0.000000,0.402343750,Source metric: sit_no_work_window_active
1442,369152.000000,369408.000000,256.000000,256.000000,102.000000,9.000000,145.000000,0.000000,0.398437500,Source metric: sit_no_work_window_active
1443,369408.000000,369664.000000,256.000000,256.000000,103.000000,9.000000,144.000000,0.000000,0.402343750,Source metric: sit_no_work_window_active
1444,369664.000000,369920.000000,256.000000,256.000000,107.000000,7.000000,142.000000,0.000000,0.417968750,Source metric: sit_no_work_window_active
1445,369920.000000,370176.000000,256.000000,256.000000,102.000000,9.000000,145.000000,0.000000,0.398437500,Source metric: sit_no_work_window_active
1446,370176.000000,370432.000000,256.000000,256.000000,103.000000,9.000000,144.000000,0.000000,0.402343750,Source metric: sit_no_work_window_active
1447,370432.000000,370688.000000,256.000000,256.000000,99.000000,10.000000,147.000000,0.000000,0.386718750,Source metric: sit_no_work_window_active
1448,370688.000000,370944.000000,256.000000,256.000000,93.000000,10.000000,153.000000,0.000000,0.363281250,Source metric: sit_no_work_window_active
1449,370944.000000,371200.000000,256.000000,256.000000,98.000000,12.000000,146.000000,0.000000,0.382812500,Source metric: sit_no_work_window_active
1450,371200.000000,371456.000000,256.000000,256.000000,102.000000,9.000000,145.000000,0.000000,0.398437500,Source metric: sit_no_work_window_active
1451,371456.000000,371712.000000,256.000000,256.000000,107.000000,7.000000,142.000000,0.000000,0.417968750,Source metric: sit_no_work_window_active
1452,371712.000000,371968.000000,256.000000,256.000000,102.000000,9.000000,145.000000,0.000000,0.398437500,Source metric: sit_no_work_window_active
1453,371968.000000,372224.000000,256.000000,256.000000,102.000000,9.000000,145.000000,0.000000,0.398437500,Source metric: sit_no_work_window_active
1454,372224.000000,372480.000000,256.000000,256.000000,102.000000,9.000000,145.000000,0.000000,0.398437500,Source metric: sit_no_work_window_active
1455,372480.000000,372736.000000,256.000000,256.000000,103.000000,9.000000,144.000000,0.000000,0.402343750,Source metric: sit_no_work_window_active
1456,372736.000000,372992.000000,256.000000,256.000000,107.000000,7.000000,142.000000,0.000000,0.417968750,Source metric: sit_no_work_window_active
1457,372992.000000,373248.000000,256.000000,256.000000,103.000000,9.000000,144.000000,0.000000,0.402343750,Source metric: sit_no_work_window_active
1458,373248.000000,373504.000000,256.000000,256.000000,102.000000,9.000000,145.000000,0.000000,0.398437500,Source metric: sit_no_work_window_active
1459,373504.000000,373760.000000,256.000000,256.000000,103.000000,9.000000,144.000000,0.000000,0.402343750,Source metric: sit_no_work_window_active
1460,373760.000000,374016.000000,256.000000,256.000000,103.000000,8.000000,145.000000,0.000000,0.402343750,Source metric: sit_no_work_window_active
1461,374016.000000,374272.000000,256.000000,256.000000,105.000000,8.000000,143.000000,0.000000,0.410156250,Source metric: sit_no_work_window_active
1462,374272.000000,374528.000000,256.000000,256.000000,103.000000,9.000000,144.000000,0.000000,0.402343750,Source metric: sit_no_work_window_active
1463,374528.000000,374784.000000,256.000000,256.000000,103.000000,9.000000,144.000000,0.000000,0.402343750,Source metric: sit_no_work_window_active
1464,374784.000000,375040.000000,256.000000,256.000000,102.000000,9.000000,145.000000,0.000000,0.398437500,Source metric: sit_no_work_window_active
1465,375040.000000,375296.000000,256.000000,256.000000,107.000000,7.000000,142.000000,0.000000,0.417968750,Source metric: sit_no_work_window_active
1466,375296.000000,375552.000000,256.000000,256.000000,102.000000,9.000000,145.000000,0.000000,0.398437500,Source metric: sit_no_work_window_active
1467,375552.000000,375808.000000,256.000000,256.000000,103.000000,9.000000,144.000000,0.000000,0.402343750,Source metric: sit_no_work_window_active
1468,375808.000000,376064.000000,256.000000,256.000000,102.000000,10.000000,144.000000,0.000000,0.398437500,Source metric: sit_no_work_window_active
1469,376064.000000,376320.000000,256.000000,256.000000,102.000000,9.000000,145.000000,0.000000,0.398437500,Source metric: sit_no_work_window_active
1470,376320.000000,376576.000000,256.000000,256.000000,93.000000,10.000000,153.000000,0.000000,0.363281250,Source metric: sit_no_work_window_active
1471,376576.000000,376832.000000,256.000000,256.000000,94.000000,12.000000,150.000000,0.000000,0.367187500,Source metric: sit_no_work_window_active
1472,376832.000000,377088.000000,256.000000,256.000000,104.000000,8.000000,144.000000,0.000000,0.406250000,Source metric: sit_no_work_window_active
1473,377088.000000,377344.000000,256.000000,256.000000,106.000000,8.000000,142.000000,0.000000,0.414062500,Source metric: sit_no_work_window_active
1474,377344.000000,377600.000000,256.000000,256.000000,102.000000,9.000000,145.000000,0.000000,0.398437500,Source metric: sit_no_work_window_active
1475,377600.000000,377856.000000,256.000000,256.000000,103.000000,9.000000,144.000000,0.000000,0.402343750,Source metric: sit_no_work_window_active
1476,377856.000000,378112.000000,256.000000,256.000000,102.000000,9.000000,145.000000,0.000000,0.398437500,Source metric: sit_no_work_window_active
1477,378112.000000,378368.000000,256.000000,256.000000,107.000000,7.000000,142.000000,0.000000,0.417968750,Source metric: sit_no_work_window_active
1478,378368.000000,378624.000000,256.000000,256.000000,103.000000,9.000000,144.000000,0.000000,0.402343750,Source metric: sit_no_work_window_active
1479,378624.000000,378880.000000,256.000000,256.000000,102.000000,9.000000,145.000000,0.000000,0.398437500,Source metric: sit_no_work_window_active
1480,378880.000000,379136.000000,256.000000,256.000000,103.000000,9.000000,144.000000,0.000000,0.402343750,Source metric: sit_no_work_window_active
1481,379136.000000,379392.000000,256.000000,256.000000,102.000000,9.000000,145.000000,0.000000,0.398437500,Source metric: sit_no_work_window_active
1482,379392.000000,379648.000000,256.000000,256.000000,106.000000,8.000000,142.000000,0.000000,0.414062500,Source metric: sit_no_work_window_active
1483,379648.000000,379904.000000,256.000000,256.000000,103.000000,9.000000,144.000000,0.000000,0.402343750,Source metric: sit_no_work_window_active
1484,379904.000000,380160.000000,256.000000,256.000000,102.000000,9.000000,145.000000,0.000000,0.398437500,Source metric: sit_no_work_window_active
1485,380160.000000,380416.000000,256.000000,256.000000,102.000000,9.000000,145.000000,0.000000,0.398437500,Source metric: sit_no_work_window_active
1486,380416.000000,380672.000000,256.000000,256.000000,107.000000,7.000000,142.000000,0.000000,0.417968750,Source metric: sit_no_work_window_active
1487,380672.000000,380928.000000,256.000000,256.000000,102.000000,9.000000,145.000000,0.000000,0.398437500,Source metric: sit_no_work_window_active
1488,380928.000000,381184.000000,256.000000,256.000000,102.000000,9.000000,145.000000,0.000000,0.398437500,Source metric: sit_no_work_window_active
1489,381184.000000,381440.000000,256.000000,256.000000,103.000000,9.000000,144.000000,0.000000,0.402343750,Source metric: sit_no_work_window_active
1490,381440.000000,381696.000000,256.000000,256.000000,102.000000,9.000000,145.000000,0.000000,0.398437500,Source metric: sit_no_work_window_active
1491,381696.000000,381952.000000,256.000000,256.000000,107.000000,7.000000,142.000000,0.000000,0.417968750,Source metric: sit_no_work_window_active
1492,381952.000000,382208.000000,256.000000,256.000000,94.000000,11.000000,151.000000,0.000000,0.367187500,Source metric: sit_no_work_window_active
1493,382208.000000,382464.000000,256.000000,256.000000,90.000000,13.000000,153.000000,0.000000,0.351562500,Source metric: sit_no_work_window_active
1494,382464.000000,382720.000000,256.000000,256.000000,107.000000,7.000000,142.000000,0.000000,0.417968750,Source metric: sit_no_work_window_active
1495,382720.000000,382976.000000,256.000000,256.000000,102.000000,9.000000,145.000000,0.000000,0.398437500,Source metric: sit_no_work_window_active
1496,382976.000000,383232.000000,256.000000,256.000000,103.000000,9.000000,144.000000,0.000000,0.402343750,Source metric: sit_no_work_window_active
1497,383232.000000,383488.000000,256.000000,256.000000,102.000000,10.000000,144.000000,0.000000,0.398437500,Source metric: sit_no_work_window_active
1498,383488.000000,383744.000000,256.000000,256.000000,107.000000,7.000000,142.000000,0.000000,0.417968750,Source metric: sit_no_work_window_active
1499,383744.000000,384000.000000,256.000000,256.000000,102.000000,9.000000,145.000000,0.000000,0.398437500,Source metric: sit_no_work_window_active
1500,384000.000000,384256.000000,256.000000,256.000000,102.000000,9.000000,145.000000,0.000000,0.398437500,Source metric: sit_no_work_window_active
1501,384256.000000,384512.000000,256.000000,256.000000,102.000000,9.000000,145.000000,0.000000,0.398437500,Source metric: sit_no_work_window_active
1502,384512.000000,384768.000000,256.000000,256.000000,103.000000,9.000000,144.000000,0.000000,0.402343750,Source metric: sit_no_work_window_active
1503,384768.000000,385024.000000,256.000000,256.000000,106.000000,7.000000,143.000000,0.000000,0.414062500,Source metric: sit_no_work_window_active
1504,385024.000000,385280.000000,256.000000,256.000000,102.000000,9.000000,145.000000,0.000000,0.398437500,Source metric: sit_no_work_window_active
1505,385280.000000,385536.000000,256.000000,256.000000,103.000000,9.000000,144.000000,0.000000,0.402343750,Source metric: sit_no_work_window_active
1506,385536.000000,385792.000000,256.000000,256.000000,102.000000,9.000000,145.000000,0.000000,0.398437500,Source metric: sit_no_work_window_active
1507,385792.000000,386048.000000,256.000000,256.000000,105.000000,8.000000,143.000000,0.000000,0.410156250,Source metric: sit_no_work_window_active
1508,386048.000000,386304.000000,256.000000,256.000000,105.000000,8.000000,143.000000,0.000000,0.410156250,Source metric: sit_no_work_window_active
1509,386304.000000,386560.000000,256.000000,256.000000,103.000000,9.000000,144.000000,0.000000,0.402343750,Source metric: sit_no_work_window_active
1510,386560.000000,386816.000000,256.000000,256.000000,102.000000,9.000000,145.000000,0.000000,0.398437500,Source metric: sit_no_work_window_active
1511,386816.000000,387072.000000,256.000000,256.000000,102.000000,9.000000,145.000000,0.000000,0.398437500,Source metric: sit_no_work_window_active
1512,387072.000000,387328.000000,256.000000,256.000000,107.000000,7.000000,142.000000,0.000000,0.417968750,Source metric: sit_no_work_window_active
1513,387328.000000,387584.000000,256.000000,256.000000,103.000000,9.000000,144.000000,0.000000,0.402343750,Source metric: sit_no_work_window_active
1514,387584.000000,387840.000000,256.000000,256.000000,96.000000,11.000000,149.000000,0.000000,0.375000000,Source metric: sit_no_work_window_active
1515,387840.000000,388096.000000,256.000000,256.000000,93.000000,10.000000,153.000000,0.000000,0.363281250,Source metric: sit_no_work_window_active
1516,388096.000000,388352.000000,256.000000,256.000000,100.000000,11.000000,145.000000,0.000000,0.390625000,Source metric: sit_no_work_window_active
1517,388352.000000,388608.000000,256.000000,256.000000,102.000000,9.000000,145.000000,0.000000,0.398437500,Source metric: sit_no_work_window_active
1518,388608.000000,388864.000000,256.000000,256.000000,103.000000,9.000000,144.000000,0.000000,0.402343750,Source metric: sit_no_work_window_active
1519,388864.000000,389120.000000,256.000000,256.000000,106.000000,7.000000,143.000000,0.000000,0.414062500,Source metric: sit_no_work_window_active
1520,389120.000000,389376.000000,256.000000,256.000000,103.000000,9.000000,144.000000,0.000000,0.402343750,Source metric: sit_no_work_window_active
1521,389376.000000,389632.000000,256.000000,256.000000,102.000000,9.000000,145.000000,0.000000,0.398437500,Source metric: sit_no_work_window_active
1522,389632.000000,389888.000000,256.000000,256.000000,103.000000,9.000000,144.000000,0.000000,0.402343750,Source metric: sit_no_work_window_active
1523,389888.000000,390144.000000,256.000000,256.000000,103.000000,9.000000,144.000000,0.000000,0.402343750,Source metric: sit_no_work_window_active
1524,390144.000000,390400.000000,256.000000,256.000000,106.000000,7.000000,143.000000,0.000000,0.414062500,Source metric: sit_no_work_window_active
1525,390400.000000,390656.000000,256.000000,256.000000,103.000000,9.000000,144.000000,0.000000,0.402343750,Source metric: sit_no_work_window_active
1526,390656.000000,390912.000000,256.000000,256.000000,102.000000,9.000000,145.000000,0.000000,0.398437500,Source metric: sit_no_work_window_active
1527,390912.000000,391168.000000,256.000000,256.000000,102.000000,9.000000,145.000000,0.000000,0.398437500,Source metric: sit_no_work_window_active
1528,391168.000000,391424.000000,256.000000,256.000000,103.000000,9.000000,144.000000,0.000000,0.402343750,Source metric: sit_no_work_window_active
1529,391424.000000,391680.000000,256.000000,256.000000,107.000000,7.000000,142.000000,0.000000,0.417968750,Source metric: sit_no_work_window_active
1530,391680.000000,391936.000000,256.000000,256.000000,103.000000,9.000000,144.000000,0.000000,0.402343750,Source metric: sit_no_work_window_active
1531,391936.000000,392192.000000,256.000000,256.000000,102.000000,9.000000,145.000000,0.000000,0.398437500,Source metric: sit_no_work_window_active
1532,392192.000000,392448.000000,256.000000,256.000000,102.000000,9.000000,145.000000,0.000000,0.398437500,Source metric: sit_no_work_window_active
1533,392448.000000,392704.000000,256.000000,256.000000,107.000000,8.000000,141.000000,0.000000,0.417968750,Source metric: sit_no_work_window_active
1534,392704.000000,392960.000000,256.000000,256.000000,102.000000,9.000000,145.000000,0.000000,0.398437500,Source metric: sit_no_work_window_active
1535,392960.000000,393216.000000,256.000000,256.000000,102.000000,9.000000,145.000000,0.000000,0.398437500,Source metric: sit_no_work_window_active
1536,393216.000000,393472.000000,256.000000,256.000000,98.000000,10.000000,148.000000,0.000000,0.382812500,Source metric: sit_no_work_window_active
1537,393472.000000,393728.000000,256.000000,256.000000,96.000000,9.000000,151.000000,0.000000,0.375000000,Source metric: sit_no_work_window_active
1538,393728.000000,393984.000000,256.000000,256.000000,97.000000,12.000000,147.000000,0.000000,0.378906250,Source metric: sit_no_work_window_active
1539,393984.000000,394240.000000,256.000000,256.000000,102.000000,9.000000,145.000000,0.000000,0.398437500,Source metric: sit_no_work_window_active
1540,394240.000000,394496.000000,256.000000,256.000000,103.000000,8.000000,145.000000,0.000000,0.402343750,Source metric: sit_no_work_window_active
1541,394496.000000,394752.000000,256.000000,256.000000,106.000000,8.000000,142.000000,0.000000,0.414062500,Source metric: sit_no_work_window_active
1542,394752.000000,395008.000000,256.000000,256.000000,103.000000,9.000000,144.000000,0.000000,0.402343750,Source metric: sit_no_work_window_active
1543,395008.000000,395264.000000,256.000000,256.000000,102.000000,9.000000,145.000000,0.000000,0.398437500,Source metric: sit_no_work_window_active
1544,395264.000000,395520.000000,256.000000,256.000000,103.000000,9.000000,144.000000,0.000000,0.402343750,Source metric: sit_no_work_window_active
1545,395520.000000,395776.000000,256.000000,256.000000,106.000000,7.000000,143.000000,0.000000,0.414062500,Source metric: sit_no_work_window_active
1546,395776.000000,396032.000000,256.000000,256.000000,103.000000,9.000000,144.000000,0.000000,0.402343750,Source metric: sit_no_work_window_active
1547,396032.000000,396288.000000,256.000000,256.000000,102.000000,10.000000,144.000000,0.000000,0.398437500,Source metric: sit_no_work_window_active
1548,396288.000000,396544.000000,256.000000,256.000000,102.000000,9.000000,145.000000,0.000000,0.398437500,Source metric: sit_no_work_window_active
1549,396544.000000,396800.000000,256.000000,256.000000,103.000000,9.000000,144.000000,0.000000,0.402343750,Source metric: sit_no_work_window_active
1550,396800.000000,397056.000000,256.000000,256.000000,106.000000,7.000000,143.000000,0.000000,0.414062500,Source metric: sit_no_work_window_active
1551,397056.000000,397312.000000,256.000000,256.000000,102.000000,9.000000,145.000000,0.000000,0.398437500,Source metric: sit_no_work_window_active
1552,397312.000000,397568.000000,256.000000,256.000000,103.000000,9.000000,144.000000,0.000000,0.402343750,Source metric: sit_no_work_window_active
1553,397568.000000,397824.000000,256.000000,256.000000,102.000000,9.000000,145.000000,0.000000,0.398437500,Source metric: sit_no_work_window_active
1554,397824.000000,398080.000000,256.000000,256.000000,106.000000,7.000000,143.000000,0.000000,0.414062500,Source metric: sit_no_work_window_active
1555,398080.000000,398336.000000,256.000000,256.000000,103.000000,9.000000,144.000000,0.000000,0.402343750,Source metric: sit_no_work_window_active
1556,398336.000000,398592.000000,256.000000,256.000000,102.000000,9.000000,145.000000,0.000000,0.398437500,Source metric: sit_no_work_window_active
1557,398592.000000,398848.000000,256.000000,256.000000,103.000000,9.000000,144.000000,0.000000,0.402343750,Source metric: sit_no_work_window_active
1558,398848.000000,399104.000000,256.000000,256.000000,100.000000,10.000000,146.000000,0.000000,0.390625000,Source metric: sit_no_work_window_active
1559,399104.000000,399360.000000,256.000000,256.000000,97.000000,9.000000,150.000000,0.000000,0.378906250,Source metric: sit_no_work_window_active
1560,399360.000000,399616.000000,256.000000,256.000000,94.000000,12.000000,150.000000,0.000000,0.367187500,Source metric: sit_no_work_window_active
1561,399616.000000,399872.000000,256.000000,256.000000,102.000000,9.000000,145.000000,0.000000,0.398437500,Source metric: sit_no_work_window_active
1562,399872.000000,400128.000000,256.000000,256.000000,107.000000,8.000000,141.000000,0.000000,0.417968750,Source metric: sit_no_work_window_active
1563,400128.000000,400384.000000,256.000000,256.000000,102.000000,9.000000,145.000000,0.000000,0.398437500,Source metric: sit_no_work_window_active
1564,400384.000000,400640.000000,256.000000,256.000000,102.000000,9.000000,145.000000,0.000000,0.398437500,Source metric: sit_no_work_window_active
1565,400640.000000,400896.000000,256.000000,256.000000,103.000000,9.000000,144.000000,0.000000,0.402343750,Source metric: sit_no_work_window_active
1566,400896.000000,401152.000000,256.000000,256.000000,106.000000,7.000000,143.000000,0.000000,0.414062500,Source metric: sit_no_work_window_active
1567,401152.000000,401408.000000,256.000000,256.000000,102.000000,9.000000,145.000000,0.000000,0.398437500,Source metric: sit_no_work_window_active
1568,401408.000000,401664.000000,256.000000,256.000000,103.000000,9.000000,144.000000,0.000000,0.402343750,Source metric: sit_no_work_window_active
1569,401664.000000,401920.000000,256.000000,256.000000,102.000000,9.000000,145.000000,0.000000,0.398437500,Source metric: sit_no_work_window_active
1570,401920.000000,402176.000000,256.000000,256.000000,102.000000,9.000000,145.000000,0.000000,0.398437500,Source metric: sit_no_work_window_active
1571,402176.000000,402432.000000,256.000000,256.000000,107.000000,7.000000,142.000000,0.000000,0.417968750,Source metric: sit_no_work_window_active
1572,402432.000000,402688.000000,256.000000,256.000000,103.000000,9.000000,144.000000,0.000000,0.402343750,Source metric: sit_no_work_window_active
1573,402688.000000,402944.000000,256.000000,256.000000,103.000000,9.000000,144.000000,0.000000,0.402343750,Source metric: sit_no_work_window_active
1574,402944.000000,403200.000000,256.000000,256.000000,102.000000,9.000000,145.000000,0.000000,0.398437500,Source metric: sit_no_work_window_active
1575,403200.000000,403456.000000,256.000000,256.000000,103.000000,8.000000,145.000000,0.000000,0.402343750,Source metric: sit_no_work_window_active
1576,403456.000000,403712.000000,256.000000,256.000000,106.000000,8.000000,142.000000,0.000000,0.414062500,Source metric: sit_no_work_window_active
1577,403712.000000,403968.000000,256.000000,256.000000,102.000000,9.000000,145.000000,0.000000,0.398437500,Source metric: sit_no_work_window_active
1578,403968.000000,404224.000000,256.000000,256.000000,103.000000,9.000000,144.000000,0.000000,0.402343750,Source metric: sit_no_work_window_active
1579,404224.000000,404480.000000,256.000000,256.000000,103.000000,9.000000,144.000000,0.000000,0.402343750,Source metric: sit_no_work_window_active
1580,404480.000000,404736.000000,256.000000,256.000000,107.000000,7.000000,142.000000,0.000000,0.417968750,Source metric: sit_no_work_window_active
1581,404736.000000,404992.000000,256.000000,256.000000,91.000000,12.000000,153.000000,0.000000,0.355468750,Source metric: sit_no_work_window_active
1582,404992.000000,405248.000000,256.000000,256.000000,91.000000,13.000000,152.000000,0.000000,0.355468750,Source metric: sit_no_work_window_active
1583,405248.000000,405504.000000,256.000000,256.000000,106.000000,7.000000,143.000000,0.000000,0.414062500,Source metric: sit_no_work_window_active
1584,405504.000000,405760.000000,256.000000,256.000000,103.000000,9.000000,144.000000,0.000000,0.402343750,Source metric: sit_no_work_window_active
1585,405760.000000,406016.000000,256.000000,256.000000,102.000000,9.000000,145.000000,0.000000,0.398437500,Source metric: sit_no_work_window_active
1586,406016.000000,406272.000000,256.000000,256.000000,103.000000,9.000000,144.000000,0.000000,0.402343750,Source metric: sit_no_work_window_active
1587,406272.000000,406528.000000,256.000000,256.000000,104.000000,8.000000,144.000000,0.000000,0.406250000,Source metric: sit_no_work_window_active
1588,406528.000000,406784.000000,256.000000,256.000000,106.000000,8.000000,142.000000,0.000000,0.414062500,Source metric: sit_no_work_window_active
1589,406784.000000,407040.000000,256.000000,256.000000,102.000000,9.000000,145.000000,0.000000,0.398437500,Source metric: sit_no_work_window_active
1590,407040.000000,407296.000000,256.000000,256.000000,102.000000,9.000000,145.000000,0.000000,0.398437500,Source metric: sit_no_work_window_active
1591,407296.000000,407552.000000,256.000000,256.000000,103.000000,9.000000,144.000000,0.000000,0.402343750,Source metric: sit_no_work_window_active
1592,407552.000000,407808.000000,256.000000,256.000000,107.000000,7.000000,142.000000,0.000000,0.417968750,Source metric: sit_no_work_window_active
1593,407808.000000,408064.000000,256.000000,256.000000,102.000000,9.000000,145.000000,0.000000,0.398437500,Source metric: sit_no_work_window_active
1594,408064.000000,408320.000000,256.000000,256.000000,103.000000,9.000000,144.000000,0.000000,0.402343750,Source metric: sit_no_work_window_active
1595,408320.000000,408576.000000,256.000000,256.000000,102.000000,9.000000,145.000000,0.000000,0.398437500,Source metric: sit_no_work_window_active
1596,408576.000000,408832.000000,256.000000,256.000000,103.000000,9.000000,144.000000,0.000000,0.402343750,Source metric: sit_no_work_window_active
1597,408832.000000,409088.000000,256.000000,256.000000,106.000000,8.000000,142.000000,0.000000,0.414062500,Source metric: sit_no_work_window_active
1598,409088.000000,409344.000000,256.000000,256.000000,102.000000,9.000000,145.000000,0.000000,0.398437500,Source metric: sit_no_work_window_active
1599,409344.000000,409600.000000,256.000000,256.000000,103.000000,9.000000,144.000000,0.000000,0.402343750,Source metric: sit_no_work_window_active
1600,409600.000000,409856.000000,256.000000,256.000000,102.000000,9.000000,145.000000,0.000000,0.398437500,Source metric: sit_no_work_window_active
1601,409856.000000,410112.000000,256.000000,256.000000,107.000000,7.000000,142.000000,0.000000,0.417968750,Source metric: sit_no_work_window_active
1602,410112.000000,410368.000000,256.000000,256.000000,102.000000,9.000000,145.000000,0.000000,0.398437500,Source metric: sit_no_work_window_active
1603,410368.000000,410624.000000,256.000000,256.000000,94.000000,11.000000,151.000000,0.000000,0.367187500,Source metric: sit_no_work_window_active
1604,410624.000000,410880.000000,256.000000,256.000000,96.000000,9.000000,151.000000,0.000000,0.375000000,Source metric: sit_no_work_window_active
1605,410880.000000,411136.000000,256.000000,256.000000,100.000000,11.000000,145.000000,0.000000,0.390625000,Source metric: sit_no_work_window_active
1606,411136.000000,411392.000000,256.000000,256.000000,102.000000,9.000000,145.000000,0.000000,0.398437500,Source metric: sit_no_work_window_active
1607,411392.000000,411648.000000,256.000000,256.000000,103.000000,9.000000,144.000000,0.000000,0.402343750,Source metric: sit_no_work_window_active
1608,411648.000000,411904.000000,256.000000,256.000000,103.000000,9.000000,144.000000,0.000000,0.402343750,Source metric: sit_no_work_window_active
1609,411904.000000,412160.000000,256.000000,256.000000,107.000000,7.000000,142.000000,0.000000,0.417968750,Source metric: sit_no_work_window_active
1610,412160.000000,412416.000000,256.000000,256.000000,102.000000,9.000000,145.000000,0.000000,0.398437500,Source metric: sit_no_work_window_active
1611,412416.000000,412672.000000,256.000000,256.000000,102.000000,9.000000,145.000000,0.000000,0.398437500,Source metric: sit_no_work_window_active
1612,412672.000000,412928.000000,256.000000,256.000000,103.000000,9.000000,144.000000,0.000000,0.402343750,Source metric: sit_no_work_window_active
1613,412928.000000,413184.000000,256.000000,256.000000,106.000000,8.000000,142.000000,0.000000,0.414062500,Source metric: sit_no_work_window_active
1614,413184.000000,413440.000000,256.000000,256.000000,102.000000,9.000000,145.000000,0.000000,0.398437500,Source metric: sit_no_work_window_active
1615,413440.000000,413696.000000,256.000000,256.000000,103.000000,9.000000,144.000000,0.000000,0.402343750,Source metric: sit_no_work_window_active
1616,413696.000000,413952.000000,256.000000,256.000000,102.000000,9.000000,145.000000,0.000000,0.398437500,Source metric: sit_no_work_window_active
1617,413952.000000,414208.000000,256.000000,256.000000,102.000000,9.000000,145.000000,0.000000,0.398437500,Source metric: sit_no_work_window_active
1618,414208.000000,414464.000000,256.000000,256.000000,107.000000,7.000000,142.000000,0.000000,0.417968750,Source metric: sit_no_work_window_active
1619,414464.000000,414720.000000,256.000000,256.000000,102.000000,9.000000,145.000000,0.000000,0.398437500,Source metric: sit_no_work_window_active
1620,414720.000000,414976.000000,256.000000,256.000000,102.000000,9.000000,145.000000,0.000000,0.398437500,Source metric: sit_no_work_window_active
1621,414976.000000,415232.000000,256.000000,256.000000,103.000000,9.000000,144.000000,0.000000,0.402343750,Source metric: sit_no_work_window_active
1622,415232.000000,415488.000000,256.000000,256.000000,105.000000,7.000000,144.000000,0.000000,0.410156250,Source metric: sit_no_work_window_active
1623,415488.000000,415744.000000,256.000000,256.000000,105.000000,9.000000,142.000000,0.000000,0.410156250,Source metric: sit_no_work_window_active
1624,415744.000000,416000.000000,256.000000,256.000000,102.000000,9.000000,145.000000,0.000000,0.398437500,Source metric: sit_no_work_window_active
1625,416000.000000,416256.000000,256.000000,256.000000,97.000000,10.000000,149.000000,0.000000,0.378906250,Source metric: sit_no_work_window_active
1626,416256.000000,416512.000000,256.000000,256.000000,96.000000,10.000000,150.000000,0.000000,0.375000000,Source metric: sit_no_work_window_active
1627,416512.000000,416768.000000,256.000000,256.000000,97.000000,12.000000,147.000000,0.000000,0.378906250,Source metric: sit_no_work_window_active
1628,416768.000000,417024.000000,256.000000,256.000000,103.000000,9.000000,144.000000,0.000000,0.402343750,Source metric: sit_no_work_window_active
1629,417024.000000,417280.000000,256.000000,256.000000,102.000000,9.000000,145.000000,0.000000,0.398437500,Source metric: sit_no_work_window_active
1630,417280.000000,417536.000000,256.000000,256.000000,106.000000,7.000000,143.000000,0.000000,0.414062500,Source metric: sit_no_work_window_active
1631,417536.000000,417792.000000,256.000000,256.000000,103.000000,9.000000,144.000000,0.000000,0.402343750,Source metric: sit_no_work_window_active
1632,417792.000000,418048.000000,256.000000,256.000000,102.000000,9.000000,145.000000,0.000000,0.398437500,Source metric: sit_no_work_window_active
1633,418048.000000,418304.000000,256.000000,256.000000,102.000000,9.000000,145.000000,0.000000,0.398437500,Source metric: sit_no_work_window_active
1634,418304.000000,418560.000000,256.000000,256.000000,107.000000,7.000000,142.000000,0.000000,0.417968750,Source metric: sit_no_work_window_active
1635,418560.000000,418816.000000,256.000000,256.000000,102.000000,9.000000,145.000000,0.000000,0.398437500,Source metric: sit_no_work_window_active
1636,418816.000000,419072.000000,256.000000,256.000000,103.000000,9.000000,144.000000,0.000000,0.402343750,Source metric: sit_no_work_window_active
1637,419072.000000,419328.000000,256.000000,256.000000,102.000000,9.000000,145.000000,0.000000,0.398437500,Source metric: sit_no_work_window_active
1638,419328.000000,419584.000000,256.000000,256.000000,103.000000,9.000000,144.000000,0.000000,0.402343750,Source metric: sit_no_work_window_active
1639,419584.000000,419840.000000,256.000000,256.000000,107.000000,7.000000,142.000000,0.000000,0.417968750,Source metric: sit_no_work_window_active
1640,419840.000000,420096.000000,256.000000,256.000000,102.000000,9.000000,145.000000,0.000000,0.398437500,Source metric: sit_no_work_window_active
1641,420096.000000,420352.000000,256.000000,256.000000,103.000000,9.000000,144.000000,0.000000,0.402343750,Source metric: sit_no_work_window_active
1642,420352.000000,420608.000000,256.000000,256.000000,102.000000,9.000000,145.000000,0.000000,0.398437500,Source metric: sit_no_work_window_active
1643,420608.000000,420864.000000,256.000000,256.000000,102.000000,9.000000,145.000000,0.000000,0.398437500,Source metric: sit_no_work_window_active
1644,420864.000000,421120.000000,256.000000,256.000000,108.000000,7.000000,141.000000,0.000000,0.421875000,Source metric: sit_no_work_window_active
1645,421120.000000,421376.000000,256.000000,256.000000,102.000000,9.000000,145.000000,0.000000,0.398437500,Source metric: sit_no_work_window_active
1646,421376.000000,421632.000000,256.000000,256.000000,103.000000,9.000000,144.000000,0.000000,0.402343750,Source metric: sit_no_work_window_active
1647,421632.000000,421888.000000,256.000000,256.000000,100.000000,10.000000,146.000000,0.000000,0.390625000,Source metric: sit_no_work_window_active
1648,421888.000000,422144.000000,256.000000,256.000000,93.000000,10.000000,153.000000,0.000000,0.363281250,Source metric: sit_no_work_window_active
1649,422144.000000,422400.000000,256.000000,256.000000,95.000000,12.000000,149.000000,0.000000,0.371093750,Source metric: sit_no_work_window_active
1650,422400.000000,422656.000000,256.000000,256.000000,103.000000,9.000000,144.000000,0.000000,0.402343750,Source metric: sit_no_work_window_active
1651,422656.000000,422912.000000,256.000000,256.000000,107.000000,7.000000,142.000000,0.000000,0.417968750,Source metric: sit_no_work_window_active
1652,422912.000000,423168.000000,256.000000,256.000000,103.000000,9.000000,144.000000,0.000000,0.402343750,Source metric: sit_no_work_window_active
1653,423168.000000,423424.000000,256.000000,256.000000,102.000000,9.000000,145.000000,0.000000,0.398437500,Source metric: sit_no_work_window_active
1654,423424.000000,423680.000000,256.000000,256.000000,103.000000,9.000000,144.000000,0.000000,0.402343750,Source metric: sit_no_work_window_active
1655,423680.000000,423936.000000,256.000000,256.000000,103.000000,8.000000,145.000000,0.000000,0.402343750,Source metric: sit_no_work_window_active
1656,423936.000000,424192.000000,256.000000,256.000000,105.000000,8.000000,143.000000,0.000000,0.410156250,Source metric: sit_no_work_window_active
1657,424192.000000,424448.000000,256.000000,256.000000,103.000000,9.000000,144.000000,0.000000,0.402343750,Source metric: sit_no_work_window_active
1658,424448.000000,424704.000000,256.000000,256.000000,103.000000,9.000000,144.000000,0.000000,0.402343750,Source metric: sit_no_work_window_active
1659,424704.000000,424960.000000,256.000000,256.000000,102.000000,9.000000,145.000000,0.000000,0.398437500,Source metric: sit_no_work_window_active
1660,424960.000000,425216.000000,256.000000,256.000000,107.000000,7.000000,142.000000,0.000000,0.417968750,Source metric: sit_no_work_window_active
1661,425216.000000,425472.000000,256.000000,256.000000,102.000000,9.000000,145.000000,0.000000,0.398437500,Source metric: sit_no_work_window_active
1662,425472.000000,425728.000000,256.000000,256.000000,103.000000,9.000000,144.000000,0.000000,0.402343750,Source metric: sit_no_work_window_active
1663,425728.000000,425984.000000,256.000000,256.000000,102.000000,10.000000,144.000000,0.000000,0.398437500,Source metric: sit_no_work_window_active
1664,425984.000000,426240.000000,256.000000,256.000000,102.000000,9.000000,145.000000,0.000000,0.398437500,Source metric: sit_no_work_window_active
1665,426240.000000,426496.000000,256.000000,256.000000,107.000000,7.000000,142.000000,0.000000,0.417968750,Source metric: sit_no_work_window_active
1666,426496.000000,426752.000000,256.000000,256.000000,102.000000,9.000000,145.000000,0.000000,0.398437500,Source metric: sit_no_work_window_active
1667,426752.000000,427008.000000,256.000000,256.000000,102.000000,9.000000,145.000000,0.000000,0.398437500,Source metric: sit_no_work_window_active
1668,427008.000000,427264.000000,256.000000,256.000000,103.000000,9.000000,144.000000,0.000000,0.402343750,Source metric: sit_no_work_window_active
1669,427264.000000,427520.000000,256.000000,256.000000,106.000000,7.000000,143.000000,0.000000,0.414062500,Source metric: sit_no_work_window_active
1670,427520.000000,427776.000000,256.000000,256.000000,91.000000,12.000000,153.000000,0.000000,0.355468750,Source metric: sit_no_work_window_active
1671,427776.000000,428032.000000,256.000000,256.000000,93.000000,12.000000,151.000000,0.000000,0.363281250,Source metric: sit_no_work_window_active
1672,428032.000000,428288.000000,256.000000,256.000000,107.000000,7.000000,142.000000,0.000000,0.417968750,Source metric: sit_no_work_window_active
1673,428288.000000,428544.000000,256.000000,256.000000,103.000000,9.000000,144.000000,0.000000,0.402343750,Source metric: sit_no_work_window_active
1674,428544.000000,428800.000000,256.000000,256.000000,102.000000,9.000000,145.000000,0.000000,0.398437500,Source metric: sit_no_work_window_active
1675,428800.000000,429056.000000,256.000000,256.000000,103.000000,9.000000,144.000000,0.000000,0.402343750,Source metric: sit_no_work_window_active
1676,429056.000000,429312.000000,256.000000,256.000000,102.000000,9.000000,145.000000,0.000000,0.398437500,Source metric: sit_no_work_window_active
1677,429312.000000,429568.000000,256.000000,256.000000,106.000000,8.000000,142.000000,0.000000,0.414062500,Source metric: sit_no_work_window_active
1678,429568.000000,429824.000000,256.000000,256.000000,103.000000,9.000000,144.000000,0.000000,0.402343750,Source metric: sit_no_work_window_active
1679,429824.000000,430080.000000,256.000000,256.000000,102.000000,9.000000,145.000000,0.000000,0.398437500,Source metric: sit_no_work_window_active
1680,430080.000000,430336.000000,256.000000,256.000000,102.000000,9.000000,145.000000,0.000000,0.398437500,Source metric: sit_no_work_window_active
1681,430336.000000,430592.000000,256.000000,256.000000,107.000000,7.000000,142.000000,0.000000,0.417968750,Source metric: sit_no_work_window_active
1682,430592.000000,430848.000000,256.000000,256.000000,102.000000,9.000000,145.000000,0.000000,0.398437500,Source metric: sit_no_work_window_active
1683,430848.000000,431104.000000,256.000000,256.000000,102.000000,9.000000,145.000000,0.000000,0.398437500,Source metric: sit_no_work_window_active
1684,431104.000000,431360.000000,256.000000,256.000000,103.000000,9.000000,144.000000,0.000000,0.402343750,Source metric: sit_no_work_window_active
1685,431360.000000,431616.000000,256.000000,256.000000,102.000000,9.000000,145.000000,0.000000,0.398437500,Source metric: sit_no_work_window_active
1686,431616.000000,431872.000000,256.000000,256.000000,107.000000,7.000000,142.000000,0.000000,0.417968750,Source metric: sit_no_work_window_active
1687,431872.000000,432128.000000,256.000000,256.000000,102.000000,9.000000,145.000000,0.000000,0.398437500,Source metric: sit_no_work_window_active
1688,432128.000000,432384.000000,256.000000,256.000000,103.000000,9.000000,144.000000,0.000000,0.402343750,Source metric: sit_no_work_window_active
1689,432384.000000,432640.000000,256.000000,256.000000,103.000000,9.000000,144.000000,0.000000,0.402343750,Source metric: sit_no_work_window_active
1690,432640.000000,432896.000000,256.000000,256.000000,103.000000,8.000000,145.000000,0.000000,0.402343750,Source metric: sit_no_work_window_active
1691,432896.000000,433152.000000,256.000000,256.000000,106.000000,8.000000,142.000000,0.000000,0.414062500,Source metric: sit_no_work_window_active
1692,433152.000000,433408.000000,256.000000,256.000000,94.000000,11.000000,151.000000,0.000000,0.367187500,Source metric: sit_no_work_window_active
1693,433408.000000,433664.000000,256.000000,256.000000,93.000000,10.000000,153.000000,0.000000,0.363281250,Source metric: sit_no_work_window_active
1694,433664.000000,433920.000000,256.000000,256.000000,103.000000,11.000000,142.000000,0.000000,0.402343750,Source metric: sit_no_work_window_active
1695,433920.000000,434176.000000,256.000000,256.000000,102.000000,9.000000,145.000000,0.000000,0.398437500,Source metric: sit_no_work_window_active
1696,434176.000000,434432.000000,256.000000,256.000000,102.000000,9.000000,145.000000,0.000000,0.398437500,Source metric: sit_no_work_window_active
1697,434432.000000,434688.000000,256.000000,256.000000,103.000000,9.000000,144.000000,0.000000,0.402343750,Source metric: sit_no_work_window_active
1698,434688.000000,434944.000000,256.000000,256.000000,106.000000,7.000000,143.000000,0.000000,0.414062500,Source metric: sit_no_work_window_active
1699,434944.000000,435200.000000,256.000000,256.000000,102.000000,9.000000,145.000000,0.000000,0.398437500,Source metric: sit_no_work_window_active
1700,435200.000000,435456.000000,256.000000,256.000000,103.000000,9.000000,144.000000,0.000000,0.402343750,Source metric: sit_no_work_window_active
1701,435456.000000,435712.000000,256.000000,256.000000,102.000000,9.000000,145.000000,0.000000,0.398437500,Source metric: sit_no_work_window_active
1702,435712.000000,435968.000000,256.000000,256.000000,105.000000,8.000000,143.000000,0.000000,0.410156250,Source metric: sit_no_work_window_active
1703,435968.000000,436224.000000,256.000000,256.000000,105.000000,8.000000,143.000000,0.000000,0.410156250,Source metric: sit_no_work_window_active
1704,436224.000000,436480.000000,256.000000,256.000000,103.000000,9.000000,144.000000,0.000000,0.402343750,Source metric: sit_no_work_window_active
1705,436480.000000,436736.000000,256.000000,256.000000,102.000000,9.000000,145.000000,0.000000,0.398437500,Source metric: sit_no_work_window_active
1706,436736.000000,436992.000000,256.000000,256.000000,102.000000,9.000000,145.000000,0.000000,0.398437500,Source metric: sit_no_work_window_active
1707,436992.000000,437248.000000,256.000000,256.000000,107.000000,7.000000,142.000000,0.000000,0.417968750,Source metric: sit_no_work_window_active
1708,437248.000000,437504.000000,256.000000,256.000000,103.000000,9.000000,144.000000,0.000000,0.402343750,Source metric: sit_no_work_window_active
1709,437504.000000,437760.000000,256.000000,256.000000,102.000000,9.000000,145.000000,0.000000,0.398437500,Source metric: sit_no_work_window_active
1710,437760.000000,438016.000000,256.000000,256.000000,103.000000,9.000000,144.000000,0.000000,0.402343750,Source metric: sit_no_work_window_active
1711,438016.000000,438272.000000,256.000000,256.000000,102.000000,9.000000,145.000000,0.000000,0.398437500,Source metric: sit_no_work_window_active
1712,438272.000000,438528.000000,256.000000,256.000000,107.000000,7.000000,142.000000,0.000000,0.417968750,Source metric: sit_no_work_window_active
1713,438528.000000,438784.000000,256.000000,256.000000,102.000000,10.000000,144.000000,0.000000,0.398437500,Source metric: sit_no_work_window_active
1714,438784.000000,439040.000000,256.000000,256.000000,97.000000,10.000000,149.000000,0.000000,0.378906250,Source metric: sit_no_work_window_active
1715,439040.000000,439296.000000,256.000000,256.000000,93.000000,10.000000,153.000000,0.000000,0.363281250,Source metric: sit_no_work_window_active
1716,439296.000000,439552.000000,256.000000,256.000000,99.000000,11.000000,146.000000,0.000000,0.386718750,Source metric: sit_no_work_window_active
1717,439552.000000,439808.000000,256.000000,256.000000,103.000000,9.000000,144.000000,0.000000,0.402343750,Source metric: sit_no_work_window_active
1718,439808.000000,440064.000000,256.000000,256.000000,103.000000,9.000000,144.000000,0.000000,0.402343750,Source metric: sit_no_work_window_active
1719,440064.000000,440320.000000,256.000000,256.000000,106.000000,7.000000,143.000000,0.000000,0.414062500,Source metric: sit_no_work_window_active
1720,440320.000000,440576.000000,256.000000,256.000000,103.000000,9.000000,144.000000,0.000000,0.402343750,Source metric: sit_no_work_window_active
1721,440576.000000,440832.000000,256.000000,256.000000,102.000000,9.000000,145.000000,0.000000,0.398437500,Source metric: sit_no_work_window_active
1722,440832.000000,441088.000000,256.000000,256.000000,102.000000,9.000000,145.000000,0.000000,0.398437500,Source metric: sit_no_work_window_active
1723,441088.000000,441344.000000,256.000000,256.000000,103.000000,9.000000,144.000000,0.000000,0.402343750,Source metric: sit_no_work_window_active
1724,441344.000000,441600.000000,256.000000,256.000000,107.000000,7.000000,142.000000,0.000000,0.417968750,Source metric: sit_no_work_window_active
1725,441600.000000,441856.000000,256.000000,256.000000,103.000000,9.000000,144.000000,0.000000,0.402343750,Source metric: sit_no_work_window_active
1726,441856.000000,442112.000000,256.000000,256.000000,102.000000,9.000000,145.000000,0.000000,0.398437500,Source metric: sit_no_work_window_active
1727,442112.000000,442368.000000,256.000000,256.000000,102.000000,9.000000,145.000000,0.000000,0.398437500,Source metric: sit_no_work_window_active
1728,442368.000000,442624.000000,256.000000,256.000000,107.000000,8.000000,141.000000,0.000000,0.417968750,Source metric: sit_no_work_window_active
1729,442624.000000,442880.000000,256.000000,256.000000,102.000000,9.000000,145.000000,0.000000,0.398437500,Source metric: sit_no_work_window_active
1730,442880.000000,443136.000000,256.000000,256.000000,102.000000,9.000000,145.000000,0.000000,0.398437500,Source metric: sit_no_work_window_active
1731,443136.000000,443392.000000,256.000000,256.000000,103.000000,9.000000,144.000000,0.000000,0.402343750,Source metric: sit_no_work_window_active
1732,443392.000000,443648.000000,256.000000,256.000000,102.000000,9.000000,145.000000,0.000000,0.398437500,Source metric: sit_no_work_window_active
1733,443648.000000,443904.000000,256.000000,256.000000,106.000000,7.000000,143.000000,0.000000,0.414062500,Source metric: sit_no_work_window_active
1734,443904.000000,444160.000000,256.000000,256.000000,103.000000,9.000000,144.000000,0.000000,0.402343750,Source metric: sit_no_work_window_active
1735,444160.000000,444416.000000,256.000000,256.000000,102.000000,9.000000,145.000000,0.000000,0.398437500,Source metric: sit_no_work_window_active
1736,444416.000000,444672.000000,256.000000,256.000000,100.000000,10.000000,146.000000,0.000000,0.390625000,Source metric: sit_no_work_window_active
1737,444672.000000,444928.000000,256.000000,256.000000,96.000000,9.000000,151.000000,0.000000,0.375000000,Source metric: sit_no_work_window_active
1738,444928.000000,445184.000000,256.000000,256.000000,95.000000,12.000000,149.000000,0.000000,0.371093750,Source metric: sit_no_work_window_active
1739,445184.000000,445440.000000,256.000000,256.000000,103.000000,9.000000,144.000000,0.000000,0.402343750,Source metric: sit_no_work_window_active
1740,445440.000000,445696.000000,256.000000,256.000000,106.000000,7.000000,143.000000,0.000000,0.414062500,Source metric: sit_no_work_window_active
1741,445696.000000,445952.000000,256.000000,256.000000,103.000000,9.000000,144.000000,0.000000,0.402343750,Source metric: sit_no_work_window_active
1742,445952.000000,446208.000000,256.000000,256.000000,102.000000,10.000000,144.000000,0.000000,0.398437500,Source metric: sit_no_work_window_active
1743,446208.000000,446464.000000,256.000000,256.000000,102.000000,9.000000,145.000000,0.000000,0.398437500,Source metric: sit_no_work_window_active
1744,446464.000000,446720.000000,256.000000,256.000000,103.000000,9.000000,144.000000,0.000000,0.402343750,Source metric: sit_no_work_window_active
1745,446720.000000,446976.000000,256.000000,256.000000,106.000000,7.000000,143.000000,0.000000,0.414062500,Source metric: sit_no_work_window_active
1746,446976.000000,447232.000000,256.000000,256.000000,102.000000,9.000000,145.000000,0.000000,0.398437500,Source metric: sit_no_work_window_active
1747,447232.000000,447488.000000,256.000000,256.000000,103.000000,9.000000,144.000000,0.000000,0.402343750,Source metric: sit_no_work_window_active
1748,447488.000000,447744.000000,256.000000,256.000000,102.000000,9.000000,145.000000,0.000000,0.398437500,Source metric: sit_no_work_window_active
1749,447744.000000,448000.000000,256.000000,256.000000,106.000000,7.000000,143.000000,0.000000,0.414062500,Source metric: sit_no_work_window_active
1750,448000.000000,448256.000000,256.000000,256.000000,103.000000,9.000000,144.000000,0.000000,0.402343750,Source metric: sit_no_work_window_active
1751,448256.000000,448512.000000,256.000000,256.000000,102.000000,9.000000,145.000000,0.000000,0.398437500,Source metric: sit_no_work_window_active
1752,448512.000000,448768.000000,256.000000,256.000000,103.000000,9.000000,144.000000,0.000000,0.402343750,Source metric: sit_no_work_window_active
1753,448768.000000,449024.000000,256.000000,256.000000,102.000000,9.000000,145.000000,0.000000,0.398437500,Source metric: sit_no_work_window_active
1754,449024.000000,449280.000000,256.000000,256.000000,108.000000,7.000000,141.000000,0.000000,0.421875000,Source metric: sit_no_work_window_active
1755,449280.000000,449536.000000,256.000000,256.000000,102.000000,9.000000,145.000000,0.000000,0.398437500,Source metric: sit_no_work_window_active
1756,449536.000000,449792.000000,256.000000,256.000000,102.000000,9.000000,145.000000,0.000000,0.398437500,Source metric: sit_no_work_window_active
1757,449792.000000,450048.000000,256.000000,256.000000,103.000000,9.000000,144.000000,0.000000,0.402343750,Source metric: sit_no_work_window_active
1758,450048.000000,450304.000000,256.000000,256.000000,101.000000,10.000000,145.000000,0.000000,0.394531250,Source metric: sit_no_work_window_active
1759,450304.000000,450560.000000,256.000000,256.000000,97.000000,9.000000,150.000000,0.000000,0.378906250,Source metric: sit_no_work_window_active
1760,450560.000000,450816.000000,256.000000,256.000000,92.000000,13.000000,151.000000,0.000000,0.359375000,Source metric: sit_no_work_window_active
1761,450816.000000,451072.000000,256.000000,256.000000,106.000000,7.000000,143.000000,0.000000,0.414062500,Source metric: sit_no_work_window_active
1762,451072.000000,451328.000000,256.000000,256.000000,102.000000,9.000000,145.000000,0.000000,0.398437500,Source metric: sit_no_work_window_active
1763,451328.000000,451584.000000,256.000000,256.000000,103.000000,9.000000,144.000000,0.000000,0.402343750,Source metric: sit_no_work_window_active
1764,451584.000000,451840.000000,256.000000,256.000000,102.000000,9.000000,145.000000,0.000000,0.398437500,Source metric: sit_no_work_window_active
1765,451840.000000,452096.000000,256.000000,256.000000,102.000000,9.000000,145.000000,0.000000,0.398437500,Source metric: sit_no_work_window_active
1766,452096.000000,452352.000000,256.000000,256.000000,107.000000,7.000000,142.000000,0.000000,0.417968750,Source metric: sit_no_work_window_active
1767,452352.000000,452608.000000,256.000000,256.000000,103.000000,9.000000,144.000000,0.000000,0.402343750,Source metric: sit_no_work_window_active
1768,452608.000000,452864.000000,256.000000,256.000000,103.000000,9.000000,144.000000,0.000000,0.402343750,Source metric: sit_no_work_window_active
1769,452864.000000,453120.000000,256.000000,256.000000,102.000000,9.000000,145.000000,0.000000,0.398437500,Source metric: sit_no_work_window_active
1770,453120.000000,453376.000000,256.000000,256.000000,103.000000,8.000000,145.000000,0.000000,0.402343750,Source metric: sit_no_work_window_active
1771,453376.000000,453632.000000,256.000000,256.000000,106.000000,8.000000,142.000000,0.000000,0.414062500,Source metric: sit_no_work_window_active
1772,453632.000000,453888.000000,256.000000,256.000000,102.000000,9.000000,145.000000,0.000000,0.398437500,Source metric: sit_no_work_window_active
1773,453888.000000,454144.000000,256.000000,256.000000,103.000000,9.000000,144.000000,0.000000,0.402343750,Source metric: sit_no_work_window_active
1774,454144.000000,454400.000000,256.000000,256.000000,103.000000,9.000000,144.000000,0.000000,0.402343750,Source metric: sit_no_work_window_active
1775,454400.000000,454656.000000,256.000000,256.000000,107.000000,7.000000,142.000000,0.000000,0.417968750,Source metric: sit_no_work_window_active
1776,454656.000000,454912.000000,256.000000,256.000000,102.000000,9.000000,145.000000,0.000000,0.398437500,Source metric: sit_no_work_window_active
1777,454912.000000,455168.000000,256.000000,256.000000,102.000000,9.000000,145.000000,0.000000,0.398437500,Source metric: sit_no_work_window_active
1778,455168.000000,455424.000000,256.000000,256.000000,103.000000,9.000000,144.000000,0.000000,0.402343750,Source metric: sit_no_work_window_active
1779,455424.000000,455680.000000,256.000000,256.000000,102.000000,10.000000,144.000000,0.000000,0.398437500,Source metric: sit_no_work_window_active
1780,455680.000000,455936.000000,256.000000,256.000000,106.000000,7.000000,143.000000,0.000000,0.414062500,Source metric: sit_no_work_window_active
1781,455936.000000,456192.000000,256.000000,256.000000,93.000000,11.000000,152.000000,0.000000,0.363281250,Source metric: sit_no_work_window_active
1782,456192.000000,456448.000000,256.000000,256.000000,92.000000,12.000000,152.000000,0.000000,0.359375000,Source metric: sit_no_work_window_active
1783,456448.000000,456704.000000,256.000000,256.000000,106.000000,8.000000,142.000000,0.000000,0.414062500,Source metric: sit_no_work_window_active
1784,456704.000000,456960.000000,256.000000,256.000000,102.000000,9.000000,145.000000,0.000000,0.398437500,Source metric: sit_no_work_window_active
1785,456960.000000,457216.000000,256.000000,256.000000,102.000000,9.000000,145.000000,0.000000,0.398437500,Source metric: sit_no_work_window_active
1786,457216.000000,457472.000000,256.000000,256.000000,103.000000,9.000000,144.000000,0.000000,0.402343750,Source metric: sit_no_work_window_active
1787,457472.000000,457728.000000,256.000000,256.000000,107.000000,7.000000,142.000000,0.000000,0.417968750,Source metric: sit_no_work_window_active
1788,457728.000000,457984.000000,256.000000,256.000000,102.000000,9.000000,145.000000,0.000000,0.398437500,Source metric: sit_no_work_window_active
1789,457984.000000,458240.000000,256.000000,256.000000,103.000000,9.000000,144.000000,0.000000,0.402343750,Source metric: sit_no_work_window_active
1790,458240.000000,458496.000000,256.000000,256.000000,102.000000,9.000000,145.000000,0.000000,0.398437500,Source metric: sit_no_work_window_active
1791,458496.000000,458752.000000,256.000000,256.000000,103.000000,9.000000,144.000000,0.000000,0.402343750,Source metric: sit_no_work_window_active
1792,458752.000000,459008.000000,256.000000,256.000000,106.000000,8.000000,142.000000,0.000000,0.414062500,Source metric: sit_no_work_window_active
1793,459008.000000,459264.000000,256.000000,256.000000,102.000000,9.000000,145.000000,0.000000,0.398437500,Source metric: sit_no_work_window_active
1794,459264.000000,459520.000000,256.000000,256.000000,103.000000,9.000000,144.000000,0.000000,0.402343750,Source metric: sit_no_work_window_active
1795,459520.000000,459776.000000,256.000000,256.000000,102.000000,9.000000,145.000000,0.000000,0.398437500,Source metric: sit_no_work_window_active
1796,459776.000000,460032.000000,256.000000,256.000000,107.000000,7.000000,142.000000,0.000000,0.417968750,Source metric: sit_no_work_window_active
1797,460032.000000,460288.000000,256.000000,256.000000,102.000000,9.000000,145.000000,0.000000,0.398437500,Source metric: sit_no_work_window_active
1798,460288.000000,460544.000000,256.000000,256.000000,102.000000,9.000000,145.000000,0.000000,0.398437500,Source metric: sit_no_work_window_active
1799,460544.000000,460800.000000,256.000000,256.000000,102.000000,9.000000,145.000000,0.000000,0.398437500,Source metric: sit_no_work_window_active
1800,460800.000000,461056.000000,256.000000,256.000000,103.000000,9.000000,144.000000,0.000000,0.402343750,Source metric: sit_no_work_window_active
1801,461056.000000,461312.000000,256.000000,256.000000,106.000000,7.000000,143.000000,0.000000,0.414062500,Source metric: sit_no_work_window_active
1802,461312.000000,461568.000000,256.000000,256.000000,103.000000,9.000000,144.000000,0.000000,0.402343750,Source metric: sit_no_work_window_active
1803,461568.000000,461824.000000,256.000000,256.000000,95.000000,11.000000,150.000000,0.000000,0.371093750,Source metric: sit_no_work_window_active
1804,461824.000000,462080.000000,256.000000,256.000000,97.000000,9.000000,150.000000,0.000000,0.378906250,Source metric: sit_no_work_window_active
1805,462080.000000,462336.000000,256.000000,256.000000,99.000000,11.000000,146.000000,0.000000,0.386718750,Source metric: sit_no_work_window_active
1806,462336.000000,462592.000000,256.000000,256.000000,102.000000,9.000000,145.000000,0.000000,0.398437500,Source metric: sit_no_work_window_active
1807,462592.000000,462848.000000,256.000000,256.000000,103.000000,9.000000,144.000000,0.000000,0.402343750,Source metric: sit_no_work_window_active
1808,462848.000000,463104.000000,256.000000,256.000000,106.000000,8.000000,142.000000,0.000000,0.414062500,Source metric: sit_no_work_window_active
1809,463104.000000,463360.000000,256.000000,256.000000,102.000000,9.000000,145.000000,0.000000,0.398437500,Source metric: sit_no_work_window_active
1810,463360.000000,463616.000000,256.000000,256.000000,103.000000,9.000000,144.000000,0.000000,0.402343750,Source metric: sit_no_work_window_active
1811,463616.000000,463872.000000,256.000000,256.000000,102.000000,9.000000,145.000000,0.000000,0.398437500,Source metric: sit_no_work_window_active
1812,463872.000000,464128.000000,256.000000,256.000000,102.000000,9.000000,145.000000,0.000000,0.398437500,Source metric: sit_no_work_window_active
1813,464128.000000,464384.000000,256.000000,256.000000,107.000000,7.000000,142.000000,0.000000,0.417968750,Source metric: sit_no_work_window_active
1814,464384.000000,464640.000000,256.000000,256.000000,102.000000,9.000000,145.000000,0.000000,0.398437500,Source metric: sit_no_work_window_active
1815,464640.000000,464896.000000,256.000000,256.000000,102.000000,9.000000,145.000000,0.000000,0.398437500,Source metric: sit_no_work_window_active
1816,464896.000000,465152.000000,256.000000,256.000000,103.000000,9.000000,144.000000,0.000000,0.402343750,Source metric: sit_no_work_window_active
1817,465152.000000,465408.000000,256.000000,256.000000,105.000000,7.000000,144.000000,0.000000,0.410156250,Source metric: sit_no_work_window_active
1818,465408.000000,465664.000000,256.000000,256.000000,105.000000,9.000000,142.000000,0.000000,0.410156250,Source metric: sit_no_work_window_active
1819,465664.000000,465920.000000,256.000000,256.000000,102.000000,9.000000,145.000000,0.000000,0.398437500,Source metric: sit_no_work_window_active
1820,465920.000000,466176.000000,256.000000,256.000000,103.000000,9.000000,144.000000,0.000000,0.402343750,Source metric: sit_no_work_window_active
1821,466176.000000,466432.000000,256.000000,256.000000,102.000000,9.000000,145.000000,0.000000,0.398437500,Source metric: sit_no_work_window_active
1822,466432.000000,466688.000000,256.000000,256.000000,106.000000,7.000000,143.000000,0.000000,0.414062500,Source metric: sit_no_work_window_active
1823,466688.000000,466944.000000,256.000000,256.000000,103.000000,9.000000,144.000000,0.000000,0.402343750,Source metric: sit_no_work_window_active
1824,466944.000000,467200.000000,256.000000,256.000000,103.000000,9.000000,144.000000,0.000000,0.402343750,Source metric: sit_no_work_window_active
1825,467200.000000,467456.000000,256.000000,256.000000,98.000000,10.000000,148.000000,0.000000,0.382812500,Source metric: sit_no_work_window_active
1826,467456.000000,467712.000000,256.000000,256.000000,95.000000,10.000000,151.000000,0.000000,0.371093750,Source metric: sit_no_work_window_active
1827,467712.000000,467968.000000,256.000000,256.000000,96.000000,12.000000,148.000000,0.000000,0.375000000,Source metric: sit_no_work_window_active
1828,467968.000000,468224.000000,256.000000,256.000000,102.000000,9.000000,145.000000,0.000000,0.398437500,Source metric: sit_no_work_window_active
1829,468224.000000,468480.000000,256.000000,256.000000,107.000000,7.000000,142.000000,0.000000,0.417968750,Source metric: sit_no_work_window_active
1830,468480.000000,468736.000000,256.000000,256.000000,102.000000,9.000000,145.000000,0.000000,0.398437500,Source metric: sit_no_work_window_active
1831,468736.000000,468992.000000,256.000000,256.000000,103.000000,9.000000,144.000000,0.000000,0.402343750,Source metric: sit_no_work_window_active
1832,468992.000000,469248.000000,256.000000,256.000000,102.000000,9.000000,145.000000,0.000000,0.398437500,Source metric: sit_no_work_window_active
1833,469248.000000,469504.000000,256.000000,256.000000,103.000000,9.000000,144.000000,0.000000,0.402343750,Source metric: sit_no_work_window_active
1834,469504.000000,469760.000000,256.000000,256.000000,107.000000,7.000000,142.000000,0.000000,0.417968750,Source metric: sit_no_work_window_active
1835,469760.000000,470016.000000,256.000000,256.000000,102.000000,9.000000,145.000000,0.000000,0.398437500,Source metric: sit_no_work_window_active
1836,470016.000000,470272.000000,256.000000,256.000000,103.000000,9.000000,144.000000,0.000000,0.402343750,Source metric: sit_no_work_window_active
1837,470272.000000,470528.000000,256.000000,256.000000,102.000000,9.000000,145.000000,0.000000,0.398437500,Source metric: sit_no_work_window_active
1838,470528.000000,470784.000000,256.000000,256.000000,102.000000,9.000000,145.000000,0.000000,0.398437500,Source metric: sit_no_work_window_active
1839,470784.000000,471040.000000,256.000000,256.000000,108.000000,7.000000,141.000000,0.000000,0.421875000,Source metric: sit_no_work_window_active
1840,471040.000000,471296.000000,256.000000,256.000000,102.000000,9.000000,145.000000,0.000000,0.398437500,Source metric: sit_no_work_window_active
1841,471296.000000,471552.000000,256.000000,256.000000,103.000000,9.000000,144.000000,0.000000,0.402343750,Source metric: sit_no_work_window_active
1842,471552.000000,471808.000000,256.000000,256.000000,102.000000,9.000000,145.000000,0.000000,0.398437500,Source metric: sit_no_work_window_active
1843,471808.000000,472064.000000,256.000000,256.000000,106.000000,8.000000,142.000000,0.000000,0.414062500,Source metric: sit_no_work_window_active
1844,472064.000000,472320.000000,256.000000,256.000000,103.000000,9.000000,144.000000,0.000000,0.402343750,Source metric: sit_no_work_window_active
1845,472320.000000,472576.000000,256.000000,256.000000,102.000000,9.000000,145.000000,0.000000,0.398437500,Source metric: sit_no_work_window_active
1846,472576.000000,472832.000000,256.000000,256.000000,102.000000,9.000000,145.000000,0.000000,0.398437500,Source metric: sit_no_work_window_active
1847,472832.000000,473088.000000,256.000000,256.000000,103.000000,9.000000,144.000000,0.000000,0.402343750,Source metric: sit_no_work_window_active
1848,473088.000000,473344.000000,256.000000,256.000000,93.000000,10.000000,153.000000,0.000000,0.363281250,Source metric: sit_no_work_window_active
1849,473344.000000,473600.000000,256.000000,256.000000,95.000000,12.000000,149.000000,0.000000,0.371093750,Source metric: sit_no_work_window_active
1850,473600.000000,473856.000000,256.000000,256.000000,103.000000,8.000000,145.000000,0.000000,0.402343750,Source metric: sit_no_work_window_active
1851,473856.000000,474112.000000,256.000000,256.000000,105.000000,8.000000,143.000000,0.000000,0.410156250,Source metric: sit_no_work_window_active
1852,474112.000000,474368.000000,256.000000,256.000000,103.000000,9.000000,144.000000,0.000000,0.402343750,Source metric: sit_no_work_window_active
1853,474368.000000,474624.000000,256.000000,256.000000,103.000000,9.000000,144.000000,0.000000,0.402343750,Source metric: sit_no_work_window_active
1854,474624.000000,474880.000000,256.000000,256.000000,102.000000,9.000000,145.000000,0.000000,0.398437500,Source metric: sit_no_work_window_active
1855,474880.000000,475136.000000,256.000000,256.000000,107.000000,7.000000,142.000000,0.000000,0.417968750,Source metric: sit_no_work_window_active
1856,475136.000000,475392.000000,256.000000,256.000000,102.000000,9.000000,145.000000,0.000000,0.398437500,Source metric: sit_no_work_window_active
1857,475392.000000,475648.000000,256.000000,256.000000,103.000000,9.000000,144.000000,0.000000,0.402343750,Source metric: sit_no_work_window_active
1858,475648.000000,475904.000000,256.000000,256.000000,102.000000,10.000000,144.000000,0.000000,0.398437500,Source metric: sit_no_work_window_active
1859,475904.000000,476160.000000,256.000000,256.000000,102.000000,9.000000,145.000000,0.000000,0.398437500,Source metric: sit_no_work_window_active
1860,476160.000000,476416.000000,256.000000,256.000000,107.000000,7.000000,142.000000,0.000000,0.417968750,Source metric: sit_no_work_window_active
1861,476416.000000,476672.000000,256.000000,256.000000,102.000000,9.000000,145.000000,0.000000,0.398437500,Source metric: sit_no_work_window_active
1862,476672.000000,476928.000000,256.000000,256.000000,102.000000,9.000000,145.000000,0.000000,0.398437500,Source metric: sit_no_work_window_active
1863,476928.000000,477184.000000,256.000000,256.000000,103.000000,9.000000,144.000000,0.000000,0.402343750,Source metric: sit_no_work_window_active
1864,477184.000000,477440.000000,256.000000,256.000000,106.000000,7.000000,143.000000,0.000000,0.414062500,Source metric: sit_no_work_window_active
1865,477440.000000,477696.000000,256.000000,256.000000,102.000000,9.000000,145.000000,0.000000,0.398437500,Source metric: sit_no_work_window_active
1866,477696.000000,477952.000000,256.000000,256.000000,103.000000,9.000000,144.000000,0.000000,0.402343750,Source metric: sit_no_work_window_active
1867,477952.000000,478208.000000,256.000000,256.000000,102.000000,9.000000,145.000000,0.000000,0.398437500,Source metric: sit_no_work_window_active
1868,478208.000000,478464.000000,256.000000,256.000000,103.000000,9.000000,144.000000,0.000000,0.402343750,Source metric: sit_no_work_window_active
1869,478464.000000,478720.000000,256.000000,256.000000,107.000000,7.000000,142.000000,0.000000,0.417968750,Source metric: sit_no_work_window_active
1870,478720.000000,478976.000000,256.000000,256.000000,92.000000,11.000000,153.000000,0.000000,0.359375000,Source metric: sit_no_work_window_active
1871,478976.000000,479232.000000,256.000000,256.000000,92.000000,13.000000,151.000000,0.000000,0.359375000,Source metric: sit_no_work_window_active
1872,479232.000000,479488.000000,256.000000,256.000000,106.000000,8.000000,142.000000,0.000000,0.414062500,Source metric: sit_no_work_window_active
1873,479488.000000,479744.000000,256.000000,256.000000,103.000000,9.000000,144.000000,0.000000,0.402343750,Source metric: sit_no_work_window_active
1874,479744.000000,480000.000000,256.000000,256.000000,102.000000,9.000000,145.000000,0.000000,0.398437500,Source metric: sit_no_work_window_active
1875,480000.000000,480256.000000,256.000000,256.000000,102.000000,9.000000,145.000000,0.000000,0.398437500,Source metric: sit_no_work_window_active
1876,480256.000000,480512.000000,256.000000,256.000000,107.000000,7.000000,142.000000,0.000000,0.417968750,Source metric: sit_no_work_window_active
1877,480512.000000,480768.000000,256.000000,256.000000,102.000000,9.000000,145.000000,0.000000,0.398437500,Source metric: sit_no_work_window_active
1878,480768.000000,481024.000000,256.000000,256.000000,102.000000,9.000000,145.000000,0.000000,0.398437500,Source metric: sit_no_work_window_active
1879,481024.000000,481280.000000,256.000000,256.000000,103.000000,9.000000,144.000000,0.000000,0.402343750,Source metric: sit_no_work_window_active
1880,481280.000000,481536.000000,256.000000,256.000000,102.000000,9.000000,145.000000,0.000000,0.398437500,Source metric: sit_no_work_window_active
1881,481536.000000,481792.000000,256.000000,256.000000,107.000000,7.000000,142.000000,0.000000,0.417968750,Source metric: sit_no_work_window_active
1882,481792.000000,482048.000000,256.000000,256.000000,102.000000,9.000000,145.000000,0.000000,0.398437500,Source metric: sit_no_work_window_active
1883,482048.000000,482304.000000,256.000000,256.000000,103.000000,9.000000,144.000000,0.000000,0.402343750,Source metric: sit_no_work_window_active
1884,482304.000000,482560.000000,256.000000,256.000000,103.000000,9.000000,144.000000,0.000000,0.402343750,Source metric: sit_no_work_window_active
1885,482560.000000,482816.000000,256.000000,256.000000,103.000000,8.000000,145.000000,0.000000,0.402343750,Source metric: sit_no_work_window_active
1886,482816.000000,483072.000000,256.000000,256.000000,106.000000,8.000000,142.000000,0.000000,0.414062500,Source metric: sit_no_work_window_active
1887,483072.000000,483328.000000,256.000000,256.000000,102.000000,9.000000,145.000000,0.000000,0.398437500,Source metric: sit_no_work_window_active
1888,483328.000000,483584.000000,256.000000,256.000000,102.000000,9.000000,145.000000,0.000000,0.398437500,Source metric: sit_no_work_window_active
1889,483584.000000,483840.000000,256.000000,256.000000,103.000000,9.000000,144.000000,0.000000,0.402343750,Source metric: sit_no_work_window_active
1890,483840.000000,484096.000000,256.000000,256.000000,107.000000,7.000000,142.000000,0.000000,0.417968750,Source metric: sit_no_work_window_active
1891,484096.000000,484352.000000,256.000000,256.000000,103.000000,9.000000,144.000000,0.000000,0.402343750,Source metric: sit_no_work_window_active
1892,484352.000000,484608.000000,256.000000,256.000000,95.000000,11.000000,150.000000,0.000000,0.371093750,Source metric: sit_no_work_window_active
1893,484608.000000,484864.000000,256.000000,256.000000,93.000000,10.000000,153.000000,0.000000,0.363281250,Source metric: sit_no_work_window_active
1894,484864.000000,485120.000000,256.000000,256.000000,100.000000,11.000000,145.000000,0.000000,0.390625000,Source metric: sit_no_work_window_active
1895,485120.000000,485376.000000,256.000000,256.000000,103.000000,9.000000,144.000000,0.000000,0.402343750,Source metric: sit_no_work_window_active
1896,485376.000000,485632.000000,256.000000,256.000000,102.000000,9.000000,145.000000,0.000000,0.398437500,Source metric: sit_no_work_window_active
1897,485632.000000,485888.000000,256.000000,256.000000,105.000000,8.000000,143.000000,0.000000,0.410156250,Source metric: sit_no_work_window_active
1898,485888.000000,486144.000000,256.000000,256.000000,105.000000,8.000000,143.000000,0.000000,0.410156250,Source metric: sit_no_work_window_active
1899,486144.000000,486400.000000,256.000000,256.000000,103.000000,9.000000,144.000000,0.000000,0.402343750,Source metric: sit_no_work_window_active
1900,486400.000000,486656.000000,256.000000,256.000000,102.000000,9.000000,145.000000,0.000000,0.398437500,Source metric: sit_no_work_window_active
1901,486656.000000,486912.000000,256.000000,256.000000,102.000000,9.000000,145.000000,0.000000,0.398437500,Source metric: sit_no_work_window_active
1902,486912.000000,487168.000000,256.000000,256.000000,107.000000,7.000000,142.000000,0.000000,0.417968750,Source metric: sit_no_work_window_active
1903,487168.000000,487424.000000,256.000000,256.000000,103.000000,9.000000,144.000000,0.000000,0.402343750,Source metric: sit_no_work_window_active
1904,487424.000000,487680.000000,256.000000,256.000000,102.000000,9.000000,145.000000,0.000000,0.398437500,Source metric: sit_no_work_window_active
1905,487680.000000,487936.000000,256.000000,256.000000,103.000000,9.000000,144.000000,0.000000,0.402343750,Source metric: sit_no_work_window_active
1906,487936.000000,488192.000000,256.000000,256.000000,102.000000,9.000000,145.000000,0.000000,0.398437500,Source metric: sit_no_work_window_active
1907,488192.000000,488448.000000,256.000000,256.000000,107.000000,7.000000,142.000000,0.000000,0.417968750,Source metric: sit_no_work_window_active
1908,488448.000000,488704.000000,256.000000,256.000000,102.000000,10.000000,144.000000,0.000000,0.398437500,Source metric: sit_no_work_window_active
1909,488704.000000,488960.000000,256.000000,256.000000,102.000000,9.000000,145.000000,0.000000,0.398437500,Source metric: sit_no_work_window_active
1910,488960.000000,489216.000000,256.000000,256.000000,103.000000,9.000000,144.000000,0.000000,0.402343750,Source metric: sit_no_work_window_active
1911,489216.000000,489472.000000,256.000000,256.000000,106.000000,7.000000,143.000000,0.000000,0.414062500,Source metric: sit_no_work_window_active
1912,489472.000000,489728.000000,256.000000,256.000000,102.000000,9.000000,145.000000,0.000000,0.398437500,Source metric: sit_no_work_window_active
1913,489728.000000,489984.000000,256.000000,256.000000,103.000000,9.000000,144.000000,0.000000,0.402343750,Source metric: sit_no_work_window_active
1914,489984.000000,490240.000000,256.000000,256.000000,99.000000,10.000000,147.000000,0.000000,0.386718750,Source metric: sit_no_work_window_active
1915,490240.000000,490496.000000,256.000000,256.000000,93.000000,10.000000,153.000000,0.000000,0.363281250,Source metric: sit_no_work_window_active
1916,490496.000000,490752.000000,256.000000,256.000000,98.000000,11.000000,147.000000,0.000000,0.382812500,Source metric: sit_no_work_window_active
1917,490752.000000,491008.000000,256.000000,256.000000,102.000000,9.000000,145.000000,0.000000,0.398437500,Source metric: sit_no_work_window_active
1918,491008.000000,491264.000000,256.000000,256.000000,103.000000,9.000000,144.000000,0.000000,0.402343750,Source metric: sit_no_work_window_active
1919,491264.000000,491520.000000,256.000000,256.000000,107.000000,7.000000,142.000000,0.000000,0.417968750,Source metric: sit_no_work_window_active
1920,491520.000000,491776.000000,256.000000,256.000000,103.000000,9.000000,144.000000,0.000000,0.402343750,Source metric: sit_no_work_window_active
1921,491776.000000,492032.000000,256.000000,256.000000,102.000000,9.000000,145.000000,0.000000,0.398437500,Source metric: sit_no_work_window_active
1922,492032.000000,492288.000000,256.000000,256.000000,102.000000,9.000000,145.000000,0.000000,0.398437500,Source metric: sit_no_work_window_active
1923,492288.000000,492544.000000,256.000000,256.000000,107.000000,8.000000,141.000000,0.000000,0.417968750,Source metric: sit_no_work_window_active
1924,492544.000000,492800.000000,256.000000,256.000000,102.000000,9.000000,145.000000,0.000000,0.398437500,Source metric: sit_no_work_window_active
1925,492800.000000,493056.000000,256.000000,256.000000,102.000000,9.000000,145.000000,0.000000,0.398437500,Source metric: sit_no_work_window_active
1926,493056.000000,493312.000000,256.000000,256.000000,103.000000,9.000000,144.000000,0.000000,0.402343750,Source metric: sit_no_work_window_active
1927,493312.000000,493568.000000,256.000000,256.000000,102.000000,9.000000,145.000000,0.000000,0.398437500,Source metric: sit_no_work_window_active
1928,493568.000000,493824.000000,256.000000,256.000000,106.000000,7.000000,143.000000,0.000000,0.414062500,Source metric: sit_no_work_window_active
1929,493824.000000,494080.000000,256.000000,256.000000,103.000000,9.000000,144.000000,0.000000,0.402343750,Source metric: sit_no_work_window_active
1930,494080.000000,494336.000000,256.000000,256.000000,102.000000,9.000000,145.000000,0.000000,0.398437500,Source metric: sit_no_work_window_active
1931,494336.000000,494592.000000,256.000000,256.000000,102.000000,9.000000,145.000000,0.000000,0.398437500,Source metric: sit_no_work_window_active
1932,494592.000000,494848.000000,256.000000,256.000000,106.000000,7.000000,143.000000,0.000000,0.414062500,Source metric: sit_no_work_window_active
1933,494848.000000,495104.000000,256.000000,256.000000,104.000000,9.000000,143.000000,0.000000,0.406250000,Source metric: sit_no_work_window_active
1934,495104.000000,495360.000000,256.000000,256.000000,103.000000,9.000000,144.000000,0.000000,0.402343750,Source metric: sit_no_work_window_active
1935,495360.000000,495616.000000,256.000000,256.000000,102.000000,9.000000,145.000000,0.000000,0.398437500,Source metric: sit_no_work_window_active
1936,495616.000000,495872.000000,256.000000,256.000000,100.000000,10.000000,146.000000,0.000000,0.390625000,Source metric: sit_no_work_window_active
1937,495872.000000,496128.000000,256.000000,256.000000,96.000000,9.000000,151.000000,0.000000,0.375000000,Source metric: sit_no_work_window_active
1938,496128.000000,496384.000000,256.000000,256.000000,94.000000,13.000000,149.000000,0.000000,0.367187500,Source metric: sit_no_work_window_active
1939,496384.000000,496640.000000,256.000000,256.000000,103.000000,9.000000,144.000000,0.000000,0.402343750,Source metric: sit_no_work_window_active
1940,496640.000000,496896.000000,256.000000,256.000000,106.000000,7.000000,143.000000,0.000000,0.414062500,Source metric: sit_no_work_window_active
1941,496896.000000,497152.000000,256.000000,256.000000,102.000000,9.000000,145.000000,0.000000,0.398437500,Source metric: sit_no_work_window_active
1942,497152.000000,497408.000000,256.000000,256.000000,103.000000,9.000000,144.000000,0.000000,0.402343750,Source metric: sit_no_work_window_active
1943,497408.000000,497664.000000,256.000000,256.000000,102.000000,9.000000,145.000000,0.000000,0.398437500,Source metric: sit_no_work_window_active
1944,497664.000000,497920.000000,256.000000,256.000000,106.000000,7.000000,143.000000,0.000000,0.414062500,Source metric: sit_no_work_window_active
1945,497920.000000,498176.000000,256.000000,256.000000,103.000000,9.000000,144.000000,0.000000,0.402343750,Source metric: sit_no_work_window_active
1946,498176.000000,498432.000000,256.000000,256.000000,102.000000,9.000000,145.000000,0.000000,0.398437500,Source metric: sit_no_work_window_active
1947,498432.000000,498688.000000,256.000000,256.000000,103.000000,9.000000,144.000000,0.000000,0.402343750,Source metric: sit_no_work_window_active
1948,498688.000000,498944.000000,256.000000,256.000000,102.000000,9.000000,145.000000,0.000000,0.398437500,Source metric: sit_no_work_window_active
1949,498944.000000,499200.000000,256.000000,256.000000,108.000000,7.000000,141.000000,0.000000,0.421875000,Source metric: sit_no_work_window_active
1950,499200.000000,499456.000000,256.000000,256.000000,102.000000,9.000000,145.000000,0.000000,0.398437500,Source metric: sit_no_work_window_active
1951,499456.000000,499712.000000,256.000000,256.000000,102.000000,9.000000,145.000000,0.000000,0.398437500,Source metric: sit_no_work_window_active
1952,499712.000000,499968.000000,256.000000,256.000000,103.000000,9.000000,144.000000,0.000000,0.402343750,Source metric: sit_no_work_window_active
1953,499968.000000,500224.000000,256.000000,256.000000,102.000000,9.000000,145.000000,0.000000,0.398437500,Source metric: sit_no_work_window_active
1954,500224.000000,500480.000000,256.000000,256.000000,107.000000,7.000000,142.000000,0.000000,0.417968750,Source metric: sit_no_work_window_active
1955,500480.000000,500736.000000,256.000000,256.000000,103.000000,9.000000,144.000000,0.000000,0.402343750,Source metric: sit_no_work_window_active
1956,500736.000000,500992.000000,256.000000,256.000000,102.000000,9.000000,145.000000,0.000000,0.398437500,Source metric: sit_no_work_window_active
1957,500992.000000,501248.000000,256.000000,256.000000,103.000000,9.000000,144.000000,0.000000,0.402343750,Source metric: sit_no_work_window_active
1958,501248.000000,501504.000000,256.000000,256.000000,106.000000,8.000000,142.000000,0.000000,0.414062500,Source metric: sit_no_work_window_active
1959,501504.000000,501760.000000,256.000000,256.000000,92.000000,11.000000,153.000000,0.000000,0.359375000,Source metric: sit_no_work_window_active
1960,501760.000000,502016.000000,256.000000,256.000000,90.000000,13.000000,153.000000,0.000000,0.351562500,Source metric: sit_no_work_window_active
1961,502016.000000,502272.000000,256.000000,256.000000,107.000000,7.000000,142.000000,0.000000,0.417968750,Source metric: sit_no_work_window_active
1962,502272.000000,502528.000000,256.000000,256.000000,103.000000,9.000000,144.000000,0.000000,0.402343750,Source metric: sit_no_work_window_active
1963,502528.000000,502784.000000,256.000000,256.000000,103.000000,9.000000,144.000000,0.000000,0.402343750,Source metric: sit_no_work_window_active
1964,502784.000000,503040.000000,256.000000,256.000000,102.000000,9.000000,145.000000,0.000000,0.398437500,Source metric: sit_no_work_window_active
1965,503040.000000,503296.000000,256.000000,256.000000,103.000000,8.000000,145.000000,0.000000,0.402343750,Source metric: sit_no_work_window_active
1966,503296.000000,503552.000000,256.000000,256.000000,106.000000,8.000000,142.000000,0.000000,0.414062500,Source metric: sit_no_work_window_active
1967,503552.000000,503808.000000,256.000000,256.000000,102.000000,9.000000,145.000000,0.000000,0.398437500,Source metric: sit_no_work_window_active
1968,503808.000000,504064.000000,256.000000,256.000000,103.000000,9.000000,144.000000,0.000000,0.402343750,Source metric: sit_no_work_window_active
1969,504064.000000,504320.000000,256.000000,256.000000,103.000000,9.000000,144.000000,0.000000,0.402343750,Source metric: sit_no_work_window_active
1970,504320.000000,504576.000000,256.000000,256.000000,107.000000,7.000000,142.000000,0.000000,0.417968750,Source metric: sit_no_work_window_active
1971,504576.000000,504832.000000,256.000000,256.000000,102.000000,9.000000,145.000000,0.000000,0.398437500,Source metric: sit_no_work_window_active
1972,504832.000000,505088.000000,256.000000,256.000000,102.000000,9.000000,145.000000,0.000000,0.398437500,Source metric: sit_no_work_window_active
1973,505088.000000,505344.000000,256.000000,256.000000,103.000000,9.000000,144.000000,0.000000,0.402343750,Source metric: sit_no_work_window_active
1974,505344.000000,505600.000000,256.000000,256.000000,102.000000,10.000000,144.000000,0.000000,0.398437500,Source metric: sit_no_work_window_active
1975,505600.000000,505856.000000,256.000000,256.000000,106.000000,7.000000,143.000000,0.000000,0.414062500,Source metric: sit_no_work_window_active
1976,505856.000000,506112.000000,256.000000,256.000000,103.000000,9.000000,144.000000,0.000000,0.402343750,Source metric: sit_no_work_window_active
1977,506112.000000,506368.000000,256.000000,256.000000,102.000000,9.000000,145.000000,0.000000,0.398437500,Source metric: sit_no_work_window_active
1978,506368.000000,506624.000000,256.000000,256.000000,102.000000,9.000000,145.000000,0.000000,0.398437500,Source metric: sit_no_work_window_active
1979,506624.000000,506880.000000,256.000000,256.000000,107.000000,7.000000,142.000000,0.000000,0.417968750,Source metric: sit_no_work_window_active
1980,506880.000000,507136.000000,256.000000,256.000000,102.000000,9.000000,145.000000,0.000000,0.398437500,Source metric: sit_no_work_window_active
1981,507136.000000,507392.000000,256.000000,256.000000,95.000000,11.000000,150.000000,0.000000,0.371093750,Source metric: sit_no_work_window_active
1982,507392.000000,507648.000000,256.000000,256.000000,96.000000,9.000000,151.000000,0.000000,0.375000000,Source metric: sit_no_work_window_active
1983,507648.000000,507904.000000,256.000000,256.000000,100.000000,11.000000,145.000000,0.000000,0.390625000,Source metric: sit_no_work_window_active
1984,507904.000000,508160.000000,256.000000,256.000000,103.000000,9.000000,144.000000,0.000000,0.402343750,Source metric: sit_no_work_window_active
1985,508160.000000,508416.000000,256.000000,256.000000,102.000000,9.000000,145.000000,0.000000,0.398437500,Source metric: sit_no_work_window_active
1986,508416.000000,508672.000000,256.000000,256.000000,103.000000,9.000000,144.000000,0.000000,0.402343750,Source metric: sit_no_work_window_active
1987,508672.000000,508928.000000,256.000000,256.000000,106.000000,8.000000,142.000000,0.000000,0.414062500,Source metric: sit_no_work_window_active
1988,508928.000000,509184.000000,256.000000,256.000000,102.000000,9.000000,145.000000,0.000000,0.398437500,Source metric: sit_no_work_window_active
1989,509184.000000,509440.000000,256.000000,256.000000,103.000000,9.000000,144.000000,0.000000,0.402343750,Source metric: sit_no_work_window_active
1990,509440.000000,509696.000000,256.000000,256.000000,102.000000,9.000000,145.000000,0.000000,0.398437500,Source metric: sit_no_work_window_active
1991,509696.000000,509952.000000,256.000000,256.000000,107.000000,7.000000,142.000000,0.000000,0.417968750,Source metric: sit_no_work_window_active
1992,509952.000000,510208.000000,256.000000,256.000000,102.000000,9.000000,145.000000,0.000000,0.398437500,Source metric: sit_no_work_window_active
1993,510208.000000,510464.000000,256.000000,256.000000,102.000000,9.000000,145.000000,0.000000,0.398437500,Source metric: sit_no_work_window_active
1994,510464.000000,510720.000000,256.000000,256.000000,102.000000,9.000000,145.000000,0.000000,0.398437500,Source metric: sit_no_work_window_active
1995,510720.000000,510976.000000,256.000000,256.000000,103.000000,9.000000,144.000000,0.000000,0.402343750,Source metric: sit_no_work_window_active
1996,510976.000000,511232.000000,256.000000,256.000000,106.000000,7.000000,143.000000,0.000000,0.414062500,Source metric: sit_no_work_window_active
1997,511232.000000,511488.000000,256.000000,256.000000,103.000000,9.000000,144.000000,0.000000,0.402343750,Source metric: sit_no_work_window_active
1998,511488.000000,511744.000000,256.000000,256.000000,102.000000,9.000000,145.000000,0.000000,0.398437500,Source metric: sit_no_work_window_active
1999,511744.000000,512000.000000,256.000000,256.000000,103.000000,9.000000,144.000000,0.000000,0.402343750,Source metric: sit_no_work_window_active
2000,512000.000000,512256.000000,256.000000,256.000000,104.000000,8.000000,144.000000,0.000000,0.406250000,Source metric: sit_no_work_window_active
2001,512256.000000,512512.000000,256.000000,256.000000,105.000000,8.000000,143.000000,0.000000,0.410156250,Source metric: sit_no_work_window_active
2002,512512.000000,512768.000000,256.000000,256.000000,103.000000,9.000000,144.000000,0.000000,0.402343750,Source metric: sit_no_work_window_active
2003,512768.000000,513024.000000,256.000000,256.000000,96.000000,11.000000,149.000000,0.000000,0.375000000,Source metric: sit_no_work_window_active
2004,513024.000000,513280.000000,256.000000,256.000000,97.000000,9.000000,150.000000,0.000000,0.378906250,Source metric: sit_no_work_window_active
2005,513280.000000,513536.000000,256.000000,256.000000,97.000000,12.000000,147.000000,0.000000,0.378906250,Source metric: sit_no_work_window_active
2006,513536.000000,513792.000000,256.000000,256.000000,102.000000,9.000000,145.000000,0.000000,0.398437500,Source metric: sit_no_work_window_active
2007,513792.000000,514048.000000,256.000000,256.000000,102.000000,9.000000,145.000000,0.000000,0.398437500,Source metric: sit_no_work_window_active
2008,514048.000000,514304.000000,256.000000,256.000000,107.000000,7.000000,142.000000,0.000000,0.417968750,Source metric: sit_no_work_window_active
2009,514304.000000,514560.000000,256.000000,256.000000,102.000000,9.000000,145.000000,0.000000,0.398437500,Source metric: sit_no_work_window_active
2010,514560.000000,514816.000000,256.000000,256.000000,102.000000,9.000000,145.000000,0.000000,0.398437500,Source metric: sit_no_work_window_active
2011,514816.000000,515072.000000,256.000000,256.000000,103.000000,9.000000,144.000000,0.000000,0.402343750,Source metric: sit_no_work_window_active
2012,515072.000000,515328.000000,256.000000,256.000000,105.000000,7.000000,144.000000,0.000000,0.410156250,Source metric: sit_no_work_window_active
2013,515328.000000,515584.000000,256.000000,256.000000,105.000000,9.000000,142.000000,0.000000,0.410156250,Source metric: sit_no_work_window_active
2014,515584.000000,515840.000000,256.000000,256.000000,102.000000,9.000000,145.000000,0.000000,0.398437500,Source metric: sit_no_work_window_active
2015,515840.000000,516096.000000,256.000000,256.000000,103.000000,9.000000,144.000000,0.000000,0.402343750,Source metric: sit_no_work_window_active
2016,516096.000000,516352.000000,256.000000,256.000000,102.000000,9.000000,145.000000,0.000000,0.398437500,Source metric: sit_no_work_window_active
2017,516352.000000,516608.000000,256.000000,256.000000,106.000000,7.000000,143.000000,0.000000,0.414062500,Source metric: sit_no_work_window_active
2018,516608.000000,516864.000000,256.000000,256.000000,103.000000,9.000000,144.000000,0.000000,0.402343750,Source metric: sit_no_work_window_active
2019,516864.000000,517120.000000,256.000000,256.000000,103.000000,9.000000,144.000000,0.000000,0.402343750,Source metric: sit_no_work_window_active
2020,517120.000000,517376.000000,256.000000,256.000000,102.000000,9.000000,145.000000,0.000000,0.398437500,Source metric: sit_no_work_window_active
2021,517376.000000,517632.000000,256.000000,256.000000,103.000000,9.000000,144.000000,0.000000,0.402343750,Source metric: sit_no_work_window_active
2022,517632.000000,517888.000000,256.000000,256.000000,106.000000,7.000000,143.000000,0.000000,0.414062500,Source metric: sit_no_work_window_active
2023,517888.000000,518144.000000,256.000000,256.000000,103.000000,9.000000,144.000000,0.000000,0.402343750,Source metric: sit_no_work_window_active
2024,518144.000000,518400.000000,256.000000,256.000000,102.000000,10.000000,144.000000,0.000000,0.398437500,Source metric: sit_no_work_window_active
2025,518400.000000,518656.000000,256.000000,256.000000,100.000000,9.000000,147.000000,0.000000,0.390625000,Source metric: sit_no_work_window_active
2026,518656.000000,518912.000000,256.000000,256.000000,94.000000,10.000000,152.000000,0.000000,0.367187500,Source metric: sit_no_work_window_active
2027,518912.000000,519168.000000,256.000000,256.000000,102.000000,15.000000,139.000000,0.000000,0.398437500,Source metric: sit_no_work_window_active
2028,519168.000000,519424.000000,256.000000,256.000000,111.000000,21.000000,124.000000,0.000000,0.433593750,Source metric: sit_no_work_window_active
2029,519424.000000,519680.000000,256.000000,256.000000,114.000000,20.000000,122.000000,0.000000,0.445312500,Source metric: sit_no_work_window_active
2030,519680.000000,519936.000000,256.000000,256.000000,114.000000,22.000000,120.000000,0.000000,0.445312500,Source metric: sit_no_work_window_active
2031,519936.000000,520192.000000,256.000000,256.000000,111.000000,20.000000,125.000000,0.000000,0.433593750,Source metric: sit_no_work_window_active
2032,520192.000000,520448.000000,256.000000,256.000000,116.000000,22.000000,118.000000,0.000000,0.453125000,Source metric: sit_no_work_window_active
2033,520448.000000,520704.000000,256.000000,256.000000,111.000000,20.000000,125.000000,0.000000,0.433593750,Source metric: sit_no_work_window_active
2034,520704.000000,520960.000000,256.000000,256.000000,114.000000,22.000000,120.000000,0.000000,0.445312500,Source metric: sit_no_work_window_active
2035,520960.000000,521216.000000,256.000000,256.000000,114.000000,19.000000,123.000000,0.000000,0.445312500,Source metric: sit_no_work_window_active
2036,521216.000000,521472.000000,256.000000,256.000000,113.000000,24.000000,119.000000,0.000000,0.441406250,Source metric: sit_no_work_window_active
2037,521472.000000,521728.000000,256.000000,256.000000,114.000000,18.000000,124.000000,0.000000,0.445312500,Source metric: sit_no_work_window_active
2038,521728.000000,521984.000000,256.000000,256.000000,114.000000,24.000000,118.000000,0.000000,0.445312500,Source metric: sit_no_work_window_active
2039,521984.000000,522240.000000,256.000000,256.000000,111.000000,17.000000,128.000000,0.000000,0.433593750,Source metric: sit_no_work_window_active
2040,522240.000000,522496.000000,256.000000,256.000000,116.000000,25.000000,115.000000,0.000000,0.453125000,Source metric: sit_no_work_window_active
2041,522496.000000,522752.000000,256.000000,256.000000,110.000000,18.000000,128.000000,0.000000,0.429687500,Source metric: sit_no_work_window_active
2042,522752.000000,523008.000000,256.000000,256.000000,117.000000,23.000000,116.000000,0.000000,0.457031250,Source metric: sit_no_work_window_active
2043,523008.000000,523264.000000,256.000000,256.000000,111.000000,19.000000,126.000000,0.000000,0.433593750,Source metric: sit_no_work_window_active
2044,523264.000000,523520.000000,256.000000,256.000000,114.000000,23.000000,119.000000,0.000000,0.445312500,Source metric: sit_no_work_window_active
2045,523520.000000,523776.000000,256.000000,256.000000,114.000000,19.000000,123.000000,0.000000,0.445312500,Source metric: sit_no_work_window_active
2046,523776.000000,524032.000000,256.000000,256.000000,112.000000,23.000000,121.000000,0.000000,0.437500000,Source metric: sit_no_work_window_active
2047,524032.000000,524288.000000,256.000000,256.000000,115.000000,19.000000,122.000000,0.000000,0.449218750,Source metric: sit_no_work_window_active
2048,524288.000000,524544.000000,256.000000,256.000000,112.000000,22.000000,122.000000,0.000000,0.437500000,Source metric: sit_no_work_window_active
2049,524544.000000,524800.000000,256.000000,256.000000,113.000000,21.000000,122.000000,0.000000,0.441406250,Source metric: sit_no_work_window_active
2050,524800.000000,525056.000000,256.000000,256.000000,114.000000,21.000000,121.000000,0.000000,0.445312500,Source metric: sit_no_work_window_active
2051,525056.000000,525312.000000,256.000000,256.000000,112.000000,22.000000,122.000000,0.000000,0.437500000,Source metric: sit_no_work_window_active
2052,525312.000000,525568.000000,256.000000,256.000000,115.000000,19.000000,122.000000,0.000000,0.449218750,Source metric: sit_no_work_window_active
2053,525568.000000,525824.000000,256.000000,256.000000,114.000000,23.000000,119.000000,0.000000,0.445312500,Source metric: sit_no_work_window_active
2054,525824.000000,526080.000000,256.000000,256.000000,111.000000,19.000000,126.000000,0.000000,0.433593750,Source metric: sit_no_work_window_active
2055,526080.000000,526336.000000,256.000000,256.000000,116.000000,23.000000,117.000000,0.000000,0.453125000,Source metric: sit_no_work_window_active
2056,526336.000000,526592.000000,256.000000,256.000000,110.000000,19.000000,127.000000,0.000000,0.429687500,Source metric: sit_no_work_window_active
2057,526592.000000,526848.000000,256.000000,256.000000,115.000000,23.000000,118.000000,0.000000,0.449218750,Source metric: sit_no_work_window_active
2058,526848.000000,527104.000000,256.000000,256.000000,112.000000,18.000000,126.000000,0.000000,0.437500000,Source metric: sit_no_work_window_active
2059,527104.000000,527360.000000,256.000000,256.000000,115.000000,25.000000,116.000000,0.000000,0.449218750,Source metric: sit_no_work_window_active
2060,527360.000000,527616.000000,256.000000,256.000000,113.000000,17.000000,126.000000,0.000000,0.441406250,Source metric: sit_no_work_window_active
2061,527616.000000,527872.000000,256.000000,256.000000,114.000000,24.000000,118.000000,0.000000,0.445312500,Source metric: sit_no_work_window_active
2062,527872.000000,528128.000000,256.000000,256.000000,112.000000,18.000000,126.000000,0.000000,0.437500000,Source metric: sit_no_work_window_active
2063,528128.000000,528384.000000,256.000000,256.000000,115.000000,24.000000,117.000000,0.000000,0.449218750,Source metric: sit_no_work_window_active
2064,528384.000000,528640.000000,256.000000,256.000000,110.000000,19.000000,127.000000,0.000000,0.429687500,Source metric: sit_no_work_window_active
2065,528640.000000,528896.000000,256.000000,256.000000,117.000000,23.000000,116.000000,0.000000,0.457031250,Source metric: sit_no_work_window_active
2066,528896.000000,529152.000000,256.000000,256.000000,111.000000,20.000000,125.000000,0.000000,0.433593750,Source metric: sit_no_work_window_active
2067,529152.000000,529408.000000,256.000000,256.000000,113.000000,21.000000,122.000000,0.000000,0.441406250,Source metric: sit_no_work_window_active
2068,529408.000000,529664.000000,256.000000,256.000000,115.000000,21.000000,120.000000,0.000000,0.449218750,Source metric: sit_no_work_window_active
2069,529664.000000,529920.000000,256.000000,256.000000,112.000000,21.000000,123.000000,0.000000,0.437500000,Source metric: sit_no_work_window_active
2070,529920.000000,530176.000000,256.000000,256.000000,115.000000,21.000000,120.000000,0.000000,0.449218750,Source metric: sit_no_work_window_active
2071,530176.000000,530432.000000,256.000000,256.000000,112.000000,20.000000,124.000000,0.000000,0.437500000,Source metric: sit_no_work_window_active
2072,530432.000000,530688.000000,256.000000,256.000000,113.000000,22.000000,121.000000,0.000000,0.441406250,Source metric: sit_no_work_window_active
2073,530688.000000,530944.000000,256.000000,256.000000,114.000000,20.000000,122.000000,0.000000,0.445312500,Source metric: sit_no_work_window_active
2074,530944.000000,531200.000000,256.000000,256.000000,113.000000,23.000000,120.000000,0.000000,0.441406250,Source metric: sit_no_work_window_active
2075,531200.000000,531456.000000,256.000000,256.000000,114.000000,19.000000,123.000000,0.000000,0.445312500,Source metric: sit_no_work_window_active
2076,531456.000000,531712.000000,256.000000,256.000000,114.000000,23.000000,119.000000,0.000000,0.445312500,Source metric: sit_no_work_window_active
2077,531712.000000,531968.000000,256.000000,256.000000,110.000000,18.000000,128.000000,0.000000,0.429687500,Source metric: sit_no_work_window_active
2078,531968.000000,532224.000000,256.000000,256.000000,117.000000,24.000000,115.000000,0.000000,0.457031250,Source metric: sit_no_work_window_active
2079,532224.000000,532480.000000,256.000000,256.000000,110.000000,18.000000,128.000000,0.000000,0.429687500,Source metric: sit_no_work_window_active
2080,532480.000000,532736.000000,256.000000,256.000000,116.000000,24.000000,116.000000,0.000000,0.453125000,Source metric: sit_no_work_window_active
2081,532736.000000,532992.000000,256.000000,256.000000,111.000000,18.000000,127.000000,0.000000,0.433593750,Source metric: sit_no_work_window_active
2082,532992.000000,533248.000000,256.000000,256.000000,114.000000,24.000000,118.000000,0.000000,0.445312500,Source metric: sit_no_work_window_active
2083,533248.000000,533504.000000,256.000000,256.000000,115.000000,18.000000,123.000000,0.000000,0.449218750,Source metric: sit_no_work_window_active
2084,533504.000000,533760.000000,256.000000,256.000000,112.000000,24.000000,120.000000,0.000000,0.437500000,Source metric: sit_no_work_window_active
2085,533760.000000,534016.000000,256.000000,256.000000,114.000000,18.000000,124.000000,0.000000,0.445312500,Source metric: sit_no_work_window_active
2086,534016.000000,534272.000000,256.000000,256.000000,114.000000,23.000000,119.000000,0.000000,0.445312500,Source metric: sit_no_work_window_active
2087,534272.000000,534528.000000,256.000000,256.000000,111.000000,20.000000,125.000000,0.000000,0.433593750,Source metric: sit_no_work_window_active
2088,534528.000000,534784.000000,256.000000,256.000000,116.000000,22.000000,118.000000,0.000000,0.453125000,Source metric: sit_no_work_window_active
2089,534784.000000,535040.000000,256.000000,256.000000,111.000000,21.000000,124.000000,0.000000,0.433593750,Source metric: sit_no_work_window_active
2090,535040.000000,535296.000000,256.000000,256.000000,114.000000,20.000000,122.000000,0.000000,0.445312500,Source metric: sit_no_work_window_active
2091,535296.000000,535552.000000,256.000000,256.000000,114.000000,22.000000,120.000000,0.000000,0.445312500,Source metric: sit_no_work_window_active
2092,535552.000000,535808.000000,256.000000,256.000000,111.000000,20.000000,125.000000,0.000000,0.433593750,Source metric: sit_no_work_window_active
2093,535808.000000,536064.000000,256.000000,256.000000,116.000000,22.000000,118.000000,0.000000,0.453125000,Source metric: sit_no_work_window_active
2094,536064.000000,536320.000000,256.000000,256.000000,111.000000,20.000000,125.000000,0.000000,0.433593750,Source metric: sit_no_work_window_active
2095,536320.000000,536576.000000,256.000000,256.000000,114.000000,22.000000,120.000000,0.000000,0.445312500,Source metric: sit_no_work_window_active
2096,536576.000000,536832.000000,256.000000,256.000000,114.000000,19.000000,123.000000,0.000000,0.445312500,Source metric: sit_no_work_window_active
2097,536832.000000,537088.000000,256.000000,256.000000,113.000000,24.000000,119.000000,0.000000,0.441406250,Source metric: sit_no_work_window_active
2098,537088.000000,537344.000000,256.000000,256.000000,114.000000,18.000000,124.000000,0.000000,0.445312500,Source metric: sit_no_work_window_active
2099,537344.000000,537600.000000,256.000000,256.000000,114.000000,24.000000,118.000000,0.000000,0.445312500,Source metric: sit_no_work_window_active
2100,537600.000000,537856.000000,256.000000,256.000000,111.000000,17.000000,128.000000,0.000000,0.433593750,Source metric: sit_no_work_window_active
2101,537856.000000,538112.000000,256.000000,256.000000,116.000000,25.000000,115.000000,0.000000,0.453125000,Source metric: sit_no_work_window_active
2102,538112.000000,538368.000000,256.000000,256.000000,110.000000,18.000000,128.000000,0.000000,0.429687500,Source metric: sit_no_work_window_active
2103,538368.000000,538624.000000,256.000000,256.000000,117.000000,23.000000,116.000000,0.000000,0.457031250,Source metric: sit_no_work_window_active
2104,538624.000000,538880.000000,256.000000,256.000000,111.000000,19.000000,126.000000,0.000000,0.433593750,Source metric: sit_no_work_window_active
2105,538880.000000,539136.000000,256.000000,256.000000,114.000000,23.000000,119.000000,0.000000,0.445312500,Source metric: sit_no_work_window_active
2106,539136.000000,539392.000000,256.000000,256.000000,114.000000,19.000000,123.000000,0.000000,0.445312500,Source metric: sit_no_work_window_active
2107,539392.000000,539648.000000,256.000000,256.000000,112.000000,23.000000,121.000000,0.000000,0.437500000,Source metric: sit_no_work_window_active
2108,539648.000000,539904.000000,256.000000,256.000000,115.000000,19.000000,122.000000,0.000000,0.449218750,Source metric: sit_no_work_window_active
2109,539904.000000,540160.000000,256.000000,256.000000,112.000000,22.000000,122.000000,0.000000,0.437500000,Source metric: sit_no_work_window_active
2110,540160.000000,540416.000000,256.000000,256.000000,113.000000,21.000000,122.000000,0.000000,0.441406250,Source metric: sit_no_work_window_active
2111,540416.000000,540672.000000,256.000000,256.000000,114.000000,21.000000,121.000000,0.000000,0.445312500,Source metric: sit_no_work_window_active
2112,540672.000000,540928.000000,256.000000,256.000000,112.000000,22.000000,122.000000,0.000000,0.437500000,Source metric: sit_no_work_window_active
2113,540928.000000,541184.000000,256.000000,256.000000,115.000000,19.000000,122.000000,0.000000,0.449218750,Source metric: sit_no_work_window_active
2114,541184.000000,541440.000000,256.000000,256.000000,114.000000,23.000000,119.000000,0.000000,0.445312500,Source metric: sit_no_work_window_active
2115,541440.000000,541696.000000,256.000000,256.000000,111.000000,19.000000,126.000000,0.000000,0.433593750,Source metric: sit_no_work_window_active
2116,541696.000000,541952.000000,256.000000,256.000000,116.000000,23.000000,117.000000,0.000000,0.453125000,Source metric: sit_no_work_window_active
2117,541952.000000,542208.000000,256.000000,256.000000,110.000000,19.000000,127.000000,0.000000,0.429687500,Source metric: sit_no_work_window_active
2118,542208.000000,542464.000000,256.000000,256.000000,115.000000,23.000000,118.000000,0.000000,0.449218750,Source metric: sit_no_work_window_active
2119,542464.000000,542720.000000,256.000000,256.000000,112.000000,18.000000,126.000000,0.000000,0.437500000,Source metric: sit_no_work_window_active
2120,542720.000000,542976.000000,256.000000,256.000000,115.000000,25.000000,116.000000,0.000000,0.449218750,Source metric: sit_no_work_window_active
2121,542976.000000,543232.000000,256.000000,256.000000,113.000000,17.000000,126.000000,0.000000,0.441406250,Source metric: sit_no_work_window_active
2122,543232.000000,543488.000000,256.000000,256.000000,114.000000,24.000000,118.000000,0.000000,0.445312500,Source metric: sit_no_work_window_active
2123,543488.000000,543744.000000,256.000000,256.000000,112.000000,18.000000,126.000000,0.000000,0.437500000,Source metric: sit_no_work_window_active
2124,543744.000000,544000.000000,256.000000,256.000000,115.000000,24.000000,117.000000,0.000000,0.449218750,Source metric: sit_no_work_window_active
2125,544000.000000,544256.000000,256.000000,256.000000,110.000000,19.000000,127.000000,0.000000,0.429687500,Source metric: sit_no_work_window_active
2126,544256.000000,544512.000000,256.000000,256.000000,117.000000,23.000000,116.000000,0.000000,0.457031250,Source metric: sit_no_work_window_active
2127,544512.000000,544768.000000,256.000000,256.000000,111.000000,20.000000,125.000000,0.000000,0.433593750,Source metric: sit_no_work_window_active
2128,544768.000000,545024.000000,256.000000,256.000000,113.000000,21.000000,122.000000,0.000000,0.441406250,Source metric: sit_no_work_window_active
2129,545024.000000,545280.000000,256.000000,256.000000,115.000000,21.000000,120.000000,0.000000,0.449218750,Source metric: sit_no_work_window_active
2130,545280.000000,545536.000000,256.000000,256.000000,112.000000,21.000000,123.000000,0.000000,0.437500000,Source metric: sit_no_work_window_active
2131,545536.000000,545792.000000,256.000000,256.000000,115.000000,21.000000,120.000000,0.000000,0.449218750,Source metric: sit_no_work_window_active
2132,545792.000000,546048.000000,256.000000,256.000000,112.000000,20.000000,124.000000,0.000000,0.437500000,Source metric: sit_no_work_window_active
2133,546048.000000,546304.000000,256.000000,256.000000,113.000000,22.000000,121.000000,0.000000,0.441406250,Source metric: sit_no_work_window_active
2134,546304.000000,546560.000000,256.000000,256.000000,114.000000,20.000000,122.000000,0.000000,0.445312500,Source metric: sit_no_work_window_active
2135,546560.000000,546816.000000,256.000000,256.000000,113.000000,23.000000,120.000000,0.000000,0.441406250,Source metric: sit_no_work_window_active
2136,546816.000000,547072.000000,256.000000,256.000000,114.000000,19.000000,123.000000,0.000000,0.445312500,Source metric: sit_no_work_window_active
2137,547072.000000,547328.000000,256.000000,256.000000,114.000000,23.000000,119.000000,0.000000,0.445312500,Source metric: sit_no_work_window_active
2138,547328.000000,547584.000000,256.000000,256.000000,110.000000,18.000000,128.000000,0.000000,0.429687500,Source metric: sit_no_work_window_active
2139,547584.000000,547840.000000,256.000000,256.000000,117.000000,24.000000,115.000000,0.000000,0.457031250,Source metric: sit_no_work_window_active
2140,547840.000000,548096.000000,256.000000,256.000000,110.000000,18.000000,128.000000,0.000000,0.429687500,Source metric: sit_no_work_window_active
2141,548096.000000,548352.000000,256.000000,256.000000,116.000000,24.000000,116.000000,0.000000,0.453125000,Source metric: sit_no_work_window_active
2142,548352.000000,548608.000000,256.000000,256.000000,111.000000,18.000000,127.000000,0.000000,0.433593750,Source metric: sit_no_work_window_active
2143,548608.000000,548864.000000,256.000000,256.000000,114.000000,24.000000,118.000000,0.000000,0.445312500,Source metric: sit_no_work_window_active
2144,548864.000000,549120.000000,256.000000,256.000000,115.000000,18.000000,123.000000,0.000000,0.449218750,Source metric: sit_no_work_window_active
2145,549120.000000,549376.000000,256.000000,256.000000,112.000000,24.000000,120.000000,0.000000,0.437500000,Source metric: sit_no_work_window_active
2146,549376.000000,549632.000000,256.000000,256.000000,114.000000,18.000000,124.000000,0.000000,0.445312500,Source metric: sit_no_work_window_active
2147,549632.000000,549888.000000,256.000000,256.000000,114.000000,23.000000,119.000000,0.000000,0.445312500,Source metric: sit_no_work_window_active
2148,549888.000000,550144.000000,256.000000,256.000000,111.000000,20.000000,125.000000,0.000000,0.433593750,Source metric: sit_no_work_window_active
2149,550144.000000,550400.000000,256.000000,256.000000,116.000000,22.000000,118.000000,0.000000,0.453125000,Source metric: sit_no_work_window_active
2150,550400.000000,550656.000000,256.000000,256.000000,111.000000,21.000000,124.000000,0.000000,0.433593750,Source metric: sit_no_work_window_active
2151,550656.000000,550912.000000,256.000000,256.000000,114.000000,20.000000,122.000000,0.000000,0.445312500,Source metric: sit_no_work_window_active
2152,550912.000000,551168.000000,256.000000,256.000000,114.000000,22.000000,120.000000,0.000000,0.445312500,Source metric: sit_no_work_window_active
2153,551168.000000,551424.000000,256.000000,256.000000,111.000000,20.000000,125.000000,0.000000,0.433593750,Source metric: sit_no_work_window_active
2154,551424.000000,551680.000000,256.000000,256.000000,116.000000,22.000000,118.000000,0.000000,0.453125000,Source metric: sit_no_work_window_active
2155,551680.000000,551936.000000,256.000000,256.000000,111.000000,20.000000,125.000000,0.000000,0.433593750,Source metric: sit_no_work_window_active
2156,551936.000000,552192.000000,256.000000,256.000000,114.000000,22.000000,120.000000,0.000000,0.445312500,Source metric: sit_no_work_window_active
2157,552192.000000,552448.000000,256.000000,256.000000,114.000000,19.000000,123.000000,0.000000,0.445312500,Source metric: sit_no_work_window_active
2158,552448.000000,552704.000000,256.000000,256.000000,113.000000,24.000000,119.000000,0.000000,0.441406250,Source metric: sit_no_work_window_active
2159,552704.000000,552960.000000,256.000000,256.000000,114.000000,18.000000,124.000000,0.000000,0.445312500,Source metric: sit_no_work_window_active
2160,552960.000000,553216.000000,256.000000,256.000000,114.000000,24.000000,118.000000,0.000000,0.445312500,Source metric: sit_no_work_window_active
2161,553216.000000,553472.000000,256.000000,256.000000,111.000000,17.000000,128.000000,0.000000,0.433593750,Source metric: sit_no_work_window_active
2162,553472.000000,553728.000000,256.000000,256.000000,116.000000,25.000000,115.000000,0.000000,0.453125000,Source metric: sit_no_work_window_active
2163,553728.000000,553984.000000,256.000000,256.000000,110.000000,18.000000,128.000000,0.000000,0.429687500,Source metric: sit_no_work_window_active
2164,553984.000000,554240.000000,256.000000,256.000000,117.000000,23.000000,116.000000,0.000000,0.457031250,Source metric: sit_no_work_window_active
2165,554240.000000,554496.000000,256.000000,256.000000,111.000000,19.000000,126.000000,0.000000,0.433593750,Source metric: sit_no_work_window_active
2166,554496.000000,554752.000000,256.000000,256.000000,114.000000,23.000000,119.000000,0.000000,0.445312500,Source metric: sit_no_work_window_active
2167,554752.000000,555008.000000,256.000000,256.000000,114.000000,19.000000,123.000000,0.000000,0.445312500,Source metric: sit_no_work_window_active
2168,555008.000000,555264.000000,256.000000,256.000000,112.000000,23.000000,121.000000,0.000000,0.437500000,Source metric: sit_no_work_window_active
2169,555264.000000,555520.000000,256.000000,256.000000,115.000000,19.000000,122.000000,0.000000,0.449218750,Source metric: sit_no_work_window_active
2170,555520.000000,555776.000000,256.000000,256.000000,112.000000,22.000000,122.000000,0.000000,0.437500000,Source metric: sit_no_work_window_active
2171,555776.000000,556032.000000,256.000000,256.000000,113.000000,21.000000,122.000000,0.000000,0.441406250,Source metric: sit_no_work_window_active
2172,556032.000000,556288.000000,256.000000,256.000000,114.000000,21.000000,121.000000,0.000000,0.445312500,Source metric: sit_no_work_window_active
2173,556288.000000,556544.000000,256.000000,256.000000,112.000000,22.000000,122.000000,0.000000,0.437500000,Source metric: sit_no_work_window_active
2174,556544.000000,556800.000000,256.000000,256.000000,115.000000,19.000000,122.000000,0.000000,0.449218750,Source metric: sit_no_work_window_active
2175,556800.000000,557056.000000,256.000000,256.000000,114.000000,23.000000,119.000000,0.000000,0.445312500,Source metric: sit_no_work_window_active
2176,557056.000000,557312.000000,256.000000,256.000000,111.000000,19.000000,126.000000,0.000000,0.433593750,Source metric: sit_no_work_window_active
2177,557312.000000,557568.000000,256.000000,256.000000,116.000000,23.000000,117.000000,0.000000,0.453125000,Source metric: sit_no_work_window_active
2178,557568.000000,557824.000000,256.000000,256.000000,110.000000,19.000000,127.000000,0.000000,0.429687500,Source metric: sit_no_work_window_active
2179,557824.000000,558080.000000,256.000000,256.000000,115.000000,23.000000,118.000000,0.000000,0.449218750,Source metric: sit_no_work_window_active
2180,558080.000000,558336.000000,256.000000,256.000000,112.000000,18.000000,126.000000,0.000000,0.437500000,Source metric: sit_no_work_window_active
2181,558336.000000,558592.000000,256.000000,256.000000,115.000000,25.000000,116.000000,0.000000,0.449218750,Source metric: sit_no_work_window_active
2182,558592.000000,558848.000000,256.000000,256.000000,113.000000,17.000000,126.000000,0.000000,0.441406250,Source metric: sit_no_work_window_active
2183,558848.000000,559104.000000,256.000000,256.000000,114.000000,24.000000,118.000000,0.000000,0.445312500,Source metric: sit_no_work_window_active
2184,559104.000000,559360.000000,256.000000,256.000000,112.000000,18.000000,126.000000,0.000000,0.437500000,Source metric: sit_no_work_window_active
2185,559360.000000,559616.000000,256.000000,256.000000,115.000000,24.000000,117.000000,0.000000,0.449218750,Source metric: sit_no_work_window_active
2186,559616.000000,559872.000000,256.000000,256.000000,110.000000,19.000000,127.000000,0.000000,0.429687500,Source metric: sit_no_work_window_active
2187,559872.000000,560128.000000,256.000000,256.000000,117.000000,23.000000,116.000000,0.000000,0.457031250,Source metric: sit_no_work_window_active
2188,560128.000000,560384.000000,256.000000,256.000000,111.000000,20.000000,125.000000,0.000000,0.433593750,Source metric: sit_no_work_window_active
2189,560384.000000,560640.000000,256.000000,256.000000,113.000000,21.000000,122.000000,0.000000,0.441406250,Source metric: sit_no_work_window_active
2190,560640.000000,560896.000000,256.000000,256.000000,115.000000,21.000000,120.000000,0.000000,0.449218750,Source metric: sit_no_work_window_active
2191,560896.000000,561152.000000,256.000000,256.000000,112.000000,21.000000,123.000000,0.000000,0.437500000,Source metric: sit_no_work_window_active
2192,561152.000000,561408.000000,256.000000,256.000000,115.000000,21.000000,120.000000,0.000000,0.449218750,Source metric: sit_no_work_window_active
2193,561408.000000,561664.000000,256.000000,256.000000,112.000000,20.000000,124.000000,0.000000,0.437500000,Source metric: sit_no_work_window_active
2194,561664.000000,561920.000000,256.000000,256.000000,113.000000,22.000000,121.000000,0.000000,0.441406250,Source metric: sit_no_work_window_active
2195,561920.000000,562176.000000,256.000000,256.000000,114.000000,20.000000,122.000000,0.000000,0.445312500,Source metric: sit_no_work_window_active
2196,562176.000000,562432.000000,256.000000,256.000000,113.000000,23.000000,120.000000,0.000000,0.441406250,Source metric: sit_no_work_window_active
2197,562432.000000,562688.000000,256.000000,256.000000,114.000000,19.000000,123.000000,0.000000,0.445312500,Source metric: sit_no_work_window_active
2198,562688.000000,562944.000000,256.000000,256.000000,114.000000,23.000000,119.000000,0.000000,0.445312500,Source metric: sit_no_work_window_active
2199,562944.000000,563200.000000,256.000000,256.000000,110.000000,18.000000,128.000000,0.000000,0.429687500,Source metric: sit_no_work_window_active
2200,563200.000000,563456.000000,256.000000,256.000000,117.000000,24.000000,115.000000,0.000000,0.457031250,Source metric: sit_no_work_window_active
2201,563456.000000,563712.000000,256.000000,256.000000,110.000000,18.000000,128.000000,0.000000,0.429687500,Source metric: sit_no_work_window_active
2202,563712.000000,563968.000000,256.000000,256.000000,116.000000,24.000000,116.000000,0.000000,0.453125000,Source metric: sit_no_work_window_active
2203,563968.000000,564224.000000,256.000000,256.000000,111.000000,18.000000,127.000000,0.000000,0.433593750,Source metric: sit_no_work_window_active
2204,564224.000000,564480.000000,256.000000,256.000000,114.000000,24.000000,118.000000,0.000000,0.445312500,Source metric: sit_no_work_window_active
2205,564480.000000,564736.000000,256.000000,256.000000,115.000000,18.000000,123.000000,0.000000,0.449218750,Source metric: sit_no_work_window_active
2206,564736.000000,564992.000000,256.000000,256.000000,112.000000,24.000000,120.000000,0.000000,0.437500000,Source metric: sit_no_work_window_active
2207,564992.000000,565248.000000,256.000000,256.000000,114.000000,18.000000,124.000000,0.000000,0.445312500,Source metric: sit_no_work_window_active
2208,565248.000000,565504.000000,256.000000,256.000000,114.000000,23.000000,119.000000,0.000000,0.445312500,Source metric: sit_no_work_window_active
2209,565504.000000,565760.000000,256.000000,256.000000,111.000000,20.000000,125.000000,0.000000,0.433593750,Source metric: sit_no_work_window_active
2210,565760.000000,566016.000000,256.000000,256.000000,69.000000,15.000000,172.000000,0.000000,0.269531250,Source metric: sit_no_work_window_active
2211,566016.000000,566272.000000,256.000000,256.000000,0.000000,0.000000,256.000000,0.000000,0.000000000,Source metric: sit_no_work_window_active
2212,566272.000000,566528.000000,256.000000,256.000000,0.000000,0.000000,256.000000,0.000000,0.000000000,Source metric: sit_no_work_window_active
2213,566528.000000,566784.000000,256.000000,256.000000,0.000000,0.000000,256.000000,0.000000,0.000000000,Source metric: sit_no_work_window_active
2214,566784.000000,567040.000000,256.000000,256.000000,0.000000,0.000000,256.000000,0.000000,0.000000000,Source metric: sit_no_work_window_active
2215,567040.000000,567296.000000,256.000000,256.000000,0.000000,0.000000,256.000000,0.000000,0.000000000,Source metric: sit_no_work_window_active
2216,567296.000000,567552.000000,256.000000,256.000000,0.000000,0.000000,256.000000,0.000000,0.000000000,Source metric: sit_no_work_window_active
2217,567552.000000,567808.000000,256.000000,256.000000,0.000000,0.000000,256.000000,0.000000,0.000000000,Source metric: sit_no_work_window_active
2218,567808.000000,568064.000000,256.000000,256.000000,0.000000,0.000000,256.000000,0.000000,0.000000000,Source metric: sit_no_work_window_active
2219,568064.000000,568320.000000,256.000000,256.000000,0.000000,0.000000,256.000000,0.000000,0.000000000,Source metric: sit_no_work_window_active
2220,568320.000000,568576.000000,256.000000,256.000000,0.000000,0.000000,256.000000,0.000000,0.000000000,Source metric: sit_no_work_window_active
2221,568576.000000,568832.000000,256.000000,256.000000,0.000000,0.000000,256.000000,0.000000,0.000000000,Source metric: sit_no_work_window_active
2222,568832.000000,569088.000000,256.000000,256.000000,0.000000,0.000000,256.000000,0.000000,0.000000000,Source metric: sit_no_work_window_active
2223,569088.000000,569344.000000,256.000000,256.000000,0.000000,0.000000,256.000000,0.000000,0.000000000,Source metric: sit_no_work_window_active
2224,569344.000000,569600.000000,256.000000,256.000000,0.000000,0.000000,256.000000,0.000000,0.000000000,Source metric: sit_no_work_window_active
2225,569600.000000,569856.000000,256.000000,256.000000,0.000000,0.000000,256.000000,0.000000,0.000000000,Source metric: sit_no_work_window_active
2226,569856.000000,570112.000000,256.000000,256.000000,0.000000,0.000000,256.000000,0.000000,0.000000000,Source metric: sit_no_work_window_active
2227,570112.000000,570368.000000,256.000000,256.000000,0.000000,0.000000,256.000000,0.000000,0.000000000,Source metric: sit_no_work_window_active
2228,570368.000000,570624.000000,256.000000,256.000000,0.000000,0.000000,256.000000,0.000000,0.000000000,Source metric: sit_no_work_window_active
2229,570624.000000,570880.000000,256.000000,256.000000,0.000000,0.000000,256.000000,0.000000,0.000000000,Source metric: sit_no_work_window_active
2230,570880.000000,571136.000000,256.000000,256.000000,0.000000,0.000000,256.000000,0.000000,0.000000000,Source metric: sit_no_work_window_active
2231,571136.000000,571392.000000,256.000000,256.000000,0.000000,0.000000,256.000000,0.000000,0.000000000,Source metric: sit_no_work_window_active
2232,571392.000000,571648.000000,256.000000,256.000000,0.000000,0.000000,256.000000,0.000000,0.000000000,Source metric: sit_no_work_window_active
2233,571648.000000,571904.000000,256.000000,256.000000,0.000000,0.000000,256.000000,0.000000,0.000000000,Source metric: sit_no_work_window_active
2234,571904.000000,572160.000000,256.000000,256.000000,0.000000,0.000000,256.000000,0.000000,0.000000000,Source metric: sit_no_work_window_active
2235,572160.000000,572416.000000,256.000000,256.000000,0.000000,0.000000,256.000000,0.000000,0.000000000,Source metric: sit_no_work_window_active
2236,572416.000000,572672.000000,256.000000,256.000000,0.000000,0.000000,256.000000,0.000000,0.000000000,Source metric: sit_no_work_window_active
2237,572672.000000,572928.000000,256.000000,256.000000,0.000000,0.000000,256.000000,0.000000,0.000000000,Source metric: sit_no_work_window_active
2238,572928.000000,573184.000000,256.000000,256.000000,0.000000,0.000000,256.000000,0.000000,0.000000000,Source metric: sit_no_work_window_active
2239,573184.000000,573440.000000,256.000000,256.000000,0.000000,0.000000,256.000000,0.000000,0.000000000,Source metric: sit_no_work_window_active
2240,573440.000000,573696.000000,256.000000,256.000000,0.000000,0.000000,256.000000,0.000000,0.000000000,Source metric: sit_no_work_window_active
2241,573696.000000,573952.000000,256.000000,256.000000,0.000000,0.000000,256.000000,0.000000,0.000000000,Source metric: sit_no_work_window_active
2242,573952.000000,574208.000000,256.000000,256.000000,0.000000,0.000000,256.000000,0.000000,0.000000000,Source metric: sit_no_work_window_active
2243,574208.000000,574464.000000,256.000000,256.000000,0.000000,0.000000,256.000000,0.000000,0.000000000,Source metric: sit_no_work_window_active
2244,574464.000000,574720.000000,256.000000,256.000000,0.000000,0.000000,256.000000,0.000000,0.000000000,Source metric: sit_no_work_window_active
2245,574720.000000,574976.000000,256.000000,256.000000,0.000000,0.000000,256.000000,0.000000,0.000000000,Source metric: sit_no_work_window_active
2246,574976.000000,575232.000000,256.000000,256.000000,0.000000,0.000000,256.000000,0.000000,0.000000000,Source metric: sit_no_work_window_active
2247,575232.000000,575488.000000,256.000000,256.000000,0.000000,0.000000,256.000000,0.000000,0.000000000,Source metric: sit_no_work_window_active
2248,575488.000000,575744.000000,256.000000,256.000000,0.000000,0.000000,256.000000,0.000000,0.000000000,Source metric: sit_no_work_window_active
2249,575744.000000,576000.000000,256.000000,256.000000,0.000000,0.000000,256.000000,0.000000,0.000000000,Source metric: sit_no_work_window_active
2250,576000.000000,576256.000000,256.000000,256.000000,0.000000,0.000000,256.000000,0.000000,0.000000000,Source metric: sit_no_work_window_active
2251,576256.000000,576512.000000,256.000000,256.000000,0.000000,0.000000,256.000000,0.000000,0.000000000,Source metric: sit_no_work_window_active
2252,576512.000000,576768.000000,256.000000,256.000000,0.000000,0.000000,256.000000,0.000000,0.000000000,Source metric: sit_no_work_window_active
2253,576768.000000,577024.000000,256.000000,256.000000,0.000000,0.000000,256.000000,0.000000,0.000000000,Source metric: sit_no_work_window_active
2254,577024.000000,577280.000000,256.000000,256.000000,0.000000,0.000000,256.000000,0.000000,0.000000000,Source metric: sit_no_work_window_active
2255,577280.000000,577536.000000,256.000000,256.000000,0.000000,0.000000,256.000000,0.000000,0.000000000,Source metric: sit_no_work_window_active
2256,577536.000000,577792.000000,256.000000,256.000000,0.000000,0.000000,256.000000,0.000000,0.000000000,Source metric: sit_no_work_window_active
2257,577792.000000,578048.000000,256.000000,256.000000,0.000000,0.000000,256.000000,0.000000,0.000000000,Source metric: sit_no_work_window_active
2258,578048.000000,578304.000000,256.000000,256.000000,0.000000,0.000000,256.000000,0.000000,0.000000000,Source metric: sit_no_work_window_active
2259,578304.000000,578560.000000,256.000000,256.000000,0.000000,0.000000,256.000000,0.000000,0.000000000,Source metric: sit_no_work_window_active
2260,578560.000000,578816.000000,256.000000,256.000000,0.000000,0.000000,256.000000,0.000000,0.000000000,Source metric: sit_no_work_window_active
2261,578816.000000,579072.000000,256.000000,256.000000,0.000000,0.000000,256.000000,0.000000,0.000000000,Source metric: sit_no_work_window_active
2262,579072.000000,579328.000000,256.000000,256.000000,0.000000,0.000000,256.000000,0.000000,0.000000000,Source metric: sit_no_work_window_active
2263,579328.000000,579584.000000,256.000000,256.000000,0.000000,0.000000,256.000000,0.000000,0.000000000,Source metric: sit_no_work_window_active
2264,579584.000000,579840.000000,256.000000,256.000000,0.000000,0.000000,256.000000,0.000000,0.000000000,Source metric: sit_no_work_window_active
2265,579840.000000,580096.000000,256.000000,256.000000,0.000000,0.000000,256.000000,0.000000,0.000000000,Source metric: sit_no_work_window_active
2266,580096.000000,580352.000000,256.000000,256.000000,0.000000,0.000000,256.000000,0.000000,0.000000000,Source metric: sit_no_work_window_active
2267,580352.000000,580608.000000,256.000000,256.000000,0.000000,0.000000,256.000000,0.000000,0.000000000,Source metric: sit_no_work_window_active
2268,580608.000000,580864.000000,256.000000,256.000000,0.000000,0.000000,256.000000,0.000000,0.000000000,Source metric: sit_no_work_window_active
2269,580864.000000,581120.000000,256.000000,256.000000,0.000000,0.000000,256.000000,0.000000,0.000000000,Source metric: sit_no_work_window_active
2270,581120.000000,581376.000000,256.000000,256.000000,0.000000,0.000000,256.000000,0.000000,0.000000000,Source metric: sit_no_work_window_active
2271,581376.000000,581632.000000,256.000000,256.000000,0.000000,0.000000,256.000000,0.000000,0.000000000,Source metric: sit_no_work_window_active
2272,581632.000000,581888.000000,256.000000,256.000000,0.000000,0.000000,256.000000,0.000000,0.000000000,Source metric: sit_no_work_window_active
2273,581888.000000,582144.000000,256.000000,256.000000,0.000000,0.000000,256.000000,0.000000,0.000000000,Source metric: sit_no_work_window_active
2274,582144.000000,582400.000000,256.000000,256.000000,0.000000,0.000000,256.000000,0.000000,0.000000000,Source metric: sit_no_work_window_active
2275,582400.000000,582656.000000,256.000000,256.000000,0.000000,0.000000,256.000000,0.000000,0.000000000,Source metric: sit_no_work_window_active
2276,582656.000000,582912.000000,256.000000,256.000000,0.000000,0.000000,256.000000,0.000000,0.000000000,Source metric: sit_no_work_window_active
2277,582912.000000,583168.000000,256.000000,256.000000,0.000000,0.000000,256.000000,0.000000,0.000000000,Source metric: sit_no_work_window_active
2278,583168.000000,583424.000000,256.000000,256.000000,0.000000,0.000000,256.000000,0.000000,0.000000000,Source metric: sit_no_work_window_active
2279,583424.000000,583680.000000,256.000000,256.000000,0.000000,0.000000,256.000000,0.000000,0.000000000,Source metric: sit_no_work_window_active
2280,583680.000000,583936.000000,256.000000,256.000000,25.000000,46.000000,185.000000,0.000000,0.097656250,Source metric: sit_no_work_window_active
2281,583936.000000,584192.000000,256.000000,256.000000,86.000000,170.000000,0.000000,0.000000,0.335937500,Source metric: sit_no_work_window_active
2282,584192.000000,584448.000000,256.000000,256.000000,85.000000,171.000000,0.000000,0.000000,0.332031250,Source metric: sit_no_work_window_active
2283,584448.000000,584704.000000,256.000000,256.000000,85.000000,171.000000,0.000000,0.000000,0.332031250,Source metric: sit_no_work_window_active
2284,584704.000000,584960.000000,256.000000,256.000000,86.000000,170.000000,0.000000,0.000000,0.335937500,Source metric: sit_no_work_window_active
2285,584960.000000,585216.000000,256.000000,256.000000,85.000000,171.000000,0.000000,0.000000,0.332031250,Source metric: sit_no_work_window_active
2286,585216.000000,585472.000000,256.000000,256.000000,85.000000,171.000000,0.000000,0.000000,0.332031250,Source metric: sit_no_work_window_active
2287,585472.000000,585728.000000,256.000000,256.000000,86.000000,170.000000,0.000000,0.000000,0.335937500,Source metric: sit_no_work_window_active
2288,585728.000000,585984.000000,256.000000,256.000000,85.000000,171.000000,0.000000,0.000000,0.332031250,Source metric: sit_no_work_window_active
2289,585984.000000,586240.000000,256.000000,256.000000,85.000000,171.000000,0.000000,0.000000,0.332031250,Source metric: sit_no_work_window_active
2290,586240.000000,586496.000000,256.000000,256.000000,86.000000,170.000000,0.000000,0.000000,0.335937500,Source metric: sit_no_work_window_active
2291,586496.000000,586752.000000,256.000000,256.000000,85.000000,171.000000,0.000000,0.000000,0.332031250,Source metric: sit_no_work_window_active
2292,586752.000000,587008.000000,256.000000,256.000000,85.000000,171.000000,0.000000,0.000000,0.332031250,Source metric: sit_no_work_window_active
2293,587008.000000,587264.000000,256.000000,256.000000,86.000000,170.000000,0.000000,0.000000,0.335937500,Source metric: sit_no_work_window_active
2294,587264.000000,587520.000000,256.000000,256.000000,85.000000,171.000000,0.000000,0.000000,0.332031250,Source metric: sit_no_work_window_active
2295,587520.000000,587776.000000,256.000000,256.000000,85.000000,171.000000,0.000000,0.000000,0.332031250,Source metric: sit_no_work_window_active
2296,587776.000000,588032.000000,256.000000,256.000000,86.000000,170.000000,0.000000,0.000000,0.335937500,Source metric: sit_no_work_window_active
2297,588032.000000,588288.000000,256.000000,256.000000,85.000000,171.000000,0.000000,0.000000,0.332031250,Source metric: sit_no_work_window_active
2298,588288.000000,588544.000000,256.000000,256.000000,85.000000,171.000000,0.000000,0.000000,0.332031250,Source metric: sit_no_work_window_active
2299,588544.000000,588800.000000,256.000000,256.000000,86.000000,170.000000,0.000000,0.000000,0.335937500,Source metric: sit_no_work_window_active
2300,588800.000000,589056.000000,256.000000,256.000000,85.000000,171.000000,0.000000,0.000000,0.332031250,Source metric: sit_no_work_window_active
2301,589056.000000,589312.000000,256.000000,256.000000,85.000000,171.000000,0.000000,0.000000,0.332031250,Source metric: sit_no_work_window_active
2302,589312.000000,589568.000000,256.000000,256.000000,86.000000,170.000000,0.000000,0.000000,0.335937500,Source metric: sit_no_work_window_active
2303,589568.000000,589824.000000,256.000000,256.000000,85.000000,171.000000,0.000000,0.000000,0.332031250,Source metric: sit_no_work_window_active
2304,589824.000000,590080.000000,256.000000,256.000000,85.000000,171.000000,0.000000,0.000000,0.332031250,Source metric: sit_no_work_window_active
2305,590080.000000,590336.000000,256.000000,256.000000,86.000000,170.000000,0.000000,0.000000,0.335937500,Source metric: sit_no_work_window_active
2306,590336.000000,590592.000000,256.000000,256.000000,85.000000,171.000000,0.000000,0.000000,0.332031250,Source metric: sit_no_work_window_active
2307,590592.000000,590848.000000,256.000000,256.000000,85.000000,171.000000,0.000000,0.000000,0.332031250,Source metric: sit_no_work_window_active
2308,590848.000000,591104.000000,256.000000,256.000000,86.000000,170.000000,0.000000,0.000000,0.335937500,Source metric: sit_no_work_window_active
2309,591104.000000,591360.000000,256.000000,256.000000,85.000000,171.000000,0.000000,0.000000,0.332031250,Source metric: sit_no_work_window_active
2310,591360.000000,591616.000000,256.000000,256.000000,85.000000,171.000000,0.000000,0.000000,0.332031250,Source metric: sit_no_work_window_active
2311,591616.000000,591872.000000,256.000000,256.000000,86.000000,170.000000,0.000000,0.000000,0.335937500,Source metric: sit_no_work_window_active
2312,591872.000000,592128.000000,256.000000,256.000000,85.000000,171.000000,0.000000,0.000000,0.332031250,Source metric: sit_no_work_window_active
2313,592128.000000,592384.000000,256.000000,256.000000,85.000000,171.000000,0.000000,0.000000,0.332031250,Source metric: sit_no_work_window_active
2314,592384.000000,592640.000000,256.000000,256.000000,86.000000,170.000000,0.000000,0.000000,0.335937500,Source metric: sit_no_work_window_active
2315,592640.000000,592896.000000,256.000000,256.000000,85.000000,171.000000,0.000000,0.000000,0.332031250,Source metric: sit_no_work_window_active
2316,592896.000000,593152.000000,256.000000,256.000000,85.000000,171.000000,0.000000,0.000000,0.332031250,Source metric: sit_no_work_window_active
2317,593152.000000,593408.000000,256.000000,256.000000,86.000000,170.000000,0.000000,0.000000,0.335937500,Source metric: sit_no_work_window_active
2318,593408.000000,593664.000000,256.000000,256.000000,85.000000,171.000000,0.000000,0.000000,0.332031250,Source metric: sit_no_work_window_active
2319,593664.000000,593920.000000,256.000000,256.000000,85.000000,171.000000,0.000000,0.000000,0.332031250,Source metric: sit_no_work_window_active
2320,593920.000000,594176.000000,256.000000,256.000000,86.000000,170.000000,0.000000,0.000000,0.335937500,Source metric: sit_no_work_window_active
2321,594176.000000,594432.000000,256.000000,256.000000,85.000000,171.000000,0.000000,0.000000,0.332031250,Source metric: sit_no_work_window_active
2322,594432.000000,594688.000000,256.000000,256.000000,85.000000,171.000000,0.000000,0.000000,0.332031250,Source metric: sit_no_work_window_active
2323,594688.000000,594944.000000,256.000000,256.000000,86.000000,170.000000,0.000000,0.000000,0.335937500,Source metric: sit_no_work_window_active
2324,594944.000000,595200.000000,256.000000,256.000000,85.000000,171.000000,0.000000,0.000000,0.332031250,Source metric: sit_no_work_window_active
2325,595200.000000,595456.000000,256.000000,256.000000,85.000000,171.000000,0.000000,0.000000,0.332031250,Source metric: sit_no_work_window_active
2326,595456.000000,595712.000000,256.000000,256.000000,86.000000,170.000000,0.000000,0.000000,0.335937500,Source metric: sit_no_work_window_active
2327,595712.000000,595968.000000,256.000000,256.000000,85.000000,171.000000,0.000000,0.000000,0.332031250,Source metric: sit_no_work_window_active
2328,595968.000000,596224.000000,256.000000,256.000000,85.000000,171.000000,0.000000,0.000000,0.332031250,Source metric: sit_no_work_window_active
2329,596224.000000,596480.000000,256.000000,256.000000,86.000000,170.000000,0.000000,0.000000,0.335937500,Source metric: sit_no_work_window_active
2330,596480.000000,596736.000000,256.000000,256.000000,85.000000,171.000000,0.000000,0.000000,0.332031250,Source metric: sit_no_work_window_active
2331,596736.000000,596992.000000,256.000000,256.000000,85.000000,171.000000,0.000000,0.000000,0.332031250,Source metric: sit_no_work_window_active
2332,596992.000000,597248.000000,256.000000,256.000000,86.000000,170.000000,0.000000,0.000000,0.335937500,Source metric: sit_no_work_window_active
2333,597248.000000,597504.000000,256.000000,256.000000,85.000000,171.000000,0.000000,0.000000,0.332031250,Source metric: sit_no_work_window_active
2334,597504.000000,597760.000000,256.000000,256.000000,85.000000,171.000000,0.000000,0.000000,0.332031250,Source metric: sit_no_work_window_active
2335,597760.000000,598016.000000,256.000000,256.000000,86.000000,170.000000,0.000000,0.000000,0.335937500,Source metric: sit_no_work_window_active
2336,598016.000000,598272.000000,256.000000,256.000000,85.000000,171.000000,0.000000,0.000000,0.332031250,Source metric: sit_no_work_window_active
2337,598272.000000,598528.000000,256.000000,256.000000,85.000000,171.000000,0.000000,0.000000,0.332031250,Source metric: sit_no_work_window_active
2338,598528.000000,598784.000000,256.000000,256.000000,86.000000,170.000000,0.000000,0.000000,0.335937500,Source metric: sit_no_work_window_active
2339,598784.000000,599040.000000,256.000000,256.000000,85.000000,171.000000,0.000000,0.000000,0.332031250,Source metric: sit_no_work_window_active
2340,599040.000000,599296.000000,256.000000,256.000000,85.000000,171.000000,0.000000,0.000000,0.332031250,Source metric: sit_no_work_window_active
2341,599296.000000,599552.000000,256.000000,256.000000,86.000000,170.000000,0.000000,0.000000,0.335937500,Source metric: sit_no_work_window_active
2342,599552.000000,599808.000000,256.000000,256.000000,85.000000,171.000000,0.000000,0.000000,0.332031250,Source metric: sit_no_work_window_active
2343,599808.000000,600064.000000,256.000000,256.000000,85.000000,171.000000,0.000000,0.000000,0.332031250,Source metric: sit_no_work_window_active
2344,600064.000000,600320.000000,256.000000,256.000000,86.000000,170.000000,0.000000,0.000000,0.335937500,Source metric: sit_no_work_window_active
2345,600320.000000,600576.000000,256.000000,256.000000,85.000000,171.000000,0.000000,0.000000,0.332031250,Source metric: sit_no_work_window_active
2346,600576.000000,600832.000000,256.000000,256.000000,85.000000,171.000000,0.000000,0.000000,0.332031250,Source metric: sit_no_work_window_active
2347,600832.000000,601088.000000,256.000000,256.000000,86.000000,170.000000,0.000000,0.000000,0.335937500,Source metric: sit_no_work_window_active
2348,601088.000000,601344.000000,256.000000,256.000000,85.000000,171.000000,0.000000,0.000000,0.332031250,Source metric: sit_no_work_window_active
2349,601344.000000,601600.000000,256.000000,256.000000,85.000000,171.000000,0.000000,0.000000,0.332031250,Source metric: sit_no_work_window_active
2350,601600.000000,601856.000000,256.000000,256.000000,86.000000,170.000000,0.000000,0.000000,0.335937500,Source metric: sit_no_work_window_active
2351,601856.000000,602112.000000,256.000000,256.000000,85.000000,171.000000,0.000000,0.000000,0.332031250,Source metric: sit_no_work_window_active
2352,602112.000000,602368.000000,256.000000,256.000000,85.000000,171.000000,0.000000,0.000000,0.332031250,Source metric: sit_no_work_window_active
2353,602368.000000,602624.000000,256.000000,256.000000,86.000000,170.000000,0.000000,0.000000,0.335937500,Source metric: sit_no_work_window_active
2354,602624.000000,602880.000000,256.000000,256.000000,85.000000,171.000000,0.000000,0.000000,0.332031250,Source metric: sit_no_work_window_active
2355,602880.000000,603136.000000,256.000000,256.000000,85.000000,171.000000,0.000000,0.000000,0.332031250,Source metric: sit_no_work_window_active
2356,603136.000000,603392.000000,256.000000,256.000000,86.000000,170.000000,0.000000,0.000000,0.335937500,Source metric: sit_no_work_window_active
2357,603392.000000,603648.000000,256.000000,256.000000,85.000000,171.000000,0.000000,0.000000,0.332031250,Source metric: sit_no_work_window_active
2358,603648.000000,603904.000000,256.000000,256.000000,85.000000,171.000000,0.000000,0.000000,0.332031250,Source metric: sit_no_work_window_active
2359,603904.000000,604160.000000,256.000000,256.000000,86.000000,170.000000,0.000000,0.000000,0.335937500,Source metric: sit_no_work_window_active
2360,604160.000000,604416.000000,256.000000,256.000000,85.000000,171.000000,0.000000,0.000000,0.332031250,Source metric: sit_no_work_window_active
2361,604416.000000,604672.000000,256.000000,256.000000,85.000000,171.000000,0.000000,0.000000,0.332031250,Source metric: sit_no_work_window_active
2362,604672.000000,604928.000000,256.000000,256.000000,86.000000,170.000000,0.000000,0.000000,0.335937500,Source metric: sit_no_work_window_active
2363,604928.000000,605184.000000,256.000000,256.000000,85.000000,171.000000,0.000000,0.000000,0.332031250,Source metric: sit_no_work_window_active
2364,605184.000000,605440.000000,256.000000,256.000000,85.000000,171.000000,0.000000,0.000000,0.332031250,Source metric: sit_no_work_window_active
2365,605440.000000,605696.000000,256.000000,256.000000,86.000000,170.000000,0.000000,0.000000,0.335937500,Source metric: sit_no_work_window_active
2366,605696.000000,605952.000000,256.000000,256.000000,85.000000,171.000000,0.000000,0.000000,0.332031250,Source metric: sit_no_work_window_active
2367,605952.000000,606208.000000,256.000000,256.000000,85.000000,171.000000,0.000000,0.000000,0.332031250,Source metric: sit_no_work_window_active
2368,606208.000000,606464.000000,256.000000,256.000000,86.000000,170.000000,0.000000,0.000000,0.335937500,Source metric: sit_no_work_window_active
2369,606464.000000,606720.000000,256.000000,256.000000,85.000000,171.000000,0.000000,0.000000,0.332031250,Source metric: sit_no_work_window_active
2370,606720.000000,606976.000000,256.000000,256.000000,85.000000,171.000000,0.000000,0.000000,0.332031250,Source metric: sit_no_work_window_active
2371,606976.000000,607232.000000,256.000000,256.000000,86.000000,170.000000,0.000000,0.000000,0.335937500,Source metric: sit_no_work_window_active
2372,607232.000000,607488.000000,256.000000,256.000000,85.000000,171.000000,0.000000,0.000000,0.332031250,Source metric: sit_no_work_window_active
2373,607488.000000,607744.000000,256.000000,256.000000,85.000000,171.000000,0.000000,0.000000,0.332031250,Source metric: sit_no_work_window_active
2374,607744.000000,608000.000000,256.000000,256.000000,86.000000,170.000000,0.000000,0.000000,0.335937500,Source metric: sit_no_work_window_active
2375,608000.000000,608256.000000,256.000000,256.000000,85.000000,171.000000,0.000000,0.000000,0.332031250,Source metric: sit_no_work_window_active
2376,608256.000000,608512.000000,256.000000,256.000000,85.000000,171.000000,0.000000,0.000000,0.332031250,Source metric: sit_no_work_window_active
2377,608512.000000,608768.000000,256.000000,256.000000,86.000000,170.000000,0.000000,0.000000,0.335937500,Source metric: sit_no_work_window_active
2378,608768.000000,609024.000000,256.000000,256.000000,85.000000,171.000000,0.000000,0.000000,0.332031250,Source metric: sit_no_work_window_active
2379,609024.000000,609280.000000,256.000000,256.000000,85.000000,171.000000,0.000000,0.000000,0.332031250,Source metric: sit_no_work_window_active
2380,609280.000000,609536.000000,256.000000,256.000000,86.000000,170.000000,0.000000,0.000000,0.335937500,Source metric: sit_no_work_window_active
2381,609536.000000,609792.000000,256.000000,256.000000,85.000000,171.000000,0.000000,0.000000,0.332031250,Source metric: sit_no_work_window_active
2382,609792.000000,610048.000000,256.000000,256.000000,85.000000,171.000000,0.000000,0.000000,0.332031250,Source metric: sit_no_work_window_active
2383,610048.000000,610304.000000,256.000000,256.000000,86.000000,170.000000,0.000000,0.000000,0.335937500,Source metric: sit_no_work_window_active
2384,610304.000000,610560.000000,256.000000,256.000000,85.000000,171.000000,0.000000,0.000000,0.332031250,Source metric: sit_no_work_window_active
2385,610560.000000,610816.000000,256.000000,256.000000,85.000000,171.000000,0.000000,0.000000,0.332031250,Source metric: sit_no_work_window_active
2386,610816.000000,611072.000000,256.000000,256.000000,86.000000,170.000000,0.000000,0.000000,0.335937500,Source metric: sit_no_work_window_active
2387,611072.000000,611328.000000,256.000000,256.000000,85.000000,171.000000,0.000000,0.000000,0.332031250,Source metric: sit_no_work_window_active
2388,611328.000000,611584.000000,256.000000,256.000000,85.000000,171.000000,0.000000,0.000000,0.332031250,Source metric: sit_no_work_window_active
2389,611584.000000,611840.000000,256.000000,256.000000,86.000000,170.000000,0.000000,0.000000,0.335937500,Source metric: sit_no_work_window_active
2390,611840.000000,612096.000000,256.000000,256.000000,85.000000,171.000000,0.000000,0.000000,0.332031250,Source metric: sit_no_work_window_active
2391,612096.000000,612352.000000,256.000000,256.000000,85.000000,171.000000,0.000000,0.000000,0.332031250,Source metric: sit_no_work_window_active
2392,612352.000000,612608.000000,256.000000,256.000000,86.000000,170.000000,0.000000,0.000000,0.335937500,Source metric: sit_no_work_window_active
2393,612608.000000,612864.000000,256.000000,256.000000,85.000000,171.000000,0.000000,0.000000,0.332031250,Source metric: sit_no_work_window_active
2394,612864.000000,613120.000000,256.000000,256.000000,85.000000,171.000000,0.000000,0.000000,0.332031250,Source metric: sit_no_work_window_active
2395,613120.000000,613376.000000,256.000000,256.000000,86.000000,170.000000,0.000000,0.000000,0.335937500,Source metric: sit_no_work_window_active
2396,613376.000000,613632.000000,256.000000,256.000000,85.000000,171.000000,0.000000,0.000000,0.332031250,Source metric: sit_no_work_window_active
2397,613632.000000,613888.000000,256.000000,256.000000,85.000000,171.000000,0.000000,0.000000,0.332031250,Source metric: sit_no_work_window_active
2398,613888.000000,614144.000000,256.000000,256.000000,86.000000,170.000000,0.000000,0.000000,0.335937500,Source metric: sit_no_work_window_active
2399,614144.000000,614400.000000,256.000000,256.000000,85.000000,171.000000,0.000000,0.000000,0.332031250,Source metric: sit_no_work_window_active
2400,614400.000000,614656.000000,256.000000,256.000000,85.000000,171.000000,0.000000,0.000000,0.332031250,Source metric: sit_no_work_window_active
2401,614656.000000,614912.000000,256.000000,256.000000,86.000000,170.000000,0.000000,0.000000,0.335937500,Source metric: sit_no_work_window_active
2402,614912.000000,615168.000000,256.000000,256.000000,85.000000,171.000000,0.000000,0.000000,0.332031250,Source metric: sit_no_work_window_active
2403,615168.000000,615424.000000,256.000000,256.000000,85.000000,171.000000,0.000000,0.000000,0.332031250,Source metric: sit_no_work_window_active
2404,615424.000000,615680.000000,256.000000,256.000000,86.000000,170.000000,0.000000,0.000000,0.335937500,Source metric: sit_no_work_window_active
2405,615680.000000,615936.000000,256.000000,256.000000,85.000000,171.000000,0.000000,0.000000,0.332031250,Source metric: sit_no_work_window_active
2406,615936.000000,616192.000000,256.000000,256.000000,85.000000,171.000000,0.000000,0.000000,0.332031250,Source metric: sit_no_work_window_active
2407,616192.000000,616448.000000,256.000000,256.000000,86.000000,170.000000,0.000000,0.000000,0.335937500,Source metric: sit_no_work_window_active
2408,616448.000000,616704.000000,256.000000,256.000000,85.000000,171.000000,0.000000,0.000000,0.332031250,Source metric: sit_no_work_window_active
2409,616704.000000,616960.000000,256.000000,256.000000,85.000000,171.000000,0.000000,0.000000,0.332031250,Source metric: sit_no_work_window_active
2410,616960.000000,617216.000000,256.000000,256.000000,86.000000,170.000000,0.000000,0.000000,0.335937500,Source metric: sit_no_work_window_active
2411,617216.000000,617472.000000,256.000000,256.000000,85.000000,171.000000,0.000000,0.000000,0.332031250,Source metric: sit_no_work_window_active
2412,617472.000000,617728.000000,256.000000,256.000000,85.000000,171.000000,0.000000,0.000000,0.332031250,Source metric: sit_no_work_window_active
2413,617728.000000,617984.000000,256.000000,256.000000,86.000000,170.000000,0.000000,0.000000,0.335937500,Source metric: sit_no_work_window_active
2414,617984.000000,618240.000000,256.000000,256.000000,85.000000,171.000000,0.000000,0.000000,0.332031250,Source metric: sit_no_work_window_active
2415,618240.000000,618496.000000,256.000000,256.000000,85.000000,171.000000,0.000000,0.000000,0.332031250,Source metric: sit_no_work_window_active
2416,618496.000000,618752.000000,256.000000,256.000000,86.000000,170.000000,0.000000,0.000000,0.335937500,Source metric: sit_no_work_window_active
2417,618752.000000,619008.000000,256.000000,256.000000,85.000000,171.000000,0.000000,0.000000,0.332031250,Source metric: sit_no_work_window_active
2418,619008.000000,619264.000000,256.000000,256.000000,85.000000,171.000000,0.000000,0.000000,0.332031250,Source metric: sit_no_work_window_active
2419,619264.000000,619520.000000,256.000000,256.000000,86.000000,170.000000,0.000000,0.000000,0.335937500,Source metric: sit_no_work_window_active
2420,619520.000000,619776.000000,256.000000,256.000000,85.000000,171.000000,0.000000,0.000000,0.332031250,Source metric: sit_no_work_window_active
2421,619776.000000,620032.000000,256.000000,256.000000,85.000000,171.000000,0.000000,0.000000,0.332031250,Source metric: sit_no_work_window_active
2422,620032.000000,620288.000000,256.000000,256.000000,86.000000,170.000000,0.000000,0.000000,0.335937500,Source metric: sit_no_work_window_active
2423,620288.000000,620544.000000,256.000000,256.000000,85.000000,171.000000,0.000000,0.000000,0.332031250,Source metric: sit_no_work_window_active
2424,620544.000000,620800.000000,256.000000,256.000000,85.000000,171.000000,0.000000,0.000000,0.332031250,Source metric: sit_no_work_window_active
2425,620800.000000,621056.000000,256.000000,256.000000,86.000000,170.000000,0.000000,0.000000,0.335937500,Source metric: sit_no_work_window_active
2426,621056.000000,621312.000000,256.000000,256.000000,85.000000,171.000000,0.000000,0.000000,0.332031250,Source metric: sit_no_work_window_active
2427,621312.000000,621568.000000,256.000000,256.000000,85.000000,171.000000,0.000000,0.000000,0.332031250,Source metric: sit_no_work_window_active
2428,621568.000000,621824.000000,256.000000,256.000000,86.000000,170.000000,0.000000,0.000000,0.335937500,Source metric: sit_no_work_window_active
2429,621824.000000,622080.000000,256.000000,256.000000,85.000000,171.000000,0.000000,0.000000,0.332031250,Source metric: sit_no_work_window_active
2430,622080.000000,622336.000000,256.000000,256.000000,85.000000,171.000000,0.000000,0.000000,0.332031250,Source metric: sit_no_work_window_active
2431,622336.000000,622592.000000,256.000000,256.000000,86.000000,170.000000,0.000000,0.000000,0.335937500,Source metric: sit_no_work_window_active
2432,622592.000000,622848.000000,256.000000,256.000000,85.000000,171.000000,0.000000,0.000000,0.332031250,Source metric: sit_no_work_window_active
2433,622848.000000,623104.000000,256.000000,256.000000,85.000000,171.000000,0.000000,0.000000,0.332031250,Source metric: sit_no_work_window_active
2434,623104.000000,623360.000000,256.000000,256.000000,86.000000,170.000000,0.000000,0.000000,0.335937500,Source metric: sit_no_work_window_active
2435,623360.000000,623616.000000,256.000000,256.000000,85.000000,171.000000,0.000000,0.000000,0.332031250,Source metric: sit_no_work_window_active
2436,623616.000000,623872.000000,256.000000,256.000000,85.000000,171.000000,0.000000,0.000000,0.332031250,Source metric: sit_no_work_window_active
2437,623872.000000,624128.000000,256.000000,256.000000,86.000000,170.000000,0.000000,0.000000,0.335937500,Source metric: sit_no_work_window_active
2438,624128.000000,624384.000000,256.000000,256.000000,85.000000,171.000000,0.000000,0.000000,0.332031250,Source metric: sit_no_work_window_active
2439,624384.000000,624640.000000,256.000000,256.000000,85.000000,171.000000,0.000000,0.000000,0.332031250,Source metric: sit_no_work_window_active
2440,624640.000000,624896.000000,256.000000,256.000000,86.000000,170.000000,0.000000,0.000000,0.335937500,Source metric: sit_no_work_window_active
2441,624896.000000,625152.000000,256.000000,256.000000,85.000000,171.000000,0.000000,0.000000,0.332031250,Source metric: sit_no_work_window_active
2442,625152.000000,625408.000000,256.000000,256.000000,85.000000,171.000000,0.000000,0.000000,0.332031250,Source metric: sit_no_work_window_active
2443,625408.000000,625664.000000,256.000000,256.000000,86.000000,170.000000,0.000000,0.000000,0.335937500,Source metric: sit_no_work_window_active
2444,625664.000000,625920.000000,256.000000,256.000000,85.000000,171.000000,0.000000,0.000000,0.332031250,Source metric: sit_no_work_window_active
2445,625920.000000,626176.000000,256.000000,256.000000,85.000000,171.000000,0.000000,0.000000,0.332031250,Source metric: sit_no_work_window_active
2446,626176.000000,626432.000000,256.000000,256.000000,86.000000,170.000000,0.000000,0.000000,0.335937500,Source metric: sit_no_work_window_active
2447,626432.000000,626688.000000,256.000000,256.000000,85.000000,171.000000,0.000000,0.000000,0.332031250,Source metric: sit_no_work_window_active
2448,626688.000000,626944.000000,256.000000,256.000000,85.000000,171.000000,0.000000,0.000000,0.332031250,Source metric: sit_no_work_window_active
2449,626944.000000,627200.000000,256.000000,256.000000,86.000000,170.000000,0.000000,0.000000,0.335937500,Source metric: sit_no_work_window_active
2450,627200.000000,627456.000000,256.000000,256.000000,85.000000,171.000000,0.000000,0.000000,0.332031250,Source metric: sit_no_work_window_active
2451,627456.000000,627712.000000,256.000000,256.000000,85.000000,171.000000,0.000000,0.000000,0.332031250,Source metric: sit_no_work_window_active
2452,627712.000000,627968.000000,256.000000,256.000000,86.000000,170.000000,0.000000,0.000000,0.335937500,Source metric: sit_no_work_window_active
2453,627968.000000,628224.000000,256.000000,256.000000,85.000000,171.000000,0.000000,0.000000,0.332031250,Source metric: sit_no_work_window_active
2454,628224.000000,628480.000000,256.000000,256.000000,85.000000,171.000000,0.000000,0.000000,0.332031250,Source metric: sit_no_work_window_active
2455,628480.000000,628736.000000,256.000000,256.000000,86.000000,170.000000,0.000000,0.000000,0.335937500,Source metric: sit_no_work_window_active
2456,628736.000000,628992.000000,256.000000,256.000000,85.000000,171.000000,0.000000,0.000000,0.332031250,Source metric: sit_no_work_window_active
2457,628992.000000,629248.000000,256.000000,256.000000,85.000000,171.000000,0.000000,0.000000,0.332031250,Source metric: sit_no_work_window_active
2458,629248.000000,629504.000000,256.000000,256.000000,86.000000,170.000000,0.000000,0.000000,0.335937500,Source metric: sit_no_work_window_active
2459,629504.000000,629760.000000,256.000000,256.000000,85.000000,171.000000,0.000000,0.000000,0.332031250,Source metric: sit_no_work_window_active
2460,629760.000000,630016.000000,256.000000,256.000000,65.000000,128.000000,63.000000,0.000000,0.253906250,Source metric: sit_no_work_window_active
2461,630016.000000,630272.000000,256.000000,256.000000,0.000000,0.000000,256.000000,0.000000,0.000000000,Source metric: sit_no_work_window_active
2462,630272.000000,630528.000000,256.000000,256.000000,0.000000,0.000000,256.000000,0.000000,0.000000000,Source metric: sit_no_work_window_active
2463,630528.000000,630784.000000,256.000000,256.000000,0.000000,0.000000,256.000000,0.000000,0.000000000,Source metric: sit_no_work_window_active
2464,630784.000000,631040.000000,256.000000,256.000000,0.000000,0.000000,256.000000,0.000000,0.000000000,Source metric: sit_no_work_window_active
2465,631040.000000,631296.000000,256.000000,256.000000,0.000000,0.000000,256.000000,0.000000,0.000000000,Source metric: sit_no_work_window_active
2466,631296.000000,631552.000000,256.000000,256.000000,0.000000,0.000000,256.000000,0.000000,0.000000000,Source metric: sit_no_work_window_active
2467,631552.000000,631808.000000,256.000000,256.000000,0.000000,0.000000,256.000000,0.000000,0.000000000,Source metric: sit_no_work_window_active
2468,631808.000000,632064.000000,256.000000,256.000000,0.000000,0.000000,256.000000,0.000000,0.000000000,Source metric: sit_no_work_window_active
2469,632064.000000,632320.000000,256.000000,256.000000,0.000000,0.000000,256.000000,0.000000,0.000000000,Source metric: sit_no_work_window_active
2470,632320.000000,632576.000000,256.000000,256.000000,0.000000,0.000000,256.000000,0.000000,0.000000000,Source metric: sit_no_work_window_active
2471,632576.000000,632832.000000,256.000000,256.000000,0.000000,0.000000,256.000000,0.000000,0.000000000,Source metric: sit_no_work_window_active
2472,632832.000000,633088.000000,256.000000,256.000000,0.000000,0.000000,256.000000,0.000000,0.000000000,Source metric: sit_no_work_window_active
2473,633088.000000,633344.000000,256.000000,256.000000,0.000000,0.000000,256.000000,0.000000,0.000000000,Source metric: sit_no_work_window_active
2474,633344.000000,633600.000000,256.000000,256.000000,0.000000,0.000000,256.000000,0.000000,0.000000000,Source metric: sit_no_work_window_active
2475,633600.000000,633856.000000,256.000000,256.000000,0.000000,0.000000,256.000000,0.000000,0.000000000,Source metric: sit_no_work_window_active
2476,633856.000000,634112.000000,256.000000,256.000000,0.000000,0.000000,256.000000,0.000000,0.000000000,Source metric: sit_no_work_window_active
2477,634112.000000,634368.000000,256.000000,256.000000,0.000000,0.000000,256.000000,0.000000,0.000000000,Source metric: sit_no_work_window_active
2478,634368.000000,634624.000000,256.000000,256.000000,0.000000,0.000000,256.000000,0.000000,0.000000000,Source metric: sit_no_work_window_active
2479,634624.000000,634880.000000,256.000000,256.000000,0.000000,0.000000,256.000000,0.000000,0.000000000,Source metric: sit_no_work_window_active
2480,634880.000000,635136.000000,256.000000,256.000000,0.000000,0.000000,256.000000,0.000000,0.000000000,Source metric: sit_no_work_window_active
2481,635136.000000,635392.000000,256.000000,256.000000,0.000000,0.000000,256.000000,0.000000,0.000000000,Source metric: sit_no_work_window_active
2482,635392.000000,635648.000000,256.000000,256.000000,0.000000,0.000000,256.000000,0.000000,0.000000000,Source metric: sit_no_work_window_active
2483,635648.000000,635904.000000,256.000000,256.000000,0.000000,0.000000,256.000000,0.000000,0.000000000,Source metric: sit_no_work_window_active
2484,635904.000000,636160.000000,256.000000,256.000000,0.000000,0.000000,256.000000,0.000000,0.000000000,Source metric: sit_no_work_window_active
2485,636160.000000,636416.000000,256.000000,256.000000,0.000000,0.000000,256.000000,0.000000,0.000000000,Source metric: sit_no_work_window_active
2486,636416.000000,636672.000000,256.000000,256.000000,0.000000,0.000000,256.000000,0.000000,0.000000000,Source metric: sit_no_work_window_active
2487,636672.000000,636928.000000,256.000000,256.000000,0.000000,0.000000,256.000000,0.000000,0.000000000,Source metric: sit_no_work_window_active
2488,636928.000000,637184.000000,256.000000,256.000000,0.000000,0.000000,256.000000,0.000000,0.000000000,Source metric: sit_no_work_window_active
2489,637184.000000,637440.000000,256.000000,256.000000,0.000000,0.000000,256.000000,0.000000,0.000000000,Source metric: sit_no_work_window_active
2490,637440.000000,637696.000000,256.000000,256.000000,0.000000,0.000000,256.000000,0.000000,0.000000000,Source metric: sit_no_work_window_active
2491,637696.000000,637952.000000,256.000000,256.000000,0.000000,0.000000,256.000000,0.000000,0.000000000,Source metric: sit_no_work_window_active
2492,637952.000000,638208.000000,256.000000,256.000000,0.000000,0.000000,256.000000,0.000000,0.000000000,Source metric: sit_no_work_window_active
2493,638208.000000,638464.000000,256.000000,256.000000,0.000000,0.000000,256.000000,0.000000,0.000000000,Source metric: sit_no_work_window_active
2494,638464.000000,638720.000000,256.000000,256.000000,0.000000,0.000000,256.000000,0.000000,0.000000000,Source metric: sit_no_work_window_active
2495,638720.000000,638976.000000,256.000000,256.000000,0.000000,0.000000,256.000000,0.000000,0.000000000,Source metric: sit_no_work_window_active
2496,638976.000000,639232.000000,256.000000,256.000000,0.000000,0.000000,256.000000,0.000000,0.000000000,Source metric: sit_no_work_window_active
2497,639232.000000,639488.000000,256.000000,256.000000,0.000000,0.000000,256.000000,0.000000,0.000000000,Source metric: sit_no_work_window_active
2498,639488.000000,639744.000000,256.000000,256.000000,0.000000,0.000000,256.000000,0.000000,0.000000000,Source metric: sit_no_work_window_active
2499,639744.000000,640000.000000,256.000000,256.000000,0.000000,0.000000,256.000000,0.000000,0.000000000,Source metric: sit_no_work_window_active
2500,640000.000000,640256.000000,256.000000,256.000000,0.000000,0.000000,256.000000,0.000000,0.000000000,Source metric: sit_no_work_window_active
2501,640256.000000,640512.000000,256.000000,256.000000,0.000000,0.000000,256.000000,0.000000,0.000000000,Source metric: sit_no_work_window_active
2502,640512.000000,640768.000000,256.000000,256.000000,0.000000,0.000000,256.000000,0.000000,0.000000000,Source metric: sit_no_work_window_active
2503,640768.000000,641024.000000,256.000000,256.000000,0.000000,0.000000,256.000000,0.000000,0.000000000,Source metric: sit_no_work_window_active
2504,641024.000000,641280.000000,256.000000,256.000000,0.000000,0.000000,256.000000,0.000000,0.000000000,Source metric: sit_no_work_window_active
2505,641280.000000,641536.000000,256.000000,256.000000,0.000000,0.000000,256.000000,0.000000,0.000000000,Source metric: sit_no_work_window_active
2506,641536.000000,641792.000000,256.000000,256.000000,0.000000,0.000000,256.000000,0.000000,0.000000000,Source metric: sit_no_work_window_active
2507,641792.000000,642048.000000,256.000000,256.000000,0.000000,0.000000,256.000000,0.000000,0.000000000,Source metric: sit_no_work_window_active
2508,642048.000000,642304.000000,256.000000,256.000000,0.000000,0.000000,256.000000,0.000000,0.000000000,Source metric: sit_no_work_window_active
2509,642304.000000,642560.000000,256.000000,256.000000,0.000000,0.000000,256.000000,0.000000,0.000000000,Source metric: sit_no_work_window_active
2510,642560.000000,642816.000000,256.000000,256.000000,0.000000,0.000000,256.000000,0.000000,0.000000000,Source metric: sit_no_work_window_active
2511,642816.000000,643072.000000,256.000000,256.000000,0.000000,0.000000,256.000000,0.000000,0.000000000,Source metric: sit_no_work_window_active
2512,643072.000000,643328.000000,256.000000,256.000000,0.000000,0.000000,256.000000,0.000000,0.000000000,Source metric: sit_no_work_window_active
2513,643328.000000,643584.000000,256.000000,256.000000,0.000000,0.000000,256.000000,0.000000,0.000000000,Source metric: sit_no_work_window_active
2514,643584.000000,643840.000000,256.000000,256.000000,0.000000,0.000000,256.000000,0.000000,0.000000000,Source metric: sit_no_work_window_active
2515,643840.000000,644096.000000,256.000000,256.000000,0.000000,0.000000,256.000000,0.000000,0.000000000,Source metric: sit_no_work_window_active
2516,644096.000000,644352.000000,256.000000,256.000000,0.000000,0.000000,256.000000,0.000000,0.000000000,Source metric: sit_no_work_window_active
2517,644352.000000,644608.000000,256.000000,256.000000,0.000000,0.000000,256.000000,0.000000,0.000000000,Source metric: sit_no_work_window_active
2518,644608.000000,644864.000000,256.000000,256.000000,0.000000,0.000000,256.000000,0.000000,0.000000000,Source metric: sit_no_work_window_active
2519,644864.000000,645120.000000,256.000000,256.000000,0.000000,0.000000,256.000000,0.000000,0.000000000,Source metric: sit_no_work_window_active
2520,645120.000000,645376.000000,256.000000,256.000000,0.000000,0.000000,256.000000,0.000000,0.000000000,Source metric: sit_no_work_window_active
2521,645376.000000,645632.000000,256.000000,256.000000,0.000000,0.000000,256.000000,0.000000,0.000000000,Source metric: sit_no_work_window_active
2522,645632.000000,645888.000000,256.000000,256.000000,0.000000,0.000000,256.000000,0.000000,0.000000000,Source metric: sit_no_work_window_active
2523,645888.000000,646144.000000,256.000000,256.000000,0.000000,0.000000,256.000000,0.000000,0.000000000,Source metric: sit_no_work_window_active
2524,646144.000000,646400.000000,256.000000,256.000000,0.000000,0.000000,256.000000,0.000000,0.000000000,Source metric: sit_no_work_window_active
2525,646400.000000,646656.000000,256.000000,256.000000,0.000000,0.000000,256.000000,0.000000,0.000000000,Source metric: sit_no_work_window_active
2526,646656.000000,646912.000000,256.000000,256.000000,0.000000,0.000000,256.000000,0.000000,0.000000000,Source metric: sit_no_work_window_active
2527,646912.000000,647168.000000,256.000000,256.000000,0.000000,0.000000,256.000000,0.000000,0.000000000,Source metric: sit_no_work_window_active
2528,647168.000000,647424.000000,256.000000,256.000000,0.000000,0.000000,256.000000,0.000000,0.000000000,Source metric: sit_no_work_window_active
2529,647424.000000,647680.000000,256.000000,256.000000,0.000000,0.000000,256.000000,0.000000,0.000000000,Source metric: sit_no_work_window_active
2530,647680.000000,647936.000000,256.000000,256.000000,0.000000,0.000000,256.000000,0.000000,0.000000000,Source metric: sit_no_work_window_active
2531,647936.000000,648192.000000,256.000000,256.000000,0.000000,0.000000,256.000000,0.000000,0.000000000,Source metric: sit_no_work_window_active
2532,648192.000000,648448.000000,256.000000,256.000000,0.000000,0.000000,256.000000,0.000000,0.000000000,Source metric: sit_no_work_window_active
2533,648448.000000,648704.000000,256.000000,256.000000,0.000000,0.000000,256.000000,0.000000,0.000000000,Source metric: sit_no_work_window_active
2534,648704.000000,648960.000000,256.000000,256.000000,0.000000,0.000000,256.000000,0.000000,0.000000000,Source metric: sit_no_work_window_active
2535,648960.000000,649216.000000,256.000000,256.000000,0.000000,0.000000,256.000000,0.000000,0.000000000,Source metric: sit_no_work_window_active
2536,649216.000000,649472.000000,256.000000,256.000000,0.000000,0.000000,256.000000,0.000000,0.000000000,Source metric: sit_no_work_window_active
2537,649472.000000,649728.000000,256.000000,256.000000,0.000000,0.000000,256.000000,0.000000,0.000000000,Source metric: sit_no_work_window_active
2538,649728.000000,649984.000000,256.000000,256.000000,0.000000,0.000000,256.000000,0.000000,0.000000000,Source metric: sit_no_work_window_active
2539,649984.000000,650240.000000,256.000000,256.000000,0.000000,0.000000,256.000000,0.000000,0.000000000,Source metric: sit_no_work_window_active
2540,650240.000000,650496.000000,256.000000,256.000000,0.000000,0.000000,256.000000,0.000000,0.000000000,Source metric: sit_no_work_window_active
2541,650496.000000,650752.000000,256.000000,256.000000,0.000000,0.000000,256.000000,0.000000,0.000000000,Source metric: sit_no_work_window_active
2542,650752.000000,651008.000000,256.000000,256.000000,0.000000,0.000000,256.000000,0.000000,0.000000000,Source metric: sit_no_work_window_active
2543,651008.000000,651264.000000,256.000000,256.000000,0.000000,0.000000,256.000000,0.000000,0.000000000,Source metric: sit_no_work_window_active
2544,651264.000000,651520.000000,256.000000,256.000000,0.000000,0.000000,256.000000,0.000000,0.000000000,Source metric: sit_no_work_window_active
2545,651520.000000,651776.000000,256.000000,256.000000,0.000000,0.000000,256.000000,0.000000,0.000000000,Source metric: sit_no_work_window_active
2546,651776.000000,652032.000000,256.000000,256.000000,0.000000,0.000000,256.000000,0.000000,0.000000000,Source metric: sit_no_work_window_active
2547,652032.000000,652288.000000,256.000000,256.000000,0.000000,0.000000,256.000000,0.000000,0.000000000,Source metric: sit_no_work_window_active
2548,652288.000000,652544.000000,256.000000,256.000000,0.000000,0.000000,256.000000,0.000000,0.000000000,Source metric: sit_no_work_window_active
2549,652544.000000,652800.000000,256.000000,256.000000,0.000000,0.000000,256.000000,0.000000,0.000000000,Source metric: sit_no_work_window_active
2550,652800.000000,653056.000000,256.000000,256.000000,0.000000,0.000000,256.000000,0.000000,0.000000000,Source metric: sit_no_work_window_active
2551,653056.000000,653312.000000,256.000000,256.000000,0.000000,0.000000,256.000000,0.000000,0.000000000,Source metric: sit_no_work_window_active
2552,653312.000000,653568.000000,256.000000,256.000000,0.000000,0.000000,256.000000,0.000000,0.000000000,Source metric: sit_no_work_window_active
2553,653568.000000,653824.000000,256.000000,256.000000,0.000000,0.000000,256.000000,0.000000,0.000000000,Source metric: sit_no_work_window_active
2554,653824.000000,654080.000000,256.000000,256.000000,0.000000,0.000000,256.000000,0.000000,0.000000000,Source metric: sit_no_work_window_active
2555,654080.000000,654336.000000,256.000000,256.000000,0.000000,0.000000,256.000000,0.000000,0.000000000,Source metric: sit_no_work_window_active
2556,654336.000000,654592.000000,256.000000,256.000000,0.000000,0.000000,256.000000,0.000000,0.000000000,Source metric: sit_no_work_window_active
2557,654592.000000,654848.000000,256.000000,256.000000,0.000000,0.000000,256.000000,0.000000,0.000000000,Source metric: sit_no_work_window_active
2558,654848.000000,655104.000000,256.000000,256.000000,0.000000,0.000000,256.000000,0.000000,0.000000000,Source metric: sit_no_work_window_active
2559,655104.000000,655360.000000,256.000000,256.000000,0.000000,0.000000,256.000000,0.000000,0.000000000,Source metric: sit_no_work_window_active
2560,655360.000000,655616.000000,256.000000,256.000000,0.000000,0.000000,256.000000,0.000000,0.000000000,Source metric: sit_no_work_window_active
2561,655616.000000,655872.000000,256.000000,256.000000,0.000000,0.000000,256.000000,0.000000,0.000000000,Source metric: sit_no_work_window_active
2562,655872.000000,656128.000000,256.000000,256.000000,0.000000,0.000000,256.000000,0.000000,0.000000000,Source metric: sit_no_work_window_active
2563,656128.000000,656384.000000,256.000000,256.000000,0.000000,0.000000,256.000000,0.000000,0.000000000,Source metric: sit_no_work_window_active
2564,656384.000000,656640.000000,256.000000,256.000000,0.000000,0.000000,256.000000,0.000000,0.000000000,Source metric: sit_no_work_window_active
2565,656640.000000,656896.000000,256.000000,256.000000,0.000000,0.000000,256.000000,0.000000,0.000000000,Source metric: sit_no_work_window_active
2566,656896.000000,657152.000000,256.000000,256.000000,0.000000,0.000000,256.000000,0.000000,0.000000000,Source metric: sit_no_work_window_active
2567,657152.000000,657408.000000,256.000000,256.000000,0.000000,0.000000,256.000000,0.000000,0.000000000,Source metric: sit_no_work_window_active
2568,657408.000000,657664.000000,256.000000,256.000000,0.000000,0.000000,256.000000,0.000000,0.000000000,Source metric: sit_no_work_window_active
2569,657664.000000,657920.000000,256.000000,256.000000,0.000000,0.000000,256.000000,0.000000,0.000000000,Source metric: sit_no_work_window_active
2570,657920.000000,658176.000000,256.000000,256.000000,0.000000,0.000000,256.000000,0.000000,0.000000000,Source metric: sit_no_work_window_active
2571,658176.000000,658432.000000,256.000000,256.000000,0.000000,0.000000,256.000000,0.000000,0.000000000,Source metric: sit_no_work_window_active
2572,658432.000000,658688.000000,256.000000,256.000000,0.000000,0.000000,256.000000,0.000000,0.000000000,Source metric: sit_no_work_window_active
2573,658688.000000,658944.000000,256.000000,256.000000,0.000000,0.000000,256.000000,0.000000,0.000000000,Source metric: sit_no_work_window_active
2574,658944.000000,659200.000000,256.000000,256.000000,0.000000,0.000000,256.000000,0.000000,0.000000000,Source metric: sit_no_work_window_active
2575,659200.000000,659456.000000,256.000000,256.000000,0.000000,0.000000,256.000000,0.000000,0.000000000,Source metric: sit_no_work_window_active
2576,659456.000000,659712.000000,256.000000,256.000000,0.000000,0.000000,256.000000,0.000000,0.000000000,Source metric: sit_no_work_window_active
2577,659712.000000,659968.000000,256.000000,256.000000,0.000000,0.000000,256.000000,0.000000,0.000000000,Source metric: sit_no_work_window_active
2578,659968.000000,660224.000000,256.000000,256.000000,0.000000,0.000000,256.000000,0.000000,0.000000000,Source metric: sit_no_work_window_active
2579,660224.000000,660480.000000,256.000000,256.000000,0.000000,0.000000,256.000000,0.000000,0.000000000,Source metric: sit_no_work_window_active
2580,660480.000000,660736.000000,256.000000,256.000000,0.000000,0.000000,256.000000,0.000000,0.000000000,Source metric: sit_no_work_window_active
2581,660736.000000,660992.000000,256.000000,256.000000,0.000000,0.000000,256.000000,0.000000,0.000000000,Source metric: sit_no_work_window_active
2582,660992.000000,661248.000000,256.000000,256.000000,0.000000,0.000000,256.000000,0.000000,0.000000000,Source metric: sit_no_work_window_active
2583,661248.000000,661504.000000,256.000000,256.000000,0.000000,0.000000,256.000000,0.000000,0.000000000,Source metric: sit_no_work_window_active
2584,661504.000000,661760.000000,256.000000,256.000000,0.000000,0.000000,256.000000,0.000000,0.000000000,Source metric: sit_no_work_window_active
2585,661760.000000,662016.000000,256.000000,256.000000,0.000000,0.000000,256.000000,0.000000,0.000000000,Source metric: sit_no_work_window_active
2586,662016.000000,662272.000000,256.000000,256.000000,0.000000,0.000000,256.000000,0.000000,0.000000000,Source metric: sit_no_work_window_active
2587,662272.000000,662528.000000,256.000000,256.000000,0.000000,0.000000,256.000000,0.000000,0.000000000,Source metric: sit_no_work_window_active
2588,662528.000000,662784.000000,256.000000,256.000000,0.000000,0.000000,256.000000,0.000000,0.000000000,Source metric: sit_no_work_window_active
2589,662784.000000,663040.000000,256.000000,256.000000,0.000000,0.000000,256.000000,0.000000,0.000000000,Source metric: sit_no_work_window_active
2590,663040.000000,663296.000000,256.000000,256.000000,0.000000,0.000000,256.000000,0.000000,0.000000000,Source metric: sit_no_work_window_active
2591,663296.000000,663552.000000,256.000000,256.000000,0.000000,0.000000,256.000000,0.000000,0.000000000,Source metric: sit_no_work_window_active
2592,663552.000000,663808.000000,256.000000,256.000000,0.000000,0.000000,256.000000,0.000000,0.000000000,Source metric: sit_no_work_window_active
2593,663808.000000,664064.000000,256.000000,256.000000,0.000000,0.000000,256.000000,0.000000,0.000000000,Source metric: sit_no_work_window_active
2594,664064.000000,664320.000000,256.000000,256.000000,0.000000,0.000000,256.000000,0.000000,0.000000000,Source metric: sit_no_work_window_active
2595,664320.000000,664576.000000,256.000000,256.000000,0.000000,0.000000,256.000000,0.000000,0.000000000,Source metric: sit_no_work_window_active
2596,664576.000000,664832.000000,256.000000,256.000000,0.000000,0.000000,256.000000,0.000000,0.000000000,Source metric: sit_no_work_window_active
2597,664832.000000,665088.000000,256.000000,256.000000,0.000000,0.000000,256.000000,0.000000,0.000000000,Source metric: sit_no_work_window_active
2598,665088.000000,665344.000000,256.000000,256.000000,0.000000,0.000000,256.000000,0.000000,0.000000000,Source metric: sit_no_work_window_active
2599,665344.000000,665600.000000,256.000000,256.000000,0.000000,0.000000,256.000000,0.000000,0.000000000,Source metric: sit_no_work_window_active
2600,665600.000000,665856.000000,256.000000,256.000000,0.000000,1.000000,255.000000,0.000000,0.000000000,Source metric: sit_no_work_window_active
2601,665856.000000,666112.000000,256.000000,256.000000,0.000000,0.000000,256.000000,0.000000,0.000000000,Source metric: sit_no_work_window_active
2602,666112.000000,666368.000000,256.000000,256.000000,0.000000,0.000000,256.000000,0.000000,0.000000000,Source metric: sit_no_work_window_active
2603,666368.000000,666624.000000,256.000000,256.000000,0.000000,0.000000,256.000000,0.000000,0.000000000,Source metric: sit_no_work_window_active
2604,666624.000000,666880.000000,256.000000,256.000000,0.000000,0.000000,256.000000,0.000000,0.000000000,Source metric: sit_no_work_window_active
2605,666880.000000,667136.000000,256.000000,256.000000,0.000000,0.000000,256.000000,0.000000,0.000000000,Source metric: sit_no_work_window_active
2606,667136.000000,667392.000000,256.000000,256.000000,0.000000,0.000000,256.000000,0.000000,0.000000000,Source metric: sit_no_work_window_active
2607,667392.000000,667648.000000,256.000000,256.000000,0.000000,0.000000,256.000000,0.000000,0.000000000,Source metric: sit_no_work_window_active
2608,667648.000000,667904.000000,256.000000,256.000000,0.000000,0.000000,256.000000,0.000000,0.000000000,Source metric: sit_no_work_window_active
2609,667904.000000,668160.000000,256.000000,256.000000,0.000000,0.000000,256.000000,0.000000,0.000000000,Source metric: sit_no_work_window_active
2610,668160.000000,668416.000000,256.000000,256.000000,0.000000,0.000000,256.000000,0.000000,0.000000000,Source metric: sit_no_work_window_active
2611,668416.000000,668672.000000,256.000000,256.000000,0.000000,0.000000,256.000000,0.000000,0.000000000,Source metric: sit_no_work_window_active
2612,668672.000000,668928.000000,256.000000,256.000000,0.000000,0.000000,256.000000,0.000000,0.000000000,Source metric: sit_no_work_window_active
2613,668928.000000,669184.000000,256.000000,256.000000,0.000000,0.000000,256.000000,0.000000,0.000000000,Source metric: sit_no_work_window_active
2614,669184.000000,669440.000000,256.000000,256.000000,0.000000,0.000000,256.000000,0.000000,0.000000000,Source metric: sit_no_work_window_active
2615,669440.000000,669696.000000,256.000000,256.000000,0.000000,0.000000,256.000000,0.000000,0.000000000,Source metric: sit_no_work_window_active
2616,669696.000000,669952.000000,256.000000,256.000000,0.000000,0.000000,256.000000,0.000000,0.000000000,Source metric: sit_no_work_window_active
2617,669952.000000,670208.000000,256.000000,256.000000,0.000000,0.000000,256.000000,0.000000,0.000000000,Source metric: sit_no_work_window_active
2618,670208.000000,670464.000000,256.000000,256.000000,0.000000,0.000000,256.000000,0.000000,0.000000000,Source metric: sit_no_work_window_active
2619,670464.000000,670720.000000,256.000000,256.000000,0.000000,0.000000,256.000000,0.000000,0.000000000,Source metric: sit_no_work_window_active
2620,670720.000000,670976.000000,256.000000,256.000000,0.000000,0.000000,256.000000,0.000000,0.000000000,Source metric: sit_no_work_window_active
2621,670976.000000,671232.000000,256.000000,256.000000,0.000000,0.000000,256.000000,0.000000,0.000000000,Source metric: sit_no_work_window_active
2622,671232.000000,671488.000000,256.000000,256.000000,0.000000,0.000000,256.000000,0.000000,0.000000000,Source metric: sit_no_work_window_active
2623,671488.000000,671744.000000,256.000000,256.000000,0.000000,0.000000,256.000000,0.000000,0.000000000,Source metric: sit_no_work_window_active
2624,671744.000000,672000.000000,256.000000,256.000000,0.000000,0.000000,256.000000,0.000000,0.000000000,Source metric: sit_no_work_window_active
2625,672000.000000,672256.000000,256.000000,256.000000,0.000000,0.000000,256.000000,0.000000,0.000000000,Source metric: sit_no_work_window_active
2626,672256.000000,672512.000000,256.000000,256.000000,0.000000,0.000000,256.000000,0.000000,0.000000000,Source metric: sit_no_work_window_active
2627,672512.000000,672768.000000,256.000000,256.000000,0.000000,0.000000,256.000000,0.000000,0.000000000,Source metric: sit_no_work_window_active
2628,672768.000000,673024.000000,256.000000,256.000000,0.000000,0.000000,256.000000,0.000000,0.000000000,Source metric: sit_no_work_window_active
2629,673024.000000,673280.000000,256.000000,256.000000,0.000000,0.000000,256.000000,0.000000,0.000000000,Source metric: sit_no_work_window_active
2630,673280.000000,673536.000000,256.000000,256.000000,0.000000,0.000000,256.000000,0.000000,0.000000000,Source metric: sit_no_work_window_active
2631,673536.000000,673792.000000,256.000000,256.000000,0.000000,0.000000,256.000000,0.000000,0.000000000,Source metric: sit_no_work_window_active
2632,673792.000000,674048.000000,256.000000,256.000000,0.000000,0.000000,256.000000,0.000000,0.000000000,Source metric: sit_no_work_window_active
2633,674048.000000,674304.000000,256.000000,256.000000,0.000000,0.000000,256.000000,0.000000,0.000000000,Source metric: sit_no_work_window_active
2634,674304.000000,674560.000000,256.000000,256.000000,0.000000,0.000000,256.000000,0.000000,0.000000000,Source metric: sit_no_work_window_active
2635,674560.000000,674816.000000,256.000000,256.000000,2.000000,3.000000,251.000000,0.000000,0.007812500,Source metric: sit_no_work_window_active
2636,674816.000000,675072.000000,256.000000,256.000000,0.000000,256.000000,0.000000,0.000000,0.000000000,Source metric: sit_no_work_window_active
2637,675072.000000,675328.000000,256.000000,256.000000,0.000000,256.000000,0.000000,0.000000,0.000000000,Source metric: sit_no_work_window_active
2638,675328.000000,675584.000000,256.000000,256.000000,0.000000,256.000000,0.000000,0.000000,0.000000000,Source metric: sit_no_work_window_active
2639,675584.000000,675840.000000,256.000000,256.000000,0.000000,256.000000,0.000000,0.000000,0.000000000,Source metric: sit_no_work_window_active
2640,675840.000000,676096.000000,256.000000,256.000000,0.000000,256.000000,0.000000,0.000000,0.000000000,Source metric: sit_no_work_window_active
2641,676096.000000,676352.000000,256.000000,256.000000,0.000000,256.000000,0.000000,0.000000,0.000000000,Source metric: sit_no_work_window_active
2642,676352.000000,676608.000000,256.000000,256.000000,0.000000,256.000000,0.000000,0.000000,0.000000000,Source metric: sit_no_work_window_active
2643,676608.000000,676864.000000,256.000000,256.000000,0.000000,256.000000,0.000000,0.000000,0.000000000,Source metric: sit_no_work_window_active
2644,676864.000000,677120.000000,256.000000,256.000000,0.000000,256.000000,0.000000,0.000000,0.000000000,Source metric: sit_no_work_window_active
2645,677120.000000,677376.000000,256.000000,256.000000,0.000000,256.000000,0.000000,0.000000,0.000000000,Source metric: sit_no_work_window_active
2646,677376.000000,677632.000000,256.000000,256.000000,4.000000,159.000000,93.000000,0.000000,0.015625000,Source metric: sit_no_work_window_active
2647,677632.000000,677888.000000,256.000000,256.000000,0.000000,0.000000,256.000000,0.000000,0.000000000,Source metric: sit_no_work_window_active
2648,677888.000000,678144.000000,256.000000,256.000000,0.000000,0.000000,256.000000,0.000000,0.000000000,Source metric: sit_no_work_window_active
2649,678144.000000,678400.000000,256.000000,256.000000,0.000000,0.000000,256.000000,0.000000,0.000000000,Source metric: sit_no_work_window_active
2650,678400.000000,678656.000000,256.000000,256.000000,0.000000,0.000000,256.000000,0.000000,0.000000000,Source metric: sit_no_work_window_active
2651,678656.000000,678912.000000,256.000000,256.000000,0.000000,0.000000,256.000000,0.000000,0.000000000,Source metric: sit_no_work_window_active
2652,678912.000000,679168.000000,256.000000,256.000000,0.000000,0.000000,256.000000,0.000000,0.000000000,Source metric: sit_no_work_window_active
2653,679168.000000,679424.000000,256.000000,256.000000,0.000000,0.000000,256.000000,0.000000,0.000000000,Source metric: sit_no_work_window_active
2654,679424.000000,679680.000000,256.000000,256.000000,0.000000,0.000000,256.000000,0.000000,0.000000000,Source metric: sit_no_work_window_active
2655,679680.000000,679936.000000,256.000000,256.000000,0.000000,0.000000,256.000000,0.000000,0.000000000,Source metric: sit_no_work_window_active
2656,679936.000000,680192.000000,256.000000,256.000000,0.000000,0.000000,256.000000,0.000000,0.000000000,Source metric: sit_no_work_window_active
2657,680192.000000,680448.000000,256.000000,256.000000,0.000000,0.000000,256.000000,0.000000,0.000000000,Source metric: sit_no_work_window_active
2658,680448.000000,680704.000000,256.000000,256.000000,0.000000,0.000000,256.000000,0.000000,0.000000000,Source metric: sit_no_work_window_active
2659,680704.000000,680960.000000,256.000000,256.000000,0.000000,0.000000,256.000000,0.000000,0.000000000,Source metric: sit_no_work_window_active
2660,680960.000000,681216.000000,256.000000,256.000000,0.000000,0.000000,256.000000,0.000000,0.000000000,Source metric: sit_no_work_window_active
2661,681216.000000,681472.000000,256.000000,256.000000,0.000000,0.000000,256.000000,0.000000,0.000000000,Source metric: sit_no_work_window_active
2662,681472.000000,681728.000000,256.000000,256.000000,0.000000,0.000000,256.000000,0.000000,0.000000000,Source metric: sit_no_work_window_active
2663,681728.000000,681984.000000,256.000000,256.000000,0.000000,0.000000,256.000000,0.000000,0.000000000,Source metric: sit_no_work_window_active
2664,681984.000000,682240.000000,256.000000,256.000000,0.000000,0.000000,256.000000,0.000000,0.000000000,Source metric: sit_no_work_window_active
2665,682240.000000,682496.000000,256.000000,256.000000,0.000000,0.000000,256.000000,0.000000,0.000000000,Source metric: sit_no_work_window_active
2666,682496.000000,682752.000000,256.000000,256.000000,0.000000,0.000000,256.000000,0.000000,0.000000000,Source metric: sit_no_work_window_active
2667,682752.000000,683008.000000,256.000000,256.000000,0.000000,0.000000,256.000000,0.000000,0.000000000,Source metric: sit_no_work_window_active
2668,683008.000000,683264.000000,256.000000,256.000000,0.000000,0.000000,256.000000,0.000000,0.000000000,Source metric: sit_no_work_window_active
2669,683264.000000,683520.000000,256.000000,256.000000,0.000000,0.000000,256.000000,0.000000,0.000000000,Source metric: sit_no_work_window_active
2670,683520.000000,683776.000000,256.000000,256.000000,0.000000,0.000000,256.000000,0.000000,0.000000000,Source metric: sit_no_work_window_active
2671,683776.000000,684032.000000,256.000000,256.000000,0.000000,0.000000,256.000000,0.000000,0.000000000,Source metric: sit_no_work_window_active
2672,684032.000000,684288.000000,256.000000,256.000000,0.000000,0.000000,256.000000,0.000000,0.000000000,Source metric: sit_no_work_window_active
2673,684288.000000,684544.000000,256.000000,256.000000,0.000000,0.000000,256.000000,0.000000,0.000000000,Source metric: sit_no_work_window_active
2674,684544.000000,684800.000000,256.000000,256.000000,0.000000,0.000000,256.000000,0.000000,0.000000000,Source metric: sit_no_work_window_active
2675,684800.000000,685056.000000,256.000000,256.000000,0.000000,0.000000,256.000000,0.000000,0.000000000,Source metric: sit_no_work_window_active
2676,685056.000000,685312.000000,256.000000,256.000000,0.000000,0.000000,256.000000,0.000000,0.000000000,Source metric: sit_no_work_window_active
2677,685312.000000,685568.000000,256.000000,256.000000,0.000000,0.000000,256.000000,0.000000,0.000000000,Source metric: sit_no_work_window_active
2678,685568.000000,685824.000000,256.000000,256.000000,0.000000,0.000000,256.000000,0.000000,0.000000000,Source metric: sit_no_work_window_active
2679,685824.000000,686080.000000,256.000000,256.000000,0.000000,0.000000,256.000000,0.000000,0.000000000,Source metric: sit_no_work_window_active
2680,686080.000000,686336.000000,256.000000,256.000000,0.000000,0.000000,256.000000,0.000000,0.000000000,Source metric: sit_no_work_window_active
2681,686336.000000,686592.000000,256.000000,256.000000,0.000000,0.000000,256.000000,0.000000,0.000000000,Source metric: sit_no_work_window_active
2682,686592.000000,686848.000000,256.000000,256.000000,0.000000,0.000000,256.000000,0.000000,0.000000000,Source metric: sit_no_work_window_active
2683,686848.000000,687104.000000,256.000000,256.000000,0.000000,0.000000,256.000000,0.000000,0.000000000,Source metric: sit_no_work_window_active
2684,687104.000000,687360.000000,256.000000,256.000000,0.000000,0.000000,256.000000,0.000000,0.000000000,Source metric: sit_no_work_window_active
2685,687360.000000,687616.000000,256.000000,256.000000,0.000000,0.000000,256.000000,0.000000,0.000000000,Source metric: sit_no_work_window_active
2686,687616.000000,687872.000000,256.000000,256.000000,0.000000,0.000000,256.000000,0.000000,0.000000000,Source metric: sit_no_work_window_active
2687,687872.000000,688128.000000,256.000000,256.000000,0.000000,0.000000,256.000000,0.000000,0.000000000,Source metric: sit_no_work_window_active
2688,688128.000000,688384.000000,256.000000,256.000000,0.000000,0.000000,256.000000,0.000000,0.000000000,Source metric: sit_no_work_window_active
2689,688384.000000,688640.000000,256.000000,256.000000,0.000000,0.000000,256.000000,0.000000,0.000000000,Source metric: sit_no_work_window_active
2690,688640.000000,688896.000000,256.000000,256.000000,0.000000,0.000000,256.000000,0.000000,0.000000000,Source metric: sit_no_work_window_active
2691,688896.000000,689152.000000,256.000000,256.000000,0.000000,0.000000,256.000000,0.000000,0.000000000,Source metric: sit_no_work_window_active
2692,689152.000000,689408.000000,256.000000,256.000000,0.000000,0.000000,256.000000,0.000000,0.000000000,Source metric: sit_no_work_window_active
2693,689408.000000,689664.000000,256.000000,256.000000,0.000000,0.000000,256.000000,0.000000,0.000000000,Source metric: sit_no_work_window_active
2694,689664.000000,689920.000000,256.000000,256.000000,0.000000,0.000000,256.000000,0.000000,0.000000000,Source metric: sit_no_work_window_active
2695,689920.000000,690176.000000,256.000000,256.000000,0.000000,0.000000,256.000000,0.000000,0.000000000,Source metric: sit_no_work_window_active
2696,690176.000000,690432.000000,256.000000,256.000000,0.000000,0.000000,256.000000,0.000000,0.000000000,Source metric: sit_no_work_window_active
2697,690432.000000,690688.000000,256.000000,256.000000,0.000000,0.000000,256.000000,0.000000,0.000000000,Source metric: sit_no_work_window_active
2698,690688.000000,690944.000000,256.000000,256.000000,0.000000,0.000000,256.000000,0.000000,0.000000000,Source metric: sit_no_work_window_active
2699,690944.000000,691200.000000,256.000000,256.000000,0.000000,0.000000,256.000000,0.000000,0.000000000,Source metric: sit_no_work_window_active
2700,691200.000000,691456.000000,256.000000,256.000000,0.000000,0.000000,256.000000,0.000000,0.000000000,Source metric: sit_no_work_window_active
2701,691456.000000,691712.000000,256.000000,256.000000,0.000000,0.000000,256.000000,0.000000,0.000000000,Source metric: sit_no_work_window_active
2702,691712.000000,691968.000000,256.000000,256.000000,0.000000,0.000000,256.000000,0.000000,0.000000000,Source metric: sit_no_work_window_active
2703,691968.000000,692224.000000,256.000000,256.000000,0.000000,0.000000,256.000000,0.000000,0.000000000,Source metric: sit_no_work_window_active
2704,692224.000000,692480.000000,256.000000,256.000000,0.000000,0.000000,256.000000,0.000000,0.000000000,Source metric: sit_no_work_window_active
2705,692480.000000,692736.000000,256.000000,256.000000,0.000000,0.000000,256.000000,0.000000,0.000000000,Source metric: sit_no_work_window_active
2706,692736.000000,692992.000000,256.000000,256.000000,0.000000,0.000000,256.000000,0.000000,0.000000000,Source metric: sit_no_work_window_active
2707,692992.000000,693248.000000,256.000000,256.000000,0.000000,0.000000,256.000000,0.000000,0.000000000,Source metric: sit_no_work_window_active
2708,693248.000000,693504.000000,256.000000,256.000000,4.000000,3.000000,249.000000,0.000000,0.015625000,Source metric: sit_no_work_window_active
2709,693504.000000,693760.000000,256.000000,256.000000,0.000000,0.000000,256.000000,0.000000,0.000000000,Source metric: sit_no_work_window_active
2710,693760.000000,694016.000000,256.000000,256.000000,0.000000,0.000000,256.000000,0.000000,0.000000000,Source metric: sit_no_work_window_active
2711,694016.000000,694272.000000,256.000000,256.000000,0.000000,0.000000,256.000000,0.000000,0.000000000,Source metric: sit_no_work_window_active
2712,694272.000000,694528.000000,256.000000,256.000000,0.000000,0.000000,256.000000,0.000000,0.000000000,Source metric: sit_no_work_window_active
2713,694528.000000,694784.000000,256.000000,256.000000,0.000000,0.000000,256.000000,0.000000,0.000000000,Source metric: sit_no_work_window_active
2714,694784.000000,695040.000000,256.000000,256.000000,0.000000,0.000000,256.000000,0.000000,0.000000000,Source metric: sit_no_work_window_active
2715,695040.000000,695296.000000,256.000000,256.000000,0.000000,0.000000,256.000000,0.000000,0.000000000,Source metric: sit_no_work_window_active
2716,695296.000000,695552.000000,256.000000,256.000000,0.000000,0.000000,256.000000,0.000000,0.000000000,Source metric: sit_no_work_window_active
2717,695552.000000,695808.000000,256.000000,256.000000,0.000000,0.000000,256.000000,0.000000,0.000000000,Source metric: sit_no_work_window_active
2718,695808.000000,696064.000000,256.000000,256.000000,0.000000,0.000000,256.000000,0.000000,0.000000000,Source metric: sit_no_work_window_active
2719,696064.000000,696320.000000,256.000000,256.000000,0.000000,0.000000,256.000000,0.000000,0.000000000,Source metric: sit_no_work_window_active
2720,696320.000000,696576.000000,256.000000,256.000000,0.000000,0.000000,256.000000,0.000000,0.000000000,Source metric: sit_no_work_window_active
2721,696576.000000,696832.000000,256.000000,256.000000,0.000000,0.000000,256.000000,0.000000,0.000000000,Source metric: sit_no_work_window_active
2722,696832.000000,697088.000000,256.000000,256.000000,0.000000,0.000000,256.000000,0.000000,0.000000000,Source metric: sit_no_work_window_active
2723,697088.000000,697344.000000,256.000000,256.000000,0.000000,0.000000,256.000000,0.000000,0.000000000,Source metric: sit_no_work_window_active
2724,697344.000000,697600.000000,256.000000,256.000000,0.000000,0.000000,256.000000,0.000000,0.000000000,Source metric: sit_no_work_window_active
2725,697600.000000,697856.000000,256.000000,256.000000,0.000000,0.000000,256.000000,0.000000,0.000000000,Source metric: sit_no_work_window_active
2726,697856.000000,698112.000000,256.000000,256.000000,0.000000,0.000000,256.000000,0.000000,0.000000000,Source metric: sit_no_work_window_active
2727,698112.000000,698368.000000,256.000000,256.000000,0.000000,0.000000,256.000000,0.000000,0.000000000,Source metric: sit_no_work_window_active
2728,698368.000000,698624.000000,256.000000,256.000000,0.000000,0.000000,256.000000,0.000000,0.000000000,Source metric: sit_no_work_window_active
2729,698624.000000,698880.000000,256.000000,256.000000,0.000000,0.000000,256.000000,0.000000,0.000000000,Source metric: sit_no_work_window_active
2730,698880.000000,699136.000000,256.000000,256.000000,0.000000,0.000000,256.000000,0.000000,0.000000000,Source metric: sit_no_work_window_active
2731,699136.000000,699392.000000,256.000000,256.000000,0.000000,0.000000,256.000000,0.000000,0.000000000,Source metric: sit_no_work_window_active
2732,699392.000000,699648.000000,256.000000,256.000000,0.000000,0.000000,256.000000,0.000000,0.000000000,Source metric: sit_no_work_window_active
2733,699648.000000,699904.000000,256.000000,256.000000,0.000000,0.000000,256.000000,0.000000,0.000000000,Source metric: sit_no_work_window_active
2734,699904.000000,700160.000000,256.000000,256.000000,0.000000,0.000000,256.000000,0.000000,0.000000000,Source metric: sit_no_work_window_active
2735,700160.000000,700416.000000,256.000000,256.000000,0.000000,0.000000,256.000000,0.000000,0.000000000,Source metric: sit_no_work_window_active
2736,700416.000000,700672.000000,256.000000,256.000000,0.000000,0.000000,256.000000,0.000000,0.000000000,Source metric: sit_no_work_window_active
2737,700672.000000,700928.000000,256.000000,256.000000,0.000000,0.000000,256.000000,0.000000,0.000000000,Source metric: sit_no_work_window_active
2738,700928.000000,701184.000000,256.000000,256.000000,0.000000,0.000000,256.000000,0.000000,0.000000000,Source metric: sit_no_work_window_active
2739,701184.000000,701440.000000,256.000000,256.000000,0.000000,0.000000,256.000000,0.000000,0.000000000,Source metric: sit_no_work_window_active
2740,701440.000000,701696.000000,256.000000,256.000000,0.000000,0.000000,256.000000,0.000000,0.000000000,Source metric: sit_no_work_window_active
2741,701696.000000,701952.000000,256.000000,256.000000,0.000000,0.000000,256.000000,0.000000,0.000000000,Source metric: sit_no_work_window_active
2742,701952.000000,702208.000000,256.000000,256.000000,0.000000,0.000000,256.000000,0.000000,0.000000000,Source metric: sit_no_work_window_active
2743,702208.000000,702464.000000,256.000000,256.000000,0.000000,0.000000,256.000000,0.000000,0.000000000,Source metric: sit_no_work_window_active
2744,702464.000000,702720.000000,256.000000,256.000000,0.000000,0.000000,256.000000,0.000000,0.000000000,Source metric: sit_no_work_window_active
2745,702720.000000,702976.000000,256.000000,256.000000,0.000000,0.000000,256.000000,0.000000,0.000000000,Source metric: sit_no_work_window_active
2746,702976.000000,703232.000000,256.000000,256.000000,0.000000,0.000000,256.000000,0.000000,0.000000000,Source metric: sit_no_work_window_active
2747,703232.000000,703488.000000,256.000000,256.000000,0.000000,0.000000,256.000000,0.000000,0.000000000,Source metric: sit_no_work_window_active
2748,703488.000000,703744.000000,256.000000,256.000000,0.000000,0.000000,256.000000,0.000000,0.000000000,Source metric: sit_no_work_window_active
2749,703744.000000,704000.000000,256.000000,256.000000,0.000000,0.000000,256.000000,0.000000,0.000000000,Source metric: sit_no_work_window_active
2750,704000.000000,704256.000000,256.000000,256.000000,0.000000,0.000000,256.000000,0.000000,0.000000000,Source metric: sit_no_work_window_active
2751,704256.000000,704512.000000,256.000000,256.000000,0.000000,0.000000,256.000000,0.000000,0.000000000,Source metric: sit_no_work_window_active
2752,704512.000000,704768.000000,256.000000,256.000000,0.000000,0.000000,256.000000,0.000000,0.000000000,Source metric: sit_no_work_window_active
2753,704768.000000,705024.000000,256.000000,256.000000,0.000000,0.000000,256.000000,0.000000,0.000000000,Source metric: sit_no_work_window_active
2754,705024.000000,705280.000000,256.000000,256.000000,0.000000,0.000000,256.000000,0.000000,0.000000000,Source metric: sit_no_work_window_active
2755,705280.000000,705536.000000,256.000000,256.000000,0.000000,0.000000,256.000000,0.000000,0.000000000,Source metric: sit_no_work_window_active
2756,705536.000000,705792.000000,256.000000,256.000000,0.000000,0.000000,256.000000,0.000000,0.000000000,Source metric: sit_no_work_window_active
2757,705792.000000,706048.000000,256.000000,256.000000,0.000000,0.000000,256.000000,0.000000,0.000000000,Source metric: sit_no_work_window_active
2758,706048.000000,706304.000000,256.000000,256.000000,0.000000,0.000000,256.000000,0.000000,0.000000000,Source metric: sit_no_work_window_active
2759,706304.000000,706560.000000,256.000000,256.000000,0.000000,0.000000,256.000000,0.000000,0.000000000,Source metric: sit_no_work_window_active
2760,706560.000000,706816.000000,256.000000,256.000000,0.000000,0.000000,256.000000,0.000000,0.000000000,Source metric: sit_no_work_window_active
2761,706816.000000,707072.000000,256.000000,256.000000,0.000000,0.000000,256.000000,0.000000,0.000000000,Source metric: sit_no_work_window_active
2762,707072.000000,707328.000000,256.000000,256.000000,0.000000,0.000000,256.000000,0.000000,0.000000000,Source metric: sit_no_work_window_active
2763,707328.000000,707584.000000,256.000000,256.000000,0.000000,0.000000,256.000000,0.000000,0.000000000,Source metric: sit_no_work_window_active
2764,707584.000000,707840.000000,256.000000,256.000000,0.000000,0.000000,256.000000,0.000000,0.000000000,Source metric: sit_no_work_window_active
2765,707840.000000,708096.000000,256.000000,256.000000,0.000000,0.000000,256.000000,0.000000,0.000000000,Source metric: sit_no_work_window_active
2766,708096.000000,708352.000000,256.000000,256.000000,0.000000,0.000000,256.000000,0.000000,0.000000000,Source metric: sit_no_work_window_active
2767,708352.000000,708608.000000,256.000000,256.000000,0.000000,0.000000,256.000000,0.000000,0.000000000,Source metric: sit_no_work_window_active
2768,708608.000000,708864.000000,256.000000,256.000000,0.000000,0.000000,256.000000,0.000000,0.000000000,Source metric: sit_no_work_window_active
2769,708864.000000,709120.000000,256.000000,256.000000,0.000000,0.000000,256.000000,0.000000,0.000000000,Source metric: sit_no_work_window_active
2770,709120.000000,709376.000000,256.000000,256.000000,0.000000,0.000000,256.000000,0.000000,0.000000000,Source metric: sit_no_work_window_active
2771,709376.000000,709632.000000,256.000000,256.000000,0.000000,0.000000,256.000000,0.000000,0.000000000,Source metric: sit_no_work_window_active
2772,709632.000000,709888.000000,256.000000,256.000000,0.000000,0.000000,256.000000,0.000000,0.000000000,Source metric: sit_no_work_window_active
2773,709888.000000,710144.000000,256.000000,256.000000,0.000000,0.000000,256.000000,0.000000,0.000000000,Source metric: sit_no_work_window_active
2774,710144.000000,710400.000000,256.000000,256.000000,0.000000,0.000000,256.000000,0.000000,0.000000000,Source metric: sit_no_work_window_active
2775,710400.000000,710656.000000,256.000000,256.000000,0.000000,0.000000,256.000000,0.000000,0.000000000,Source metric: sit_no_work_window_active
2776,710656.000000,710912.000000,256.000000,256.000000,0.000000,0.000000,256.000000,0.000000,0.000000000,Source metric: sit_no_work_window_active
2777,710912.000000,711168.000000,256.000000,256.000000,0.000000,0.000000,256.000000,0.000000,0.000000000,Source metric: sit_no_work_window_active
2778,711168.000000,711424.000000,256.000000,256.000000,0.000000,0.000000,256.000000,0.000000,0.000000000,Source metric: sit_no_work_window_active
2779,711424.000000,711680.000000,256.000000,256.000000,0.000000,0.000000,256.000000,0.000000,0.000000000,Source metric: sit_no_work_window_active
2780,711680.000000,711936.000000,256.000000,256.000000,0.000000,0.000000,256.000000,0.000000,0.000000000,Source metric: sit_no_work_window_active
2781,711936.000000,712192.000000,256.000000,256.000000,0.000000,0.000000,256.000000,0.000000,0.000000000,Source metric: sit_no_work_window_active
2782,712192.000000,712448.000000,256.000000,256.000000,0.000000,0.000000,256.000000,0.000000,0.000000000,Source metric: sit_no_work_window_active
2783,712448.000000,712704.000000,256.000000,256.000000,0.000000,0.000000,256.000000,0.000000,0.000000000,Source metric: sit_no_work_window_active
2784,712704.000000,712960.000000,256.000000,256.000000,0.000000,0.000000,256.000000,0.000000,0.000000000,Source metric: sit_no_work_window_active
2785,712960.000000,713216.000000,256.000000,256.000000,0.000000,0.000000,256.000000,0.000000,0.000000000,Source metric: sit_no_work_window_active
2786,713216.000000,713472.000000,256.000000,256.000000,0.000000,0.000000,256.000000,0.000000,0.000000000,Source metric: sit_no_work_window_active
2787,713472.000000,713728.000000,256.000000,256.000000,0.000000,0.000000,256.000000,0.000000,0.000000000,Source metric: sit_no_work_window_active
2788,713728.000000,713984.000000,256.000000,256.000000,0.000000,0.000000,256.000000,0.000000,0.000000000,Source metric: sit_no_work_window_active
2789,713984.000000,714240.000000,256.000000,256.000000,0.000000,0.000000,256.000000,0.000000,0.000000000,Source metric: sit_no_work_window_active
2790,714240.000000,714496.000000,256.000000,256.000000,0.000000,0.000000,256.000000,0.000000,0.000000000,Source metric: sit_no_work_window_active
2791,714496.000000,714752.000000,256.000000,256.000000,0.000000,0.000000,256.000000,0.000000,0.000000000,Source metric: sit_no_work_window_active
2792,714752.000000,715008.000000,256.000000,256.000000,0.000000,0.000000,256.000000,0.000000,0.000000000,Source metric: sit_no_work_window_active
2793,715008.000000,715264.000000,256.000000,256.000000,0.000000,0.000000,256.000000,0.000000,0.000000000,Source metric: sit_no_work_window_active
2794,715264.000000,715520.000000,256.000000,256.000000,0.000000,0.000000,256.000000,0.000000,0.000000000,Source metric: sit_no_work_window_active
2795,715520.000000,715776.000000,256.000000,256.000000,0.000000,0.000000,256.000000,0.000000,0.000000000,Source metric: sit_no_work_window_active
2796,715776.000000,716032.000000,256.000000,256.000000,0.000000,0.000000,256.000000,0.000000,0.000000000,Source metric: sit_no_work_window_active
2797,716032.000000,716288.000000,256.000000,256.000000,0.000000,0.000000,256.000000,0.000000,0.000000000,Source metric: sit_no_work_window_active
2798,716288.000000,716544.000000,256.000000,256.000000,0.000000,0.000000,256.000000,0.000000,0.000000000,Source metric: sit_no_work_window_active
2799,716544.000000,716800.000000,256.000000,256.000000,0.000000,0.000000,256.000000,0.000000,0.000000000,Source metric: sit_no_work_window_active
2800,716800.000000,717056.000000,256.000000,256.000000,0.000000,0.000000,256.000000,0.000000,0.000000000,Source metric: sit_no_work_window_active
2801,717056.000000,717312.000000,256.000000,256.000000,0.000000,0.000000,256.000000,0.000000,0.000000000,Source metric: sit_no_work_window_active
2802,717312.000000,717568.000000,256.000000,256.000000,0.000000,0.000000,256.000000,0.000000,0.000000000,Source metric: sit_no_work_window_active
2803,717568.000000,717824.000000,256.000000,256.000000,0.000000,0.000000,256.000000,0.000000,0.000000000,Source metric: sit_no_work_window_active
2804,717824.000000,718080.000000,256.000000,256.000000,0.000000,0.000000,256.000000,0.000000,0.000000000,Source metric: sit_no_work_window_active
2805,718080.000000,718336.000000,256.000000,256.000000,0.000000,0.000000,256.000000,0.000000,0.000000000,Source metric: sit_no_work_window_active
2806,718336.000000,718592.000000,256.000000,256.000000,0.000000,0.000000,256.000000,0.000000,0.000000000,Source metric: sit_no_work_window_active
2807,718592.000000,718848.000000,256.000000,256.000000,0.000000,0.000000,256.000000,0.000000,0.000000000,Source metric: sit_no_work_window_active
2808,718848.000000,719104.000000,256.000000,256.000000,0.000000,0.000000,256.000000,0.000000,0.000000000,Source metric: sit_no_work_window_active
2809,719104.000000,719360.000000,256.000000,256.000000,0.000000,0.000000,256.000000,0.000000,0.000000000,Source metric: sit_no_work_window_active
2810,719360.000000,719616.000000,256.000000,256.000000,0.000000,0.000000,256.000000,0.000000,0.000000000,Source metric: sit_no_work_window_active
2811,719616.000000,719872.000000,256.000000,256.000000,0.000000,0.000000,256.000000,0.000000,0.000000000,Source metric: sit_no_work_window_active
2812,719872.000000,720128.000000,256.000000,256.000000,0.000000,0.000000,256.000000,0.000000,0.000000000,Source metric: sit_no_work_window_active
2813,720128.000000,720384.000000,256.000000,256.000000,0.000000,0.000000,256.000000,0.000000,0.000000000,Source metric: sit_no_work_window_active
2814,720384.000000,720640.000000,256.000000,256.000000,0.000000,0.000000,256.000000,0.000000,0.000000000,Source metric: sit_no_work_window_active
2815,720640.000000,720896.000000,256.000000,256.000000,0.000000,0.000000,256.000000,0.000000,0.000000000,Source metric: sit_no_work_window_active
2816,720896.000000,721152.000000,256.000000,256.000000,0.000000,0.000000,256.000000,0.000000,0.000000000,Source metric: sit_no_work_window_active
2817,721152.000000,721408.000000,256.000000,256.000000,0.000000,0.000000,256.000000,0.000000,0.000000000,Source metric: sit_no_work_window_active
2818,721408.000000,721664.000000,256.000000,256.000000,0.000000,0.000000,256.000000,0.000000,0.000000000,Source metric: sit_no_work_window_active
2819,721664.000000,721920.000000,256.000000,256.000000,0.000000,0.000000,256.000000,0.000000,0.000000000,Source metric: sit_no_work_window_active
2820,721920.000000,722176.000000,256.000000,256.000000,0.000000,0.000000,256.000000,0.000000,0.000000000,Source metric: sit_no_work_window_active
2821,722176.000000,722432.000000,256.000000,256.000000,0.000000,0.000000,256.000000,0.000000,0.000000000,Source metric: sit_no_work_window_active
2822,722432.000000,722688.000000,256.000000,256.000000,0.000000,0.000000,256.000000,0.000000,0.000000000,Source metric: sit_no_work_window_active
2823,722688.000000,722944.000000,256.000000,256.000000,0.000000,0.000000,256.000000,0.000000,0.000000000,Source metric: sit_no_work_window_active
2824,722944.000000,723200.000000,256.000000,256.000000,0.000000,0.000000,256.000000,0.000000,0.000000000,Source metric: sit_no_work_window_active
2825,723200.000000,723456.000000,256.000000,256.000000,0.000000,0.000000,256.000000,0.000000,0.000000000,Source metric: sit_no_work_window_active
2826,723456.000000,723712.000000,256.000000,256.000000,0.000000,0.000000,256.000000,0.000000,0.000000000,Source metric: sit_no_work_window_active
2827,723712.000000,723968.000000,256.000000,256.000000,0.000000,0.000000,256.000000,0.000000,0.000000000,Source metric: sit_no_work_window_active
2828,723968.000000,724224.000000,256.000000,256.000000,0.000000,0.000000,256.000000,0.000000,0.000000000,Source metric: sit_no_work_window_active
2829,724224.000000,724480.000000,256.000000,256.000000,0.000000,0.000000,256.000000,0.000000,0.000000000,Source metric: sit_no_work_window_active
2830,724480.000000,724736.000000,256.000000,256.000000,0.000000,0.000000,256.000000,0.000000,0.000000000,Source metric: sit_no_work_window_active
2831,724736.000000,724992.000000,256.000000,256.000000,0.000000,0.000000,256.000000,0.000000,0.000000000,Source metric: sit_no_work_window_active
2832,724992.000000,725248.000000,256.000000,256.000000,4.000000,3.000000,249.000000,0.000000,0.015625000,Source metric: sit_no_work_window_active
2833,725248.000000,725504.000000,256.000000,256.000000,0.000000,0.000000,256.000000,0.000000,0.000000000,Source metric: sit_no_work_window_active
2834,725504.000000,725760.000000,256.000000,256.000000,0.000000,0.000000,256.000000,0.000000,0.000000000,Source metric: sit_no_work_window_active
2835,725760.000000,726016.000000,256.000000,256.000000,0.000000,0.000000,256.000000,0.000000,0.000000000,Source metric: sit_no_work_window_active
2836,726016.000000,726272.000000,256.000000,256.000000,0.000000,0.000000,256.000000,0.000000,0.000000000,Source metric: sit_no_work_window_active
2837,726272.000000,726528.000000,256.000000,256.000000,0.000000,0.000000,256.000000,0.000000,0.000000000,Source metric: sit_no_work_window_active
2838,726528.000000,726784.000000,256.000000,256.000000,0.000000,0.000000,256.000000,0.000000,0.000000000,Source metric: sit_no_work_window_active
2839,726784.000000,727040.000000,256.000000,256.000000,0.000000,0.000000,256.000000,0.000000,0.000000000,Source metric: sit_no_work_window_active
2840,727040.000000,727296.000000,256.000000,256.000000,0.000000,0.000000,256.000000,0.000000,0.000000000,Source metric: sit_no_work_window_active
2841,727296.000000,727552.000000,256.000000,256.000000,0.000000,0.000000,256.000000,0.000000,0.000000000,Source metric: sit_no_work_window_active
2842,727552.000000,727808.000000,256.000000,256.000000,0.000000,0.000000,256.000000,0.000000,0.000000000,Source metric: sit_no_work_window_active
2843,727808.000000,728064.000000,256.000000,256.000000,0.000000,0.000000,256.000000,0.000000,0.000000000,Source metric: sit_no_work_window_active
2844,728064.000000,728320.000000,256.000000,256.000000,0.000000,0.000000,256.000000,0.000000,0.000000000,Source metric: sit_no_work_window_active
2845,728320.000000,728576.000000,256.000000,256.000000,0.000000,0.000000,256.000000,0.000000,0.000000000,Source metric: sit_no_work_window_active
2846,728576.000000,728832.000000,256.000000,256.000000,0.000000,0.000000,256.000000,0.000000,0.000000000,Source metric: sit_no_work_window_active
2847,728832.000000,729088.000000,256.000000,256.000000,0.000000,0.000000,256.000000,0.000000,0.000000000,Source metric: sit_no_work_window_active
2848,729088.000000,729344.000000,256.000000,256.000000,0.000000,0.000000,256.000000,0.000000,0.000000000,Source metric: sit_no_work_window_active
2849,729344.000000,729600.000000,256.000000,256.000000,0.000000,0.000000,256.000000,0.000000,0.000000000,Source metric: sit_no_work_window_active
2850,729600.000000,729856.000000,256.000000,256.000000,0.000000,0.000000,256.000000,0.000000,0.000000000,Source metric: sit_no_work_window_active
2851,729856.000000,730112.000000,256.000000,256.000000,0.000000,0.000000,256.000000,0.000000,0.000000000,Source metric: sit_no_work_window_active
2852,730112.000000,730368.000000,256.000000,256.000000,0.000000,0.000000,256.000000,0.000000,0.000000000,Source metric: sit_no_work_window_active
2853,730368.000000,730624.000000,256.000000,256.000000,0.000000,0.000000,256.000000,0.000000,0.000000000,Source metric: sit_no_work_window_active
2854,730624.000000,730880.000000,256.000000,256.000000,0.000000,0.000000,256.000000,0.000000,0.000000000,Source metric: sit_no_work_window_active
2855,730880.000000,731136.000000,256.000000,256.000000,0.000000,0.000000,256.000000,0.000000,0.000000000,Source metric: sit_no_work_window_active
2856,731136.000000,731392.000000,256.000000,256.000000,0.000000,0.000000,256.000000,0.000000,0.000000000,Source metric: sit_no_work_window_active
2857,731392.000000,731648.000000,256.000000,256.000000,0.000000,0.000000,256.000000,0.000000,0.000000000,Source metric: sit_no_work_window_active
2858,731648.000000,731904.000000,256.000000,256.000000,0.000000,0.000000,256.000000,0.000000,0.000000000,Source metric: sit_no_work_window_active
2859,731904.000000,732160.000000,256.000000,256.000000,0.000000,0.000000,256.000000,0.000000,0.000000000,Source metric: sit_no_work_window_active
2860,732160.000000,732416.000000,256.000000,256.000000,0.000000,0.000000,256.000000,0.000000,0.000000000,Source metric: sit_no_work_window_active
2861,732416.000000,732672.000000,256.000000,256.000000,0.000000,0.000000,256.000000,0.000000,0.000000000,Source metric: sit_no_work_window_active
2862,732672.000000,732928.000000,256.000000,256.000000,0.000000,0.000000,256.000000,0.000000,0.000000000,Source metric: sit_no_work_window_active
2863,732928.000000,733184.000000,256.000000,256.000000,0.000000,0.000000,256.000000,0.000000,0.000000000,Source metric: sit_no_work_window_active
2864,733184.000000,733440.000000,256.000000,256.000000,0.000000,0.000000,256.000000,0.000000,0.000000000,Source metric: sit_no_work_window_active
2865,733440.000000,733696.000000,256.000000,256.000000,0.000000,0.000000,256.000000,0.000000,0.000000000,Source metric: sit_no_work_window_active
2866,733696.000000,733952.000000,256.000000,256.000000,0.000000,0.000000,256.000000,0.000000,0.000000000,Source metric: sit_no_work_window_active
2867,733952.000000,734208.000000,256.000000,256.000000,0.000000,0.000000,256.000000,0.000000,0.000000000,Source metric: sit_no_work_window_active
2868,734208.000000,734464.000000,256.000000,256.000000,0.000000,0.000000,256.000000,0.000000,0.000000000,Source metric: sit_no_work_window_active
2869,734464.000000,734720.000000,256.000000,256.000000,0.000000,0.000000,256.000000,0.000000,0.000000000,Source metric: sit_no_work_window_active
2870,734720.000000,734976.000000,256.000000,256.000000,0.000000,0.000000,256.000000,0.000000,0.000000000,Source metric: sit_no_work_window_active
2871,734976.000000,735232.000000,256.000000,256.000000,0.000000,0.000000,256.000000,0.000000,0.000000000,Source metric: sit_no_work_window_active
2872,735232.000000,735488.000000,256.000000,256.000000,0.000000,0.000000,256.000000,0.000000,0.000000000,Source metric: sit_no_work_window_active
2873,735488.000000,735744.000000,256.000000,256.000000,0.000000,0.000000,256.000000,0.000000,0.000000000,Source metric: sit_no_work_window_active
2874,735744.000000,736000.000000,256.000000,256.000000,0.000000,0.000000,256.000000,0.000000,0.000000000,Source metric: sit_no_work_window_active
2875,736000.000000,736256.000000,256.000000,256.000000,0.000000,0.000000,256.000000,0.000000,0.000000000,Source metric: sit_no_work_window_active
2876,736256.000000,736512.000000,256.000000,256.000000,0.000000,0.000000,256.000000,0.000000,0.000000000,Source metric: sit_no_work_window_active
2877,736512.000000,736768.000000,256.000000,256.000000,0.000000,0.000000,256.000000,0.000000,0.000000000,Source metric: sit_no_work_window_active
2878,736768.000000,737024.000000,256.000000,256.000000,0.000000,0.000000,256.000000,0.000000,0.000000000,Source metric: sit_no_work_window_active
2879,737024.000000,737280.000000,256.000000,256.000000,0.000000,0.000000,256.000000,0.000000,0.000000000,Source metric: sit_no_work_window_active
2880,737280.000000,737536.000000,256.000000,256.000000,0.000000,0.000000,256.000000,0.000000,0.000000000,Source metric: sit_no_work_window_active
2881,737536.000000,737792.000000,256.000000,256.000000,0.000000,0.000000,256.000000,0.000000,0.000000000,Source metric: sit_no_work_window_active
2882,737792.000000,738048.000000,256.000000,256.000000,0.000000,0.000000,256.000000,0.000000,0.000000000,Source metric: sit_no_work_window_active
2883,738048.000000,738304.000000,256.000000,256.000000,0.000000,0.000000,256.000000,0.000000,0.000000000,Source metric: sit_no_work_window_active
2884,738304.000000,738560.000000,256.000000,256.000000,0.000000,0.000000,256.000000,0.000000,0.000000000,Source metric: sit_no_work_window_active
2885,738560.000000,738816.000000,256.000000,256.000000,0.000000,0.000000,256.000000,0.000000,0.000000000,Source metric: sit_no_work_window_active
2886,738816.000000,739072.000000,256.000000,256.000000,0.000000,0.000000,256.000000,0.000000,0.000000000,Source metric: sit_no_work_window_active
2887,739072.000000,739328.000000,256.000000,256.000000,0.000000,0.000000,256.000000,0.000000,0.000000000,Source metric: sit_no_work_window_active
2888,739328.000000,739584.000000,256.000000,256.000000,0.000000,0.000000,256.000000,0.000000,0.000000000,Source metric: sit_no_work_window_active
2889,739584.000000,739840.000000,256.000000,256.000000,0.000000,0.000000,256.000000,0.000000,0.000000000,Source metric: sit_no_work_window_active
2890,739840.000000,740096.000000,256.000000,256.000000,0.000000,0.000000,256.000000,0.000000,0.000000000,Source metric: sit_no_work_window_active
2891,740096.000000,740352.000000,256.000000,256.000000,0.000000,0.000000,256.000000,0.000000,0.000000000,Source metric: sit_no_work_window_active
2892,740352.000000,740608.000000,256.000000,256.000000,0.000000,0.000000,256.000000,0.000000,0.000000000,Source metric: sit_no_work_window_active
2893,740608.000000,740864.000000,256.000000,256.000000,0.000000,0.000000,256.000000,0.000000,0.000000000,Source metric: sit_no_work_window_active
2894,740864.000000,741120.000000,256.000000,256.000000,0.000000,0.000000,256.000000,0.000000,0.000000000,Source metric: sit_no_work_window_active
2895,741120.000000,741376.000000,256.000000,256.000000,0.000000,0.000000,256.000000,0.000000,0.000000000,Source metric: sit_no_work_window_active
2896,741376.000000,741632.000000,256.000000,256.000000,0.000000,0.000000,256.000000,0.000000,0.000000000,Source metric: sit_no_work_window_active
2897,741632.000000,741888.000000,256.000000,256.000000,0.000000,0.000000,256.000000,0.000000,0.000000000,Source metric: sit_no_work_window_active
2898,741888.000000,742144.000000,256.000000,256.000000,0.000000,0.000000,256.000000,0.000000,0.000000000,Source metric: sit_no_work_window_active
2899,742144.000000,742400.000000,256.000000,256.000000,0.000000,0.000000,256.000000,0.000000,0.000000000,Source metric: sit_no_work_window_active
2900,742400.000000,742656.000000,256.000000,256.000000,0.000000,0.000000,256.000000,0.000000,0.000000000,Source metric: sit_no_work_window_active
2901,742656.000000,742912.000000,256.000000,256.000000,0.000000,0.000000,256.000000,0.000000,0.000000000,Source metric: sit_no_work_window_active
2902,742912.000000,743168.000000,256.000000,256.000000,0.000000,0.000000,256.000000,0.000000,0.000000000,Source metric: sit_no_work_window_active
2903,743168.000000,743424.000000,256.000000,256.000000,0.000000,0.000000,256.000000,0.000000,0.000000000,Source metric: sit_no_work_window_active
2904,743424.000000,743680.000000,256.000000,256.000000,0.000000,0.000000,256.000000,0.000000,0.000000000,Source metric: sit_no_work_window_active
2905,743680.000000,743936.000000,256.000000,256.000000,0.000000,0.000000,256.000000,0.000000,0.000000000,Source metric: sit_no_work_window_active
2906,743936.000000,744192.000000,256.000000,256.000000,0.000000,0.000000,256.000000,0.000000,0.000000000,Source metric: sit_no_work_window_active
2907,744192.000000,744448.000000,256.000000,256.000000,0.000000,0.000000,256.000000,0.000000,0.000000000,Source metric: sit_no_work_window_active
2908,744448.000000,744704.000000,256.000000,256.000000,0.000000,0.000000,256.000000,0.000000,0.000000000,Source metric: sit_no_work_window_active
2909,744704.000000,744960.000000,256.000000,256.000000,0.000000,0.000000,256.000000,0.000000,0.000000000,Source metric: sit_no_work_window_active
2910,744960.000000,745216.000000,256.000000,256.000000,0.000000,0.000000,256.000000,0.000000,0.000000000,Source metric: sit_no_work_window_active
2911,745216.000000,745472.000000,256.000000,256.000000,0.000000,0.000000,256.000000,0.000000,0.000000000,Source metric: sit_no_work_window_active
2912,745472.000000,745728.000000,256.000000,256.000000,0.000000,0.000000,256.000000,0.000000,0.000000000,Source metric: sit_no_work_window_active
2913,745728.000000,745984.000000,256.000000,256.000000,0.000000,0.000000,256.000000,0.000000,0.000000000,Source metric: sit_no_work_window_active
2914,745984.000000,746240.000000,256.000000,256.000000,0.000000,0.000000,256.000000,0.000000,0.000000000,Source metric: sit_no_work_window_active
2915,746240.000000,746496.000000,256.000000,256.000000,0.000000,0.000000,256.000000,0.000000,0.000000000,Source metric: sit_no_work_window_active
2916,746496.000000,746752.000000,256.000000,256.000000,0.000000,0.000000,256.000000,0.000000,0.000000000,Source metric: sit_no_work_window_active
2917,746752.000000,747008.000000,256.000000,256.000000,0.000000,0.000000,256.000000,0.000000,0.000000000,Source metric: sit_no_work_window_active
2918,747008.000000,747264.000000,256.000000,256.000000,0.000000,0.000000,256.000000,0.000000,0.000000000,Source metric: sit_no_work_window_active
2919,747264.000000,747520.000000,256.000000,256.000000,0.000000,0.000000,256.000000,0.000000,0.000000000,Source metric: sit_no_work_window_active
2920,747520.000000,747776.000000,256.000000,256.000000,0.000000,0.000000,256.000000,0.000000,0.000000000,Source metric: sit_no_work_window_active
2921,747776.000000,748032.000000,256.000000,256.000000,0.000000,0.000000,256.000000,0.000000,0.000000000,Source metric: sit_no_work_window_active
2922,748032.000000,748288.000000,256.000000,256.000000,0.000000,0.000000,256.000000,0.000000,0.000000000,Source metric: sit_no_work_window_active
2923,748288.000000,748544.000000,256.000000,256.000000,0.000000,0.000000,256.000000,0.000000,0.000000000,Source metric: sit_no_work_window_active
2924,748544.000000,748800.000000,256.000000,256.000000,0.000000,0.000000,256.000000,0.000000,0.000000000,Source metric: sit_no_work_window_active
2925,748800.000000,749056.000000,256.000000,256.000000,0.000000,0.000000,256.000000,0.000000,0.000000000,Source metric: sit_no_work_window_active
2926,749056.000000,749312.000000,256.000000,256.000000,0.000000,0.000000,256.000000,0.000000,0.000000000,Source metric: sit_no_work_window_active
2927,749312.000000,749568.000000,256.000000,256.000000,0.000000,0.000000,256.000000,0.000000,0.000000000,Source metric: sit_no_work_window_active
2928,749568.000000,749824.000000,256.000000,256.000000,0.000000,0.000000,256.000000,0.000000,0.000000000,Source metric: sit_no_work_window_active
2929,749824.000000,750080.000000,256.000000,256.000000,0.000000,0.000000,256.000000,0.000000,0.000000000,Source metric: sit_no_work_window_active
2930,750080.000000,750336.000000,256.000000,256.000000,0.000000,0.000000,256.000000,0.000000,0.000000000,Source metric: sit_no_work_window_active
2931,750336.000000,750592.000000,256.000000,256.000000,0.000000,0.000000,256.000000,0.000000,0.000000000,Source metric: sit_no_work_window_active
2932,750592.000000,750848.000000,256.000000,256.000000,0.000000,0.000000,256.000000,0.000000,0.000000000,Source metric: sit_no_work_window_active
2933,750848.000000,751104.000000,256.000000,256.000000,0.000000,0.000000,256.000000,0.000000,0.000000000,Source metric: sit_no_work_window_active
2934,751104.000000,751360.000000,256.000000,256.000000,0.000000,0.000000,256.000000,0.000000,0.000000000,Source metric: sit_no_work_window_active
2935,751360.000000,751616.000000,256.000000,256.000000,0.000000,0.000000,256.000000,0.000000,0.000000000,Source metric: sit_no_work_window_active
2936,751616.000000,751872.000000,256.000000,256.000000,0.000000,0.000000,256.000000,0.000000,0.000000000,Source metric: sit_no_work_window_active
2937,751872.000000,752128.000000,256.000000,256.000000,0.000000,0.000000,256.000000,0.000000,0.000000000,Source metric: sit_no_work_window_active
2938,752128.000000,752384.000000,256.000000,256.000000,0.000000,0.000000,256.000000,0.000000,0.000000000,Source metric: sit_no_work_window_active
2939,752384.000000,752640.000000,256.000000,256.000000,0.000000,0.000000,256.000000,0.000000,0.000000000,Source metric: sit_no_work_window_active
2940,752640.000000,752896.000000,256.000000,256.000000,0.000000,0.000000,256.000000,0.000000,0.000000000,Source metric: sit_no_work_window_active
2941,752896.000000,753152.000000,256.000000,256.000000,0.000000,0.000000,256.000000,0.000000,0.000000000,Source metric: sit_no_work_window_active
2942,753152.000000,753408.000000,256.000000,256.000000,0.000000,0.000000,256.000000,0.000000,0.000000000,Source metric: sit_no_work_window_active
2943,753408.000000,753664.000000,256.000000,256.000000,0.000000,0.000000,256.000000,0.000000,0.000000000,Source metric: sit_no_work_window_active
2944,753664.000000,753920.000000,256.000000,256.000000,0.000000,0.000000,256.000000,0.000000,0.000000000,Source metric: sit_no_work_window_active
2945,753920.000000,754176.000000,256.000000,256.000000,0.000000,0.000000,256.000000,0.000000,0.000000000,Source metric: sit_no_work_window_active
2946,754176.000000,754432.000000,256.000000,256.000000,0.000000,0.000000,256.000000,0.000000,0.000000000,Source metric: sit_no_work_window_active
2947,754432.000000,754688.000000,256.000000,256.000000,0.000000,0.000000,256.000000,0.000000,0.000000000,Source metric: sit_no_work_window_active
2948,754688.000000,754944.000000,256.000000,256.000000,0.000000,0.000000,256.000000,0.000000,0.000000000,Source metric: sit_no_work_window_active
2949,754944.000000,755200.000000,256.000000,256.000000,0.000000,0.000000,256.000000,0.000000,0.000000000,Source metric: sit_no_work_window_active
2950,755200.000000,755456.000000,256.000000,256.000000,0.000000,0.000000,256.000000,0.000000,0.000000000,Source metric: sit_no_work_window_active
2951,755456.000000,755712.000000,256.000000,256.000000,0.000000,0.000000,256.000000,0.000000,0.000000000,Source metric: sit_no_work_window_active
2952,755712.000000,755968.000000,256.000000,256.000000,0.000000,0.000000,256.000000,0.000000,0.000000000,Source metric: sit_no_work_window_active
2953,755968.000000,756224.000000,256.000000,256.000000,0.000000,0.000000,256.000000,0.000000,0.000000000,Source metric: sit_no_work_window_active
2954,756224.000000,756480.000000,256.000000,256.000000,0.000000,0.000000,256.000000,0.000000,0.000000000,Source metric: sit_no_work_window_active
2955,756480.000000,756736.000000,256.000000,256.000000,0.000000,0.000000,256.000000,0.000000,0.000000000,Source metric: sit_no_work_window_active
2956,756736.000000,756992.000000,256.000000,256.000000,0.000000,0.000000,256.000000,0.000000,0.000000000,Source metric: sit_no_work_window_active
2957,756992.000000,757248.000000,256.000000,256.000000,0.000000,0.000000,256.000000,0.000000,0.000000000,Source metric: sit_no_work_window_active
2958,757248.000000,757504.000000,256.000000,256.000000,0.000000,0.000000,256.000000,0.000000,0.000000000,Source metric: sit_no_work_window_active
2959,757504.000000,757760.000000,256.000000,256.000000,0.000000,0.000000,256.000000,0.000000,0.000000000,Source metric: sit_no_work_window_active
2960,757760.000000,758016.000000,256.000000,256.000000,0.000000,0.000000,256.000000,0.000000,0.000000000,Source metric: sit_no_work_window_active
2961,758016.000000,758272.000000,256.000000,256.000000,0.000000,0.000000,256.000000,0.000000,0.000000000,Source metric: sit_no_work_window_active
2962,758272.000000,758528.000000,256.000000,256.000000,0.000000,0.000000,256.000000,0.000000,0.000000000,Source metric: sit_no_work_window_active
2963,758528.000000,758784.000000,256.000000,256.000000,0.000000,0.000000,256.000000,0.000000,0.000000000,Source metric: sit_no_work_window_active
2964,758784.000000,759040.000000,256.000000,256.000000,0.000000,0.000000,256.000000,0.000000,0.000000000,Source metric: sit_no_work_window_active
2965,759040.000000,759296.000000,256.000000,256.000000,0.000000,0.000000,256.000000,0.000000,0.000000000,Source metric: sit_no_work_window_active
2966,759296.000000,759552.000000,256.000000,256.000000,0.000000,0.000000,256.000000,0.000000,0.000000000,Source metric: sit_no_work_window_active
2967,759552.000000,759808.000000,256.000000,256.000000,0.000000,0.000000,256.000000,0.000000,0.000000000,Source metric: sit_no_work_window_active
2968,759808.000000,760064.000000,256.000000,256.000000,0.000000,0.000000,256.000000,0.000000,0.000000000,Source metric: sit_no_work_window_active
2969,760064.000000,760320.000000,256.000000,256.000000,0.000000,0.000000,256.000000,0.000000,0.000000000,Source metric: sit_no_work_window_active
2970,760320.000000,760576.000000,256.000000,256.000000,0.000000,0.000000,256.000000,0.000000,0.000000000,Source metric: sit_no_work_window_active
2971,760576.000000,760832.000000,256.000000,256.000000,0.000000,0.000000,256.000000,0.000000,0.000000000,Source metric: sit_no_work_window_active
2972,760832.000000,761088.000000,256.000000,256.000000,0.000000,0.000000,256.000000,0.000000,0.000000000,Source metric: sit_no_work_window_active
2973,761088.000000,761344.000000,256.000000,256.000000,0.000000,0.000000,256.000000,0.000000,0.000000000,Source metric: sit_no_work_window_active
2974,761344.000000,761600.000000,256.000000,256.000000,0.000000,0.000000,256.000000,0.000000,0.000000000,Source metric: sit_no_work_window_active
2975,761600.000000,761856.000000,256.000000,256.000000,0.000000,0.000000,256.000000,0.000000,0.000000000,Source metric: sit_no_work_window_active
2976,761856.000000,762112.000000,256.000000,256.000000,0.000000,0.000000,256.000000,0.000000,0.000000000,Source metric: sit_no_work_window_active
2977,762112.000000,762368.000000,256.000000,256.000000,0.000000,0.000000,256.000000,0.000000,0.000000000,Source metric: sit_no_work_window_active
2978,762368.000000,762624.000000,256.000000,256.000000,0.000000,0.000000,256.000000,0.000000,0.000000000,Source metric: sit_no_work_window_active
2979,762624.000000,762880.000000,256.000000,256.000000,0.000000,0.000000,256.000000,0.000000,0.000000000,Source metric: sit_no_work_window_active
2980,762880.000000,763136.000000,256.000000,256.000000,0.000000,0.000000,256.000000,0.000000,0.000000000,Source metric: sit_no_work_window_active
2981,763136.000000,763392.000000,256.000000,256.000000,0.000000,0.000000,256.000000,0.000000,0.000000000,Source metric: sit_no_work_window_active
2982,763392.000000,763648.000000,256.000000,256.000000,0.000000,0.000000,256.000000,0.000000,0.000000000,Source metric: sit_no_work_window_active
2983,763648.000000,763904.000000,256.000000,256.000000,0.000000,0.000000,256.000000,0.000000,0.000000000,Source metric: sit_no_work_window_active
2984,763904.000000,764160.000000,256.000000,256.000000,0.000000,0.000000,256.000000,0.000000,0.000000000,Source metric: sit_no_work_window_active
2985,764160.000000,764416.000000,256.000000,256.000000,0.000000,0.000000,256.000000,0.000000,0.000000000,Source metric: sit_no_work_window_active
2986,764416.000000,764672.000000,256.000000,256.000000,0.000000,0.000000,256.000000,0.000000,0.000000000,Source metric: sit_no_work_window_active
2987,764672.000000,764928.000000,256.000000,256.000000,0.000000,0.000000,256.000000,0.000000,0.000000000,Source metric: sit_no_work_window_active
2988,764928.000000,765184.000000,256.000000,256.000000,0.000000,0.000000,256.000000,0.000000,0.000000000,Source metric: sit_no_work_window_active
2989,765184.000000,765440.000000,256.000000,256.000000,0.000000,0.000000,256.000000,0.000000,0.000000000,Source metric: sit_no_work_window_active
2990,765440.000000,765696.000000,256.000000,256.000000,0.000000,0.000000,256.000000,0.000000,0.000000000,Source metric: sit_no_work_window_active
2991,765696.000000,765952.000000,256.000000,256.000000,0.000000,0.000000,256.000000,0.000000,0.000000000,Source metric: sit_no_work_window_active
2992,765952.000000,766208.000000,256.000000,256.000000,0.000000,0.000000,256.000000,0.000000,0.000000000,Source metric: sit_no_work_window_active
2993,766208.000000,766464.000000,256.000000,256.000000,0.000000,0.000000,256.000000,0.000000,0.000000000,Source metric: sit_no_work_window_active
2994,766464.000000,766720.000000,256.000000,256.000000,0.000000,0.000000,256.000000,0.000000,0.000000000,Source metric: sit_no_work_window_active
2995,766720.000000,766976.000000,256.000000,256.000000,0.000000,0.000000,256.000000,0.000000,0.000000000,Source metric: sit_no_work_window_active
2996,766976.000000,767232.000000,256.000000,256.000000,0.000000,0.000000,256.000000,0.000000,0.000000000,Source metric: sit_no_work_window_active
2997,767232.000000,767488.000000,256.000000,256.000000,0.000000,0.000000,256.000000,0.000000,0.000000000,Source metric: sit_no_work_window_active
2998,767488.000000,767744.000000,256.000000,256.000000,0.000000,0.000000,256.000000,0.000000,0.000000000,Source metric: sit_no_work_window_active
2999,767744.000000,768000.000000,256.000000,256.000000,0.000000,0.000000,256.000000,0.000000,0.000000000,Source metric: sit_no_work_window_active
3000,768000.000000,768256.000000,256.000000,256.000000,0.000000,0.000000,256.000000,0.000000,0.000000000,Source metric: sit_no_work_window_active
3001,768256.000000,768512.000000,256.000000,256.000000,0.000000,0.000000,256.000000,0.000000,0.000000000,Source metric: sit_no_work_window_active
3002,768512.000000,768768.000000,256.000000,256.000000,0.000000,0.000000,256.000000,0.000000,0.000000000,Source metric: sit_no_work_window_active
3003,768768.000000,769024.000000,256.000000,256.000000,0.000000,0.000000,256.000000,0.000000,0.000000000,Source metric: sit_no_work_window_active
3004,769024.000000,769280.000000,256.000000,256.000000,0.000000,0.000000,256.000000,0.000000,0.000000000,Source metric: sit_no_work_window_active
3005,769280.000000,769536.000000,256.000000,256.000000,0.000000,0.000000,256.000000,0.000000,0.000000000,Source metric: sit_no_work_window_active
3006,769536.000000,769792.000000,256.000000,256.000000,0.000000,0.000000,256.000000,0.000000,0.000000000,Source metric: sit_no_work_window_active
3007,769792.000000,770048.000000,256.000000,256.000000,0.000000,0.000000,256.000000,0.000000,0.000000000,Source metric: sit_no_work_window_active
3008,770048.000000,770304.000000,256.000000,256.000000,0.000000,0.000000,256.000000,0.000000,0.000000000,Source metric: sit_no_work_window_active
3009,770304.000000,770560.000000,256.000000,256.000000,0.000000,0.000000,256.000000,0.000000,0.000000000,Source metric: sit_no_work_window_active
3010,770560.000000,770816.000000,256.000000,256.000000,0.000000,0.000000,256.000000,0.000000,0.000000000,Source metric: sit_no_work_window_active
3011,770816.000000,771072.000000,256.000000,256.000000,0.000000,0.000000,256.000000,0.000000,0.000000000,Source metric: sit_no_work_window_active
3012,771072.000000,771328.000000,256.000000,256.000000,0.000000,0.000000,256.000000,0.000000,0.000000000,Source metric: sit_no_work_window_active
3013,771328.000000,771584.000000,256.000000,256.000000,0.000000,0.000000,256.000000,0.000000,0.000000000,Source metric: sit_no_work_window_active
3014,771584.000000,771840.000000,256.000000,256.000000,0.000000,0.000000,256.000000,0.000000,0.000000000,Source metric: sit_no_work_window_active
3015,771840.000000,772096.000000,256.000000,256.000000,0.000000,0.000000,256.000000,0.000000,0.000000000,Source metric: sit_no_work_window_active
3016,772096.000000,772352.000000,256.000000,256.000000,0.000000,0.000000,256.000000,0.000000,0.000000000,Source metric: sit_no_work_window_active
3017,772352.000000,772608.000000,256.000000,256.000000,0.000000,0.000000,256.000000,0.000000,0.000000000,Source metric: sit_no_work_window_active
3018,772608.000000,772864.000000,256.000000,256.000000,0.000000,0.000000,256.000000,0.000000,0.000000000,Source metric: sit_no_work_window_active
3019,772864.000000,773120.000000,256.000000,256.000000,0.000000,0.000000,256.000000,0.000000,0.000000000,Source metric: sit_no_work_window_active
3020,773120.000000,773376.000000,256.000000,256.000000,0.000000,0.000000,256.000000,0.000000,0.000000000,Source metric: sit_no_work_window_active
3021,773376.000000,773632.000000,256.000000,256.000000,0.000000,0.000000,256.000000,0.000000,0.000000000,Source metric: sit_no_work_window_active
3022,773632.000000,773888.000000,256.000000,256.000000,0.000000,0.000000,256.000000,0.000000,0.000000000,Source metric: sit_no_work_window_active
3023,773888.000000,774144.000000,256.000000,256.000000,0.000000,0.000000,256.000000,0.000000,0.000000000,Source metric: sit_no_work_window_active
3024,774144.000000,774400.000000,256.000000,256.000000,0.000000,0.000000,256.000000,0.000000,0.000000000,Source metric: sit_no_work_window_active
3025,774400.000000,774656.000000,256.000000,256.000000,0.000000,0.000000,256.000000,0.000000,0.000000000,Source metric: sit_no_work_window_active
3026,774656.000000,774912.000000,256.000000,256.000000,0.000000,0.000000,256.000000,0.000000,0.000000000,Source metric: sit_no_work_window_active
3027,774912.000000,775168.000000,256.000000,256.000000,0.000000,0.000000,256.000000,0.000000,0.000000000,Source metric: sit_no_work_window_active
3028,775168.000000,775424.000000,256.000000,256.000000,0.000000,0.000000,256.000000,0.000000,0.000000000,Source metric: sit_no_work_window_active
3029,775424.000000,775680.000000,256.000000,256.000000,0.000000,0.000000,256.000000,0.000000,0.000000000,Source metric: sit_no_work_window_active
3030,775680.000000,775936.000000,256.000000,256.000000,0.000000,0.000000,256.000000,0.000000,0.000000000,Source metric: sit_no_work_window_active
3031,775936.000000,776192.000000,256.000000,256.000000,0.000000,0.000000,256.000000,0.000000,0.000000000,Source metric: sit_no_work_window_active
3032,776192.000000,776448.000000,256.000000,256.000000,0.000000,0.000000,256.000000,0.000000,0.000000000,Source metric: sit_no_work_window_active
3033,776448.000000,776704.000000,256.000000,256.000000,0.000000,0.000000,256.000000,0.000000,0.000000000,Source metric: sit_no_work_window_active
3034,776704.000000,776960.000000,256.000000,256.000000,0.000000,0.000000,256.000000,0.000000,0.000000000,Source metric: sit_no_work_window_active
3035,776960.000000,777216.000000,256.000000,256.000000,0.000000,0.000000,256.000000,0.000000,0.000000000,Source metric: sit_no_work_window_active
3036,777216.000000,777472.000000,256.000000,256.000000,0.000000,0.000000,256.000000,0.000000,0.000000000,Source metric: sit_no_work_window_active
3037,777472.000000,777728.000000,256.000000,256.000000,0.000000,0.000000,256.000000,0.000000,0.000000000,Source metric: sit_no_work_window_active
3038,777728.000000,777984.000000,256.000000,256.000000,0.000000,0.000000,256.000000,0.000000,0.000000000,Source metric: sit_no_work_window_active
3039,777984.000000,778240.000000,256.000000,256.000000,0.000000,0.000000,256.000000,0.000000,0.000000000,Source metric: sit_no_work_window_active
3040,778240.000000,778496.000000,256.000000,256.000000,0.000000,0.000000,256.000000,0.000000,0.000000000,Source metric: sit_no_work_window_active
3041,778496.000000,778752.000000,256.000000,256.000000,0.000000,0.000000,256.000000,0.000000,0.000000000,Source metric: sit_no_work_window_active
3042,778752.000000,779008.000000,256.000000,256.000000,0.000000,0.000000,256.000000,0.000000,0.000000000,Source metric: sit_no_work_window_active
3043,779008.000000,779264.000000,256.000000,256.000000,0.000000,0.000000,256.000000,0.000000,0.000000000,Source metric: sit_no_work_window_active
3044,779264.000000,779520.000000,256.000000,256.000000,0.000000,0.000000,256.000000,0.000000,0.000000000,Source metric: sit_no_work_window_active
3045,779520.000000,779776.000000,256.000000,256.000000,0.000000,0.000000,256.000000,0.000000,0.000000000,Source metric: sit_no_work_window_active
3046,779776.000000,780032.000000,256.000000,256.000000,0.000000,0.000000,256.000000,0.000000,0.000000000,Source metric: sit_no_work_window_active
3047,780032.000000,780288.000000,256.000000,256.000000,0.000000,0.000000,256.000000,0.000000,0.000000000,Source metric: sit_no_work_window_active
3048,780288.000000,780544.000000,256.000000,256.000000,0.000000,0.000000,256.000000,0.000000,0.000000000,Source metric: sit_no_work_window_active
3049,780544.000000,780800.000000,256.000000,256.000000,0.000000,0.000000,256.000000,0.000000,0.000000000,Source metric: sit_no_work_window_active
3050,780800.000000,781056.000000,256.000000,256.000000,0.000000,0.000000,256.000000,0.000000,0.000000000,Source metric: sit_no_work_window_active
3051,781056.000000,781312.000000,256.000000,256.000000,0.000000,0.000000,256.000000,0.000000,0.000000000,Source metric: sit_no_work_window_active
3052,781312.000000,781568.000000,256.000000,256.000000,0.000000,0.000000,256.000000,0.000000,0.000000000,Source metric: sit_no_work_window_active
3053,781568.000000,781824.000000,256.000000,256.000000,0.000000,0.000000,256.000000,0.000000,0.000000000,Source metric: sit_no_work_window_active
3054,781824.000000,782080.000000,256.000000,256.000000,0.000000,0.000000,256.000000,0.000000,0.000000000,Source metric: sit_no_work_window_active
3055,782080.000000,782336.000000,256.000000,256.000000,0.000000,0.000000,256.000000,0.000000,0.000000000,Source metric: sit_no_work_window_active
3056,782336.000000,782592.000000,256.000000,256.000000,0.000000,0.000000,256.000000,0.000000,0.000000000,Source metric: sit_no_work_window_active
3057,782592.000000,782848.000000,256.000000,256.000000,0.000000,0.000000,256.000000,0.000000,0.000000000,Source metric: sit_no_work_window_active
3058,782848.000000,783104.000000,256.000000,256.000000,0.000000,0.000000,256.000000,0.000000,0.000000000,Source metric: sit_no_work_window_active
3059,783104.000000,783360.000000,256.000000,256.000000,0.000000,0.000000,256.000000,0.000000,0.000000000,Source metric: sit_no_work_window_active
3060,783360.000000,783616.000000,256.000000,256.000000,0.000000,0.000000,256.000000,0.000000,0.000000000,Source metric: sit_no_work_window_active
3061,783616.000000,783872.000000,256.000000,256.000000,0.000000,0.000000,256.000000,0.000000,0.000000000,Source metric: sit_no_work_window_active
3062,783872.000000,784128.000000,256.000000,256.000000,0.000000,0.000000,256.000000,0.000000,0.000000000,Source metric: sit_no_work_window_active
3063,784128.000000,784384.000000,256.000000,256.000000,0.000000,0.000000,256.000000,0.000000,0.000000000,Source metric: sit_no_work_window_active
3064,784384.000000,784640.000000,256.000000,256.000000,0.000000,0.000000,256.000000,0.000000,0.000000000,Source metric: sit_no_work_window_active
3065,784640.000000,784896.000000,256.000000,256.000000,0.000000,0.000000,256.000000,0.000000,0.000000000,Source metric: sit_no_work_window_active
3066,784896.000000,785152.000000,256.000000,256.000000,0.000000,0.000000,256.000000,0.000000,0.000000000,Source metric: sit_no_work_window_active
3067,785152.000000,785408.000000,256.000000,256.000000,0.000000,0.000000,256.000000,0.000000,0.000000000,Source metric: sit_no_work_window_active
3068,785408.000000,785664.000000,256.000000,256.000000,0.000000,0.000000,256.000000,0.000000,0.000000000,Source metric: sit_no_work_window_active
3069,785664.000000,785920.000000,256.000000,256.000000,0.000000,0.000000,256.000000,0.000000,0.000000000,Source metric: sit_no_work_window_active
3070,785920.000000,786176.000000,256.000000,256.000000,0.000000,0.000000,256.000000,0.000000,0.000000000,Source metric: sit_no_work_window_active
3071,786176.000000,786432.000000,256.000000,256.000000,0.000000,0.000000,256.000000,0.000000,0.000000000,Source metric: sit_no_work_window_active
3072,786432.000000,786688.000000,256.000000,256.000000,0.000000,0.000000,256.000000,0.000000,0.000000000,Source metric: sit_no_work_window_active
3073,786688.000000,786944.000000,256.000000,256.000000,0.000000,0.000000,256.000000,0.000000,0.000000000,Source metric: sit_no_work_window_active
3074,786944.000000,787200.000000,256.000000,256.000000,0.000000,0.000000,256.000000,0.000000,0.000000000,Source metric: sit_no_work_window_active
3075,787200.000000,787456.000000,256.000000,256.000000,0.000000,0.000000,256.000000,0.000000,0.000000000,Source metric: sit_no_work_window_active
3076,787456.000000,787712.000000,256.000000,256.000000,0.000000,0.000000,256.000000,0.000000,0.000000000,Source metric: sit_no_work_window_active
3077,787712.000000,787968.000000,256.000000,256.000000,0.000000,0.000000,256.000000,0.000000,0.000000000,Source metric: sit_no_work_window_active
3078,787968.000000,788224.000000,256.000000,256.000000,0.000000,0.000000,256.000000,0.000000,0.000000000,Source metric: sit_no_work_window_active
3079,788224.000000,788480.000000,256.000000,256.000000,0.000000,0.000000,256.000000,0.000000,0.000000000,Source metric: sit_no_work_window_active
3080,788480.000000,788736.000000,256.000000,256.000000,0.000000,0.000000,256.000000,0.000000,0.000000000,Source metric: sit_no_work_window_active
3081,788736.000000,788992.000000,256.000000,256.000000,0.000000,0.000000,256.000000,0.000000,0.000000000,Source metric: sit_no_work_window_active
3082,788992.000000,789248.000000,256.000000,256.000000,0.000000,0.000000,256.000000,0.000000,0.000000000,Source metric: sit_no_work_window_active
3083,789248.000000,789504.000000,256.000000,256.000000,0.000000,0.000000,256.000000,0.000000,0.000000000,Source metric: sit_no_work_window_active
3084,789504.000000,789760.000000,256.000000,256.000000,0.000000,0.000000,256.000000,0.000000,0.000000000,Source metric: sit_no_work_window_active
3085,789760.000000,790016.000000,256.000000,256.000000,0.000000,0.000000,256.000000,0.000000,0.000000000,Source metric: sit_no_work_window_active
3086,790016.000000,790272.000000,256.000000,256.000000,0.000000,0.000000,256.000000,0.000000,0.000000000,Source metric: sit_no_work_window_active
3087,790272.000000,790528.000000,256.000000,256.000000,0.000000,0.000000,256.000000,0.000000,0.000000000,Source metric: sit_no_work_window_active
3088,790528.000000,790784.000000,256.000000,256.000000,0.000000,0.000000,256.000000,0.000000,0.000000000,Source metric: sit_no_work_window_active
3089,790784.000000,791040.000000,256.000000,256.000000,0.000000,0.000000,256.000000,0.000000,0.000000000,Source metric: sit_no_work_window_active
3090,791040.000000,791296.000000,256.000000,256.000000,0.000000,0.000000,256.000000,0.000000,0.000000000,Source metric: sit_no_work_window_active
3091,791296.000000,791552.000000,256.000000,256.000000,0.000000,0.000000,256.000000,0.000000,0.000000000,Source metric: sit_no_work_window_active
3092,791552.000000,791808.000000,256.000000,256.000000,0.000000,0.000000,256.000000,0.000000,0.000000000,Source metric: sit_no_work_window_active
3093,791808.000000,792064.000000,256.000000,256.000000,0.000000,0.000000,256.000000,0.000000,0.000000000,Source metric: sit_no_work_window_active
3094,792064.000000,792320.000000,256.000000,256.000000,0.000000,0.000000,256.000000,0.000000,0.000000000,Source metric: sit_no_work_window_active
3095,792320.000000,792576.000000,256.000000,256.000000,0.000000,0.000000,256.000000,0.000000,0.000000000,Source metric: sit_no_work_window_active
3096,792576.000000,792832.000000,256.000000,256.000000,0.000000,0.000000,256.000000,0.000000,0.000000000,Source metric: sit_no_work_window_active
3097,792832.000000,793088.000000,256.000000,256.000000,0.000000,0.000000,256.000000,0.000000,0.000000000,Source metric: sit_no_work_window_active
3098,793088.000000,793344.000000,256.000000,256.000000,0.000000,0.000000,256.000000,0.000000,0.000000000,Source metric: sit_no_work_window_active
3099,793344.000000,793600.000000,256.000000,256.000000,0.000000,0.000000,256.000000,0.000000,0.000000000,Source metric: sit_no_work_window_active
3100,793600.000000,793856.000000,256.000000,256.000000,0.000000,0.000000,256.000000,0.000000,0.000000000,Source metric: sit_no_work_window_active
3101,793856.000000,794112.000000,256.000000,256.000000,0.000000,0.000000,256.000000,0.000000,0.000000000,Source metric: sit_no_work_window_active
3102,794112.000000,794368.000000,256.000000,256.000000,0.000000,0.000000,256.000000,0.000000,0.000000000,Source metric: sit_no_work_window_active
3103,794368.000000,794624.000000,256.000000,256.000000,0.000000,0.000000,256.000000,0.000000,0.000000000,Source metric: sit_no_work_window_active
3104,794624.000000,794880.000000,256.000000,256.000000,0.000000,0.000000,256.000000,0.000000,0.000000000,Source metric: sit_no_work_window_active
3105,794880.000000,795136.000000,256.000000,256.000000,0.000000,0.000000,256.000000,0.000000,0.000000000,Source metric: sit_no_work_window_active
3106,795136.000000,795392.000000,256.000000,256.000000,0.000000,0.000000,256.000000,0.000000,0.000000000,Source metric: sit_no_work_window_active
3107,795392.000000,795648.000000,256.000000,256.000000,0.000000,0.000000,256.000000,0.000000,0.000000000,Source metric: sit_no_work_window_active
3108,795648.000000,795904.000000,256.000000,256.000000,0.000000,0.000000,256.000000,0.000000,0.000000000,Source metric: sit_no_work_window_active
3109,795904.000000,796160.000000,256.000000,256.000000,0.000000,0.000000,256.000000,0.000000,0.000000000,Source metric: sit_no_work_window_active
3110,796160.000000,796416.000000,256.000000,256.000000,0.000000,0.000000,256.000000,0.000000,0.000000000,Source metric: sit_no_work_window_active
3111,796416.000000,796672.000000,256.000000,256.000000,0.000000,0.000000,256.000000,0.000000,0.000000000,Source metric: sit_no_work_window_active
3112,796672.000000,796928.000000,256.000000,256.000000,0.000000,0.000000,256.000000,0.000000,0.000000000,Source metric: sit_no_work_window_active
3113,796928.000000,797184.000000,256.000000,256.000000,0.000000,0.000000,256.000000,0.000000,0.000000000,Source metric: sit_no_work_window_active
3114,797184.000000,797440.000000,256.000000,256.000000,0.000000,0.000000,256.000000,0.000000,0.000000000,Source metric: sit_no_work_window_active
3115,797440.000000,797696.000000,256.000000,256.000000,0.000000,0.000000,256.000000,0.000000,0.000000000,Source metric: sit_no_work_window_active
3116,797696.000000,797952.000000,256.000000,256.000000,0.000000,0.000000,256.000000,0.000000,0.000000000,Source metric: sit_no_work_window_active
3117,797952.000000,798208.000000,256.000000,256.000000,0.000000,0.000000,256.000000,0.000000,0.000000000,Source metric: sit_no_work_window_active
3118,798208.000000,798464.000000,256.000000,256.000000,0.000000,0.000000,256.000000,0.000000,0.000000000,Source metric: sit_no_work_window_active
3119,798464.000000,798720.000000,256.000000,256.000000,0.000000,0.000000,256.000000,0.000000,0.000000000,Source metric: sit_no_work_window_active
3120,798720.000000,798976.000000,256.000000,256.000000,0.000000,0.000000,256.000000,0.000000,0.000000000,Source metric: sit_no_work_window_active
3121,798976.000000,799232.000000,256.000000,256.000000,0.000000,0.000000,256.000000,0.000000,0.000000000,Source metric: sit_no_work_window_active
3122,799232.000000,799488.000000,256.000000,256.000000,0.000000,0.000000,256.000000,0.000000,0.000000000,Source metric: sit_no_work_window_active
3123,799488.000000,799744.000000,256.000000,256.000000,0.000000,0.000000,256.000000,0.000000,0.000000000,Source metric: sit_no_work_window_active
3124,799744.000000,800000.000000,256.000000,256.000000,0.000000,0.000000,256.000000,0.000000,0.000000000,Source metric: sit_no_work_window_active
3125,800000.000000,800256.000000,256.000000,256.000000,0.000000,0.000000,256.000000,0.000000,0.000000000,Source metric: sit_no_work_window_active
3126,800256.000000,800512.000000,256.000000,256.000000,0.000000,0.000000,256.000000,0.000000,0.000000000,Source metric: sit_no_work_window_active
3127,800512.000000,800768.000000,256.000000,256.000000,0.000000,0.000000,256.000000,0.000000,0.000000000,Source metric: sit_no_work_window_active
3128,800768.000000,801024.000000,256.000000,256.000000,0.000000,0.000000,256.000000,0.000000,0.000000000,Source metric: sit_no_work_window_active
3129,801024.000000,801280.000000,256.000000,256.000000,0.000000,0.000000,256.000000,0.000000,0.000000000,Source metric: sit_no_work_window_active
3130,801280.000000,801536.000000,256.000000,256.000000,0.000000,0.000000,256.000000,0.000000,0.000000000,Source metric: sit_no_work_window_active
3131,801536.000000,801792.000000,256.000000,256.000000,0.000000,0.000000,256.000000,0.000000,0.000000000,Source metric: sit_no_work_window_active
3132,801792.000000,802048.000000,256.000000,256.000000,0.000000,0.000000,256.000000,0.000000,0.000000000,Source metric: sit_no_work_window_active
3133,802048.000000,802304.000000,256.000000,256.000000,0.000000,0.000000,256.000000,0.000000,0.000000000,Source metric: sit_no_work_window_active
3134,802304.000000,802560.000000,256.000000,256.000000,0.000000,0.000000,256.000000,0.000000,0.000000000,Source metric: sit_no_work_window_active
3135,802560.000000,802816.000000,256.000000,256.000000,0.000000,0.000000,256.000000,0.000000,0.000000000,Source metric: sit_no_work_window_active
3136,802816.000000,803072.000000,256.000000,256.000000,0.000000,0.000000,256.000000,0.000000,0.000000000,Source metric: sit_no_work_window_active
3137,803072.000000,803328.000000,256.000000,256.000000,0.000000,0.000000,256.000000,0.000000,0.000000000,Source metric: sit_no_work_window_active
3138,803328.000000,803584.000000,256.000000,256.000000,0.000000,0.000000,256.000000,0.000000,0.000000000,Source metric: sit_no_work_window_active
3139,803584.000000,803840.000000,256.000000,256.000000,0.000000,0.000000,256.000000,0.000000,0.000000000,Source metric: sit_no_work_window_active
3140,803840.000000,804096.000000,256.000000,256.000000,0.000000,0.000000,256.000000,0.000000,0.000000000,Source metric: sit_no_work_window_active
3141,804096.000000,804352.000000,256.000000,256.000000,0.000000,0.000000,256.000000,0.000000,0.000000000,Source metric: sit_no_work_window_active
3142,804352.000000,804608.000000,256.000000,256.000000,0.000000,0.000000,256.000000,0.000000,0.000000000,Source metric: sit_no_work_window_active
3143,804608.000000,804864.000000,256.000000,256.000000,0.000000,0.000000,256.000000,0.000000,0.000000000,Source metric: sit_no_work_window_active
3144,804864.000000,805120.000000,256.000000,256.000000,0.000000,0.000000,256.000000,0.000000,0.000000000,Source metric: sit_no_work_window_active
3145,805120.000000,805376.000000,256.000000,256.000000,0.000000,0.000000,256.000000,0.000000,0.000000000,Source metric: sit_no_work_window_active
3146,805376.000000,805632.000000,256.000000,256.000000,0.000000,0.000000,256.000000,0.000000,0.000000000,Source metric: sit_no_work_window_active
3147,805632.000000,805888.000000,256.000000,256.000000,0.000000,0.000000,256.000000,0.000000,0.000000000,Source metric: sit_no_work_window_active
3148,805888.000000,806144.000000,256.000000,256.000000,0.000000,0.000000,256.000000,0.000000,0.000000000,Source metric: sit_no_work_window_active
3149,806144.000000,806400.000000,256.000000,256.000000,0.000000,0.000000,256.000000,0.000000,0.000000000,Source metric: sit_no_work_window_active
3150,806400.000000,806656.000000,256.000000,256.000000,0.000000,0.000000,256.000000,0.000000,0.000000000,Source metric: sit_no_work_window_active
3151,806656.000000,806912.000000,256.000000,256.000000,0.000000,0.000000,256.000000,0.000000,0.000000000,Source metric: sit_no_work_window_active
3152,806912.000000,807168.000000,256.000000,256.000000,0.000000,0.000000,256.000000,0.000000,0.000000000,Source metric: sit_no_work_window_active
3153,807168.000000,807424.000000,256.000000,256.000000,0.000000,0.000000,256.000000,0.000000,0.000000000,Source metric: sit_no_work_window_active
3154,807424.000000,807680.000000,256.000000,256.000000,0.000000,0.000000,256.000000,0.000000,0.000000000,Source metric: sit_no_work_window_active
3155,807680.000000,807936.000000,256.000000,256.000000,0.000000,0.000000,256.000000,0.000000,0.000000000,Source metric: sit_no_work_window_active
3156,807936.000000,808192.000000,256.000000,256.000000,0.000000,0.000000,256.000000,0.000000,0.000000000,Source metric: sit_no_work_window_active
3157,808192.000000,808448.000000,256.000000,256.000000,0.000000,0.000000,256.000000,0.000000,0.000000000,Source metric: sit_no_work_window_active
3158,808448.000000,808704.000000,256.000000,256.000000,0.000000,0.000000,256.000000,0.000000,0.000000000,Source metric: sit_no_work_window_active
3159,808704.000000,808960.000000,256.000000,256.000000,0.000000,0.000000,256.000000,0.000000,0.000000000,Source metric: sit_no_work_window_active
3160,808960.000000,809216.000000,256.000000,256.000000,0.000000,0.000000,256.000000,0.000000,0.000000000,Source metric: sit_no_work_window_active
3161,809216.000000,809472.000000,256.000000,256.000000,0.000000,0.000000,256.000000,0.000000,0.000000000,Source metric: sit_no_work_window_active
3162,809472.000000,809728.000000,256.000000,256.000000,0.000000,0.000000,256.000000,0.000000,0.000000000,Source metric: sit_no_work_window_active
3163,809728.000000,809984.000000,256.000000,256.000000,0.000000,0.000000,256.000000,0.000000,0.000000000,Source metric: sit_no_work_window_active
3164,809984.000000,810240.000000,256.000000,256.000000,0.000000,0.000000,256.000000,0.000000,0.000000000,Source metric: sit_no_work_window_active
3165,810240.000000,810496.000000,256.000000,256.000000,0.000000,0.000000,256.000000,0.000000,0.000000000,Source metric: sit_no_work_window_active
3166,810496.000000,810752.000000,256.000000,256.000000,0.000000,0.000000,256.000000,0.000000,0.000000000,Source metric: sit_no_work_window_active
3167,810752.000000,811008.000000,256.000000,256.000000,0.000000,0.000000,256.000000,0.000000,0.000000000,Source metric: sit_no_work_window_active
3168,811008.000000,811264.000000,256.000000,256.000000,0.000000,0.000000,256.000000,0.000000,0.000000000,Source metric: sit_no_work_window_active
3169,811264.000000,811520.000000,256.000000,256.000000,0.000000,0.000000,256.000000,0.000000,0.000000000,Source metric: sit_no_work_window_active
3170,811520.000000,811776.000000,256.000000,256.000000,0.000000,0.000000,256.000000,0.000000,0.000000000,Source metric: sit_no_work_window_active
3171,811776.000000,812032.000000,256.000000,256.000000,0.000000,0.000000,256.000000,0.000000,0.000000000,Source metric: sit_no_work_window_active
3172,812032.000000,812288.000000,256.000000,256.000000,0.000000,0.000000,256.000000,0.000000,0.000000000,Source metric: sit_no_work_window_active
3173,812288.000000,812544.000000,256.000000,256.000000,0.000000,0.000000,256.000000,0.000000,0.000000000,Source metric: sit_no_work_window_active
3174,812544.000000,812800.000000,256.000000,256.000000,0.000000,0.000000,256.000000,0.000000,0.000000000,Source metric: sit_no_work_window_active
3175,812800.000000,813056.000000,256.000000,256.000000,0.000000,0.000000,256.000000,0.000000,0.000000000,Source metric: sit_no_work_window_active
3176,813056.000000,813312.000000,256.000000,256.000000,0.000000,0.000000,256.000000,0.000000,0.000000000,Source metric: sit_no_work_window_active
3177,813312.000000,813568.000000,256.000000,256.000000,0.000000,0.000000,256.000000,0.000000,0.000000000,Source metric: sit_no_work_window_active
3178,813568.000000,813824.000000,256.000000,256.000000,0.000000,0.000000,256.000000,0.000000,0.000000000,Source metric: sit_no_work_window_active
3179,813824.000000,814080.000000,256.000000,256.000000,0.000000,0.000000,256.000000,0.000000,0.000000000,Source metric: sit_no_work_window_active
3180,814080.000000,814336.000000,256.000000,256.000000,0.000000,0.000000,256.000000,0.000000,0.000000000,Source metric: sit_no_work_window_active
3181,814336.000000,814592.000000,256.000000,256.000000,0.000000,0.000000,256.000000,0.000000,0.000000000,Source metric: sit_no_work_window_active
3182,814592.000000,814848.000000,256.000000,256.000000,0.000000,0.000000,256.000000,0.000000,0.000000000,Source metric: sit_no_work_window_active
3183,814848.000000,815104.000000,256.000000,256.000000,0.000000,0.000000,256.000000,0.000000,0.000000000,Source metric: sit_no_work_window_active
3184,815104.000000,815360.000000,256.000000,256.000000,0.000000,0.000000,256.000000,0.000000,0.000000000,Source metric: sit_no_work_window_active
3185,815360.000000,815616.000000,256.000000,256.000000,0.000000,0.000000,256.000000,0.000000,0.000000000,Source metric: sit_no_work_window_active
3186,815616.000000,815872.000000,256.000000,256.000000,0.000000,0.000000,256.000000,0.000000,0.000000000,Source metric: sit_no_work_window_active
3187,815872.000000,816128.000000,256.000000,256.000000,0.000000,0.000000,256.000000,0.000000,0.000000000,Source metric: sit_no_work_window_active
3188,816128.000000,816384.000000,256.000000,256.000000,0.000000,0.000000,256.000000,0.000000,0.000000000,Source metric: sit_no_work_window_active
3189,816384.000000,816640.000000,256.000000,256.000000,0.000000,0.000000,256.000000,0.000000,0.000000000,Source metric: sit_no_work_window_active
3190,816640.000000,816896.000000,256.000000,256.000000,0.000000,0.000000,256.000000,0.000000,0.000000000,Source metric: sit_no_work_window_active
3191,816896.000000,817152.000000,256.000000,256.000000,0.000000,0.000000,256.000000,0.000000,0.000000000,Source metric: sit_no_work_window_active
3192,817152.000000,817408.000000,256.000000,256.000000,0.000000,0.000000,256.000000,0.000000,0.000000000,Source metric: sit_no_work_window_active
3193,817408.000000,817664.000000,256.000000,256.000000,0.000000,0.000000,256.000000,0.000000,0.000000000,Source metric: sit_no_work_window_active
3194,817664.000000,817920.000000,256.000000,256.000000,0.000000,0.000000,256.000000,0.000000,0.000000000,Source metric: sit_no_work_window_active
3195,817920.000000,818176.000000,256.000000,256.000000,0.000000,0.000000,256.000000,0.000000,0.000000000,Source metric: sit_no_work_window_active
3196,818176.000000,818432.000000,256.000000,256.000000,0.000000,0.000000,256.000000,0.000000,0.000000000,Source metric: sit_no_work_window_active
3197,818432.000000,818688.000000,256.000000,256.000000,0.000000,0.000000,256.000000,0.000000,0.000000000,Source metric: sit_no_work_window_active
3198,818688.000000,818944.000000,256.000000,256.000000,0.000000,0.000000,256.000000,0.000000,0.000000000,Source metric: sit_no_work_window_active
3199,818944.000000,819200.000000,256.000000,256.000000,0.000000,0.000000,256.000000,0.000000,0.000000000,Source metric: sit_no_work_window_active
3200,819200.000000,819456.000000,256.000000,256.000000,0.000000,0.000000,256.000000,0.000000,0.000000000,Source metric: sit_no_work_window_active
3201,819456.000000,819712.000000,256.000000,256.000000,0.000000,0.000000,256.000000,0.000000,0.000000000,Source metric: sit_no_work_window_active
3202,819712.000000,819968.000000,256.000000,256.000000,0.000000,0.000000,256.000000,0.000000,0.000000000,Source metric: sit_no_work_window_active
3203,819968.000000,820224.000000,256.000000,256.000000,0.000000,0.000000,256.000000,0.000000,0.000000000,Source metric: sit_no_work_window_active
3204,820224.000000,820480.000000,256.000000,256.000000,0.000000,0.000000,256.000000,0.000000,0.000000000,Source metric: sit_no_work_window_active
3205,820480.000000,820736.000000,256.000000,256.000000,0.000000,0.000000,256.000000,0.000000,0.000000000,Source metric: sit_no_work_window_active
3206,820736.000000,820992.000000,256.000000,256.000000,0.000000,0.000000,256.000000,0.000000,0.000000000,Source metric: sit_no_work_window_active
3207,820992.000000,821248.000000,256.000000,256.000000,0.000000,0.000000,256.000000,0.000000,0.000000000,Source metric: sit_no_work_window_active
3208,821248.000000,821504.000000,256.000000,256.000000,0.000000,0.000000,256.000000,0.000000,0.000000000,Source metric: sit_no_work_window_active
3209,821504.000000,821760.000000,256.000000,256.000000,0.000000,0.000000,256.000000,0.000000,0.000000000,Source metric: sit_no_work_window_active
3210,821760.000000,822016.000000,256.000000,256.000000,0.000000,0.000000,256.000000,0.000000,0.000000000,Source metric: sit_no_work_window_active
3211,822016.000000,822272.000000,256.000000,256.000000,0.000000,0.000000,256.000000,0.000000,0.000000000,Source metric: sit_no_work_window_active
3212,822272.000000,822528.000000,256.000000,256.000000,0.000000,0.000000,256.000000,0.000000,0.000000000,Source metric: sit_no_work_window_active
3213,822528.000000,822784.000000,256.000000,256.000000,0.000000,0.000000,256.000000,0.000000,0.000000000,Source metric: sit_no_work_window_active
3214,822784.000000,823040.000000,256.000000,256.000000,0.000000,0.000000,256.000000,0.000000,0.000000000,Source metric: sit_no_work_window_active
3215,823040.000000,823296.000000,256.000000,256.000000,0.000000,0.000000,256.000000,0.000000,0.000000000,Source metric: sit_no_work_window_active
3216,823296.000000,823552.000000,256.000000,256.000000,0.000000,0.000000,256.000000,0.000000,0.000000000,Source metric: sit_no_work_window_active
3217,823552.000000,823808.000000,256.000000,256.000000,0.000000,0.000000,256.000000,0.000000,0.000000000,Source metric: sit_no_work_window_active
3218,823808.000000,824064.000000,256.000000,256.000000,0.000000,0.000000,256.000000,0.000000,0.000000000,Source metric: sit_no_work_window_active
3219,824064.000000,824320.000000,256.000000,256.000000,0.000000,0.000000,256.000000,0.000000,0.000000000,Source metric: sit_no_work_window_active
3220,824320.000000,824576.000000,256.000000,256.000000,0.000000,0.000000,256.000000,0.000000,0.000000000,Source metric: sit_no_work_window_active
3221,824576.000000,824832.000000,256.000000,256.000000,0.000000,0.000000,256.000000,0.000000,0.000000000,Source metric: sit_no_work_window_active
3222,824832.000000,825088.000000,256.000000,256.000000,0.000000,0.000000,256.000000,0.000000,0.000000000,Source metric: sit_no_work_window_active
3223,825088.000000,825344.000000,256.000000,256.000000,0.000000,0.000000,256.000000,0.000000,0.000000000,Source metric: sit_no_work_window_active
3224,825344.000000,825600.000000,256.000000,256.000000,0.000000,0.000000,256.000000,0.000000,0.000000000,Source metric: sit_no_work_window_active
3225,825600.000000,825856.000000,256.000000,256.000000,0.000000,0.000000,256.000000,0.000000,0.000000000,Source metric: sit_no_work_window_active
3226,825856.000000,826112.000000,256.000000,256.000000,0.000000,0.000000,256.000000,0.000000,0.000000000,Source metric: sit_no_work_window_active
3227,826112.000000,826368.000000,256.000000,256.000000,0.000000,0.000000,256.000000,0.000000,0.000000000,Source metric: sit_no_work_window_active
3228,826368.000000,826624.000000,256.000000,256.000000,0.000000,0.000000,256.000000,0.000000,0.000000000,Source metric: sit_no_work_window_active
3229,826624.000000,826880.000000,256.000000,256.000000,0.000000,0.000000,256.000000,0.000000,0.000000000,Source metric: sit_no_work_window_active
3230,826880.000000,827136.000000,256.000000,256.000000,0.000000,0.000000,256.000000,0.000000,0.000000000,Source metric: sit_no_work_window_active
3231,827136.000000,827392.000000,256.000000,256.000000,0.000000,0.000000,256.000000,0.000000,0.000000000,Source metric: sit_no_work_window_active
3232,827392.000000,827648.000000,256.000000,256.000000,0.000000,0.000000,256.000000,0.000000,0.000000000,Source metric: sit_no_work_window_active
3233,827648.000000,827904.000000,256.000000,256.000000,0.000000,0.000000,256.000000,0.000000,0.000000000,Source metric: sit_no_work_window_active
3234,827904.000000,828160.000000,256.000000,256.000000,0.000000,0.000000,256.000000,0.000000,0.000000000,Source metric: sit_no_work_window_active
3235,828160.000000,828416.000000,256.000000,256.000000,0.000000,0.000000,256.000000,0.000000,0.000000000,Source metric: sit_no_work_window_active
3236,828416.000000,828672.000000,256.000000,256.000000,0.000000,0.000000,256.000000,0.000000,0.000000000,Source metric: sit_no_work_window_active
3237,828672.000000,828928.000000,256.000000,256.000000,0.000000,0.000000,256.000000,0.000000,0.000000000,Source metric: sit_no_work_window_active
3238,828928.000000,829184.000000,256.000000,256.000000,0.000000,0.000000,256.000000,0.000000,0.000000000,Source metric: sit_no_work_window_active
3239,829184.000000,829440.000000,256.000000,256.000000,0.000000,0.000000,256.000000,0.000000,0.000000000,Source metric: sit_no_work_window_active
3240,829440.000000,829696.000000,256.000000,256.000000,0.000000,0.000000,256.000000,0.000000,0.000000000,Source metric: sit_no_work_window_active
3241,829696.000000,829952.000000,256.000000,256.000000,0.000000,0.000000,256.000000,0.000000,0.000000000,Source metric: sit_no_work_window_active
3242,829952.000000,830208.000000,256.000000,256.000000,0.000000,0.000000,256.000000,0.000000,0.000000000,Source metric: sit_no_work_window_active
3243,830208.000000,830464.000000,256.000000,256.000000,0.000000,0.000000,256.000000,0.000000,0.000000000,Source metric: sit_no_work_window_active
3244,830464.000000,830720.000000,256.000000,256.000000,0.000000,0.000000,256.000000,0.000000,0.000000000,Source metric: sit_no_work_window_active
3245,830720.000000,830976.000000,256.000000,256.000000,0.000000,0.000000,256.000000,0.000000,0.000000000,Source metric: sit_no_work_window_active
3246,830976.000000,831232.000000,256.000000,256.000000,0.000000,0.000000,256.000000,0.000000,0.000000000,Source metric: sit_no_work_window_active
3247,831232.000000,831488.000000,256.000000,256.000000,0.000000,0.000000,256.000000,0.000000,0.000000000,Source metric: sit_no_work_window_active
3248,831488.000000,831744.000000,256.000000,256.000000,0.000000,0.000000,256.000000,0.000000,0.000000000,Source metric: sit_no_work_window_active
3249,831744.000000,832000.000000,256.000000,256.000000,0.000000,0.000000,256.000000,0.000000,0.000000000,Source metric: sit_no_work_window_active
3250,832000.000000,832256.000000,256.000000,256.000000,0.000000,0.000000,256.000000,0.000000,0.000000000,Source metric: sit_no_work_window_active
3251,832256.000000,832512.000000,256.000000,256.000000,0.000000,0.000000,256.000000,0.000000,0.000000000,Source metric: sit_no_work_window_active
3252,832512.000000,832768.000000,256.000000,256.000000,0.000000,0.000000,256.000000,0.000000,0.000000000,Source metric: sit_no_work_window_active
3253,832768.000000,833024.000000,256.000000,256.000000,0.000000,0.000000,256.000000,0.000000,0.000000000,Source metric: sit_no_work_window_active
3254,833024.000000,833280.000000,256.000000,256.000000,0.000000,0.000000,256.000000,0.000000,0.000000000,Source metric: sit_no_work_window_active
3255,833280.000000,833536.000000,256.000000,256.000000,0.000000,0.000000,256.000000,0.000000,0.000000000,Source metric: sit_no_work_window_active
3256,833536.000000,833792.000000,256.000000,256.000000,0.000000,0.000000,256.000000,0.000000,0.000000000,Source metric: sit_no_work_window_active
3257,833792.000000,834048.000000,256.000000,256.000000,0.000000,0.000000,256.000000,0.000000,0.000000000,Source metric: sit_no_work_window_active
3258,834048.000000,834304.000000,256.000000,256.000000,0.000000,0.000000,256.000000,0.000000,0.000000000,Source metric: sit_no_work_window_active
3259,834304.000000,834560.000000,256.000000,256.000000,0.000000,0.000000,256.000000,0.000000,0.000000000,Source metric: sit_no_work_window_active
3260,834560.000000,834816.000000,256.000000,256.000000,0.000000,0.000000,256.000000,0.000000,0.000000000,Source metric: sit_no_work_window_active
3261,834816.000000,835072.000000,256.000000,256.000000,0.000000,0.000000,256.000000,0.000000,0.000000000,Source metric: sit_no_work_window_active
3262,835072.000000,835328.000000,256.000000,256.000000,0.000000,0.000000,256.000000,0.000000,0.000000000,Source metric: sit_no_work_window_active
3263,835328.000000,835584.000000,256.000000,256.000000,0.000000,0.000000,256.000000,0.000000,0.000000000,Source metric: sit_no_work_window_active
3264,835584.000000,835840.000000,256.000000,256.000000,0.000000,0.000000,256.000000,0.000000,0.000000000,Source metric: sit_no_work_window_active
3265,835840.000000,836096.000000,256.000000,256.000000,0.000000,0.000000,256.000000,0.000000,0.000000000,Source metric: sit_no_work_window_active
3266,836096.000000,836352.000000,256.000000,256.000000,0.000000,0.000000,256.000000,0.000000,0.000000000,Source metric: sit_no_work_window_active
3267,836352.000000,836608.000000,256.000000,256.000000,0.000000,0.000000,256.000000,0.000000,0.000000000,Source metric: sit_no_work_window_active
3268,836608.000000,836864.000000,256.000000,256.000000,0.000000,0.000000,256.000000,0.000000,0.000000000,Source metric: sit_no_work_window_active
3269,836864.000000,837120.000000,256.000000,256.000000,0.000000,0.000000,256.000000,0.000000,0.000000000,Source metric: sit_no_work_window_active
3270,837120.000000,837376.000000,256.000000,256.000000,0.000000,0.000000,256.000000,0.000000,0.000000000,Source metric: sit_no_work_window_active
3271,837376.000000,837632.000000,256.000000,256.000000,0.000000,0.000000,256.000000,0.000000,0.000000000,Source metric: sit_no_work_window_active
3272,837632.000000,837888.000000,256.000000,256.000000,0.000000,0.000000,256.000000,0.000000,0.000000000,Source metric: sit_no_work_window_active
3273,837888.000000,838144.000000,256.000000,256.000000,0.000000,0.000000,256.000000,0.000000,0.000000000,Source metric: sit_no_work_window_active
3274,838144.000000,838400.000000,256.000000,256.000000,0.000000,0.000000,256.000000,0.000000,0.000000000,Source metric: sit_no_work_window_active
3275,838400.000000,838656.000000,256.000000,256.000000,0.000000,0.000000,256.000000,0.000000,0.000000000,Source metric: sit_no_work_window_active
3276,838656.000000,838912.000000,256.000000,256.000000,0.000000,0.000000,256.000000,0.000000,0.000000000,Source metric: sit_no_work_window_active
3277,838912.000000,839168.000000,256.000000,256.000000,0.000000,0.000000,256.000000,0.000000,0.000000000,Source metric: sit_no_work_window_active
3278,839168.000000,839424.000000,256.000000,256.000000,0.000000,0.000000,256.000000,0.000000,0.000000000,Source metric: sit_no_work_window_active
3279,839424.000000,839680.000000,256.000000,256.000000,0.000000,0.000000,256.000000,0.000000,0.000000000,Source metric: sit_no_work_window_active
3280,839680.000000,839936.000000,256.000000,256.000000,0.000000,0.000000,256.000000,0.000000,0.000000000,Source metric: sit_no_work_window_active
3281,839936.000000,840192.000000,256.000000,256.000000,0.000000,0.000000,256.000000,0.000000,0.000000000,Source metric: sit_no_work_window_active
3282,840192.000000,840448.000000,256.000000,256.000000,0.000000,0.000000,256.000000,0.000000,0.000000000,Source metric: sit_no_work_window_active
3283,840448.000000,840704.000000,256.000000,256.000000,0.000000,0.000000,256.000000,0.000000,0.000000000,Source metric: sit_no_work_window_active
3284,840704.000000,840960.000000,256.000000,256.000000,0.000000,0.000000,256.000000,0.000000,0.000000000,Source metric: sit_no_work_window_active
3285,840960.000000,841216.000000,256.000000,256.000000,0.000000,0.000000,256.000000,0.000000,0.000000000,Source metric: sit_no_work_window_active
3286,841216.000000,841472.000000,256.000000,256.000000,0.000000,0.000000,256.000000,0.000000,0.000000000,Source metric: sit_no_work_window_active
3287,841472.000000,841728.000000,256.000000,256.000000,0.000000,0.000000,256.000000,0.000000,0.000000000,Source metric: sit_no_work_window_active
3288,841728.000000,841984.000000,256.000000,256.000000,0.000000,0.000000,256.000000,0.000000,0.000000000,Source metric: sit_no_work_window_active
3289,841984.000000,842240.000000,256.000000,256.000000,0.000000,0.000000,256.000000,0.000000,0.000000000,Source metric: sit_no_work_window_active
3290,842240.000000,842496.000000,256.000000,256.000000,0.000000,0.000000,256.000000,0.000000,0.000000000,Source metric: sit_no_work_window_active
3291,842496.000000,842752.000000,256.000000,256.000000,0.000000,0.000000,256.000000,0.000000,0.000000000,Source metric: sit_no_work_window_active
3292,842752.000000,843008.000000,256.000000,256.000000,0.000000,0.000000,256.000000,0.000000,0.000000000,Source metric: sit_no_work_window_active
3293,843008.000000,843264.000000,256.000000,256.000000,0.000000,0.000000,256.000000,0.000000,0.000000000,Source metric: sit_no_work_window_active
3294,843264.000000,843520.000000,256.000000,256.000000,0.000000,0.000000,256.000000,0.000000,0.000000000,Source metric: sit_no_work_window_active
3295,843520.000000,843776.000000,256.000000,256.000000,0.000000,0.000000,256.000000,0.000000,0.000000000,Source metric: sit_no_work_window_active
3296,843776.000000,844032.000000,256.000000,256.000000,0.000000,0.000000,256.000000,0.000000,0.000000000,Source metric: sit_no_work_window_active
3297,844032.000000,844288.000000,256.000000,256.000000,0.000000,0.000000,256.000000,0.000000,0.000000000,Source metric: sit_no_work_window_active
3298,844288.000000,844544.000000,256.000000,256.000000,0.000000,0.000000,256.000000,0.000000,0.000000000,Source metric: sit_no_work_window_active
3299,844544.000000,844800.000000,256.000000,256.000000,0.000000,0.000000,256.000000,0.000000,0.000000000,Source metric: sit_no_work_window_active
3300,844800.000000,845056.000000,256.000000,256.000000,0.000000,0.000000,256.000000,0.000000,0.000000000,Source metric: sit_no_work_window_active
3301,845056.000000,845312.000000,256.000000,256.000000,0.000000,0.000000,256.000000,0.000000,0.000000000,Source metric: sit_no_work_window_active
3302,845312.000000,845568.000000,256.000000,256.000000,0.000000,0.000000,256.000000,0.000000,0.000000000,Source metric: sit_no_work_window_active
3303,845568.000000,845824.000000,256.000000,256.000000,0.000000,0.000000,256.000000,0.000000,0.000000000,Source metric: sit_no_work_window_active
3304,845824.000000,846080.000000,256.000000,256.000000,0.000000,0.000000,256.000000,0.000000,0.000000000,Source metric: sit_no_work_window_active
3305,846080.000000,846336.000000,256.000000,256.000000,0.000000,0.000000,256.000000,0.000000,0.000000000,Source metric: sit_no_work_window_active
3306,846336.000000,846592.000000,256.000000,256.000000,0.000000,0.000000,256.000000,0.000000,0.000000000,Source metric: sit_no_work_window_active
3307,846592.000000,846848.000000,256.000000,256.000000,0.000000,0.000000,256.000000,0.000000,0.000000000,Source metric: sit_no_work_window_active
3308,846848.000000,847104.000000,256.000000,256.000000,0.000000,0.000000,256.000000,0.000000,0.000000000,Source metric: sit_no_work_window_active
3309,847104.000000,847360.000000,256.000000,256.000000,0.000000,0.000000,256.000000,0.000000,0.000000000,Source metric: sit_no_work_window_active
3310,847360.000000,847616.000000,256.000000,256.000000,0.000000,0.000000,256.000000,0.000000,0.000000000,Source metric: sit_no_work_window_active
3311,847616.000000,847872.000000,256.000000,256.000000,0.000000,0.000000,256.000000,0.000000,0.000000000,Source metric: sit_no_work_window_active
3312,847872.000000,848128.000000,256.000000,256.000000,0.000000,0.000000,256.000000,0.000000,0.000000000,Source metric: sit_no_work_window_active
3313,848128.000000,848384.000000,256.000000,256.000000,0.000000,0.000000,256.000000,0.000000,0.000000000,Source metric: sit_no_work_window_active
3314,848384.000000,848640.000000,256.000000,256.000000,0.000000,0.000000,256.000000,0.000000,0.000000000,Source metric: sit_no_work_window_active
3315,848640.000000,848896.000000,256.000000,256.000000,0.000000,0.000000,256.000000,0.000000,0.000000000,Source metric: sit_no_work_window_active
3316,848896.000000,849152.000000,256.000000,256.000000,0.000000,0.000000,256.000000,0.000000,0.000000000,Source metric: sit_no_work_window_active
3317,849152.000000,849408.000000,256.000000,256.000000,0.000000,0.000000,256.000000,0.000000,0.000000000,Source metric: sit_no_work_window_active
3318,849408.000000,849664.000000,256.000000,256.000000,0.000000,0.000000,256.000000,0.000000,0.000000000,Source metric: sit_no_work_window_active
3319,849664.000000,849920.000000,256.000000,256.000000,0.000000,0.000000,256.000000,0.000000,0.000000000,Source metric: sit_no_work_window_active
3320,849920.000000,850176.000000,256.000000,256.000000,0.000000,0.000000,256.000000,0.000000,0.000000000,Source metric: sit_no_work_window_active
3321,850176.000000,850432.000000,256.000000,256.000000,0.000000,0.000000,256.000000,0.000000,0.000000000,Source metric: sit_no_work_window_active
3322,850432.000000,850688.000000,256.000000,256.000000,0.000000,0.000000,256.000000,0.000000,0.000000000,Source metric: sit_no_work_window_active
3323,850688.000000,850944.000000,256.000000,256.000000,0.000000,0.000000,256.000000,0.000000,0.000000000,Source metric: sit_no_work_window_active
3324,850944.000000,851200.000000,256.000000,256.000000,0.000000,0.000000,256.000000,0.000000,0.000000000,Source metric: sit_no_work_window_active
3325,851200.000000,851456.000000,256.000000,256.000000,0.000000,0.000000,256.000000,0.000000,0.000000000,Source metric: sit_no_work_window_active
3326,851456.000000,851712.000000,256.000000,256.000000,0.000000,0.000000,256.000000,0.000000,0.000000000,Source metric: sit_no_work_window_active
3327,851712.000000,851968.000000,256.000000,256.000000,0.000000,0.000000,256.000000,0.000000,0.000000000,Source metric: sit_no_work_window_active
3328,851968.000000,852224.000000,256.000000,256.000000,0.000000,0.000000,256.000000,0.000000,0.000000000,Source metric: sit_no_work_window_active
3329,852224.000000,852480.000000,256.000000,256.000000,0.000000,0.000000,256.000000,0.000000,0.000000000,Source metric: sit_no_work_window_active
3330,852480.000000,852736.000000,256.000000,256.000000,0.000000,0.000000,256.000000,0.000000,0.000000000,Source metric: sit_no_work_window_active
3331,852736.000000,852992.000000,256.000000,256.000000,0.000000,0.000000,256.000000,0.000000,0.000000000,Source metric: sit_no_work_window_active
3332,852992.000000,853248.000000,256.000000,256.000000,0.000000,0.000000,256.000000,0.000000,0.000000000,Source metric: sit_no_work_window_active
3333,853248.000000,853504.000000,256.000000,256.000000,0.000000,0.000000,256.000000,0.000000,0.000000000,Source metric: sit_no_work_window_active
3334,853504.000000,853760.000000,256.000000,256.000000,0.000000,0.000000,256.000000,0.000000,0.000000000,Source metric: sit_no_work_window_active
3335,853760.000000,854016.000000,256.000000,256.000000,0.000000,0.000000,256.000000,0.000000,0.000000000,Source metric: sit_no_work_window_active
3336,854016.000000,854272.000000,256.000000,256.000000,0.000000,0.000000,256.000000,0.000000,0.000000000,Source metric: sit_no_work_window_active
3337,854272.000000,854528.000000,256.000000,256.000000,0.000000,0.000000,256.000000,0.000000,0.000000000,Source metric: sit_no_work_window_active
3338,854528.000000,854784.000000,256.000000,256.000000,0.000000,0.000000,256.000000,0.000000,0.000000000,Source metric: sit_no_work_window_active
3339,854784.000000,855040.000000,256.000000,256.000000,0.000000,0.000000,256.000000,0.000000,0.000000000,Source metric: sit_no_work_window_active
3340,855040.000000,855296.000000,256.000000,256.000000,0.000000,0.000000,256.000000,0.000000,0.000000000,Source metric: sit_no_work_window_active
3341,855296.000000,855552.000000,256.000000,256.000000,0.000000,0.000000,256.000000,0.000000,0.000000000,Source metric: sit_no_work_window_active
3342,855552.000000,855808.000000,256.000000,256.000000,0.000000,0.000000,256.000000,0.000000,0.000000000,Source metric: sit_no_work_window_active
3343,855808.000000,856064.000000,256.000000,256.000000,0.000000,0.000000,256.000000,0.000000,0.000000000,Source metric: sit_no_work_window_active
3344,856064.000000,856320.000000,256.000000,256.000000,0.000000,0.000000,256.000000,0.000000,0.000000000,Source metric: sit_no_work_window_active
3345,856320.000000,856576.000000,256.000000,256.000000,0.000000,0.000000,256.000000,0.000000,0.000000000,Source metric: sit_no_work_window_active
3346,856576.000000,856832.000000,256.000000,256.000000,0.000000,0.000000,256.000000,0.000000,0.000000000,Source metric: sit_no_work_window_active
3347,856832.000000,857088.000000,256.000000,256.000000,0.000000,0.000000,256.000000,0.000000,0.000000000,Source metric: sit_no_work_window_active
3348,857088.000000,857344.000000,256.000000,256.000000,0.000000,0.000000,256.000000,0.000000,0.000000000,Source metric: sit_no_work_window_active
3349,857344.000000,857600.000000,256.000000,256.000000,0.000000,0.000000,256.000000,0.000000,0.000000000,Source metric: sit_no_work_window_active
3350,857600.000000,857856.000000,256.000000,256.000000,0.000000,0.000000,256.000000,0.000000,0.000000000,Source metric: sit_no_work_window_active
3351,857856.000000,858112.000000,256.000000,256.000000,0.000000,0.000000,256.000000,0.000000,0.000000000,Source metric: sit_no_work_window_active
3352,858112.000000,858368.000000,256.000000,256.000000,0.000000,0.000000,256.000000,0.000000,0.000000000,Source metric: sit_no_work_window_active
3353,858368.000000,858624.000000,256.000000,256.000000,0.000000,0.000000,256.000000,0.000000,0.000000000,Source metric: sit_no_work_window_active
3354,858624.000000,858880.000000,256.000000,256.000000,0.000000,0.000000,256.000000,0.000000,0.000000000,Source metric: sit_no_work_window_active
3355,858880.000000,859136.000000,256.000000,256.000000,0.000000,0.000000,256.000000,0.000000,0.000000000,Source metric: sit_no_work_window_active
3356,859136.000000,859392.000000,256.000000,256.000000,0.000000,0.000000,256.000000,0.000000,0.000000000,Source metric: sit_no_work_window_active
3357,859392.000000,859648.000000,256.000000,256.000000,0.000000,0.000000,256.000000,0.000000,0.000000000,Source metric: sit_no_work_window_active
3358,859648.000000,859904.000000,256.000000,256.000000,0.000000,0.000000,256.000000,0.000000,0.000000000,Source metric: sit_no_work_window_active
3359,859904.000000,860160.000000,256.000000,256.000000,0.000000,0.000000,256.000000,0.000000,0.000000000,Source metric: sit_no_work_window_active
3360,860160.000000,860416.000000,256.000000,256.000000,0.000000,0.000000,256.000000,0.000000,0.000000000,Source metric: sit_no_work_window_active
3361,860416.000000,860672.000000,256.000000,256.000000,0.000000,0.000000,256.000000,0.000000,0.000000000,Source metric: sit_no_work_window_active
3362,860672.000000,860928.000000,256.000000,256.000000,0.000000,0.000000,256.000000,0.000000,0.000000000,Source metric: sit_no_work_window_active
3363,860928.000000,861184.000000,256.000000,256.000000,0.000000,0.000000,256.000000,0.000000,0.000000000,Source metric: sit_no_work_window_active
3364,861184.000000,861440.000000,256.000000,256.000000,0.000000,0.000000,256.000000,0.000000,0.000000000,Source metric: sit_no_work_window_active
3365,861440.000000,861696.000000,256.000000,256.000000,0.000000,0.000000,256.000000,0.000000,0.000000000,Source metric: sit_no_work_window_active
3366,861696.000000,861952.000000,256.000000,256.000000,0.000000,0.000000,256.000000,0.000000,0.000000000,Source metric: sit_no_work_window_active
3367,861952.000000,862208.000000,256.000000,256.000000,0.000000,0.000000,256.000000,0.000000,0.000000000,Source metric: sit_no_work_window_active
3368,862208.000000,862464.000000,256.000000,256.000000,0.000000,0.000000,256.000000,0.000000,0.000000000,Source metric: sit_no_work_window_active
3369,862464.000000,862720.000000,256.000000,256.000000,0.000000,0.000000,256.000000,0.000000,0.000000000,Source metric: sit_no_work_window_active
3370,862720.000000,862976.000000,256.000000,256.000000,0.000000,0.000000,256.000000,0.000000,0.000000000,Source metric: sit_no_work_window_active
3371,862976.000000,863232.000000,256.000000,256.000000,0.000000,0.000000,256.000000,0.000000,0.000000000,Source metric: sit_no_work_window_active
3372,863232.000000,863488.000000,256.000000,256.000000,0.000000,0.000000,256.000000,0.000000,0.000000000,Source metric: sit_no_work_window_active
3373,863488.000000,863744.000000,256.000000,256.000000,0.000000,0.000000,256.000000,0.000000,0.000000000,Source metric: sit_no_work_window_active
3374,863744.000000,864000.000000,256.000000,256.000000,0.000000,0.000000,256.000000,0.000000,0.000000000,Source metric: sit_no_work_window_active
3375,864000.000000,864256.000000,256.000000,256.000000,0.000000,0.000000,256.000000,0.000000,0.000000000,Source metric: sit_no_work_window_active
3376,864256.000000,864512.000000,256.000000,256.000000,0.000000,0.000000,256.000000,0.000000,0.000000000,Source metric: sit_no_work_window_active
3377,864512.000000,864768.000000,256.000000,256.000000,0.000000,0.000000,256.000000,0.000000,0.000000000,Source metric: sit_no_work_window_active
3378,864768.000000,865024.000000,256.000000,256.000000,0.000000,0.000000,256.000000,0.000000,0.000000000,Source metric: sit_no_work_window_active
3379,865024.000000,865280.000000,256.000000,256.000000,0.000000,0.000000,256.000000,0.000000,0.000000000,Source metric: sit_no_work_window_active
3380,865280.000000,865536.000000,256.000000,256.000000,0.000000,0.000000,256.000000,0.000000,0.000000000,Source metric: sit_no_work_window_active
3381,865536.000000,865792.000000,256.000000,256.000000,0.000000,0.000000,256.000000,0.000000,0.000000000,Source metric: sit_no_work_window_active
3382,865792.000000,866048.000000,256.000000,256.000000,0.000000,0.000000,256.000000,0.000000,0.000000000,Source metric: sit_no_work_window_active
3383,866048.000000,866304.000000,256.000000,256.000000,0.000000,0.000000,256.000000,0.000000,0.000000000,Source metric: sit_no_work_window_active
3384,866304.000000,866560.000000,256.000000,256.000000,0.000000,0.000000,256.000000,0.000000,0.000000000,Source metric: sit_no_work_window_active
3385,866560.000000,866816.000000,256.000000,256.000000,0.000000,0.000000,256.000000,0.000000,0.000000000,Source metric: sit_no_work_window_active
3386,866816.000000,867072.000000,256.000000,256.000000,0.000000,0.000000,256.000000,0.000000,0.000000000,Source metric: sit_no_work_window_active
3387,867072.000000,867328.000000,256.000000,256.000000,0.000000,0.000000,256.000000,0.000000,0.000000000,Source metric: sit_no_work_window_active
3388,867328.000000,867584.000000,256.000000,256.000000,0.000000,0.000000,256.000000,0.000000,0.000000000,Source metric: sit_no_work_window_active
3389,867584.000000,867840.000000,256.000000,256.000000,0.000000,0.000000,256.000000,0.000000,0.000000000,Source metric: sit_no_work_window_active
3390,867840.000000,868096.000000,256.000000,256.000000,0.000000,0.000000,256.000000,0.000000,0.000000000,Source metric: sit_no_work_window_active
3391,868096.000000,868352.000000,256.000000,256.000000,0.000000,0.000000,256.000000,0.000000,0.000000000,Source metric: sit_no_work_window_active
3392,868352.000000,868608.000000,256.000000,256.000000,0.000000,0.000000,256.000000,0.000000,0.000000000,Source metric: sit_no_work_window_active
3393,868608.000000,868864.000000,256.000000,256.000000,0.000000,0.000000,256.000000,0.000000,0.000000000,Source metric: sit_no_work_window_active
3394,868864.000000,869120.000000,256.000000,256.000000,0.000000,0.000000,256.000000,0.000000,0.000000000,Source metric: sit_no_work_window_active
3395,869120.000000,869376.000000,256.000000,256.000000,0.000000,0.000000,256.000000,0.000000,0.000000000,Source metric: sit_no_work_window_active
3396,869376.000000,869632.000000,256.000000,256.000000,0.000000,0.000000,256.000000,0.000000,0.000000000,Source metric: sit_no_work_window_active
3397,869632.000000,869888.000000,256.000000,256.000000,0.000000,0.000000,256.000000,0.000000,0.000000000,Source metric: sit_no_work_window_active
3398,869888.000000,870144.000000,256.000000,256.000000,0.000000,0.000000,256.000000,0.000000,0.000000000,Source metric: sit_no_work_window_active
3399,870144.000000,870400.000000,256.000000,256.000000,0.000000,0.000000,256.000000,0.000000,0.000000000,Source metric: sit_no_work_window_active
3400,870400.000000,870656.000000,256.000000,256.000000,0.000000,0.000000,256.000000,0.000000,0.000000000,Source metric: sit_no_work_window_active
3401,870656.000000,870912.000000,256.000000,256.000000,0.000000,0.000000,256.000000,0.000000,0.000000000,Source metric: sit_no_work_window_active
3402,870912.000000,871168.000000,256.000000,256.000000,0.000000,0.000000,256.000000,0.000000,0.000000000,Source metric: sit_no_work_window_active
3403,871168.000000,871424.000000,256.000000,256.000000,0.000000,0.000000,256.000000,0.000000,0.000000000,Source metric: sit_no_work_window_active
3404,871424.000000,871680.000000,256.000000,256.000000,0.000000,0.000000,256.000000,0.000000,0.000000000,Source metric: sit_no_work_window_active
3405,871680.000000,871936.000000,256.000000,256.000000,0.000000,0.000000,256.000000,0.000000,0.000000000,Source metric: sit_no_work_window_active
3406,871936.000000,872192.000000,256.000000,256.000000,0.000000,0.000000,256.000000,0.000000,0.000000000,Source metric: sit_no_work_window_active
3407,872192.000000,872448.000000,256.000000,256.000000,0.000000,0.000000,256.000000,0.000000,0.000000000,Source metric: sit_no_work_window_active
3408,872448.000000,872704.000000,256.000000,256.000000,0.000000,0.000000,256.000000,0.000000,0.000000000,Source metric: sit_no_work_window_active
3409,872704.000000,872960.000000,256.000000,256.000000,0.000000,0.000000,256.000000,0.000000,0.000000000,Source metric: sit_no_work_window_active
3410,872960.000000,873216.000000,256.000000,256.000000,0.000000,0.000000,256.000000,0.000000,0.000000000,Source metric: sit_no_work_window_active
3411,873216.000000,873472.000000,256.000000,256.000000,0.000000,0.000000,256.000000,0.000000,0.000000000,Source metric: sit_no_work_window_active
3412,873472.000000,873728.000000,256.000000,256.000000,0.000000,0.000000,256.000000,0.000000,0.000000000,Source metric: sit_no_work_window_active
3413,873728.000000,873984.000000,256.000000,256.000000,0.000000,0.000000,256.000000,0.000000,0.000000000,Source metric: sit_no_work_window_active
3414,873984.000000,874240.000000,256.000000,256.000000,0.000000,0.000000,256.000000,0.000000,0.000000000,Source metric: sit_no_work_window_active
3415,874240.000000,874496.000000,256.000000,256.000000,0.000000,0.000000,256.000000,0.000000,0.000000000,Source metric: sit_no_work_window_active
3416,874496.000000,874752.000000,256.000000,256.000000,0.000000,0.000000,256.000000,0.000000,0.000000000,Source metric: sit_no_work_window_active
3417,874752.000000,875008.000000,256.000000,256.000000,0.000000,0.000000,256.000000,0.000000,0.000000000,Source metric: sit_no_work_window_active
3418,875008.000000,875264.000000,256.000000,256.000000,0.000000,0.000000,256.000000,0.000000,0.000000000,Source metric: sit_no_work_window_active
3419,875264.000000,875520.000000,256.000000,256.000000,0.000000,0.000000,256.000000,0.000000,0.000000000,Source metric: sit_no_work_window_active
3420,875520.000000,875776.000000,256.000000,256.000000,0.000000,0.000000,256.000000,0.000000,0.000000000,Source metric: sit_no_work_window_active
3421,875776.000000,876032.000000,256.000000,256.000000,0.000000,0.000000,256.000000,0.000000,0.000000000,Source metric: sit_no_work_window_active
3422,876032.000000,876288.000000,256.000000,256.000000,0.000000,0.000000,256.000000,0.000000,0.000000000,Source metric: sit_no_work_window_active
3423,876288.000000,876544.000000,256.000000,256.000000,0.000000,0.000000,256.000000,0.000000,0.000000000,Source metric: sit_no_work_window_active
3424,876544.000000,876800.000000,256.000000,256.000000,0.000000,0.000000,256.000000,0.000000,0.000000000,Source metric: sit_no_work_window_active
3425,876800.000000,877056.000000,256.000000,256.000000,0.000000,0.000000,256.000000,0.000000,0.000000000,Source metric: sit_no_work_window_active
3426,877056.000000,877312.000000,256.000000,256.000000,0.000000,0.000000,256.000000,0.000000,0.000000000,Source metric: sit_no_work_window_active
3427,877312.000000,877568.000000,256.000000,256.000000,0.000000,0.000000,256.000000,0.000000,0.000000000,Source metric: sit_no_work_window_active
3428,877568.000000,877824.000000,256.000000,256.000000,0.000000,0.000000,256.000000,0.000000,0.000000000,Source metric: sit_no_work_window_active
3429,877824.000000,878080.000000,256.000000,256.000000,0.000000,0.000000,256.000000,0.000000,0.000000000,Source metric: sit_no_work_window_active
3430,878080.000000,878336.000000,256.000000,256.000000,0.000000,0.000000,256.000000,0.000000,0.000000000,Source metric: sit_no_work_window_active
3431,878336.000000,878592.000000,256.000000,256.000000,0.000000,0.000000,256.000000,0.000000,0.000000000,Source metric: sit_no_work_window_active
3432,878592.000000,878848.000000,256.000000,256.000000,0.000000,0.000000,256.000000,0.000000,0.000000000,Source metric: sit_no_work_window_active
3433,878848.000000,879104.000000,256.000000,256.000000,0.000000,0.000000,256.000000,0.000000,0.000000000,Source metric: sit_no_work_window_active
3434,879104.000000,879360.000000,256.000000,256.000000,0.000000,0.000000,256.000000,0.000000,0.000000000,Source metric: sit_no_work_window_active
3435,879360.000000,879616.000000,256.000000,256.000000,0.000000,0.000000,256.000000,0.000000,0.000000000,Source metric: sit_no_work_window_active
3436,879616.000000,879872.000000,256.000000,256.000000,0.000000,0.000000,256.000000,0.000000,0.000000000,Source metric: sit_no_work_window_active
3437,879872.000000,880128.000000,256.000000,256.000000,0.000000,0.000000,256.000000,0.000000,0.000000000,Source metric: sit_no_work_window_active
3438,880128.000000,880384.000000,256.000000,256.000000,0.000000,0.000000,256.000000,0.000000,0.000000000,Source metric: sit_no_work_window_active
3439,880384.000000,880640.000000,256.000000,256.000000,0.000000,0.000000,256.000000,0.000000,0.000000000,Source metric: sit_no_work_window_active
3440,880640.000000,880896.000000,256.000000,256.000000,0.000000,0.000000,256.000000,0.000000,0.000000000,Source metric: sit_no_work_window_active
3441,880896.000000,881152.000000,256.000000,256.000000,0.000000,0.000000,256.000000,0.000000,0.000000000,Source metric: sit_no_work_window_active
3442,881152.000000,881408.000000,256.000000,256.000000,0.000000,0.000000,256.000000,0.000000,0.000000000,Source metric: sit_no_work_window_active
3443,881408.000000,881664.000000,256.000000,256.000000,0.000000,0.000000,256.000000,0.000000,0.000000000,Source metric: sit_no_work_window_active
3444,881664.000000,881920.000000,256.000000,256.000000,0.000000,0.000000,256.000000,0.000000,0.000000000,Source metric: sit_no_work_window_active
3445,881920.000000,882176.000000,256.000000,256.000000,0.000000,0.000000,256.000000,0.000000,0.000000000,Source metric: sit_no_work_window_active
3446,882176.000000,882432.000000,256.000000,256.000000,0.000000,0.000000,256.000000,0.000000,0.000000000,Source metric: sit_no_work_window_active
3447,882432.000000,882688.000000,256.000000,256.000000,0.000000,0.000000,256.000000,0.000000,0.000000000,Source metric: sit_no_work_window_active
3448,882688.000000,882944.000000,256.000000,256.000000,0.000000,0.000000,256.000000,0.000000,0.000000000,Source metric: sit_no_work_window_active
3449,882944.000000,883200.000000,256.000000,256.000000,0.000000,0.000000,256.000000,0.000000,0.000000000,Source metric: sit_no_work_window_active
3450,883200.000000,883456.000000,256.000000,256.000000,0.000000,0.000000,256.000000,0.000000,0.000000000,Source metric: sit_no_work_window_active
3451,883456.000000,883712.000000,256.000000,256.000000,0.000000,0.000000,256.000000,0.000000,0.000000000,Source metric: sit_no_work_window_active
3452,883712.000000,883968.000000,256.000000,256.000000,0.000000,0.000000,256.000000,0.000000,0.000000000,Source metric: sit_no_work_window_active
3453,883968.000000,884224.000000,256.000000,256.000000,0.000000,0.000000,256.000000,0.000000,0.000000000,Source metric: sit_no_work_window_active
3454,884224.000000,884480.000000,256.000000,256.000000,0.000000,0.000000,256.000000,0.000000,0.000000000,Source metric: sit_no_work_window_active
3455,884480.000000,884736.000000,256.000000,256.000000,0.000000,0.000000,256.000000,0.000000,0.000000000,Source metric: sit_no_work_window_active
3456,884736.000000,884992.000000,256.000000,256.000000,0.000000,0.000000,256.000000,0.000000,0.000000000,Source metric: sit_no_work_window_active
3457,884992.000000,885248.000000,256.000000,256.000000,0.000000,0.000000,256.000000,0.000000,0.000000000,Source metric: sit_no_work_window_active
3458,885248.000000,885504.000000,256.000000,256.000000,0.000000,0.000000,256.000000,0.000000,0.000000000,Source metric: sit_no_work_window_active
3459,885504.000000,885760.000000,256.000000,256.000000,0.000000,0.000000,256.000000,0.000000,0.000000000,Source metric: sit_no_work_window_active
3460,885760.000000,886016.000000,256.000000,256.000000,0.000000,0.000000,256.000000,0.000000,0.000000000,Source metric: sit_no_work_window_active
3461,886016.000000,886272.000000,256.000000,256.000000,0.000000,0.000000,256.000000,0.000000,0.000000000,Source metric: sit_no_work_window_active
3462,886272.000000,886528.000000,256.000000,256.000000,0.000000,0.000000,256.000000,0.000000,0.000000000,Source metric: sit_no_work_window_active
3463,886528.000000,886784.000000,256.000000,256.000000,0.000000,0.000000,256.000000,0.000000,0.000000000,Source metric: sit_no_work_window_active
3464,886784.000000,887040.000000,256.000000,256.000000,0.000000,0.000000,256.000000,0.000000,0.000000000,Source metric: sit_no_work_window_active
3465,887040.000000,887296.000000,256.000000,256.000000,0.000000,0.000000,256.000000,0.000000,0.000000000,Source metric: sit_no_work_window_active
3466,887296.000000,887552.000000,256.000000,256.000000,0.000000,0.000000,256.000000,0.000000,0.000000000,Source metric: sit_no_work_window_active
3467,887552.000000,887808.000000,256.000000,256.000000,0.000000,0.000000,256.000000,0.000000,0.000000000,Source metric: sit_no_work_window_active
3468,887808.000000,888064.000000,256.000000,256.000000,0.000000,0.000000,256.000000,0.000000,0.000000000,Source metric: sit_no_work_window_active
3469,888064.000000,888320.000000,256.000000,256.000000,0.000000,0.000000,256.000000,0.000000,0.000000000,Source metric: sit_no_work_window_active
3470,888320.000000,888576.000000,256.000000,256.000000,0.000000,0.000000,256.000000,0.000000,0.000000000,Source metric: sit_no_work_window_active
3471,888576.000000,888832.000000,256.000000,256.000000,0.000000,0.000000,256.000000,0.000000,0.000000000,Source metric: sit_no_work_window_active
3472,888832.000000,889088.000000,256.000000,256.000000,0.000000,0.000000,256.000000,0.000000,0.000000000,Source metric: sit_no_work_window_active
3473,889088.000000,889344.000000,256.000000,256.000000,0.000000,0.000000,256.000000,0.000000,0.000000000,Source metric: sit_no_work_window_active
3474,889344.000000,889600.000000,256.000000,256.000000,0.000000,0.000000,256.000000,0.000000,0.000000000,Source metric: sit_no_work_window_active
3475,889600.000000,889856.000000,256.000000,256.000000,0.000000,0.000000,256.000000,0.000000,0.000000000,Source metric: sit_no_work_window_active
3476,889856.000000,890112.000000,256.000000,256.000000,0.000000,0.000000,256.000000,0.000000,0.000000000,Source metric: sit_no_work_window_active
3477,890112.000000,890368.000000,256.000000,256.000000,0.000000,0.000000,256.000000,0.000000,0.000000000,Source metric: sit_no_work_window_active
3478,890368.000000,890624.000000,256.000000,256.000000,0.000000,0.000000,256.000000,0.000000,0.000000000,Source metric: sit_no_work_window_active
3479,890624.000000,890880.000000,256.000000,256.000000,0.000000,0.000000,256.000000,0.000000,0.000000000,Source metric: sit_no_work_window_active
3480,890880.000000,891136.000000,256.000000,256.000000,0.000000,0.000000,256.000000,0.000000,0.000000000,Source metric: sit_no_work_window_active
3481,891136.000000,891392.000000,256.000000,256.000000,0.000000,0.000000,256.000000,0.000000,0.000000000,Source metric: sit_no_work_window_active
3482,891392.000000,891648.000000,256.000000,256.000000,0.000000,0.000000,256.000000,0.000000,0.000000000,Source metric: sit_no_work_window_active
3483,891648.000000,891904.000000,256.000000,256.000000,0.000000,0.000000,256.000000,0.000000,0.000000000,Source metric: sit_no_work_window_active
3484,891904.000000,892160.000000,256.000000,256.000000,0.000000,0.000000,256.000000,0.000000,0.000000000,Source metric: sit_no_work_window_active
3485,892160.000000,892416.000000,256.000000,256.000000,0.000000,0.000000,256.000000,0.000000,0.000000000,Source metric: sit_no_work_window_active
3486,892416.000000,892672.000000,256.000000,256.000000,0.000000,0.000000,256.000000,0.000000,0.000000000,Source metric: sit_no_work_window_active
3487,892672.000000,892928.000000,256.000000,256.000000,0.000000,0.000000,256.000000,0.000000,0.000000000,Source metric: sit_no_work_window_active
3488,892928.000000,893184.000000,256.000000,256.000000,0.000000,0.000000,256.000000,0.000000,0.000000000,Source metric: sit_no_work_window_active
3489,893184.000000,893440.000000,256.000000,256.000000,0.000000,0.000000,256.000000,0.000000,0.000000000,Source metric: sit_no_work_window_active
3490,893440.000000,893696.000000,256.000000,256.000000,0.000000,0.000000,256.000000,0.000000,0.000000000,Source metric: sit_no_work_window_active
3491,893696.000000,893952.000000,256.000000,256.000000,0.000000,0.000000,256.000000,0.000000,0.000000000,Source metric: sit_no_work_window_active
3492,893952.000000,894208.000000,256.000000,256.000000,0.000000,0.000000,256.000000,0.000000,0.000000000,Source metric: sit_no_work_window_active
3493,894208.000000,894464.000000,256.000000,256.000000,0.000000,0.000000,256.000000,0.000000,0.000000000,Source metric: sit_no_work_window_active
3494,894464.000000,894720.000000,256.000000,256.000000,0.000000,0.000000,256.000000,0.000000,0.000000000,Source metric: sit_no_work_window_active
3495,894720.000000,894976.000000,256.000000,256.000000,0.000000,0.000000,256.000000,0.000000,0.000000000,Source metric: sit_no_work_window_active
3496,894976.000000,895232.000000,256.000000,256.000000,0.000000,0.000000,256.000000,0.000000,0.000000000,Source metric: sit_no_work_window_active
3497,895232.000000,895488.000000,256.000000,256.000000,0.000000,0.000000,256.000000,0.000000,0.000000000,Source metric: sit_no_work_window_active
3498,895488.000000,895744.000000,256.000000,256.000000,0.000000,0.000000,256.000000,0.000000,0.000000000,Source metric: sit_no_work_window_active
3499,895744.000000,896000.000000,256.000000,256.000000,0.000000,0.000000,256.000000,0.000000,0.000000000,Source metric: sit_no_work_window_active
3500,896000.000000,896256.000000,256.000000,256.000000,0.000000,0.000000,256.000000,0.000000,0.000000000,Source metric: sit_no_work_window_active
3501,896256.000000,896512.000000,256.000000,256.000000,0.000000,0.000000,256.000000,0.000000,0.000000000,Source metric: sit_no_work_window_active
3502,896512.000000,896768.000000,256.000000,256.000000,0.000000,0.000000,256.000000,0.000000,0.000000000,Source metric: sit_no_work_window_active
3503,896768.000000,897024.000000,256.000000,256.000000,0.000000,0.000000,256.000000,0.000000,0.000000000,Source metric: sit_no_work_window_active
3504,897024.000000,897280.000000,256.000000,256.000000,0.000000,0.000000,256.000000,0.000000,0.000000000,Source metric: sit_no_work_window_active
3505,897280.000000,897536.000000,256.000000,256.000000,0.000000,0.000000,256.000000,0.000000,0.000000000,Source metric: sit_no_work_window_active
3506,897536.000000,897792.000000,256.000000,256.000000,0.000000,0.000000,256.000000,0.000000,0.000000000,Source metric: sit_no_work_window_active
3507,897792.000000,898048.000000,256.000000,256.000000,0.000000,0.000000,256.000000,0.000000,0.000000000,Source metric: sit_no_work_window_active
3508,898048.000000,898304.000000,256.000000,256.000000,0.000000,0.000000,256.000000,0.000000,0.000000000,Source metric: sit_no_work_window_active
3509,898304.000000,898560.000000,256.000000,256.000000,0.000000,0.000000,256.000000,0.000000,0.000000000,Source metric: sit_no_work_window_active
3510,898560.000000,898816.000000,256.000000,256.000000,0.000000,0.000000,256.000000,0.000000,0.000000000,Source metric: sit_no_work_window_active
3511,898816.000000,899072.000000,256.000000,256.000000,0.000000,0.000000,256.000000,0.000000,0.000000000,Source metric: sit_no_work_window_active
3512,899072.000000,899328.000000,256.000000,256.000000,0.000000,0.000000,256.000000,0.000000,0.000000000,Source metric: sit_no_work_window_active
3513,899328.000000,899584.000000,256.000000,256.000000,0.000000,0.000000,256.000000,0.000000,0.000000000,Source metric: sit_no_work_window_active
3514,899584.000000,899840.000000,256.000000,256.000000,0.000000,0.000000,256.000000,0.000000,0.000000000,Source metric: sit_no_work_window_active
3515,899840.000000,900096.000000,256.000000,256.000000,0.000000,0.000000,256.000000,0.000000,0.000000000,Source metric: sit_no_work_window_active
3516,900096.000000,900352.000000,256.000000,256.000000,0.000000,0.000000,256.000000,0.000000,0.000000000,Source metric: sit_no_work_window_active
3517,900352.000000,900608.000000,256.000000,256.000000,0.000000,0.000000,256.000000,0.000000,0.000000000,Source metric: sit_no_work_window_active
3518,900608.000000,900864.000000,256.000000,256.000000,0.000000,0.000000,256.000000,0.000000,0.000000000,Source metric: sit_no_work_window_active
3519,900864.000000,901120.000000,256.000000,256.000000,0.000000,0.000000,256.000000,0.000000,0.000000000,Source metric: sit_no_work_window_active
3520,901120.000000,901376.000000,256.000000,256.000000,0.000000,0.000000,256.000000,0.000000,0.000000000,Source metric: sit_no_work_window_active
3521,901376.000000,901632.000000,256.000000,256.000000,0.000000,0.000000,256.000000,0.000000,0.000000000,Source metric: sit_no_work_window_active
3522,901632.000000,901888.000000,256.000000,256.000000,0.000000,0.000000,256.000000,0.000000,0.000000000,Source metric: sit_no_work_window_active
3523,901888.000000,902144.000000,256.000000,256.000000,0.000000,0.000000,256.000000,0.000000,0.000000000,Source metric: sit_no_work_window_active
3524,902144.000000,902400.000000,256.000000,256.000000,0.000000,0.000000,256.000000,0.000000,0.000000000,Source metric: sit_no_work_window_active
3525,902400.000000,902656.000000,256.000000,256.000000,0.000000,0.000000,256.000000,0.000000,0.000000000,Source metric: sit_no_work_window_active
3526,902656.000000,902912.000000,256.000000,256.000000,0.000000,0.000000,256.000000,0.000000,0.000000000,Source metric: sit_no_work_window_active
3527,902912.000000,903168.000000,256.000000,256.000000,0.000000,0.000000,256.000000,0.000000,0.000000000,Source metric: sit_no_work_window_active
3528,903168.000000,903424.000000,256.000000,256.000000,0.000000,0.000000,256.000000,0.000000,0.000000000,Source metric: sit_no_work_window_active
3529,903424.000000,903680.000000,256.000000,256.000000,0.000000,0.000000,256.000000,0.000000,0.000000000,Source metric: sit_no_work_window_active
3530,903680.000000,903936.000000,256.000000,256.000000,0.000000,0.000000,256.000000,0.000000,0.000000000,Source metric: sit_no_work_window_active
3531,903936.000000,904192.000000,256.000000,256.000000,0.000000,0.000000,256.000000,0.000000,0.000000000,Source metric: sit_no_work_window_active
3532,904192.000000,904448.000000,256.000000,256.000000,0.000000,0.000000,256.000000,0.000000,0.000000000,Source metric: sit_no_work_window_active
3533,904448.000000,904704.000000,256.000000,256.000000,0.000000,0.000000,256.000000,0.000000,0.000000000,Source metric: sit_no_work_window_active
3534,904704.000000,904960.000000,256.000000,256.000000,0.000000,0.000000,256.000000,0.000000,0.000000000,Source metric: sit_no_work_window_active
3535,904960.000000,905216.000000,256.000000,256.000000,0.000000,0.000000,256.000000,0.000000,0.000000000,Source metric: sit_no_work_window_active
3536,905216.000000,905472.000000,256.000000,256.000000,0.000000,0.000000,256.000000,0.000000,0.000000000,Source metric: sit_no_work_window_active
3537,905472.000000,905728.000000,256.000000,256.000000,0.000000,0.000000,256.000000,0.000000,0.000000000,Source metric: sit_no_work_window_active
3538,905728.000000,905984.000000,256.000000,256.000000,0.000000,0.000000,256.000000,0.000000,0.000000000,Source metric: sit_no_work_window_active
3539,905984.000000,906240.000000,256.000000,256.000000,0.000000,0.000000,256.000000,0.000000,0.000000000,Source metric: sit_no_work_window_active
3540,906240.000000,906496.000000,256.000000,256.000000,0.000000,0.000000,256.000000,0.000000,0.000000000,Source metric: sit_no_work_window_active
3541,906496.000000,906752.000000,256.000000,256.000000,0.000000,0.000000,256.000000,0.000000,0.000000000,Source metric: sit_no_work_window_active
3542,906752.000000,907008.000000,256.000000,256.000000,0.000000,0.000000,256.000000,0.000000,0.000000000,Source metric: sit_no_work_window_active
3543,907008.000000,907264.000000,256.000000,256.000000,0.000000,0.000000,256.000000,0.000000,0.000000000,Source metric: sit_no_work_window_active
3544,907264.000000,907520.000000,256.000000,256.000000,0.000000,0.000000,256.000000,0.000000,0.000000000,Source metric: sit_no_work_window_active
3545,907520.000000,907776.000000,256.000000,256.000000,0.000000,0.000000,256.000000,0.000000,0.000000000,Source metric: sit_no_work_window_active
3546,907776.000000,908032.000000,256.000000,256.000000,0.000000,0.000000,256.000000,0.000000,0.000000000,Source metric: sit_no_work_window_active
3547,908032.000000,908288.000000,256.000000,256.000000,0.000000,0.000000,256.000000,0.000000,0.000000000,Source metric: sit_no_work_window_active
3548,908288.000000,908544.000000,256.000000,256.000000,0.000000,0.000000,256.000000,0.000000,0.000000000,Source metric: sit_no_work_window_active
3549,908544.000000,908800.000000,256.000000,256.000000,0.000000,0.000000,256.000000,0.000000,0.000000000,Source metric: sit_no_work_window_active
3550,908800.000000,909056.000000,256.000000,256.000000,0.000000,0.000000,256.000000,0.000000,0.000000000,Source metric: sit_no_work_window_active
3551,909056.000000,909312.000000,256.000000,256.000000,0.000000,0.000000,256.000000,0.000000,0.000000000,Source metric: sit_no_work_window_active
3552,909312.000000,909568.000000,256.000000,256.000000,0.000000,0.000000,256.000000,0.000000,0.000000000,Source metric: sit_no_work_window_active
3553,909568.000000,909824.000000,256.000000,256.000000,0.000000,0.000000,256.000000,0.000000,0.000000000,Source metric: sit_no_work_window_active
3554,909824.000000,910080.000000,256.000000,256.000000,0.000000,0.000000,256.000000,0.000000,0.000000000,Source metric: sit_no_work_window_active
3555,910080.000000,910336.000000,256.000000,256.000000,0.000000,0.000000,256.000000,0.000000,0.000000000,Source metric: sit_no_work_window_active
3556,910336.000000,910592.000000,256.000000,256.000000,0.000000,0.000000,256.000000,0.000000,0.000000000,Source metric: sit_no_work_window_active
3557,910592.000000,910848.000000,256.000000,256.000000,0.000000,0.000000,256.000000,0.000000,0.000000000,Source metric: sit_no_work_window_active
3558,910848.000000,911104.000000,256.000000,256.000000,0.000000,0.000000,256.000000,0.000000,0.000000000,Source metric: sit_no_work_window_active
3559,911104.000000,911360.000000,256.000000,256.000000,0.000000,0.000000,256.000000,0.000000,0.000000000,Source metric: sit_no_work_window_active
3560,911360.000000,911616.000000,256.000000,256.000000,0.000000,0.000000,256.000000,0.000000,0.000000000,Source metric: sit_no_work_window_active
3561,911616.000000,911872.000000,256.000000,256.000000,0.000000,0.000000,256.000000,0.000000,0.000000000,Source metric: sit_no_work_window_active
3562,911872.000000,912128.000000,256.000000,256.000000,0.000000,0.000000,256.000000,0.000000,0.000000000,Source metric: sit_no_work_window_active
3563,912128.000000,912384.000000,256.000000,256.000000,0.000000,0.000000,256.000000,0.000000,0.000000000,Source metric: sit_no_work_window_active
3564,912384.000000,912640.000000,256.000000,256.000000,0.000000,0.000000,256.000000,0.000000,0.000000000,Source metric: sit_no_work_window_active
3565,912640.000000,912896.000000,256.000000,256.000000,0.000000,0.000000,256.000000,0.000000,0.000000000,Source metric: sit_no_work_window_active
3566,912896.000000,913152.000000,256.000000,256.000000,0.000000,0.000000,256.000000,0.000000,0.000000000,Source metric: sit_no_work_window_active
3567,913152.000000,913408.000000,256.000000,256.000000,0.000000,0.000000,256.000000,0.000000,0.000000000,Source metric: sit_no_work_window_active
3568,913408.000000,913664.000000,256.000000,256.000000,0.000000,0.000000,256.000000,0.000000,0.000000000,Source metric: sit_no_work_window_active
3569,913664.000000,913920.000000,256.000000,256.000000,0.000000,0.000000,256.000000,0.000000,0.000000000,Source metric: sit_no_work_window_active
3570,913920.000000,914176.000000,256.000000,256.000000,0.000000,0.000000,256.000000,0.000000,0.000000000,Source metric: sit_no_work_window_active
3571,914176.000000,914432.000000,256.000000,256.000000,0.000000,0.000000,256.000000,0.000000,0.000000000,Source metric: sit_no_work_window_active
3572,914432.000000,914688.000000,256.000000,256.000000,0.000000,0.000000,256.000000,0.000000,0.000000000,Source metric: sit_no_work_window_active
3573,914688.000000,914944.000000,256.000000,256.000000,0.000000,0.000000,256.000000,0.000000,0.000000000,Source metric: sit_no_work_window_active
3574,914944.000000,915200.000000,256.000000,256.000000,0.000000,0.000000,256.000000,0.000000,0.000000000,Source metric: sit_no_work_window_active
3575,915200.000000,915456.000000,256.000000,256.000000,0.000000,0.000000,256.000000,0.000000,0.000000000,Source metric: sit_no_work_window_active
3576,915456.000000,915712.000000,256.000000,256.000000,0.000000,0.000000,256.000000,0.000000,0.000000000,Source metric: sit_no_work_window_active
3577,915712.000000,915968.000000,256.000000,256.000000,2.000000,228.000000,26.000000,0.000000,0.007812500,Source metric: sit_no_work_window_active
3578,915968.000000,916224.000000,256.000000,256.000000,0.000000,256.000000,0.000000,0.000000,0.000000000,Source metric: sit_no_work_window_active
3579,916224.000000,916480.000000,256.000000,256.000000,0.000000,256.000000,0.000000,0.000000,0.000000000,Source metric: sit_no_work_window_active
3580,916480.000000,916736.000000,256.000000,256.000000,0.000000,256.000000,0.000000,0.000000,0.000000000,Source metric: sit_no_work_window_active
3581,916736.000000,916992.000000,256.000000,256.000000,0.000000,256.000000,0.000000,0.000000,0.000000000,Source metric: sit_no_work_window_active
3582,916992.000000,917248.000000,256.000000,256.000000,0.000000,256.000000,0.000000,0.000000,0.000000000,Source metric: sit_no_work_window_active
3583,917248.000000,917504.000000,256.000000,256.000000,0.000000,256.000000,0.000000,0.000000,0.000000000,Source metric: sit_no_work_window_active
3584,917504.000000,917760.000000,256.000000,256.000000,0.000000,256.000000,0.000000,0.000000,0.000000000,Source metric: sit_no_work_window_active
3585,917760.000000,918016.000000,256.000000,256.000000,0.000000,256.000000,0.000000,0.000000,0.000000000,Source metric: sit_no_work_window_active
3586,918016.000000,918272.000000,256.000000,256.000000,0.000000,256.000000,0.000000,0.000000,0.000000000,Source metric: sit_no_work_window_active
3587,918272.000000,918528.000000,256.000000,256.000000,0.000000,256.000000,0.000000,0.000000,0.000000000,Source metric: sit_no_work_window_active
3588,918528.000000,918784.000000,256.000000,256.000000,0.000000,256.000000,0.000000,0.000000,0.000000000,Source metric: sit_no_work_window_active
3589,918784.000000,919040.000000,256.000000,256.000000,0.000000,256.000000,0.000000,0.000000,0.000000000,Source metric: sit_no_work_window_active
3590,919040.000000,919296.000000,256.000000,256.000000,0.000000,256.000000,0.000000,0.000000,0.000000000,Source metric: sit_no_work_window_active
3591,919296.000000,919552.000000,256.000000,256.000000,0.000000,256.000000,0.000000,0.000000,0.000000000,Source metric: sit_no_work_window_active
3592,919552.000000,919808.000000,256.000000,256.000000,0.000000,256.000000,0.000000,0.000000,0.000000000,Source metric: sit_no_work_window_active
3593,919808.000000,920064.000000,256.000000,256.000000,0.000000,256.000000,0.000000,0.000000,0.000000000,Source metric: sit_no_work_window_active
3594,920064.000000,920320.000000,256.000000,256.000000,0.000000,256.000000,0.000000,0.000000,0.000000000,Source metric: sit_no_work_window_active
3595,920320.000000,920576.000000,256.000000,256.000000,0.000000,256.000000,0.000000,0.000000,0.000000000,Source metric: sit_no_work_window_active
3596,920576.000000,920832.000000,256.000000,256.000000,0.000000,256.000000,0.000000,0.000000,0.000000000,Source metric: sit_no_work_window_active
3597,920832.000000,921088.000000,256.000000,256.000000,0.000000,256.000000,0.000000,0.000000,0.000000000,Source metric: sit_no_work_window_active
