core,window_id,window_start_us,window_end_us,resident_us,resident_frac_of_window,is_resident_window,active_frac,stall_frac,idle_frac,sit_no_work_window_active,sit_no_work_global_active,sit
0,0,0.0,256.0,256.0,1.0,1,0.53125,0.328125,0.140625,0.53125,0.2437106986520289,0.2437106986520289
0,1,256.0,512.0,256.0,1.0,1,0.359375,0.44921875,0.19140625,0.359375,0.2437106986520289,0.2437106986520289
0,2,512.0,768.0,256.0,1.0,1,0.3828125,0.44921875,0.16796875,0.3828125,0.2437106986520289,0.2437106986520289
0,3,768.0,1024.0,256.0,1.0,1,0.34765625,0.3984375,0.25390625,0.34765625,0.2437106986520289,0.2437106986520289
0,4,1024.0,1280.0,256.0,1.0,1,0.41015625,0.4140625,0.17578125,0.41015625,0.2437106986520289,0.2437106986520289
0,5,1280.0,1536.0,256.0,1.0,1,0.3984375,0.44140625,0.16015625,0.3984375,0.2437106986520289,0.2437106986520289
0,6,1536.0,1792.0,256.0,1.0,1,0.375,0.4375,0.1875,0.375,0.2437106986520289,0.2437106986520289
0,7,1792.0,2048.0,256.0,1.0,1,0.34765625,0.4453125,0.20703125,0.34765625,0.2437106986520289,0.2437106986520289
0,8,2048.0,2304.0,256.0,1.0,1,0.41796875,0.40234375,0.1796875,0.41796875,0.2437106986520289,0.2437106986520289
0,9,2304.0,2560.0,256.0,1.0,1,0.40625,0.4609375,0.1328125,0.40625,0.2437106986520289,0.2437106986520289
0,10,2560.0,2816.0,256.0,1.0,1,0.4140625,0.44140625,0.14453125,0.4140625,0.2437106986520289,0.2437106986520289
0,11,2816.0,3072.0,256.0,1.0,1,0.3671875,0.421875,0.2109375,0.3671875,0.2437106986520289,0.2437106986520289
0,12,3072.0,3328.0,256.0,1.0,1,0.3984375,0.4453125,0.15625,0.3984375,0.2437106986520289,0.2437106986520289
0,13,3328.0,3584.0,256.0,1.0,1,0.390625,0.4453125,0.1640625,0.390625,0.2437106986520289,0.2437106986520289
0,14,3584.0,3840.0,256.0,1.0,1,0.39453125,0.38671875,0.21875,0.39453125,0.2437106986520289,0.2437106986520289
0,15,3840.0,4096.0,256.0,1.0,1,0.35546875,0.453125,0.19140625,0.35546875,0.2437106986520289,0.2437106986520289
0,16,4096.0,4352.0,256.0,1.0,1,0.390625,0.4453125,0.1640625,0.390625,0.2437106986520289,0.2437106986520289
0,17,4352.0,4608.0,256.0,1.0,1,0.36328125,0.41796875,0.21875,0.36328125,0.2437106986520289,0.2437106986520289
0,18,4608.0,4864.0,256.0,1.0,1,0.359375,0.46875,0.171875,0.359375,0.2437106986520289,0.2437106986520289
0,19,4864.0,5120.0,256.0,1.0,1,0.40625,0.40625,0.1875,0.40625,0.2437106986520289,0.2437106986520289
0,20,5120.0,5376.0,256.0,1.0,1,0.40234375,0.44140625,0.15625,0.40234375,0.2437106986520289,0.2437106986520289
0,21,5376.0,5632.0,256.0,1.0,1,0.3828125,0.4296875,0.1875,0.3828125,0.2437106986520289,0.2437106986520289
0,22,5632.0,5888.0,256.0,1.0,1,0.37109375,0.44140625,0.1875,0.37109375,0.2437106986520289,0.2437106986520289
0,23,5888.0,6144.0,256.0,1.0,1,0.359375,0.421875,0.21875,0.359375,0.2437106986520289,0.2437106986520289
0,24,6144.0,6400.0,256.0,1.0,1,0.3828125,0.3984375,0.21875,0.3828125,0.2437106986520289,0.2437106986520289
0,25,6400.0,6656.0,256.0,1.0,1,0.41015625,0.40625,0.18359375,0.41015625,0.2437106986520289,0.2437106986520289
0,26,6656.0,6912.0,256.0,1.0,1,0.35546875,0.4140625,0.23046875,0.35546875,0.2437106986520289,0.2437106986520289
0,27,6912.0,7168.0,256.0,1.0,1,0.4140625,0.43359375,0.15234375,0.4140625,0.2437106986520289,0.2437106986520289
0,28,7168.0,7424.0,256.0,1.0,1,0.40234375,0.42578125,0.171875,0.40234375,0.2437106986520289,0.2437106986520289
0,29,7424.0,7680.0,256.0,1.0,1,0.359375,0.4140625,0.2265625,0.359375,0.2437106986520289,0.2437106986520289
0,30,7680.0,7936.0,256.0,1.0,1,0.3515625,0.453125,0.1953125,0.3515625,0.2437106986520289,0.2437106986520289
0,31,7936.0,8192.0,256.0,1.0,1,0.421875,0.4296875,0.1484375,0.421875,0.2437106986520289,0.2437106986520289
0,32,8192.0,8448.0,256.0,1.0,1,0.390625,0.4453125,0.1640625,0.390625,0.2437106986520289,0.2437106986520289
0,33,8448.0,8704.0,256.0,1.0,1,0.390625,0.4453125,0.1640625,0.390625,0.2437106986520289,0.2437106986520289
0,34,8704.0,8960.0,256.0,1.0,1,0.38671875,0.3984375,0.21484375,0.38671875,0.2437106986520289,0.2437106986520289
0,35,8960.0,9216.0,256.0,1.0,1,0.37109375,0.4453125,0.18359375,0.37109375,0.2437106986520289,0.2437106986520289
0,36,9216.0,9472.0,256.0,1.0,1,0.390625,0.44921875,0.16015625,0.390625,0.2437106986520289,0.2437106986520289
0,37,9472.0,9728.0,256.0,1.0,1,0.3984375,0.44921875,0.15234375,0.3984375,0.2437106986520289,0.2437106986520289
0,38,9728.0,9984.0,256.0,1.0,1,0.41015625,0.421875,0.16796875,0.41015625,0.2437106986520289,0.2437106986520289
0,39,9984.0,10240.0,256.0,1.0,1,0.37109375,0.44140625,0.1875,0.37109375,0.2437106986520289,0.2437106986520289
0,40,10240.0,10496.0,256.0,1.0,1,0.3828125,0.44140625,0.17578125,0.3828125,0.2437106986520289,0.2437106986520289
0,41,10496.0,10752.0,256.0,1.0,1,0.38671875,0.4375,0.17578125,0.38671875,0.2437106986520289,0.2437106986520289
0,42,10752.0,11008.0,256.0,1.0,1,0.3984375,0.453125,0.1484375,0.3984375,0.2437106986520289,0.2437106986520289
0,43,11008.0,11264.0,256.0,1.0,1,0.37890625,0.41015625,0.2109375,0.37890625,0.2437106986520289,0.2437106986520289
0,44,11264.0,11520.0,256.0,1.0,1,0.38671875,0.41015625,0.203125,0.38671875,0.2437106986520289,0.2437106986520289
0,45,11520.0,11776.0,256.0,1.0,1,0.3515625,0.40234375,0.24609375,0.3515625,0.2437106986520289,0.2437106986520289
0,46,11776.0,12032.0,256.0,1.0,1,0.37890625,0.375,0.24609375,0.37890625,0.2437106986520289,0.2437106986520289
0,47,12032.0,12288.0,256.0,1.0,1,0.4296875,0.37109375,0.19921875,0.4296875,0.2437106986520289,0.2437106986520289
0,48,12288.0,12544.0,256.0,1.0,1,0.40625,0.41796875,0.17578125,0.40625,0.2437106986520289,0.2437106986520289
0,49,12544.0,12800.0,256.0,1.0,1,0.41796875,0.375,0.20703125,0.41796875,0.2437106986520289,0.2437106986520289
0,50,12800.0,13056.0,256.0,1.0,1,0.35546875,0.41796875,0.2265625,0.35546875,0.2437106986520289,0.2437106986520289
0,51,13056.0,13312.0,256.0,1.0,1,0.3828125,0.41796875,0.19921875,0.3828125,0.2437106986520289,0.2437106986520289
0,52,13312.0,13568.0,256.0,1.0,1,0.3984375,0.3828125,0.21875,0.3984375,0.2437106986520289,0.2437106986520289
0,53,13568.0,13824.0,256.0,1.0,1,0.4375,0.38671875,0.17578125,0.4375,0.2437106986520289,0.2437106986520289
0,54,13824.0,14080.0,256.0,1.0,1,0.41015625,0.4453125,0.14453125,0.41015625,0.2437106986520289,0.2437106986520289
0,55,14080.0,14336.0,256.0,1.0,1,0.38671875,0.41015625,0.203125,0.38671875,0.2437106986520289,0.2437106986520289
0,56,14336.0,14592.0,256.0,1.0,1,0.375,0.3671875,0.2578125,0.375,0.2437106986520289,0.2437106986520289
0,57,14592.0,14848.0,256.0,1.0,1,0.39453125,0.421875,0.18359375,0.39453125,0.2437106986520289,0.2437106986520289
0,58,14848.0,15104.0,256.0,1.0,1,0.40625,0.39453125,0.19921875,0.40625,0.2437106986520289,0.2437106986520289
0,59,15104.0,15360.0,256.0,1.0,1,0.39453125,0.3828125,0.22265625,0.39453125,0.2437106986520289,0.2437106986520289
0,60,15360.0,15616.0,256.0,1.0,1,0.375,0.40625,0.21875,0.375,0.2437106986520289,0.2437106986520289
0,61,15616.0,15872.0,256.0,1.0,1,0.39453125,0.3828125,0.22265625,0.39453125,0.2437106986520289,0.2437106986520289
0,62,15872.0,16128.0,256.0,1.0,1,0.36328125,0.421875,0.21484375,0.36328125,0.2437106986520289,0.2437106986520289
0,63,16128.0,16384.0,256.0,1.0,1,0.40234375,0.40625,0.19140625,0.40234375,0.2437106986520289,0.2437106986520289
0,64,16384.0,16640.0,256.0,1.0,1,0.40234375,0.41015625,0.1875,0.40234375,0.2437106986520289,0.2437106986520289
0,65,16640.0,16896.0,256.0,1.0,1,0.34765625,0.38671875,0.265625,0.34765625,0.2437106986520289,0.2437106986520289
0,66,16896.0,17152.0,256.0,1.0,1,0.41015625,0.3671875,0.22265625,0.41015625,0.2437106986520289,0.2437106986520289
0,67,17152.0,17408.0,256.0,1.0,1,0.375,0.40625,0.21875,0.375,0.2437106986520289,0.2437106986520289
0,68,17408.0,17664.0,256.0,1.0,1,0.40625,0.4375,0.15625,0.40625,0.2437106986520289,0.2437106986520289
0,69,17664.0,17920.0,256.0,1.0,1,0.4140625,0.3984375,0.1875,0.4140625,0.2437106986520289,0.2437106986520289
0,70,17920.0,18176.0,256.0,1.0,1,0.36328125,0.46484375,0.171875,0.36328125,0.2437106986520289,0.2437106986520289
0,71,18176.0,18432.0,256.0,1.0,1,0.37890625,0.40625,0.21484375,0.37890625,0.2437106986520289,0.2437106986520289
0,72,18432.0,18688.0,256.0,1.0,1,0.3828125,0.40625,0.2109375,0.3828125,0.2437106986520289,0.2437106986520289
0,73,18688.0,18944.0,256.0,1.0,1,0.3671875,0.3515625,0.28125,0.3671875,0.2437106986520289,0.2437106986520289
0,74,18944.0,19200.0,256.0,1.0,1,0.390625,0.3671875,0.2421875,0.390625,0.2437106986520289,0.2437106986520289
0,75,19200.0,19456.0,256.0,1.0,1,0.40234375,0.34375,0.25390625,0.40234375,0.2437106986520289,0.2437106986520289
0,76,19456.0,19712.0,256.0,1.0,1,0.37109375,0.4453125,0.18359375,0.37109375,0.2437106986520289,0.2437106986520289
0,77,19712.0,19968.0,256.0,1.0,1,0.3828125,0.3828125,0.234375,0.3828125,0.2437106986520289,0.2437106986520289
0,78,19968.0,20224.0,256.0,1.0,1,0.41015625,0.3984375,0.19140625,0.41015625,0.2437106986520289,0.2437106986520289
0,79,20224.0,20480.0,256.0,1.0,1,0.40625,0.40234375,0.19140625,0.40625,0.2437106986520289,0.2437106986520289
0,80,20480.0,20736.0,256.0,1.0,1,0.37109375,0.421875,0.20703125,0.37109375,0.2437106986520289,0.2437106986520289
0,81,20736.0,20992.0,256.0,1.0,1,0.3828125,0.390625,0.2265625,0.3828125,0.2437106986520289,0.2437106986520289
0,82,20992.0,21248.0,256.0,1.0,1,0.37109375,0.40625,0.22265625,0.37109375,0.2437106986520289,0.2437106986520289
0,83,21248.0,21504.0,256.0,1.0,1,0.3984375,0.41796875,0.18359375,0.3984375,0.2437106986520289,0.2437106986520289
0,84,21504.0,21760.0,256.0,1.0,1,0.4140625,0.4140625,0.171875,0.4140625,0.2437106986520289,0.2437106986520289
0,85,21760.0,22016.0,256.0,1.0,1,0.3984375,0.390625,0.2109375,0.3984375,0.2437106986520289,0.2437106986520289
0,86,22016.0,22272.0,256.0,1.0,1,0.39453125,0.421875,0.18359375,0.39453125,0.2437106986520289,0.2437106986520289
0,87,22272.0,22528.0,256.0,1.0,1,0.41015625,0.375,0.21484375,0.41015625,0.2437106986520289,0.2437106986520289
0,88,22528.0,22784.0,256.0,1.0,1,0.41015625,0.40625,0.18359375,0.41015625,0.2437106986520289,0.2437106986520289
0,89,22784.0,23040.0,256.0,1.0,1,0.3359375,0.44140625,0.22265625,0.3359375,0.2437106986520289,0.2437106986520289
0,90,23040.0,23296.0,256.0,1.0,1,0.359375,0.40234375,0.23828125,0.359375,0.2437106986520289,0.2437106986520289
0,91,23296.0,23552.0,256.0,1.0,1,0.41796875,0.41015625,0.171875,0.41796875,0.2437106986520289,0.2437106986520289
0,92,23552.0,23808.0,256.0,1.0,1,0.40234375,0.40625,0.19140625,0.40234375,0.2437106986520289,0.2437106986520289
0,93,23808.0,24064.0,256.0,1.0,1,0.40234375,0.42578125,0.171875,0.40234375,0.2437106986520289,0.2437106986520289
0,94,24064.0,24320.0,256.0,1.0,1,0.375,0.421875,0.203125,0.375,0.2437106986520289,0.2437106986520289
0,95,24320.0,24576.0,256.0,1.0,1,0.35546875,0.43359375,0.2109375,0.35546875,0.2437106986520289,0.2437106986520289
0,96,24576.0,24832.0,256.0,1.0,1,0.37890625,0.44921875,0.171875,0.37890625,0.2437106986520289,0.2437106986520289
0,97,24832.0,25088.0,256.0,1.0,1,0.375,0.35546875,0.26953125,0.375,0.2437106986520289,0.2437106986520289
0,98,25088.0,25344.0,256.0,1.0,1,0.4140625,0.46875,0.1171875,0.4140625,0.2437106986520289,0.2437106986520289
0,99,25344.0,25600.0,256.0,1.0,1,0.3515625,0.4609375,0.1875,0.3515625,0.2437106986520289,0.2437106986520289
0,100,25600.0,25856.0,256.0,1.0,1,0.38671875,0.4453125,0.16796875,0.38671875,0.2437106986520289,0.2437106986520289
0,101,25856.0,26112.0,256.0,1.0,1,0.359375,0.4296875,0.2109375,0.359375,0.2437106986520289,0.2437106986520289
0,102,26112.0,26368.0,256.0,1.0,1,0.4140625,0.421875,0.1640625,0.4140625,0.2437106986520289,0.2437106986520289
0,103,26368.0,26624.0,256.0,1.0,1,0.39453125,0.41015625,0.1953125,0.39453125,0.2437106986520289,0.2437106986520289
0,104,26624.0,26880.0,256.0,1.0,1,0.37109375,0.45703125,0.171875,0.37109375,0.2437106986520289,0.2437106986520289
0,105,26880.0,27136.0,256.0,1.0,1,0.3671875,0.43359375,0.19921875,0.3671875,0.2437106986520289,0.2437106986520289
0,106,27136.0,27392.0,256.0,1.0,1,0.41796875,0.42578125,0.15625,0.41796875,0.2437106986520289,0.2437106986520289
0,107,27392.0,27648.0,256.0,1.0,1,0.39453125,0.4375,0.16796875,0.39453125,0.2437106986520289,0.2437106986520289
0,108,27648.0,27904.0,256.0,1.0,1,0.40625,0.4453125,0.1484375,0.40625,0.2437106986520289,0.2437106986520289
0,109,27904.0,28160.0,256.0,1.0,1,0.375,0.42578125,0.19921875,0.375,0.2437106986520289,0.2437106986520289
0,110,28160.0,28416.0,256.0,1.0,1,0.39453125,0.44921875,0.15625,0.39453125,0.2437106986520289,0.2437106986520289
0,111,28416.0,28672.0,256.0,1.0,1,0.390625,0.4375,0.171875,0.390625,0.2437106986520289,0.2437106986520289
0,112,28672.0,28928.0,256.0,1.0,1,0.3828125,0.40234375,0.21484375,0.3828125,0.2437106986520289,0.2437106986520289
0,113,28928.0,29184.0,256.0,1.0,1,0.3671875,0.4453125,0.1875,0.3671875,0.2437106986520289,0.2437106986520289
0,114,29184.0,29440.0,256.0,1.0,1,0.38671875,0.453125,0.16015625,0.38671875,0.2437106986520289,0.2437106986520289
0,115,29440.0,29696.0,256.0,1.0,1,0.3671875,0.43359375,0.19921875,0.3671875,0.2437106986520289,0.2437106986520289
0,116,29696.0,29952.0,256.0,1.0,1,0.39453125,0.4296875,0.17578125,0.39453125,0.2437106986520289,0.2437106986520289
0,117,29952.0,30208.0,256.0,1.0,1,0.40234375,0.43359375,0.1640625,0.40234375,0.2437106986520289,0.2437106986520289
0,118,30208.0,30464.0,256.0,1.0,1,0.39453125,0.4296875,0.17578125,0.39453125,0.2437106986520289,0.2437106986520289
0,119,30464.0,30720.0,256.0,1.0,1,0.35546875,0.44140625,0.203125,0.35546875,0.2437106986520289,0.2437106986520289
0,120,30720.0,30976.0,256.0,1.0,1,0.37109375,0.4453125,0.18359375,0.37109375,0.2437106986520289,0.2437106986520289
0,121,30976.0,31232.0,256.0,1.0,1,0.3984375,0.39453125,0.20703125,0.3984375,0.2437106986520289,0.2437106986520289
0,122,31232.0,31488.0,256.0,1.0,1,0.37109375,0.4375,0.19140625,0.37109375,0.2437106986520289,0.2437106986520289
0,123,31488.0,31744.0,256.0,1.0,1,0.39453125,0.44140625,0.1640625,0.39453125,0.2437106986520289,0.2437106986520289
0,124,31744.0,32000.0,256.0,1.0,1,0.41796875,0.37890625,0.203125,0.41796875,0.2437106986520289,0.2437106986520289
0,125,32000.0,32256.0,256.0,1.0,1,0.37109375,0.44921875,0.1796875,0.37109375,0.2437106986520289,0.2437106986520289
0,126,32256.0,32512.0,256.0,1.0,1,0.359375,0.44921875,0.19140625,0.359375,0.2437106986520289,0.2437106986520289
0,127,32512.0,32768.0,256.0,1.0,1,0.390625,0.44140625,0.16796875,0.390625,0.2437106986520289,0.2437106986520289
0,128,32768.0,33024.0,256.0,1.0,1,0.4140625,0.453125,0.1328125,0.4140625,0.2437106986520289,0.2437106986520289
0,129,33024.0,33280.0,256.0,1.0,1,0.38671875,0.4453125,0.16796875,0.38671875,0.2437106986520289,0.2437106986520289
0,130,33280.0,33536.0,256.0,1.0,1,0.40234375,0.4140625,0.18359375,0.40234375,0.2437106986520289,0.2437106986520289
0,131,33536.0,33792.0,256.0,1.0,1,0.3671875,0.43359375,0.19921875,0.3671875,0.2437106986520289,0.2437106986520289
0,132,33792.0,34048.0,256.0,1.0,1,0.39453125,0.43359375,0.171875,0.39453125,0.2437106986520289,0.2437106986520289
0,133,34048.0,34304.0,256.0,1.0,1,0.39453125,0.453125,0.15234375,0.39453125,0.2437106986520289,0.2437106986520289
0,134,34304.0,34560.0,256.0,1.0,1,0.4140625,0.42578125,0.16015625,0.4140625,0.2437106986520289,0.2437106986520289
0,135,34560.0,34816.0,256.0,1.0,1,0.359375,0.453125,0.1875,0.359375,0.2437106986520289,0.2437106986520289
0,136,34816.0,35072.0,256.0,1.0,1,0.39453125,0.42578125,0.1796875,0.39453125,0.2437106986520289,0.2437106986520289
0,137,35072.0,35328.0,256.0,1.0,1,0.37890625,0.48046875,0.140625,0.37890625,0.2437106986520289,0.2437106986520289
0,138,35328.0,35584.0,256.0,1.0,1,0.35546875,0.46484375,0.1796875,0.35546875,0.2437106986520289,0.2437106986520289
0,139,35584.0,35840.0,256.0,1.0,1,0.375,0.44921875,0.17578125,0.375,0.2437106986520289,0.2437106986520289
0,140,35840.0,36096.0,256.0,1.0,1,0.34375,0.41015625,0.24609375,0.34375,0.2437106986520289,0.2437106986520289
0,141,36096.0,36352.0,256.0,1.0,1,0.39453125,0.44921875,0.15625,0.39453125,0.2437106986520289,0.2437106986520289
0,142,36352.0,36608.0,256.0,1.0,1,0.37890625,0.4609375,0.16015625,0.37890625,0.2437106986520289,0.2437106986520289
0,143,36608.0,36864.0,256.0,1.0,1,0.34765625,0.46875,0.18359375,0.34765625,0.2437106986520289,0.2437106986520289
0,144,36864.0,37120.0,256.0,1.0,1,0.3828125,0.44140625,0.17578125,0.3828125,0.2437106986520289,0.2437106986520289
0,145,37120.0,37376.0,256.0,1.0,1,0.3828125,0.4609375,0.15625,0.3828125,0.2437106986520289,0.2437106986520289
0,146,37376.0,37632.0,256.0,1.0,1,0.3984375,0.4609375,0.140625,0.3984375,0.2437106986520289,0.2437106986520289
0,147,37632.0,37888.0,256.0,1.0,1,0.37109375,0.4375,0.19140625,0.37109375,0.2437106986520289,0.2437106986520289
0,148,37888.0,38144.0,256.0,1.0,1,0.38671875,0.46484375,0.1484375,0.38671875,0.2437106986520289,0.2437106986520289
0,149,38144.0,38400.0,256.0,1.0,1,0.3984375,0.453125,0.1484375,0.3984375,0.2437106986520289,0.2437106986520289
0,150,38400.0,38656.0,256.0,1.0,1,0.3515625,0.4296875,0.21875,0.3515625,0.2437106986520289,0.2437106986520289
0,151,38656.0,38912.0,256.0,1.0,1,0.3828125,0.46484375,0.15234375,0.3828125,0.2437106986520289,0.2437106986520289
0,152,38912.0,39168.0,256.0,1.0,1,0.359375,0.44140625,0.19921875,0.359375,0.2437106986520289,0.2437106986520289
0,153,39168.0,39424.0,256.0,1.0,1,0.36328125,0.4453125,0.19140625,0.36328125,0.2437106986520289,0.2437106986520289
0,154,39424.0,39680.0,256.0,1.0,1,0.37890625,0.453125,0.16796875,0.37890625,0.2437106986520289,0.2437106986520289
0,155,39680.0,39936.0,256.0,1.0,1,0.3828125,0.46484375,0.15234375,0.3828125,0.2437106986520289,0.2437106986520289
0,156,39936.0,40192.0,256.0,1.0,1,0.3515625,0.4609375,0.1875,0.3515625,0.2437106986520289,0.2437106986520289
0,157,40192.0,40448.0,256.0,1.0,1,0.3671875,0.4453125,0.1875,0.3671875,0.2437106986520289,0.2437106986520289
0,158,40448.0,40704.0,256.0,1.0,1,0.34765625,0.37109375,0.28125,0.34765625,0.2437106986520289,0.2437106986520289
0,159,40704.0,40960.0,256.0,1.0,1,0.390625,0.44921875,0.16015625,0.390625,0.2437106986520289,0.2437106986520289
0,160,40960.0,41216.0,256.0,1.0,1,0.359375,0.421875,0.21875,0.359375,0.2437106986520289,0.2437106986520289
0,161,41216.0,41472.0,256.0,1.0,1,0.37890625,0.45703125,0.1640625,0.37890625,0.2437106986520289,0.2437106986520289
0,162,41472.0,41728.0,256.0,1.0,1,0.36328125,0.44921875,0.1875,0.36328125,0.2437106986520289,0.2437106986520289
0,163,41728.0,41984.0,256.0,1.0,1,0.35546875,0.4296875,0.21484375,0.35546875,0.2437106986520289,0.2437106986520289
0,164,41984.0,42240.0,256.0,1.0,1,0.39453125,0.45703125,0.1484375,0.39453125,0.2437106986520289,0.2437106986520289
0,165,42240.0,42496.0,256.0,1.0,1,0.39453125,0.46875,0.13671875,0.39453125,0.2437106986520289,0.2437106986520289
0,166,42496.0,42752.0,256.0,1.0,1,0.390625,0.45703125,0.15234375,0.390625,0.2437106986520289,0.2437106986520289
0,167,42752.0,43008.0,256.0,1.0,1,0.37109375,0.44921875,0.1796875,0.37109375,0.2437106986520289,0.2437106986520289
0,168,43008.0,43264.0,256.0,1.0,1,0.36328125,0.4296875,0.20703125,0.36328125,0.2437106986520289,0.2437106986520289
0,169,43264.0,43520.0,256.0,1.0,1,0.39453125,0.45703125,0.1484375,0.39453125,0.2437106986520289,0.2437106986520289
0,170,43520.0,43776.0,256.0,1.0,1,0.39453125,0.46875,0.13671875,0.39453125,0.2437106986520289,0.2437106986520289
0,171,43776.0,44032.0,256.0,1.0,1,0.37109375,0.46484375,0.1640625,0.37109375,0.2437106986520289,0.2437106986520289
0,172,44032.0,44288.0,256.0,1.0,1,0.33984375,0.44140625,0.21875,0.33984375,0.2437106986520289,0.2437106986520289
0,173,44288.0,44544.0,256.0,1.0,1,0.46875,0.3125,0.21875,0.46875,0.2437106986520289,0.2437106986520289
0,174,44544.0,44800.0,256.0,1.0,1,0.58203125,0.2109375,0.20703125,0.58203125,0.2437106986520289,0.2437106986520289
0,175,44800.0,45056.0,256.0,1.0,1,0.3984375,0.45703125,0.14453125,0.3984375,0.2437106986520289,0.2437106986520289
0,176,45056.0,45312.0,256.0,1.0,1,0.34765625,0.4453125,0.20703125,0.34765625,0.2437106986520289,0.2437106986520289
0,177,45312.0,45568.0,256.0,1.0,1,0.375,0.44140625,0.18359375,0.375,0.2437106986520289,0.2437106986520289
0,178,45568.0,45824.0,256.0,1.0,1,0.3828125,0.40234375,0.21484375,0.3828125,0.2437106986520289,0.2437106986520289
0,179,45824.0,46080.0,256.0,1.0,1,0.4140625,0.41796875,0.16796875,0.4140625,0.2437106986520289,0.2437106986520289
0,180,46080.0,46336.0,256.0,1.0,1,0.40234375,0.42578125,0.171875,0.40234375,0.2437106986520289,0.2437106986520289
0,181,46336.0,46592.0,256.0,1.0,1,0.359375,0.44921875,0.19140625,0.359375,0.2437106986520289,0.2437106986520289
0,182,46592.0,46848.0,256.0,1.0,1,0.375,0.4453125,0.1796875,0.375,0.2437106986520289,0.2437106986520289
0,183,46848.0,47104.0,256.0,1.0,1,0.40625,0.421875,0.171875,0.40625,0.2437106986520289,0.2437106986520289
0,184,47104.0,47360.0,256.0,1.0,1,0.41796875,0.43359375,0.1484375,0.41796875,0.2437106986520289,0.2437106986520289
0,185,47360.0,47616.0,256.0,1.0,1,0.37109375,0.44140625,0.1875,0.37109375,0.2437106986520289,0.2437106986520289
0,186,47616.0,47872.0,256.0,1.0,1,0.39453125,0.42578125,0.1796875,0.39453125,0.2437106986520289,0.2437106986520289
0,187,47872.0,48128.0,256.0,1.0,1,0.390625,0.453125,0.15625,0.390625,0.2437106986520289,0.2437106986520289
0,188,48128.0,48384.0,256.0,1.0,1,0.38671875,0.4296875,0.18359375,0.38671875,0.2437106986520289,0.2437106986520289
0,189,48384.0,48640.0,256.0,1.0,1,0.37890625,0.40625,0.21484375,0.37890625,0.2437106986520289,0.2437106986520289
0,190,48640.0,48896.0,256.0,1.0,1,0.375,0.4453125,0.1796875,0.375,0.2437106986520289,0.2437106986520289
0,191,48896.0,49152.0,256.0,1.0,1,0.38671875,0.44921875,0.1640625,0.38671875,0.2437106986520289,0.2437106986520289
0,192,49152.0,49408.0,256.0,1.0,1,0.37890625,0.41015625,0.2109375,0.37890625,0.2437106986520289,0.2437106986520289
0,193,49408.0,49664.0,256.0,1.0,1,0.359375,0.4296875,0.2109375,0.359375,0.2437106986520289,0.2437106986520289
0,194,49664.0,49920.0,256.0,1.0,1,0.40625,0.4453125,0.1484375,0.40625,0.2437106986520289,0.2437106986520289
0,195,49920.0,50176.0,256.0,1.0,1,0.4296875,0.4296875,0.140625,0.4296875,0.2437106986520289,0.2437106986520289
0,196,50176.0,50432.0,256.0,1.0,1,0.34765625,0.4453125,0.20703125,0.34765625,0.2437106986520289,0.2437106986520289
0,197,50432.0,50688.0,256.0,1.0,1,0.375,0.4453125,0.1796875,0.375,0.2437106986520289,0.2437106986520289
0,198,50688.0,50944.0,256.0,1.0,1,0.33984375,0.37109375,0.2890625,0.33984375,0.2437106986520289,0.2437106986520289
0,199,50944.0,51200.0,256.0,1.0,1,0.3984375,0.38671875,0.21484375,0.3984375,0.2437106986520289,0.2437106986520289
0,200,51200.0,51456.0,256.0,1.0,1,0.375,0.44140625,0.18359375,0.375,0.2437106986520289,0.2437106986520289
0,201,51456.0,51712.0,256.0,1.0,1,0.39453125,0.4375,0.16796875,0.39453125,0.2437106986520289,0.2437106986520289
0,202,51712.0,51968.0,256.0,1.0,1,0.40625,0.39453125,0.19921875,0.40625,0.2437106986520289,0.2437106986520289
0,203,51968.0,52224.0,256.0,1.0,1,0.375,0.44140625,0.18359375,0.375,0.2437106986520289,0.2437106986520289
0,204,52224.0,52480.0,256.0,1.0,1,0.34765625,0.4453125,0.20703125,0.34765625,0.2437106986520289,0.2437106986520289
0,205,52480.0,52736.0,256.0,1.0,1,0.40234375,0.4453125,0.15234375,0.40234375,0.2437106986520289,0.2437106986520289
0,206,52736.0,52992.0,256.0,1.0,1,0.4140625,0.4296875,0.15625,0.4140625,0.2437106986520289,0.2437106986520289
0,207,52992.0,53248.0,256.0,1.0,1,0.38671875,0.4453125,0.16796875,0.38671875,0.2437106986520289,0.2437106986520289
0,208,53248.0,53504.0,256.0,1.0,1,0.3984375,0.4375,0.1640625,0.3984375,0.2437106986520289,0.2437106986520289
0,209,53504.0,53760.0,256.0,1.0,1,0.3984375,0.42578125,0.17578125,0.3984375,0.2437106986520289,0.2437106986520289
0,210,53760.0,54016.0,256.0,1.0,1,0.35546875,0.4296875,0.21484375,0.35546875,0.2437106986520289,0.2437106986520289
0,211,54016.0,54272.0,256.0,1.0,1,0.3984375,0.44140625,0.16015625,0.3984375,0.2437106986520289,0.2437106986520289
0,212,54272.0,54528.0,256.0,1.0,1,0.421875,0.4296875,0.1484375,0.421875,0.2437106986520289,0.2437106986520289
0,213,54528.0,54784.0,256.0,1.0,1,0.37890625,0.4453125,0.17578125,0.37890625,0.2437106986520289,0.2437106986520289
0,214,54784.0,55040.0,256.0,1.0,1,0.39453125,0.44140625,0.1640625,0.39453125,0.2437106986520289,0.2437106986520289
0,215,55040.0,55296.0,256.0,1.0,1,0.34375,0.421875,0.234375,0.34375,0.2437106986520289,0.2437106986520289
0,216,55296.0,55552.0,256.0,1.0,1,0.421875,0.4609375,0.1171875,0.421875,0.2437106986520289,0.2437106986520289
0,217,55552.0,55808.0,256.0,1.0,1,0.359375,0.44921875,0.19140625,0.359375,0.2437106986520289,0.2437106986520289
0,218,55808.0,56064.0,256.0,1.0,1,0.3671875,0.453125,0.1796875,0.3671875,0.2437106986520289,0.2437106986520289
0,219,56064.0,56320.0,256.0,1.0,1,0.41015625,0.40234375,0.1875,0.41015625,0.2437106986520289,0.2437106986520289
0,220,56320.0,56576.0,256.0,1.0,1,0.40234375,0.4609375,0.13671875,0.40234375,0.2437106986520289,0.2437106986520289
0,221,56576.0,56832.0,256.0,1.0,1,0.41015625,0.41796875,0.171875,0.41015625,0.2437106986520289,0.2437106986520289
0,222,56832.0,57088.0,256.0,1.0,1,0.3515625,0.4453125,0.203125,0.3515625,0.2437106986520289,0.2437106986520289
0,223,57088.0,57344.0,256.0,1.0,1,0.375,0.4375,0.1875,0.375,0.2437106986520289,0.2437106986520289
0,224,57344.0,57600.0,256.0,1.0,1,0.40625,0.41796875,0.17578125,0.40625,0.2437106986520289,0.2437106986520289
0,225,57600.0,57856.0,256.0,1.0,1,0.3671875,0.453125,0.1796875,0.3671875,0.2437106986520289,0.2437106986520289
0,226,57856.0,58112.0,256.0,1.0,1,0.40234375,0.4453125,0.15234375,0.40234375,0.2437106986520289,0.2437106986520289
0,227,58112.0,58368.0,256.0,1.0,1,0.39453125,0.44921875,0.15625,0.39453125,0.2437106986520289,0.2437106986520289
0,228,58368.0,58624.0,256.0,1.0,1,0.390625,0.4453125,0.1640625,0.390625,0.2437106986520289,0.2437106986520289
0,229,58624.0,58880.0,256.0,1.0,1,0.40234375,0.38671875,0.2109375,0.40234375,0.2437106986520289,0.2437106986520289
0,230,58880.0,59136.0,256.0,1.0,1,0.35546875,0.45703125,0.1875,0.35546875,0.2437106986520289,0.2437106986520289
0,231,59136.0,59392.0,256.0,1.0,1,0.39453125,0.44140625,0.1640625,0.39453125,0.2437106986520289,0.2437106986520289
0,232,59392.0,59648.0,256.0,1.0,1,0.3828125,0.44921875,0.16796875,0.3828125,0.2437106986520289,0.2437106986520289
0,233,59648.0,59904.0,256.0,1.0,1,0.39453125,0.4296875,0.17578125,0.39453125,0.2437106986520289,0.2437106986520289
0,234,59904.0,60160.0,256.0,1.0,1,0.33984375,0.4453125,0.21484375,0.33984375,0.2437106986520289,0.2437106986520289
0,235,60160.0,60416.0,256.0,1.0,1,0.39453125,0.4609375,0.14453125,0.39453125,0.2437106986520289,0.2437106986520289
0,236,60416.0,60672.0,256.0,1.0,1,0.3828125,0.42578125,0.19140625,0.3828125,0.2437106986520289,0.2437106986520289
0,237,60672.0,60928.0,256.0,1.0,1,0.37109375,0.4375,0.19140625,0.37109375,0.2437106986520289,0.2437106986520289
0,238,60928.0,61184.0,256.0,1.0,1,0.40234375,0.44921875,0.1484375,0.40234375,0.2437106986520289,0.2437106986520289
0,239,61184.0,61440.0,256.0,1.0,1,0.40234375,0.40625,0.19140625,0.40234375,0.2437106986520289,0.2437106986520289
0,240,61440.0,61696.0,256.0,1.0,1,0.40234375,0.4453125,0.15234375,0.40234375,0.2437106986520289,0.2437106986520289
0,241,61696.0,61952.0,256.0,1.0,1,0.390625,0.41796875,0.19140625,0.390625,0.2437106986520289,0.2437106986520289
0,242,61952.0,62208.0,256.0,1.0,1,0.3515625,0.453125,0.1953125,0.3515625,0.2437106986520289,0.2437106986520289
0,243,62208.0,62464.0,256.0,1.0,1,0.40234375,0.44140625,0.15625,0.40234375,0.2437106986520289,0.2437106986520289
0,244,62464.0,62720.0,256.0,1.0,1,0.37890625,0.4609375,0.16015625,0.37890625,0.2437106986520289,0.2437106986520289
0,245,62720.0,62976.0,256.0,1.0,1,0.390625,0.4375,0.171875,0.390625,0.2437106986520289,0.2437106986520289
0,246,62976.0,63232.0,256.0,1.0,1,0.3828125,0.44921875,0.16796875,0.3828125,0.2437106986520289,0.2437106986520289
0,247,63232.0,63488.0,256.0,1.0,1,0.4140625,0.40234375,0.18359375,0.4140625,0.2437106986520289,0.2437106986520289
0,248,63488.0,63744.0,256.0,1.0,1,0.39453125,0.4453125,0.16015625,0.39453125,0.2437106986520289,0.2437106986520289
0,249,63744.0,64000.0,256.0,1.0,1,0.39453125,0.44921875,0.15625,0.39453125,0.2437106986520289,0.2437106986520289
0,250,64000.0,64256.0,256.0,1.0,1,0.3828125,0.46484375,0.15234375,0.3828125,0.2437106986520289,0.2437106986520289
0,251,64256.0,64512.0,256.0,1.0,1,0.3828125,0.4296875,0.1875,0.3828125,0.2437106986520289,0.2437106986520289
0,252,64512.0,64768.0,256.0,1.0,1,0.38671875,0.45703125,0.15625,0.38671875,0.2437106986520289,0.2437106986520289
0,253,64768.0,65024.0,256.0,1.0,1,0.3671875,0.48828125,0.14453125,0.3671875,0.2437106986520289,0.2437106986520289
0,254,65024.0,65280.0,256.0,1.0,1,0.375,0.421875,0.203125,0.375,0.2437106986520289,0.2437106986520289
0,255,65280.0,65536.0,256.0,1.0,1,0.37890625,0.421875,0.19921875,0.37890625,0.2437106986520289,0.2437106986520289
0,256,65536.0,65792.0,256.0,1.0,1,0.41015625,0.3828125,0.20703125,0.41015625,0.2437106986520289,0.2437106986520289
0,257,65792.0,66048.0,256.0,1.0,1,0.39453125,0.41796875,0.1875,0.39453125,0.2437106986520289,0.2437106986520289
0,258,66048.0,66304.0,256.0,1.0,1,0.3671875,0.4296875,0.203125,0.3671875,0.2437106986520289,0.2437106986520289
0,259,66304.0,66560.0,256.0,1.0,1,0.34765625,0.45703125,0.1953125,0.34765625,0.2437106986520289,0.2437106986520289
0,260,66560.0,66816.0,256.0,1.0,1,0.36328125,0.41796875,0.21875,0.36328125,0.2437106986520289,0.2437106986520289
0,261,66816.0,67072.0,256.0,1.0,1,0.421875,0.39453125,0.18359375,0.421875,0.2437106986520289,0.2437106986520289
0,262,67072.0,67328.0,256.0,1.0,1,0.37109375,0.44140625,0.1875,0.37109375,0.2437106986520289,0.2437106986520289
0,263,67328.0,67584.0,256.0,1.0,1,0.375,0.4140625,0.2109375,0.375,0.2437106986520289,0.2437106986520289
0,264,67584.0,67840.0,256.0,1.0,1,0.40625,0.4296875,0.1640625,0.40625,0.2437106986520289,0.2437106986520289
0,265,67840.0,68096.0,256.0,1.0,1,0.41015625,0.3984375,0.19140625,0.41015625,0.2437106986520289,0.2437106986520289
0,266,68096.0,68352.0,256.0,1.0,1,0.40625,0.41015625,0.18359375,0.40625,0.2437106986520289,0.2437106986520289
0,267,68352.0,68608.0,256.0,1.0,1,0.39453125,0.40234375,0.203125,0.39453125,0.2437106986520289,0.2437106986520289
0,268,68608.0,68864.0,256.0,1.0,1,0.39453125,0.39453125,0.2109375,0.39453125,0.2437106986520289,0.2437106986520289
0,269,68864.0,69120.0,256.0,1.0,1,0.34765625,0.4375,0.21484375,0.34765625,0.2437106986520289,0.2437106986520289
0,270,69120.0,69376.0,256.0,1.0,1,0.3984375,0.41015625,0.19140625,0.3984375,0.2437106986520289,0.2437106986520289
0,271,69376.0,69632.0,256.0,1.0,1,0.35546875,0.44140625,0.203125,0.35546875,0.2437106986520289,0.2437106986520289
0,272,69632.0,69888.0,256.0,1.0,1,0.34375,0.44140625,0.21484375,0.34375,0.2437106986520289,0.2437106986520289
0,273,69888.0,70144.0,256.0,1.0,1,0.38671875,0.39453125,0.21875,0.38671875,0.2437106986520289,0.2437106986520289
0,274,70144.0,70400.0,256.0,1.0,1,0.296875,0.51171875,0.19140625,0.296875,0.2437106986520289,0.2437106986520289
0,275,70400.0,70656.0,256.0,1.0,1,0.36328125,0.44140625,0.1953125,0.36328125,0.2437106986520289,0.2437106986520289
0,276,70656.0,70912.0,256.0,1.0,1,0.3984375,0.37890625,0.22265625,0.3984375,0.2437106986520289,0.2437106986520289
0,277,70912.0,71168.0,256.0,1.0,1,0.37890625,0.4609375,0.16015625,0.37890625,0.2437106986520289,0.2437106986520289
0,278,71168.0,71424.0,256.0,1.0,1,0.34375,0.4140625,0.2421875,0.34375,0.2437106986520289,0.2437106986520289
0,279,71424.0,71680.0,256.0,1.0,1,0.375,0.4140625,0.2109375,0.375,0.2437106986520289,0.2437106986520289
0,280,71680.0,71936.0,256.0,1.0,1,0.3984375,0.4375,0.1640625,0.3984375,0.2437106986520289,0.2437106986520289
0,281,71936.0,72192.0,256.0,1.0,1,0.390625,0.40234375,0.20703125,0.390625,0.2437106986520289,0.2437106986520289
0,282,72192.0,72448.0,256.0,1.0,1,0.39453125,0.41015625,0.1953125,0.39453125,0.2437106986520289,0.2437106986520289
0,283,72448.0,72704.0,256.0,1.0,1,0.38671875,0.390625,0.22265625,0.38671875,0.2437106986520289,0.2437106986520289
0,284,72704.0,72960.0,256.0,1.0,1,0.3671875,0.44140625,0.19140625,0.3671875,0.2437106986520289,0.2437106986520289
0,285,72960.0,73216.0,256.0,1.0,1,0.37890625,0.42578125,0.1953125,0.37890625,0.2437106986520289,0.2437106986520289
0,286,73216.0,73472.0,256.0,1.0,1,0.37109375,0.4296875,0.19921875,0.37109375,0.2437106986520289,0.2437106986520289
0,287,73472.0,73728.0,256.0,1.0,1,0.38671875,0.40234375,0.2109375,0.38671875,0.2437106986520289,0.2437106986520289
0,288,73728.0,73984.0,256.0,1.0,1,0.4140625,0.39453125,0.19140625,0.4140625,0.2437106986520289,0.2437106986520289
0,289,73984.0,74240.0,256.0,1.0,1,0.3984375,0.421875,0.1796875,0.3984375,0.2437106986520289,0.2437106986520289
0,290,74240.0,74496.0,256.0,1.0,1,0.35546875,0.42578125,0.21875,0.35546875,0.2437106986520289,0.2437106986520289
0,291,74496.0,74752.0,256.0,1.0,1,0.33203125,0.44140625,0.2265625,0.33203125,0.2437106986520289,0.2437106986520289
0,292,74752.0,75008.0,256.0,1.0,1,0.359375,0.43359375,0.20703125,0.359375,0.2437106986520289,0.2437106986520289
0,293,75008.0,75264.0,256.0,1.0,1,0.3828125,0.4296875,0.1875,0.3828125,0.2437106986520289,0.2437106986520289
0,294,75264.0,75520.0,256.0,1.0,1,0.40234375,0.4140625,0.18359375,0.40234375,0.2437106986520289,0.2437106986520289
0,295,75520.0,75776.0,256.0,1.0,1,0.37109375,0.41015625,0.21875,0.37109375,0.2437106986520289,0.2437106986520289
0,296,75776.0,76032.0,256.0,1.0,1,0.375,0.41796875,0.20703125,0.375,0.2437106986520289,0.2437106986520289
0,297,76032.0,76288.0,256.0,1.0,1,0.41796875,0.39453125,0.1875,0.41796875,0.2437106986520289,0.2437106986520289
0,298,76288.0,76544.0,256.0,1.0,1,0.3828125,0.3984375,0.21875,0.3828125,0.2437106986520289,0.2437106986520289
0,299,76544.0,76800.0,256.0,1.0,1,0.33984375,0.484375,0.17578125,0.33984375,0.2437106986520289,0.2437106986520289
0,300,76800.0,77056.0,256.0,1.0,1,0.35546875,0.4375,0.20703125,0.35546875,0.2437106986520289,0.2437106986520289
0,301,77056.0,77312.0,256.0,1.0,1,0.38671875,0.4921875,0.12109375,0.38671875,0.2437106986520289,0.2437106986520289
0,302,77312.0,77568.0,256.0,1.0,1,0.35546875,0.4375,0.20703125,0.35546875,0.2437106986520289,0.2437106986520289
0,303,77568.0,77824.0,256.0,1.0,1,0.3828125,0.43359375,0.18359375,0.3828125,0.2437106986520289,0.2437106986520289
0,304,77824.0,78080.0,256.0,1.0,1,0.36328125,0.3984375,0.23828125,0.36328125,0.2437106986520289,0.2437106986520289
0,305,78080.0,78336.0,256.0,1.0,1,0.3984375,0.4296875,0.171875,0.3984375,0.2437106986520289,0.2437106986520289
0,306,78336.0,78592.0,256.0,1.0,1,0.37109375,0.42578125,0.203125,0.37109375,0.2437106986520289,0.2437106986520289
0,307,78592.0,78848.0,256.0,1.0,1,0.3671875,0.4609375,0.171875,0.3671875,0.2437106986520289,0.2437106986520289
0,308,78848.0,79104.0,256.0,1.0,1,0.37890625,0.421875,0.19921875,0.37890625,0.2437106986520289,0.2437106986520289
0,309,79104.0,79360.0,256.0,1.0,1,0.390625,0.4375,0.171875,0.390625,0.2437106986520289,0.2437106986520289
0,310,79360.0,79616.0,256.0,1.0,1,0.39453125,0.43359375,0.171875,0.39453125,0.2437106986520289,0.2437106986520289
0,311,79616.0,79872.0,256.0,1.0,1,0.40625,0.453125,0.140625,0.40625,0.2437106986520289,0.2437106986520289
0,312,79872.0,80128.0,256.0,1.0,1,0.35546875,0.41796875,0.2265625,0.35546875,0.2437106986520289,0.2437106986520289
0,313,80128.0,80384.0,256.0,1.0,1,0.39453125,0.421875,0.18359375,0.39453125,0.2437106986520289,0.2437106986520289
0,314,80384.0,80640.0,256.0,1.0,1,0.3984375,0.42578125,0.17578125,0.3984375,0.2437106986520289,0.2437106986520289
0,315,80640.0,80896.0,256.0,1.0,1,0.36328125,0.40625,0.23046875,0.36328125,0.2437106986520289,0.2437106986520289
0,316,80896.0,81152.0,256.0,1.0,1,0.37109375,0.45703125,0.171875,0.37109375,0.2437106986520289,0.2437106986520289
0,317,81152.0,81408.0,256.0,1.0,1,0.390625,0.43359375,0.17578125,0.390625,0.2437106986520289,0.2437106986520289
0,318,81408.0,81664.0,256.0,1.0,1,0.359375,0.43359375,0.20703125,0.359375,0.2437106986520289,0.2437106986520289
0,319,81664.0,81920.0,256.0,1.0,1,0.34765625,0.40625,0.24609375,0.34765625,0.2437106986520289,0.2437106986520289
0,320,81920.0,82176.0,256.0,1.0,1,0.34765625,0.4375,0.21484375,0.34765625,0.2437106986520289,0.2437106986520289
0,321,82176.0,82432.0,256.0,1.0,1,0.41015625,0.44921875,0.140625,0.41015625,0.2437106986520289,0.2437106986520289
0,322,82432.0,82688.0,256.0,1.0,1,0.38671875,0.44921875,0.1640625,0.38671875,0.2437106986520289,0.2437106986520289
0,323,82688.0,82944.0,256.0,1.0,1,0.3515625,0.4453125,0.203125,0.3515625,0.2437106986520289,0.2437106986520289
0,324,82944.0,83200.0,256.0,1.0,1,0.3828125,0.4375,0.1796875,0.3828125,0.2437106986520289,0.2437106986520289
0,325,83200.0,83456.0,256.0,1.0,1,0.34765625,0.3828125,0.26953125,0.34765625,0.2437106986520289,0.2437106986520289
0,326,83456.0,83712.0,256.0,1.0,1,0.37890625,0.40625,0.21484375,0.37890625,0.2437106986520289,0.2437106986520289
0,327,83712.0,83968.0,256.0,1.0,1,0.37109375,0.4375,0.19140625,0.37109375,0.2437106986520289,0.2437106986520289
0,328,83968.0,84224.0,256.0,1.0,1,0.3515625,0.4375,0.2109375,0.3515625,0.2437106986520289,0.2437106986520289
0,329,84224.0,84480.0,256.0,1.0,1,0.3359375,0.44921875,0.21484375,0.3359375,0.2437106986520289,0.2437106986520289
0,330,84480.0,84736.0,256.0,1.0,1,0.3984375,0.44140625,0.16015625,0.3984375,0.2437106986520289,0.2437106986520289
0,331,84736.0,84992.0,256.0,1.0,1,0.34765625,0.44921875,0.203125,0.34765625,0.2437106986520289,0.2437106986520289
0,332,84992.0,85248.0,256.0,1.0,1,0.34765625,0.421875,0.23046875,0.34765625,0.2437106986520289,0.2437106986520289
0,333,85248.0,85504.0,256.0,1.0,1,0.37890625,0.41796875,0.203125,0.37890625,0.2437106986520289,0.2437106986520289
0,334,85504.0,85760.0,256.0,1.0,1,0.359375,0.453125,0.1875,0.359375,0.2437106986520289,0.2437106986520289
0,335,85760.0,86016.0,256.0,1.0,1,0.40625,0.44921875,0.14453125,0.40625,0.2437106986520289,0.2437106986520289
0,336,86016.0,86272.0,256.0,1.0,1,0.38671875,0.43359375,0.1796875,0.38671875,0.2437106986520289,0.2437106986520289
0,337,86272.0,86528.0,256.0,1.0,1,0.375,0.421875,0.203125,0.375,0.2437106986520289,0.2437106986520289
0,338,86528.0,86784.0,256.0,1.0,1,0.37109375,0.4375,0.19140625,0.37109375,0.2437106986520289,0.2437106986520289
0,339,86784.0,87040.0,256.0,1.0,1,0.3671875,0.4140625,0.21875,0.3671875,0.2437106986520289,0.2437106986520289
0,340,87040.0,87296.0,256.0,1.0,1,0.37890625,0.41796875,0.203125,0.37890625,0.2437106986520289,0.2437106986520289
0,341,87296.0,87552.0,256.0,1.0,1,0.359375,0.4375,0.203125,0.359375,0.2437106986520289,0.2437106986520289
0,342,87552.0,87808.0,256.0,1.0,1,0.3984375,0.4609375,0.140625,0.3984375,0.2437106986520289,0.2437106986520289
0,343,87808.0,88064.0,256.0,1.0,1,0.3828125,0.40234375,0.21484375,0.3828125,0.2437106986520289,0.2437106986520289
0,344,88064.0,88320.0,256.0,1.0,1,0.3671875,0.48046875,0.15234375,0.3671875,0.2437106986520289,0.2437106986520289
0,345,88320.0,88576.0,256.0,1.0,1,0.328125,0.43359375,0.23828125,0.328125,0.2437106986520289,0.2437106986520289
0,346,88576.0,88832.0,256.0,1.0,1,0.4140625,0.48046875,0.10546875,0.4140625,0.2437106986520289,0.2437106986520289
0,347,88832.0,89088.0,256.0,1.0,1,0.3671875,0.4296875,0.203125,0.3671875,0.2437106986520289,0.2437106986520289
0,348,89088.0,89344.0,256.0,1.0,1,0.375,0.4296875,0.1953125,0.375,0.2437106986520289,0.2437106986520289
0,349,89344.0,89600.0,256.0,1.0,1,0.35546875,0.3828125,0.26171875,0.35546875,0.2437106986520289,0.2437106986520289
0,350,89600.0,89856.0,256.0,1.0,1,0.40625,0.42578125,0.16796875,0.40625,0.2437106986520289,0.2437106986520289
0,351,89856.0,90112.0,256.0,1.0,1,0.40234375,0.40625,0.19140625,0.40234375,0.2437106986520289,0.2437106986520289
0,352,90112.0,90368.0,256.0,1.0,1,0.359375,0.4609375,0.1796875,0.359375,0.2437106986520289,0.2437106986520289
0,353,90368.0,90624.0,256.0,1.0,1,0.36328125,0.42578125,0.2109375,0.36328125,0.2437106986520289,0.2437106986520289
0,354,90624.0,90880.0,256.0,1.0,1,0.39453125,0.421875,0.18359375,0.39453125,0.2437106986520289,0.2437106986520289
0,355,90880.0,91136.0,256.0,1.0,1,0.40625,0.41796875,0.17578125,0.40625,0.2437106986520289,0.2437106986520289
0,356,91136.0,91392.0,256.0,1.0,1,0.3984375,0.44921875,0.15234375,0.3984375,0.2437106986520289,0.2437106986520289
0,357,91392.0,91648.0,256.0,1.0,1,0.37109375,0.42578125,0.203125,0.37109375,0.2437106986520289,0.2437106986520289
0,358,91648.0,91904.0,256.0,1.0,1,0.3828125,0.40234375,0.21484375,0.3828125,0.2437106986520289,0.2437106986520289
0,359,91904.0,92160.0,256.0,1.0,1,0.3828125,0.4140625,0.203125,0.3828125,0.2437106986520289,0.2437106986520289
0,360,92160.0,92416.0,256.0,1.0,1,0.375,0.43359375,0.19140625,0.375,0.2437106986520289,0.2437106986520289
0,361,92416.0,92672.0,256.0,1.0,1,0.38671875,0.40625,0.20703125,0.38671875,0.2437106986520289,0.2437106986520289
0,362,92672.0,92928.0,256.0,1.0,1,0.37109375,0.41796875,0.2109375,0.37109375,0.2437106986520289,0.2437106986520289
0,363,92928.0,93184.0,256.0,1.0,1,0.36328125,0.4296875,0.20703125,0.36328125,0.2437106986520289,0.2437106986520289
0,364,93184.0,93440.0,256.0,1.0,1,0.38671875,0.4140625,0.19921875,0.38671875,0.2437106986520289,0.2437106986520289
0,365,93440.0,93696.0,256.0,1.0,1,0.34375,0.43359375,0.22265625,0.34375,0.2437106986520289,0.2437106986520289
0,366,93696.0,93952.0,256.0,1.0,1,0.39453125,0.37890625,0.2265625,0.39453125,0.2437106986520289,0.2437106986520289
0,367,93952.0,94208.0,256.0,1.0,1,0.34765625,0.4609375,0.19140625,0.34765625,0.2437106986520289,0.2437106986520289
0,368,94208.0,94464.0,256.0,1.0,1,0.40625,0.42578125,0.16796875,0.40625,0.2437106986520289,0.2437106986520289
0,369,94464.0,94720.0,256.0,1.0,1,0.38671875,0.46875,0.14453125,0.38671875,0.2437106986520289,0.2437106986520289
0,370,94720.0,94976.0,256.0,1.0,1,0.36328125,0.43359375,0.203125,0.36328125,0.2437106986520289,0.2437106986520289
0,371,94976.0,95232.0,256.0,1.0,1,0.37890625,0.41796875,0.203125,0.37890625,0.2437106986520289,0.2437106986520289
0,372,95232.0,95488.0,256.0,1.0,1,0.34375,0.375,0.28125,0.34375,0.2437106986520289,0.2437106986520289
0,373,95488.0,95744.0,256.0,1.0,1,0.390625,0.40234375,0.20703125,0.390625,0.2437106986520289,0.2437106986520289
0,374,95744.0,96000.0,256.0,1.0,1,0.3671875,0.44140625,0.19140625,0.3671875,0.2437106986520289,0.2437106986520289
0,375,96000.0,96256.0,256.0,1.0,1,0.37890625,0.3984375,0.22265625,0.37890625,0.2437106986520289,0.2437106986520289
0,376,96256.0,96512.0,256.0,1.0,1,0.328125,0.4453125,0.2265625,0.328125,0.2437106986520289,0.2437106986520289
0,377,96512.0,96768.0,256.0,1.0,1,0.38671875,0.43359375,0.1796875,0.38671875,0.2437106986520289,0.2437106986520289
0,378,96768.0,97024.0,256.0,1.0,1,0.3359375,0.4453125,0.21875,0.3359375,0.2437106986520289,0.2437106986520289
0,379,97024.0,97280.0,256.0,1.0,1,0.34765625,0.453125,0.19921875,0.34765625,0.2437106986520289,0.2437106986520289
0,380,97280.0,97536.0,256.0,1.0,1,0.36328125,0.4140625,0.22265625,0.36328125,0.2437106986520289,0.2437106986520289
0,381,97536.0,97792.0,256.0,1.0,1,0.37890625,0.4609375,0.16015625,0.37890625,0.2437106986520289,0.2437106986520289
0,382,97792.0,98048.0,256.0,1.0,1,0.37890625,0.43359375,0.1875,0.37890625,0.2437106986520289,0.2437106986520289
0,383,98048.0,98304.0,256.0,1.0,1,0.37109375,0.421875,0.20703125,0.37109375,0.2437106986520289,0.2437106986520289
0,384,98304.0,98560.0,256.0,1.0,1,0.38671875,0.41015625,0.203125,0.38671875,0.2437106986520289,0.2437106986520289
0,385,98560.0,98816.0,256.0,1.0,1,0.39453125,0.42578125,0.1796875,0.39453125,0.2437106986520289,0.2437106986520289
0,386,98816.0,99072.0,256.0,1.0,1,0.40625,0.44921875,0.14453125,0.40625,0.2437106986520289,0.2437106986520289
0,387,99072.0,99328.0,256.0,1.0,1,0.37109375,0.40234375,0.2265625,0.37109375,0.2437106986520289,0.2437106986520289
0,388,99328.0,99584.0,256.0,1.0,1,0.38671875,0.4453125,0.16796875,0.38671875,0.2437106986520289,0.2437106986520289
0,389,99584.0,99840.0,256.0,1.0,1,0.3828125,0.40234375,0.21484375,0.3828125,0.2437106986520289,0.2437106986520289
0,390,99840.0,100096.0,256.0,1.0,1,0.37109375,0.43359375,0.1953125,0.37109375,0.2437106986520289,0.2437106986520289
0,391,100096.0,100352.0,256.0,1.0,1,0.390625,0.4453125,0.1640625,0.390625,0.2437106986520289,0.2437106986520289
0,392,100352.0,100608.0,256.0,1.0,1,0.3671875,0.4140625,0.21875,0.3671875,0.2437106986520289,0.2437106986520289
0,393,100608.0,100864.0,256.0,1.0,1,0.359375,0.4453125,0.1953125,0.359375,0.2437106986520289,0.2437106986520289
0,394,100864.0,101120.0,256.0,1.0,1,0.37890625,0.47265625,0.1484375,0.37890625,0.2437106986520289,0.2437106986520289
0,395,101120.0,101376.0,256.0,1.0,1,0.3671875,0.46484375,0.16796875,0.3671875,0.2437106986520289,0.2437106986520289
0,396,101376.0,101632.0,256.0,1.0,1,0.3828125,0.44921875,0.16796875,0.3828125,0.2437106986520289,0.2437106986520289
0,397,101632.0,101888.0,256.0,1.0,1,0.37109375,0.43359375,0.1953125,0.37109375,0.2437106986520289,0.2437106986520289
0,398,101888.0,102144.0,256.0,1.0,1,0.41015625,0.46875,0.12109375,0.41015625,0.2437106986520289,0.2437106986520289
0,399,102144.0,102400.0,256.0,1.0,1,0.35546875,0.4609375,0.18359375,0.35546875,0.2437106986520289,0.2437106986520289
0,400,102400.0,102656.0,256.0,1.0,1,0.3359375,0.4453125,0.21875,0.3359375,0.2437106986520289,0.2437106986520289
0,401,102656.0,102912.0,256.0,1.0,1,0.39453125,0.453125,0.15234375,0.39453125,0.2437106986520289,0.2437106986520289
0,402,102912.0,103168.0,256.0,1.0,1,0.41015625,0.45703125,0.1328125,0.41015625,0.2437106986520289,0.2437106986520289
0,403,103168.0,103424.0,256.0,1.0,1,0.40625,0.46484375,0.12890625,0.40625,0.2437106986520289,0.2437106986520289
0,404,103424.0,103680.0,256.0,1.0,1,0.40234375,0.4609375,0.13671875,0.40234375,0.2437106986520289,0.2437106986520289
0,405,103680.0,103936.0,256.0,1.0,1,0.359375,0.4296875,0.2109375,0.359375,0.2437106986520289,0.2437106986520289
0,406,103936.0,104192.0,256.0,1.0,1,0.37890625,0.46484375,0.15625,0.37890625,0.2437106986520289,0.2437106986520289
0,407,104192.0,104448.0,256.0,1.0,1,0.37109375,0.4765625,0.15234375,0.37109375,0.2437106986520289,0.2437106986520289
0,408,104448.0,104704.0,256.0,1.0,1,0.3671875,0.453125,0.1796875,0.3671875,0.2437106986520289,0.2437106986520289
0,409,104704.0,104960.0,256.0,1.0,1,0.375,0.46484375,0.16015625,0.375,0.2437106986520289,0.2437106986520289
0,410,104960.0,105216.0,256.0,1.0,1,0.359375,0.45703125,0.18359375,0.359375,0.2437106986520289,0.2437106986520289
0,411,105216.0,105472.0,256.0,1.0,1,0.37890625,0.45703125,0.1640625,0.37890625,0.2437106986520289,0.2437106986520289
0,412,105472.0,105728.0,256.0,1.0,1,0.390625,0.4296875,0.1796875,0.390625,0.2437106986520289,0.2437106986520289
0,413,105728.0,105984.0,256.0,1.0,1,0.37890625,0.46484375,0.15625,0.37890625,0.2437106986520289,0.2437106986520289
0,414,105984.0,106240.0,256.0,1.0,1,0.390625,0.44921875,0.16015625,0.390625,0.2437106986520289,0.2437106986520289
0,415,106240.0,106496.0,256.0,1.0,1,0.37109375,0.4609375,0.16796875,0.37109375,0.2437106986520289,0.2437106986520289
0,416,106496.0,106752.0,256.0,1.0,1,0.40234375,0.46484375,0.1328125,0.40234375,0.2437106986520289,0.2437106986520289
0,417,106752.0,107008.0,256.0,1.0,1,0.37109375,0.47265625,0.15625,0.37109375,0.2437106986520289,0.2437106986520289
0,418,107008.0,107264.0,256.0,1.0,1,0.40625,0.4375,0.15625,0.40625,0.2437106986520289,0.2437106986520289
0,419,107264.0,107520.0,256.0,1.0,1,0.40234375,0.46484375,0.1328125,0.40234375,0.2437106986520289,0.2437106986520289
0,420,107520.0,107776.0,256.0,1.0,1,0.375,0.46875,0.15625,0.375,0.2437106986520289,0.2437106986520289
0,421,107776.0,108032.0,256.0,1.0,1,0.37890625,0.45703125,0.1640625,0.37890625,0.2437106986520289,0.2437106986520289
0,422,108032.0,108288.0,256.0,1.0,1,0.3203125,0.4453125,0.234375,0.3203125,0.2437106986520289,0.2437106986520289
0,423,108288.0,108544.0,256.0,1.0,1,0.40234375,0.4140625,0.18359375,0.40234375,0.2437106986520289,0.2437106986520289
0,424,108544.0,108800.0,256.0,1.0,1,0.3359375,0.33203125,0.33203125,0.3359375,0.2437106986520289,0.2437106986520289
0,425,108800.0,109056.0,256.0,1.0,1,0.33203125,0.3359375,0.33203125,0.33203125,0.2437106986520289,0.2437106986520289
0,426,109056.0,109312.0,256.0,1.0,1,0.33203125,0.33203125,0.3359375,0.33203125,0.2437106986520289,0.2437106986520289
0,427,109312.0,109568.0,256.0,1.0,1,0.3359375,0.33203125,0.33203125,0.3359375,0.2437106986520289,0.2437106986520289
0,428,109568.0,109824.0,256.0,1.0,1,0.33203125,0.3359375,0.33203125,0.33203125,0.2437106986520289,0.2437106986520289
0,429,109824.0,110080.0,256.0,1.0,1,0.359375,0.33203125,0.30859375,0.359375,0.2437106986520289,0.2437106986520289
0,430,110080.0,110336.0,256.0,1.0,1,0.38671875,0.34375,0.26953125,0.38671875,0.2437106986520289,0.2437106986520289
0,431,110336.0,110592.0,256.0,1.0,1,0.33203125,0.3359375,0.33203125,0.33203125,0.2437106986520289,0.2437106986520289
0,432,110592.0,110848.0,256.0,1.0,1,0.33203125,0.33203125,0.3359375,0.33203125,0.2437106986520289,0.2437106986520289
0,433,110848.0,111104.0,256.0,1.0,1,0.3359375,0.33203125,0.33203125,0.3359375,0.2437106986520289,0.2437106986520289
0,434,111104.0,111360.0,256.0,1.0,1,0.33203125,0.3359375,0.33203125,0.33203125,0.2437106986520289,0.2437106986520289
0,435,111360.0,111616.0,256.0,1.0,1,0.33203125,0.33203125,0.3359375,0.33203125,0.2437106986520289,0.2437106986520289
0,436,111616.0,111872.0,256.0,1.0,1,0.421875,0.3828125,0.1953125,0.421875,0.2437106986520289,0.2437106986520289
0,437,111872.0,112128.0,256.0,1.0,1,0.4765625,0.390625,0.1328125,0.4765625,0.2437106986520289,0.2437106986520289
0,438,112128.0,112384.0,256.0,1.0,1,0.4765625,0.39453125,0.12890625,0.4765625,0.2437106986520289,0.2437106986520289
0,439,112384.0,112640.0,256.0,1.0,1,0.48046875,0.38671875,0.1328125,0.48046875,0.2437106986520289,0.2437106986520289
0,440,112640.0,112896.0,256.0,1.0,1,0.48046875,0.390625,0.12890625,0.48046875,0.2437106986520289,0.2437106986520289
0,441,112896.0,113152.0,256.0,1.0,1,0.4765625,0.390625,0.1328125,0.4765625,0.2437106986520289,0.2437106986520289
0,442,113152.0,113408.0,256.0,1.0,1,0.4765625,0.39453125,0.12890625,0.4765625,0.2437106986520289,0.2437106986520289
0,443,113408.0,113664.0,256.0,1.0,1,0.48046875,0.390625,0.12890625,0.48046875,0.2437106986520289,0.2437106986520289
0,444,113664.0,113920.0,256.0,1.0,1,0.4765625,0.390625,0.1328125,0.4765625,0.2437106986520289,0.2437106986520289
0,445,113920.0,114176.0,256.0,1.0,1,0.4765625,0.39453125,0.12890625,0.4765625,0.2437106986520289,0.2437106986520289
0,446,114176.0,114432.0,256.0,1.0,1,0.48046875,0.390625,0.12890625,0.48046875,0.2437106986520289,0.2437106986520289
0,447,114432.0,114688.0,256.0,1.0,1,0.48046875,0.38671875,0.1328125,0.48046875,0.2437106986520289,0.2437106986520289
0,448,114688.0,114944.0,256.0,1.0,1,0.4765625,0.39453125,0.12890625,0.4765625,0.2437106986520289,0.2437106986520289
0,449,114944.0,115200.0,256.0,1.0,1,0.4765625,0.390625,0.1328125,0.4765625,0.2437106986520289,0.2437106986520289
0,450,115200.0,115456.0,256.0,1.0,1,0.4765625,0.39453125,0.12890625,0.4765625,0.2437106986520289,0.2437106986520289
0,451,115456.0,115712.0,256.0,1.0,1,0.48046875,0.390625,0.12890625,0.48046875,0.2437106986520289,0.2437106986520289
0,452,115712.0,115968.0,256.0,1.0,1,0.48046875,0.38671875,0.1328125,0.48046875,0.2437106986520289,0.2437106986520289
0,453,115968.0,116224.0,256.0,1.0,1,0.4765625,0.39453125,0.12890625,0.4765625,0.2437106986520289,0.2437106986520289
0,454,116224.0,116480.0,256.0,1.0,1,0.4765625,0.390625,0.1328125,0.4765625,0.2437106986520289,0.2437106986520289
0,455,116480.0,116736.0,256.0,1.0,1,0.48046875,0.390625,0.12890625,0.48046875,0.2437106986520289,0.2437106986520289
0,456,116736.0,116992.0,256.0,1.0,1,0.48046875,0.390625,0.12890625,0.48046875,0.2437106986520289,0.2437106986520289
0,457,116992.0,117248.0,256.0,1.0,1,0.47265625,0.39453125,0.1328125,0.47265625,0.2437106986520289,0.2437106986520289
0,458,117248.0,117504.0,256.0,1.0,1,0.48046875,0.390625,0.12890625,0.48046875,0.2437106986520289,0.2437106986520289
0,459,117504.0,117760.0,256.0,1.0,1,0.48046875,0.390625,0.12890625,0.48046875,0.2437106986520289,0.2437106986520289
0,460,117760.0,118016.0,256.0,1.0,1,0.4765625,0.390625,0.1328125,0.4765625,0.2437106986520289,0.2437106986520289
0,461,118016.0,118272.0,256.0,1.0,1,0.4765625,0.39453125,0.12890625,0.4765625,0.2437106986520289,0.2437106986520289
0,462,118272.0,118528.0,256.0,1.0,1,0.48046875,0.38671875,0.1328125,0.48046875,0.2437106986520289,0.2437106986520289
0,463,118528.0,118784.0,256.0,1.0,1,0.48046875,0.390625,0.12890625,0.48046875,0.2437106986520289,0.2437106986520289
0,464,118784.0,119040.0,256.0,1.0,1,0.4765625,0.390625,0.1328125,0.4765625,0.2437106986520289,0.2437106986520289
0,465,119040.0,119296.0,256.0,1.0,1,0.4765625,0.39453125,0.12890625,0.4765625,0.2437106986520289,0.2437106986520289
0,466,119296.0,119552.0,256.0,1.0,1,0.48046875,0.390625,0.12890625,0.48046875,0.2437106986520289,0.2437106986520289
0,467,119552.0,119808.0,256.0,1.0,1,0.4765625,0.390625,0.1328125,0.4765625,0.2437106986520289,0.2437106986520289
0,468,119808.0,120064.0,256.0,1.0,1,0.4765625,0.39453125,0.12890625,0.4765625,0.2437106986520289,0.2437106986520289
0,469,120064.0,120320.0,256.0,1.0,1,0.48046875,0.390625,0.12890625,0.48046875,0.2437106986520289,0.2437106986520289
0,470,120320.0,120576.0,256.0,1.0,1,0.48046875,0.38671875,0.1328125,0.48046875,0.2437106986520289,0.2437106986520289
0,471,120576.0,120832.0,256.0,1.0,1,0.4765625,0.39453125,0.12890625,0.4765625,0.2437106986520289,0.2437106986520289
0,472,120832.0,121088.0,256.0,1.0,1,0.4765625,0.390625,0.1328125,0.4765625,0.2437106986520289,0.2437106986520289
0,473,121088.0,121344.0,256.0,1.0,1,0.4765625,0.39453125,0.12890625,0.4765625,0.2437106986520289,0.2437106986520289
0,474,121344.0,121600.0,256.0,1.0,1,0.48046875,0.390625,0.12890625,0.48046875,0.2437106986520289,0.2437106986520289
0,475,121600.0,121856.0,256.0,1.0,1,0.48046875,0.38671875,0.1328125,0.48046875,0.2437106986520289,0.2437106986520289
0,476,121856.0,122112.0,256.0,1.0,1,0.4765625,0.39453125,0.12890625,0.4765625,0.2437106986520289,0.2437106986520289
0,477,122112.0,122368.0,256.0,1.0,1,0.4765625,0.390625,0.1328125,0.4765625,0.2437106986520289,0.2437106986520289
0,478,122368.0,122624.0,256.0,1.0,1,0.48046875,0.390625,0.12890625,0.48046875,0.2437106986520289,0.2437106986520289
0,479,122624.0,122880.0,256.0,1.0,1,0.48046875,0.390625,0.12890625,0.48046875,0.2437106986520289,0.2437106986520289
0,480,122880.0,123136.0,256.0,1.0,1,0.47265625,0.39453125,0.1328125,0.47265625,0.2437106986520289,0.2437106986520289
0,481,123136.0,123392.0,256.0,1.0,1,0.48046875,0.390625,0.12890625,0.48046875,0.2437106986520289,0.2437106986520289
0,482,123392.0,123648.0,256.0,1.0,1,0.4453125,0.3671875,0.1875,0.4453125,0.2437106986520289,0.2437106986520289
0,483,123648.0,123904.0,256.0,1.0,1,0.33203125,0.33203125,0.3359375,0.33203125,0.2437106986520289,0.2437106986520289
0,484,123904.0,124160.0,256.0,1.0,1,0.3359375,0.33203125,0.33203125,0.3359375,0.2437106986520289,0.2437106986520289
0,485,124160.0,124416.0,256.0,1.0,1,0.33203125,0.3359375,0.33203125,0.33203125,0.2437106986520289,0.2437106986520289
0,486,124416.0,124672.0,256.0,1.0,1,0.33203125,0.33203125,0.3359375,0.33203125,0.2437106986520289,0.2437106986520289
0,487,124672.0,124928.0,256.0,1.0,1,0.3359375,0.33203125,0.33203125,0.3359375,0.2437106986520289,0.2437106986520289
0,488,124928.0,125184.0,256.0,1.0,1,0.359375,0.359375,0.28125,0.359375,0.2437106986520289,0.2437106986520289
0,489,125184.0,125440.0,256.0,1.0,1,0.48046875,0.390625,0.12890625,0.48046875,0.2437106986520289,0.2437106986520289
0,490,125440.0,125696.0,256.0,1.0,1,0.47265625,0.39453125,0.1328125,0.47265625,0.2437106986520289,0.2437106986520289
0,491,125696.0,125952.0,256.0,1.0,1,0.48046875,0.390625,0.12890625,0.48046875,0.2437106986520289,0.2437106986520289
0,492,125952.0,126208.0,256.0,1.0,1,0.48046875,0.390625,0.12890625,0.48046875,0.2437106986520289,0.2437106986520289
0,493,126208.0,126464.0,256.0,1.0,1,0.4765625,0.390625,0.1328125,0.4765625,0.2437106986520289,0.2437106986520289
0,494,126464.0,126720.0,256.0,1.0,1,0.4765625,0.39453125,0.12890625,0.4765625,0.2437106986520289,0.2437106986520289
0,495,126720.0,126976.0,256.0,1.0,1,0.48046875,0.38671875,0.1328125,0.48046875,0.2437106986520289,0.2437106986520289
0,496,126976.0,127232.0,256.0,1.0,1,0.48046875,0.390625,0.12890625,0.48046875,0.2437106986520289,0.2437106986520289
0,497,127232.0,127488.0,256.0,1.0,1,0.4765625,0.390625,0.1328125,0.4765625,0.2437106986520289,0.2437106986520289
0,498,127488.0,127744.0,256.0,1.0,1,0.4765625,0.39453125,0.12890625,0.4765625,0.2437106986520289,0.2437106986520289
0,499,127744.0,128000.0,256.0,1.0,1,0.48046875,0.390625,0.12890625,0.48046875,0.2437106986520289,0.2437106986520289
0,500,128000.0,128256.0,256.0,1.0,1,0.4765625,0.390625,0.1328125,0.4765625,0.2437106986520289,0.2437106986520289
0,501,128256.0,128512.0,256.0,1.0,1,0.4765625,0.39453125,0.12890625,0.4765625,0.2437106986520289,0.2437106986520289
0,502,128512.0,128768.0,256.0,1.0,1,0.48046875,0.390625,0.12890625,0.48046875,0.2437106986520289,0.2437106986520289
0,503,128768.0,129024.0,256.0,1.0,1,0.48046875,0.38671875,0.1328125,0.48046875,0.2437106986520289,0.2437106986520289
0,504,129024.0,129280.0,256.0,1.0,1,0.4765625,0.39453125,0.12890625,0.4765625,0.2437106986520289,0.2437106986520289
0,505,129280.0,129536.0,256.0,1.0,1,0.4765625,0.390625,0.1328125,0.4765625,0.2437106986520289,0.2437106986520289
0,506,129536.0,129792.0,256.0,1.0,1,0.4765625,0.39453125,0.12890625,0.4765625,0.2437106986520289,0.2437106986520289
0,507,129792.0,130048.0,256.0,1.0,1,0.48046875,0.390625,0.12890625,0.48046875,0.2437106986520289,0.2437106986520289
0,508,130048.0,130304.0,256.0,1.0,1,0.48046875,0.38671875,0.1328125,0.48046875,0.2437106986520289,0.2437106986520289
0,509,130304.0,130560.0,256.0,1.0,1,0.4765625,0.39453125,0.12890625,0.4765625,0.2437106986520289,0.2437106986520289
0,510,130560.0,130816.0,256.0,1.0,1,0.4765625,0.390625,0.1328125,0.4765625,0.2437106986520289,0.2437106986520289
0,511,130816.0,131072.0,256.0,1.0,1,0.48046875,0.390625,0.12890625,0.48046875,0.2437106986520289,0.2437106986520289
0,512,131072.0,131328.0,256.0,1.0,1,0.48046875,0.390625,0.12890625,0.48046875,0.2437106986520289,0.2437106986520289
0,513,131328.0,131584.0,256.0,1.0,1,0.47265625,0.39453125,0.1328125,0.47265625,0.2437106986520289,0.2437106986520289
0,514,131584.0,131840.0,256.0,1.0,1,0.48046875,0.390625,0.12890625,0.48046875,0.2437106986520289,0.2437106986520289
0,515,131840.0,132096.0,256.0,1.0,1,0.48046875,0.390625,0.12890625,0.48046875,0.2437106986520289,0.2437106986520289
0,516,132096.0,132352.0,256.0,1.0,1,0.4765625,0.390625,0.1328125,0.4765625,0.2437106986520289,0.2437106986520289
0,517,132352.0,132608.0,256.0,1.0,1,0.4765625,0.39453125,0.12890625,0.4765625,0.2437106986520289,0.2437106986520289
0,518,132608.0,132864.0,256.0,1.0,1,0.48046875,0.38671875,0.1328125,0.48046875,0.2437106986520289,0.2437106986520289
0,519,132864.0,133120.0,256.0,1.0,1,0.48046875,0.390625,0.12890625,0.48046875,0.2437106986520289,0.2437106986520289
0,520,133120.0,133376.0,256.0,1.0,1,0.4765625,0.390625,0.1328125,0.4765625,0.2437106986520289,0.2437106986520289
0,521,133376.0,133632.0,256.0,1.0,1,0.4765625,0.39453125,0.12890625,0.4765625,0.2437106986520289,0.2437106986520289
0,522,133632.0,133888.0,256.0,1.0,1,0.48046875,0.390625,0.12890625,0.48046875,0.2437106986520289,0.2437106986520289
0,523,133888.0,134144.0,256.0,1.0,1,0.4765625,0.390625,0.1328125,0.4765625,0.2437106986520289,0.2437106986520289
0,524,134144.0,134400.0,256.0,1.0,1,0.4765625,0.39453125,0.12890625,0.4765625,0.2437106986520289,0.2437106986520289
0,525,134400.0,134656.0,256.0,1.0,1,0.48046875,0.390625,0.12890625,0.48046875,0.2437106986520289,0.2437106986520289
0,526,134656.0,134912.0,256.0,1.0,1,0.48046875,0.38671875,0.1328125,0.48046875,0.2437106986520289,0.2437106986520289
0,527,134912.0,135168.0,256.0,1.0,1,0.4765625,0.39453125,0.12890625,0.4765625,0.2437106986520289,0.2437106986520289
0,528,135168.0,135424.0,256.0,1.0,1,0.4765625,0.390625,0.1328125,0.4765625,0.2437106986520289,0.2437106986520289
0,529,135424.0,135680.0,256.0,1.0,1,0.4765625,0.39453125,0.12890625,0.4765625,0.2437106986520289,0.2437106986520289
0,530,135680.0,135936.0,256.0,1.0,1,0.48046875,0.390625,0.12890625,0.48046875,0.2437106986520289,0.2437106986520289
0,531,135936.0,136192.0,256.0,1.0,1,0.48046875,0.38671875,0.1328125,0.48046875,0.2437106986520289,0.2437106986520289
0,532,136192.0,136448.0,256.0,1.0,1,0.4765625,0.39453125,0.12890625,0.4765625,0.2437106986520289,0.2437106986520289
0,533,136448.0,136704.0,256.0,1.0,1,0.4765625,0.390625,0.1328125,0.4765625,0.2437106986520289,0.2437106986520289
0,534,136704.0,136960.0,256.0,1.0,1,0.46875,0.3984375,0.1328125,0.46875,0.2437106986520289,0.2437106986520289
0,535,136960.0,137216.0,256.0,1.0,1,0.375,0.3203125,0.3046875,0.375,0.2437106986520289,0.2437106986520289
0,536,137216.0,137472.0,256.0,1.0,1,0.33203125,0.3359375,0.33203125,0.33203125,0.2437106986520289,0.2437106986520289
0,537,137472.0,137728.0,256.0,1.0,1,0.33203125,0.33203125,0.3359375,0.33203125,0.2437106986520289,0.2437106986520289
0,538,137728.0,137984.0,256.0,1.0,1,0.3359375,0.33203125,0.33203125,0.3359375,0.2437106986520289,0.2437106986520289
0,539,137984.0,138240.0,256.0,1.0,1,0.33203125,0.3359375,0.33203125,0.33203125,0.2437106986520289,0.2437106986520289
0,540,138240.0,138496.0,256.0,1.0,1,0.33203125,0.33203125,0.3359375,0.33203125,0.2437106986520289,0.2437106986520289
0,541,138496.0,138752.0,256.0,1.0,1,0.41796875,0.31640625,0.265625,0.41796875,0.2437106986520289,0.2437106986520289
0,542,138752.0,139008.0,256.0,1.0,1,0.0625,0.5,0.4375,0.0625,0.2437106986520289,0.2437106986520289
0,543,139008.0,139264.0,256.0,1.0,1,0.0,0.5,0.5,0.0,0.2437106986520289,0.2437106986520289
0,544,139264.0,139520.0,256.0,1.0,1,0.0,0.5,0.5,0.0,0.2437106986520289,0.2437106986520289
0,545,139520.0,139776.0,256.0,1.0,1,0.0,0.5,0.5,0.0,0.2437106986520289,0.2437106986520289
0,546,139776.0,140032.0,256.0,1.0,1,0.03515625,0.5078125,0.45703125,0.03515625,0.2437106986520289,0.2437106986520289
0,547,140032.0,140288.0,256.0,1.0,1,0.3828125,0.3515625,0.265625,0.3828125,0.2437106986520289,0.2437106986520289
0,548,140288.0,140544.0,256.0,1.0,1,0.2734375,0.4140625,0.3125,0.2734375,0.2437106986520289,0.2437106986520289
0,549,140544.0,140800.0,256.0,1.0,1,0.0,0.5,0.5,0.0,0.2437106986520289,0.2437106986520289
0,550,140800.0,141056.0,256.0,1.0,1,0.0,0.5,0.5,0.0,0.2437106986520289,0.2437106986520289
0,551,141056.0,141312.0,256.0,1.0,1,0.0,0.5,0.5,0.0,0.2437106986520289,0.2437106986520289
0,552,141312.0,141568.0,256.0,1.0,1,0.0,0.5,0.5,0.0,0.2437106986520289,0.2437106986520289
0,553,141568.0,141824.0,256.0,1.0,1,0.0,0.5,0.5,0.0,0.2437106986520289,0.2437106986520289
0,554,141824.0,142080.0,256.0,1.0,1,0.0,0.5,0.5,0.0,0.2437106986520289,0.2437106986520289
0,555,142080.0,142336.0,256.0,1.0,1,0.0,0.5,0.5,0.0,0.2437106986520289,0.2437106986520289
0,556,142336.0,142592.0,256.0,1.0,1,0.0,0.5,0.5,0.0,0.2437106986520289,0.2437106986520289
0,557,142592.0,142848.0,256.0,1.0,1,0.0,0.5,0.5,0.0,0.2437106986520289,0.2437106986520289
0,558,142848.0,143104.0,256.0,1.0,1,0.0,0.5,0.5,0.0,0.2437106986520289,0.2437106986520289
0,559,143104.0,143360.0,256.0,1.0,1,0.0,0.5,0.5,0.0,0.2437106986520289,0.2437106986520289
0,560,143360.0,143616.0,256.0,1.0,1,0.0,0.5,0.5,0.0,0.2437106986520289,0.2437106986520289
0,561,143616.0,143872.0,256.0,1.0,1,0.0,0.5,0.5,0.0,0.2437106986520289,0.2437106986520289
0,562,143872.0,144128.0,256.0,1.0,1,0.0,0.5,0.5,0.0,0.2437106986520289,0.2437106986520289
0,563,144128.0,144384.0,256.0,1.0,1,0.0,0.5,0.5,0.0,0.2437106986520289,0.2437106986520289
0,564,144384.0,144640.0,256.0,1.0,1,0.0,0.5,0.5,0.0,0.2437106986520289,0.2437106986520289
0,565,144640.0,144896.0,256.0,1.0,1,0.0,0.5,0.5,0.0,0.2437106986520289,0.2437106986520289
0,566,144896.0,145152.0,256.0,1.0,1,0.1640625,0.484375,0.3515625,0.1640625,0.2437106986520289,0.2437106986520289
0,567,145152.0,145408.0,256.0,1.0,1,0.0,0.5,0.5,0.0,0.2437106986520289,0.2437106986520289
0,568,145408.0,145664.0,256.0,1.0,1,0.0,0.5,0.5,0.0,0.2437106986520289,0.2437106986520289
0,569,145664.0,145920.0,256.0,1.0,1,0.0,0.5,0.5,0.0,0.2437106986520289,0.2437106986520289
0,570,145920.0,146176.0,256.0,1.0,1,0.0,0.5,0.5,0.0,0.2437106986520289,0.2437106986520289
0,571,146176.0,146432.0,256.0,1.0,1,0.0,0.5,0.5,0.0,0.2437106986520289,0.2437106986520289
0,572,146432.0,146688.0,256.0,1.0,1,0.0,0.5,0.5,0.0,0.2437106986520289,0.2437106986520289
0,573,146688.0,146944.0,256.0,1.0,1,0.0,0.5,0.5,0.0,0.2437106986520289,0.2437106986520289
0,574,146944.0,147200.0,256.0,1.0,1,0.0,0.5,0.5,0.0,0.2437106986520289,0.2437106986520289
0,575,147200.0,147456.0,256.0,1.0,1,0.0,0.5,0.5,0.0,0.2437106986520289,0.2437106986520289
0,576,147456.0,147712.0,256.0,1.0,1,0.0,0.5,0.5,0.0,0.2437106986520289,0.2437106986520289
0,577,147712.0,147968.0,256.0,1.0,1,0.0,0.5,0.5,0.0,0.2437106986520289,0.2437106986520289
0,578,147968.0,148224.0,256.0,1.0,1,0.0,0.5,0.5,0.0,0.2437106986520289,0.2437106986520289
0,579,148224.0,148480.0,256.0,1.0,1,0.0,0.5,0.5,0.0,0.2437106986520289,0.2437106986520289
0,580,148480.0,148736.0,256.0,1.0,1,0.0,0.5,0.5,0.0,0.2437106986520289,0.2437106986520289
0,581,148736.0,148992.0,256.0,1.0,1,0.0,0.5,0.5,0.0,0.2437106986520289,0.2437106986520289
0,582,148992.0,149248.0,256.0,1.0,1,0.0,0.5,0.5,0.0,0.2437106986520289,0.2437106986520289
0,583,149248.0,149504.0,256.0,1.0,1,0.0,0.5,0.5,0.0,0.2437106986520289,0.2437106986520289
0,584,149504.0,149760.0,256.0,1.0,1,0.0,0.5,0.5,0.0,0.2437106986520289,0.2437106986520289
0,585,149760.0,150016.0,256.0,1.0,1,0.01953125,0.49609375,0.484375,0.01953125,0.2437106986520289,0.2437106986520289
0,586,150016.0,150272.0,256.0,1.0,1,0.13671875,0.4921875,0.37109375,0.13671875,0.2437106986520289,0.2437106986520289
0,587,150272.0,150528.0,256.0,1.0,1,0.0,0.5,0.5,0.0,0.2437106986520289,0.2437106986520289
0,588,150528.0,150784.0,256.0,1.0,1,0.0,0.5,0.5,0.0,0.2437106986520289,0.2437106986520289
0,589,150784.0,151040.0,256.0,1.0,1,0.0,0.5,0.5,0.0,0.2437106986520289,0.2437106986520289
0,590,151040.0,151296.0,256.0,1.0,1,0.0,0.5,0.5,0.0,0.2437106986520289,0.2437106986520289
0,591,151296.0,151552.0,256.0,1.0,1,0.0,0.5,0.5,0.0,0.2437106986520289,0.2437106986520289
0,592,151552.0,151808.0,256.0,1.0,1,0.0,0.5,0.5,0.0,0.2437106986520289,0.2437106986520289
0,593,151808.0,152064.0,256.0,1.0,1,0.0,0.5,0.5,0.0,0.2437106986520289,0.2437106986520289
0,594,152064.0,152320.0,256.0,1.0,1,0.0,0.5,0.5,0.0,0.2437106986520289,0.2437106986520289
0,595,152320.0,152576.0,256.0,1.0,1,0.0,0.5,0.5,0.0,0.2437106986520289,0.2437106986520289
0,596,152576.0,152832.0,256.0,1.0,1,0.0,0.5,0.5,0.0,0.2437106986520289,0.2437106986520289
0,597,152832.0,153088.0,256.0,1.0,1,0.0,0.5,0.5,0.0,0.2437106986520289,0.2437106986520289
0,598,153088.0,153344.0,256.0,1.0,1,0.0,0.5,0.5,0.0,0.2437106986520289,0.2437106986520289
0,599,153344.0,153600.0,256.0,1.0,1,0.0,0.5,0.5,0.0,0.2437106986520289,0.2437106986520289
0,600,153600.0,153856.0,256.0,1.0,1,0.0,0.5,0.5,0.0,0.2437106986520289,0.2437106986520289
0,601,153856.0,154112.0,256.0,1.0,1,0.0,0.5,0.5,0.0,0.2437106986520289,0.2437106986520289
0,602,154112.0,154368.0,256.0,1.0,1,0.0,0.5,0.5,0.0,0.2437106986520289,0.2437106986520289
0,603,154368.0,154624.0,256.0,1.0,1,0.0,0.5,0.5,0.0,0.2437106986520289,0.2437106986520289
0,604,154624.0,154880.0,256.0,1.0,1,0.0,0.5,0.5,0.0,0.2437106986520289,0.2437106986520289
0,605,154880.0,155136.0,256.0,1.0,1,0.19140625,0.50390625,0.3046875,0.19140625,0.2437106986520289,0.2437106986520289
0,606,155136.0,155392.0,256.0,1.0,1,0.4140625,0.32421875,0.26171875,0.4140625,0.2437106986520289,0.2437106986520289
0,607,155392.0,155648.0,256.0,1.0,1,0.3359375,0.33203125,0.33203125,0.3359375,0.2437106986520289,0.2437106986520289
0,608,155648.0,155904.0,256.0,1.0,1,0.33203125,0.3359375,0.33203125,0.33203125,0.2437106986520289,0.2437106986520289
0,609,155904.0,156160.0,256.0,1.0,1,0.33203125,0.33203125,0.3359375,0.33203125,0.2437106986520289,0.2437106986520289
0,610,156160.0,156416.0,256.0,1.0,1,0.3359375,0.33203125,0.33203125,0.3359375,0.2437106986520289,0.2437106986520289
0,611,156416.0,156672.0,256.0,1.0,1,0.33203125,0.3359375,0.33203125,0.33203125,0.2437106986520289,0.2437106986520289
0,612,156672.0,156928.0,256.0,1.0,1,0.3515625,0.328125,0.3203125,0.3515625,0.2437106986520289,0.2437106986520289
0,613,156928.0,157184.0,256.0,1.0,1,0.40625,0.36328125,0.23046875,0.40625,0.2437106986520289,0.2437106986520289
0,614,157184.0,157440.0,256.0,1.0,1,0.33203125,0.33203125,0.3359375,0.33203125,0.2437106986520289,0.2437106986520289
0,615,157440.0,157696.0,256.0,1.0,1,0.3359375,0.33203125,0.33203125,0.3359375,0.2437106986520289,0.2437106986520289
0,616,157696.0,157952.0,256.0,1.0,1,0.33203125,0.3359375,0.33203125,0.33203125,0.2437106986520289,0.2437106986520289
0,617,157952.0,158208.0,256.0,1.0,1,0.33203125,0.33203125,0.3359375,0.33203125,0.2437106986520289,0.2437106986520289
0,618,158208.0,158464.0,256.0,1.0,1,0.3359375,0.33203125,0.33203125,0.3359375,0.2437106986520289,0.2437106986520289
0,619,158464.0,158720.0,256.0,1.0,1,0.3359375,0.34375,0.3203125,0.3359375,0.2437106986520289,0.2437106986520289
0,620,158720.0,158976.0,256.0,1.0,1,0.3984375,0.3359375,0.265625,0.3984375,0.2437106986520289,0.2437106986520289
0,621,158976.0,159232.0,256.0,1.0,1,0.33203125,0.3359375,0.33203125,0.33203125,0.2437106986520289,0.2437106986520289
0,622,159232.0,159488.0,256.0,1.0,1,0.33203125,0.33203125,0.3359375,0.33203125,0.2437106986520289,0.2437106986520289
0,623,159488.0,159744.0,256.0,1.0,1,0.3359375,0.33203125,0.33203125,0.3359375,0.2437106986520289,0.2437106986520289
0,624,159744.0,160000.0,256.0,1.0,1,0.33203125,0.3359375,0.33203125,0.33203125,0.2437106986520289,0.2437106986520289
0,625,160000.0,160256.0,256.0,1.0,1,0.33203125,0.33203125,0.3359375,0.33203125,0.2437106986520289,0.2437106986520289
0,626,160256.0,160512.0,256.0,1.0,1,0.41796875,0.3828125,0.19921875,0.41796875,0.2437106986520289,0.2437106986520289
0,627,160512.0,160768.0,256.0,1.0,1,0.42578125,0.44140625,0.1328125,0.42578125,0.2437106986520289,0.2437106986520289
0,628,160768.0,161024.0,256.0,1.0,1,0.4296875,0.4296875,0.140625,0.4296875,0.2437106986520289,0.2437106986520289
0,629,161024.0,161280.0,256.0,1.0,1,0.42578125,0.44140625,0.1328125,0.42578125,0.2437106986520289,0.2437106986520289
0,630,161280.0,161536.0,256.0,1.0,1,0.44921875,0.3828125,0.16796875,0.44921875,0.2437106986520289,0.2437106986520289
0,631,161536.0,161792.0,256.0,1.0,1,0.44921875,0.41796875,0.1328125,0.44921875,0.2437106986520289,0.2437106986520289
0,632,161792.0,162048.0,256.0,1.0,1,0.33203125,0.3359375,0.33203125,0.33203125,0.2437106986520289,0.2437106986520289
0,633,162048.0,162304.0,256.0,1.0,1,0.33203125,0.33203125,0.3359375,0.33203125,0.2437106986520289,0.2437106986520289
0,634,162304.0,162560.0,256.0,1.0,1,0.3359375,0.33203125,0.33203125,0.3359375,0.2437106986520289,0.2437106986520289
0,635,162560.0,162816.0,256.0,1.0,1,0.33203125,0.3359375,0.33203125,0.33203125,0.2437106986520289,0.2437106986520289
0,636,162816.0,163072.0,256.0,1.0,1,0.33203125,0.33203125,0.3359375,0.33203125,0.2437106986520289,0.2437106986520289
0,637,163072.0,163328.0,256.0,1.0,1,0.3515625,0.34375,0.3046875,0.3515625,0.2437106986520289,0.2437106986520289
0,638,163328.0,163584.0,256.0,1.0,1,0.3828125,0.3359375,0.28125,0.3828125,0.2437106986520289,0.2437106986520289
0,639,163584.0,163840.0,256.0,1.0,1,0.3359375,0.33203125,0.33203125,0.3359375,0.2437106986520289,0.2437106986520289
0,640,163840.0,164096.0,256.0,1.0,1,0.33203125,0.3359375,0.33203125,0.33203125,0.2437106986520289,0.2437106986520289
0,641,164096.0,164352.0,256.0,1.0,1,0.33203125,0.33203125,0.3359375,0.33203125,0.2437106986520289,0.2437106986520289
0,642,164352.0,164608.0,256.0,1.0,1,0.3359375,0.33203125,0.33203125,0.3359375,0.2437106986520289,0.2437106986520289
0,643,164608.0,164864.0,256.0,1.0,1,0.33203125,0.3359375,0.33203125,0.33203125,0.2437106986520289,0.2437106986520289
0,644,164864.0,165120.0,256.0,1.0,1,0.39453125,0.40234375,0.203125,0.39453125,0.2437106986520289,0.2437106986520289
0,645,165120.0,165376.0,256.0,1.0,1,0.43359375,0.42578125,0.140625,0.43359375,0.2437106986520289,0.2437106986520289
0,646,165376.0,165632.0,256.0,1.0,1,0.4296875,0.4296875,0.140625,0.4296875,0.2437106986520289,0.2437106986520289
0,647,165632.0,165888.0,256.0,1.0,1,0.42578125,0.43359375,0.140625,0.42578125,0.2437106986520289,0.2437106986520289
0,648,165888.0,166144.0,256.0,1.0,1,0.4296875,0.421875,0.1484375,0.4296875,0.2437106986520289,0.2437106986520289
0,649,166144.0,166400.0,256.0,1.0,1,0.4296875,0.4296875,0.140625,0.4296875,0.2437106986520289,0.2437106986520289
0,650,166400.0,166656.0,256.0,1.0,1,0.42578125,0.4296875,0.14453125,0.42578125,0.2437106986520289,0.2437106986520289
0,651,166656.0,166912.0,256.0,1.0,1,0.43359375,0.42578125,0.140625,0.43359375,0.2437106986520289,0.2437106986520289
0,652,166912.0,167168.0,256.0,1.0,1,0.4296875,0.4296875,0.140625,0.4296875,0.2437106986520289,0.2437106986520289
0,653,167168.0,167424.0,256.0,1.0,1,0.421875,0.4296875,0.1484375,0.421875,0.2437106986520289,0.2437106986520289
0,654,167424.0,167680.0,256.0,1.0,1,0.4296875,0.4296875,0.140625,0.4296875,0.2437106986520289,0.2437106986520289
0,655,167680.0,167936.0,256.0,1.0,1,0.4296875,0.4296875,0.140625,0.4296875,0.2437106986520289,0.2437106986520289
0,656,167936.0,168192.0,256.0,1.0,1,0.42578125,0.4296875,0.14453125,0.42578125,0.2437106986520289,0.2437106986520289
0,657,168192.0,168448.0,256.0,1.0,1,0.4296875,0.42578125,0.14453125,0.4296875,0.2437106986520289,0.2437106986520289
0,658,168448.0,168704.0,256.0,1.0,1,0.4296875,0.4296875,0.140625,0.4296875,0.2437106986520289,0.2437106986520289
0,659,168704.0,168960.0,256.0,1.0,1,0.42578125,0.4296875,0.14453125,0.42578125,0.2437106986520289,0.2437106986520289
0,660,168960.0,169216.0,256.0,1.0,1,0.43359375,0.42578125,0.140625,0.43359375,0.2437106986520289,0.2437106986520289
0,661,169216.0,169472.0,256.0,1.0,1,0.4296875,0.4296875,0.140625,0.4296875,0.2437106986520289,0.2437106986520289
0,662,169472.0,169728.0,256.0,1.0,1,0.42578125,0.42578125,0.1484375,0.42578125,0.2437106986520289,0.2437106986520289
0,663,169728.0,169984.0,256.0,1.0,1,0.42578125,0.43359375,0.140625,0.42578125,0.2437106986520289,0.2437106986520289
0,664,169984.0,170240.0,256.0,1.0,1,0.43359375,0.42578125,0.140625,0.43359375,0.2437106986520289,0.2437106986520289
0,665,170240.0,170496.0,256.0,1.0,1,0.42578125,0.4296875,0.14453125,0.42578125,0.2437106986520289,0.2437106986520289
0,666,170496.0,170752.0,256.0,1.0,1,0.42578125,0.4296875,0.14453125,0.42578125,0.2437106986520289,0.2437106986520289
0,667,170752.0,171008.0,256.0,1.0,1,0.43359375,0.42578125,0.140625,0.43359375,0.2437106986520289,0.2437106986520289
0,668,171008.0,171264.0,256.0,1.0,1,0.42578125,0.4296875,0.14453125,0.42578125,0.2437106986520289,0.2437106986520289
0,669,171264.0,171520.0,256.0,1.0,1,0.4296875,0.4296875,0.140625,0.4296875,0.2437106986520289,0.2437106986520289
0,670,171520.0,171776.0,256.0,1.0,1,0.4296875,0.42578125,0.14453125,0.4296875,0.2437106986520289,0.2437106986520289
0,671,171776.0,172032.0,256.0,1.0,1,0.42578125,0.4296875,0.14453125,0.42578125,0.2437106986520289,0.2437106986520289
0,672,172032.0,172288.0,256.0,1.0,1,0.4296875,0.4296875,0.140625,0.4296875,0.2437106986520289,0.2437106986520289
0,673,172288.0,172544.0,256.0,1.0,1,0.4296875,0.4296875,0.140625,0.4296875,0.2437106986520289,0.2437106986520289
0,674,172544.0,172800.0,256.0,1.0,1,0.4296875,0.42578125,0.14453125,0.4296875,0.2437106986520289,0.2437106986520289
0,675,172800.0,173056.0,256.0,1.0,1,0.42578125,0.4296875,0.14453125,0.42578125,0.2437106986520289,0.2437106986520289
0,676,173056.0,173312.0,256.0,1.0,1,0.43359375,0.42578125,0.140625,0.43359375,0.2437106986520289,0.2437106986520289
0,677,173312.0,173568.0,256.0,1.0,1,0.42578125,0.4296875,0.14453125,0.42578125,0.2437106986520289,0.2437106986520289
0,678,173568.0,173824.0,256.0,1.0,1,0.42578125,0.43359375,0.140625,0.42578125,0.2437106986520289,0.2437106986520289
0,679,173824.0,174080.0,256.0,1.0,1,0.4296875,0.42578125,0.14453125,0.4296875,0.2437106986520289,0.2437106986520289
0,680,174080.0,174336.0,256.0,1.0,1,0.4296875,0.42578125,0.14453125,0.4296875,0.2437106986520289,0.2437106986520289
0,681,174336.0,174592.0,256.0,1.0,1,0.42578125,0.43359375,0.140625,0.42578125,0.2437106986520289,0.2437106986520289
0,682,174592.0,174848.0,256.0,1.0,1,0.43359375,0.42578125,0.140625,0.43359375,0.2437106986520289,0.2437106986520289
0,683,174848.0,175104.0,256.0,1.0,1,0.42578125,0.4296875,0.14453125,0.42578125,0.2437106986520289,0.2437106986520289
0,684,175104.0,175360.0,256.0,1.0,1,0.42578125,0.42578125,0.1484375,0.42578125,0.2437106986520289,0.2437106986520289
0,685,175360.0,175616.0,256.0,1.0,1,0.43359375,0.42578125,0.140625,0.43359375,0.2437106986520289,0.2437106986520289
0,686,175616.0,175872.0,256.0,1.0,1,0.42578125,0.43359375,0.140625,0.42578125,0.2437106986520289,0.2437106986520289
0,687,175872.0,176128.0,256.0,1.0,1,0.4296875,0.4296875,0.140625,0.4296875,0.2437106986520289,0.2437106986520289
0,688,176128.0,176384.0,256.0,1.0,1,0.4296875,0.42578125,0.14453125,0.4296875,0.2437106986520289,0.2437106986520289
0,689,176384.0,176640.0,256.0,1.0,1,0.42578125,0.4296875,0.14453125,0.42578125,0.2437106986520289,0.2437106986520289
0,690,176640.0,176896.0,256.0,1.0,1,0.42578125,0.4296875,0.14453125,0.42578125,0.2437106986520289,0.2437106986520289
0,691,176896.0,177152.0,256.0,1.0,1,0.4375,0.42578125,0.13671875,0.4375,0.2437106986520289,0.2437106986520289
0,692,177152.0,177408.0,256.0,1.0,1,0.42578125,0.4296875,0.14453125,0.42578125,0.2437106986520289,0.2437106986520289
0,693,177408.0,177664.0,256.0,1.0,1,0.421875,0.4296875,0.1484375,0.421875,0.2437106986520289,0.2437106986520289
0,694,177664.0,177920.0,256.0,1.0,1,0.43359375,0.42578125,0.140625,0.43359375,0.2437106986520289,0.2437106986520289
0,695,177920.0,178176.0,256.0,1.0,1,0.4296875,0.4296875,0.140625,0.4296875,0.2437106986520289,0.2437106986520289
0,696,178176.0,178432.0,256.0,1.0,1,0.42578125,0.43359375,0.140625,0.42578125,0.2437106986520289,0.2437106986520289
0,697,178432.0,178688.0,256.0,1.0,1,0.4296875,0.421875,0.1484375,0.4296875,0.2437106986520289,0.2437106986520289
0,698,178688.0,178944.0,256.0,1.0,1,0.4296875,0.4296875,0.140625,0.4296875,0.2437106986520289,0.2437106986520289
0,699,178944.0,179200.0,256.0,1.0,1,0.42578125,0.4296875,0.14453125,0.42578125,0.2437106986520289,0.2437106986520289
0,700,179200.0,179456.0,256.0,1.0,1,0.43359375,0.42578125,0.140625,0.43359375,0.2437106986520289,0.2437106986520289
0,701,179456.0,179712.0,256.0,1.0,1,0.4296875,0.4296875,0.140625,0.4296875,0.2437106986520289,0.2437106986520289
0,702,179712.0,179968.0,256.0,1.0,1,0.421875,0.4296875,0.1484375,0.421875,0.2437106986520289,0.2437106986520289
0,703,179968.0,180224.0,256.0,1.0,1,0.4296875,0.4296875,0.140625,0.4296875,0.2437106986520289,0.2437106986520289
0,704,180224.0,180480.0,256.0,1.0,1,0.4296875,0.4296875,0.140625,0.4296875,0.2437106986520289,0.2437106986520289
0,705,180480.0,180736.0,256.0,1.0,1,0.42578125,0.4296875,0.14453125,0.42578125,0.2437106986520289,0.2437106986520289
0,706,180736.0,180992.0,256.0,1.0,1,0.4296875,0.42578125,0.14453125,0.4296875,0.2437106986520289,0.2437106986520289
0,707,180992.0,181248.0,256.0,1.0,1,0.4296875,0.4296875,0.140625,0.4296875,0.2437106986520289,0.2437106986520289
0,708,181248.0,181504.0,256.0,1.0,1,0.42578125,0.4296875,0.14453125,0.42578125,0.2437106986520289,0.2437106986520289
0,709,181504.0,181760.0,256.0,1.0,1,0.43359375,0.42578125,0.140625,0.43359375,0.2437106986520289,0.2437106986520289
0,710,181760.0,182016.0,256.0,1.0,1,0.4296875,0.4296875,0.140625,0.4296875,0.2437106986520289,0.2437106986520289
0,711,182016.0,182272.0,256.0,1.0,1,0.42578125,0.42578125,0.1484375,0.42578125,0.2437106986520289,0.2437106986520289
0,712,182272.0,182528.0,256.0,1.0,1,0.42578125,0.43359375,0.140625,0.42578125,0.2437106986520289,0.2437106986520289
0,713,182528.0,182784.0,256.0,1.0,1,0.43359375,0.42578125,0.140625,0.43359375,0.2437106986520289,0.2437106986520289
0,714,182784.0,183040.0,256.0,1.0,1,0.42578125,0.4296875,0.14453125,0.42578125,0.2437106986520289,0.2437106986520289
0,715,183040.0,183296.0,256.0,1.0,1,0.42578125,0.4296875,0.14453125,0.42578125,0.2437106986520289,0.2437106986520289
0,716,183296.0,183552.0,256.0,1.0,1,0.43359375,0.42578125,0.140625,0.43359375,0.2437106986520289,0.2437106986520289
0,717,183552.0,183808.0,256.0,1.0,1,0.42578125,0.4296875,0.14453125,0.42578125,0.2437106986520289,0.2437106986520289
0,718,183808.0,184064.0,256.0,1.0,1,0.4296875,0.4296875,0.140625,0.4296875,0.2437106986520289,0.2437106986520289
0,719,184064.0,184320.0,256.0,1.0,1,0.4296875,0.42578125,0.14453125,0.4296875,0.2437106986520289,0.2437106986520289
0,720,184320.0,184576.0,256.0,1.0,1,0.42578125,0.4296875,0.14453125,0.42578125,0.2437106986520289,0.2437106986520289
0,721,184576.0,184832.0,256.0,1.0,1,0.4296875,0.4296875,0.140625,0.4296875,0.2437106986520289,0.2437106986520289
0,722,184832.0,185088.0,256.0,1.0,1,0.4296875,0.4296875,0.140625,0.4296875,0.2437106986520289,0.2437106986520289
0,723,185088.0,185344.0,256.0,1.0,1,0.4296875,0.42578125,0.14453125,0.4296875,0.2437106986520289,0.2437106986520289
0,724,185344.0,185600.0,256.0,1.0,1,0.42578125,0.4296875,0.14453125,0.42578125,0.2437106986520289,0.2437106986520289
0,725,185600.0,185856.0,256.0,1.0,1,0.43359375,0.42578125,0.140625,0.43359375,0.2437106986520289,0.2437106986520289
0,726,185856.0,186112.0,256.0,1.0,1,0.42578125,0.4296875,0.14453125,0.42578125,0.2437106986520289,0.2437106986520289
0,727,186112.0,186368.0,256.0,1.0,1,0.42578125,0.43359375,0.140625,0.42578125,0.2437106986520289,0.2437106986520289
0,728,186368.0,186624.0,256.0,1.0,1,0.4296875,0.42578125,0.14453125,0.4296875,0.2437106986520289,0.2437106986520289
0,729,186624.0,186880.0,256.0,1.0,1,0.4296875,0.42578125,0.14453125,0.4296875,0.2437106986520289,0.2437106986520289
0,730,186880.0,187136.0,256.0,1.0,1,0.42578125,0.43359375,0.140625,0.42578125,0.2437106986520289,0.2437106986520289
0,731,187136.0,187392.0,256.0,1.0,1,0.43359375,0.42578125,0.140625,0.43359375,0.2437106986520289,0.2437106986520289
0,732,187392.0,187648.0,256.0,1.0,1,0.42578125,0.4296875,0.14453125,0.42578125,0.2437106986520289,0.2437106986520289
0,733,187648.0,187904.0,256.0,1.0,1,0.42578125,0.42578125,0.1484375,0.42578125,0.2437106986520289,0.2437106986520289
0,734,187904.0,188160.0,256.0,1.0,1,0.43359375,0.42578125,0.140625,0.43359375,0.2437106986520289,0.2437106986520289
0,735,188160.0,188416.0,256.0,1.0,1,0.42578125,0.43359375,0.140625,0.42578125,0.2437106986520289,0.2437106986520289
0,736,188416.0,188672.0,256.0,1.0,1,0.4296875,0.4296875,0.140625,0.4296875,0.2437106986520289,0.2437106986520289
0,737,188672.0,188928.0,256.0,1.0,1,0.4296875,0.42578125,0.14453125,0.4296875,0.2437106986520289,0.2437106986520289
0,738,188928.0,189184.0,256.0,1.0,1,0.42578125,0.4296875,0.14453125,0.42578125,0.2437106986520289,0.2437106986520289
0,739,189184.0,189440.0,256.0,1.0,1,0.42578125,0.4296875,0.14453125,0.42578125,0.2437106986520289,0.2437106986520289
0,740,189440.0,189696.0,256.0,1.0,1,0.4375,0.42578125,0.13671875,0.4375,0.2437106986520289,0.2437106986520289
0,741,189696.0,189952.0,256.0,1.0,1,0.42578125,0.4296875,0.14453125,0.42578125,0.2437106986520289,0.2437106986520289
0,742,189952.0,190208.0,256.0,1.0,1,0.421875,0.36328125,0.21484375,0.421875,0.2437106986520289,0.2437106986520289
0,743,190208.0,190464.0,256.0,1.0,1,0.33203125,0.3359375,0.33203125,0.33203125,0.2437106986520289,0.2437106986520289
0,744,190464.0,190720.0,256.0,1.0,1,0.33203125,0.33203125,0.3359375,0.33203125,0.2437106986520289,0.2437106986520289
0,745,190720.0,190976.0,256.0,1.0,1,0.3359375,0.33203125,0.33203125,0.3359375,0.2437106986520289,0.2437106986520289
0,746,190976.0,191232.0,256.0,1.0,1,0.33203125,0.3359375,0.33203125,0.33203125,0.2437106986520289,0.2437106986520289
0,747,191232.0,191488.0,256.0,1.0,1,0.33203125,0.33203125,0.3359375,0.33203125,0.2437106986520289,0.2437106986520289
0,748,191488.0,191744.0,256.0,1.0,1,0.3671875,0.3671875,0.265625,0.3671875,0.2437106986520289,0.2437106986520289
0,749,191744.0,192000.0,256.0,1.0,1,0.42578125,0.4296875,0.14453125,0.42578125,0.2437106986520289,0.2437106986520289
0,750,192000.0,192256.0,256.0,1.0,1,0.43359375,0.42578125,0.140625,0.43359375,0.2437106986520289,0.2437106986520289
0,751,192256.0,192512.0,256.0,1.0,1,0.4296875,0.4296875,0.140625,0.4296875,0.2437106986520289,0.2437106986520289
0,752,192512.0,192768.0,256.0,1.0,1,0.421875,0.4296875,0.1484375,0.421875,0.2437106986520289,0.2437106986520289
0,753,192768.0,193024.0,256.0,1.0,1,0.4296875,0.4296875,0.140625,0.4296875,0.2437106986520289,0.2437106986520289
0,754,193024.0,193280.0,256.0,1.0,1,0.4296875,0.4296875,0.140625,0.4296875,0.2437106986520289,0.2437106986520289
0,755,193280.0,193536.0,256.0,1.0,1,0.42578125,0.4296875,0.14453125,0.42578125,0.2437106986520289,0.2437106986520289
0,756,193536.0,193792.0,256.0,1.0,1,0.4296875,0.42578125,0.14453125,0.4296875,0.2437106986520289,0.2437106986520289
0,757,193792.0,194048.0,256.0,1.0,1,0.4296875,0.4296875,0.140625,0.4296875,0.2437106986520289,0.2437106986520289
0,758,194048.0,194304.0,256.0,1.0,1,0.42578125,0.4296875,0.14453125,0.42578125,0.2437106986520289,0.2437106986520289
0,759,194304.0,194560.0,256.0,1.0,1,0.43359375,0.42578125,0.140625,0.43359375,0.2437106986520289,0.2437106986520289
0,760,194560.0,194816.0,256.0,1.0,1,0.4296875,0.4296875,0.140625,0.4296875,0.2437106986520289,0.2437106986520289
0,761,194816.0,195072.0,256.0,1.0,1,0.42578125,0.42578125,0.1484375,0.42578125,0.2437106986520289,0.2437106986520289
0,762,195072.0,195328.0,256.0,1.0,1,0.42578125,0.43359375,0.140625,0.42578125,0.2437106986520289,0.2437106986520289
0,763,195328.0,195584.0,256.0,1.0,1,0.43359375,0.42578125,0.140625,0.43359375,0.2437106986520289,0.2437106986520289
0,764,195584.0,195840.0,256.0,1.0,1,0.42578125,0.4296875,0.14453125,0.42578125,0.2437106986520289,0.2437106986520289
0,765,195840.0,196096.0,256.0,1.0,1,0.42578125,0.4296875,0.14453125,0.42578125,0.2437106986520289,0.2437106986520289
0,766,196096.0,196352.0,256.0,1.0,1,0.43359375,0.42578125,0.140625,0.43359375,0.2437106986520289,0.2437106986520289
0,767,196352.0,196608.0,256.0,1.0,1,0.42578125,0.4296875,0.14453125,0.42578125,0.2437106986520289,0.2437106986520289
0,768,196608.0,196864.0,256.0,1.0,1,0.4296875,0.4296875,0.140625,0.4296875,0.2437106986520289,0.2437106986520289
0,769,196864.0,197120.0,256.0,1.0,1,0.4296875,0.42578125,0.14453125,0.4296875,0.2437106986520289,0.2437106986520289
0,770,197120.0,197376.0,256.0,1.0,1,0.42578125,0.4296875,0.14453125,0.42578125,0.2437106986520289,0.2437106986520289
0,771,197376.0,197632.0,256.0,1.0,1,0.4296875,0.4296875,0.140625,0.4296875,0.2437106986520289,0.2437106986520289
0,772,197632.0,197888.0,256.0,1.0,1,0.4296875,0.4296875,0.140625,0.4296875,0.2437106986520289,0.2437106986520289
0,773,197888.0,198144.0,256.0,1.0,1,0.4296875,0.42578125,0.14453125,0.4296875,0.2437106986520289,0.2437106986520289
0,774,198144.0,198400.0,256.0,1.0,1,0.42578125,0.4296875,0.14453125,0.42578125,0.2437106986520289,0.2437106986520289
0,775,198400.0,198656.0,256.0,1.0,1,0.43359375,0.42578125,0.140625,0.43359375,0.2437106986520289,0.2437106986520289
0,776,198656.0,198912.0,256.0,1.0,1,0.42578125,0.4296875,0.14453125,0.42578125,0.2437106986520289,0.2437106986520289
0,777,198912.0,199168.0,256.0,1.0,1,0.42578125,0.43359375,0.140625,0.42578125,0.2437106986520289,0.2437106986520289
0,778,199168.0,199424.0,256.0,1.0,1,0.4296875,0.42578125,0.14453125,0.4296875,0.2437106986520289,0.2437106986520289
0,779,199424.0,199680.0,256.0,1.0,1,0.4296875,0.42578125,0.14453125,0.4296875,0.2437106986520289,0.2437106986520289
0,780,199680.0,199936.0,256.0,1.0,1,0.42578125,0.43359375,0.140625,0.42578125,0.2437106986520289,0.2437106986520289
0,781,199936.0,200192.0,256.0,1.0,1,0.43359375,0.42578125,0.140625,0.43359375,0.2437106986520289,0.2437106986520289
0,782,200192.0,200448.0,256.0,1.0,1,0.42578125,0.4296875,0.14453125,0.42578125,0.2437106986520289,0.2437106986520289
0,783,200448.0,200704.0,256.0,1.0,1,0.42578125,0.42578125,0.1484375,0.42578125,0.2437106986520289,0.2437106986520289
0,784,200704.0,200960.0,256.0,1.0,1,0.43359375,0.42578125,0.140625,0.43359375,0.2437106986520289,0.2437106986520289
0,785,200960.0,201216.0,256.0,1.0,1,0.42578125,0.43359375,0.140625,0.42578125,0.2437106986520289,0.2437106986520289
0,786,201216.0,201472.0,256.0,1.0,1,0.4296875,0.4296875,0.140625,0.4296875,0.2437106986520289,0.2437106986520289
0,787,201472.0,201728.0,256.0,1.0,1,0.4296875,0.42578125,0.14453125,0.4296875,0.2437106986520289,0.2437106986520289
0,788,201728.0,201984.0,256.0,1.0,1,0.42578125,0.4296875,0.14453125,0.42578125,0.2437106986520289,0.2437106986520289
0,789,201984.0,202240.0,256.0,1.0,1,0.42578125,0.4296875,0.14453125,0.42578125,0.2437106986520289,0.2437106986520289
0,790,202240.0,202496.0,256.0,1.0,1,0.4375,0.42578125,0.13671875,0.4375,0.2437106986520289,0.2437106986520289
0,791,202496.0,202752.0,256.0,1.0,1,0.42578125,0.4296875,0.14453125,0.42578125,0.2437106986520289,0.2437106986520289
0,792,202752.0,203008.0,256.0,1.0,1,0.421875,0.4296875,0.1484375,0.421875,0.2437106986520289,0.2437106986520289
0,793,203008.0,203264.0,256.0,1.0,1,0.43359375,0.42578125,0.140625,0.43359375,0.2437106986520289,0.2437106986520289
0,794,203264.0,203520.0,256.0,1.0,1,0.4296875,0.4296875,0.140625,0.4296875,0.2437106986520289,0.2437106986520289
0,795,203520.0,203776.0,256.0,1.0,1,0.42578125,0.43359375,0.140625,0.42578125,0.2437106986520289,0.2437106986520289
0,796,203776.0,204032.0,256.0,1.0,1,0.4296875,0.421875,0.1484375,0.4296875,0.2437106986520289,0.2437106986520289
0,797,204032.0,204288.0,256.0,1.0,1,0.4296875,0.4296875,0.140625,0.4296875,0.2437106986520289,0.2437106986520289
0,798,204288.0,204544.0,256.0,1.0,1,0.42578125,0.4296875,0.14453125,0.42578125,0.2437106986520289,0.2437106986520289
0,799,204544.0,204800.0,256.0,1.0,1,0.43359375,0.42578125,0.140625,0.43359375,0.2437106986520289,0.2437106986520289
0,800,204800.0,205056.0,256.0,1.0,1,0.4296875,0.4296875,0.140625,0.4296875,0.2437106986520289,0.2437106986520289
0,801,205056.0,205312.0,256.0,1.0,1,0.421875,0.4296875,0.1484375,0.421875,0.2437106986520289,0.2437106986520289
0,802,205312.0,205568.0,256.0,1.0,1,0.4296875,0.4296875,0.140625,0.4296875,0.2437106986520289,0.2437106986520289
0,803,205568.0,205824.0,256.0,1.0,1,0.4296875,0.4296875,0.140625,0.4296875,0.2437106986520289,0.2437106986520289
0,804,205824.0,206080.0,256.0,1.0,1,0.42578125,0.4296875,0.14453125,0.42578125,0.2437106986520289,0.2437106986520289
0,805,206080.0,206336.0,256.0,1.0,1,0.4296875,0.42578125,0.14453125,0.4296875,0.2437106986520289,0.2437106986520289
0,806,206336.0,206592.0,256.0,1.0,1,0.4296875,0.4296875,0.140625,0.4296875,0.2437106986520289,0.2437106986520289
0,807,206592.0,206848.0,256.0,1.0,1,0.42578125,0.4296875,0.14453125,0.42578125,0.2437106986520289,0.2437106986520289
0,808,206848.0,207104.0,256.0,1.0,1,0.43359375,0.42578125,0.140625,0.43359375,0.2437106986520289,0.2437106986520289
0,809,207104.0,207360.0,256.0,1.0,1,0.4296875,0.4296875,0.140625,0.4296875,0.2437106986520289,0.2437106986520289
0,810,207360.0,207616.0,256.0,1.0,1,0.42578125,0.42578125,0.1484375,0.42578125,0.2437106986520289,0.2437106986520289
0,811,207616.0,207872.0,256.0,1.0,1,0.42578125,0.43359375,0.140625,0.42578125,0.2437106986520289,0.2437106986520289
0,812,207872.0,208128.0,256.0,1.0,1,0.43359375,0.42578125,0.140625,0.43359375,0.2437106986520289,0.2437106986520289
0,813,208128.0,208384.0,256.0,1.0,1,0.42578125,0.4296875,0.14453125,0.42578125,0.2437106986520289,0.2437106986520289
0,814,208384.0,208640.0,256.0,1.0,1,0.42578125,0.4296875,0.14453125,0.42578125,0.2437106986520289,0.2437106986520289
0,815,208640.0,208896.0,256.0,1.0,1,0.43359375,0.42578125,0.140625,0.43359375,0.2437106986520289,0.2437106986520289
0,816,208896.0,209152.0,256.0,1.0,1,0.42578125,0.4296875,0.14453125,0.42578125,0.2437106986520289,0.2437106986520289
0,817,209152.0,209408.0,256.0,1.0,1,0.4296875,0.4296875,0.140625,0.4296875,0.2437106986520289,0.2437106986520289
0,818,209408.0,209664.0,256.0,1.0,1,0.4296875,0.42578125,0.14453125,0.4296875,0.2437106986520289,0.2437106986520289
0,819,209664.0,209920.0,256.0,1.0,1,0.42578125,0.4296875,0.14453125,0.42578125,0.2437106986520289,0.2437106986520289
0,820,209920.0,210176.0,256.0,1.0,1,0.4296875,0.4296875,0.140625,0.4296875,0.2437106986520289,0.2437106986520289
0,821,210176.0,210432.0,256.0,1.0,1,0.4296875,0.4296875,0.140625,0.4296875,0.2437106986520289,0.2437106986520289
0,822,210432.0,210688.0,256.0,1.0,1,0.4296875,0.42578125,0.14453125,0.4296875,0.2437106986520289,0.2437106986520289
0,823,210688.0,210944.0,256.0,1.0,1,0.42578125,0.4296875,0.14453125,0.42578125,0.2437106986520289,0.2437106986520289
0,824,210944.0,211200.0,256.0,1.0,1,0.43359375,0.42578125,0.140625,0.43359375,0.2437106986520289,0.2437106986520289
0,825,211200.0,211456.0,256.0,1.0,1,0.42578125,0.4296875,0.14453125,0.42578125,0.2437106986520289,0.2437106986520289
0,826,211456.0,211712.0,256.0,1.0,1,0.42578125,0.43359375,0.140625,0.42578125,0.2437106986520289,0.2437106986520289
0,827,211712.0,211968.0,256.0,1.0,1,0.4296875,0.42578125,0.14453125,0.4296875,0.2437106986520289,0.2437106986520289
0,828,211968.0,212224.0,256.0,1.0,1,0.4296875,0.42578125,0.14453125,0.4296875,0.2437106986520289,0.2437106986520289
0,829,212224.0,212480.0,256.0,1.0,1,0.42578125,0.43359375,0.140625,0.42578125,0.2437106986520289,0.2437106986520289
0,830,212480.0,212736.0,256.0,1.0,1,0.43359375,0.42578125,0.140625,0.43359375,0.2437106986520289,0.2437106986520289
0,831,212736.0,212992.0,256.0,1.0,1,0.42578125,0.4296875,0.14453125,0.42578125,0.2437106986520289,0.2437106986520289
0,832,212992.0,213248.0,256.0,1.0,1,0.42578125,0.42578125,0.1484375,0.42578125,0.2437106986520289,0.2437106986520289
0,833,213248.0,213504.0,256.0,1.0,1,0.43359375,0.42578125,0.140625,0.43359375,0.2437106986520289,0.2437106986520289
0,834,213504.0,213760.0,256.0,1.0,1,0.42578125,0.43359375,0.140625,0.42578125,0.2437106986520289,0.2437106986520289
0,835,213760.0,214016.0,256.0,1.0,1,0.4296875,0.4296875,0.140625,0.4296875,0.2437106986520289,0.2437106986520289
0,836,214016.0,214272.0,256.0,1.0,1,0.4296875,0.42578125,0.14453125,0.4296875,0.2437106986520289,0.2437106986520289
0,837,214272.0,214528.0,256.0,1.0,1,0.42578125,0.4296875,0.14453125,0.42578125,0.2437106986520289,0.2437106986520289
0,838,214528.0,214784.0,256.0,1.0,1,0.42578125,0.4296875,0.14453125,0.42578125,0.2437106986520289,0.2437106986520289
0,839,214784.0,215040.0,256.0,1.0,1,0.4375,0.42578125,0.13671875,0.4375,0.2437106986520289,0.2437106986520289
0,840,215040.0,215296.0,256.0,1.0,1,0.42578125,0.4296875,0.14453125,0.42578125,0.2437106986520289,0.2437106986520289
0,841,215296.0,215552.0,256.0,1.0,1,0.421875,0.4296875,0.1484375,0.421875,0.2437106986520289,0.2437106986520289
0,842,215552.0,215808.0,256.0,1.0,1,0.43359375,0.42578125,0.140625,0.43359375,0.2437106986520289,0.2437106986520289
0,843,215808.0,216064.0,256.0,1.0,1,0.4296875,0.4296875,0.140625,0.4296875,0.2437106986520289,0.2437106986520289
0,844,216064.0,216320.0,256.0,1.0,1,0.42578125,0.43359375,0.140625,0.42578125,0.2437106986520289,0.2437106986520289
0,845,216320.0,216576.0,256.0,1.0,1,0.4296875,0.421875,0.1484375,0.4296875,0.2437106986520289,0.2437106986520289
0,846,216576.0,216832.0,256.0,1.0,1,0.4453125,0.40625,0.1484375,0.4453125,0.2437106986520289,0.2437106986520289
0,847,216832.0,217088.0,256.0,1.0,1,0.34375,0.328125,0.328125,0.34375,0.2437106986520289,0.2437106986520289
0,848,217088.0,217344.0,256.0,1.0,1,0.3359375,0.33203125,0.33203125,0.3359375,0.2437106986520289,0.2437106986520289
0,849,217344.0,217600.0,256.0,1.0,1,0.33203125,0.3359375,0.33203125,0.33203125,0.2437106986520289,0.2437106986520289
0,850,217600.0,217856.0,256.0,1.0,1,0.33203125,0.33203125,0.3359375,0.33203125,0.2437106986520289,0.2437106986520289
0,851,217856.0,218112.0,256.0,1.0,1,0.3359375,0.33203125,0.33203125,0.3359375,0.2437106986520289,0.2437106986520289
0,852,218112.0,218368.0,256.0,1.0,1,0.33203125,0.3359375,0.33203125,0.33203125,0.2437106986520289,0.2437106986520289
0,853,218368.0,218624.0,256.0,1.0,1,0.42578125,0.4296875,0.14453125,0.42578125,0.2437106986520289,0.2437106986520289
0,854,218624.0,218880.0,256.0,1.0,1,0.42578125,0.4296875,0.14453125,0.42578125,0.2437106986520289,0.2437106986520289
0,855,218880.0,219136.0,256.0,1.0,1,0.4296875,0.42578125,0.14453125,0.4296875,0.2437106986520289,0.2437106986520289
0,856,219136.0,219392.0,256.0,1.0,1,0.4296875,0.4296875,0.140625,0.4296875,0.2437106986520289,0.2437106986520289
0,857,219392.0,219648.0,256.0,1.0,1,0.42578125,0.4296875,0.14453125,0.42578125,0.2437106986520289,0.2437106986520289
0,858,219648.0,219904.0,256.0,1.0,1,0.43359375,0.42578125,0.140625,0.43359375,0.2437106986520289,0.2437106986520289
0,859,219904.0,220160.0,256.0,1.0,1,0.4296875,0.4296875,0.140625,0.4296875,0.2437106986520289,0.2437106986520289
0,860,220160.0,220416.0,256.0,1.0,1,0.42578125,0.42578125,0.1484375,0.42578125,0.2437106986520289,0.2437106986520289
0,861,220416.0,220672.0,256.0,1.0,1,0.42578125,0.43359375,0.140625,0.42578125,0.2437106986520289,0.2437106986520289
0,862,220672.0,220928.0,256.0,1.0,1,0.43359375,0.42578125,0.140625,0.43359375,0.2437106986520289,0.2437106986520289
0,863,220928.0,221184.0,256.0,1.0,1,0.42578125,0.4296875,0.14453125,0.42578125,0.2437106986520289,0.2437106986520289
0,864,221184.0,221440.0,256.0,1.0,1,0.42578125,0.4296875,0.14453125,0.42578125,0.2437106986520289,0.2437106986520289
0,865,221440.0,221696.0,256.0,1.0,1,0.43359375,0.42578125,0.140625,0.43359375,0.2437106986520289,0.2437106986520289
0,866,221696.0,221952.0,256.0,1.0,1,0.42578125,0.4296875,0.14453125,0.42578125,0.2437106986520289,0.2437106986520289
0,867,221952.0,222208.0,256.0,1.0,1,0.4296875,0.4296875,0.140625,0.4296875,0.2437106986520289,0.2437106986520289
0,868,222208.0,222464.0,256.0,1.0,1,0.4296875,0.42578125,0.14453125,0.4296875,0.2437106986520289,0.2437106986520289
0,869,222464.0,222720.0,256.0,1.0,1,0.42578125,0.4296875,0.14453125,0.42578125,0.2437106986520289,0.2437106986520289
0,870,222720.0,222976.0,256.0,1.0,1,0.4296875,0.4296875,0.140625,0.4296875,0.2437106986520289,0.2437106986520289
0,871,222976.0,223232.0,256.0,1.0,1,0.4296875,0.4296875,0.140625,0.4296875,0.2437106986520289,0.2437106986520289
0,872,223232.0,223488.0,256.0,1.0,1,0.4296875,0.42578125,0.14453125,0.4296875,0.2437106986520289,0.2437106986520289
0,873,223488.0,223744.0,256.0,1.0,1,0.42578125,0.4296875,0.14453125,0.42578125,0.2437106986520289,0.2437106986520289
0,874,223744.0,224000.0,256.0,1.0,1,0.43359375,0.42578125,0.140625,0.43359375,0.2437106986520289,0.2437106986520289
0,875,224000.0,224256.0,256.0,1.0,1,0.42578125,0.4296875,0.14453125,0.42578125,0.2437106986520289,0.2437106986520289
0,876,224256.0,224512.0,256.0,1.0,1,0.42578125,0.43359375,0.140625,0.42578125,0.2437106986520289,0.2437106986520289
0,877,224512.0,224768.0,256.0,1.0,1,0.4296875,0.42578125,0.14453125,0.4296875,0.2437106986520289,0.2437106986520289
0,878,224768.0,225024.0,256.0,1.0,1,0.4296875,0.42578125,0.14453125,0.4296875,0.2437106986520289,0.2437106986520289
0,879,225024.0,225280.0,256.0,1.0,1,0.42578125,0.43359375,0.140625,0.42578125,0.2437106986520289,0.2437106986520289
0,880,225280.0,225536.0,256.0,1.0,1,0.43359375,0.42578125,0.140625,0.43359375,0.2437106986520289,0.2437106986520289
0,881,225536.0,225792.0,256.0,1.0,1,0.42578125,0.4296875,0.14453125,0.42578125,0.2437106986520289,0.2437106986520289
0,882,225792.0,226048.0,256.0,1.0,1,0.42578125,0.42578125,0.1484375,0.42578125,0.2437106986520289,0.2437106986520289
0,883,226048.0,226304.0,256.0,1.0,1,0.43359375,0.42578125,0.140625,0.43359375,0.2437106986520289,0.2437106986520289
0,884,226304.0,226560.0,256.0,1.0,1,0.42578125,0.43359375,0.140625,0.42578125,0.2437106986520289,0.2437106986520289
0,885,226560.0,226816.0,256.0,1.0,1,0.4296875,0.4296875,0.140625,0.4296875,0.2437106986520289,0.2437106986520289
0,886,226816.0,227072.0,256.0,1.0,1,0.4296875,0.42578125,0.14453125,0.4296875,0.2437106986520289,0.2437106986520289
0,887,227072.0,227328.0,256.0,1.0,1,0.42578125,0.4296875,0.14453125,0.42578125,0.2437106986520289,0.2437106986520289
0,888,227328.0,227584.0,256.0,1.0,1,0.42578125,0.4296875,0.14453125,0.42578125,0.2437106986520289,0.2437106986520289
0,889,227584.0,227840.0,256.0,1.0,1,0.4375,0.42578125,0.13671875,0.4375,0.2437106986520289,0.2437106986520289
0,890,227840.0,228096.0,256.0,1.0,1,0.42578125,0.4296875,0.14453125,0.42578125,0.2437106986520289,0.2437106986520289
0,891,228096.0,228352.0,256.0,1.0,1,0.421875,0.4296875,0.1484375,0.421875,0.2437106986520289,0.2437106986520289
0,892,228352.0,228608.0,256.0,1.0,1,0.43359375,0.42578125,0.140625,0.43359375,0.2437106986520289,0.2437106986520289
0,893,228608.0,228864.0,256.0,1.0,1,0.4296875,0.4296875,0.140625,0.4296875,0.2437106986520289,0.2437106986520289
0,894,228864.0,229120.0,256.0,1.0,1,0.42578125,0.43359375,0.140625,0.42578125,0.2437106986520289,0.2437106986520289
0,895,229120.0,229376.0,256.0,1.0,1,0.4296875,0.421875,0.1484375,0.4296875,0.2437106986520289,0.2437106986520289
0,896,229376.0,229632.0,256.0,1.0,1,0.4296875,0.4296875,0.140625,0.4296875,0.2437106986520289,0.2437106986520289
0,897,229632.0,229888.0,256.0,1.0,1,0.42578125,0.4296875,0.14453125,0.42578125,0.2437106986520289,0.2437106986520289
0,898,229888.0,230144.0,256.0,1.0,1,0.43359375,0.42578125,0.140625,0.43359375,0.2437106986520289,0.2437106986520289
0,899,230144.0,230400.0,256.0,1.0,1,0.4296875,0.4296875,0.140625,0.4296875,0.2437106986520289,0.2437106986520289
0,900,230400.0,230656.0,256.0,1.0,1,0.421875,0.4296875,0.1484375,0.421875,0.2437106986520289,0.2437106986520289
0,901,230656.0,230912.0,256.0,1.0,1,0.4296875,0.4296875,0.140625,0.4296875,0.2437106986520289,0.2437106986520289
0,902,230912.0,231168.0,256.0,1.0,1,0.4296875,0.4296875,0.140625,0.4296875,0.2437106986520289,0.2437106986520289
0,903,231168.0,231424.0,256.0,1.0,1,0.42578125,0.4296875,0.14453125,0.42578125,0.2437106986520289,0.2437106986520289
0,904,231424.0,231680.0,256.0,1.0,1,0.4296875,0.42578125,0.14453125,0.4296875,0.2437106986520289,0.2437106986520289
0,905,231680.0,231936.0,256.0,1.0,1,0.4296875,0.4296875,0.140625,0.4296875,0.2437106986520289,0.2437106986520289
0,906,231936.0,232192.0,256.0,1.0,1,0.42578125,0.4296875,0.14453125,0.42578125,0.2437106986520289,0.2437106986520289
0,907,232192.0,232448.0,256.0,1.0,1,0.43359375,0.42578125,0.140625,0.43359375,0.2437106986520289,0.2437106986520289
0,908,232448.0,232704.0,256.0,1.0,1,0.4296875,0.4296875,0.140625,0.4296875,0.2437106986520289,0.2437106986520289
0,909,232704.0,232960.0,256.0,1.0,1,0.42578125,0.42578125,0.1484375,0.42578125,0.2437106986520289,0.2437106986520289
0,910,232960.0,233216.0,256.0,1.0,1,0.42578125,0.43359375,0.140625,0.42578125,0.2437106986520289,0.2437106986520289
0,911,233216.0,233472.0,256.0,1.0,1,0.43359375,0.42578125,0.140625,0.43359375,0.2437106986520289,0.2437106986520289
0,912,233472.0,233728.0,256.0,1.0,1,0.42578125,0.4296875,0.14453125,0.42578125,0.2437106986520289,0.2437106986520289
0,913,233728.0,233984.0,256.0,1.0,1,0.42578125,0.4296875,0.14453125,0.42578125,0.2437106986520289,0.2437106986520289
0,914,233984.0,234240.0,256.0,1.0,1,0.43359375,0.42578125,0.140625,0.43359375,0.2437106986520289,0.2437106986520289
0,915,234240.0,234496.0,256.0,1.0,1,0.42578125,0.4296875,0.14453125,0.42578125,0.2437106986520289,0.2437106986520289
0,916,234496.0,234752.0,256.0,1.0,1,0.4296875,0.4296875,0.140625,0.4296875,0.2437106986520289,0.2437106986520289
0,917,234752.0,235008.0,256.0,1.0,1,0.4296875,0.42578125,0.14453125,0.4296875,0.2437106986520289,0.2437106986520289
0,918,235008.0,235264.0,256.0,1.0,1,0.42578125,0.4296875,0.14453125,0.42578125,0.2437106986520289,0.2437106986520289
0,919,235264.0,235520.0,256.0,1.0,1,0.4296875,0.4296875,0.140625,0.4296875,0.2437106986520289,0.2437106986520289
0,920,235520.0,235776.0,256.0,1.0,1,0.4296875,0.4296875,0.140625,0.4296875,0.2437106986520289,0.2437106986520289
0,921,235776.0,236032.0,256.0,1.0,1,0.4296875,0.42578125,0.14453125,0.4296875,0.2437106986520289,0.2437106986520289
0,922,236032.0,236288.0,256.0,1.0,1,0.42578125,0.4296875,0.14453125,0.42578125,0.2437106986520289,0.2437106986520289
0,923,236288.0,236544.0,256.0,1.0,1,0.43359375,0.42578125,0.140625,0.43359375,0.2437106986520289,0.2437106986520289
0,924,236544.0,236800.0,256.0,1.0,1,0.42578125,0.4296875,0.14453125,0.42578125,0.2437106986520289,0.2437106986520289
0,925,236800.0,237056.0,256.0,1.0,1,0.42578125,0.43359375,0.140625,0.42578125,0.2437106986520289,0.2437106986520289
0,926,237056.0,237312.0,256.0,1.0,1,0.4296875,0.42578125,0.14453125,0.4296875,0.2437106986520289,0.2437106986520289
0,927,237312.0,237568.0,256.0,1.0,1,0.4296875,0.42578125,0.14453125,0.4296875,0.2437106986520289,0.2437106986520289
0,928,237568.0,237824.0,256.0,1.0,1,0.42578125,0.43359375,0.140625,0.42578125,0.2437106986520289,0.2437106986520289
0,929,237824.0,238080.0,256.0,1.0,1,0.43359375,0.42578125,0.140625,0.43359375,0.2437106986520289,0.2437106986520289
0,930,238080.0,238336.0,256.0,1.0,1,0.42578125,0.4296875,0.14453125,0.42578125,0.2437106986520289,0.2437106986520289
0,931,238336.0,238592.0,256.0,1.0,1,0.42578125,0.42578125,0.1484375,0.42578125,0.2437106986520289,0.2437106986520289
0,932,238592.0,238848.0,256.0,1.0,1,0.43359375,0.42578125,0.140625,0.43359375,0.2437106986520289,0.2437106986520289
0,933,238848.0,239104.0,256.0,1.0,1,0.42578125,0.43359375,0.140625,0.42578125,0.2437106986520289,0.2437106986520289
0,934,239104.0,239360.0,256.0,1.0,1,0.4296875,0.4296875,0.140625,0.4296875,0.2437106986520289,0.2437106986520289
0,935,239360.0,239616.0,256.0,1.0,1,0.4296875,0.42578125,0.14453125,0.4296875,0.2437106986520289,0.2437106986520289
0,936,239616.0,239872.0,256.0,1.0,1,0.42578125,0.4296875,0.14453125,0.42578125,0.2437106986520289,0.2437106986520289
0,937,239872.0,240128.0,256.0,1.0,1,0.42578125,0.4296875,0.14453125,0.42578125,0.2437106986520289,0.2437106986520289
0,938,240128.0,240384.0,256.0,1.0,1,0.4375,0.42578125,0.13671875,0.4375,0.2437106986520289,0.2437106986520289
0,939,240384.0,240640.0,256.0,1.0,1,0.42578125,0.4296875,0.14453125,0.42578125,0.2437106986520289,0.2437106986520289
0,940,240640.0,240896.0,256.0,1.0,1,0.421875,0.4296875,0.1484375,0.421875,0.2437106986520289,0.2437106986520289
0,941,240896.0,241152.0,256.0,1.0,1,0.43359375,0.42578125,0.140625,0.43359375,0.2437106986520289,0.2437106986520289
0,942,241152.0,241408.0,256.0,1.0,1,0.4296875,0.4296875,0.140625,0.4296875,0.2437106986520289,0.2437106986520289
0,943,241408.0,241664.0,256.0,1.0,1,0.42578125,0.43359375,0.140625,0.42578125,0.2437106986520289,0.2437106986520289
0,944,241664.0,241920.0,256.0,1.0,1,0.4296875,0.421875,0.1484375,0.4296875,0.2437106986520289,0.2437106986520289
0,945,241920.0,242176.0,256.0,1.0,1,0.4296875,0.4296875,0.140625,0.4296875,0.2437106986520289,0.2437106986520289
0,946,242176.0,242432.0,256.0,1.0,1,0.42578125,0.4296875,0.14453125,0.42578125,0.2437106986520289,0.2437106986520289
0,947,242432.0,242688.0,256.0,1.0,1,0.43359375,0.42578125,0.140625,0.43359375,0.2437106986520289,0.2437106986520289
0,948,242688.0,242944.0,256.0,1.0,1,0.4296875,0.4296875,0.140625,0.4296875,0.2437106986520289,0.2437106986520289
0,949,242944.0,243200.0,256.0,1.0,1,0.421875,0.4296875,0.1484375,0.421875,0.2437106986520289,0.2437106986520289
0,950,243200.0,243456.0,256.0,1.0,1,0.4296875,0.4296875,0.140625,0.4296875,0.2437106986520289,0.2437106986520289
0,951,243456.0,243712.0,256.0,1.0,1,0.3984375,0.3359375,0.265625,0.3984375,0.2437106986520289,0.2437106986520289
0,952,243712.0,243968.0,256.0,1.0,1,0.33203125,0.3359375,0.33203125,0.33203125,0.2437106986520289,0.2437106986520289
0,953,243968.0,244224.0,256.0,1.0,1,0.33203125,0.33203125,0.3359375,0.33203125,0.2437106986520289,0.2437106986520289
0,954,244224.0,244480.0,256.0,1.0,1,0.3359375,0.33203125,0.33203125,0.3359375,0.2437106986520289,0.2437106986520289
0,955,244480.0,244736.0,256.0,1.0,1,0.33203125,0.3359375,0.33203125,0.33203125,0.2437106986520289,0.2437106986520289
0,956,244736.0,244992.0,256.0,1.0,1,0.33203125,0.33203125,0.3359375,0.33203125,0.2437106986520289,0.2437106986520289
0,957,244992.0,245248.0,256.0,1.0,1,0.39453125,0.39453125,0.2109375,0.39453125,0.2437106986520289,0.2437106986520289
0,958,245248.0,245504.0,256.0,1.0,1,0.4296875,0.4296875,0.140625,0.4296875,0.2437106986520289,0.2437106986520289
0,959,245504.0,245760.0,256.0,1.0,1,0.42578125,0.42578125,0.1484375,0.42578125,0.2437106986520289,0.2437106986520289
0,960,245760.0,246016.0,256.0,1.0,1,0.42578125,0.43359375,0.140625,0.42578125,0.2437106986520289,0.2437106986520289
0,961,246016.0,246272.0,256.0,1.0,1,0.43359375,0.42578125,0.140625,0.43359375,0.2437106986520289,0.2437106986520289
0,962,246272.0,246528.0,256.0,1.0,1,0.42578125,0.4296875,0.14453125,0.42578125,0.2437106986520289,0.2437106986520289
0,963,246528.0,246784.0,256.0,1.0,1,0.42578125,0.4296875,0.14453125,0.42578125,0.2437106986520289,0.2437106986520289
0,964,246784.0,247040.0,256.0,1.0,1,0.43359375,0.42578125,0.140625,0.43359375,0.2437106986520289,0.2437106986520289
0,965,247040.0,247296.0,256.0,1.0,1,0.42578125,0.4296875,0.14453125,0.42578125,0.2437106986520289,0.2437106986520289
0,966,247296.0,247552.0,256.0,1.0,1,0.4296875,0.4296875,0.140625,0.4296875,0.2437106986520289,0.2437106986520289
0,967,247552.0,247808.0,256.0,1.0,1,0.4296875,0.42578125,0.14453125,0.4296875,0.2437106986520289,0.2437106986520289
0,968,247808.0,248064.0,256.0,1.0,1,0.42578125,0.4296875,0.14453125,0.42578125,0.2437106986520289,0.2437106986520289
0,969,248064.0,248320.0,256.0,1.0,1,0.4296875,0.4296875,0.140625,0.4296875,0.2437106986520289,0.2437106986520289
0,970,248320.0,248576.0,256.0,1.0,1,0.4296875,0.4296875,0.140625,0.4296875,0.2437106986520289,0.2437106986520289
0,971,248576.0,248832.0,256.0,1.0,1,0.4296875,0.42578125,0.14453125,0.4296875,0.2437106986520289,0.2437106986520289
0,972,248832.0,249088.0,256.0,1.0,1,0.42578125,0.4296875,0.14453125,0.42578125,0.2437106986520289,0.2437106986520289
0,973,249088.0,249344.0,256.0,1.0,1,0.43359375,0.42578125,0.140625,0.43359375,0.2437106986520289,0.2437106986520289
0,974,249344.0,249600.0,256.0,1.0,1,0.42578125,0.4296875,0.14453125,0.42578125,0.2437106986520289,0.2437106986520289
0,975,249600.0,249856.0,256.0,1.0,1,0.42578125,0.43359375,0.140625,0.42578125,0.2437106986520289,0.2437106986520289
0,976,249856.0,250112.0,256.0,1.0,1,0.4296875,0.42578125,0.14453125,0.4296875,0.2437106986520289,0.2437106986520289
0,977,250112.0,250368.0,256.0,1.0,1,0.4296875,0.42578125,0.14453125,0.4296875,0.2437106986520289,0.2437106986520289
0,978,250368.0,250624.0,256.0,1.0,1,0.42578125,0.43359375,0.140625,0.42578125,0.2437106986520289,0.2437106986520289
0,979,250624.0,250880.0,256.0,1.0,1,0.43359375,0.42578125,0.140625,0.43359375,0.2437106986520289,0.2437106986520289
0,980,250880.0,251136.0,256.0,1.0,1,0.42578125,0.4296875,0.14453125,0.42578125,0.2437106986520289,0.2437106986520289
0,981,251136.0,251392.0,256.0,1.0,1,0.42578125,0.42578125,0.1484375,0.42578125,0.2437106986520289,0.2437106986520289
0,982,251392.0,251648.0,256.0,1.0,1,0.43359375,0.42578125,0.140625,0.43359375,0.2437106986520289,0.2437106986520289
0,983,251648.0,251904.0,256.0,1.0,1,0.42578125,0.43359375,0.140625,0.42578125,0.2437106986520289,0.2437106986520289
0,984,251904.0,252160.0,256.0,1.0,1,0.4296875,0.4296875,0.140625,0.4296875,0.2437106986520289,0.2437106986520289
0,985,252160.0,252416.0,256.0,1.0,1,0.4296875,0.42578125,0.14453125,0.4296875,0.2437106986520289,0.2437106986520289
0,986,252416.0,252672.0,256.0,1.0,1,0.42578125,0.4296875,0.14453125,0.42578125,0.2437106986520289,0.2437106986520289
0,987,252672.0,252928.0,256.0,1.0,1,0.42578125,0.4296875,0.14453125,0.42578125,0.2437106986520289,0.2437106986520289
0,988,252928.0,253184.0,256.0,1.0,1,0.4375,0.42578125,0.13671875,0.4375,0.2437106986520289,0.2437106986520289
0,989,253184.0,253440.0,256.0,1.0,1,0.42578125,0.4296875,0.14453125,0.42578125,0.2437106986520289,0.2437106986520289
0,990,253440.0,253696.0,256.0,1.0,1,0.421875,0.4296875,0.1484375,0.421875,0.2437106986520289,0.2437106986520289
0,991,253696.0,253952.0,256.0,1.0,1,0.43359375,0.42578125,0.140625,0.43359375,0.2437106986520289,0.2437106986520289
0,992,253952.0,254208.0,256.0,1.0,1,0.4296875,0.4296875,0.140625,0.4296875,0.2437106986520289,0.2437106986520289
0,993,254208.0,254464.0,256.0,1.0,1,0.42578125,0.43359375,0.140625,0.42578125,0.2437106986520289,0.2437106986520289
0,994,254464.0,254720.0,256.0,1.0,1,0.4296875,0.421875,0.1484375,0.4296875,0.2437106986520289,0.2437106986520289
0,995,254720.0,254976.0,256.0,1.0,1,0.4296875,0.4296875,0.140625,0.4296875,0.2437106986520289,0.2437106986520289
0,996,254976.0,255232.0,256.0,1.0,1,0.42578125,0.4296875,0.14453125,0.42578125,0.2437106986520289,0.2437106986520289
0,997,255232.0,255488.0,256.0,1.0,1,0.43359375,0.42578125,0.140625,0.43359375,0.2437106986520289,0.2437106986520289
0,998,255488.0,255744.0,256.0,1.0,1,0.4296875,0.4296875,0.140625,0.4296875,0.2437106986520289,0.2437106986520289
0,999,255744.0,256000.0,256.0,1.0,1,0.421875,0.4296875,0.1484375,0.421875,0.2437106986520289,0.2437106986520289
0,1000,256000.0,256256.0,256.0,1.0,1,0.4296875,0.4296875,0.140625,0.4296875,0.2437106986520289,0.2437106986520289
0,1001,256256.0,256512.0,256.0,1.0,1,0.4296875,0.4296875,0.140625,0.4296875,0.2437106986520289,0.2437106986520289
0,1002,256512.0,256768.0,256.0,1.0,1,0.42578125,0.4296875,0.14453125,0.42578125,0.2437106986520289,0.2437106986520289
0,1003,256768.0,257024.0,256.0,1.0,1,0.4296875,0.42578125,0.14453125,0.4296875,0.2437106986520289,0.2437106986520289
0,1004,257024.0,257280.0,256.0,1.0,1,0.4296875,0.4296875,0.140625,0.4296875,0.2437106986520289,0.2437106986520289
0,1005,257280.0,257536.0,256.0,1.0,1,0.42578125,0.4296875,0.14453125,0.42578125,0.2437106986520289,0.2437106986520289
0,1006,257536.0,257792.0,256.0,1.0,1,0.43359375,0.42578125,0.140625,0.43359375,0.2437106986520289,0.2437106986520289
0,1007,257792.0,258048.0,256.0,1.0,1,0.4296875,0.4296875,0.140625,0.4296875,0.2437106986520289,0.2437106986520289
0,1008,258048.0,258304.0,256.0,1.0,1,0.42578125,0.42578125,0.1484375,0.42578125,0.2437106986520289,0.2437106986520289
0,1009,258304.0,258560.0,256.0,1.0,1,0.42578125,0.43359375,0.140625,0.42578125,0.2437106986520289,0.2437106986520289
0,1010,258560.0,258816.0,256.0,1.0,1,0.43359375,0.42578125,0.140625,0.43359375,0.2437106986520289,0.2437106986520289
0,1011,258816.0,259072.0,256.0,1.0,1,0.42578125,0.4296875,0.14453125,0.42578125,0.2437106986520289,0.2437106986520289
0,1012,259072.0,259328.0,256.0,1.0,1,0.42578125,0.4296875,0.14453125,0.42578125,0.2437106986520289,0.2437106986520289
0,1013,259328.0,259584.0,256.0,1.0,1,0.43359375,0.42578125,0.140625,0.43359375,0.2437106986520289,0.2437106986520289
0,1014,259584.0,259840.0,256.0,1.0,1,0.42578125,0.4296875,0.14453125,0.42578125,0.2437106986520289,0.2437106986520289
0,1015,259840.0,260096.0,256.0,1.0,1,0.4296875,0.4296875,0.140625,0.4296875,0.2437106986520289,0.2437106986520289
0,1016,260096.0,260352.0,256.0,1.0,1,0.4296875,0.42578125,0.14453125,0.4296875,0.2437106986520289,0.2437106986520289
0,1017,260352.0,260608.0,256.0,1.0,1,0.42578125,0.4296875,0.14453125,0.42578125,0.2437106986520289,0.2437106986520289
0,1018,260608.0,260864.0,256.0,1.0,1,0.4296875,0.4296875,0.140625,0.4296875,0.2437106986520289,0.2437106986520289
0,1019,260864.0,261120.0,256.0,1.0,1,0.4296875,0.4296875,0.140625,0.4296875,0.2437106986520289,0.2437106986520289
0,1020,261120.0,261376.0,256.0,1.0,1,0.4296875,0.42578125,0.14453125,0.4296875,0.2437106986520289,0.2437106986520289
0,1021,261376.0,261632.0,256.0,1.0,1,0.42578125,0.4296875,0.14453125,0.42578125,0.2437106986520289,0.2437106986520289
0,1022,261632.0,261888.0,256.0,1.0,1,0.43359375,0.42578125,0.140625,0.43359375,0.2437106986520289,0.2437106986520289
0,1023,261888.0,262144.0,256.0,1.0,1,0.42578125,0.4296875,0.14453125,0.42578125,0.2437106986520289,0.2437106986520289
0,1024,262144.0,262400.0,256.0,1.0,1,0.42578125,0.43359375,0.140625,0.42578125,0.2437106986520289,0.2437106986520289
0,1025,262400.0,262656.0,256.0,1.0,1,0.4296875,0.42578125,0.14453125,0.4296875,0.2437106986520289,0.2437106986520289
0,1026,262656.0,262912.0,256.0,1.0,1,0.4296875,0.42578125,0.14453125,0.4296875,0.2437106986520289,0.2437106986520289
0,1027,262912.0,263168.0,256.0,1.0,1,0.42578125,0.43359375,0.140625,0.42578125,0.2437106986520289,0.2437106986520289
0,1028,263168.0,263424.0,256.0,1.0,1,0.43359375,0.42578125,0.140625,0.43359375,0.2437106986520289,0.2437106986520289
0,1029,263424.0,263680.0,256.0,1.0,1,0.42578125,0.4296875,0.14453125,0.42578125,0.2437106986520289,0.2437106986520289
0,1030,263680.0,263936.0,256.0,1.0,1,0.42578125,0.42578125,0.1484375,0.42578125,0.2437106986520289,0.2437106986520289
0,1031,263936.0,264192.0,256.0,1.0,1,0.43359375,0.42578125,0.140625,0.43359375,0.2437106986520289,0.2437106986520289
0,1032,264192.0,264448.0,256.0,1.0,1,0.42578125,0.43359375,0.140625,0.42578125,0.2437106986520289,0.2437106986520289
0,1033,264448.0,264704.0,256.0,1.0,1,0.4296875,0.4296875,0.140625,0.4296875,0.2437106986520289,0.2437106986520289
0,1034,264704.0,264960.0,256.0,1.0,1,0.4296875,0.42578125,0.14453125,0.4296875,0.2437106986520289,0.2437106986520289
0,1035,264960.0,265216.0,256.0,1.0,1,0.42578125,0.4296875,0.14453125,0.42578125,0.2437106986520289,0.2437106986520289
0,1036,265216.0,265472.0,256.0,1.0,1,0.42578125,0.4296875,0.14453125,0.42578125,0.2437106986520289,0.2437106986520289
0,1037,265472.0,265728.0,256.0,1.0,1,0.4375,0.42578125,0.13671875,0.4375,0.2437106986520289,0.2437106986520289
0,1038,265728.0,265984.0,256.0,1.0,1,0.42578125,0.4296875,0.14453125,0.42578125,0.2437106986520289,0.2437106986520289
0,1039,265984.0,266240.0,256.0,1.0,1,0.421875,0.4296875,0.1484375,0.421875,0.2437106986520289,0.2437106986520289
0,1040,266240.0,266496.0,256.0,1.0,1,0.43359375,0.42578125,0.140625,0.43359375,0.2437106986520289,0.2437106986520289
0,1041,266496.0,266752.0,256.0,1.0,1,0.4296875,0.4296875,0.140625,0.4296875,0.2437106986520289,0.2437106986520289
0,1042,266752.0,267008.0,256.0,1.0,1,0.42578125,0.43359375,0.140625,0.42578125,0.2437106986520289,0.2437106986520289
0,1043,267008.0,267264.0,256.0,1.0,1,0.4296875,0.421875,0.1484375,0.4296875,0.2437106986520289,0.2437106986520289
0,1044,267264.0,267520.0,256.0,1.0,1,0.4296875,0.4296875,0.140625,0.4296875,0.2437106986520289,0.2437106986520289
0,1045,267520.0,267776.0,256.0,1.0,1,0.42578125,0.4296875,0.14453125,0.42578125,0.2437106986520289,0.2437106986520289
0,1046,267776.0,268032.0,256.0,1.0,1,0.43359375,0.42578125,0.140625,0.43359375,0.2437106986520289,0.2437106986520289
0,1047,268032.0,268288.0,256.0,1.0,1,0.4296875,0.4296875,0.140625,0.4296875,0.2437106986520289,0.2437106986520289
0,1048,268288.0,268544.0,256.0,1.0,1,0.421875,0.4296875,0.1484375,0.421875,0.2437106986520289,0.2437106986520289
0,1049,268544.0,268800.0,256.0,1.0,1,0.4296875,0.4296875,0.140625,0.4296875,0.2437106986520289,0.2437106986520289
0,1050,268800.0,269056.0,256.0,1.0,1,0.4296875,0.4296875,0.140625,0.4296875,0.2437106986520289,0.2437106986520289
0,1051,269056.0,269312.0,256.0,1.0,1,0.42578125,0.4296875,0.14453125,0.42578125,0.2437106986520289,0.2437106986520289
0,1052,269312.0,269568.0,256.0,1.0,1,0.4296875,0.42578125,0.14453125,0.4296875,0.2437106986520289,0.2437106986520289
0,1053,269568.0,269824.0,256.0,1.0,1,0.4296875,0.4296875,0.140625,0.4296875,0.2437106986520289,0.2437106986520289
0,1054,269824.0,270080.0,256.0,1.0,1,0.42578125,0.4296875,0.14453125,0.42578125,0.2437106986520289,0.2437106986520289
0,1055,270080.0,270336.0,256.0,1.0,1,0.38671875,0.46484375,0.1484375,0.38671875,0.2437106986520289,0.2437106986520289
0,1056,270336.0,270592.0,256.0,1.0,1,0.3984375,0.34765625,0.25390625,0.3984375,0.2437106986520289,0.2437106986520289
0,1057,270592.0,270848.0,256.0,1.0,1,0.33203125,0.3359375,0.33203125,0.33203125,0.2437106986520289,0.2437106986520289
0,1058,270848.0,271104.0,256.0,1.0,1,0.33203125,0.33203125,0.3359375,0.33203125,0.2437106986520289,0.2437106986520289
0,1059,271104.0,271360.0,256.0,1.0,1,0.3359375,0.33203125,0.33203125,0.3359375,0.2437106986520289,0.2437106986520289
0,1060,271360.0,271616.0,256.0,1.0,1,0.33203125,0.3359375,0.33203125,0.33203125,0.2437106986520289,0.2437106986520289
0,1061,271616.0,271872.0,256.0,1.0,1,0.33203125,0.33203125,0.3359375,0.33203125,0.2437106986520289,0.2437106986520289
0,1062,271872.0,272128.0,256.0,1.0,1,0.34765625,0.4375,0.21484375,0.34765625,0.2437106986520289,0.2437106986520289
0,1063,272128.0,272384.0,256.0,1.0,1,0.3984375,0.3984375,0.203125,0.3984375,0.2437106986520289,0.2437106986520289
0,1064,272384.0,272640.0,256.0,1.0,1,0.3984375,0.40234375,0.19921875,0.3984375,0.2437106986520289,0.2437106986520289
0,1065,272640.0,272896.0,256.0,1.0,1,0.38671875,0.3515625,0.26171875,0.38671875,0.2437106986520289,0.2437106986520289
0,1066,272896.0,273152.0,256.0,1.0,1,0.37890625,0.33203125,0.2890625,0.37890625,0.2437106986520289,0.2437106986520289
0,1067,273152.0,273408.0,256.0,1.0,1,0.3984375,0.40234375,0.19921875,0.3984375,0.2437106986520289,0.2437106986520289
0,1068,273408.0,273664.0,256.0,1.0,1,0.375,0.45703125,0.16796875,0.375,0.2437106986520289,0.2437106986520289
0,1069,273664.0,273920.0,256.0,1.0,1,0.5625,0.26171875,0.17578125,0.5625,0.2437106986520289,0.2437106986520289
0,1070,273920.0,274176.0,256.0,1.0,1,0.58203125,0.25390625,0.1640625,0.58203125,0.2437106986520289,0.2437106986520289
0,1071,274176.0,274432.0,256.0,1.0,1,0.578125,0.24609375,0.17578125,0.578125,0.2437106986520289,0.2437106986520289
0,1072,274432.0,274688.0,256.0,1.0,1,0.56640625,0.265625,0.16796875,0.56640625,0.2437106986520289,0.2437106986520289
0,1073,274688.0,274944.0,256.0,1.0,1,0.4375,0.32421875,0.23828125,0.4375,0.2437106986520289,0.2437106986520289
0,1074,274944.0,275200.0,256.0,1.0,1,0.3671875,0.46875,0.1640625,0.3671875,0.2437106986520289,0.2437106986520289
0,1075,275200.0,275456.0,256.0,1.0,1,0.33203125,0.3359375,0.33203125,0.33203125,0.2437106986520289,0.2437106986520289
0,1076,275456.0,275712.0,256.0,1.0,1,0.33203125,0.33203125,0.3359375,0.33203125,0.2437106986520289,0.2437106986520289
0,1077,275712.0,275968.0,256.0,1.0,1,0.3359375,0.33203125,0.33203125,0.3359375,0.2437106986520289,0.2437106986520289
0,1078,275968.0,276224.0,256.0,1.0,1,0.33203125,0.3359375,0.33203125,0.33203125,0.2437106986520289,0.2437106986520289
0,1079,276224.0,276480.0,256.0,1.0,1,0.33203125,0.33203125,0.3359375,0.33203125,0.2437106986520289,0.2437106986520289
0,1080,276480.0,276736.0,256.0,1.0,1,0.3359375,0.36328125,0.30078125,0.3359375,0.2437106986520289,0.2437106986520289
0,1081,276736.0,276992.0,256.0,1.0,1,0.1015625,0.5078125,0.390625,0.1015625,0.2437106986520289,0.2437106986520289
0,1082,276992.0,277248.0,256.0,1.0,1,0.0,0.5,0.5,0.0,0.2437106986520289,0.2437106986520289
0,1083,277248.0,277504.0,256.0,1.0,1,0.0,0.5,0.5,0.0,0.2437106986520289,0.2437106986520289
0,1084,277504.0,277760.0,256.0,1.0,1,0.0,0.5,0.5,0.0,0.2437106986520289,0.2437106986520289
0,1085,277760.0,278016.0,256.0,1.0,1,0.0,0.5,0.5,0.0,0.2437106986520289,0.2437106986520289
0,1086,278016.0,278272.0,256.0,1.0,1,0.0,0.5,0.5,0.0,0.2437106986520289,0.2437106986520289
0,1087,278272.0,278528.0,256.0,1.0,1,0.0,0.5,0.5,0.0,0.2437106986520289,0.2437106986520289
0,1088,278528.0,278784.0,256.0,1.0,1,0.0,0.5,0.5,0.0,0.2437106986520289,0.2437106986520289
0,1089,278784.0,279040.0,256.0,1.0,1,0.0,0.5,0.5,0.0,0.2437106986520289,0.2437106986520289
0,1090,279040.0,279296.0,256.0,1.0,1,0.0,0.5,0.5,0.0,0.2437106986520289,0.2437106986520289
0,1091,279296.0,279552.0,256.0,1.0,1,0.0,0.5,0.5,0.0,0.2437106986520289,0.2437106986520289
0,1092,279552.0,279808.0,256.0,1.0,1,0.0,0.5,0.5,0.0,0.2437106986520289,0.2437106986520289
0,1093,279808.0,280064.0,256.0,1.0,1,0.15625,0.484375,0.359375,0.15625,0.2437106986520289,0.2437106986520289
0,1094,280064.0,280320.0,256.0,1.0,1,0.328125,0.4609375,0.2109375,0.328125,0.2437106986520289,0.2437106986520289
0,1095,280320.0,280576.0,256.0,1.0,1,0.33203125,0.33203125,0.3359375,0.33203125,0.2437106986520289,0.2437106986520289
0,1096,280576.0,280832.0,256.0,1.0,1,0.3359375,0.33203125,0.33203125,0.3359375,0.2437106986520289,0.2437106986520289
0,1097,280832.0,281088.0,256.0,1.0,1,0.33203125,0.3359375,0.33203125,0.33203125,0.2437106986520289,0.2437106986520289
0,1098,281088.0,281344.0,256.0,1.0,1,0.33203125,0.33203125,0.3359375,0.33203125,0.2437106986520289,0.2437106986520289
0,1099,281344.0,281600.0,256.0,1.0,1,0.3359375,0.33203125,0.33203125,0.3359375,0.2437106986520289,0.2437106986520289
0,1100,281600.0,281856.0,256.0,1.0,1,0.33203125,0.33984375,0.328125,0.33203125,0.2437106986520289,0.2437106986520289
0,1101,281856.0,282112.0,256.0,1.0,1,0.13671875,0.51953125,0.34375,0.13671875,0.2437106986520289,0.2437106986520289
0,1102,282112.0,282368.0,256.0,1.0,1,0.0,0.5,0.5,0.0,0.2437106986520289,0.2437106986520289
0,1103,282368.0,282624.0,256.0,1.0,1,0.0,0.5,0.5,0.0,0.2437106986520289,0.2437106986520289
0,1104,282624.0,282880.0,256.0,1.0,1,0.0,0.5,0.5,0.0,0.2437106986520289,0.2437106986520289
0,1105,282880.0,283136.0,256.0,1.0,1,0.0,0.5,0.5,0.0,0.2437106986520289,0.2437106986520289
0,1106,283136.0,283392.0,256.0,1.0,1,0.0,0.5,0.5,0.0,0.2437106986520289,0.2437106986520289
0,1107,283392.0,283648.0,256.0,1.0,1,0.0,0.5,0.5,0.0,0.2437106986520289,0.2437106986520289
0,1108,283648.0,283904.0,256.0,1.0,1,0.0,0.5,0.5,0.0,0.2437106986520289,0.2437106986520289
0,1109,283904.0,284160.0,256.0,1.0,1,0.0,0.5,0.5,0.0,0.2437106986520289,0.2437106986520289
0,1110,284160.0,284416.0,256.0,1.0,1,0.0,0.5,0.5,0.0,0.2437106986520289,0.2437106986520289
0,1111,284416.0,284672.0,256.0,1.0,1,0.0,0.5,0.5,0.0,0.2437106986520289,0.2437106986520289
0,1112,284672.0,284928.0,256.0,1.0,1,0.0,0.5,0.5,0.0,0.2437106986520289,0.2437106986520289
0,1113,284928.0,285184.0,256.0,1.0,1,0.1015625,0.484375,0.4140625,0.1015625,0.2437106986520289,0.2437106986520289
0,1114,285184.0,285440.0,256.0,1.0,1,0.3359375,0.33203125,0.33203125,0.3359375,0.2437106986520289,0.2437106986520289
0,1115,285440.0,285696.0,256.0,1.0,1,0.33203125,0.3359375,0.33203125,0.33203125,0.2437106986520289,0.2437106986520289
0,1116,285696.0,285952.0,256.0,1.0,1,0.23046875,0.3828125,0.38671875,0.23046875,0.2437106986520289,0.2437106986520289
0,1117,285952.0,286208.0,256.0,1.0,1,0.0,0.0,1.0,0.0,0.2437106986520289,0.2437106986520289
0,1118,286208.0,286464.0,256.0,1.0,1,0.22265625,0.3125,0.46484375,0.22265625,0.2437106986520289,0.2437106986520289
0,1119,286464.0,286720.0,256.0,1.0,1,0.37109375,0.33203125,0.296875,0.37109375,0.2437106986520289,0.2437106986520289
0,1120,286720.0,286976.0,256.0,1.0,1,0.3359375,0.33203125,0.33203125,0.3359375,0.2437106986520289,0.2437106986520289
0,1121,286976.0,287232.0,256.0,1.0,1,0.33203125,0.3359375,0.33203125,0.33203125,0.2437106986520289,0.2437106986520289
0,1122,287232.0,287488.0,256.0,1.0,1,0.33203125,0.33203125,0.3359375,0.33203125,0.2437106986520289,0.2437106986520289
0,1123,287488.0,287744.0,256.0,1.0,1,0.3359375,0.33203125,0.33203125,0.3359375,0.2437106986520289,0.2437106986520289
0,1124,287744.0,288000.0,256.0,1.0,1,0.33203125,0.3359375,0.33203125,0.33203125,0.2437106986520289,0.2437106986520289
0,1125,288000.0,288256.0,256.0,1.0,1,0.22265625,0.3046875,0.47265625,0.22265625,0.2437106986520289,0.2437106986520289
0,1126,288256.0,288512.0,256.0,1.0,1,0.0,0.0,1.0,0.0,0.2437106986520289,0.2437106986520289
0,1127,288512.0,288768.0,256.0,1.0,1,0.0,0.0,1.0,0.0,0.2437106986520289,0.2437106986520289
0,1128,288768.0,289024.0,256.0,1.0,1,0.0,0.0,1.0,0.0,0.2437106986520289,0.2437106986520289
0,1129,289024.0,289280.0,256.0,1.0,1,0.0859375,0.203125,0.7109375,0.0859375,0.2437106986520289,0.2437106986520289
0,1130,289280.0,289536.0,256.0,1.0,1,0.41796875,0.34765625,0.234375,0.41796875,0.2437106986520289,0.2437106986520289
0,1131,289536.0,289792.0,256.0,1.0,1,0.33203125,0.3359375,0.33203125,0.33203125,0.2437106986520289,0.2437106986520289
0,1132,289792.0,290048.0,256.0,1.0,1,0.33203125,0.33203125,0.3359375,0.33203125,0.2437106986520289,0.2437106986520289
0,1133,290048.0,290304.0,256.0,1.0,1,0.3359375,0.33203125,0.33203125,0.3359375,0.2437106986520289,0.2437106986520289
0,1134,290304.0,290560.0,256.0,1.0,1,0.33203125,0.3359375,0.33203125,0.33203125,0.2437106986520289,0.2437106986520289
0,1135,290560.0,290816.0,256.0,1.0,1,0.33203125,0.33203125,0.3359375,0.33203125,0.2437106986520289,0.2437106986520289
0,1136,290816.0,291072.0,256.0,1.0,1,0.31640625,0.3984375,0.28515625,0.31640625,0.2437106986520289,0.2437106986520289
0,1137,291072.0,291328.0,256.0,1.0,1,0.0,0.0,1.0,0.0,0.2437106986520289,0.2437106986520289
0,1138,291328.0,291584.0,256.0,1.0,1,0.0,0.0,1.0,0.0,0.2437106986520289,0.2437106986520289
0,1139,291584.0,291840.0,256.0,1.0,1,0.0,0.0,1.0,0.0,0.2437106986520289,0.2437106986520289
0,1140,291840.0,292096.0,256.0,1.0,1,0.0078125,0.05859375,0.93359375,0.0078125,0.2437106986520289,0.2437106986520289
0,1141,292096.0,292352.0,256.0,1.0,1,0.40234375,0.40234375,0.1953125,0.40234375,0.2437106986520289,0.2437106986520289
0,1142,292352.0,292608.0,256.0,1.0,1,0.33203125,0.33203125,0.3359375,0.33203125,0.2437106986520289,0.2437106986520289
0,1143,292608.0,292864.0,256.0,1.0,1,0.3359375,0.33203125,0.33203125,0.3359375,0.2437106986520289,0.2437106986520289
0,1144,292864.0,293120.0,256.0,1.0,1,0.33203125,0.3359375,0.33203125,0.33203125,0.2437106986520289,0.2437106986520289
0,1145,293120.0,293376.0,256.0,1.0,1,0.33203125,0.33203125,0.3359375,0.33203125,0.2437106986520289,0.2437106986520289
0,1146,293376.0,293632.0,256.0,1.0,1,0.3359375,0.33203125,0.33203125,0.3359375,0.2437106986520289,0.2437106986520289
0,1147,293632.0,293888.0,256.0,1.0,1,0.36328125,0.34765625,0.2890625,0.36328125,0.2437106986520289,0.2437106986520289
0,1148,293888.0,294144.0,256.0,1.0,1,0.04296875,0.14453125,0.8125,0.04296875,0.2437106986520289,0.2437106986520289
0,1149,294144.0,294400.0,256.0,1.0,1,0.0,0.0,1.0,0.0,0.2437106986520289,0.2437106986520289
0,1150,294400.0,294656.0,256.0,1.0,1,0.0,0.0,1.0,0.0,0.2437106986520289,0.2437106986520289
0,1151,294656.0,294912.0,256.0,1.0,1,0.0,0.0,1.0,0.0,0.2437106986520289,0.2437106986520289
0,1152,294912.0,295168.0,256.0,1.0,1,0.30859375,0.37109375,0.3203125,0.30859375,0.2437106986520289,0.2437106986520289
0,1153,295168.0,295424.0,256.0,1.0,1,0.34375,0.328125,0.328125,0.34375,0.2437106986520289,0.2437106986520289
0,1154,295424.0,295680.0,256.0,1.0,1,0.33203125,0.3359375,0.33203125,0.33203125,0.2437106986520289,0.2437106986520289
0,1155,295680.0,295936.0,256.0,1.0,1,0.33203125,0.33203125,0.3359375,0.33203125,0.2437106986520289,0.2437106986520289
0,1156,295936.0,296192.0,256.0,1.0,1,0.3359375,0.33203125,0.33203125,0.3359375,0.2437106986520289,0.2437106986520289
0,1157,296192.0,296448.0,256.0,1.0,1,0.33203125,0.3359375,0.33203125,0.33203125,0.2437106986520289,0.2437106986520289
0,1158,296448.0,296704.0,256.0,1.0,1,0.33203125,0.33203125,0.3359375,0.33203125,0.2437106986520289,0.2437106986520289
0,1159,296704.0,296960.0,256.0,1.0,1,0.16796875,0.25,0.58203125,0.16796875,0.2437106986520289,0.2437106986520289
0,1160,296960.0,297216.0,256.0,1.0,1,0.0,0.0,1.0,0.0,0.2437106986520289,0.2437106986520289
0,1161,297216.0,297472.0,256.0,1.0,1,0.0,0.0,1.0,0.0,0.2437106986520289,0.2437106986520289
0,1162,297472.0,297728.0,256.0,1.0,1,0.0,0.0,1.0,0.0,0.2437106986520289,0.2437106986520289
0,1163,297728.0,297984.0,256.0,1.0,1,0.17578125,0.2734375,0.55078125,0.17578125,0.2437106986520289,0.2437106986520289
0,1164,297984.0,298240.0,256.0,1.0,1,0.3828125,0.3359375,0.28125,0.3828125,0.2437106986520289,0.2437106986520289
0,1165,298240.0,298496.0,256.0,1.0,1,0.33203125,0.33203125,0.3359375,0.33203125,0.2437106986520289,0.2437106986520289
0,1166,298496.0,298752.0,256.0,1.0,1,0.3359375,0.33203125,0.33203125,0.3359375,0.2437106986520289,0.2437106986520289
0,1167,298752.0,299008.0,256.0,1.0,1,0.33203125,0.3359375,0.33203125,0.33203125,0.2437106986520289,0.2437106986520289
0,1168,299008.0,299264.0,256.0,1.0,1,0.33203125,0.33203125,0.3359375,0.33203125,0.2437106986520289,0.2437106986520289
0,1169,299264.0,299520.0,256.0,1.0,1,0.3359375,0.33203125,0.33203125,0.3359375,0.2437106986520289,0.2437106986520289
0,1170,299520.0,299776.0,256.0,1.0,1,0.2578125,0.34375,0.3984375,0.2578125,0.2437106986520289,0.2437106986520289
0,1171,299776.0,300032.0,256.0,1.0,1,0.0,0.0,1.0,0.0,0.2437106986520289,0.2437106986520289
0,1172,300032.0,300288.0,256.0,1.0,1,0.0,0.0,1.0,0.0,0.2437106986520289,0.2437106986520289
0,1173,300288.0,300544.0,256.0,1.0,1,0.0,0.0,1.0,0.0,0.2437106986520289,0.2437106986520289
0,1174,300544.0,300800.0,256.0,1.0,1,0.0390625,0.16015625,0.80078125,0.0390625,0.2437106986520289,0.2437106986520289
0,1175,300800.0,301056.0,256.0,1.0,1,0.42578125,0.35546875,0.21875,0.42578125,0.2437106986520289,0.2437106986520289
0,1176,301056.0,301312.0,256.0,1.0,1,0.3359375,0.33203125,0.33203125,0.3359375,0.2437106986520289,0.2437106986520289
0,1177,301312.0,301568.0,256.0,1.0,1,0.33203125,0.3359375,0.33203125,0.33203125,0.2437106986520289,0.2437106986520289
0,1178,301568.0,301824.0,256.0,1.0,1,0.33203125,0.33203125,0.3359375,0.33203125,0.2437106986520289,0.2437106986520289
0,1179,301824.0,302080.0,256.0,1.0,1,0.3359375,0.33203125,0.33203125,0.3359375,0.2437106986520289,0.2437106986520289
0,1180,302080.0,302336.0,256.0,1.0,1,0.33203125,0.3359375,0.33203125,0.33203125,0.2437106986520289,0.2437106986520289
0,1181,302336.0,302592.0,256.0,1.0,1,0.3515625,0.40625,0.2421875,0.3515625,0.2437106986520289,0.2437106986520289
0,1182,302592.0,302848.0,256.0,1.0,1,0.0,0.02734375,0.97265625,0.0,0.2437106986520289,0.2437106986520289
0,1183,302848.0,303104.0,256.0,1.0,1,0.0,0.0,1.0,0.0,0.2437106986520289,0.2437106986520289
0,1184,303104.0,303360.0,256.0,1.0,1,0.0,0.0,1.0,0.0,0.2437106986520289,0.2437106986520289
0,1185,303360.0,303616.0,256.0,1.0,1,0.0,0.0,1.0,0.0,0.2437106986520289,0.2437106986520289
0,1186,303616.0,303872.0,256.0,1.0,1,0.375,0.421875,0.203125,0.375,0.2437106986520289,0.2437106986520289
0,1187,303872.0,304128.0,256.0,1.0,1,0.33203125,0.3359375,0.33203125,0.33203125,0.2437106986520289,0.2437106986520289
0,1188,304128.0,304384.0,256.0,1.0,1,0.33203125,0.33203125,0.3359375,0.33203125,0.2437106986520289,0.2437106986520289
0,1189,304384.0,304640.0,256.0,1.0,1,0.3359375,0.33203125,0.33203125,0.3359375,0.2437106986520289,0.2437106986520289
0,1190,304640.0,304896.0,256.0,1.0,1,0.33203125,0.3359375,0.33203125,0.33203125,0.2437106986520289,0.2437106986520289
0,1191,304896.0,305152.0,256.0,1.0,1,0.33203125,0.33203125,0.3359375,0.33203125,0.2437106986520289,0.2437106986520289
0,1192,305152.0,305408.0,256.0,1.0,1,0.3515625,0.3515625,0.296875,0.3515625,0.2437106986520289,0.2437106986520289
0,1193,305408.0,305664.0,256.0,1.0,1,0.09375,0.17578125,0.73046875,0.09375,0.2437106986520289,0.2437106986520289
0,1194,305664.0,305920.0,256.0,1.0,1,0.0,0.0,1.0,0.0,0.2437106986520289,0.2437106986520289
0,1195,305920.0,306176.0,256.0,1.0,1,0.0,0.0,1.0,0.0,0.2437106986520289,0.2437106986520289
0,1196,306176.0,306432.0,256.0,1.0,1,0.0,0.0,1.0,0.0,0.2437106986520289,0.2437106986520289
0,1197,306432.0,306688.0,256.0,1.0,1,0.24609375,0.33984375,0.4140625,0.24609375,0.2437106986520289,0.2437106986520289
0,1198,306688.0,306944.0,256.0,1.0,1,0.3671875,0.32421875,0.30859375,0.3671875,0.2437106986520289,0.2437106986520289
0,1199,306944.0,307200.0,256.0,1.0,1,0.3359375,0.33203125,0.33203125,0.3359375,0.2437106986520289,0.2437106986520289
0,1200,307200.0,307456.0,256.0,1.0,1,0.33203125,0.3359375,0.33203125,0.33203125,0.2437106986520289,0.2437106986520289
0,1201,307456.0,307712.0,256.0,1.0,1,0.33203125,0.33203125,0.3359375,0.33203125,0.2437106986520289,0.2437106986520289
0,1202,307712.0,307968.0,256.0,1.0,1,0.3359375,0.33203125,0.33203125,0.3359375,0.2437106986520289,0.2437106986520289
0,1203,307968.0,308224.0,256.0,1.0,1,0.33203125,0.3359375,0.33203125,0.33203125,0.2437106986520289,0.2437106986520289
0,1204,308224.0,308480.0,256.0,1.0,1,0.203125,0.28515625,0.51171875,0.203125,0.2437106986520289,0.2437106986520289
0,1205,308480.0,308736.0,256.0,1.0,1,0.0,0.0,1.0,0.0,0.2437106986520289,0.2437106986520289
0,1206,308736.0,308992.0,256.0,1.0,1,0.0,0.0,1.0,0.0,0.2437106986520289,0.2437106986520289
0,1207,308992.0,309248.0,256.0,1.0,1,0.0,0.0,1.0,0.0,0.2437106986520289,0.2437106986520289
0,1208,309248.0,309504.0,256.0,1.0,1,0.125,0.22265625,0.65234375,0.125,0.2437106986520289,0.2437106986520289
0,1209,309504.0,309760.0,256.0,1.0,1,0.3984375,0.34765625,0.25390625,0.3984375,0.2437106986520289,0.2437106986520289
0,1210,309760.0,310016.0,256.0,1.0,1,0.33203125,0.3359375,0.33203125,0.33203125,0.2437106986520289,0.2437106986520289
0,1211,310016.0,310272.0,256.0,1.0,1,0.33203125,0.33203125,0.3359375,0.33203125,0.2437106986520289,0.2437106986520289
0,1212,310272.0,310528.0,256.0,1.0,1,0.3359375,0.33203125,0.33203125,0.3359375,0.2437106986520289,0.2437106986520289
0,1213,310528.0,310784.0,256.0,1.0,1,0.33203125,0.3359375,0.33203125,0.33203125,0.2437106986520289,0.2437106986520289
0,1214,310784.0,311040.0,256.0,1.0,1,0.33203125,0.33203125,0.3359375,0.33203125,0.2437106986520289,0.2437106986520289
0,1215,311040.0,311296.0,256.0,1.0,1,0.296875,0.37890625,0.32421875,0.296875,0.2437106986520289,0.2437106986520289
0,1216,311296.0,311552.0,256.0,1.0,1,0.0,0.0,1.0,0.0,0.2437106986520289,0.2437106986520289
0,1217,311552.0,311808.0,256.0,1.0,1,0.0,0.0,1.0,0.0,0.2437106986520289,0.2437106986520289
0,1218,311808.0,312064.0,256.0,1.0,1,0.0,0.0,1.0,0.0,0.2437106986520289,0.2437106986520289
0,1219,312064.0,312320.0,256.0,1.0,1,0.0078125,0.1171875,0.875,0.0078125,0.2437106986520289,0.2437106986520289
0,1220,312320.0,312576.0,256.0,1.0,1,0.421875,0.36328125,0.21484375,0.421875,0.2437106986520289,0.2437106986520289
0,1221,312576.0,312832.0,256.0,1.0,1,0.33203125,0.33203125,0.3359375,0.33203125,0.2437106986520289,0.2437106986520289
0,1222,312832.0,313088.0,256.0,1.0,1,0.3359375,0.33203125,0.33203125,0.3359375,0.2437106986520289,0.2437106986520289
0,1223,313088.0,313344.0,256.0,1.0,1,0.33203125,0.3359375,0.33203125,0.33203125,0.2437106986520289,0.2437106986520289
0,1224,313344.0,313600.0,256.0,1.0,1,0.33203125,0.33203125,0.3359375,0.33203125,0.2437106986520289,0.2437106986520289
0,1225,313600.0,313856.0,256.0,1.0,1,0.3359375,0.33203125,0.33203125,0.3359375,0.2437106986520289,0.2437106986520289
0,1226,313856.0,314112.0,256.0,1.0,1,0.37890625,0.34375,0.27734375,0.37890625,0.2437106986520289,0.2437106986520289
0,1227,314112.0,314368.0,256.0,1.0,1,0.0078125,0.12890625,0.86328125,0.0078125,0.2437106986520289,0.2437106986520289
0,1228,314368.0,314624.0,256.0,1.0,1,0.0,0.0,1.0,0.0,0.2437106986520289,0.2437106986520289
0,1229,314624.0,314880.0,256.0,1.0,1,0.0,0.0,1.0,0.0,0.2437106986520289,0.2437106986520289
0,1230,314880.0,315136.0,256.0,1.0,1,0.0,0.0,1.0,0.0,0.2437106986520289,0.2437106986520289
0,1231,315136.0,315392.0,256.0,1.0,1,0.3359375,0.38671875,0.27734375,0.3359375,0.2437106986520289,0.2437106986520289
0,1232,315392.0,315648.0,256.0,1.0,1,0.3359375,0.33203125,0.33203125,0.3359375,0.2437106986520289,0.2437106986520289
0,1233,315648.0,315904.0,256.0,1.0,1,0.33203125,0.3359375,0.33203125,0.33203125,0.2437106986520289,0.2437106986520289
0,1234,315904.0,316160.0,256.0,1.0,1,0.33203125,0.33203125,0.3359375,0.33203125,0.2437106986520289,0.2437106986520289
0,1235,316160.0,316416.0,256.0,1.0,1,0.3359375,0.33203125,0.33203125,0.3359375,0.2437106986520289,0.2437106986520289
0,1236,316416.0,316672.0,256.0,1.0,1,0.33203125,0.3359375,0.33203125,0.33203125,0.2437106986520289,0.2437106986520289
0,1237,316672.0,316928.0,256.0,1.0,1,0.33203125,0.34765625,0.3203125,0.33203125,0.2437106986520289,0.2437106986520289
0,1238,316928.0,317184.0,256.0,1.0,1,0.15625,0.23046875,0.61328125,0.15625,0.2437106986520289,0.2437106986520289
0,1239,317184.0,317440.0,256.0,1.0,1,0.0625,0.1875,0.75,0.0625,0.2437106986520289,0.2437106986520289
0,1240,317440.0,317696.0,256.0,1.0,1,0.42578125,0.3515625,0.22265625,0.42578125,0.2437106986520289,0.2437106986520289
0,1241,317696.0,317952.0,256.0,1.0,1,0.3359375,0.33203125,0.33203125,0.3359375,0.2437106986520289,0.2437106986520289
0,1242,317952.0,318208.0,256.0,1.0,1,0.33203125,0.3359375,0.33203125,0.33203125,0.2437106986520289,0.2437106986520289
0,1243,318208.0,318464.0,256.0,1.0,1,0.33203125,0.33203125,0.3359375,0.33203125,0.2437106986520289,0.2437106986520289
0,1244,318464.0,318720.0,256.0,1.0,1,0.3359375,0.33203125,0.33203125,0.3359375,0.2437106986520289,0.2437106986520289
0,1245,318720.0,318976.0,256.0,1.0,1,0.33203125,0.3359375,0.33203125,0.33203125,0.2437106986520289,0.2437106986520289
0,1246,318976.0,319232.0,256.0,1.0,1,0.30859375,0.4375,0.25390625,0.30859375,0.2437106986520289,0.2437106986520289
0,1247,319232.0,319488.0,256.0,1.0,1,0.0,0.5,0.5,0.0,0.2437106986520289,0.2437106986520289
0,1248,319488.0,319744.0,256.0,1.0,1,0.0,0.5,0.5,0.0,0.2437106986520289,0.2437106986520289
0,1249,319744.0,320000.0,256.0,1.0,1,0.0,0.5,0.5,0.0,0.2437106986520289,0.2437106986520289
0,1250,320000.0,320256.0,256.0,1.0,1,0.0,0.5,0.5,0.0,0.2437106986520289,0.2437106986520289
0,1251,320256.0,320512.0,256.0,1.0,1,0.0,0.5,0.5,0.0,0.2437106986520289,0.2437106986520289
0,1252,320512.0,320768.0,256.0,1.0,1,0.0,0.5,0.5,0.0,0.2437106986520289,0.2437106986520289
0,1253,320768.0,321024.0,256.0,1.0,1,0.0,0.5,0.5,0.0,0.2437106986520289,0.2437106986520289
0,1254,321024.0,321280.0,256.0,1.0,1,0.0,0.5,0.5,0.0,0.2437106986520289,0.2437106986520289
0,1255,321280.0,321536.0,256.0,1.0,1,0.0,0.5,0.5,0.0,0.2437106986520289,0.2437106986520289
0,1256,321536.0,321792.0,256.0,1.0,1,0.0,0.5,0.5,0.0,0.2437106986520289,0.2437106986520289
0,1257,321792.0,322048.0,256.0,1.0,1,0.0,0.5,0.5,0.0,0.2437106986520289,0.2437106986520289
0,1258,322048.0,322304.0,256.0,1.0,1,0.0,0.5,0.5,0.0,0.2437106986520289,0.2437106986520289
0,1259,322304.0,322560.0,256.0,1.0,1,0.25,0.41015625,0.33984375,0.25,0.2437106986520289,0.2437106986520289
0,1260,322560.0,322816.0,256.0,1.0,1,0.33203125,0.3359375,0.33203125,0.33203125,0.2437106986520289,0.2437106986520289
0,1261,322816.0,323072.0,256.0,1.0,1,0.33203125,0.33203125,0.3359375,0.33203125,0.2437106986520289,0.2437106986520289
0,1262,323072.0,323328.0,256.0,1.0,1,0.3359375,0.33203125,0.33203125,0.3359375,0.2437106986520289,0.2437106986520289
0,1263,323328.0,323584.0,256.0,1.0,1,0.33203125,0.3359375,0.33203125,0.33203125,0.2437106986520289,0.2437106986520289
0,1264,323584.0,323840.0,256.0,1.0,1,0.33203125,0.33203125,0.3359375,0.33203125,0.2437106986520289,0.2437106986520289
0,1265,323840.0,324096.0,256.0,1.0,1,0.3359375,0.33203125,0.33203125,0.3359375,0.2437106986520289,0.2437106986520289
0,1266,324096.0,324352.0,256.0,1.0,1,0.32421875,0.3515625,0.32421875,0.32421875,0.2437106986520289,0.2437106986520289
0,1267,324352.0,324608.0,256.0,1.0,1,0.1015625,0.515625,0.3828125,0.1015625,0.2437106986520289,0.2437106986520289
0,1268,324608.0,324864.0,256.0,1.0,1,0.0,0.5,0.5,0.0,0.2437106986520289,0.2437106986520289
0,1269,324864.0,325120.0,256.0,1.0,1,0.0,0.5,0.5,0.0,0.2437106986520289,0.2437106986520289
0,1270,325120.0,325376.0,256.0,1.0,1,0.0,0.5,0.5,0.0,0.2437106986520289,0.2437106986520289
0,1271,325376.0,325632.0,256.0,1.0,1,0.0,0.5,0.5,0.0,0.2437106986520289,0.2437106986520289
0,1272,325632.0,325888.0,256.0,1.0,1,0.0,0.5,0.5,0.0,0.2437106986520289,0.2437106986520289
0,1273,325888.0,326144.0,256.0,1.0,1,0.0,0.5,0.5,0.0,0.2437106986520289,0.2437106986520289
0,1274,326144.0,326400.0,256.0,1.0,1,0.0,0.5,0.5,0.0,0.2437106986520289,0.2437106986520289
0,1275,326400.0,326656.0,256.0,1.0,1,0.0,0.5,0.5,0.0,0.2437106986520289,0.2437106986520289
0,1276,326656.0,326912.0,256.0,1.0,1,0.0,0.5,0.5,0.0,0.2437106986520289,0.2437106986520289
0,1277,326912.0,327168.0,256.0,1.0,1,0.0,0.5,0.5,0.0,0.2437106986520289,0.2437106986520289
0,1278,327168.0,327424.0,256.0,1.0,1,0.09765625,0.484375,0.41796875,0.09765625,0.2437106986520289,0.2437106986520289
0,1279,327424.0,327680.0,256.0,1.0,1,0.05078125,0.15625,0.79296875,0.05078125,0.2437106986520289,0.2437106986520289
0,1280,327680.0,327936.0,256.0,1.0,1,0.0,0.0,1.0,0.0,0.2437106986520289,0.2437106986520289
0,1281,327936.0,328192.0,256.0,1.0,1,0.0,0.0,1.0,0.0,0.2437106986520289,0.2437106986520289
0,1282,328192.0,328448.0,256.0,1.0,1,0.0,0.0,1.0,0.0,0.2437106986520289,0.2437106986520289
0,1283,328448.0,328704.0,256.0,1.0,1,0.0,0.0,1.0,0.0,0.2437106986520289,0.2437106986520289
0,1284,328704.0,328960.0,256.0,1.0,1,0.0,0.0,1.0,0.0,0.2437106986520289,0.2437106986520289
0,1285,328960.0,329216.0,256.0,1.0,1,0.0,0.0,1.0,0.0,0.2437106986520289,0.2437106986520289
0,1286,329216.0,329472.0,256.0,1.0,1,0.0,0.0,1.0,0.0,0.2437106986520289,0.2437106986520289
0,1287,329472.0,329728.0,256.0,1.0,1,0.0,0.0,1.0,0.0,0.2437106986520289,0.2437106986520289
0,1288,329728.0,329984.0,256.0,1.0,1,0.0,0.0,1.0,0.0,0.2437106986520289,0.2437106986520289
0,1289,329984.0,330240.0,256.0,1.0,1,0.0,0.0,1.0,0.0,0.2437106986520289,0.2437106986520289
0,1290,330240.0,330496.0,256.0,1.0,1,0.0,0.0,1.0,0.0,0.2437106986520289,0.2437106986520289
0,1291,330496.0,330752.0,256.0,1.0,1,0.0,0.0,1.0,0.0,0.2437106986520289,0.2437106986520289
0,1292,330752.0,331008.0,256.0,1.0,1,0.0,0.0,1.0,0.0,0.2437106986520289,0.2437106986520289
0,1293,331008.0,331264.0,256.0,1.0,1,0.0,0.0,1.0,0.0,0.2437106986520289,0.2437106986520289
0,1294,331264.0,331520.0,256.0,1.0,1,0.0,0.0,1.0,0.0,0.2437106986520289,0.2437106986520289
0,1295,331520.0,331776.0,256.0,1.0,1,0.0,0.0,1.0,0.0,0.2437106986520289,0.2437106986520289
0,1296,331776.0,332032.0,256.0,1.0,1,0.0,0.0,1.0,0.0,0.2437106986520289,0.2437106986520289
0,1297,332032.0,332288.0,256.0,1.0,1,0.0,0.0,1.0,0.0,0.2437106986520289,0.2437106986520289
0,1298,332288.0,332544.0,256.0,1.0,1,0.0,0.0,1.0,0.0,0.2437106986520289,0.2437106986520289
0,1299,332544.0,332800.0,256.0,1.0,1,0.0,0.0,1.0,0.0,0.2437106986520289,0.2437106986520289
0,1300,332800.0,333056.0,256.0,1.0,1,0.0,0.0,1.0,0.0,0.2437106986520289,0.2437106986520289
0,1301,333056.0,333312.0,256.0,1.0,1,0.0,0.0,1.0,0.0,0.2437106986520289,0.2437106986520289
0,1302,333312.0,333568.0,256.0,1.0,1,0.0,0.0,1.0,0.0,0.2437106986520289,0.2437106986520289
0,1303,333568.0,333824.0,256.0,1.0,1,0.0,0.0,1.0,0.0,0.2437106986520289,0.2437106986520289
0,1304,333824.0,334080.0,256.0,1.0,1,0.0,0.0,1.0,0.0,0.2437106986520289,0.2437106986520289
0,1305,334080.0,334336.0,256.0,1.0,1,0.0,0.0,1.0,0.0,0.2437106986520289,0.2437106986520289
0,1306,334336.0,334592.0,256.0,1.0,1,0.0,0.0,1.0,0.0,0.2437106986520289,0.2437106986520289
0,1307,334592.0,334848.0,256.0,1.0,1,0.0,0.0,1.0,0.0,0.2437106986520289,0.2437106986520289
0,1308,334848.0,335104.0,256.0,1.0,1,0.0,0.0,1.0,0.0,0.2437106986520289,0.2437106986520289
0,1309,335104.0,335360.0,256.0,1.0,1,0.0,0.0,1.0,0.0,0.2437106986520289,0.2437106986520289
0,1310,335360.0,335616.0,256.0,1.0,1,0.0,0.0,1.0,0.0,0.2437106986520289,0.2437106986520289
0,1311,335616.0,335872.0,256.0,1.0,1,0.0,0.0,1.0,0.0,0.2437106986520289,0.2437106986520289
0,1312,335872.0,336128.0,256.0,1.0,1,0.0,0.0,1.0,0.0,0.2437106986520289,0.2437106986520289
0,1313,336128.0,336384.0,256.0,1.0,1,0.0,0.0,1.0,0.0,0.2437106986520289,0.2437106986520289
0,1314,336384.0,336640.0,256.0,1.0,1,0.0,0.0,1.0,0.0,0.2437106986520289,0.2437106986520289
0,1315,336640.0,336896.0,256.0,1.0,1,0.0,0.0,1.0,0.0,0.2437106986520289,0.2437106986520289
0,1316,336896.0,337152.0,256.0,1.0,1,0.390625,0.546875,0.0625,0.390625,0.2437106986520289,0.2437106986520289
0,1317,337152.0,337408.0,256.0,1.0,1,0.40234375,0.5625,0.03515625,0.40234375,0.2437106986520289,0.2437106986520289
0,1318,337408.0,337664.0,256.0,1.0,1,0.3984375,0.56640625,0.03515625,0.3984375,0.2437106986520289,0.2437106986520289
0,1319,337664.0,337920.0,256.0,1.0,1,0.3984375,0.56640625,0.03515625,0.3984375,0.2437106986520289,0.2437106986520289
0,1320,337920.0,338176.0,256.0,1.0,1,0.41796875,0.5546875,0.02734375,0.41796875,0.2437106986520289,0.2437106986520289
0,1321,338176.0,338432.0,256.0,1.0,1,0.3984375,0.56640625,0.03515625,0.3984375,0.2437106986520289,0.2437106986520289
0,1322,338432.0,338688.0,256.0,1.0,1,0.3984375,0.56640625,0.03515625,0.3984375,0.2437106986520289,0.2437106986520289
0,1323,338688.0,338944.0,256.0,1.0,1,0.40234375,0.5625,0.03515625,0.40234375,0.2437106986520289,0.2437106986520289
0,1324,338944.0,339200.0,256.0,1.0,1,0.4140625,0.55859375,0.02734375,0.4140625,0.2437106986520289,0.2437106986520289
0,1325,339200.0,339456.0,256.0,1.0,1,0.40234375,0.5625,0.03515625,0.40234375,0.2437106986520289,0.2437106986520289
0,1326,339456.0,339712.0,256.0,1.0,1,0.3984375,0.56640625,0.03515625,0.3984375,0.2437106986520289,0.2437106986520289
0,1327,339712.0,339968.0,256.0,1.0,1,0.40234375,0.5625,0.03515625,0.40234375,0.2437106986520289,0.2437106986520289
0,1328,339968.0,340224.0,256.0,1.0,1,0.40234375,0.5625,0.03515625,0.40234375,0.2437106986520289,0.2437106986520289
0,1329,340224.0,340480.0,256.0,1.0,1,0.4140625,0.55859375,0.02734375,0.4140625,0.2437106986520289,0.2437106986520289
0,1330,340480.0,340736.0,256.0,1.0,1,0.40234375,0.5625,0.03515625,0.40234375,0.2437106986520289,0.2437106986520289
0,1331,340736.0,340992.0,256.0,1.0,1,0.3984375,0.56640625,0.03515625,0.3984375,0.2437106986520289,0.2437106986520289
0,1332,340992.0,341248.0,256.0,1.0,1,0.3984375,0.56640625,0.03515625,0.3984375,0.2437106986520289,0.2437106986520289
0,1333,341248.0,341504.0,256.0,1.0,1,0.40234375,0.5625,0.03515625,0.40234375,0.2437106986520289,0.2437106986520289
0,1334,341504.0,341760.0,256.0,1.0,1,0.41796875,0.5546875,0.02734375,0.41796875,0.2437106986520289,0.2437106986520289
0,1335,341760.0,342016.0,256.0,1.0,1,0.40234375,0.5625,0.03515625,0.40234375,0.2437106986520289,0.2437106986520289
0,1336,342016.0,342272.0,256.0,1.0,1,0.375,0.58203125,0.04296875,0.375,0.2437106986520289,0.2437106986520289
0,1337,342272.0,342528.0,256.0,1.0,1,0.37109375,0.59375,0.03515625,0.37109375,0.2437106986520289,0.2437106986520289
0,1338,342528.0,342784.0,256.0,1.0,1,0.37890625,0.57421875,0.046875,0.37890625,0.2437106986520289,0.2437106986520289
0,1339,342784.0,343040.0,256.0,1.0,1,0.40234375,0.5625,0.03515625,0.40234375,0.2437106986520289,0.2437106986520289
0,1340,343040.0,343296.0,256.0,1.0,1,0.3984375,0.56640625,0.03515625,0.3984375,0.2437106986520289,0.2437106986520289
0,1341,343296.0,343552.0,256.0,1.0,1,0.421875,0.55078125,0.02734375,0.421875,0.2437106986520289,0.2437106986520289
0,1342,343552.0,343808.0,256.0,1.0,1,0.3984375,0.56640625,0.03515625,0.3984375,0.2437106986520289,0.2437106986520289
0,1343,343808.0,344064.0,256.0,1.0,1,0.40234375,0.5625,0.03515625,0.40234375,0.2437106986520289,0.2437106986520289
0,1344,344064.0,344320.0,256.0,1.0,1,0.3984375,0.56640625,0.03515625,0.3984375,0.2437106986520289,0.2437106986520289
0,1345,344320.0,344576.0,256.0,1.0,1,0.40234375,0.56640625,0.03125,0.40234375,0.2437106986520289,0.2437106986520289
0,1346,344576.0,344832.0,256.0,1.0,1,0.4140625,0.5546875,0.03125,0.4140625,0.2437106986520289,0.2437106986520289
0,1347,344832.0,345088.0,256.0,1.0,1,0.40234375,0.5625,0.03515625,0.40234375,0.2437106986520289,0.2437106986520289
0,1348,345088.0,345344.0,256.0,1.0,1,0.3984375,0.56640625,0.03515625,0.3984375,0.2437106986520289,0.2437106986520289
0,1349,345344.0,345600.0,256.0,1.0,1,0.40234375,0.5625,0.03515625,0.40234375,0.2437106986520289,0.2437106986520289
0,1350,345600.0,345856.0,256.0,1.0,1,0.4140625,0.55859375,0.02734375,0.4140625,0.2437106986520289,0.2437106986520289
0,1351,345856.0,346112.0,256.0,1.0,1,0.40234375,0.5625,0.03515625,0.40234375,0.2437106986520289,0.2437106986520289
0,1352,346112.0,346368.0,256.0,1.0,1,0.3984375,0.5625,0.0390625,0.3984375,0.2437106986520289,0.2437106986520289
0,1353,346368.0,346624.0,256.0,1.0,1,0.3984375,0.56640625,0.03515625,0.3984375,0.2437106986520289,0.2437106986520289
0,1354,346624.0,346880.0,256.0,1.0,1,0.40234375,0.5625,0.03515625,0.40234375,0.2437106986520289,0.2437106986520289
0,1355,346880.0,347136.0,256.0,1.0,1,0.4140625,0.55859375,0.02734375,0.4140625,0.2437106986520289,0.2437106986520289
0,1356,347136.0,347392.0,256.0,1.0,1,0.3984375,0.56640625,0.03515625,0.3984375,0.2437106986520289,0.2437106986520289
0,1357,347392.0,347648.0,256.0,1.0,1,0.40234375,0.5625,0.03515625,0.40234375,0.2437106986520289,0.2437106986520289
0,1358,347648.0,347904.0,256.0,1.0,1,0.38671875,0.57421875,0.0390625,0.38671875,0.2437106986520289,0.2437106986520289
0,1359,347904.0,348160.0,256.0,1.0,1,0.375,0.58984375,0.03515625,0.375,0.2437106986520289,0.2437106986520289
0,1360,348160.0,348416.0,256.0,1.0,1,0.37109375,0.58203125,0.046875,0.37109375,0.2437106986520289,0.2437106986520289
0,1361,348416.0,348672.0,256.0,1.0,1,0.3984375,0.56640625,0.03515625,0.3984375,0.2437106986520289,0.2437106986520289
0,1362,348672.0,348928.0,256.0,1.0,1,0.421875,0.55078125,0.02734375,0.421875,0.2437106986520289,0.2437106986520289
0,1363,348928.0,349184.0,256.0,1.0,1,0.3984375,0.56640625,0.03515625,0.3984375,0.2437106986520289,0.2437106986520289
0,1364,349184.0,349440.0,256.0,1.0,1,0.40234375,0.5625,0.03515625,0.40234375,0.2437106986520289,0.2437106986520289
0,1365,349440.0,349696.0,256.0,1.0,1,0.3984375,0.56640625,0.03515625,0.3984375,0.2437106986520289,0.2437106986520289
0,1366,349696.0,349952.0,256.0,1.0,1,0.3984375,0.56640625,0.03515625,0.3984375,0.2437106986520289,0.2437106986520289
0,1367,349952.0,350208.0,256.0,1.0,1,0.41796875,0.55078125,0.03125,0.41796875,0.2437106986520289,0.2437106986520289
0,1368,350208.0,350464.0,256.0,1.0,1,0.3984375,0.56640625,0.03515625,0.3984375,0.2437106986520289,0.2437106986520289
0,1369,350464.0,350720.0,256.0,1.0,1,0.3984375,0.56640625,0.03515625,0.3984375,0.2437106986520289,0.2437106986520289
0,1370,350720.0,350976.0,256.0,1.0,1,0.40234375,0.5625,0.03515625,0.40234375,0.2437106986520289,0.2437106986520289
0,1371,350976.0,351232.0,256.0,1.0,1,0.4140625,0.55859375,0.02734375,0.4140625,0.2437106986520289,0.2437106986520289
0,1372,351232.0,351488.0,256.0,1.0,1,0.3984375,0.56640625,0.03515625,0.3984375,0.2437106986520289,0.2437106986520289
0,1373,351488.0,351744.0,256.0,1.0,1,0.40234375,0.5625,0.03515625,0.40234375,0.2437106986520289,0.2437106986520289
0,1374,351744.0,352000.0,256.0,1.0,1,0.3984375,0.56640625,0.03515625,0.3984375,0.2437106986520289,0.2437106986520289
0,1375,352000.0,352256.0,256.0,1.0,1,0.3984375,0.56640625,0.03515625,0.3984375,0.2437106986520289,0.2437106986520289
0,1376,352256.0,352512.0,256.0,1.0,1,0.41796875,0.5546875,0.02734375,0.41796875,0.2437106986520289,0.2437106986520289
0,1377,352512.0,352768.0,256.0,1.0,1,0.40234375,0.5625,0.03515625,0.40234375,0.2437106986520289,0.2437106986520289
0,1378,352768.0,353024.0,256.0,1.0,1,0.40234375,0.5625,0.03515625,0.40234375,0.2437106986520289,0.2437106986520289
0,1379,353024.0,353280.0,256.0,1.0,1,0.3984375,0.56640625,0.03515625,0.3984375,0.2437106986520289,0.2437106986520289
0,1380,353280.0,353536.0,256.0,1.0,1,0.3984375,0.56640625,0.03515625,0.3984375,0.2437106986520289,0.2437106986520289
0,1381,353536.0,353792.0,256.0,1.0,1,0.375,0.5859375,0.0390625,0.375,0.2437106986520289,0.2437106986520289
0,1382,353792.0,354048.0,256.0,1.0,1,0.359375,0.58984375,0.05078125,0.359375,0.2437106986520289,0.2437106986520289
0,1383,354048.0,354304.0,256.0,1.0,1,0.41796875,0.5546875,0.02734375,0.41796875,0.2437106986520289,0.2437106986520289
0,1384,354304.0,354560.0,256.0,1.0,1,0.3984375,0.56640625,0.03515625,0.3984375,0.2437106986520289,0.2437106986520289
0,1385,354560.0,354816.0,256.0,1.0,1,0.3984375,0.56640625,0.03515625,0.3984375,0.2437106986520289,0.2437106986520289
0,1386,354816.0,355072.0,256.0,1.0,1,0.40234375,0.5625,0.03515625,0.40234375,0.2437106986520289,0.2437106986520289
0,1387,355072.0,355328.0,256.0,1.0,1,0.3984375,0.56640625,0.03515625,0.3984375,0.2437106986520289,0.2437106986520289
0,1388,355328.0,355584.0,256.0,1.0,1,0.4140625,0.55859375,0.02734375,0.4140625,0.2437106986520289,0.2437106986520289
0,1389,355584.0,355840.0,256.0,1.0,1,0.40234375,0.5625,0.03515625,0.40234375,0.2437106986520289,0.2437106986520289
0,1390,355840.0,356096.0,256.0,1.0,1,0.3984375,0.56640625,0.03515625,0.3984375,0.2437106986520289,0.2437106986520289
0,1391,356096.0,356352.0,256.0,1.0,1,0.40234375,0.5625,0.03515625,0.40234375,0.2437106986520289,0.2437106986520289
0,1392,356352.0,356608.0,256.0,1.0,1,0.40625,0.5625,0.03125,0.40625,0.2437106986520289,0.2437106986520289
0,1393,356608.0,356864.0,256.0,1.0,1,0.4140625,0.5546875,0.03125,0.4140625,0.2437106986520289,0.2437106986520289
0,1394,356864.0,357120.0,256.0,1.0,1,0.3984375,0.56640625,0.03515625,0.3984375,0.2437106986520289,0.2437106986520289
0,1395,357120.0,357376.0,256.0,1.0,1,0.3984375,0.56640625,0.03515625,0.3984375,0.2437106986520289,0.2437106986520289
0,1396,357376.0,357632.0,256.0,1.0,1,0.40234375,0.5625,0.03515625,0.40234375,0.2437106986520289,0.2437106986520289
0,1397,357632.0,357888.0,256.0,1.0,1,0.41796875,0.5546875,0.02734375,0.41796875,0.2437106986520289,0.2437106986520289
0,1398,357888.0,358144.0,256.0,1.0,1,0.3984375,0.56640625,0.03515625,0.3984375,0.2437106986520289,0.2437106986520289
0,1399,358144.0,358400.0,256.0,1.0,1,0.40234375,0.5625,0.03515625,0.40234375,0.2437106986520289,0.2437106986520289
0,1400,358400.0,358656.0,256.0,1.0,1,0.3984375,0.56640625,0.03515625,0.3984375,0.2437106986520289,0.2437106986520289
0,1401,358656.0,358912.0,256.0,1.0,1,0.40234375,0.5625,0.03515625,0.40234375,0.2437106986520289,0.2437106986520289
0,1402,358912.0,359168.0,256.0,1.0,1,0.4140625,0.5546875,0.03125,0.4140625,0.2437106986520289,0.2437106986520289
0,1403,359168.0,359424.0,256.0,1.0,1,0.359375,0.59765625,0.04296875,0.359375,0.2437106986520289,0.2437106986520289
0,1404,359424.0,359680.0,256.0,1.0,1,0.3671875,0.58984375,0.04296875,0.3671875,0.2437106986520289,0.2437106986520289
0,1405,359680.0,359936.0,256.0,1.0,1,0.40234375,0.5625,0.03515625,0.40234375,0.2437106986520289,0.2437106986520289
0,1406,359936.0,360192.0,256.0,1.0,1,0.40234375,0.5625,0.03515625,0.40234375,0.2437106986520289,0.2437106986520289
0,1407,360192.0,360448.0,256.0,1.0,1,0.40234375,0.5625,0.03515625,0.40234375,0.2437106986520289,0.2437106986520289
0,1408,360448.0,360704.0,256.0,1.0,1,0.3984375,0.56640625,0.03515625,0.3984375,0.2437106986520289,0.2437106986520289
0,1409,360704.0,360960.0,256.0,1.0,1,0.41796875,0.5546875,0.02734375,0.41796875,0.2437106986520289,0.2437106986520289
0,1410,360960.0,361216.0,256.0,1.0,1,0.3984375,0.56640625,0.03515625,0.3984375,0.2437106986520289,0.2437106986520289
0,1411,361216.0,361472.0,256.0,1.0,1,0.3984375,0.56640625,0.03515625,0.3984375,0.2437106986520289,0.2437106986520289
0,1412,361472.0,361728.0,256.0,1.0,1,0.40234375,0.5625,0.03515625,0.40234375,0.2437106986520289,0.2437106986520289
0,1413,361728.0,361984.0,256.0,1.0,1,0.40234375,0.5625,0.03515625,0.40234375,0.2437106986520289,0.2437106986520289
0,1414,361984.0,362240.0,256.0,1.0,1,0.41796875,0.5546875,0.02734375,0.41796875,0.2437106986520289,0.2437106986520289
0,1415,362240.0,362496.0,256.0,1.0,1,0.3984375,0.56640625,0.03515625,0.3984375,0.2437106986520289,0.2437106986520289
0,1416,362496.0,362752.0,256.0,1.0,1,0.3984375,0.56640625,0.03515625,0.3984375,0.2437106986520289,0.2437106986520289
0,1417,362752.0,363008.0,256.0,1.0,1,0.40234375,0.5625,0.03515625,0.40234375,0.2437106986520289,0.2437106986520289
0,1418,363008.0,363264.0,256.0,1.0,1,0.4140625,0.5546875,0.03125,0.4140625,0.2437106986520289,0.2437106986520289
0,1419,363264.0,363520.0,256.0,1.0,1,0.3984375,0.56640625,0.03515625,0.3984375,0.2437106986520289,0.2437106986520289
0,1420,363520.0,363776.0,256.0,1.0,1,0.40234375,0.5625,0.03515625,0.40234375,0.2437106986520289,0.2437106986520289
0,1421,363776.0,364032.0,256.0,1.0,1,0.3984375,0.56640625,0.03515625,0.3984375,0.2437106986520289,0.2437106986520289
0,1422,364032.0,364288.0,256.0,1.0,1,0.3984375,0.56640625,0.03515625,0.3984375,0.2437106986520289,0.2437106986520289
0,1423,364288.0,364544.0,256.0,1.0,1,0.41796875,0.5546875,0.02734375,0.41796875,0.2437106986520289,0.2437106986520289
0,1424,364544.0,364800.0,256.0,1.0,1,0.3984375,0.56640625,0.03515625,0.3984375,0.2437106986520289,0.2437106986520289
0,1425,364800.0,365056.0,256.0,1.0,1,0.375,0.58203125,0.04296875,0.375,0.2437106986520289,0.2437106986520289
0,1426,365056.0,365312.0,256.0,1.0,1,0.37890625,0.5859375,0.03515625,0.37890625,0.2437106986520289,0.2437106986520289
0,1427,365312.0,365568.0,256.0,1.0,1,0.3828125,0.57421875,0.04296875,0.3828125,0.2437106986520289,0.2437106986520289
0,1428,365568.0,365824.0,256.0,1.0,1,0.40234375,0.5625,0.03515625,0.40234375,0.2437106986520289,0.2437106986520289
0,1429,365824.0,366080.0,256.0,1.0,1,0.3984375,0.56640625,0.03515625,0.3984375,0.2437106986520289,0.2437106986520289
0,1430,366080.0,366336.0,256.0,1.0,1,0.41796875,0.5546875,0.02734375,0.41796875,0.2437106986520289,0.2437106986520289
0,1431,366336.0,366592.0,256.0,1.0,1,0.3984375,0.5625,0.0390625,0.3984375,0.2437106986520289,0.2437106986520289
0,1432,366592.0,366848.0,256.0,1.0,1,0.3984375,0.56640625,0.03515625,0.3984375,0.2437106986520289,0.2437106986520289
0,1433,366848.0,367104.0,256.0,1.0,1,0.40234375,0.5625,0.03515625,0.40234375,0.2437106986520289,0.2437106986520289
0,1434,367104.0,367360.0,256.0,1.0,1,0.3984375,0.56640625,0.03515625,0.3984375,0.2437106986520289,0.2437106986520289
0,1435,367360.0,367616.0,256.0,1.0,1,0.4140625,0.55859375,0.02734375,0.4140625,0.2437106986520289,0.2437106986520289
0,1436,367616.0,367872.0,256.0,1.0,1,0.40234375,0.5625,0.03515625,0.40234375,0.2437106986520289,0.2437106986520289
0,1437,367872.0,368128.0,256.0,1.0,1,0.3984375,0.56640625,0.03515625,0.3984375,0.2437106986520289,0.2437106986520289
0,1438,368128.0,368384.0,256.0,1.0,1,0.3984375,0.56640625,0.03515625,0.3984375,0.2437106986520289,0.2437106986520289
0,1439,368384.0,368640.0,256.0,1.0,1,0.41796875,0.5546875,0.02734375,0.41796875,0.2437106986520289,0.2437106986520289
0,1440,368640.0,368896.0,256.0,1.0,1,0.3984375,0.56640625,0.03515625,0.3984375,0.2437106986520289,0.2437106986520289
0,1441,368896.0,369152.0,256.0,1.0,1,0.40234375,0.5625,0.03515625,0.40234375,0.2437106986520289,0.2437106986520289
0,1442,369152.0,369408.0,256.0,1.0,1,0.3984375,0.56640625,0.03515625,0.3984375,0.2437106986520289,0.2437106986520289
0,1443,369408.0,369664.0,256.0,1.0,1,0.40234375,0.5625,0.03515625,0.40234375,0.2437106986520289,0.2437106986520289
0,1444,369664.0,369920.0,256.0,1.0,1,0.41796875,0.5546875,0.02734375,0.41796875,0.2437106986520289,0.2437106986520289
0,1445,369920.0,370176.0,256.0,1.0,1,0.3984375,0.56640625,0.03515625,0.3984375,0.2437106986520289,0.2437106986520289
0,1446,370176.0,370432.0,256.0,1.0,1,0.40234375,0.5625,0.03515625,0.40234375,0.2437106986520289,0.2437106986520289
0,1447,370432.0,370688.0,256.0,1.0,1,0.38671875,0.57421875,0.0390625,0.38671875,0.2437106986520289,0.2437106986520289
0,1448,370688.0,370944.0,256.0,1.0,1,0.36328125,0.59765625,0.0390625,0.36328125,0.2437106986520289,0.2437106986520289
0,1449,370944.0,371200.0,256.0,1.0,1,0.3828125,0.5703125,0.046875,0.3828125,0.2437106986520289,0.2437106986520289
0,1450,371200.0,371456.0,256.0,1.0,1,0.3984375,0.56640625,0.03515625,0.3984375,0.2437106986520289,0.2437106986520289
0,1451,371456.0,371712.0,256.0,1.0,1,0.41796875,0.5546875,0.02734375,0.41796875,0.2437106986520289,0.2437106986520289
0,1452,371712.0,371968.0,256.0,1.0,1,0.3984375,0.56640625,0.03515625,0.3984375,0.2437106986520289,0.2437106986520289
0,1453,371968.0,372224.0,256.0,1.0,1,0.3984375,0.56640625,0.03515625,0.3984375,0.2437106986520289,0.2437106986520289
0,1454,372224.0,372480.0,256.0,1.0,1,0.3984375,0.56640625,0.03515625,0.3984375,0.2437106986520289,0.2437106986520289
0,1455,372480.0,372736.0,256.0,1.0,1,0.40234375,0.5625,0.03515625,0.40234375,0.2437106986520289,0.2437106986520289
0,1456,372736.0,372992.0,256.0,1.0,1,0.41796875,0.5546875,0.02734375,0.41796875,0.2437106986520289,0.2437106986520289
0,1457,372992.0,373248.0,256.0,1.0,1,0.40234375,0.5625,0.03515625,0.40234375,0.2437106986520289,0.2437106986520289
0,1458,373248.0,373504.0,256.0,1.0,1,0.3984375,0.56640625,0.03515625,0.3984375,0.2437106986520289,0.2437106986520289
0,1459,373504.0,373760.0,256.0,1.0,1,0.40234375,0.5625,0.03515625,0.40234375,0.2437106986520289,0.2437106986520289
0,1460,373760.0,374016.0,256.0,1.0,1,0.40234375,0.56640625,0.03125,0.40234375,0.2437106986520289,0.2437106986520289
0,1461,374016.0,374272.0,256.0,1.0,1,0.41015625,0.55859375,0.03125,0.41015625,0.2437106986520289,0.2437106986520289
0,1462,374272.0,374528.0,256.0,1.0,1,0.40234375,0.5625,0.03515625,0.40234375,0.2437106986520289,0.2437106986520289
0,1463,374528.0,374784.0,256.0,1.0,1,0.40234375,0.5625,0.03515625,0.40234375,0.2437106986520289,0.2437106986520289
0,1464,374784.0,375040.0,256.0,1.0,1,0.3984375,0.56640625,0.03515625,0.3984375,0.2437106986520289,0.2437106986520289
0,1465,375040.0,375296.0,256.0,1.0,1,0.41796875,0.5546875,0.02734375,0.41796875,0.2437106986520289,0.2437106986520289
0,1466,375296.0,375552.0,256.0,1.0,1,0.3984375,0.56640625,0.03515625,0.3984375,0.2437106986520289,0.2437106986520289
0,1467,375552.0,375808.0,256.0,1.0,1,0.40234375,0.5625,0.03515625,0.40234375,0.2437106986520289,0.2437106986520289
0,1468,375808.0,376064.0,256.0,1.0,1,0.3984375,0.5625,0.0390625,0.3984375,0.2437106986520289,0.2437106986520289
0,1469,376064.0,376320.0,256.0,1.0,1,0.3984375,0.56640625,0.03515625,0.3984375,0.2437106986520289,0.2437106986520289
0,1470,376320.0,376576.0,256.0,1.0,1,0.36328125,0.59765625,0.0390625,0.36328125,0.2437106986520289,0.2437106986520289
0,1471,376576.0,376832.0,256.0,1.0,1,0.3671875,0.5859375,0.046875,0.3671875,0.2437106986520289,0.2437106986520289
0,1472,376832.0,377088.0,256.0,1.0,1,0.40625,0.5625,0.03125,0.40625,0.2437106986520289,0.2437106986520289
0,1473,377088.0,377344.0,256.0,1.0,1,0.4140625,0.5546875,0.03125,0.4140625,0.2437106986520289,0.2437106986520289
0,1474,377344.0,377600.0,256.0,1.0,1,0.3984375,0.56640625,0.03515625,0.3984375,0.2437106986520289,0.2437106986520289
0,1475,377600.0,377856.0,256.0,1.0,1,0.40234375,0.5625,0.03515625,0.40234375,0.2437106986520289,0.2437106986520289
0,1476,377856.0,378112.0,256.0,1.0,1,0.3984375,0.56640625,0.03515625,0.3984375,0.2437106986520289,0.2437106986520289
0,1477,378112.0,378368.0,256.0,1.0,1,0.41796875,0.5546875,0.02734375,0.41796875,0.2437106986520289,0.2437106986520289
0,1478,378368.0,378624.0,256.0,1.0,1,0.40234375,0.5625,0.03515625,0.40234375,0.2437106986520289,0.2437106986520289
0,1479,378624.0,378880.0,256.0,1.0,1,0.3984375,0.56640625,0.03515625,0.3984375,0.2437106986520289,0.2437106986520289
0,1480,378880.0,379136.0,256.0,1.0,1,0.40234375,0.5625,0.03515625,0.40234375,0.2437106986520289,0.2437106986520289
0,1481,379136.0,379392.0,256.0,1.0,1,0.3984375,0.56640625,0.03515625,0.3984375,0.2437106986520289,0.2437106986520289
0,1482,379392.0,379648.0,256.0,1.0,1,0.4140625,0.5546875,0.03125,0.4140625,0.2437106986520289,0.2437106986520289
0,1483,379648.0,379904.0,256.0,1.0,1,0.40234375,0.5625,0.03515625,0.40234375,0.2437106986520289,0.2437106986520289
0,1484,379904.0,380160.0,256.0,1.0,1,0.3984375,0.56640625,0.03515625,0.3984375,0.2437106986520289,0.2437106986520289
0,1485,380160.0,380416.0,256.0,1.0,1,0.3984375,0.56640625,0.03515625,0.3984375,0.2437106986520289,0.2437106986520289
0,1486,380416.0,380672.0,256.0,1.0,1,0.41796875,0.5546875,0.02734375,0.41796875,0.2437106986520289,0.2437106986520289
0,1487,380672.0,380928.0,256.0,1.0,1,0.3984375,0.56640625,0.03515625,0.3984375,0.2437106986520289,0.2437106986520289
0,1488,380928.0,381184.0,256.0,1.0,1,0.3984375,0.56640625,0.03515625,0.3984375,0.2437106986520289,0.2437106986520289
0,1489,381184.0,381440.0,256.0,1.0,1,0.40234375,0.5625,0.03515625,0.40234375,0.2437106986520289,0.2437106986520289
0,1490,381440.0,381696.0,256.0,1.0,1,0.3984375,0.56640625,0.03515625,0.3984375,0.2437106986520289,0.2437106986520289
0,1491,381696.0,381952.0,256.0,1.0,1,0.41796875,0.5546875,0.02734375,0.41796875,0.2437106986520289,0.2437106986520289
0,1492,381952.0,382208.0,256.0,1.0,1,0.3671875,0.58984375,0.04296875,0.3671875,0.2437106986520289,0.2437106986520289
0,1493,382208.0,382464.0,256.0,1.0,1,0.3515625,0.59765625,0.05078125,0.3515625,0.2437106986520289,0.2437106986520289
0,1494,382464.0,382720.0,256.0,1.0,1,0.41796875,0.5546875,0.02734375,0.41796875,0.2437106986520289,0.2437106986520289
0,1495,382720.0,382976.0,256.0,1.0,1,0.3984375,0.56640625,0.03515625,0.3984375,0.2437106986520289,0.2437106986520289
0,1496,382976.0,383232.0,256.0,1.0,1,0.40234375,0.5625,0.03515625,0.40234375,0.2437106986520289,0.2437106986520289
0,1497,383232.0,383488.0,256.0,1.0,1,0.3984375,0.5625,0.0390625,0.3984375,0.2437106986520289,0.2437106986520289
0,1498,383488.0,383744.0,256.0,1.0,1,0.41796875,0.5546875,0.02734375,0.41796875,0.2437106986520289,0.2437106986520289
0,1499,383744.0,384000.0,256.0,1.0,1,0.3984375,0.56640625,0.03515625,0.3984375,0.2437106986520289,0.2437106986520289
0,1500,384000.0,384256.0,256.0,1.0,1,0.3984375,0.56640625,0.03515625,0.3984375,0.2437106986520289,0.2437106986520289
0,1501,384256.0,384512.0,256.0,1.0,1,0.3984375,0.56640625,0.03515625,0.3984375,0.2437106986520289,0.2437106986520289
0,1502,384512.0,384768.0,256.0,1.0,1,0.40234375,0.5625,0.03515625,0.40234375,0.2437106986520289,0.2437106986520289
0,1503,384768.0,385024.0,256.0,1.0,1,0.4140625,0.55859375,0.02734375,0.4140625,0.2437106986520289,0.2437106986520289
0,1504,385024.0,385280.0,256.0,1.0,1,0.3984375,0.56640625,0.03515625,0.3984375,0.2437106986520289,0.2437106986520289
0,1505,385280.0,385536.0,256.0,1.0,1,0.40234375,0.5625,0.03515625,0.40234375,0.2437106986520289,0.2437106986520289
0,1506,385536.0,385792.0,256.0,1.0,1,0.3984375,0.56640625,0.03515625,0.3984375,0.2437106986520289,0.2437106986520289
0,1507,385792.0,386048.0,256.0,1.0,1,0.41015625,0.55859375,0.03125,0.41015625,0.2437106986520289,0.2437106986520289
0,1508,386048.0,386304.0,256.0,1.0,1,0.41015625,0.55859375,0.03125,0.41015625,0.2437106986520289,0.2437106986520289
0,1509,386304.0,386560.0,256.0,1.0,1,0.40234375,0.5625,0.03515625,0.40234375,0.2437106986520289,0.2437106986520289
0,1510,386560.0,386816.0,256.0,1.0,1,0.3984375,0.56640625,0.03515625,0.3984375,0.2437106986520289,0.2437106986520289
0,1511,386816.0,387072.0,256.0,1.0,1,0.3984375,0.56640625,0.03515625,0.3984375,0.2437106986520289,0.2437106986520289
0,1512,387072.0,387328.0,256.0,1.0,1,0.41796875,0.5546875,0.02734375,0.41796875,0.2437106986520289,0.2437106986520289
0,1513,387328.0,387584.0,256.0,1.0,1,0.40234375,0.5625,0.03515625,0.40234375,0.2437106986520289,0.2437106986520289
0,1514,387584.0,387840.0,256.0,1.0,1,0.375,0.58203125,0.04296875,0.375,0.2437106986520289,0.2437106986520289
0,1515,387840.0,388096.0,256.0,1.0,1,0.36328125,0.59765625,0.0390625,0.36328125,0.2437106986520289,0.2437106986520289
0,1516,388096.0,388352.0,256.0,1.0,1,0.390625,0.56640625,0.04296875,0.390625,0.2437106986520289,0.2437106986520289
0,1517,388352.0,388608.0,256.0,1.0,1,0.3984375,0.56640625,0.03515625,0.3984375,0.2437106986520289,0.2437106986520289
0,1518,388608.0,388864.0,256.0,1.0,1,0.40234375,0.5625,0.03515625,0.40234375,0.2437106986520289,0.2437106986520289
0,1519,388864.0,389120.0,256.0,1.0,1,0.4140625,0.55859375,0.02734375,0.4140625,0.2437106986520289,0.2437106986520289
0,1520,389120.0,389376.0,256.0,1.0,1,0.40234375,0.5625,0.03515625,0.40234375,0.2437106986520289,0.2437106986520289
0,1521,389376.0,389632.0,256.0,1.0,1,0.3984375,0.56640625,0.03515625,0.3984375,0.2437106986520289,0.2437106986520289
0,1522,389632.0,389888.0,256.0,1.0,1,0.40234375,0.5625,0.03515625,0.40234375,0.2437106986520289,0.2437106986520289
0,1523,389888.0,390144.0,256.0,1.0,1,0.40234375,0.5625,0.03515625,0.40234375,0.2437106986520289,0.2437106986520289
0,1524,390144.0,390400.0,256.0,1.0,1,0.4140625,0.55859375,0.02734375,0.4140625,0.2437106986520289,0.2437106986520289
0,1525,390400.0,390656.0,256.0,1.0,1,0.40234375,0.5625,0.03515625,0.40234375,0.2437106986520289,0.2437106986520289
0,1526,390656.0,390912.0,256.0,1.0,1,0.3984375,0.56640625,0.03515625,0.3984375,0.2437106986520289,0.2437106986520289
0,1527,390912.0,391168.0,256.0,1.0,1,0.3984375,0.56640625,0.03515625,0.3984375,0.2437106986520289,0.2437106986520289
0,1528,391168.0,391424.0,256.0,1.0,1,0.40234375,0.5625,0.03515625,0.40234375,0.2437106986520289,0.2437106986520289
0,1529,391424.0,391680.0,256.0,1.0,1,0.41796875,0.5546875,0.02734375,0.41796875,0.2437106986520289,0.2437106986520289
0,1530,391680.0,391936.0,256.0,1.0,1,0.40234375,0.5625,0.03515625,0.40234375,0.2437106986520289,0.2437106986520289
0,1531,391936.0,392192.0,256.0,1.0,1,0.3984375,0.56640625,0.03515625,0.3984375,0.2437106986520289,0.2437106986520289
0,1532,392192.0,392448.0,256.0,1.0,1,0.3984375,0.56640625,0.03515625,0.3984375,0.2437106986520289,0.2437106986520289
0,1533,392448.0,392704.0,256.0,1.0,1,0.41796875,0.55078125,0.03125,0.41796875,0.2437106986520289,0.2437106986520289
0,1534,392704.0,392960.0,256.0,1.0,1,0.3984375,0.56640625,0.03515625,0.3984375,0.2437106986520289,0.2437106986520289
0,1535,392960.0,393216.0,256.0,1.0,1,0.3984375,0.56640625,0.03515625,0.3984375,0.2437106986520289,0.2437106986520289
0,1536,393216.0,393472.0,256.0,1.0,1,0.3828125,0.578125,0.0390625,0.3828125,0.2437106986520289,0.2437106986520289
0,1537,393472.0,393728.0,256.0,1.0,1,0.375,0.58984375,0.03515625,0.375,0.2437106986520289,0.2437106986520289
0,1538,393728.0,393984.0,256.0,1.0,1,0.37890625,0.57421875,0.046875,0.37890625,0.2437106986520289,0.2437106986520289
0,1539,393984.0,394240.0,256.0,1.0,1,0.3984375,0.56640625,0.03515625,0.3984375,0.2437106986520289,0.2437106986520289
0,1540,394240.0,394496.0,256.0,1.0,1,0.40234375,0.56640625,0.03125,0.40234375,0.2437106986520289,0.2437106986520289
0,1541,394496.0,394752.0,256.0,1.0,1,0.4140625,0.5546875,0.03125,0.4140625,0.2437106986520289,0.2437106986520289
0,1542,394752.0,395008.0,256.0,1.0,1,0.40234375,0.5625,0.03515625,0.40234375,0.2437106986520289,0.2437106986520289
0,1543,395008.0,395264.0,256.0,1.0,1,0.3984375,0.56640625,0.03515625,0.3984375,0.2437106986520289,0.2437106986520289
0,1544,395264.0,395520.0,256.0,1.0,1,0.40234375,0.5625,0.03515625,0.40234375,0.2437106986520289,0.2437106986520289
0,1545,395520.0,395776.0,256.0,1.0,1,0.4140625,0.55859375,0.02734375,0.4140625,0.2437106986520289,0.2437106986520289
0,1546,395776.0,396032.0,256.0,1.0,1,0.40234375,0.5625,0.03515625,0.40234375,0.2437106986520289,0.2437106986520289
0,1547,396032.0,396288.0,256.0,1.0,1,0.3984375,0.5625,0.0390625,0.3984375,0.2437106986520289,0.2437106986520289
0,1548,396288.0,396544.0,256.0,1.0,1,0.3984375,0.56640625,0.03515625,0.3984375,0.2437106986520289,0.2437106986520289
0,1549,396544.0,396800.0,256.0,1.0,1,0.40234375,0.5625,0.03515625,0.40234375,0.2437106986520289,0.2437106986520289
0,1550,396800.0,397056.0,256.0,1.0,1,0.4140625,0.55859375,0.02734375,0.4140625,0.2437106986520289,0.2437106986520289
0,1551,397056.0,397312.0,256.0,1.0,1,0.3984375,0.56640625,0.03515625,0.3984375,0.2437106986520289,0.2437106986520289
0,1552,397312.0,397568.0,256.0,1.0,1,0.40234375,0.5625,0.03515625,0.40234375,0.2437106986520289,0.2437106986520289
0,1553,397568.0,397824.0,256.0,1.0,1,0.3984375,0.56640625,0.03515625,0.3984375,0.2437106986520289,0.2437106986520289
0,1554,397824.0,398080.0,256.0,1.0,1,0.4140625,0.55859375,0.02734375,0.4140625,0.2437106986520289,0.2437106986520289
0,1555,398080.0,398336.0,256.0,1.0,1,0.40234375,0.5625,0.03515625,0.40234375,0.2437106986520289,0.2437106986520289
0,1556,398336.0,398592.0,256.0,1.0,1,0.3984375,0.56640625,0.03515625,0.3984375,0.2437106986520289,0.2437106986520289
0,1557,398592.0,398848.0,256.0,1.0,1,0.40234375,0.5625,0.03515625,0.40234375,0.2437106986520289,0.2437106986520289
0,1558,398848.0,399104.0,256.0,1.0,1,0.390625,0.5703125,0.0390625,0.390625,0.2437106986520289,0.2437106986520289
0,1559,399104.0,399360.0,256.0,1.0,1,0.37890625,0.5859375,0.03515625,0.37890625,0.2437106986520289,0.2437106986520289
0,1560,399360.0,399616.0,256.0,1.0,1,0.3671875,0.5859375,0.046875,0.3671875,0.2437106986520289,0.2437106986520289
0,1561,399616.0,399872.0,256.0,1.0,1,0.3984375,0.56640625,0.03515625,0.3984375,0.2437106986520289,0.2437106986520289
0,1562,399872.0,400128.0,256.0,1.0,1,0.41796875,0.55078125,0.03125,0.41796875,0.2437106986520289,0.2437106986520289
0,1563,400128.0,400384.0,256.0,1.0,1,0.3984375,0.56640625,0.03515625,0.3984375,0.2437106986520289,0.2437106986520289
0,1564,400384.0,400640.0,256.0,1.0,1,0.3984375,0.56640625,0.03515625,0.3984375,0.2437106986520289,0.2437106986520289
0,1565,400640.0,400896.0,256.0,1.0,1,0.40234375,0.5625,0.03515625,0.40234375,0.2437106986520289,0.2437106986520289
0,1566,400896.0,401152.0,256.0,1.0,1,0.4140625,0.55859375,0.02734375,0.4140625,0.2437106986520289,0.2437106986520289
0,1567,401152.0,401408.0,256.0,1.0,1,0.3984375,0.56640625,0.03515625,0.3984375,0.2437106986520289,0.2437106986520289
0,1568,401408.0,401664.0,256.0,1.0,1,0.40234375,0.5625,0.03515625,0.40234375,0.2437106986520289,0.2437106986520289
0,1569,401664.0,401920.0,256.0,1.0,1,0.3984375,0.56640625,0.03515625,0.3984375,0.2437106986520289,0.2437106986520289
0,1570,401920.0,402176.0,256.0,1.0,1,0.3984375,0.56640625,0.03515625,0.3984375,0.2437106986520289,0.2437106986520289
0,1571,402176.0,402432.0,256.0,1.0,1,0.41796875,0.5546875,0.02734375,0.41796875,0.2437106986520289,0.2437106986520289
0,1572,402432.0,402688.0,256.0,1.0,1,0.40234375,0.5625,0.03515625,0.40234375,0.2437106986520289,0.2437106986520289
0,1573,402688.0,402944.0,256.0,1.0,1,0.40234375,0.5625,0.03515625,0.40234375,0.2437106986520289,0.2437106986520289
0,1574,402944.0,403200.0,256.0,1.0,1,0.3984375,0.56640625,0.03515625,0.3984375,0.2437106986520289,0.2437106986520289
0,1575,403200.0,403456.0,256.0,1.0,1,0.40234375,0.56640625,0.03125,0.40234375,0.2437106986520289,0.2437106986520289
0,1576,403456.0,403712.0,256.0,1.0,1,0.4140625,0.5546875,0.03125,0.4140625,0.2437106986520289,0.2437106986520289
0,1577,403712.0,403968.0,256.0,1.0,1,0.3984375,0.56640625,0.03515625,0.3984375,0.2437106986520289,0.2437106986520289
0,1578,403968.0,404224.0,256.0,1.0,1,0.40234375,0.5625,0.03515625,0.40234375,0.2437106986520289,0.2437106986520289
0,1579,404224.0,404480.0,256.0,1.0,1,0.40234375,0.5625,0.03515625,0.40234375,0.2437106986520289,0.2437106986520289
0,1580,404480.0,404736.0,256.0,1.0,1,0.41796875,0.5546875,0.02734375,0.41796875,0.2437106986520289,0.2437106986520289
0,1581,404736.0,404992.0,256.0,1.0,1,0.35546875,0.59765625,0.046875,0.35546875,0.2437106986520289,0.2437106986520289
0,1582,404992.0,405248.0,256.0,1.0,1,0.35546875,0.59375,0.05078125,0.35546875,0.2437106986520289,0.2437106986520289
0,1583,405248.0,405504.0,256.0,1.0,1,0.4140625,0.55859375,0.02734375,0.4140625,0.2437106986520289,0.2437106986520289
0,1584,405504.0,405760.0,256.0,1.0,1,0.40234375,0.5625,0.03515625,0.40234375,0.2437106986520289,0.2437106986520289
0,1585,405760.0,406016.0,256.0,1.0,1,0.3984375,0.56640625,0.03515625,0.3984375,0.2437106986520289,0.2437106986520289
0,1586,406016.0,406272.0,256.0,1.0,1,0.40234375,0.5625,0.03515625,0.40234375,0.2437106986520289,0.2437106986520289
0,1587,406272.0,406528.0,256.0,1.0,1,0.40625,0.5625,0.03125,0.40625,0.2437106986520289,0.2437106986520289
0,1588,406528.0,406784.0,256.0,1.0,1,0.4140625,0.5546875,0.03125,0.4140625,0.2437106986520289,0.2437106986520289
0,1589,406784.0,407040.0,256.0,1.0,1,0.3984375,0.56640625,0.03515625,0.3984375,0.2437106986520289,0.2437106986520289
0,1590,407040.0,407296.0,256.0,1.0,1,0.3984375,0.56640625,0.03515625,0.3984375,0.2437106986520289,0.2437106986520289
0,1591,407296.0,407552.0,256.0,1.0,1,0.40234375,0.5625,0.03515625,0.40234375,0.2437106986520289,0.2437106986520289
0,1592,407552.0,407808.0,256.0,1.0,1,0.41796875,0.5546875,0.02734375,0.41796875,0.2437106986520289,0.2437106986520289
0,1593,407808.0,408064.0,256.0,1.0,1,0.3984375,0.56640625,0.03515625,0.3984375,0.2437106986520289,0.2437106986520289
0,1594,408064.0,408320.0,256.0,1.0,1,0.40234375,0.5625,0.03515625,0.40234375,0.2437106986520289,0.2437106986520289
0,1595,408320.0,408576.0,256.0,1.0,1,0.3984375,0.56640625,0.03515625,0.3984375,0.2437106986520289,0.2437106986520289
0,1596,408576.0,408832.0,256.0,1.0,1,0.40234375,0.5625,0.03515625,0.40234375,0.2437106986520289,0.2437106986520289
0,1597,408832.0,409088.0,256.0,1.0,1,0.4140625,0.5546875,0.03125,0.4140625,0.2437106986520289,0.2437106986520289
0,1598,409088.0,409344.0,256.0,1.0,1,0.3984375,0.56640625,0.03515625,0.3984375,0.2437106986520289,0.2437106986520289
0,1599,409344.0,409600.0,256.0,1.0,1,0.40234375,0.5625,0.03515625,0.40234375,0.2437106986520289,0.2437106986520289
0,1600,409600.0,409856.0,256.0,1.0,1,0.3984375,0.56640625,0.03515625,0.3984375,0.2437106986520289,0.2437106986520289
0,1601,409856.0,410112.0,256.0,1.0,1,0.41796875,0.5546875,0.02734375,0.41796875,0.2437106986520289,0.2437106986520289
0,1602,410112.0,410368.0,256.0,1.0,1,0.3984375,0.56640625,0.03515625,0.3984375,0.2437106986520289,0.2437106986520289
0,1603,410368.0,410624.0,256.0,1.0,1,0.3671875,0.58984375,0.04296875,0.3671875,0.2437106986520289,0.2437106986520289
0,1604,410624.0,410880.0,256.0,1.0,1,0.375,0.58984375,0.03515625,0.375,0.2437106986520289,0.2437106986520289
0,1605,410880.0,411136.0,256.0,1.0,1,0.390625,0.56640625,0.04296875,0.390625,0.2437106986520289,0.2437106986520289
0,1606,411136.0,411392.0,256.0,1.0,1,0.3984375,0.56640625,0.03515625,0.3984375,0.2437106986520289,0.2437106986520289
0,1607,411392.0,411648.0,256.0,1.0,1,0.40234375,0.5625,0.03515625,0.40234375,0.2437106986520289,0.2437106986520289
0,1608,411648.0,411904.0,256.0,1.0,1,0.40234375,0.5625,0.03515625,0.40234375,0.2437106986520289,0.2437106986520289
0,1609,411904.0,412160.0,256.0,1.0,1,0.41796875,0.5546875,0.02734375,0.41796875,0.2437106986520289,0.2437106986520289
0,1610,412160.0,412416.0,256.0,1.0,1,0.3984375,0.56640625,0.03515625,0.3984375,0.2437106986520289,0.2437106986520289
0,1611,412416.0,412672.0,256.0,1.0,1,0.3984375,0.56640625,0.03515625,0.3984375,0.2437106986520289,0.2437106986520289
0,1612,412672.0,412928.0,256.0,1.0,1,0.40234375,0.5625,0.03515625,0.40234375,0.2437106986520289,0.2437106986520289
0,1613,412928.0,413184.0,256.0,1.0,1,0.4140625,0.5546875,0.03125,0.4140625,0.2437106986520289,0.2437106986520289
0,1614,413184.0,413440.0,256.0,1.0,1,0.3984375,0.56640625,0.03515625,0.3984375,0.2437106986520289,0.2437106986520289
0,1615,413440.0,413696.0,256.0,1.0,1,0.40234375,0.5625,0.03515625,0.40234375,0.2437106986520289,0.2437106986520289
0,1616,413696.0,413952.0,256.0,1.0,1,0.3984375,0.56640625,0.03515625,0.3984375,0.2437106986520289,0.2437106986520289
0,1617,413952.0,414208.0,256.0,1.0,1,0.3984375,0.56640625,0.03515625,0.3984375,0.2437106986520289,0.2437106986520289
0,1618,414208.0,414464.0,256.0,1.0,1,0.41796875,0.5546875,0.02734375,0.41796875,0.2437106986520289,0.2437106986520289
0,1619,414464.0,414720.0,256.0,1.0,1,0.3984375,0.56640625,0.03515625,0.3984375,0.2437106986520289,0.2437106986520289
0,1620,414720.0,414976.0,256.0,1.0,1,0.3984375,0.56640625,0.03515625,0.3984375,0.2437106986520289,0.2437106986520289
0,1621,414976.0,415232.0,256.0,1.0,1,0.40234375,0.5625,0.03515625,0.40234375,0.2437106986520289,0.2437106986520289
0,1622,415232.0,415488.0,256.0,1.0,1,0.41015625,0.5625,0.02734375,0.41015625,0.2437106986520289,0.2437106986520289
0,1623,415488.0,415744.0,256.0,1.0,1,0.41015625,0.5546875,0.03515625,0.41015625,0.2437106986520289,0.2437106986520289
0,1624,415744.0,416000.0,256.0,1.0,1,0.3984375,0.56640625,0.03515625,0.3984375,0.2437106986520289,0.2437106986520289
0,1625,416000.0,416256.0,256.0,1.0,1,0.37890625,0.58203125,0.0390625,0.37890625,0.2437106986520289,0.2437106986520289
0,1626,416256.0,416512.0,256.0,1.0,1,0.375,0.5859375,0.0390625,0.375,0.2437106986520289,0.2437106986520289
0,1627,416512.0,416768.0,256.0,1.0,1,0.37890625,0.57421875,0.046875,0.37890625,0.2437106986520289,0.2437106986520289
0,1628,416768.0,417024.0,256.0,1.0,1,0.40234375,0.5625,0.03515625,0.40234375,0.2437106986520289,0.2437106986520289
0,1629,417024.0,417280.0,256.0,1.0,1,0.3984375,0.56640625,0.03515625,0.3984375,0.2437106986520289,0.2437106986520289
0,1630,417280.0,417536.0,256.0,1.0,1,0.4140625,0.55859375,0.02734375,0.4140625,0.2437106986520289,0.2437106986520289
0,1631,417536.0,417792.0,256.0,1.0,1,0.40234375,0.5625,0.03515625,0.40234375,0.2437106986520289,0.2437106986520289
0,1632,417792.0,418048.0,256.0,1.0,1,0.3984375,0.56640625,0.03515625,0.3984375,0.2437106986520289,0.2437106986520289
0,1633,418048.0,418304.0,256.0,1.0,1,0.3984375,0.56640625,0.03515625,0.3984375,0.2437106986520289,0.2437106986520289
0,1634,418304.0,418560.0,256.0,1.0,1,0.41796875,0.5546875,0.02734375,0.41796875,0.2437106986520289,0.2437106986520289
0,1635,418560.0,418816.0,256.0,1.0,1,0.3984375,0.56640625,0.03515625,0.3984375,0.2437106986520289,0.2437106986520289
0,1636,418816.0,419072.0,256.0,1.0,1,0.40234375,0.5625,0.03515625,0.40234375,0.2437106986520289,0.2437106986520289
0,1637,419072.0,419328.0,256.0,1.0,1,0.3984375,0.56640625,0.03515625,0.3984375,0.2437106986520289,0.2437106986520289
0,1638,419328.0,419584.0,256.0,1.0,1,0.40234375,0.5625,0.03515625,0.40234375,0.2437106986520289,0.2437106986520289
0,1639,419584.0,419840.0,256.0,1.0,1,0.41796875,0.5546875,0.02734375,0.41796875,0.2437106986520289,0.2437106986520289
0,1640,419840.0,420096.0,256.0,1.0,1,0.3984375,0.56640625,0.03515625,0.3984375,0.2437106986520289,0.2437106986520289
0,1641,420096.0,420352.0,256.0,1.0,1,0.40234375,0.5625,0.03515625,0.40234375,0.2437106986520289,0.2437106986520289
0,1642,420352.0,420608.0,256.0,1.0,1,0.3984375,0.56640625,0.03515625,0.3984375,0.2437106986520289,0.2437106986520289
0,1643,420608.0,420864.0,256.0,1.0,1,0.3984375,0.56640625,0.03515625,0.3984375,0.2437106986520289,0.2437106986520289
0,1644,420864.0,421120.0,256.0,1.0,1,0.421875,0.55078125,0.02734375,0.421875,0.2437106986520289,0.2437106986520289
0,1645,421120.0,421376.0,256.0,1.0,1,0.3984375,0.56640625,0.03515625,0.3984375,0.2437106986520289,0.2437106986520289
0,1646,421376.0,421632.0,256.0,1.0,1,0.40234375,0.5625,0.03515625,0.40234375,0.2437106986520289,0.2437106986520289
0,1647,421632.0,421888.0,256.0,1.0,1,0.390625,0.5703125,0.0390625,0.390625,0.2437106986520289,0.2437106986520289
0,1648,421888.0,422144.0,256.0,1.0,1,0.36328125,0.59765625,0.0390625,0.36328125,0.2437106986520289,0.2437106986520289
0,1649,422144.0,422400.0,256.0,1.0,1,0.37109375,0.58203125,0.046875,0.37109375,0.2437106986520289,0.2437106986520289
0,1650,422400.0,422656.0,256.0,1.0,1,0.40234375,0.5625,0.03515625,0.40234375,0.2437106986520289,0.2437106986520289
0,1651,422656.0,422912.0,256.0,1.0,1,0.41796875,0.5546875,0.02734375,0.41796875,0.2437106986520289,0.2437106986520289
0,1652,422912.0,423168.0,256.0,1.0,1,0.40234375,0.5625,0.03515625,0.40234375,0.2437106986520289,0.2437106986520289
0,1653,423168.0,423424.0,256.0,1.0,1,0.3984375,0.56640625,0.03515625,0.3984375,0.2437106986520289,0.2437106986520289
0,1654,423424.0,423680.0,256.0,1.0,1,0.40234375,0.5625,0.03515625,0.40234375,0.2437106986520289,0.2437106986520289
0,1655,423680.0,423936.0,256.0,1.0,1,0.40234375,0.56640625,0.03125,0.40234375,0.2437106986520289,0.2437106986520289
0,1656,423936.0,424192.0,256.0,1.0,1,0.41015625,0.55859375,0.03125,0.41015625,0.2437106986520289,0.2437106986520289
0,1657,424192.0,424448.0,256.0,1.0,1,0.40234375,0.5625,0.03515625,0.40234375,0.2437106986520289,0.2437106986520289
0,1658,424448.0,424704.0,256.0,1.0,1,0.40234375,0.5625,0.03515625,0.40234375,0.2437106986520289,0.2437106986520289
0,1659,424704.0,424960.0,256.0,1.0,1,0.3984375,0.56640625,0.03515625,0.3984375,0.2437106986520289,0.2437106986520289
0,1660,424960.0,425216.0,256.0,1.0,1,0.41796875,0.5546875,0.02734375,0.41796875,0.2437106986520289,0.2437106986520289
0,1661,425216.0,425472.0,256.0,1.0,1,0.3984375,0.56640625,0.03515625,0.3984375,0.2437106986520289,0.2437106986520289
0,1662,425472.0,425728.0,256.0,1.0,1,0.40234375,0.5625,0.03515625,0.40234375,0.2437106986520289,0.2437106986520289
0,1663,425728.0,425984.0,256.0,1.0,1,0.3984375,0.5625,0.0390625,0.3984375,0.2437106986520289,0.2437106986520289
0,1664,425984.0,426240.0,256.0,1.0,1,0.3984375,0.56640625,0.03515625,0.3984375,0.2437106986520289,0.2437106986520289
0,1665,426240.0,426496.0,256.0,1.0,1,0.41796875,0.5546875,0.02734375,0.41796875,0.2437106986520289,0.2437106986520289
0,1666,426496.0,426752.0,256.0,1.0,1,0.3984375,0.56640625,0.03515625,0.3984375,0.2437106986520289,0.2437106986520289
0,1667,426752.0,427008.0,256.0,1.0,1,0.3984375,0.56640625,0.03515625,0.3984375,0.2437106986520289,0.2437106986520289
0,1668,427008.0,427264.0,256.0,1.0,1,0.40234375,0.5625,0.03515625,0.40234375,0.2437106986520289,0.2437106986520289
0,1669,427264.0,427520.0,256.0,1.0,1,0.4140625,0.55859375,0.02734375,0.4140625,0.2437106986520289,0.2437106986520289
0,1670,427520.0,427776.0,256.0,1.0,1,0.35546875,0.59765625,0.046875,0.35546875,0.2437106986520289,0.2437106986520289
0,1671,427776.0,428032.0,256.0,1.0,1,0.36328125,0.58984375,0.046875,0.36328125,0.2437106986520289,0.2437106986520289
0,1672,428032.0,428288.0,256.0,1.0,1,0.41796875,0.5546875,0.02734375,0.41796875,0.2437106986520289,0.2437106986520289
0,1673,428288.0,428544.0,256.0,1.0,1,0.40234375,0.5625,0.03515625,0.40234375,0.2437106986520289,0.2437106986520289
0,1674,428544.0,428800.0,256.0,1.0,1,0.3984375,0.56640625,0.03515625,0.3984375,0.2437106986520289,0.2437106986520289
0,1675,428800.0,429056.0,256.0,1.0,1,0.40234375,0.5625,0.03515625,0.40234375,0.2437106986520289,0.2437106986520289
0,1676,429056.0,429312.0,256.0,1.0,1,0.3984375,0.56640625,0.03515625,0.3984375,0.2437106986520289,0.2437106986520289
0,1677,429312.0,429568.0,256.0,1.0,1,0.4140625,0.5546875,0.03125,0.4140625,0.2437106986520289,0.2437106986520289
0,1678,429568.0,429824.0,256.0,1.0,1,0.40234375,0.5625,0.03515625,0.40234375,0.2437106986520289,0.2437106986520289
0,1679,429824.0,430080.0,256.0,1.0,1,0.3984375,0.56640625,0.03515625,0.3984375,0.2437106986520289,0.2437106986520289
0,1680,430080.0,430336.0,256.0,1.0,1,0.3984375,0.56640625,0.03515625,0.3984375,0.2437106986520289,0.2437106986520289
0,1681,430336.0,430592.0,256.0,1.0,1,0.41796875,0.5546875,0.02734375,0.41796875,0.2437106986520289,0.2437106986520289
0,1682,430592.0,430848.0,256.0,1.0,1,0.3984375,0.56640625,0.03515625,0.3984375,0.2437106986520289,0.2437106986520289
0,1683,430848.0,431104.0,256.0,1.0,1,0.3984375,0.56640625,0.03515625,0.3984375,0.2437106986520289,0.2437106986520289
0,1684,431104.0,431360.0,256.0,1.0,1,0.40234375,0.5625,0.03515625,0.40234375,0.2437106986520289,0.2437106986520289
0,1685,431360.0,431616.0,256.0,1.0,1,0.3984375,0.56640625,0.03515625,0.3984375,0.2437106986520289,0.2437106986520289
0,1686,431616.0,431872.0,256.0,1.0,1,0.41796875,0.5546875,0.02734375,0.41796875,0.2437106986520289,0.2437106986520289
0,1687,431872.0,432128.0,256.0,1.0,1,0.3984375,0.56640625,0.03515625,0.3984375,0.2437106986520289,0.2437106986520289
0,1688,432128.0,432384.0,256.0,1.0,1,0.40234375,0.5625,0.03515625,0.40234375,0.2437106986520289,0.2437106986520289
0,1689,432384.0,432640.0,256.0,1.0,1,0.40234375,0.5625,0.03515625,0.40234375,0.2437106986520289,0.2437106986520289
0,1690,432640.0,432896.0,256.0,1.0,1,0.40234375,0.56640625,0.03125,0.40234375,0.2437106986520289,0.2437106986520289
0,1691,432896.0,433152.0,256.0,1.0,1,0.4140625,0.5546875,0.03125,0.4140625,0.2437106986520289,0.2437106986520289
0,1692,433152.0,433408.0,256.0,1.0,1,0.3671875,0.58984375,0.04296875,0.3671875,0.2437106986520289,0.2437106986520289
0,1693,433408.0,433664.0,256.0,1.0,1,0.36328125,0.59765625,0.0390625,0.36328125,0.2437106986520289,0.2437106986520289
0,1694,433664.0,433920.0,256.0,1.0,1,0.40234375,0.5546875,0.04296875,0.40234375,0.2437106986520289,0.2437106986520289
0,1695,433920.0,434176.0,256.0,1.0,1,0.3984375,0.56640625,0.03515625,0.3984375,0.2437106986520289,0.2437106986520289
0,1696,434176.0,434432.0,256.0,1.0,1,0.3984375,0.56640625,0.03515625,0.3984375,0.2437106986520289,0.2437106986520289
0,1697,434432.0,434688.0,256.0,1.0,1,0.40234375,0.5625,0.03515625,0.40234375,0.2437106986520289,0.2437106986520289
0,1698,434688.0,434944.0,256.0,1.0,1,0.4140625,0.55859375,0.02734375,0.4140625,0.2437106986520289,0.2437106986520289
0,1699,434944.0,435200.0,256.0,1.0,1,0.3984375,0.56640625,0.03515625,0.3984375,0.2437106986520289,0.2437106986520289
0,1700,435200.0,435456.0,256.0,1.0,1,0.40234375,0.5625,0.03515625,0.40234375,0.2437106986520289,0.2437106986520289
0,1701,435456.0,435712.0,256.0,1.0,1,0.3984375,0.56640625,0.03515625,0.3984375,0.2437106986520289,0.2437106986520289
0,1702,435712.0,435968.0,256.0,1.0,1,0.41015625,0.55859375,0.03125,0.41015625,0.2437106986520289,0.2437106986520289
0,1703,435968.0,436224.0,256.0,1.0,1,0.41015625,0.55859375,0.03125,0.41015625,0.2437106986520289,0.2437106986520289
0,1704,436224.0,436480.0,256.0,1.0,1,0.40234375,0.5625,0.03515625,0.40234375,0.2437106986520289,0.2437106986520289
0,1705,436480.0,436736.0,256.0,1.0,1,0.3984375,0.56640625,0.03515625,0.3984375,0.2437106986520289,0.2437106986520289
0,1706,436736.0,436992.0,256.0,1.0,1,0.3984375,0.56640625,0.03515625,0.3984375,0.2437106986520289,0.2437106986520289
0,1707,436992.0,437248.0,256.0,1.0,1,0.41796875,0.5546875,0.02734375,0.41796875,0.2437106986520289,0.2437106986520289
0,1708,437248.0,437504.0,256.0,1.0,1,0.40234375,0.5625,0.03515625,0.40234375,0.2437106986520289,0.2437106986520289
0,1709,437504.0,437760.0,256.0,1.0,1,0.3984375,0.56640625,0.03515625,0.3984375,0.2437106986520289,0.2437106986520289
0,1710,437760.0,438016.0,256.0,1.0,1,0.40234375,0.5625,0.03515625,0.40234375,0.2437106986520289,0.2437106986520289
0,1711,438016.0,438272.0,256.0,1.0,1,0.3984375,0.56640625,0.03515625,0.3984375,0.2437106986520289,0.2437106986520289
0,1712,438272.0,438528.0,256.0,1.0,1,0.41796875,0.5546875,0.02734375,0.41796875,0.2437106986520289,0.2437106986520289
0,1713,438528.0,438784.0,256.0,1.0,1,0.3984375,0.5625,0.0390625,0.3984375,0.2437106986520289,0.2437106986520289
0,1714,438784.0,439040.0,256.0,1.0,1,0.37890625,0.58203125,0.0390625,0.37890625,0.2437106986520289,0.2437106986520289
0,1715,439040.0,439296.0,256.0,1.0,1,0.36328125,0.59765625,0.0390625,0.36328125,0.2437106986520289,0.2437106986520289
0,1716,439296.0,439552.0,256.0,1.0,1,0.38671875,0.5703125,0.04296875,0.38671875,0.2437106986520289,0.2437106986520289
0,1717,439552.0,439808.0,256.0,1.0,1,0.40234375,0.5625,0.03515625,0.40234375,0.2437106986520289,0.2437106986520289
0,1718,439808.0,440064.0,256.0,1.0,1,0.40234375,0.5625,0.03515625,0.40234375,0.2437106986520289,0.2437106986520289
0,1719,440064.0,440320.0,256.0,1.0,1,0.4140625,0.55859375,0.02734375,0.4140625,0.2437106986520289,0.2437106986520289
0,1720,440320.0,440576.0,256.0,1.0,1,0.40234375,0.5625,0.03515625,0.40234375,0.2437106986520289,0.2437106986520289
0,1721,440576.0,440832.0,256.0,1.0,1,0.3984375,0.56640625,0.03515625,0.3984375,0.2437106986520289,0.2437106986520289
0,1722,440832.0,441088.0,256.0,1.0,1,0.3984375,0.56640625,0.03515625,0.3984375,0.2437106986520289,0.2437106986520289
0,1723,441088.0,441344.0,256.0,1.0,1,0.40234375,0.5625,0.03515625,0.40234375,0.2437106986520289,0.2437106986520289
0,1724,441344.0,441600.0,256.0,1.0,1,0.41796875,0.5546875,0.02734375,0.41796875,0.2437106986520289,0.2437106986520289
0,1725,441600.0,441856.0,256.0,1.0,1,0.40234375,0.5625,0.03515625,0.40234375,0.2437106986520289,0.2437106986520289
0,1726,441856.0,442112.0,256.0,1.0,1,0.3984375,0.56640625,0.03515625,0.3984375,0.2437106986520289,0.2437106986520289
0,1727,442112.0,442368.0,256.0,1.0,1,0.3984375,0.56640625,0.03515625,0.3984375,0.2437106986520289,0.2437106986520289
0,1728,442368.0,442624.0,256.0,1.0,1,0.41796875,0.55078125,0.03125,0.41796875,0.2437106986520289,0.2437106986520289
0,1729,442624.0,442880.0,256.0,1.0,1,0.3984375,0.56640625,0.03515625,0.3984375,0.2437106986520289,0.2437106986520289
0,1730,442880.0,443136.0,256.0,1.0,1,0.3984375,0.56640625,0.03515625,0.3984375,0.2437106986520289,0.2437106986520289
0,1731,443136.0,443392.0,256.0,1.0,1,0.40234375,0.5625,0.03515625,0.40234375,0.2437106986520289,0.2437106986520289
0,1732,443392.0,443648.0,256.0,1.0,1,0.3984375,0.56640625,0.03515625,0.3984375,0.2437106986520289,0.2437106986520289
0,1733,443648.0,443904.0,256.0,1.0,1,0.4140625,0.55859375,0.02734375,0.4140625,0.2437106986520289,0.2437106986520289
0,1734,443904.0,444160.0,256.0,1.0,1,0.40234375,0.5625,0.03515625,0.40234375,0.2437106986520289,0.2437106986520289
0,1735,444160.0,444416.0,256.0,1.0,1,0.3984375,0.56640625,0.03515625,0.3984375,0.2437106986520289,0.2437106986520289
0,1736,444416.0,444672.0,256.0,1.0,1,0.390625,0.5703125,0.0390625,0.390625,0.2437106986520289,0.2437106986520289
0,1737,444672.0,444928.0,256.0,1.0,1,0.375,0.58984375,0.03515625,0.375,0.2437106986520289,0.2437106986520289
0,1738,444928.0,445184.0,256.0,1.0,1,0.37109375,0.58203125,0.046875,0.37109375,0.2437106986520289,0.2437106986520289
0,1739,445184.0,445440.0,256.0,1.0,1,0.40234375,0.5625,0.03515625,0.40234375,0.2437106986520289,0.2437106986520289
0,1740,445440.0,445696.0,256.0,1.0,1,0.4140625,0.55859375,0.02734375,0.4140625,0.2437106986520289,0.2437106986520289
0,1741,445696.0,445952.0,256.0,1.0,1,0.40234375,0.5625,0.03515625,0.40234375,0.2437106986520289,0.2437106986520289
0,1742,445952.0,446208.0,256.0,1.0,1,0.3984375,0.5625,0.0390625,0.3984375,0.2437106986520289,0.2437106986520289
0,1743,446208.0,446464.0,256.0,1.0,1,0.3984375,0.56640625,0.03515625,0.3984375,0.2437106986520289,0.2437106986520289
0,1744,446464.0,446720.0,256.0,1.0,1,0.40234375,0.5625,0.03515625,0.40234375,0.2437106986520289,0.2437106986520289
0,1745,446720.0,446976.0,256.0,1.0,1,0.4140625,0.55859375,0.02734375,0.4140625,0.2437106986520289,0.2437106986520289
0,1746,446976.0,447232.0,256.0,1.0,1,0.3984375,0.56640625,0.03515625,0.3984375,0.2437106986520289,0.2437106986520289
0,1747,447232.0,447488.0,256.0,1.0,1,0.40234375,0.5625,0.03515625,0.40234375,0.2437106986520289,0.2437106986520289
0,1748,447488.0,447744.0,256.0,1.0,1,0.3984375,0.56640625,0.03515625,0.3984375,0.2437106986520289,0.2437106986520289
0,1749,447744.0,448000.0,256.0,1.0,1,0.4140625,0.55859375,0.02734375,0.4140625,0.2437106986520289,0.2437106986520289
0,1750,448000.0,448256.0,256.0,1.0,1,0.40234375,0.5625,0.03515625,0.40234375,0.2437106986520289,0.2437106986520289
0,1751,448256.0,448512.0,256.0,1.0,1,0.3984375,0.56640625,0.03515625,0.3984375,0.2437106986520289,0.2437106986520289
0,1752,448512.0,448768.0,256.0,1.0,1,0.40234375,0.5625,0.03515625,0.40234375,0.2437106986520289,0.2437106986520289
0,1753,448768.0,449024.0,256.0,1.0,1,0.3984375,0.56640625,0.03515625,0.3984375,0.2437106986520289,0.2437106986520289
0,1754,449024.0,449280.0,256.0,1.0,1,0.421875,0.55078125,0.02734375,0.421875,0.2437106986520289,0.2437106986520289
0,1755,449280.0,449536.0,256.0,1.0,1,0.3984375,0.56640625,0.03515625,0.3984375,0.2437106986520289,0.2437106986520289
0,1756,449536.0,449792.0,256.0,1.0,1,0.3984375,0.56640625,0.03515625,0.3984375,0.2437106986520289,0.2437106986520289
0,1757,449792.0,450048.0,256.0,1.0,1,0.40234375,0.5625,0.03515625,0.40234375,0.2437106986520289,0.2437106986520289
0,1758,450048.0,450304.0,256.0,1.0,1,0.39453125,0.56640625,0.0390625,0.39453125,0.2437106986520289,0.2437106986520289
0,1759,450304.0,450560.0,256.0,1.0,1,0.37890625,0.5859375,0.03515625,0.37890625,0.2437106986520289,0.2437106986520289
0,1760,450560.0,450816.0,256.0,1.0,1,0.359375,0.58984375,0.05078125,0.359375,0.2437106986520289,0.2437106986520289
0,1761,450816.0,451072.0,256.0,1.0,1,0.4140625,0.55859375,0.02734375,0.4140625,0.2437106986520289,0.2437106986520289
0,1762,451072.0,451328.0,256.0,1.0,1,0.3984375,0.56640625,0.03515625,0.3984375,0.2437106986520289,0.2437106986520289
0,1763,451328.0,451584.0,256.0,1.0,1,0.40234375,0.5625,0.03515625,0.40234375,0.2437106986520289,0.2437106986520289
0,1764,451584.0,451840.0,256.0,1.0,1,0.3984375,0.56640625,0.03515625,0.3984375,0.2437106986520289,0.2437106986520289
0,1765,451840.0,452096.0,256.0,1.0,1,0.3984375,0.56640625,0.03515625,0.3984375,0.2437106986520289,0.2437106986520289
0,1766,452096.0,452352.0,256.0,1.0,1,0.41796875,0.5546875,0.02734375,0.41796875,0.2437106986520289,0.2437106986520289
0,1767,452352.0,452608.0,256.0,1.0,1,0.40234375,0.5625,0.03515625,0.40234375,0.2437106986520289,0.2437106986520289
0,1768,452608.0,452864.0,256.0,1.0,1,0.40234375,0.5625,0.03515625,0.40234375,0.2437106986520289,0.2437106986520289
0,1769,452864.0,453120.0,256.0,1.0,1,0.3984375,0.56640625,0.03515625,0.3984375,0.2437106986520289,0.2437106986520289
0,1770,453120.0,453376.0,256.0,1.0,1,0.40234375,0.56640625,0.03125,0.40234375,0.2437106986520289,0.2437106986520289
0,1771,453376.0,453632.0,256.0,1.0,1,0.4140625,0.5546875,0.03125,0.4140625,0.2437106986520289,0.2437106986520289
0,1772,453632.0,453888.0,256.0,1.0,1,0.3984375,0.56640625,0.03515625,0.3984375,0.2437106986520289,0.2437106986520289
0,1773,453888.0,454144.0,256.0,1.0,1,0.40234375,0.5625,0.03515625,0.40234375,0.2437106986520289,0.2437106986520289
0,1774,454144.0,454400.0,256.0,1.0,1,0.40234375,0.5625,0.03515625,0.40234375,0.2437106986520289,0.2437106986520289
0,1775,454400.0,454656.0,256.0,1.0,1,0.41796875,0.5546875,0.02734375,0.41796875,0.2437106986520289,0.2437106986520289
0,1776,454656.0,454912.0,256.0,1.0,1,0.3984375,0.56640625,0.03515625,0.3984375,0.2437106986520289,0.2437106986520289
0,1777,454912.0,455168.0,256.0,1.0,1,0.3984375,0.56640625,0.03515625,0.3984375,0.2437106986520289,0.2437106986520289
0,1778,455168.0,455424.0,256.0,1.0,1,0.40234375,0.5625,0.03515625,0.40234375,0.2437106986520289,0.2437106986520289
0,1779,455424.0,455680.0,256.0,1.0,1,0.3984375,0.5625,0.0390625,0.3984375,0.2437106986520289,0.2437106986520289
0,1780,455680.0,455936.0,256.0,1.0,1,0.4140625,0.55859375,0.02734375,0.4140625,0.2437106986520289,0.2437106986520289
0,1781,455936.0,456192.0,256.0,1.0,1,0.36328125,0.59375,0.04296875,0.36328125,0.2437106986520289,0.2437106986520289
0,1782,456192.0,456448.0,256.0,1.0,1,0.359375,0.59375,0.046875,0.359375,0.2437106986520289,0.2437106986520289
0,1783,456448.0,456704.0,256.0,1.0,1,0.4140625,0.5546875,0.03125,0.4140625,0.2437106986520289,0.2437106986520289
0,1784,456704.0,456960.0,256.0,1.0,1,0.3984375,0.56640625,0.03515625,0.3984375,0.2437106986520289,0.2437106986520289
0,1785,456960.0,457216.0,256.0,1.0,1,0.3984375,0.56640625,0.03515625,0.3984375,0.2437106986520289,0.2437106986520289
0,1786,457216.0,457472.0,256.0,1.0,1,0.40234375,0.5625,0.03515625,0.40234375,0.2437106986520289,0.2437106986520289
0,1787,457472.0,457728.0,256.0,1.0,1,0.41796875,0.5546875,0.02734375,0.41796875,0.2437106986520289,0.2437106986520289
0,1788,457728.0,457984.0,256.0,1.0,1,0.3984375,0.56640625,0.03515625,0.3984375,0.2437106986520289,0.2437106986520289
0,1789,457984.0,458240.0,256.0,1.0,1,0.40234375,0.5625,0.03515625,0.40234375,0.2437106986520289,0.2437106986520289
0,1790,458240.0,458496.0,256.0,1.0,1,0.3984375,0.56640625,0.03515625,0.3984375,0.2437106986520289,0.2437106986520289
0,1791,458496.0,458752.0,256.0,1.0,1,0.40234375,0.5625,0.03515625,0.40234375,0.2437106986520289,0.2437106986520289
0,1792,458752.0,459008.0,256.0,1.0,1,0.4140625,0.5546875,0.03125,0.4140625,0.2437106986520289,0.2437106986520289
0,1793,459008.0,459264.0,256.0,1.0,1,0.3984375,0.56640625,0.03515625,0.3984375,0.2437106986520289,0.2437106986520289
0,1794,459264.0,459520.0,256.0,1.0,1,0.40234375,0.5625,0.03515625,0.40234375,0.2437106986520289,0.2437106986520289
0,1795,459520.0,459776.0,256.0,1.0,1,0.3984375,0.56640625,0.03515625,0.3984375,0.2437106986520289,0.2437106986520289
0,1796,459776.0,460032.0,256.0,1.0,1,0.41796875,0.5546875,0.02734375,0.41796875,0.2437106986520289,0.2437106986520289
0,1797,460032.0,460288.0,256.0,1.0,1,0.3984375,0.56640625,0.03515625,0.3984375,0.2437106986520289,0.2437106986520289
0,1798,460288.0,460544.0,256.0,1.0,1,0.3984375,0.56640625,0.03515625,0.3984375,0.2437106986520289,0.2437106986520289
0,1799,460544.0,460800.0,256.0,1.0,1,0.3984375,0.56640625,0.03515625,0.3984375,0.2437106986520289,0.2437106986520289
0,1800,460800.0,461056.0,256.0,1.0,1,0.40234375,0.5625,0.03515625,0.40234375,0.2437106986520289,0.2437106986520289
0,1801,461056.0,461312.0,256.0,1.0,1,0.4140625,0.55859375,0.02734375,0.4140625,0.2437106986520289,0.2437106986520289
0,1802,461312.0,461568.0,256.0,1.0,1,0.40234375,0.5625,0.03515625,0.40234375,0.2437106986520289,0.2437106986520289
0,1803,461568.0,461824.0,256.0,1.0,1,0.37109375,0.5859375,0.04296875,0.37109375,0.2437106986520289,0.2437106986520289
0,1804,461824.0,462080.0,256.0,1.0,1,0.37890625,0.5859375,0.03515625,0.37890625,0.2437106986520289,0.2437106986520289
0,1805,462080.0,462336.0,256.0,1.0,1,0.38671875,0.5703125,0.04296875,0.38671875,0.2437106986520289,0.2437106986520289
0,1806,462336.0,462592.0,256.0,1.0,1,0.3984375,0.56640625,0.03515625,0.3984375,0.2437106986520289,0.2437106986520289
0,1807,462592.0,462848.0,256.0,1.0,1,0.40234375,0.5625,0.03515625,0.40234375,0.2437106986520289,0.2437106986520289
0,1808,462848.0,463104.0,256.0,1.0,1,0.4140625,0.5546875,0.03125,0.4140625,0.2437106986520289,0.2437106986520289
0,1809,463104.0,463360.0,256.0,1.0,1,0.3984375,0.56640625,0.03515625,0.3984375,0.2437106986520289,0.2437106986520289
0,1810,463360.0,463616.0,256.0,1.0,1,0.40234375,0.5625,0.03515625,0.40234375,0.2437106986520289,0.2437106986520289
0,1811,463616.0,463872.0,256.0,1.0,1,0.3984375,0.56640625,0.03515625,0.3984375,0.2437106986520289,0.2437106986520289
0,1812,463872.0,464128.0,256.0,1.0,1,0.3984375,0.56640625,0.03515625,0.3984375,0.2437106986520289,0.2437106986520289
0,1813,464128.0,464384.0,256.0,1.0,1,0.41796875,0.5546875,0.02734375,0.41796875,0.2437106986520289,0.2437106986520289
0,1814,464384.0,464640.0,256.0,1.0,1,0.3984375,0.56640625,0.03515625,0.3984375,0.2437106986520289,0.2437106986520289
0,1815,464640.0,464896.0,256.0,1.0,1,0.3984375,0.56640625,0.03515625,0.3984375,0.2437106986520289,0.2437106986520289
0,1816,464896.0,465152.0,256.0,1.0,1,0.40234375,0.5625,0.03515625,0.40234375,0.2437106986520289,0.2437106986520289
0,1817,465152.0,465408.0,256.0,1.0,1,0.41015625,0.5625,0.02734375,0.41015625,0.2437106986520289,0.2437106986520289
0,1818,465408.0,465664.0,256.0,1.0,1,0.41015625,0.5546875,0.03515625,0.41015625,0.2437106986520289,0.2437106986520289
0,1819,465664.0,465920.0,256.0,1.0,1,0.3984375,0.56640625,0.03515625,0.3984375,0.2437106986520289,0.2437106986520289
0,1820,465920.0,466176.0,256.0,1.0,1,0.40234375,0.5625,0.03515625,0.40234375,0.2437106986520289,0.2437106986520289
0,1821,466176.0,466432.0,256.0,1.0,1,0.3984375,0.56640625,0.03515625,0.3984375,0.2437106986520289,0.2437106986520289
0,1822,466432.0,466688.0,256.0,1.0,1,0.4140625,0.55859375,0.02734375,0.4140625,0.2437106986520289,0.2437106986520289
0,1823,466688.0,466944.0,256.0,1.0,1,0.40234375,0.5625,0.03515625,0.40234375,0.2437106986520289,0.2437106986520289
0,1824,466944.0,467200.0,256.0,1.0,1,0.40234375,0.5625,0.03515625,0.40234375,0.2437106986520289,0.2437106986520289
0,1825,467200.0,467456.0,256.0,1.0,1,0.3828125,0.578125,0.0390625,0.3828125,0.2437106986520289,0.2437106986520289
0,1826,467456.0,467712.0,256.0,1.0,1,0.37109375,0.58984375,0.0390625,0.37109375,0.2437106986520289,0.2437106986520289
0,1827,467712.0,467968.0,256.0,1.0,1,0.375,0.578125,0.046875,0.375,0.2437106986520289,0.2437106986520289
0,1828,467968.0,468224.0,256.0,1.0,1,0.3984375,0.56640625,0.03515625,0.3984375,0.2437106986520289,0.2437106986520289
0,1829,468224.0,468480.0,256.0,1.0,1,0.41796875,0.5546875,0.02734375,0.41796875,0.2437106986520289,0.2437106986520289
0,1830,468480.0,468736.0,256.0,1.0,1,0.3984375,0.56640625,0.03515625,0.3984375,0.2437106986520289,0.2437106986520289
0,1831,468736.0,468992.0,256.0,1.0,1,0.40234375,0.5625,0.03515625,0.40234375,0.2437106986520289,0.2437106986520289
0,1832,468992.0,469248.0,256.0,1.0,1,0.3984375,0.56640625,0.03515625,0.3984375,0.2437106986520289,0.2437106986520289
0,1833,469248.0,469504.0,256.0,1.0,1,0.40234375,0.5625,0.03515625,0.40234375,0.2437106986520289,0.2437106986520289
0,1834,469504.0,469760.0,256.0,1.0,1,0.41796875,0.5546875,0.02734375,0.41796875,0.2437106986520289,0.2437106986520289
0,1835,469760.0,470016.0,256.0,1.0,1,0.3984375,0.56640625,0.03515625,0.3984375,0.2437106986520289,0.2437106986520289
0,1836,470016.0,470272.0,256.0,1.0,1,0.40234375,0.5625,0.03515625,0.40234375,0.2437106986520289,0.2437106986520289
0,1837,470272.0,470528.0,256.0,1.0,1,0.3984375,0.56640625,0.03515625,0.3984375,0.2437106986520289,0.2437106986520289
0,1838,470528.0,470784.0,256.0,1.0,1,0.3984375,0.56640625,0.03515625,0.3984375,0.2437106986520289,0.2437106986520289
0,1839,470784.0,471040.0,256.0,1.0,1,0.421875,0.55078125,0.02734375,0.421875,0.2437106986520289,0.2437106986520289
0,1840,471040.0,471296.0,256.0,1.0,1,0.3984375,0.56640625,0.03515625,0.3984375,0.2437106986520289,0.2437106986520289
0,1841,471296.0,471552.0,256.0,1.0,1,0.40234375,0.5625,0.03515625,0.40234375,0.2437106986520289,0.2437106986520289
0,1842,471552.0,471808.0,256.0,1.0,1,0.3984375,0.56640625,0.03515625,0.3984375,0.2437106986520289,0.2437106986520289
0,1843,471808.0,472064.0,256.0,1.0,1,0.4140625,0.5546875,0.03125,0.4140625,0.2437106986520289,0.2437106986520289
0,1844,472064.0,472320.0,256.0,1.0,1,0.40234375,0.5625,0.03515625,0.40234375,0.2437106986520289,0.2437106986520289
0,1845,472320.0,472576.0,256.0,1.0,1,0.3984375,0.56640625,0.03515625,0.3984375,0.2437106986520289,0.2437106986520289
0,1846,472576.0,472832.0,256.0,1.0,1,0.3984375,0.56640625,0.03515625,0.3984375,0.2437106986520289,0.2437106986520289
0,1847,472832.0,473088.0,256.0,1.0,1,0.40234375,0.5625,0.03515625,0.40234375,0.2437106986520289,0.2437106986520289
0,1848,473088.0,473344.0,256.0,1.0,1,0.36328125,0.59765625,0.0390625,0.36328125,0.2437106986520289,0.2437106986520289
0,1849,473344.0,473600.0,256.0,1.0,1,0.37109375,0.58203125,0.046875,0.37109375,0.2437106986520289,0.2437106986520289
0,1850,473600.0,473856.0,256.0,1.0,1,0.40234375,0.56640625,0.03125,0.40234375,0.2437106986520289,0.2437106986520289
0,1851,473856.0,474112.0,256.0,1.0,1,0.41015625,0.55859375,0.03125,0.41015625,0.2437106986520289,0.2437106986520289
0,1852,474112.0,474368.0,256.0,1.0,1,0.40234375,0.5625,0.03515625,0.40234375,0.2437106986520289,0.2437106986520289
0,1853,474368.0,474624.0,256.0,1.0,1,0.40234375,0.5625,0.03515625,0.40234375,0.2437106986520289,0.2437106986520289
0,1854,474624.0,474880.0,256.0,1.0,1,0.3984375,0.56640625,0.03515625,0.3984375,0.2437106986520289,0.2437106986520289
0,1855,474880.0,475136.0,256.0,1.0,1,0.41796875,0.5546875,0.02734375,0.41796875,0.2437106986520289,0.2437106986520289
0,1856,475136.0,475392.0,256.0,1.0,1,0.3984375,0.56640625,0.03515625,0.3984375,0.2437106986520289,0.2437106986520289
0,1857,475392.0,475648.0,256.0,1.0,1,0.40234375,0.5625,0.03515625,0.40234375,0.2437106986520289,0.2437106986520289
0,1858,475648.0,475904.0,256.0,1.0,1,0.3984375,0.5625,0.0390625,0.3984375,0.2437106986520289,0.2437106986520289
0,1859,475904.0,476160.0,256.0,1.0,1,0.3984375,0.56640625,0.03515625,0.3984375,0.2437106986520289,0.2437106986520289
0,1860,476160.0,476416.0,256.0,1.0,1,0.41796875,0.5546875,0.02734375,0.41796875,0.2437106986520289,0.2437106986520289
0,1861,476416.0,476672.0,256.0,1.0,1,0.3984375,0.56640625,0.03515625,0.3984375,0.2437106986520289,0.2437106986520289
0,1862,476672.0,476928.0,256.0,1.0,1,0.3984375,0.56640625,0.03515625,0.3984375,0.2437106986520289,0.2437106986520289
0,1863,476928.0,477184.0,256.0,1.0,1,0.40234375,0.5625,0.03515625,0.40234375,0.2437106986520289,0.2437106986520289
0,1864,477184.0,477440.0,256.0,1.0,1,0.4140625,0.55859375,0.02734375,0.4140625,0.2437106986520289,0.2437106986520289
0,1865,477440.0,477696.0,256.0,1.0,1,0.3984375,0.56640625,0.03515625,0.3984375,0.2437106986520289,0.2437106986520289
0,1866,477696.0,477952.0,256.0,1.0,1,0.40234375,0.5625,0.03515625,0.40234375,0.2437106986520289,0.2437106986520289
0,1867,477952.0,478208.0,256.0,1.0,1,0.3984375,0.56640625,0.03515625,0.3984375,0.2437106986520289,0.2437106986520289
0,1868,478208.0,478464.0,256.0,1.0,1,0.40234375,0.5625,0.03515625,0.40234375,0.2437106986520289,0.2437106986520289
0,1869,478464.0,478720.0,256.0,1.0,1,0.41796875,0.5546875,0.02734375,0.41796875,0.2437106986520289,0.2437106986520289
0,1870,478720.0,478976.0,256.0,1.0,1,0.359375,0.59765625,0.04296875,0.359375,0.2437106986520289,0.2437106986520289
0,1871,478976.0,479232.0,256.0,1.0,1,0.359375,0.58984375,0.05078125,0.359375,0.2437106986520289,0.2437106986520289
0,1872,479232.0,479488.0,256.0,1.0,1,0.4140625,0.5546875,0.03125,0.4140625,0.2437106986520289,0.2437106986520289
0,1873,479488.0,479744.0,256.0,1.0,1,0.40234375,0.5625,0.03515625,0.40234375,0.2437106986520289,0.2437106986520289
0,1874,479744.0,480000.0,256.0,1.0,1,0.3984375,0.56640625,0.03515625,0.3984375,0.2437106986520289,0.2437106986520289
0,1875,480000.0,480256.0,256.0,1.0,1,0.3984375,0.56640625,0.03515625,0.3984375,0.2437106986520289,0.2437106986520289
0,1876,480256.0,480512.0,256.0,1.0,1,0.41796875,0.5546875,0.02734375,0.41796875,0.2437106986520289,0.2437106986520289
0,1877,480512.0,480768.0,256.0,1.0,1,0.3984375,0.56640625,0.03515625,0.3984375,0.2437106986520289,0.2437106986520289
0,1878,480768.0,481024.0,256.0,1.0,1,0.3984375,0.56640625,0.03515625,0.3984375,0.2437106986520289,0.2437106986520289
0,1879,481024.0,481280.0,256.0,1.0,1,0.40234375,0.5625,0.03515625,0.40234375,0.2437106986520289,0.2437106986520289
0,1880,481280.0,481536.0,256.0,1.0,1,0.3984375,0.56640625,0.03515625,0.3984375,0.2437106986520289,0.2437106986520289
0,1881,481536.0,481792.0,256.0,1.0,1,0.41796875,0.5546875,0.02734375,0.41796875,0.2437106986520289,0.2437106986520289
0,1882,481792.0,482048.0,256.0,1.0,1,0.3984375,0.56640625,0.03515625,0.3984375,0.2437106986520289,0.2437106986520289
0,1883,482048.0,482304.0,256.0,1.0,1,0.40234375,0.5625,0.03515625,0.40234375,0.2437106986520289,0.2437106986520289
0,1884,482304.0,482560.0,256.0,1.0,1,0.40234375,0.5625,0.03515625,0.40234375,0.2437106986520289,0.2437106986520289
0,1885,482560.0,482816.0,256.0,1.0,1,0.40234375,0.56640625,0.03125,0.40234375,0.2437106986520289,0.2437106986520289
0,1886,482816.0,483072.0,256.0,1.0,1,0.4140625,0.5546875,0.03125,0.4140625,0.2437106986520289,0.2437106986520289
0,1887,483072.0,483328.0,256.0,1.0,1,0.3984375,0.56640625,0.03515625,0.3984375,0.2437106986520289,0.2437106986520289
0,1888,483328.0,483584.0,256.0,1.0,1,0.3984375,0.56640625,0.03515625,0.3984375,0.2437106986520289,0.2437106986520289
0,1889,483584.0,483840.0,256.0,1.0,1,0.40234375,0.5625,0.03515625,0.40234375,0.2437106986520289,0.2437106986520289
0,1890,483840.0,484096.0,256.0,1.0,1,0.41796875,0.5546875,0.02734375,0.41796875,0.2437106986520289,0.2437106986520289
0,1891,484096.0,484352.0,256.0,1.0,1,0.40234375,0.5625,0.03515625,0.40234375,0.2437106986520289,0.2437106986520289
0,1892,484352.0,484608.0,256.0,1.0,1,0.37109375,0.5859375,0.04296875,0.37109375,0.2437106986520289,0.2437106986520289
0,1893,484608.0,484864.0,256.0,1.0,1,0.36328125,0.59765625,0.0390625,0.36328125,0.2437106986520289,0.2437106986520289
0,1894,484864.0,485120.0,256.0,1.0,1,0.390625,0.56640625,0.04296875,0.390625,0.2437106986520289,0.2437106986520289
0,1895,485120.0,485376.0,256.0,1.0,1,0.40234375,0.5625,0.03515625,0.40234375,0.2437106986520289,0.2437106986520289
0,1896,485376.0,485632.0,256.0,1.0,1,0.3984375,0.56640625,0.03515625,0.3984375,0.2437106986520289,0.2437106986520289
0,1897,485632.0,485888.0,256.0,1.0,1,0.41015625,0.55859375,0.03125,0.41015625,0.2437106986520289,0.2437106986520289
0,1898,485888.0,486144.0,256.0,1.0,1,0.41015625,0.55859375,0.03125,0.41015625,0.2437106986520289,0.2437106986520289
0,1899,486144.0,486400.0,256.0,1.0,1,0.40234375,0.5625,0.03515625,0.40234375,0.2437106986520289,0.2437106986520289
0,1900,486400.0,486656.0,256.0,1.0,1,0.3984375,0.56640625,0.03515625,0.3984375,0.2437106986520289,0.2437106986520289
0,1901,486656.0,486912.0,256.0,1.0,1,0.3984375,0.56640625,0.03515625,0.3984375,0.2437106986520289,0.2437106986520289
0,1902,486912.0,487168.0,256.0,1.0,1,0.41796875,0.5546875,0.02734375,0.41796875,0.2437106986520289,0.2437106986520289
0,1903,487168.0,487424.0,256.0,1.0,1,0.40234375,0.5625,0.03515625,0.40234375,0.2437106986520289,0.2437106986520289
0,1904,487424.0,487680.0,256.0,1.0,1,0.3984375,0.56640625,0.03515625,0.3984375,0.2437106986520289,0.2437106986520289
0,1905,487680.0,487936.0,256.0,1.0,1,0.40234375,0.5625,0.03515625,0.40234375,0.2437106986520289,0.2437106986520289
0,1906,487936.0,488192.0,256.0,1.0,1,0.3984375,0.56640625,0.03515625,0.3984375,0.2437106986520289,0.2437106986520289
0,1907,488192.0,488448.0,256.0,1.0,1,0.41796875,0.5546875,0.02734375,0.41796875,0.2437106986520289,0.2437106986520289
0,1908,488448.0,488704.0,256.0,1.0,1,0.3984375,0.5625,0.0390625,0.3984375,0.2437106986520289,0.2437106986520289
0,1909,488704.0,488960.0,256.0,1.0,1,0.3984375,0.56640625,0.03515625,0.3984375,0.2437106986520289,0.2437106986520289
0,1910,488960.0,489216.0,256.0,1.0,1,0.40234375,0.5625,0.03515625,0.40234375,0.2437106986520289,0.2437106986520289
0,1911,489216.0,489472.0,256.0,1.0,1,0.4140625,0.55859375,0.02734375,0.4140625,0.2437106986520289,0.2437106986520289
0,1912,489472.0,489728.0,256.0,1.0,1,0.3984375,0.56640625,0.03515625,0.3984375,0.2437106986520289,0.2437106986520289
0,1913,489728.0,489984.0,256.0,1.0,1,0.40234375,0.5625,0.03515625,0.40234375,0.2437106986520289,0.2437106986520289
0,1914,489984.0,490240.0,256.0,1.0,1,0.38671875,0.57421875,0.0390625,0.38671875,0.2437106986520289,0.2437106986520289
0,1915,490240.0,490496.0,256.0,1.0,1,0.36328125,0.59765625,0.0390625,0.36328125,0.2437106986520289,0.2437106986520289
0,1916,490496.0,490752.0,256.0,1.0,1,0.3828125,0.57421875,0.04296875,0.3828125,0.2437106986520289,0.2437106986520289
0,1917,490752.0,491008.0,256.0,1.0,1,0.3984375,0.56640625,0.03515625,0.3984375,0.2437106986520289,0.2437106986520289
0,1918,491008.0,491264.0,256.0,1.0,1,0.40234375,0.5625,0.03515625,0.40234375,0.2437106986520289,0.2437106986520289
0,1919,491264.0,491520.0,256.0,1.0,1,0.41796875,0.5546875,0.02734375,0.41796875,0.2437106986520289,0.2437106986520289
0,1920,491520.0,491776.0,256.0,1.0,1,0.40234375,0.5625,0.03515625,0.40234375,0.2437106986520289,0.2437106986520289
0,1921,491776.0,492032.0,256.0,1.0,1,0.3984375,0.56640625,0.03515625,0.3984375,0.2437106986520289,0.2437106986520289
0,1922,492032.0,492288.0,256.0,1.0,1,0.3984375,0.56640625,0.03515625,0.3984375,0.2437106986520289,0.2437106986520289
0,1923,492288.0,492544.0,256.0,1.0,1,0.41796875,0.55078125,0.03125,0.41796875,0.2437106986520289,0.2437106986520289
0,1924,492544.0,492800.0,256.0,1.0,1,0.3984375,0.56640625,0.03515625,0.3984375,0.2437106986520289,0.2437106986520289
0,1925,492800.0,493056.0,256.0,1.0,1,0.3984375,0.56640625,0.03515625,0.3984375,0.2437106986520289,0.2437106986520289
0,1926,493056.0,493312.0,256.0,1.0,1,0.40234375,0.5625,0.03515625,0.40234375,0.2437106986520289,0.2437106986520289
0,1927,493312.0,493568.0,256.0,1.0,1,0.3984375,0.56640625,0.03515625,0.3984375,0.2437106986520289,0.2437106986520289
0,1928,493568.0,493824.0,256.0,1.0,1,0.4140625,0.55859375,0.02734375,0.4140625,0.2437106986520289,0.2437106986520289
0,1929,493824.0,494080.0,256.0,1.0,1,0.40234375,0.5625,0.03515625,0.40234375,0.2437106986520289,0.2437106986520289
0,1930,494080.0,494336.0,256.0,1.0,1,0.3984375,0.56640625,0.03515625,0.3984375,0.2437106986520289,0.2437106986520289
0,1931,494336.0,494592.0,256.0,1.0,1,0.3984375,0.56640625,0.03515625,0.3984375,0.2437106986520289,0.2437106986520289
0,1932,494592.0,494848.0,256.0,1.0,1,0.4140625,0.55859375,0.02734375,0.4140625,0.2437106986520289,0.2437106986520289
0,1933,494848.0,495104.0,256.0,1.0,1,0.40625,0.55859375,0.03515625,0.40625,0.2437106986520289,0.2437106986520289
0,1934,495104.0,495360.0,256.0,1.0,1,0.40234375,0.5625,0.03515625,0.40234375,0.2437106986520289,0.2437106986520289
0,1935,495360.0,495616.0,256.0,1.0,1,0.3984375,0.56640625,0.03515625,0.3984375,0.2437106986520289,0.2437106986520289
0,1936,495616.0,495872.0,256.0,1.0,1,0.390625,0.5703125,0.0390625,0.390625,0.2437106986520289,0.2437106986520289
0,1937,495872.0,496128.0,256.0,1.0,1,0.375,0.58984375,0.03515625,0.375,0.2437106986520289,0.2437106986520289
0,1938,496128.0,496384.0,256.0,1.0,1,0.3671875,0.58203125,0.05078125,0.3671875,0.2437106986520289,0.2437106986520289
0,1939,496384.0,496640.0,256.0,1.0,1,0.40234375,0.5625,0.03515625,0.40234375,0.2437106986520289,0.2437106986520289
0,1940,496640.0,496896.0,256.0,1.0,1,0.4140625,0.55859375,0.02734375,0.4140625,0.2437106986520289,0.2437106986520289
0,1941,496896.0,497152.0,256.0,1.0,1,0.3984375,0.56640625,0.03515625,0.3984375,0.2437106986520289,0.2437106986520289
0,1942,497152.0,497408.0,256.0,1.0,1,0.40234375,0.5625,0.03515625,0.40234375,0.2437106986520289,0.2437106986520289
0,1943,497408.0,497664.0,256.0,1.0,1,0.3984375,0.56640625,0.03515625,0.3984375,0.2437106986520289,0.2437106986520289
0,1944,497664.0,497920.0,256.0,1.0,1,0.4140625,0.55859375,0.02734375,0.4140625,0.2437106986520289,0.2437106986520289
0,1945,497920.0,498176.0,256.0,1.0,1,0.40234375,0.5625,0.03515625,0.40234375,0.2437106986520289,0.2437106986520289
0,1946,498176.0,498432.0,256.0,1.0,1,0.3984375,0.56640625,0.03515625,0.3984375,0.2437106986520289,0.2437106986520289
0,1947,498432.0,498688.0,256.0,1.0,1,0.40234375,0.5625,0.03515625,0.40234375,0.2437106986520289,0.2437106986520289
0,1948,498688.0,498944.0,256.0,1.0,1,0.3984375,0.56640625,0.03515625,0.3984375,0.2437106986520289,0.2437106986520289
0,1949,498944.0,499200.0,256.0,1.0,1,0.421875,0.55078125,0.02734375,0.421875,0.2437106986520289,0.2437106986520289
0,1950,499200.0,499456.0,256.0,1.0,1,0.3984375,0.56640625,0.03515625,0.3984375,0.2437106986520289,0.2437106986520289
0,1951,499456.0,499712.0,256.0,1.0,1,0.3984375,0.56640625,0.03515625,0.3984375,0.2437106986520289,0.2437106986520289
0,1952,499712.0,499968.0,256.0,1.0,1,0.40234375,0.5625,0.03515625,0.40234375,0.2437106986520289,0.2437106986520289
0,1953,499968.0,500224.0,256.0,1.0,1,0.3984375,0.56640625,0.03515625,0.3984375,0.2437106986520289,0.2437106986520289
0,1954,500224.0,500480.0,256.0,1.0,1,0.41796875,0.5546875,0.02734375,0.41796875,0.2437106986520289,0.2437106986520289
0,1955,500480.0,500736.0,256.0,1.0,1,0.40234375,0.5625,0.03515625,0.40234375,0.2437106986520289,0.2437106986520289
0,1956,500736.0,500992.0,256.0,1.0,1,0.3984375,0.56640625,0.03515625,0.3984375,0.2437106986520289,0.2437106986520289
0,1957,500992.0,501248.0,256.0,1.0,1,0.40234375,0.5625,0.03515625,0.40234375,0.2437106986520289,0.2437106986520289
0,1958,501248.0,501504.0,256.0,1.0,1,0.4140625,0.5546875,0.03125,0.4140625,0.2437106986520289,0.2437106986520289
0,1959,501504.0,501760.0,256.0,1.0,1,0.359375,0.59765625,0.04296875,0.359375,0.2437106986520289,0.2437106986520289
0,1960,501760.0,502016.0,256.0,1.0,1,0.3515625,0.59765625,0.05078125,0.3515625,0.2437106986520289,0.2437106986520289
0,1961,502016.0,502272.0,256.0,1.0,1,0.41796875,0.5546875,0.02734375,0.41796875,0.2437106986520289,0.2437106986520289
0,1962,502272.0,502528.0,256.0,1.0,1,0.40234375,0.5625,0.03515625,0.40234375,0.2437106986520289,0.2437106986520289
0,1963,502528.0,502784.0,256.0,1.0,1,0.40234375,0.5625,0.03515625,0.40234375,0.2437106986520289,0.2437106986520289
0,1964,502784.0,503040.0,256.0,1.0,1,0.3984375,0.56640625,0.03515625,0.3984375,0.2437106986520289,0.2437106986520289
0,1965,503040.0,503296.0,256.0,1.0,1,0.40234375,0.56640625,0.03125,0.40234375,0.2437106986520289,0.2437106986520289
0,1966,503296.0,503552.0,256.0,1.0,1,0.4140625,0.5546875,0.03125,0.4140625,0.2437106986520289,0.2437106986520289
0,1967,503552.0,503808.0,256.0,1.0,1,0.3984375,0.56640625,0.03515625,0.3984375,0.2437106986520289,0.2437106986520289
0,1968,503808.0,504064.0,256.0,1.0,1,0.40234375,0.5625,0.03515625,0.40234375,0.2437106986520289,0.2437106986520289
0,1969,504064.0,504320.0,256.0,1.0,1,0.40234375,0.5625,0.03515625,0.40234375,0.2437106986520289,0.2437106986520289
0,1970,504320.0,504576.0,256.0,1.0,1,0.41796875,0.5546875,0.02734375,0.41796875,0.2437106986520289,0.2437106986520289
0,1971,504576.0,504832.0,256.0,1.0,1,0.3984375,0.56640625,0.03515625,0.3984375,0.2437106986520289,0.2437106986520289
0,1972,504832.0,505088.0,256.0,1.0,1,0.3984375,0.56640625,0.03515625,0.3984375,0.2437106986520289,0.2437106986520289
0,1973,505088.0,505344.0,256.0,1.0,1,0.40234375,0.5625,0.03515625,0.40234375,0.2437106986520289,0.2437106986520289
0,1974,505344.0,505600.0,256.0,1.0,1,0.3984375,0.5625,0.0390625,0.3984375,0.2437106986520289,0.2437106986520289
0,1975,505600.0,505856.0,256.0,1.0,1,0.4140625,0.55859375,0.02734375,0.4140625,0.2437106986520289,0.2437106986520289
0,1976,505856.0,506112.0,256.0,1.0,1,0.40234375,0.5625,0.03515625,0.40234375,0.2437106986520289,0.2437106986520289
0,1977,506112.0,506368.0,256.0,1.0,1,0.3984375,0.56640625,0.03515625,0.3984375,0.2437106986520289,0.2437106986520289
0,1978,506368.0,506624.0,256.0,1.0,1,0.3984375,0.56640625,0.03515625,0.3984375,0.2437106986520289,0.2437106986520289
0,1979,506624.0,506880.0,256.0,1.0,1,0.41796875,0.5546875,0.02734375,0.41796875,0.2437106986520289,0.2437106986520289
0,1980,506880.0,507136.0,256.0,1.0,1,0.3984375,0.56640625,0.03515625,0.3984375,0.2437106986520289,0.2437106986520289
0,1981,507136.0,507392.0,256.0,1.0,1,0.37109375,0.5859375,0.04296875,0.37109375,0.2437106986520289,0.2437106986520289
0,1982,507392.0,507648.0,256.0,1.0,1,0.375,0.58984375,0.03515625,0.375,0.2437106986520289,0.2437106986520289
0,1983,507648.0,507904.0,256.0,1.0,1,0.390625,0.56640625,0.04296875,0.390625,0.2437106986520289,0.2437106986520289
0,1984,507904.0,508160.0,256.0,1.0,1,0.40234375,0.5625,0.03515625,0.40234375,0.2437106986520289,0.2437106986520289
0,1985,508160.0,508416.0,256.0,1.0,1,0.3984375,0.56640625,0.03515625,0.3984375,0.2437106986520289,0.2437106986520289
0,1986,508416.0,508672.0,256.0,1.0,1,0.40234375,0.5625,0.03515625,0.40234375,0.2437106986520289,0.2437106986520289
0,1987,508672.0,508928.0,256.0,1.0,1,0.4140625,0.5546875,0.03125,0.4140625,0.2437106986520289,0.2437106986520289
0,1988,508928.0,509184.0,256.0,1.0,1,0.3984375,0.56640625,0.03515625,0.3984375,0.2437106986520289,0.2437106986520289
0,1989,509184.0,509440.0,256.0,1.0,1,0.40234375,0.5625,0.03515625,0.40234375,0.2437106986520289,0.2437106986520289
0,1990,509440.0,509696.0,256.0,1.0,1,0.3984375,0.56640625,0.03515625,0.3984375,0.2437106986520289,0.2437106986520289
0,1991,509696.0,509952.0,256.0,1.0,1,0.41796875,0.5546875,0.02734375,0.41796875,0.2437106986520289,0.2437106986520289
0,1992,509952.0,510208.0,256.0,1.0,1,0.3984375,0.56640625,0.03515625,0.3984375,0.2437106986520289,0.2437106986520289
0,1993,510208.0,510464.0,256.0,1.0,1,0.3984375,0.56640625,0.03515625,0.3984375,0.2437106986520289,0.2437106986520289
0,1994,510464.0,510720.0,256.0,1.0,1,0.3984375,0.56640625,0.03515625,0.3984375,0.2437106986520289,0.2437106986520289
0,1995,510720.0,510976.0,256.0,1.0,1,0.40234375,0.5625,0.03515625,0.40234375,0.2437106986520289,0.2437106986520289
0,1996,510976.0,511232.0,256.0,1.0,1,0.4140625,0.55859375,0.02734375,0.4140625,0.2437106986520289,0.2437106986520289
0,1997,511232.0,511488.0,256.0,1.0,1,0.40234375,0.5625,0.03515625,0.40234375,0.2437106986520289,0.2437106986520289
0,1998,511488.0,511744.0,256.0,1.0,1,0.3984375,0.56640625,0.03515625,0.3984375,0.2437106986520289,0.2437106986520289
0,1999,511744.0,512000.0,256.0,1.0,1,0.40234375,0.5625,0.03515625,0.40234375,0.2437106986520289,0.2437106986520289
0,2000,512000.0,512256.0,256.0,1.0,1,0.40625,0.5625,0.03125,0.40625,0.2437106986520289,0.2437106986520289
0,2001,512256.0,512512.0,256.0,1.0,1,0.41015625,0.55859375,0.03125,0.41015625,0.2437106986520289,0.2437106986520289
0,2002,512512.0,512768.0,256.0,1.0,1,0.40234375,0.5625,0.03515625,0.40234375,0.2437106986520289,0.2437106986520289
0,2003,512768.0,513024.0,256.0,1.0,1,0.375,0.58203125,0.04296875,0.375,0.2437106986520289,0.2437106986520289
0,2004,513024.0,513280.0,256.0,1.0,1,0.37890625,0.5859375,0.03515625,0.37890625,0.2437106986520289,0.2437106986520289
0,2005,513280.0,513536.0,256.0,1.0,1,0.37890625,0.57421875,0.046875,0.37890625,0.2437106986520289,0.2437106986520289
0,2006,513536.0,513792.0,256.0,1.0,1,0.3984375,0.56640625,0.03515625,0.3984375,0.2437106986520289,0.2437106986520289
0,2007,513792.0,514048.0,256.0,1.0,1,0.3984375,0.56640625,0.03515625,0.3984375,0.2437106986520289,0.2437106986520289
0,2008,514048.0,514304.0,256.0,1.0,1,0.41796875,0.5546875,0.02734375,0.41796875,0.2437106986520289,0.2437106986520289
0,2009,514304.0,514560.0,256.0,1.0,1,0.3984375,0.56640625,0.03515625,0.3984375,0.2437106986520289,0.2437106986520289
0,2010,514560.0,514816.0,256.0,1.0,1,0.3984375,0.56640625,0.03515625,0.3984375,0.2437106986520289,0.2437106986520289
0,2011,514816.0,515072.0,256.0,1.0,1,0.40234375,0.5625,0.03515625,0.40234375,0.2437106986520289,0.2437106986520289
0,2012,515072.0,515328.0,256.0,1.0,1,0.41015625,0.5625,0.02734375,0.41015625,0.2437106986520289,0.2437106986520289
0,2013,515328.0,515584.0,256.0,1.0,1,0.41015625,0.5546875,0.03515625,0.41015625,0.2437106986520289,0.2437106986520289
0,2014,515584.0,515840.0,256.0,1.0,1,0.3984375,0.56640625,0.03515625,0.3984375,0.2437106986520289,0.2437106986520289
0,2015,515840.0,516096.0,256.0,1.0,1,0.40234375,0.5625,0.03515625,0.40234375,0.2437106986520289,0.2437106986520289
0,2016,516096.0,516352.0,256.0,1.0,1,0.3984375,0.56640625,0.03515625,0.3984375,0.2437106986520289,0.2437106986520289
0,2017,516352.0,516608.0,256.0,1.0,1,0.4140625,0.55859375,0.02734375,0.4140625,0.2437106986520289,0.2437106986520289
0,2018,516608.0,516864.0,256.0,1.0,1,0.40234375,0.5625,0.03515625,0.40234375,0.2437106986520289,0.2437106986520289
0,2019,516864.0,517120.0,256.0,1.0,1,0.40234375,0.5625,0.03515625,0.40234375,0.2437106986520289,0.2437106986520289
0,2020,517120.0,517376.0,256.0,1.0,1,0.3984375,0.56640625,0.03515625,0.3984375,0.2437106986520289,0.2437106986520289
0,2021,517376.0,517632.0,256.0,1.0,1,0.40234375,0.5625,0.03515625,0.40234375,0.2437106986520289,0.2437106986520289
0,2022,517632.0,517888.0,256.0,1.0,1,0.4140625,0.55859375,0.02734375,0.4140625,0.2437106986520289,0.2437106986520289
0,2023,517888.0,518144.0,256.0,1.0,1,0.40234375,0.5625,0.03515625,0.40234375,0.2437106986520289,0.2437106986520289
0,2024,518144.0,518400.0,256.0,1.0,1,0.3984375,0.5625,0.0390625,0.3984375,0.2437106986520289,0.2437106986520289
0,2025,518400.0,518656.0,256.0,1.0,1,0.390625,0.57421875,0.03515625,0.390625,0.2437106986520289,0.2437106986520289
0,2026,518656.0,518912.0,256.0,1.0,1,0.3671875,0.59375,0.0390625,0.3671875,0.2437106986520289,0.2437106986520289
0,2027,518912.0,519168.0,256.0,1.0,1,0.3984375,0.54296875,0.05859375,0.3984375,0.2437106986520289,0.2437106986520289
0,2028,519168.0,519424.0,256.0,1.0,1,0.43359375,0.484375,0.08203125,0.43359375,0.2437106986520289,0.2437106986520289
0,2029,519424.0,519680.0,256.0,1.0,1,0.4453125,0.4765625,0.078125,0.4453125,0.2437106986520289,0.2437106986520289
0,2030,519680.0,519936.0,256.0,1.0,1,0.4453125,0.46875,0.0859375,0.4453125,0.2437106986520289,0.2437106986520289
0,2031,519936.0,520192.0,256.0,1.0,1,0.43359375,0.48828125,0.078125,0.43359375,0.2437106986520289,0.2437106986520289
0,2032,520192.0,520448.0,256.0,1.0,1,0.453125,0.4609375,0.0859375,0.453125,0.2437106986520289,0.2437106986520289
0,2033,520448.0,520704.0,256.0,1.0,1,0.43359375,0.48828125,0.078125,0.43359375,0.2437106986520289,0.2437106986520289
0,2034,520704.0,520960.0,256.0,1.0,1,0.4453125,0.46875,0.0859375,0.4453125,0.2437106986520289,0.2437106986520289
0,2035,520960.0,521216.0,256.0,1.0,1,0.4453125,0.48046875,0.07421875,0.4453125,0.2437106986520289,0.2437106986520289
0,2036,521216.0,521472.0,256.0,1.0,1,0.44140625,0.46484375,0.09375,0.44140625,0.2437106986520289,0.2437106986520289
0,2037,521472.0,521728.0,256.0,1.0,1,0.4453125,0.484375,0.0703125,0.4453125,0.2437106986520289,0.2437106986520289
0,2038,521728.0,521984.0,256.0,1.0,1,0.4453125,0.4609375,0.09375,0.4453125,0.2437106986520289,0.2437106986520289
0,2039,521984.0,522240.0,256.0,1.0,1,0.43359375,0.5,0.06640625,0.43359375,0.2437106986520289,0.2437106986520289
0,2040,522240.0,522496.0,256.0,1.0,1,0.453125,0.44921875,0.09765625,0.453125,0.2437106986520289,0.2437106986520289
0,2041,522496.0,522752.0,256.0,1.0,1,0.4296875,0.5,0.0703125,0.4296875,0.2437106986520289,0.2437106986520289
0,2042,522752.0,523008.0,256.0,1.0,1,0.45703125,0.453125,0.08984375,0.45703125,0.2437106986520289,0.2437106986520289
0,2043,523008.0,523264.0,256.0,1.0,1,0.43359375,0.4921875,0.07421875,0.43359375,0.2437106986520289,0.2437106986520289
0,2044,523264.0,523520.0,256.0,1.0,1,0.4453125,0.46484375,0.08984375,0.4453125,0.2437106986520289,0.2437106986520289
0,2045,523520.0,523776.0,256.0,1.0,1,0.4453125,0.48046875,0.07421875,0.4453125,0.2437106986520289,0.2437106986520289
0,2046,523776.0,524032.0,256.0,1.0,1,0.4375,0.47265625,0.08984375,0.4375,0.2437106986520289,0.2437106986520289
0,2047,524032.0,524288.0,256.0,1.0,1,0.44921875,0.4765625,0.07421875,0.44921875,0.2437106986520289,0.2437106986520289
0,2048,524288.0,524544.0,256.0,1.0,1,0.4375,0.4765625,0.0859375,0.4375,0.2437106986520289,0.2437106986520289
0,2049,524544.0,524800.0,256.0,1.0,1,0.44140625,0.4765625,0.08203125,0.44140625,0.2437106986520289,0.2437106986520289
0,2050,524800.0,525056.0,256.0,1.0,1,0.4453125,0.47265625,0.08203125,0.4453125,0.2437106986520289,0.2437106986520289
0,2051,525056.0,525312.0,256.0,1.0,1,0.4375,0.4765625,0.0859375,0.4375,0.2437106986520289,0.2437106986520289
0,2052,525312.0,525568.0,256.0,1.0,1,0.44921875,0.4765625,0.07421875,0.44921875,0.2437106986520289,0.2437106986520289
0,2053,525568.0,525824.0,256.0,1.0,1,0.4453125,0.46484375,0.08984375,0.4453125,0.2437106986520289,0.2437106986520289
0,2054,525824.0,526080.0,256.0,1.0,1,0.43359375,0.4921875,0.07421875,0.43359375,0.2437106986520289,0.2437106986520289
0,2055,526080.0,526336.0,256.0,1.0,1,0.453125,0.45703125,0.08984375,0.453125,0.2437106986520289,0.2437106986520289
0,2056,526336.0,526592.0,256.0,1.0,1,0.4296875,0.49609375,0.07421875,0.4296875,0.2437106986520289,0.2437106986520289
0,2057,526592.0,526848.0,256.0,1.0,1,0.44921875,0.4609375,0.08984375,0.44921875,0.2437106986520289,0.2437106986520289
0,2058,526848.0,527104.0,256.0,1.0,1,0.4375,0.4921875,0.0703125,0.4375,0.2437106986520289,0.2437106986520289
0,2059,527104.0,527360.0,256.0,1.0,1,0.44921875,0.453125,0.09765625,0.44921875,0.2437106986520289,0.2437106986520289
0,2060,527360.0,527616.0,256.0,1.0,1,0.44140625,0.4921875,0.06640625,0.44140625,0.2437106986520289,0.2437106986520289
0,2061,527616.0,527872.0,256.0,1.0,1,0.4453125,0.4609375,0.09375,0.4453125,0.2437106986520289,0.2437106986520289
0,2062,527872.0,528128.0,256.0,1.0,1,0.4375,0.4921875,0.0703125,0.4375,0.2437106986520289,0.2437106986520289
0,2063,528128.0,528384.0,256.0,1.0,1,0.44921875,0.45703125,0.09375,0.44921875,0.2437106986520289,0.2437106986520289
0,2064,528384.0,528640.0,256.0,1.0,1,0.4296875,0.49609375,0.07421875,0.4296875,0.2437106986520289,0.2437106986520289
0,2065,528640.0,528896.0,256.0,1.0,1,0.45703125,0.453125,0.08984375,0.45703125,0.2437106986520289,0.2437106986520289
0,2066,528896.0,529152.0,256.0,1.0,1,0.43359375,0.48828125,0.078125,0.43359375,0.2437106986520289,0.2437106986520289
0,2067,529152.0,529408.0,256.0,1.0,1,0.44140625,0.4765625,0.08203125,0.44140625,0.2437106986520289,0.2437106986520289
0,2068,529408.0,529664.0,256.0,1.0,1,0.44921875,0.46875,0.08203125,0.44921875,0.2437106986520289,0.2437106986520289
0,2069,529664.0,529920.0,256.0,1.0,1,0.4375,0.48046875,0.08203125,0.4375,0.2437106986520289,0.2437106986520289
0,2070,529920.0,530176.0,256.0,1.0,1,0.44921875,0.46875,0.08203125,0.44921875,0.2437106986520289,0.2437106986520289
0,2071,530176.0,530432.0,256.0,1.0,1,0.4375,0.484375,0.078125,0.4375,0.2437106986520289,0.2437106986520289
0,2072,530432.0,530688.0,256.0,1.0,1,0.44140625,0.47265625,0.0859375,0.44140625,0.2437106986520289,0.2437106986520289
0,2073,530688.0,530944.0,256.0,1.0,1,0.4453125,0.4765625,0.078125,0.4453125,0.2437106986520289,0.2437106986520289
0,2074,530944.0,531200.0,256.0,1.0,1,0.44140625,0.46875,0.08984375,0.44140625,0.2437106986520289,0.2437106986520289
0,2075,531200.0,531456.0,256.0,1.0,1,0.4453125,0.48046875,0.07421875,0.4453125,0.2437106986520289,0.2437106986520289
0,2076,531456.0,531712.0,256.0,1.0,1,0.4453125,0.46484375,0.08984375,0.4453125,0.2437106986520289,0.2437106986520289
0,2077,531712.0,531968.0,256.0,1.0,1,0.4296875,0.5,0.0703125,0.4296875,0.2437106986520289,0.2437106986520289
0,2078,531968.0,532224.0,256.0,1.0,1,0.45703125,0.44921875,0.09375,0.45703125,0.2437106986520289,0.2437106986520289
0,2079,532224.0,532480.0,256.0,1.0,1,0.4296875,0.5,0.0703125,0.4296875,0.2437106986520289,0.2437106986520289
0,2080,532480.0,532736.0,256.0,1.0,1,0.453125,0.453125,0.09375,0.453125,0.2437106986520289,0.2437106986520289
0,2081,532736.0,532992.0,256.0,1.0,1,0.43359375,0.49609375,0.0703125,0.43359375,0.2437106986520289,0.2437106986520289
0,2082,532992.0,533248.0,256.0,1.0,1,0.4453125,0.4609375,0.09375,0.4453125,0.2437106986520289,0.2437106986520289
0,2083,533248.0,533504.0,256.0,1.0,1,0.44921875,0.48046875,0.0703125,0.44921875,0.2437106986520289,0.2437106986520289
0,2084,533504.0,533760.0,256.0,1.0,1,0.4375,0.46875,0.09375,0.4375,0.2437106986520289,0.2437106986520289
0,2085,533760.0,534016.0,256.0,1.0,1,0.4453125,0.484375,0.0703125,0.4453125,0.2437106986520289,0.2437106986520289
0,2086,534016.0,534272.0,256.0,1.0,1,0.4453125,0.46484375,0.08984375,0.4453125,0.2437106986520289,0.2437106986520289
0,2087,534272.0,534528.0,256.0,1.0,1,0.43359375,0.48828125,0.078125,0.43359375,0.2437106986520289,0.2437106986520289
0,2088,534528.0,534784.0,256.0,1.0,1,0.453125,0.4609375,0.0859375,0.453125,0.2437106986520289,0.2437106986520289
0,2089,534784.0,535040.0,256.0,1.0,1,0.43359375,0.484375,0.08203125,0.43359375,0.2437106986520289,0.2437106986520289
0,2090,535040.0,535296.0,256.0,1.0,1,0.4453125,0.4765625,0.078125,0.4453125,0.2437106986520289,0.2437106986520289
0,2091,535296.0,535552.0,256.0,1.0,1,0.4453125,0.46875,0.0859375,0.4453125,0.2437106986520289,0.2437106986520289
0,2092,535552.0,535808.0,256.0,1.0,1,0.43359375,0.48828125,0.078125,0.43359375,0.2437106986520289,0.2437106986520289
0,2093,535808.0,536064.0,256.0,1.0,1,0.453125,0.4609375,0.0859375,0.453125,0.2437106986520289,0.2437106986520289
0,2094,536064.0,536320.0,256.0,1.0,1,0.43359375,0.48828125,0.078125,0.43359375,0.2437106986520289,0.2437106986520289
0,2095,536320.0,536576.0,256.0,1.0,1,0.4453125,0.46875,0.0859375,0.4453125,0.2437106986520289,0.2437106986520289
0,2096,536576.0,536832.0,256.0,1.0,1,0.4453125,0.48046875,0.07421875,0.4453125,0.2437106986520289,0.2437106986520289
0,2097,536832.0,537088.0,256.0,1.0,1,0.44140625,0.46484375,0.09375,0.44140625,0.2437106986520289,0.2437106986520289
0,2098,537088.0,537344.0,256.0,1.0,1,0.4453125,0.484375,0.0703125,0.4453125,0.2437106986520289,0.2437106986520289
0,2099,537344.0,537600.0,256.0,1.0,1,0.4453125,0.4609375,0.09375,0.4453125,0.2437106986520289,0.2437106986520289
0,2100,537600.0,537856.0,256.0,1.0,1,0.43359375,0.5,0.06640625,0.43359375,0.2437106986520289,0.2437106986520289
0,2101,537856.0,538112.0,256.0,1.0,1,0.453125,0.44921875,0.09765625,0.453125,0.2437106986520289,0.2437106986520289
0,2102,538112.0,538368.0,256.0,1.0,1,0.4296875,0.5,0.0703125,0.4296875,0.2437106986520289,0.2437106986520289
0,2103,538368.0,538624.0,256.0,1.0,1,0.45703125,0.453125,0.08984375,0.45703125,0.2437106986520289,0.2437106986520289
0,2104,538624.0,538880.0,256.0,1.0,1,0.43359375,0.4921875,0.07421875,0.43359375,0.2437106986520289,0.2437106986520289
0,2105,538880.0,539136.0,256.0,1.0,1,0.4453125,0.46484375,0.08984375,0.4453125,0.2437106986520289,0.2437106986520289
0,2106,539136.0,539392.0,256.0,1.0,1,0.4453125,0.48046875,0.07421875,0.4453125,0.2437106986520289,0.2437106986520289
0,2107,539392.0,539648.0,256.0,1.0,1,0.4375,0.47265625,0.08984375,0.4375,0.2437106986520289,0.2437106986520289
0,2108,539648.0,539904.0,256.0,1.0,1,0.44921875,0.4765625,0.07421875,0.44921875,0.2437106986520289,0.2437106986520289
0,2109,539904.0,540160.0,256.0,1.0,1,0.4375,0.4765625,0.0859375,0.4375,0.2437106986520289,0.2437106986520289
0,2110,540160.0,540416.0,256.0,1.0,1,0.44140625,0.4765625,0.08203125,0.44140625,0.2437106986520289,0.2437106986520289
0,2111,540416.0,540672.0,256.0,1.0,1,0.4453125,0.47265625,0.08203125,0.4453125,0.2437106986520289,0.2437106986520289
0,2112,540672.0,540928.0,256.0,1.0,1,0.4375,0.4765625,0.0859375,0.4375,0.2437106986520289,0.2437106986520289
0,2113,540928.0,541184.0,256.0,1.0,1,0.44921875,0.4765625,0.07421875,0.44921875,0.2437106986520289,0.2437106986520289
0,2114,541184.0,541440.0,256.0,1.0,1,0.4453125,0.46484375,0.08984375,0.4453125,0.2437106986520289,0.2437106986520289
0,2115,541440.0,541696.0,256.0,1.0,1,0.43359375,0.4921875,0.07421875,0.43359375,0.2437106986520289,0.2437106986520289
0,2116,541696.0,541952.0,256.0,1.0,1,0.453125,0.45703125,0.08984375,0.453125,0.2437106986520289,0.2437106986520289
0,2117,541952.0,542208.0,256.0,1.0,1,0.4296875,0.49609375,0.07421875,0.4296875,0.2437106986520289,0.2437106986520289
0,2118,542208.0,542464.0,256.0,1.0,1,0.44921875,0.4609375,0.08984375,0.44921875,0.2437106986520289,0.2437106986520289
0,2119,542464.0,542720.0,256.0,1.0,1,0.4375,0.4921875,0.0703125,0.4375,0.2437106986520289,0.2437106986520289
0,2120,542720.0,542976.0,256.0,1.0,1,0.44921875,0.453125,0.09765625,0.44921875,0.2437106986520289,0.2437106986520289
0,2121,542976.0,543232.0,256.0,1.0,1,0.44140625,0.4921875,0.06640625,0.44140625,0.2437106986520289,0.2437106986520289
0,2122,543232.0,543488.0,256.0,1.0,1,0.4453125,0.4609375,0.09375,0.4453125,0.2437106986520289,0.2437106986520289
0,2123,543488.0,543744.0,256.0,1.0,1,0.4375,0.4921875,0.0703125,0.4375,0.2437106986520289,0.2437106986520289
0,2124,543744.0,544000.0,256.0,1.0,1,0.44921875,0.45703125,0.09375,0.44921875,0.2437106986520289,0.2437106986520289
0,2125,544000.0,544256.0,256.0,1.0,1,0.4296875,0.49609375,0.07421875,0.4296875,0.2437106986520289,0.2437106986520289
0,2126,544256.0,544512.0,256.0,1.0,1,0.45703125,0.453125,0.08984375,0.45703125,0.2437106986520289,0.2437106986520289
0,2127,544512.0,544768.0,256.0,1.0,1,0.43359375,0.48828125,0.078125,0.43359375,0.2437106986520289,0.2437106986520289
0,2128,544768.0,545024.0,256.0,1.0,1,0.44140625,0.4765625,0.08203125,0.44140625,0.2437106986520289,0.2437106986520289
0,2129,545024.0,545280.0,256.0,1.0,1,0.44921875,0.46875,0.08203125,0.44921875,0.2437106986520289,0.2437106986520289
0,2130,545280.0,545536.0,256.0,1.0,1,0.4375,0.48046875,0.08203125,0.4375,0.2437106986520289,0.2437106986520289
0,2131,545536.0,545792.0,256.0,1.0,1,0.44921875,0.46875,0.08203125,0.44921875,0.2437106986520289,0.2437106986520289
0,2132,545792.0,546048.0,256.0,1.0,1,0.4375,0.484375,0.078125,0.4375,0.2437106986520289,0.2437106986520289
0,2133,546048.0,546304.0,256.0,1.0,1,0.44140625,0.47265625,0.0859375,0.44140625,0.2437106986520289,0.2437106986520289
0,2134,546304.0,546560.0,256.0,1.0,1,0.4453125,0.4765625,0.078125,0.4453125,0.2437106986520289,0.2437106986520289
0,2135,546560.0,546816.0,256.0,1.0,1,0.44140625,0.46875,0.08984375,0.44140625,0.2437106986520289,0.2437106986520289
0,2136,546816.0,547072.0,256.0,1.0,1,0.4453125,0.48046875,0.07421875,0.4453125,0.2437106986520289,0.2437106986520289
0,2137,547072.0,547328.0,256.0,1.0,1,0.4453125,0.46484375,0.08984375,0.4453125,0.2437106986520289,0.2437106986520289
0,2138,547328.0,547584.0,256.0,1.0,1,0.4296875,0.5,0.0703125,0.4296875,0.2437106986520289,0.2437106986520289
0,2139,547584.0,547840.0,256.0,1.0,1,0.45703125,0.44921875,0.09375,0.45703125,0.2437106986520289,0.2437106986520289
0,2140,547840.0,548096.0,256.0,1.0,1,0.4296875,0.5,0.0703125,0.4296875,0.2437106986520289,0.2437106986520289
0,2141,548096.0,548352.0,256.0,1.0,1,0.453125,0.453125,0.09375,0.453125,0.2437106986520289,0.2437106986520289
0,2142,548352.0,548608.0,256.0,1.0,1,0.43359375,0.49609375,0.0703125,0.43359375,0.2437106986520289,0.2437106986520289
0,2143,548608.0,548864.0,256.0,1.0,1,0.4453125,0.4609375,0.09375,0.4453125,0.2437106986520289,0.2437106986520289
0,2144,548864.0,549120.0,256.0,1.0,1,0.44921875,0.48046875,0.0703125,0.44921875,0.2437106986520289,0.2437106986520289
0,2145,549120.0,549376.0,256.0,1.0,1,0.4375,0.46875,0.09375,0.4375,0.2437106986520289,0.2437106986520289
0,2146,549376.0,549632.0,256.0,1.0,1,0.4453125,0.484375,0.0703125,0.4453125,0.2437106986520289,0.2437106986520289
0,2147,549632.0,549888.0,256.0,1.0,1,0.4453125,0.46484375,0.08984375,0.4453125,0.2437106986520289,0.2437106986520289
0,2148,549888.0,550144.0,256.0,1.0,1,0.43359375,0.48828125,0.078125,0.43359375,0.2437106986520289,0.2437106986520289
0,2149,550144.0,550400.0,256.0,1.0,1,0.453125,0.4609375,0.0859375,0.453125,0.2437106986520289,0.2437106986520289
0,2150,550400.0,550656.0,256.0,1.0,1,0.43359375,0.484375,0.08203125,0.43359375,0.2437106986520289,0.2437106986520289
0,2151,550656.0,550912.0,256.0,1.0,1,0.4453125,0.4765625,0.078125,0.4453125,0.2437106986520289,0.2437106986520289
0,2152,550912.0,551168.0,256.0,1.0,1,0.4453125,0.46875,0.0859375,0.4453125,0.2437106986520289,0.2437106986520289
0,2153,551168.0,551424.0,256.0,1.0,1,0.43359375,0.48828125,0.078125,0.43359375,0.2437106986520289,0.2437106986520289
0,2154,551424.0,551680.0,256.0,1.0,1,0.453125,0.4609375,0.0859375,0.453125,0.2437106986520289,0.2437106986520289
0,2155,551680.0,551936.0,256.0,1.0,1,0.43359375,0.48828125,0.078125,0.43359375,0.2437106986520289,0.2437106986520289
0,2156,551936.0,552192.0,256.0,1.0,1,0.4453125,0.46875,0.0859375,0.4453125,0.2437106986520289,0.2437106986520289
0,2157,552192.0,552448.0,256.0,1.0,1,0.4453125,0.48046875,0.07421875,0.4453125,0.2437106986520289,0.2437106986520289
0,2158,552448.0,552704.0,256.0,1.0,1,0.44140625,0.46484375,0.09375,0.44140625,0.2437106986520289,0.2437106986520289
0,2159,552704.0,552960.0,256.0,1.0,1,0.4453125,0.484375,0.0703125,0.4453125,0.2437106986520289,0.2437106986520289
0,2160,552960.0,553216.0,256.0,1.0,1,0.4453125,0.4609375,0.09375,0.4453125,0.2437106986520289,0.2437106986520289
0,2161,553216.0,553472.0,256.0,1.0,1,0.43359375,0.5,0.06640625,0.43359375,0.2437106986520289,0.2437106986520289
0,2162,553472.0,553728.0,256.0,1.0,1,0.453125,0.44921875,0.09765625,0.453125,0.2437106986520289,0.2437106986520289
0,2163,553728.0,553984.0,256.0,1.0,1,0.4296875,0.5,0.0703125,0.4296875,0.2437106986520289,0.2437106986520289
0,2164,553984.0,554240.0,256.0,1.0,1,0.45703125,0.453125,0.08984375,0.45703125,0.2437106986520289,0.2437106986520289
0,2165,554240.0,554496.0,256.0,1.0,1,0.43359375,0.4921875,0.07421875,0.43359375,0.2437106986520289,0.2437106986520289
0,2166,554496.0,554752.0,256.0,1.0,1,0.4453125,0.46484375,0.08984375,0.4453125,0.2437106986520289,0.2437106986520289
0,2167,554752.0,555008.0,256.0,1.0,1,0.4453125,0.48046875,0.07421875,0.4453125,0.2437106986520289,0.2437106986520289
0,2168,555008.0,555264.0,256.0,1.0,1,0.4375,0.47265625,0.08984375,0.4375,0.2437106986520289,0.2437106986520289
0,2169,555264.0,555520.0,256.0,1.0,1,0.44921875,0.4765625,0.07421875,0.44921875,0.2437106986520289,0.2437106986520289
0,2170,555520.0,555776.0,256.0,1.0,1,0.4375,0.4765625,0.0859375,0.4375,0.2437106986520289,0.2437106986520289
0,2171,555776.0,556032.0,256.0,1.0,1,0.44140625,0.4765625,0.08203125,0.44140625,0.2437106986520289,0.2437106986520289
0,2172,556032.0,556288.0,256.0,1.0,1,0.4453125,0.47265625,0.08203125,0.4453125,0.2437106986520289,0.2437106986520289
0,2173,556288.0,556544.0,256.0,1.0,1,0.4375,0.4765625,0.0859375,0.4375,0.2437106986520289,0.2437106986520289
0,2174,556544.0,556800.0,256.0,1.0,1,0.44921875,0.4765625,0.07421875,0.44921875,0.2437106986520289,0.2437106986520289
0,2175,556800.0,557056.0,256.0,1.0,1,0.4453125,0.46484375,0.08984375,0.4453125,0.2437106986520289,0.2437106986520289
0,2176,557056.0,557312.0,256.0,1.0,1,0.43359375,0.4921875,0.07421875,0.43359375,0.2437106986520289,0.2437106986520289
0,2177,557312.0,557568.0,256.0,1.0,1,0.453125,0.45703125,0.08984375,0.453125,0.2437106986520289,0.2437106986520289
0,2178,557568.0,557824.0,256.0,1.0,1,0.4296875,0.49609375,0.07421875,0.4296875,0.2437106986520289,0.2437106986520289
0,2179,557824.0,558080.0,256.0,1.0,1,0.44921875,0.4609375,0.08984375,0.44921875,0.2437106986520289,0.2437106986520289
0,2180,558080.0,558336.0,256.0,1.0,1,0.4375,0.4921875,0.0703125,0.4375,0.2437106986520289,0.2437106986520289
0,2181,558336.0,558592.0,256.0,1.0,1,0.44921875,0.453125,0.09765625,0.44921875,0.2437106986520289,0.2437106986520289
0,2182,558592.0,558848.0,256.0,1.0,1,0.44140625,0.4921875,0.06640625,0.44140625,0.2437106986520289,0.2437106986520289
0,2183,558848.0,559104.0,256.0,1.0,1,0.4453125,0.4609375,0.09375,0.4453125,0.2437106986520289,0.2437106986520289
0,2184,559104.0,559360.0,256.0,1.0,1,0.4375,0.4921875,0.0703125,0.4375,0.2437106986520289,0.2437106986520289
0,2185,559360.0,559616.0,256.0,1.0,1,0.44921875,0.45703125,0.09375,0.44921875,0.2437106986520289,0.2437106986520289
0,2186,559616.0,559872.0,256.0,1.0,1,0.4296875,0.49609375,0.07421875,0.4296875,0.2437106986520289,0.2437106986520289
0,2187,559872.0,560128.0,256.0,1.0,1,0.45703125,0.453125,0.08984375,0.45703125,0.2437106986520289,0.2437106986520289
0,2188,560128.0,560384.0,256.0,1.0,1,0.43359375,0.48828125,0.078125,0.43359375,0.2437106986520289,0.2437106986520289
0,2189,560384.0,560640.0,256.0,1.0,1,0.44140625,0.4765625,0.08203125,0.44140625,0.2437106986520289,0.2437106986520289
0,2190,560640.0,560896.0,256.0,1.0,1,0.44921875,0.46875,0.08203125,0.44921875,0.2437106986520289,0.2437106986520289
0,2191,560896.0,561152.0,256.0,1.0,1,0.4375,0.48046875,0.08203125,0.4375,0.2437106986520289,0.2437106986520289
0,2192,561152.0,561408.0,256.0,1.0,1,0.44921875,0.46875,0.08203125,0.44921875,0.2437106986520289,0.2437106986520289
0,2193,561408.0,561664.0,256.0,1.0,1,0.4375,0.484375,0.078125,0.4375,0.2437106986520289,0.2437106986520289
0,2194,561664.0,561920.0,256.0,1.0,1,0.44140625,0.47265625,0.0859375,0.44140625,0.2437106986520289,0.2437106986520289
0,2195,561920.0,562176.0,256.0,1.0,1,0.4453125,0.4765625,0.078125,0.4453125,0.2437106986520289,0.2437106986520289
0,2196,562176.0,562432.0,256.0,1.0,1,0.44140625,0.46875,0.08984375,0.44140625,0.2437106986520289,0.2437106986520289
0,2197,562432.0,562688.0,256.0,1.0,1,0.4453125,0.48046875,0.07421875,0.4453125,0.2437106986520289,0.2437106986520289
0,2198,562688.0,562944.0,256.0,1.0,1,0.4453125,0.46484375,0.08984375,0.4453125,0.2437106986520289,0.2437106986520289
0,2199,562944.0,563200.0,256.0,1.0,1,0.4296875,0.5,0.0703125,0.4296875,0.2437106986520289,0.2437106986520289
0,2200,563200.0,563456.0,256.0,1.0,1,0.45703125,0.44921875,0.09375,0.45703125,0.2437106986520289,0.2437106986520289
0,2201,563456.0,563712.0,256.0,1.0,1,0.4296875,0.5,0.0703125,0.4296875,0.2437106986520289,0.2437106986520289
0,2202,563712.0,563968.0,256.0,1.0,1,0.453125,0.453125,0.09375,0.453125,0.2437106986520289,0.2437106986520289
0,2203,563968.0,564224.0,256.0,1.0,1,0.43359375,0.49609375,0.0703125,0.43359375,0.2437106986520289,0.2437106986520289
0,2204,564224.0,564480.0,256.0,1.0,1,0.4453125,0.4609375,0.09375,0.4453125,0.2437106986520289,0.2437106986520289
0,2205,564480.0,564736.0,256.0,1.0,1,0.44921875,0.48046875,0.0703125,0.44921875,0.2437106986520289,0.2437106986520289
0,2206,564736.0,564992.0,256.0,1.0,1,0.4375,0.46875,0.09375,0.4375,0.2437106986520289,0.2437106986520289
0,2207,564992.0,565248.0,256.0,1.0,1,0.4453125,0.484375,0.0703125,0.4453125,0.2437106986520289,0.2437106986520289
0,2208,565248.0,565504.0,256.0,1.0,1,0.4453125,0.46484375,0.08984375,0.4453125,0.2437106986520289,0.2437106986520289
0,2209,565504.0,565760.0,256.0,1.0,1,0.43359375,0.48828125,0.078125,0.43359375,0.2437106986520289,0.2437106986520289
0,2210,565760.0,566016.0,256.0,1.0,1,0.26953125,0.671875,0.05859375,0.26953125,0.2437106986520289,0.2437106986520289
0,2211,566016.0,566272.0,256.0,1.0,1,0.0,1.0,0.0,0.0,0.2437106986520289,0.2437106986520289
0,2212,566272.0,566528.0,256.0,1.0,1,0.0,1.0,0.0,0.0,0.2437106986520289,0.2437106986520289
0,2213,566528.0,566784.0,256.0,1.0,1,0.0,1.0,0.0,0.0,0.2437106986520289,0.2437106986520289
0,2214,566784.0,567040.0,256.0,1.0,1,0.0,1.0,0.0,0.0,0.2437106986520289,0.2437106986520289
0,2215,567040.0,567296.0,256.0,1.0,1,0.0,1.0,0.0,0.0,0.2437106986520289,0.2437106986520289
0,2216,567296.0,567552.0,256.0,1.0,1,0.0,1.0,0.0,0.0,0.2437106986520289,0.2437106986520289
0,2217,567552.0,567808.0,256.0,1.0,1,0.0,1.0,0.0,0.0,0.2437106986520289,0.2437106986520289
0,2218,567808.0,568064.0,256.0,1.0,1,0.0,1.0,0.0,0.0,0.2437106986520289,0.2437106986520289
0,2219,568064.0,568320.0,256.0,1.0,1,0.0,1.0,0.0,0.0,0.2437106986520289,0.2437106986520289
0,2220,568320.0,568576.0,256.0,1.0,1,0.0,1.0,0.0,0.0,0.2437106986520289,0.2437106986520289
0,2221,568576.0,568832.0,256.0,1.0,1,0.0,1.0,0.0,0.0,0.2437106986520289,0.2437106986520289
0,2222,568832.0,569088.0,256.0,1.0,1,0.0,1.0,0.0,0.0,0.2437106986520289,0.2437106986520289
0,2223,569088.0,569344.0,256.0,1.0,1,0.0,1.0,0.0,0.0,0.2437106986520289,0.2437106986520289
0,2224,569344.0,569600.0,256.0,1.0,1,0.0,1.0,0.0,0.0,0.2437106986520289,0.2437106986520289
0,2225,569600.0,569856.0,256.0,1.0,1,0.0,1.0,0.0,0.0,0.2437106986520289,0.2437106986520289
0,2226,569856.0,570112.0,256.0,1.0,1,0.0,1.0,0.0,0.0,0.2437106986520289,0.2437106986520289
0,2227,570112.0,570368.0,256.0,1.0,1,0.0,1.0,0.0,0.0,0.2437106986520289,0.2437106986520289
0,2228,570368.0,570624.0,256.0,1.0,1,0.0,1.0,0.0,0.0,0.2437106986520289,0.2437106986520289
0,2229,570624.0,570880.0,256.0,1.0,1,0.0,1.0,0.0,0.0,0.2437106986520289,0.2437106986520289
0,2230,570880.0,571136.0,256.0,1.0,1,0.0,1.0,0.0,0.0,0.2437106986520289,0.2437106986520289
0,2231,571136.0,571392.0,256.0,1.0,1,0.0,1.0,0.0,0.0,0.2437106986520289,0.2437106986520289
0,2232,571392.0,571648.0,256.0,1.0,1,0.0,1.0,0.0,0.0,0.2437106986520289,0.2437106986520289
0,2233,571648.0,571904.0,256.0,1.0,1,0.0,1.0,0.0,0.0,0.2437106986520289,0.2437106986520289
0,2234,571904.0,572160.0,256.0,1.0,1,0.0,1.0,0.0,0.0,0.2437106986520289,0.2437106986520289
0,2235,572160.0,572416.0,256.0,1.0,1,0.0,1.0,0.0,0.0,0.2437106986520289,0.2437106986520289
0,2236,572416.0,572672.0,256.0,1.0,1,0.0,1.0,0.0,0.0,0.2437106986520289,0.2437106986520289
0,2237,572672.0,572928.0,256.0,1.0,1,0.0,1.0,0.0,0.0,0.2437106986520289,0.2437106986520289
0,2238,572928.0,573184.0,256.0,1.0,1,0.0,1.0,0.0,0.0,0.2437106986520289,0.2437106986520289
0,2239,573184.0,573440.0,256.0,1.0,1,0.0,1.0,0.0,0.0,0.2437106986520289,0.2437106986520289
0,2240,573440.0,573696.0,256.0,1.0,1,0.0,1.0,0.0,0.0,0.2437106986520289,0.2437106986520289
0,2241,573696.0,573952.0,256.0,1.0,1,0.0,1.0,0.0,0.0,0.2437106986520289,0.2437106986520289
0,2242,573952.0,574208.0,256.0,1.0,1,0.0,1.0,0.0,0.0,0.2437106986520289,0.2437106986520289
0,2243,574208.0,574464.0,256.0,1.0,1,0.0,1.0,0.0,0.0,0.2437106986520289,0.2437106986520289
0,2244,574464.0,574720.0,256.0,1.0,1,0.0,1.0,0.0,0.0,0.2437106986520289,0.2437106986520289
0,2245,574720.0,574976.0,256.0,1.0,1,0.0,1.0,0.0,0.0,0.2437106986520289,0.2437106986520289
0,2246,574976.0,575232.0,256.0,1.0,1,0.0,1.0,0.0,0.0,0.2437106986520289,0.2437106986520289
0,2247,575232.0,575488.0,256.0,1.0,1,0.0,1.0,0.0,0.0,0.2437106986520289,0.2437106986520289
0,2248,575488.0,575744.0,256.0,1.0,1,0.0,1.0,0.0,0.0,0.2437106986520289,0.2437106986520289
0,2249,575744.0,576000.0,256.0,1.0,1,0.0,1.0,0.0,0.0,0.2437106986520289,0.2437106986520289
0,2250,576000.0,576256.0,256.0,1.0,1,0.0,1.0,0.0,0.0,0.2437106986520289,0.2437106986520289
0,2251,576256.0,576512.0,256.0,1.0,1,0.0,1.0,0.0,0.0,0.2437106986520289,0.2437106986520289
0,2252,576512.0,576768.0,256.0,1.0,1,0.0,1.0,0.0,0.0,0.2437106986520289,0.2437106986520289
0,2253,576768.0,577024.0,256.0,1.0,1,0.0,1.0,0.0,0.0,0.2437106986520289,0.2437106986520289
0,2254,577024.0,577280.0,256.0,1.0,1,0.0,1.0,0.0,0.0,0.2437106986520289,0.2437106986520289
0,2255,577280.0,577536.0,256.0,1.0,1,0.0,1.0,0.0,0.0,0.2437106986520289,0.2437106986520289
0,2256,577536.0,577792.0,256.0,1.0,1,0.0,1.0,0.0,0.0,0.2437106986520289,0.2437106986520289
0,2257,577792.0,578048.0,256.0,1.0,1,0.0,1.0,0.0,0.0,0.2437106986520289,0.2437106986520289
0,2258,578048.0,578304.0,256.0,1.0,1,0.0,1.0,0.0,0.0,0.2437106986520289,0.2437106986520289
0,2259,578304.0,578560.0,256.0,1.0,1,0.0,1.0,0.0,0.0,0.2437106986520289,0.2437106986520289
0,2260,578560.0,578816.0,256.0,1.0,1,0.0,1.0,0.0,0.0,0.2437106986520289,0.2437106986520289
0,2261,578816.0,579072.0,256.0,1.0,1,0.0,1.0,0.0,0.0,0.2437106986520289,0.2437106986520289
0,2262,579072.0,579328.0,256.0,1.0,1,0.0,1.0,0.0,0.0,0.2437106986520289,0.2437106986520289
0,2263,579328.0,579584.0,256.0,1.0,1,0.0,1.0,0.0,0.0,0.2437106986520289,0.2437106986520289
0,2264,579584.0,579840.0,256.0,1.0,1,0.0,1.0,0.0,0.0,0.2437106986520289,0.2437106986520289
0,2265,579840.0,580096.0,256.0,1.0,1,0.0,1.0,0.0,0.0,0.2437106986520289,0.2437106986520289
0,2266,580096.0,580352.0,256.0,1.0,1,0.0,1.0,0.0,0.0,0.2437106986520289,0.2437106986520289
0,2267,580352.0,580608.0,256.0,1.0,1,0.0,1.0,0.0,0.0,0.2437106986520289,0.2437106986520289
0,2268,580608.0,580864.0,256.0,1.0,1,0.0,1.0,0.0,0.0,0.2437106986520289,0.2437106986520289
0,2269,580864.0,581120.0,256.0,1.0,1,0.0,1.0,0.0,0.0,0.2437106986520289,0.2437106986520289
0,2270,581120.0,581376.0,256.0,1.0,1,0.0,1.0,0.0,0.0,0.2437106986520289,0.2437106986520289
0,2271,581376.0,581632.0,256.0,1.0,1,0.0,1.0,0.0,0.0,0.2437106986520289,0.2437106986520289
0,2272,581632.0,581888.0,256.0,1.0,1,0.0,1.0,0.0,0.0,0.2437106986520289,0.2437106986520289
0,2273,581888.0,582144.0,256.0,1.0,1,0.0,1.0,0.0,0.0,0.2437106986520289,0.2437106986520289
0,2274,582144.0,582400.0,256.0,1.0,1,0.0,1.0,0.0,0.0,0.2437106986520289,0.2437106986520289
0,2275,582400.0,582656.0,256.0,1.0,1,0.0,1.0,0.0,0.0,0.2437106986520289,0.2437106986520289
0,2276,582656.0,582912.0,256.0,1.0,1,0.0,1.0,0.0,0.0,0.2437106986520289,0.2437106986520289
0,2277,582912.0,583168.0,256.0,1.0,1,0.0,1.0,0.0,0.0,0.2437106986520289,0.2437106986520289
0,2278,583168.0,583424.0,256.0,1.0,1,0.0,1.0,0.0,0.0,0.2437106986520289,0.2437106986520289
0,2279,583424.0,583680.0,256.0,1.0,1,0.0,1.0,0.0,0.0,0.2437106986520289,0.2437106986520289
0,2280,583680.0,583936.0,256.0,1.0,1,0.09765625,0.72265625,0.1796875,0.09765625,0.2437106986520289,0.2437106986520289
0,2281,583936.0,584192.0,256.0,1.0,1,0.3359375,0.0,0.6640625,0.3359375,0.2437106986520289,0.2437106986520289
0,2282,584192.0,584448.0,256.0,1.0,1,0.33203125,0.0,0.66796875,0.33203125,0.2437106986520289,0.2437106986520289
0,2283,584448.0,584704.0,256.0,1.0,1,0.33203125,0.0,0.66796875,0.33203125,0.2437106986520289,0.2437106986520289
0,2284,584704.0,584960.0,256.0,1.0,1,0.3359375,0.0,0.6640625,0.3359375,0.2437106986520289,0.2437106986520289
0,2285,584960.0,585216.0,256.0,1.0,1,0.33203125,0.0,0.66796875,0.33203125,0.2437106986520289,0.2437106986520289
0,2286,585216.0,585472.0,256.0,1.0,1,0.33203125,0.0,0.66796875,0.33203125,0.2437106986520289,0.2437106986520289
0,2287,585472.0,585728.0,256.0,1.0,1,0.3359375,0.0,0.6640625,0.3359375,0.2437106986520289,0.2437106986520289
0,2288,585728.0,585984.0,256.0,1.0,1,0.33203125,0.0,0.66796875,0.33203125,0.2437106986520289,0.2437106986520289
0,2289,585984.0,586240.0,256.0,1.0,1,0.33203125,0.0,0.66796875,0.33203125,0.2437106986520289,0.2437106986520289
0,2290,586240.0,586496.0,256.0,1.0,1,0.3359375,0.0,0.6640625,0.3359375,0.2437106986520289,0.2437106986520289
0,2291,586496.0,586752.0,256.0,1.0,1,0.33203125,0.0,0.66796875,0.33203125,0.2437106986520289,0.2437106986520289
0,2292,586752.0,587008.0,256.0,1.0,1,0.33203125,0.0,0.66796875,0.33203125,0.2437106986520289,0.2437106986520289
0,2293,587008.0,587264.0,256.0,1.0,1,0.3359375,0.0,0.6640625,0.3359375,0.2437106986520289,0.2437106986520289
0,2294,587264.0,587520.0,256.0,1.0,1,0.33203125,0.0,0.66796875,0.33203125,0.2437106986520289,0.2437106986520289
0,2295,587520.0,587776.0,256.0,1.0,1,0.33203125,0.0,0.66796875,0.33203125,0.2437106986520289,0.2437106986520289
0,2296,587776.0,588032.0,256.0,1.0,1,0.3359375,0.0,0.6640625,0.3359375,0.2437106986520289,0.2437106986520289
0,2297,588032.0,588288.0,256.0,1.0,1,0.33203125,0.0,0.66796875,0.33203125,0.2437106986520289,0.2437106986520289
0,2298,588288.0,588544.0,256.0,1.0,1,0.33203125,0.0,0.66796875,0.33203125,0.2437106986520289,0.2437106986520289
0,2299,588544.0,588800.0,256.0,1.0,1,0.3359375,0.0,0.6640625,0.3359375,0.2437106986520289,0.2437106986520289
0,2300,588800.0,589056.0,256.0,1.0,1,0.33203125,0.0,0.66796875,0.33203125,0.2437106986520289,0.2437106986520289
0,2301,589056.0,589312.0,256.0,1.0,1,0.33203125,0.0,0.66796875,0.33203125,0.2437106986520289,0.2437106986520289
0,2302,589312.0,589568.0,256.0,1.0,1,0.3359375,0.0,0.6640625,0.3359375,0.2437106986520289,0.2437106986520289
0,2303,589568.0,589824.0,256.0,1.0,1,0.33203125,0.0,0.66796875,0.33203125,0.2437106986520289,0.2437106986520289
0,2304,589824.0,590080.0,256.0,1.0,1,0.33203125,0.0,0.66796875,0.33203125,0.2437106986520289,0.2437106986520289
0,2305,590080.0,590336.0,256.0,1.0,1,0.3359375,0.0,0.6640625,0.3359375,0.2437106986520289,0.2437106986520289
0,2306,590336.0,590592.0,256.0,1.0,1,0.33203125,0.0,0.66796875,0.33203125,0.2437106986520289,0.2437106986520289
0,2307,590592.0,590848.0,256.0,1.0,1,0.33203125,0.0,0.66796875,0.33203125,0.2437106986520289,0.2437106986520289
0,2308,590848.0,591104.0,256.0,1.0,1,0.3359375,0.0,0.6640625,0.3359375,0.2437106986520289,0.2437106986520289
0,2309,591104.0,591360.0,256.0,1.0,1,0.33203125,0.0,0.66796875,0.33203125,0.2437106986520289,0.2437106986520289
0,2310,591360.0,591616.0,256.0,1.0,1,0.33203125,0.0,0.66796875,0.33203125,0.2437106986520289,0.2437106986520289
0,2311,591616.0,591872.0,256.0,1.0,1,0.3359375,0.0,0.6640625,0.3359375,0.2437106986520289,0.2437106986520289
0,2312,591872.0,592128.0,256.0,1.0,1,0.33203125,0.0,0.66796875,0.33203125,0.2437106986520289,0.2437106986520289
0,2313,592128.0,592384.0,256.0,1.0,1,0.33203125,0.0,0.66796875,0.33203125,0.2437106986520289,0.2437106986520289
0,2314,592384.0,592640.0,256.0,1.0,1,0.3359375,0.0,0.6640625,0.3359375,0.2437106986520289,0.2437106986520289
0,2315,592640.0,592896.0,256.0,1.0,1,0.33203125,0.0,0.66796875,0.33203125,0.2437106986520289,0.2437106986520289
0,2316,592896.0,593152.0,256.0,1.0,1,0.33203125,0.0,0.66796875,0.33203125,0.2437106986520289,0.2437106986520289
0,2317,593152.0,593408.0,256.0,1.0,1,0.3359375,0.0,0.6640625,0.3359375,0.2437106986520289,0.2437106986520289
0,2318,593408.0,593664.0,256.0,1.0,1,0.33203125,0.0,0.66796875,0.33203125,0.2437106986520289,0.2437106986520289
0,2319,593664.0,593920.0,256.0,1.0,1,0.33203125,0.0,0.66796875,0.33203125,0.2437106986520289,0.2437106986520289
0,2320,593920.0,594176.0,256.0,1.0,1,0.3359375,0.0,0.6640625,0.3359375,0.2437106986520289,0.2437106986520289
0,2321,594176.0,594432.0,256.0,1.0,1,0.33203125,0.0,0.66796875,0.33203125,0.2437106986520289,0.2437106986520289
0,2322,594432.0,594688.0,256.0,1.0,1,0.33203125,0.0,0.66796875,0.33203125,0.2437106986520289,0.2437106986520289
0,2323,594688.0,594944.0,256.0,1.0,1,0.3359375,0.0,0.6640625,0.3359375,0.2437106986520289,0.2437106986520289
0,2324,594944.0,595200.0,256.0,1.0,1,0.33203125,0.0,0.66796875,0.33203125,0.2437106986520289,0.2437106986520289
0,2325,595200.0,595456.0,256.0,1.0,1,0.33203125,0.0,0.66796875,0.33203125,0.2437106986520289,0.2437106986520289
0,2326,595456.0,595712.0,256.0,1.0,1,0.3359375,0.0,0.6640625,0.3359375,0.2437106986520289,0.2437106986520289
0,2327,595712.0,595968.0,256.0,1.0,1,0.33203125,0.0,0.66796875,0.33203125,0.2437106986520289,0.2437106986520289
0,2328,595968.0,596224.0,256.0,1.0,1,0.33203125,0.0,0.66796875,0.33203125,0.2437106986520289,0.2437106986520289
0,2329,596224.0,596480.0,256.0,1.0,1,0.3359375,0.0,0.6640625,0.3359375,0.2437106986520289,0.2437106986520289
0,2330,596480.0,596736.0,256.0,1.0,1,0.33203125,0.0,0.66796875,0.33203125,0.2437106986520289,0.2437106986520289
0,2331,596736.0,596992.0,256.0,1.0,1,0.33203125,0.0,0.66796875,0.33203125,0.2437106986520289,0.2437106986520289
0,2332,596992.0,597248.0,256.0,1.0,1,0.3359375,0.0,0.6640625,0.3359375,0.2437106986520289,0.2437106986520289
0,2333,597248.0,597504.0,256.0,1.0,1,0.33203125,0.0,0.66796875,0.33203125,0.2437106986520289,0.2437106986520289
0,2334,597504.0,597760.0,256.0,1.0,1,0.33203125,0.0,0.66796875,0.33203125,0.2437106986520289,0.2437106986520289
0,2335,597760.0,598016.0,256.0,1.0,1,0.3359375,0.0,0.6640625,0.3359375,0.2437106986520289,0.2437106986520289
0,2336,598016.0,598272.0,256.0,1.0,1,0.33203125,0.0,0.66796875,0.33203125,0.2437106986520289,0.2437106986520289
0,2337,598272.0,598528.0,256.0,1.0,1,0.33203125,0.0,0.66796875,0.33203125,0.2437106986520289,0.2437106986520289
0,2338,598528.0,598784.0,256.0,1.0,1,0.3359375,0.0,0.6640625,0.3359375,0.2437106986520289,0.2437106986520289
0,2339,598784.0,599040.0,256.0,1.0,1,0.33203125,0.0,0.66796875,0.33203125,0.2437106986520289,0.2437106986520289
0,2340,599040.0,599296.0,256.0,1.0,1,0.33203125,0.0,0.66796875,0.33203125,0.2437106986520289,0.2437106986520289
0,2341,599296.0,599552.0,256.0,1.0,1,0.3359375,0.0,0.6640625,0.3359375,0.2437106986520289,0.2437106986520289
0,2342,599552.0,599808.0,256.0,1.0,1,0.33203125,0.0,0.66796875,0.33203125,0.2437106986520289,0.2437106986520289
0,2343,599808.0,600064.0,256.0,1.0,1,0.33203125,0.0,0.66796875,0.33203125,0.2437106986520289,0.2437106986520289
0,2344,600064.0,600320.0,256.0,1.0,1,0.3359375,0.0,0.6640625,0.3359375,0.2437106986520289,0.2437106986520289
0,2345,600320.0,600576.0,256.0,1.0,1,0.33203125,0.0,0.66796875,0.33203125,0.2437106986520289,0.2437106986520289
0,2346,600576.0,600832.0,256.0,1.0,1,0.33203125,0.0,0.66796875,0.33203125,0.2437106986520289,0.2437106986520289
0,2347,600832.0,601088.0,256.0,1.0,1,0.3359375,0.0,0.6640625,0.3359375,0.2437106986520289,0.2437106986520289
0,2348,601088.0,601344.0,256.0,1.0,1,0.33203125,0.0,0.66796875,0.33203125,0.2437106986520289,0.2437106986520289
0,2349,601344.0,601600.0,256.0,1.0,1,0.33203125,0.0,0.66796875,0.33203125,0.2437106986520289,0.2437106986520289
0,2350,601600.0,601856.0,256.0,1.0,1,0.3359375,0.0,0.6640625,0.3359375,0.2437106986520289,0.2437106986520289
0,2351,601856.0,602112.0,256.0,1.0,1,0.33203125,0.0,0.66796875,0.33203125,0.2437106986520289,0.2437106986520289
0,2352,602112.0,602368.0,256.0,1.0,1,0.33203125,0.0,0.66796875,0.33203125,0.2437106986520289,0.2437106986520289
0,2353,602368.0,602624.0,256.0,1.0,1,0.3359375,0.0,0.6640625,0.3359375,0.2437106986520289,0.2437106986520289
0,2354,602624.0,602880.0,256.0,1.0,1,0.33203125,0.0,0.66796875,0.33203125,0.2437106986520289,0.2437106986520289
0,2355,602880.0,603136.0,256.0,1.0,1,0.33203125,0.0,0.66796875,0.33203125,0.2437106986520289,0.2437106986520289
0,2356,603136.0,603392.0,256.0,1.0,1,0.3359375,0.0,0.6640625,0.3359375,0.2437106986520289,0.2437106986520289
0,2357,603392.0,603648.0,256.0,1.0,1,0.33203125,0.0,0.66796875,0.33203125,0.2437106986520289,0.2437106986520289
0,2358,603648.0,603904.0,256.0,1.0,1,0.33203125,0.0,0.66796875,0.33203125,0.2437106986520289,0.2437106986520289
0,2359,603904.0,604160.0,256.0,1.0,1,0.3359375,0.0,0.6640625,0.3359375,0.2437106986520289,0.2437106986520289
0,2360,604160.0,604416.0,256.0,1.0,1,0.33203125,0.0,0.66796875,0.33203125,0.2437106986520289,0.2437106986520289
0,2361,604416.0,604672.0,256.0,1.0,1,0.33203125,0.0,0.66796875,0.33203125,0.2437106986520289,0.2437106986520289
0,2362,604672.0,604928.0,256.0,1.0,1,0.3359375,0.0,0.6640625,0.3359375,0.2437106986520289,0.2437106986520289
0,2363,604928.0,605184.0,256.0,1.0,1,0.33203125,0.0,0.66796875,0.33203125,0.2437106986520289,0.2437106986520289
0,2364,605184.0,605440.0,256.0,1.0,1,0.33203125,0.0,0.66796875,0.33203125,0.2437106986520289,0.2437106986520289
0,2365,605440.0,605696.0,256.0,1.0,1,0.3359375,0.0,0.6640625,0.3359375,0.2437106986520289,0.2437106986520289
0,2366,605696.0,605952.0,256.0,1.0,1,0.33203125,0.0,0.66796875,0.33203125,0.2437106986520289,0.2437106986520289
0,2367,605952.0,606208.0,256.0,1.0,1,0.33203125,0.0,0.66796875,0.33203125,0.2437106986520289,0.2437106986520289
0,2368,606208.0,606464.0,256.0,1.0,1,0.3359375,0.0,0.6640625,0.3359375,0.2437106986520289,0.2437106986520289
0,2369,606464.0,606720.0,256.0,1.0,1,0.33203125,0.0,0.66796875,0.33203125,0.2437106986520289,0.2437106986520289
0,2370,606720.0,606976.0,256.0,1.0,1,0.33203125,0.0,0.66796875,0.33203125,0.2437106986520289,0.2437106986520289
0,2371,606976.0,607232.0,256.0,1.0,1,0.3359375,0.0,0.6640625,0.3359375,0.2437106986520289,0.2437106986520289
0,2372,607232.0,607488.0,256.0,1.0,1,0.33203125,0.0,0.66796875,0.33203125,0.2437106986520289,0.2437106986520289
0,2373,607488.0,607744.0,256.0,1.0,1,0.33203125,0.0,0.66796875,0.33203125,0.2437106986520289,0.2437106986520289
0,2374,607744.0,608000.0,256.0,1.0,1,0.3359375,0.0,0.6640625,0.3359375,0.2437106986520289,0.2437106986520289
0,2375,608000.0,608256.0,256.0,1.0,1,0.33203125,0.0,0.66796875,0.33203125,0.2437106986520289,0.2437106986520289
0,2376,608256.0,608512.0,256.0,1.0,1,0.33203125,0.0,0.66796875,0.33203125,0.2437106986520289,0.2437106986520289
0,2377,608512.0,608768.0,256.0,1.0,1,0.3359375,0.0,0.6640625,0.3359375,0.2437106986520289,0.2437106986520289
0,2378,608768.0,609024.0,256.0,1.0,1,0.33203125,0.0,0.66796875,0.33203125,0.2437106986520289,0.2437106986520289
0,2379,609024.0,609280.0,256.0,1.0,1,0.33203125,0.0,0.66796875,0.33203125,0.2437106986520289,0.2437106986520289
0,2380,609280.0,609536.0,256.0,1.0,1,0.3359375,0.0,0.6640625,0.3359375,0.2437106986520289,0.2437106986520289
0,2381,609536.0,609792.0,256.0,1.0,1,0.33203125,0.0,0.66796875,0.33203125,0.2437106986520289,0.2437106986520289
0,2382,609792.0,610048.0,256.0,1.0,1,0.33203125,0.0,0.66796875,0.33203125,0.2437106986520289,0.2437106986520289
0,2383,610048.0,610304.0,256.0,1.0,1,0.3359375,0.0,0.6640625,0.3359375,0.2437106986520289,0.2437106986520289
0,2384,610304.0,610560.0,256.0,1.0,1,0.33203125,0.0,0.66796875,0.33203125,0.2437106986520289,0.2437106986520289
0,2385,610560.0,610816.0,256.0,1.0,1,0.33203125,0.0,0.66796875,0.33203125,0.2437106986520289,0.2437106986520289
0,2386,610816.0,611072.0,256.0,1.0,1,0.3359375,0.0,0.6640625,0.3359375,0.2437106986520289,0.2437106986520289
0,2387,611072.0,611328.0,256.0,1.0,1,0.33203125,0.0,0.66796875,0.33203125,0.2437106986520289,0.2437106986520289
0,2388,611328.0,611584.0,256.0,1.0,1,0.33203125,0.0,0.66796875,0.33203125,0.2437106986520289,0.2437106986520289
0,2389,611584.0,611840.0,256.0,1.0,1,0.3359375,0.0,0.6640625,0.3359375,0.2437106986520289,0.2437106986520289
0,2390,611840.0,612096.0,256.0,1.0,1,0.33203125,0.0,0.66796875,0.33203125,0.2437106986520289,0.2437106986520289
0,2391,612096.0,612352.0,256.0,1.0,1,0.33203125,0.0,0.66796875,0.33203125,0.2437106986520289,0.2437106986520289
0,2392,612352.0,612608.0,256.0,1.0,1,0.3359375,0.0,0.6640625,0.3359375,0.2437106986520289,0.2437106986520289
0,2393,612608.0,612864.0,256.0,1.0,1,0.33203125,0.0,0.66796875,0.33203125,0.2437106986520289,0.2437106986520289
0,2394,612864.0,613120.0,256.0,1.0,1,0.33203125,0.0,0.66796875,0.33203125,0.2437106986520289,0.2437106986520289
0,2395,613120.0,613376.0,256.0,1.0,1,0.3359375,0.0,0.6640625,0.3359375,0.2437106986520289,0.2437106986520289
0,2396,613376.0,613632.0,256.0,1.0,1,0.33203125,0.0,0.66796875,0.33203125,0.2437106986520289,0.2437106986520289
0,2397,613632.0,613888.0,256.0,1.0,1,0.33203125,0.0,0.66796875,0.33203125,0.2437106986520289,0.2437106986520289
0,2398,613888.0,614144.0,256.0,1.0,1,0.3359375,0.0,0.6640625,0.3359375,0.2437106986520289,0.2437106986520289
0,2399,614144.0,614400.0,256.0,1.0,1,0.33203125,0.0,0.66796875,0.33203125,0.2437106986520289,0.2437106986520289
0,2400,614400.0,614656.0,256.0,1.0,1,0.33203125,0.0,0.66796875,0.33203125,0.2437106986520289,0.2437106986520289
0,2401,614656.0,614912.0,256.0,1.0,1,0.3359375,0.0,0.6640625,0.3359375,0.2437106986520289,0.2437106986520289
0,2402,614912.0,615168.0,256.0,1.0,1,0.33203125,0.0,0.66796875,0.33203125,0.2437106986520289,0.2437106986520289
0,2403,615168.0,615424.0,256.0,1.0,1,0.33203125,0.0,0.66796875,0.33203125,0.2437106986520289,0.2437106986520289
0,2404,615424.0,615680.0,256.0,1.0,1,0.3359375,0.0,0.6640625,0.3359375,0.2437106986520289,0.2437106986520289
0,2405,615680.0,615936.0,256.0,1.0,1,0.33203125,0.0,0.66796875,0.33203125,0.2437106986520289,0.2437106986520289
0,2406,615936.0,616192.0,256.0,1.0,1,0.33203125,0.0,0.66796875,0.33203125,0.2437106986520289,0.2437106986520289
0,2407,616192.0,616448.0,256.0,1.0,1,0.3359375,0.0,0.6640625,0.3359375,0.2437106986520289,0.2437106986520289
0,2408,616448.0,616704.0,256.0,1.0,1,0.33203125,0.0,0.66796875,0.33203125,0.2437106986520289,0.2437106986520289
0,2409,616704.0,616960.0,256.0,1.0,1,0.33203125,0.0,0.66796875,0.33203125,0.2437106986520289,0.2437106986520289
0,2410,616960.0,617216.0,256.0,1.0,1,0.3359375,0.0,0.6640625,0.3359375,0.2437106986520289,0.2437106986520289
0,2411,617216.0,617472.0,256.0,1.0,1,0.33203125,0.0,0.66796875,0.33203125,0.2437106986520289,0.2437106986520289
0,2412,617472.0,617728.0,256.0,1.0,1,0.33203125,0.0,0.66796875,0.33203125,0.2437106986520289,0.2437106986520289
0,2413,617728.0,617984.0,256.0,1.0,1,0.3359375,0.0,0.6640625,0.3359375,0.2437106986520289,0.2437106986520289
0,2414,617984.0,618240.0,256.0,1.0,1,0.33203125,0.0,0.66796875,0.33203125,0.2437106986520289,0.2437106986520289
0,2415,618240.0,618496.0,256.0,1.0,1,0.33203125,0.0,0.66796875,0.33203125,0.2437106986520289,0.2437106986520289
0,2416,618496.0,618752.0,256.0,1.0,1,0.3359375,0.0,0.6640625,0.3359375,0.2437106986520289,0.2437106986520289
0,2417,618752.0,619008.0,256.0,1.0,1,0.33203125,0.0,0.66796875,0.33203125,0.2437106986520289,0.2437106986520289
0,2418,619008.0,619264.0,256.0,1.0,1,0.33203125,0.0,0.66796875,0.33203125,0.2437106986520289,0.2437106986520289
0,2419,619264.0,619520.0,256.0,1.0,1,0.3359375,0.0,0.6640625,0.3359375,0.2437106986520289,0.2437106986520289
0,2420,619520.0,619776.0,256.0,1.0,1,0.33203125,0.0,0.66796875,0.33203125,0.2437106986520289,0.2437106986520289
0,2421,619776.0,620032.0,256.0,1.0,1,0.33203125,0.0,0.66796875,0.33203125,0.2437106986520289,0.2437106986520289
0,2422,620032.0,620288.0,256.0,1.0,1,0.3359375,0.0,0.6640625,0.3359375,0.2437106986520289,0.2437106986520289
0,2423,620288.0,620544.0,256.0,1.0,1,0.33203125,0.0,0.66796875,0.33203125,0.2437106986520289,0.2437106986520289
0,2424,620544.0,620800.0,256.0,1.0,1,0.33203125,0.0,0.66796875,0.33203125,0.2437106986520289,0.2437106986520289
0,2425,620800.0,621056.0,256.0,1.0,1,0.3359375,0.0,0.6640625,0.3359375,0.2437106986520289,0.2437106986520289
0,2426,621056.0,621312.0,256.0,1.0,1,0.33203125,0.0,0.66796875,0.33203125,0.2437106986520289,0.2437106986520289
0,2427,621312.0,621568.0,256.0,1.0,1,0.33203125,0.0,0.66796875,0.33203125,0.2437106986520289,0.2437106986520289
0,2428,621568.0,621824.0,256.0,1.0,1,0.3359375,0.0,0.6640625,0.3359375,0.2437106986520289,0.2437106986520289
0,2429,621824.0,622080.0,256.0,1.0,1,0.33203125,0.0,0.66796875,0.33203125,0.2437106986520289,0.2437106986520289
0,2430,622080.0,622336.0,256.0,1.0,1,0.33203125,0.0,0.66796875,0.33203125,0.2437106986520289,0.2437106986520289
0,2431,622336.0,622592.0,256.0,1.0,1,0.3359375,0.0,0.6640625,0.3359375,0.2437106986520289,0.2437106986520289
0,2432,622592.0,622848.0,256.0,1.0,1,0.33203125,0.0,0.66796875,0.33203125,0.2437106986520289,0.2437106986520289
0,2433,622848.0,623104.0,256.0,1.0,1,0.33203125,0.0,0.66796875,0.33203125,0.2437106986520289,0.2437106986520289
0,2434,623104.0,623360.0,256.0,1.0,1,0.3359375,0.0,0.6640625,0.3359375,0.2437106986520289,0.2437106986520289
0,2435,623360.0,623616.0,256.0,1.0,1,0.33203125,0.0,0.66796875,0.33203125,0.2437106986520289,0.2437106986520289
0,2436,623616.0,623872.0,256.0,1.0,1,0.33203125,0.0,0.66796875,0.33203125,0.2437106986520289,0.2437106986520289
0,2437,623872.0,624128.0,256.0,1.0,1,0.3359375,0.0,0.6640625,0.3359375,0.2437106986520289,0.2437106986520289
0,2438,624128.0,624384.0,256.0,1.0,1,0.33203125,0.0,0.66796875,0.33203125,0.2437106986520289,0.2437106986520289
0,2439,624384.0,624640.0,256.0,1.0,1,0.33203125,0.0,0.66796875,0.33203125,0.2437106986520289,0.2437106986520289
0,2440,624640.0,624896.0,256.0,1.0,1,0.3359375,0.0,0.6640625,0.3359375,0.2437106986520289,0.2437106986520289
0,2441,624896.0,625152.0,256.0,1.0,1,0.33203125,0.0,0.66796875,0.33203125,0.2437106986520289,0.2437106986520289
0,2442,625152.0,625408.0,256.0,1.0,1,0.33203125,0.0,0.66796875,0.33203125,0.2437106986520289,0.2437106986520289
0,2443,625408.0,625664.0,256.0,1.0,1,0.3359375,0.0,0.6640625,0.3359375,0.2437106986520289,0.2437106986520289
0,2444,625664.0,625920.0,256.0,1.0,1,0.33203125,0.0,0.66796875,0.33203125,0.2437106986520289,0.2437106986520289
0,2445,625920.0,626176.0,256.0,1.0,1,0.33203125,0.0,0.66796875,0.33203125,0.2437106986520289,0.2437106986520289
0,2446,626176.0,626432.0,256.0,1.0,1,0.3359375,0.0,0.6640625,0.3359375,0.2437106986520289,0.2437106986520289
0,2447,626432.0,626688.0,256.0,1.0,1,0.33203125,0.0,0.66796875,0.33203125,0.2437106986520289,0.2437106986520289
0,2448,626688.0,626944.0,256.0,1.0,1,0.33203125,0.0,0.66796875,0.33203125,0.2437106986520289,0.2437106986520289
0,2449,626944.0,627200.0,256.0,1.0,1,0.3359375,0.0,0.6640625,0.3359375,0.2437106986520289,0.2437106986520289
0,2450,627200.0,627456.0,256.0,1.0,1,0.33203125,0.0,0.66796875,0.33203125,0.2437106986520289,0.2437106986520289
0,2451,627456.0,627712.0,256.0,1.0,1,0.33203125,0.0,0.66796875,0.33203125,0.2437106986520289,0.2437106986520289
0,2452,627712.0,627968.0,256.0,1.0,1,0.3359375,0.0,0.6640625,0.3359375,0.2437106986520289,0.2437106986520289
0,2453,627968.0,628224.0,256.0,1.0,1,0.33203125,0.0,0.66796875,0.33203125,0.2437106986520289,0.2437106986520289
0,2454,628224.0,628480.0,256.0,1.0,1,0.33203125,0.0,0.66796875,0.33203125,0.2437106986520289,0.2437106986520289
0,2455,628480.0,628736.0,256.0,1.0,1,0.3359375,0.0,0.6640625,0.3359375,0.2437106986520289,0.2437106986520289
0,2456,628736.0,628992.0,256.0,1.0,1,0.33203125,0.0,0.66796875,0.33203125,0.2437106986520289,0.2437106986520289
0,2457,628992.0,629248.0,256.0,1.0,1,0.33203125,0.0,0.66796875,0.33203125,0.2437106986520289,0.2437106986520289
0,2458,629248.0,629504.0,256.0,1.0,1,0.3359375,0.0,0.6640625,0.3359375,0.2437106986520289,0.2437106986520289
0,2459,629504.0,629760.0,256.0,1.0,1,0.33203125,0.0,0.66796875,0.33203125,0.2437106986520289,0.2437106986520289
0,2460,629760.0,630016.0,256.0,1.0,1,0.25390625,0.24609375,0.5,0.25390625,0.2437106986520289,0.2437106986520289
0,2461,630016.0,630272.0,256.0,1.0,1,0.0,1.0,0.0,0.0,0.2437106986520289,0.2437106986520289
0,2462,630272.0,630528.0,256.0,1.0,1,0.0,1.0,0.0,0.0,0.2437106986520289,0.2437106986520289
0,2463,630528.0,630784.0,256.0,1.0,1,0.0,1.0,0.0,0.0,0.2437106986520289,0.2437106986520289
0,2464,630784.0,631040.0,256.0,1.0,1,0.0,1.0,0.0,0.0,0.2437106986520289,0.2437106986520289
0,2465,631040.0,631296.0,256.0,1.0,1,0.0,1.0,0.0,0.0,0.2437106986520289,0.2437106986520289
0,2466,631296.0,631552.0,256.0,1.0,1,0.0,1.0,0.0,0.0,0.2437106986520289,0.2437106986520289
0,2467,631552.0,631808.0,256.0,1.0,1,0.0,1.0,0.0,0.0,0.2437106986520289,0.2437106986520289
0,2468,631808.0,632064.0,256.0,1.0,1,0.0,1.0,0.0,0.0,0.2437106986520289,0.2437106986520289
0,2469,632064.0,632320.0,256.0,1.0,1,0.0,1.0,0.0,0.0,0.2437106986520289,0.2437106986520289
0,2470,632320.0,632576.0,256.0,1.0,1,0.0,1.0,0.0,0.0,0.2437106986520289,0.2437106986520289
0,2471,632576.0,632832.0,256.0,1.0,1,0.0,1.0,0.0,0.0,0.2437106986520289,0.2437106986520289
0,2472,632832.0,633088.0,256.0,1.0,1,0.0,1.0,0.0,0.0,0.2437106986520289,0.2437106986520289
0,2473,633088.0,633344.0,256.0,1.0,1,0.0,1.0,0.0,0.0,0.2437106986520289,0.2437106986520289
0,2474,633344.0,633600.0,256.0,1.0,1,0.0,1.0,0.0,0.0,0.2437106986520289,0.2437106986520289
0,2475,633600.0,633856.0,256.0,1.0,1,0.0,1.0,0.0,0.0,0.2437106986520289,0.2437106986520289
0,2476,633856.0,634112.0,256.0,1.0,1,0.0,1.0,0.0,0.0,0.2437106986520289,0.2437106986520289
0,2477,634112.0,634368.0,256.0,1.0,1,0.0,1.0,0.0,0.0,0.2437106986520289,0.2437106986520289
0,2478,634368.0,634624.0,256.0,1.0,1,0.0,1.0,0.0,0.0,0.2437106986520289,0.2437106986520289
0,2479,634624.0,634880.0,256.0,1.0,1,0.0,1.0,0.0,0.0,0.2437106986520289,0.2437106986520289
0,2480,634880.0,635136.0,256.0,1.0,1,0.0,1.0,0.0,0.0,0.2437106986520289,0.2437106986520289
0,2481,635136.0,635392.0,256.0,1.0,1,0.0,1.0,0.0,0.0,0.2437106986520289,0.2437106986520289
0,2482,635392.0,635648.0,256.0,1.0,1,0.0,1.0,0.0,0.0,0.2437106986520289,0.2437106986520289
0,2483,635648.0,635904.0,256.0,1.0,1,0.0,1.0,0.0,0.0,0.2437106986520289,0.2437106986520289
0,2484,635904.0,636160.0,256.0,1.0,1,0.0,1.0,0.0,0.0,0.2437106986520289,0.2437106986520289
0,2485,636160.0,636416.0,256.0,1.0,1,0.0,1.0,0.0,0.0,0.2437106986520289,0.2437106986520289
0,2486,636416.0,636672.0,256.0,1.0,1,0.0,1.0,0.0,0.0,0.2437106986520289,0.2437106986520289
0,2487,636672.0,636928.0,256.0,1.0,1,0.0,1.0,0.0,0.0,0.2437106986520289,0.2437106986520289
0,2488,636928.0,637184.0,256.0,1.0,1,0.0,1.0,0.0,0.0,0.2437106986520289,0.2437106986520289
0,2489,637184.0,637440.0,256.0,1.0,1,0.0,1.0,0.0,0.0,0.2437106986520289,0.2437106986520289
0,2490,637440.0,637696.0,256.0,1.0,1,0.0,1.0,0.0,0.0,0.2437106986520289,0.2437106986520289
0,2491,637696.0,637952.0,256.0,1.0,1,0.0,1.0,0.0,0.0,0.2437106986520289,0.2437106986520289
0,2492,637952.0,638208.0,256.0,1.0,1,0.0,1.0,0.0,0.0,0.2437106986520289,0.2437106986520289
0,2493,638208.0,638464.0,256.0,1.0,1,0.0,1.0,0.0,0.0,0.2437106986520289,0.2437106986520289
0,2494,638464.0,638720.0,256.0,1.0,1,0.0,1.0,0.0,0.0,0.2437106986520289,0.2437106986520289
0,2495,638720.0,638976.0,256.0,1.0,1,0.0,1.0,0.0,0.0,0.2437106986520289,0.2437106986520289
0,2496,638976.0,639232.0,256.0,1.0,1,0.0,1.0,0.0,0.0,0.2437106986520289,0.2437106986520289
0,2497,639232.0,639488.0,256.0,1.0,1,0.0,1.0,0.0,0.0,0.2437106986520289,0.2437106986520289
0,2498,639488.0,639744.0,256.0,1.0,1,0.0,1.0,0.0,0.0,0.2437106986520289,0.2437106986520289
0,2499,639744.0,640000.0,256.0,1.0,1,0.0,1.0,0.0,0.0,0.2437106986520289,0.2437106986520289
0,2500,640000.0,640256.0,256.0,1.0,1,0.0,1.0,0.0,0.0,0.2437106986520289,0.2437106986520289
0,2501,640256.0,640512.0,256.0,1.0,1,0.0,1.0,0.0,0.0,0.2437106986520289,0.2437106986520289
0,2502,640512.0,640768.0,256.0,1.0,1,0.0,1.0,0.0,0.0,0.2437106986520289,0.2437106986520289
0,2503,640768.0,641024.0,256.0,1.0,1,0.0,1.0,0.0,0.0,0.2437106986520289,0.2437106986520289
0,2504,641024.0,641280.0,256.0,1.0,1,0.0,1.0,0.0,0.0,0.2437106986520289,0.2437106986520289
0,2505,641280.0,641536.0,256.0,1.0,1,0.0,1.0,0.0,0.0,0.2437106986520289,0.2437106986520289
0,2506,641536.0,641792.0,256.0,1.0,1,0.0,1.0,0.0,0.0,0.2437106986520289,0.2437106986520289
0,2507,641792.0,642048.0,256.0,1.0,1,0.0,1.0,0.0,0.0,0.2437106986520289,0.2437106986520289
0,2508,642048.0,642304.0,256.0,1.0,1,0.0,1.0,0.0,0.0,0.2437106986520289,0.2437106986520289
0,2509,642304.0,642560.0,256.0,1.0,1,0.0,1.0,0.0,0.0,0.2437106986520289,0.2437106986520289
0,2510,642560.0,642816.0,256.0,1.0,1,0.0,1.0,0.0,0.0,0.2437106986520289,0.2437106986520289
0,2511,642816.0,643072.0,256.0,1.0,1,0.0,1.0,0.0,0.0,0.2437106986520289,0.2437106986520289
0,2512,643072.0,643328.0,256.0,1.0,1,0.0,1.0,0.0,0.0,0.2437106986520289,0.2437106986520289
0,2513,643328.0,643584.0,256.0,1.0,1,0.0,1.0,0.0,0.0,0.2437106986520289,0.2437106986520289
0,2514,643584.0,643840.0,256.0,1.0,1,0.0,1.0,0.0,0.0,0.2437106986520289,0.2437106986520289
0,2515,643840.0,644096.0,256.0,1.0,1,0.0,1.0,0.0,0.0,0.2437106986520289,0.2437106986520289
0,2516,644096.0,644352.0,256.0,1.0,1,0.0,1.0,0.0,0.0,0.2437106986520289,0.2437106986520289
0,2517,644352.0,644608.0,256.0,1.0,1,0.0,1.0,0.0,0.0,0.2437106986520289,0.2437106986520289
0,2518,644608.0,644864.0,256.0,1.0,1,0.0,1.0,0.0,0.0,0.2437106986520289,0.2437106986520289
0,2519,644864.0,645120.0,256.0,1.0,1,0.0,1.0,0.0,0.0,0.2437106986520289,0.2437106986520289
0,2520,645120.0,645376.0,256.0,1.0,1,0.0,1.0,0.0,0.0,0.2437106986520289,0.2437106986520289
0,2521,645376.0,645632.0,256.0,1.0,1,0.0,1.0,0.0,0.0,0.2437106986520289,0.2437106986520289
0,2522,645632.0,645888.0,256.0,1.0,1,0.0,1.0,0.0,0.0,0.2437106986520289,0.2437106986520289
0,2523,645888.0,646144.0,256.0,1.0,1,0.0,1.0,0.0,0.0,0.2437106986520289,0.2437106986520289
0,2524,646144.0,646400.0,256.0,1.0,1,0.0,1.0,0.0,0.0,0.2437106986520289,0.2437106986520289
0,2525,646400.0,646656.0,256.0,1.0,1,0.0,1.0,0.0,0.0,0.2437106986520289,0.2437106986520289
0,2526,646656.0,646912.0,256.0,1.0,1,0.0,1.0,0.0,0.0,0.2437106986520289,0.2437106986520289
0,2527,646912.0,647168.0,256.0,1.0,1,0.0,1.0,0.0,0.0,0.2437106986520289,0.2437106986520289
0,2528,647168.0,647424.0,256.0,1.0,1,0.0,1.0,0.0,0.0,0.2437106986520289,0.2437106986520289
0,2529,647424.0,647680.0,256.0,1.0,1,0.0,1.0,0.0,0.0,0.2437106986520289,0.2437106986520289
0,2530,647680.0,647936.0,256.0,1.0,1,0.0,1.0,0.0,0.0,0.2437106986520289,0.2437106986520289
0,2531,647936.0,648192.0,256.0,1.0,1,0.0,1.0,0.0,0.0,0.2437106986520289,0.2437106986520289
0,2532,648192.0,648448.0,256.0,1.0,1,0.0,1.0,0.0,0.0,0.2437106986520289,0.2437106986520289
0,2533,648448.0,648704.0,256.0,1.0,1,0.0,1.0,0.0,0.0,0.2437106986520289,0.2437106986520289
0,2534,648704.0,648960.0,256.0,1.0,1,0.0,1.0,0.0,0.0,0.2437106986520289,0.2437106986520289
0,2535,648960.0,649216.0,256.0,1.0,1,0.0,1.0,0.0,0.0,0.2437106986520289,0.2437106986520289
0,2536,649216.0,649472.0,256.0,1.0,1,0.0,1.0,0.0,0.0,0.2437106986520289,0.2437106986520289
0,2537,649472.0,649728.0,256.0,1.0,1,0.0,1.0,0.0,0.0,0.2437106986520289,0.2437106986520289
0,2538,649728.0,649984.0,256.0,1.0,1,0.0,1.0,0.0,0.0,0.2437106986520289,0.2437106986520289
0,2539,649984.0,650240.0,256.0,1.0,1,0.0,1.0,0.0,0.0,0.2437106986520289,0.2437106986520289
0,2540,650240.0,650496.0,256.0,1.0,1,0.0,1.0,0.0,0.0,0.2437106986520289,0.2437106986520289
0,2541,650496.0,650752.0,256.0,1.0,1,0.0,1.0,0.0,0.0,0.2437106986520289,0.2437106986520289
0,2542,650752.0,651008.0,256.0,1.0,1,0.0,1.0,0.0,0.0,0.2437106986520289,0.2437106986520289
0,2543,651008.0,651264.0,256.0,1.0,1,0.0,1.0,0.0,0.0,0.2437106986520289,0.2437106986520289
0,2544,651264.0,651520.0,256.0,1.0,1,0.0,1.0,0.0,0.0,0.2437106986520289,0.2437106986520289
0,2545,651520.0,651776.0,256.0,1.0,1,0.0,1.0,0.0,0.0,0.2437106986520289,0.2437106986520289
0,2546,651776.0,652032.0,256.0,1.0,1,0.0,1.0,0.0,0.0,0.2437106986520289,0.2437106986520289
0,2547,652032.0,652288.0,256.0,1.0,1,0.0,1.0,0.0,0.0,0.2437106986520289,0.2437106986520289
0,2548,652288.0,652544.0,256.0,1.0,1,0.0,1.0,0.0,0.0,0.2437106986520289,0.2437106986520289
0,2549,652544.0,652800.0,256.0,1.0,1,0.0,1.0,0.0,0.0,0.2437106986520289,0.2437106986520289
0,2550,652800.0,653056.0,256.0,1.0,1,0.0,1.0,0.0,0.0,0.2437106986520289,0.2437106986520289
0,2551,653056.0,653312.0,256.0,1.0,1,0.0,1.0,0.0,0.0,0.2437106986520289,0.2437106986520289
0,2552,653312.0,653568.0,256.0,1.0,1,0.0,1.0,0.0,0.0,0.2437106986520289,0.2437106986520289
0,2553,653568.0,653824.0,256.0,1.0,1,0.0,1.0,0.0,0.0,0.2437106986520289,0.2437106986520289
0,2554,653824.0,654080.0,256.0,1.0,1,0.0,1.0,0.0,0.0,0.2437106986520289,0.2437106986520289
0,2555,654080.0,654336.0,256.0,1.0,1,0.0,1.0,0.0,0.0,0.2437106986520289,0.2437106986520289
0,2556,654336.0,654592.0,256.0,1.0,1,0.0,1.0,0.0,0.0,0.2437106986520289,0.2437106986520289
0,2557,654592.0,654848.0,256.0,1.0,1,0.0,1.0,0.0,0.0,0.2437106986520289,0.2437106986520289
0,2558,654848.0,655104.0,256.0,1.0,1,0.0,1.0,0.0,0.0,0.2437106986520289,0.2437106986520289
0,2559,655104.0,655360.0,256.0,1.0,1,0.0,1.0,0.0,0.0,0.2437106986520289,0.2437106986520289
0,2560,655360.0,655616.0,256.0,1.0,1,0.0,1.0,0.0,0.0,0.2437106986520289,0.2437106986520289
0,2561,655616.0,655872.0,256.0,1.0,1,0.0,1.0,0.0,0.0,0.2437106986520289,0.2437106986520289
0,2562,655872.0,656128.0,256.0,1.0,1,0.0,1.0,0.0,0.0,0.2437106986520289,0.2437106986520289
0,2563,656128.0,656384.0,256.0,1.0,1,0.0,1.0,0.0,0.0,0.2437106986520289,0.2437106986520289
0,2564,656384.0,656640.0,256.0,1.0,1,0.0,1.0,0.0,0.0,0.2437106986520289,0.2437106986520289
0,2565,656640.0,656896.0,256.0,1.0,1,0.0,1.0,0.0,0.0,0.2437106986520289,0.2437106986520289
0,2566,656896.0,657152.0,256.0,1.0,1,0.0,1.0,0.0,0.0,0.2437106986520289,0.2437106986520289
0,2567,657152.0,657408.0,256.0,1.0,1,0.0,1.0,0.0,0.0,0.2437106986520289,0.2437106986520289
0,2568,657408.0,657664.0,256.0,1.0,1,0.0,1.0,0.0,0.0,0.2437106986520289,0.2437106986520289
0,2569,657664.0,657920.0,256.0,1.0,1,0.0,1.0,0.0,0.0,0.2437106986520289,0.2437106986520289
0,2570,657920.0,658176.0,256.0,1.0,1,0.0,1.0,0.0,0.0,0.2437106986520289,0.2437106986520289
0,2571,658176.0,658432.0,256.0,1.0,1,0.0,1.0,0.0,0.0,0.2437106986520289,0.2437106986520289
0,2572,658432.0,658688.0,256.0,1.0,1,0.0,1.0,0.0,0.0,0.2437106986520289,0.2437106986520289
0,2573,658688.0,658944.0,256.0,1.0,1,0.0,1.0,0.0,0.0,0.2437106986520289,0.2437106986520289
0,2574,658944.0,659200.0,256.0,1.0,1,0.0,1.0,0.0,0.0,0.2437106986520289,0.2437106986520289
0,2575,659200.0,659456.0,256.0,1.0,1,0.0,1.0,0.0,0.0,0.2437106986520289,0.2437106986520289
0,2576,659456.0,659712.0,256.0,1.0,1,0.0,1.0,0.0,0.0,0.2437106986520289,0.2437106986520289
0,2577,659712.0,659968.0,256.0,1.0,1,0.0,1.0,0.0,0.0,0.2437106986520289,0.2437106986520289
0,2578,659968.0,660224.0,256.0,1.0,1,0.0,1.0,0.0,0.0,0.2437106986520289,0.2437106986520289
0,2579,660224.0,660480.0,256.0,1.0,1,0.0,1.0,0.0,0.0,0.2437106986520289,0.2437106986520289
0,2580,660480.0,660736.0,256.0,1.0,1,0.0,1.0,0.0,0.0,0.2437106986520289,0.2437106986520289
0,2581,660736.0,660992.0,256.0,1.0,1,0.0,1.0,0.0,0.0,0.2437106986520289,0.2437106986520289
0,2582,660992.0,661248.0,256.0,1.0,1,0.0,1.0,0.0,0.0,0.2437106986520289,0.2437106986520289
0,2583,661248.0,661504.0,256.0,1.0,1,0.0,1.0,0.0,0.0,0.2437106986520289,0.2437106986520289
0,2584,661504.0,661760.0,256.0,1.0,1,0.0,1.0,0.0,0.0,0.2437106986520289,0.2437106986520289
0,2585,661760.0,662016.0,256.0,1.0,1,0.0,1.0,0.0,0.0,0.2437106986520289,0.2437106986520289
0,2586,662016.0,662272.0,256.0,1.0,1,0.0,1.0,0.0,0.0,0.2437106986520289,0.2437106986520289
0,2587,662272.0,662528.0,256.0,1.0,1,0.0,1.0,0.0,0.0,0.2437106986520289,0.2437106986520289
0,2588,662528.0,662784.0,256.0,1.0,1,0.0,1.0,0.0,0.0,0.2437106986520289,0.2437106986520289
0,2589,662784.0,663040.0,256.0,1.0,1,0.0,1.0,0.0,0.0,0.2437106986520289,0.2437106986520289
0,2590,663040.0,663296.0,256.0,1.0,1,0.0,1.0,0.0,0.0,0.2437106986520289,0.2437106986520289
0,2591,663296.0,663552.0,256.0,1.0,1,0.0,1.0,0.0,0.0,0.2437106986520289,0.2437106986520289
0,2592,663552.0,663808.0,256.0,1.0,1,0.0,1.0,0.0,0.0,0.2437106986520289,0.2437106986520289
0,2593,663808.0,664064.0,256.0,1.0,1,0.0,1.0,0.0,0.0,0.2437106986520289,0.2437106986520289
0,2594,664064.0,664320.0,256.0,1.0,1,0.0,1.0,0.0,0.0,0.2437106986520289,0.2437106986520289
0,2595,664320.0,664576.0,256.0,1.0,1,0.0,1.0,0.0,0.0,0.2437106986520289,0.2437106986520289
0,2596,664576.0,664832.0,256.0,1.0,1,0.0,1.0,0.0,0.0,0.2437106986520289,0.2437106986520289
0,2597,664832.0,665088.0,256.0,1.0,1,0.0,1.0,0.0,0.0,0.2437106986520289,0.2437106986520289
0,2598,665088.0,665344.0,256.0,1.0,1,0.0,1.0,0.0,0.0,0.2437106986520289,0.2437106986520289
0,2599,665344.0,665600.0,256.0,1.0,1,0.0,1.0,0.0,0.0,0.2437106986520289,0.2437106986520289
0,2600,665600.0,665856.0,256.0,1.0,1,0.0,0.99609375,0.00390625,0.0,0.2437106986520289,0.2437106986520289
0,2601,665856.0,666112.0,256.0,1.0,1,0.0,1.0,0.0,0.0,0.2437106986520289,0.2437106986520289
0,2602,666112.0,666368.0,256.0,1.0,1,0.0,1.0,0.0,0.0,0.2437106986520289,0.2437106986520289
0,2603,666368.0,666624.0,256.0,1.0,1,0.0,1.0,0.0,0.0,0.2437106986520289,0.2437106986520289
0,2604,666624.0,666880.0,256.0,1.0,1,0.0,1.0,0.0,0.0,0.2437106986520289,0.2437106986520289
0,2605,666880.0,667136.0,256.0,1.0,1,0.0,1.0,0.0,0.0,0.2437106986520289,0.2437106986520289
0,2606,667136.0,667392.0,256.0,1.0,1,0.0,1.0,0.0,0.0,0.2437106986520289,0.2437106986520289
0,2607,667392.0,667648.0,256.0,1.0,1,0.0,1.0,0.0,0.0,0.2437106986520289,0.2437106986520289
0,2608,667648.0,667904.0,256.0,1.0,1,0.0,1.0,0.0,0.0,0.2437106986520289,0.2437106986520289
0,2609,667904.0,668160.0,256.0,1.0,1,0.0,1.0,0.0,0.0,0.2437106986520289,0.2437106986520289
0,2610,668160.0,668416.0,256.0,1.0,1,0.0,1.0,0.0,0.0,0.2437106986520289,0.2437106986520289
0,2611,668416.0,668672.0,256.0,1.0,1,0.0,1.0,0.0,0.0,0.2437106986520289,0.2437106986520289
0,2612,668672.0,668928.0,256.0,1.0,1,0.0,1.0,0.0,0.0,0.2437106986520289,0.2437106986520289
0,2613,668928.0,669184.0,256.0,1.0,1,0.0,1.0,0.0,0.0,0.2437106986520289,0.2437106986520289
0,2614,669184.0,669440.0,256.0,1.0,1,0.0,1.0,0.0,0.0,0.2437106986520289,0.2437106986520289
0,2615,669440.0,669696.0,256.0,1.0,1,0.0,1.0,0.0,0.0,0.2437106986520289,0.2437106986520289
0,2616,669696.0,669952.0,256.0,1.0,1,0.0,1.0,0.0,0.0,0.2437106986520289,0.2437106986520289
0,2617,669952.0,670208.0,256.0,1.0,1,0.0,1.0,0.0,0.0,0.2437106986520289,0.2437106986520289
0,2618,670208.0,670464.0,256.0,1.0,1,0.0,1.0,0.0,0.0,0.2437106986520289,0.2437106986520289
0,2619,670464.0,670720.0,256.0,1.0,1,0.0,1.0,0.0,0.0,0.2437106986520289,0.2437106986520289
0,2620,670720.0,670976.0,256.0,1.0,1,0.0,1.0,0.0,0.0,0.2437106986520289,0.2437106986520289
0,2621,670976.0,671232.0,256.0,1.0,1,0.0,1.0,0.0,0.0,0.2437106986520289,0.2437106986520289
0,2622,671232.0,671488.0,256.0,1.0,1,0.0,1.0,0.0,0.0,0.2437106986520289,0.2437106986520289
0,2623,671488.0,671744.0,256.0,1.0,1,0.0,1.0,0.0,0.0,0.2437106986520289,0.2437106986520289
0,2624,671744.0,672000.0,256.0,1.0,1,0.0,1.0,0.0,0.0,0.2437106986520289,0.2437106986520289
0,2625,672000.0,672256.0,256.0,1.0,1,0.0,1.0,0.0,0.0,0.2437106986520289,0.2437106986520289
0,2626,672256.0,672512.0,256.0,1.0,1,0.0,1.0,0.0,0.0,0.2437106986520289,0.2437106986520289
0,2627,672512.0,672768.0,256.0,1.0,1,0.0,1.0,0.0,0.0,0.2437106986520289,0.2437106986520289
0,2628,672768.0,673024.0,256.0,1.0,1,0.0,1.0,0.0,0.0,0.2437106986520289,0.2437106986520289
0,2629,673024.0,673280.0,256.0,1.0,1,0.0,1.0,0.0,0.0,0.2437106986520289,0.2437106986520289
0,2630,673280.0,673536.0,256.0,1.0,1,0.0,1.0,0.0,0.0,0.2437106986520289,0.2437106986520289
0,2631,673536.0,673792.0,256.0,1.0,1,0.0,1.0,0.0,0.0,0.2437106986520289,0.2437106986520289
0,2632,673792.0,674048.0,256.0,1.0,1,0.0,1.0,0.0,0.0,0.2437106986520289,0.2437106986520289
0,2633,674048.0,674304.0,256.0,1.0,1,0.0,1.0,0.0,0.0,0.2437106986520289,0.2437106986520289
0,2634,674304.0,674560.0,256.0,1.0,1,0.0,1.0,0.0,0.0,0.2437106986520289,0.2437106986520289
0,2635,674560.0,674816.0,256.0,1.0,1,0.0078125,0.98046875,0.01171875,0.0078125,0.2437106986520289,0.2437106986520289
0,2636,674816.0,675072.0,256.0,1.0,1,0.0,0.0,1.0,0.0,0.2437106986520289,0.2437106986520289
0,2637,675072.0,675328.0,256.0,1.0,1,0.0,0.0,1.0,0.0,0.2437106986520289,0.2437106986520289
0,2638,675328.0,675584.0,256.0,1.0,1,0.0,0.0,1.0,0.0,0.2437106986520289,0.2437106986520289
0,2639,675584.0,675840.0,256.0,1.0,1,0.0,0.0,1.0,0.0,0.2437106986520289,0.2437106986520289
0,2640,675840.0,676096.0,256.0,1.0,1,0.0,0.0,1.0,0.0,0.2437106986520289,0.2437106986520289
0,2641,676096.0,676352.0,256.0,1.0,1,0.0,0.0,1.0,0.0,0.2437106986520289,0.2437106986520289
0,2642,676352.0,676608.0,256.0,1.0,1,0.0,0.0,1.0,0.0,0.2437106986520289,0.2437106986520289
0,2643,676608.0,676864.0,256.0,1.0,1,0.0,0.0,1.0,0.0,0.2437106986520289,0.2437106986520289
0,2644,676864.0,677120.0,256.0,1.0,1,0.0,0.0,1.0,0.0,0.2437106986520289,0.2437106986520289
0,2645,677120.0,677376.0,256.0,1.0,1,0.0,0.0,1.0,0.0,0.2437106986520289,0.2437106986520289
0,2646,677376.0,677632.0,256.0,1.0,1,0.015625,0.36328125,0.62109375,0.015625,0.2437106986520289,0.2437106986520289
0,2647,677632.0,677888.0,256.0,1.0,1,0.0,1.0,0.0,0.0,0.2437106986520289,0.2437106986520289
0,2648,677888.0,678144.0,256.0,1.0,1,0.0,1.0,0.0,0.0,0.2437106986520289,0.2437106986520289
0,2649,678144.0,678400.0,256.0,1.0,1,0.0,1.0,0.0,0.0,0.2437106986520289,0.2437106986520289
0,2650,678400.0,678656.0,256.0,1.0,1,0.0,1.0,0.0,0.0,0.2437106986520289,0.2437106986520289
0,2651,678656.0,678912.0,256.0,1.0,1,0.0,1.0,0.0,0.0,0.2437106986520289,0.2437106986520289
0,2652,678912.0,679168.0,256.0,1.0,1,0.0,1.0,0.0,0.0,0.2437106986520289,0.2437106986520289
0,2653,679168.0,679424.0,256.0,1.0,1,0.0,1.0,0.0,0.0,0.2437106986520289,0.2437106986520289
0,2654,679424.0,679680.0,256.0,1.0,1,0.0,1.0,0.0,0.0,0.2437106986520289,0.2437106986520289
0,2655,679680.0,679936.0,256.0,1.0,1,0.0,1.0,0.0,0.0,0.2437106986520289,0.2437106986520289
0,2656,679936.0,680192.0,256.0,1.0,1,0.0,1.0,0.0,0.0,0.2437106986520289,0.2437106986520289
0,2657,680192.0,680448.0,256.0,1.0,1,0.0,1.0,0.0,0.0,0.2437106986520289,0.2437106986520289
0,2658,680448.0,680704.0,256.0,1.0,1,0.0,1.0,0.0,0.0,0.2437106986520289,0.2437106986520289
0,2659,680704.0,680960.0,256.0,1.0,1,0.0,1.0,0.0,0.0,0.2437106986520289,0.2437106986520289
0,2660,680960.0,681216.0,256.0,1.0,1,0.0,1.0,0.0,0.0,0.2437106986520289,0.2437106986520289
0,2661,681216.0,681472.0,256.0,1.0,1,0.0,1.0,0.0,0.0,0.2437106986520289,0.2437106986520289
0,2662,681472.0,681728.0,256.0,1.0,1,0.0,1.0,0.0,0.0,0.2437106986520289,0.2437106986520289
0,2663,681728.0,681984.0,256.0,1.0,1,0.0,1.0,0.0,0.0,0.2437106986520289,0.2437106986520289
0,2664,681984.0,682240.0,256.0,1.0,1,0.0,1.0,0.0,0.0,0.2437106986520289,0.2437106986520289
0,2665,682240.0,682496.0,256.0,1.0,1,0.0,1.0,0.0,0.0,0.2437106986520289,0.2437106986520289
0,2666,682496.0,682752.0,256.0,1.0,1,0.0,1.0,0.0,0.0,0.2437106986520289,0.2437106986520289
0,2667,682752.0,683008.0,256.0,1.0,1,0.0,1.0,0.0,0.0,0.2437106986520289,0.2437106986520289
0,2668,683008.0,683264.0,256.0,1.0,1,0.0,1.0,0.0,0.0,0.2437106986520289,0.2437106986520289
0,2669,683264.0,683520.0,256.0,1.0,1,0.0,1.0,0.0,0.0,0.2437106986520289,0.2437106986520289
0,2670,683520.0,683776.0,256.0,1.0,1,0.0,1.0,0.0,0.0,0.2437106986520289,0.2437106986520289
0,2671,683776.0,684032.0,256.0,1.0,1,0.0,1.0,0.0,0.0,0.2437106986520289,0.2437106986520289
0,2672,684032.0,684288.0,256.0,1.0,1,0.0,1.0,0.0,0.0,0.2437106986520289,0.2437106986520289
0,2673,684288.0,684544.0,256.0,1.0,1,0.0,1.0,0.0,0.0,0.2437106986520289,0.2437106986520289
0,2674,684544.0,684800.0,256.0,1.0,1,0.0,1.0,0.0,0.0,0.2437106986520289,0.2437106986520289
0,2675,684800.0,685056.0,256.0,1.0,1,0.0,1.0,0.0,0.0,0.2437106986520289,0.2437106986520289
0,2676,685056.0,685312.0,256.0,1.0,1,0.0,1.0,0.0,0.0,0.2437106986520289,0.2437106986520289
0,2677,685312.0,685568.0,256.0,1.0,1,0.0,1.0,0.0,0.0,0.2437106986520289,0.2437106986520289
0,2678,685568.0,685824.0,256.0,1.0,1,0.0,1.0,0.0,0.0,0.2437106986520289,0.2437106986520289
0,2679,685824.0,686080.0,256.0,1.0,1,0.0,1.0,0.0,0.0,0.2437106986520289,0.2437106986520289
0,2680,686080.0,686336.0,256.0,1.0,1,0.0,1.0,0.0,0.0,0.2437106986520289,0.2437106986520289
0,2681,686336.0,686592.0,256.0,1.0,1,0.0,1.0,0.0,0.0,0.2437106986520289,0.2437106986520289
0,2682,686592.0,686848.0,256.0,1.0,1,0.0,1.0,0.0,0.0,0.2437106986520289,0.2437106986520289
0,2683,686848.0,687104.0,256.0,1.0,1,0.0,1.0,0.0,0.0,0.2437106986520289,0.2437106986520289
0,2684,687104.0,687360.0,256.0,1.0,1,0.0,1.0,0.0,0.0,0.2437106986520289,0.2437106986520289
0,2685,687360.0,687616.0,256.0,1.0,1,0.0,1.0,0.0,0.0,0.2437106986520289,0.2437106986520289
0,2686,687616.0,687872.0,256.0,1.0,1,0.0,1.0,0.0,0.0,0.2437106986520289,0.2437106986520289
0,2687,687872.0,688128.0,256.0,1.0,1,0.0,1.0,0.0,0.0,0.2437106986520289,0.2437106986520289
0,2688,688128.0,688384.0,256.0,1.0,1,0.0,1.0,0.0,0.0,0.2437106986520289,0.2437106986520289
0,2689,688384.0,688640.0,256.0,1.0,1,0.0,1.0,0.0,0.0,0.2437106986520289,0.2437106986520289
0,2690,688640.0,688896.0,256.0,1.0,1,0.0,1.0,0.0,0.0,0.2437106986520289,0.2437106986520289
0,2691,688896.0,689152.0,256.0,1.0,1,0.0,1.0,0.0,0.0,0.2437106986520289,0.2437106986520289
0,2692,689152.0,689408.0,256.0,1.0,1,0.0,1.0,0.0,0.0,0.2437106986520289,0.2437106986520289
0,2693,689408.0,689664.0,256.0,1.0,1,0.0,1.0,0.0,0.0,0.2437106986520289,0.2437106986520289
0,2694,689664.0,689920.0,256.0,1.0,1,0.0,1.0,0.0,0.0,0.2437106986520289,0.2437106986520289
0,2695,689920.0,690176.0,256.0,1.0,1,0.0,1.0,0.0,0.0,0.2437106986520289,0.2437106986520289
0,2696,690176.0,690432.0,256.0,1.0,1,0.0,1.0,0.0,0.0,0.2437106986520289,0.2437106986520289
0,2697,690432.0,690688.0,256.0,1.0,1,0.0,1.0,0.0,0.0,0.2437106986520289,0.2437106986520289
0,2698,690688.0,690944.0,256.0,1.0,1,0.0,1.0,0.0,0.0,0.2437106986520289,0.2437106986520289
0,2699,690944.0,691200.0,256.0,1.0,1,0.0,1.0,0.0,0.0,0.2437106986520289,0.2437106986520289
0,2700,691200.0,691456.0,256.0,1.0,1,0.0,1.0,0.0,0.0,0.2437106986520289,0.2437106986520289
0,2701,691456.0,691712.0,256.0,1.0,1,0.0,1.0,0.0,0.0,0.2437106986520289,0.2437106986520289
0,2702,691712.0,691968.0,256.0,1.0,1,0.0,1.0,0.0,0.0,0.2437106986520289,0.2437106986520289
0,2703,691968.0,692224.0,256.0,1.0,1,0.0,1.0,0.0,0.0,0.2437106986520289,0.2437106986520289
0,2704,692224.0,692480.0,256.0,1.0,1,0.0,1.0,0.0,0.0,0.2437106986520289,0.2437106986520289
0,2705,692480.0,692736.0,256.0,1.0,1,0.0,1.0,0.0,0.0,0.2437106986520289,0.2437106986520289
0,2706,692736.0,692992.0,256.0,1.0,1,0.0,1.0,0.0,0.0,0.2437106986520289,0.2437106986520289
0,2707,692992.0,693248.0,256.0,1.0,1,0.0,1.0,0.0,0.0,0.2437106986520289,0.2437106986520289
0,2708,693248.0,693504.0,256.0,1.0,1,0.015625,0.97265625,0.01171875,0.015625,0.2437106986520289,0.2437106986520289
0,2709,693504.0,693760.0,256.0,1.0,1,0.0,1.0,0.0,0.0,0.2437106986520289,0.2437106986520289
0,2710,693760.0,694016.0,256.0,1.0,1,0.0,1.0,0.0,0.0,0.2437106986520289,0.2437106986520289
0,2711,694016.0,694272.0,256.0,1.0,1,0.0,1.0,0.0,0.0,0.2437106986520289,0.2437106986520289
0,2712,694272.0,694528.0,256.0,1.0,1,0.0,1.0,0.0,0.0,0.2437106986520289,0.2437106986520289
0,2713,694528.0,694784.0,256.0,1.0,1,0.0,1.0,0.0,0.0,0.2437106986520289,0.2437106986520289
0,2714,694784.0,695040.0,256.0,1.0,1,0.0,1.0,0.0,0.0,0.2437106986520289,0.2437106986520289
0,2715,695040.0,695296.0,256.0,1.0,1,0.0,1.0,0.0,0.0,0.2437106986520289,0.2437106986520289
0,2716,695296.0,695552.0,256.0,1.0,1,0.0,1.0,0.0,0.0,0.2437106986520289,0.2437106986520289
0,2717,695552.0,695808.0,256.0,1.0,1,0.0,1.0,0.0,0.0,0.2437106986520289,0.2437106986520289
0,2718,695808.0,696064.0,256.0,1.0,1,0.0,1.0,0.0,0.0,0.2437106986520289,0.2437106986520289
0,2719,696064.0,696320.0,256.0,1.0,1,0.0,1.0,0.0,0.0,0.2437106986520289,0.2437106986520289
0,2720,696320.0,696576.0,256.0,1.0,1,0.0,1.0,0.0,0.0,0.2437106986520289,0.2437106986520289
0,2721,696576.0,696832.0,256.0,1.0,1,0.0,1.0,0.0,0.0,0.2437106986520289,0.2437106986520289
0,2722,696832.0,697088.0,256.0,1.0,1,0.0,1.0,0.0,0.0,0.2437106986520289,0.2437106986520289
0,2723,697088.0,697344.0,256.0,1.0,1,0.0,1.0,0.0,0.0,0.2437106986520289,0.2437106986520289
0,2724,697344.0,697600.0,256.0,1.0,1,0.0,1.0,0.0,0.0,0.2437106986520289,0.2437106986520289
0,2725,697600.0,697856.0,256.0,1.0,1,0.0,1.0,0.0,0.0,0.2437106986520289,0.2437106986520289
0,2726,697856.0,698112.0,256.0,1.0,1,0.0,1.0,0.0,0.0,0.2437106986520289,0.2437106986520289
0,2727,698112.0,698368.0,256.0,1.0,1,0.0,1.0,0.0,0.0,0.2437106986520289,0.2437106986520289
0,2728,698368.0,698624.0,256.0,1.0,1,0.0,1.0,0.0,0.0,0.2437106986520289,0.2437106986520289
0,2729,698624.0,698880.0,256.0,1.0,1,0.0,1.0,0.0,0.0,0.2437106986520289,0.2437106986520289
0,2730,698880.0,699136.0,256.0,1.0,1,0.0,1.0,0.0,0.0,0.2437106986520289,0.2437106986520289
0,2731,699136.0,699392.0,256.0,1.0,1,0.0,1.0,0.0,0.0,0.2437106986520289,0.2437106986520289
0,2732,699392.0,699648.0,256.0,1.0,1,0.0,1.0,0.0,0.0,0.2437106986520289,0.2437106986520289
0,2733,699648.0,699904.0,256.0,1.0,1,0.0,1.0,0.0,0.0,0.2437106986520289,0.2437106986520289
0,2734,699904.0,700160.0,256.0,1.0,1,0.0,1.0,0.0,0.0,0.2437106986520289,0.2437106986520289
0,2735,700160.0,700416.0,256.0,1.0,1,0.0,1.0,0.0,0.0,0.2437106986520289,0.2437106986520289
0,2736,700416.0,700672.0,256.0,1.0,1,0.0,1.0,0.0,0.0,0.2437106986520289,0.2437106986520289
0,2737,700672.0,700928.0,256.0,1.0,1,0.0,1.0,0.0,0.0,0.2437106986520289,0.2437106986520289
0,2738,700928.0,701184.0,256.0,1.0,1,0.0,1.0,0.0,0.0,0.2437106986520289,0.2437106986520289
0,2739,701184.0,701440.0,256.0,1.0,1,0.0,1.0,0.0,0.0,0.2437106986520289,0.2437106986520289
0,2740,701440.0,701696.0,256.0,1.0,1,0.0,1.0,0.0,0.0,0.2437106986520289,0.2437106986520289
0,2741,701696.0,701952.0,256.0,1.0,1,0.0,1.0,0.0,0.0,0.2437106986520289,0.2437106986520289
0,2742,701952.0,702208.0,256.0,1.0,1,0.0,1.0,0.0,0.0,0.2437106986520289,0.2437106986520289
0,2743,702208.0,702464.0,256.0,1.0,1,0.0,1.0,0.0,0.0,0.2437106986520289,0.2437106986520289
0,2744,702464.0,702720.0,256.0,1.0,1,0.0,1.0,0.0,0.0,0.2437106986520289,0.2437106986520289
0,2745,702720.0,702976.0,256.0,1.0,1,0.0,1.0,0.0,0.0,0.2437106986520289,0.2437106986520289
0,2746,702976.0,703232.0,256.0,1.0,1,0.0,1.0,0.0,0.0,0.2437106986520289,0.2437106986520289
0,2747,703232.0,703488.0,256.0,1.0,1,0.0,1.0,0.0,0.0,0.2437106986520289,0.2437106986520289
0,2748,703488.0,703744.0,256.0,1.0,1,0.0,1.0,0.0,0.0,0.2437106986520289,0.2437106986520289
0,2749,703744.0,704000.0,256.0,1.0,1,0.0,1.0,0.0,0.0,0.2437106986520289,0.2437106986520289
0,2750,704000.0,704256.0,256.0,1.0,1,0.0,1.0,0.0,0.0,0.2437106986520289,0.2437106986520289
0,2751,704256.0,704512.0,256.0,1.0,1,0.0,1.0,0.0,0.0,0.2437106986520289,0.2437106986520289
0,2752,704512.0,704768.0,256.0,1.0,1,0.0,1.0,0.0,0.0,0.2437106986520289,0.2437106986520289
0,2753,704768.0,705024.0,256.0,1.0,1,0.0,1.0,0.0,0.0,0.2437106986520289,0.2437106986520289
0,2754,705024.0,705280.0,256.0,1.0,1,0.0,1.0,0.0,0.0,0.2437106986520289,0.2437106986520289
0,2755,705280.0,705536.0,256.0,1.0,1,0.0,1.0,0.0,0.0,0.2437106986520289,0.2437106986520289
0,2756,705536.0,705792.0,256.0,1.0,1,0.0,1.0,0.0,0.0,0.2437106986520289,0.2437106986520289
0,2757,705792.0,706048.0,256.0,1.0,1,0.0,1.0,0.0,0.0,0.2437106986520289,0.2437106986520289
0,2758,706048.0,706304.0,256.0,1.0,1,0.0,1.0,0.0,0.0,0.2437106986520289,0.2437106986520289
0,2759,706304.0,706560.0,256.0,1.0,1,0.0,1.0,0.0,0.0,0.2437106986520289,0.2437106986520289
0,2760,706560.0,706816.0,256.0,1.0,1,0.0,1.0,0.0,0.0,0.2437106986520289,0.2437106986520289
0,2761,706816.0,707072.0,256.0,1.0,1,0.0,1.0,0.0,0.0,0.2437106986520289,0.2437106986520289
0,2762,707072.0,707328.0,256.0,1.0,1,0.0,1.0,0.0,0.0,0.2437106986520289,0.2437106986520289
0,2763,707328.0,707584.0,256.0,1.0,1,0.0,1.0,0.0,0.0,0.2437106986520289,0.2437106986520289
0,2764,707584.0,707840.0,256.0,1.0,1,0.0,1.0,0.0,0.0,0.2437106986520289,0.2437106986520289
0,2765,707840.0,708096.0,256.0,1.0,1,0.0,1.0,0.0,0.0,0.2437106986520289,0.2437106986520289
0,2766,708096.0,708352.0,256.0,1.0,1,0.0,1.0,0.0,0.0,0.2437106986520289,0.2437106986520289
0,2767,708352.0,708608.0,256.0,1.0,1,0.0,1.0,0.0,0.0,0.2437106986520289,0.2437106986520289
0,2768,708608.0,708864.0,256.0,1.0,1,0.0,1.0,0.0,0.0,0.2437106986520289,0.2437106986520289
0,2769,708864.0,709120.0,256.0,1.0,1,0.0,1.0,0.0,0.0,0.2437106986520289,0.2437106986520289
0,2770,709120.0,709376.0,256.0,1.0,1,0.0,1.0,0.0,0.0,0.2437106986520289,0.2437106986520289
0,2771,709376.0,709632.0,256.0,1.0,1,0.0,1.0,0.0,0.0,0.2437106986520289,0.2437106986520289
0,2772,709632.0,709888.0,256.0,1.0,1,0.0,1.0,0.0,0.0,0.2437106986520289,0.2437106986520289
0,2773,709888.0,710144.0,256.0,1.0,1,0.0,1.0,0.0,0.0,0.2437106986520289,0.2437106986520289
0,2774,710144.0,710400.0,256.0,1.0,1,0.0,1.0,0.0,0.0,0.2437106986520289,0.2437106986520289
0,2775,710400.0,710656.0,256.0,1.0,1,0.0,1.0,0.0,0.0,0.2437106986520289,0.2437106986520289
0,2776,710656.0,710912.0,256.0,1.0,1,0.0,1.0,0.0,0.0,0.2437106986520289,0.2437106986520289
0,2777,710912.0,711168.0,256.0,1.0,1,0.0,1.0,0.0,0.0,0.2437106986520289,0.2437106986520289
0,2778,711168.0,711424.0,256.0,1.0,1,0.0,1.0,0.0,0.0,0.2437106986520289,0.2437106986520289
0,2779,711424.0,711680.0,256.0,1.0,1,0.0,1.0,0.0,0.0,0.2437106986520289,0.2437106986520289
0,2780,711680.0,711936.0,256.0,1.0,1,0.0,1.0,0.0,0.0,0.2437106986520289,0.2437106986520289
0,2781,711936.0,712192.0,256.0,1.0,1,0.0,1.0,0.0,0.0,0.2437106986520289,0.2437106986520289
0,2782,712192.0,712448.0,256.0,1.0,1,0.0,1.0,0.0,0.0,0.2437106986520289,0.2437106986520289
0,2783,712448.0,712704.0,256.0,1.0,1,0.0,1.0,0.0,0.0,0.2437106986520289,0.2437106986520289
0,2784,712704.0,712960.0,256.0,1.0,1,0.0,1.0,0.0,0.0,0.2437106986520289,0.2437106986520289
0,2785,712960.0,713216.0,256.0,1.0,1,0.0,1.0,0.0,0.0,0.2437106986520289,0.2437106986520289
0,2786,713216.0,713472.0,256.0,1.0,1,0.0,1.0,0.0,0.0,0.2437106986520289,0.2437106986520289
0,2787,713472.0,713728.0,256.0,1.0,1,0.0,1.0,0.0,0.0,0.2437106986520289,0.2437106986520289
0,2788,713728.0,713984.0,256.0,1.0,1,0.0,1.0,0.0,0.0,0.2437106986520289,0.2437106986520289
0,2789,713984.0,714240.0,256.0,1.0,1,0.0,1.0,0.0,0.0,0.2437106986520289,0.2437106986520289
0,2790,714240.0,714496.0,256.0,1.0,1,0.0,1.0,0.0,0.0,0.2437106986520289,0.2437106986520289
0,2791,714496.0,714752.0,256.0,1.0,1,0.0,1.0,0.0,0.0,0.2437106986520289,0.2437106986520289
0,2792,714752.0,715008.0,256.0,1.0,1,0.0,1.0,0.0,0.0,0.2437106986520289,0.2437106986520289
0,2793,715008.0,715264.0,256.0,1.0,1,0.0,1.0,0.0,0.0,0.2437106986520289,0.2437106986520289
0,2794,715264.0,715520.0,256.0,1.0,1,0.0,1.0,0.0,0.0,0.2437106986520289,0.2437106986520289
0,2795,715520.0,715776.0,256.0,1.0,1,0.0,1.0,0.0,0.0,0.2437106986520289,0.2437106986520289
0,2796,715776.0,716032.0,256.0,1.0,1,0.0,1.0,0.0,0.0,0.2437106986520289,0.2437106986520289
0,2797,716032.0,716288.0,256.0,1.0,1,0.0,1.0,0.0,0.0,0.2437106986520289,0.2437106986520289
0,2798,716288.0,716544.0,256.0,1.0,1,0.0,1.0,0.0,0.0,0.2437106986520289,0.2437106986520289
0,2799,716544.0,716800.0,256.0,1.0,1,0.0,1.0,0.0,0.0,0.2437106986520289,0.2437106986520289
0,2800,716800.0,717056.0,256.0,1.0,1,0.0,1.0,0.0,0.0,0.2437106986520289,0.2437106986520289
0,2801,717056.0,717312.0,256.0,1.0,1,0.0,1.0,0.0,0.0,0.2437106986520289,0.2437106986520289
0,2802,717312.0,717568.0,256.0,1.0,1,0.0,1.0,0.0,0.0,0.2437106986520289,0.2437106986520289
0,2803,717568.0,717824.0,256.0,1.0,1,0.0,1.0,0.0,0.0,0.2437106986520289,0.2437106986520289
0,2804,717824.0,718080.0,256.0,1.0,1,0.0,1.0,0.0,0.0,0.2437106986520289,0.2437106986520289
0,2805,718080.0,718336.0,256.0,1.0,1,0.0,1.0,0.0,0.0,0.2437106986520289,0.2437106986520289
0,2806,718336.0,718592.0,256.0,1.0,1,0.0,1.0,0.0,0.0,0.2437106986520289,0.2437106986520289
0,2807,718592.0,718848.0,256.0,1.0,1,0.0,1.0,0.0,0.0,0.2437106986520289,0.2437106986520289
0,2808,718848.0,719104.0,256.0,1.0,1,0.0,1.0,0.0,0.0,0.2437106986520289,0.2437106986520289
0,2809,719104.0,719360.0,256.0,1.0,1,0.0,1.0,0.0,0.0,0.2437106986520289,0.2437106986520289
0,2810,719360.0,719616.0,256.0,1.0,1,0.0,1.0,0.0,0.0,0.2437106986520289,0.2437106986520289
0,2811,719616.0,719872.0,256.0,1.0,1,0.0,1.0,0.0,0.0,0.2437106986520289,0.2437106986520289
0,2812,719872.0,720128.0,256.0,1.0,1,0.0,1.0,0.0,0.0,0.2437106986520289,0.2437106986520289
0,2813,720128.0,720384.0,256.0,1.0,1,0.0,1.0,0.0,0.0,0.2437106986520289,0.2437106986520289
0,2814,720384.0,720640.0,256.0,1.0,1,0.0,1.0,0.0,0.0,0.2437106986520289,0.2437106986520289
0,2815,720640.0,720896.0,256.0,1.0,1,0.0,1.0,0.0,0.0,0.2437106986520289,0.2437106986520289
0,2816,720896.0,721152.0,256.0,1.0,1,0.0,1.0,0.0,0.0,0.2437106986520289,0.2437106986520289
0,2817,721152.0,721408.0,256.0,1.0,1,0.0,1.0,0.0,0.0,0.2437106986520289,0.2437106986520289
0,2818,721408.0,721664.0,256.0,1.0,1,0.0,1.0,0.0,0.0,0.2437106986520289,0.2437106986520289
0,2819,721664.0,721920.0,256.0,1.0,1,0.0,1.0,0.0,0.0,0.2437106986520289,0.2437106986520289
0,2820,721920.0,722176.0,256.0,1.0,1,0.0,1.0,0.0,0.0,0.2437106986520289,0.2437106986520289
0,2821,722176.0,722432.0,256.0,1.0,1,0.0,1.0,0.0,0.0,0.2437106986520289,0.2437106986520289
0,2822,722432.0,722688.0,256.0,1.0,1,0.0,1.0,0.0,0.0,0.2437106986520289,0.2437106986520289
0,2823,722688.0,722944.0,256.0,1.0,1,0.0,1.0,0.0,0.0,0.2437106986520289,0.2437106986520289
0,2824,722944.0,723200.0,256.0,1.0,1,0.0,1.0,0.0,0.0,0.2437106986520289,0.2437106986520289
0,2825,723200.0,723456.0,256.0,1.0,1,0.0,1.0,0.0,0.0,0.2437106986520289,0.2437106986520289
0,2826,723456.0,723712.0,256.0,1.0,1,0.0,1.0,0.0,0.0,0.2437106986520289,0.2437106986520289
0,2827,723712.0,723968.0,256.0,1.0,1,0.0,1.0,0.0,0.0,0.2437106986520289,0.2437106986520289
0,2828,723968.0,724224.0,256.0,1.0,1,0.0,1.0,0.0,0.0,0.2437106986520289,0.2437106986520289
0,2829,724224.0,724480.0,256.0,1.0,1,0.0,1.0,0.0,0.0,0.2437106986520289,0.2437106986520289
0,2830,724480.0,724736.0,256.0,1.0,1,0.0,1.0,0.0,0.0,0.2437106986520289,0.2437106986520289
0,2831,724736.0,724992.0,256.0,1.0,1,0.0,1.0,0.0,0.0,0.2437106986520289,0.2437106986520289
0,2832,724992.0,725248.0,256.0,1.0,1,0.015625,0.97265625,0.01171875,0.015625,0.2437106986520289,0.2437106986520289
0,2833,725248.0,725504.0,256.0,1.0,1,0.0,1.0,0.0,0.0,0.2437106986520289,0.2437106986520289
0,2834,725504.0,725760.0,256.0,1.0,1,0.0,1.0,0.0,0.0,0.2437106986520289,0.2437106986520289
0,2835,725760.0,726016.0,256.0,1.0,1,0.0,1.0,0.0,0.0,0.2437106986520289,0.2437106986520289
0,2836,726016.0,726272.0,256.0,1.0,1,0.0,1.0,0.0,0.0,0.2437106986520289,0.2437106986520289
0,2837,726272.0,726528.0,256.0,1.0,1,0.0,1.0,0.0,0.0,0.2437106986520289,0.2437106986520289
0,2838,726528.0,726784.0,256.0,1.0,1,0.0,1.0,0.0,0.0,0.2437106986520289,0.2437106986520289
0,2839,726784.0,727040.0,256.0,1.0,1,0.0,1.0,0.0,0.0,0.2437106986520289,0.2437106986520289
0,2840,727040.0,727296.0,256.0,1.0,1,0.0,1.0,0.0,0.0,0.2437106986520289,0.2437106986520289
0,2841,727296.0,727552.0,256.0,1.0,1,0.0,1.0,0.0,0.0,0.2437106986520289,0.2437106986520289
0,2842,727552.0,727808.0,256.0,1.0,1,0.0,1.0,0.0,0.0,0.2437106986520289,0.2437106986520289
0,2843,727808.0,728064.0,256.0,1.0,1,0.0,1.0,0.0,0.0,0.2437106986520289,0.2437106986520289
0,2844,728064.0,728320.0,256.0,1.0,1,0.0,1.0,0.0,0.0,0.2437106986520289,0.2437106986520289
0,2845,728320.0,728576.0,256.0,1.0,1,0.0,1.0,0.0,0.0,0.2437106986520289,0.2437106986520289
0,2846,728576.0,728832.0,256.0,1.0,1,0.0,1.0,0.0,0.0,0.2437106986520289,0.2437106986520289
0,2847,728832.0,729088.0,256.0,1.0,1,0.0,1.0,0.0,0.0,0.2437106986520289,0.2437106986520289
0,2848,729088.0,729344.0,256.0,1.0,1,0.0,1.0,0.0,0.0,0.2437106986520289,0.2437106986520289
0,2849,729344.0,729600.0,256.0,1.0,1,0.0,1.0,0.0,0.0,0.2437106986520289,0.2437106986520289
0,2850,729600.0,729856.0,256.0,1.0,1,0.0,1.0,0.0,0.0,0.2437106986520289,0.2437106986520289
0,2851,729856.0,730112.0,256.0,1.0,1,0.0,1.0,0.0,0.0,0.2437106986520289,0.2437106986520289
0,2852,730112.0,730368.0,256.0,1.0,1,0.0,1.0,0.0,0.0,0.2437106986520289,0.2437106986520289
0,2853,730368.0,730624.0,256.0,1.0,1,0.0,1.0,0.0,0.0,0.2437106986520289,0.2437106986520289
0,2854,730624.0,730880.0,256.0,1.0,1,0.0,1.0,0.0,0.0,0.2437106986520289,0.2437106986520289
0,2855,730880.0,731136.0,256.0,1.0,1,0.0,1.0,0.0,0.0,0.2437106986520289,0.2437106986520289
0,2856,731136.0,731392.0,256.0,1.0,1,0.0,1.0,0.0,0.0,0.2437106986520289,0.2437106986520289
0,2857,731392.0,731648.0,256.0,1.0,1,0.0,1.0,0.0,0.0,0.2437106986520289,0.2437106986520289
0,2858,731648.0,731904.0,256.0,1.0,1,0.0,1.0,0.0,0.0,0.2437106986520289,0.2437106986520289
0,2859,731904.0,732160.0,256.0,1.0,1,0.0,1.0,0.0,0.0,0.2437106986520289,0.2437106986520289
0,2860,732160.0,732416.0,256.0,1.0,1,0.0,1.0,0.0,0.0,0.2437106986520289,0.2437106986520289
0,2861,732416.0,732672.0,256.0,1.0,1,0.0,1.0,0.0,0.0,0.2437106986520289,0.2437106986520289
0,2862,732672.0,732928.0,256.0,1.0,1,0.0,1.0,0.0,0.0,0.2437106986520289,0.2437106986520289
0,2863,732928.0,733184.0,256.0,1.0,1,0.0,1.0,0.0,0.0,0.2437106986520289,0.2437106986520289
0,2864,733184.0,733440.0,256.0,1.0,1,0.0,1.0,0.0,0.0,0.2437106986520289,0.2437106986520289
0,2865,733440.0,733696.0,256.0,1.0,1,0.0,1.0,0.0,0.0,0.2437106986520289,0.2437106986520289
0,2866,733696.0,733952.0,256.0,1.0,1,0.0,1.0,0.0,0.0,0.2437106986520289,0.2437106986520289
0,2867,733952.0,734208.0,256.0,1.0,1,0.0,1.0,0.0,0.0,0.2437106986520289,0.2437106986520289
0,2868,734208.0,734464.0,256.0,1.0,1,0.0,1.0,0.0,0.0,0.2437106986520289,0.2437106986520289
0,2869,734464.0,734720.0,256.0,1.0,1,0.0,1.0,0.0,0.0,0.2437106986520289,0.2437106986520289
0,2870,734720.0,734976.0,256.0,1.0,1,0.0,1.0,0.0,0.0,0.2437106986520289,0.2437106986520289
0,2871,734976.0,735232.0,256.0,1.0,1,0.0,1.0,0.0,0.0,0.2437106986520289,0.2437106986520289
0,2872,735232.0,735488.0,256.0,1.0,1,0.0,1.0,0.0,0.0,0.2437106986520289,0.2437106986520289
0,2873,735488.0,735744.0,256.0,1.0,1,0.0,1.0,0.0,0.0,0.2437106986520289,0.2437106986520289
0,2874,735744.0,736000.0,256.0,1.0,1,0.0,1.0,0.0,0.0,0.2437106986520289,0.2437106986520289
0,2875,736000.0,736256.0,256.0,1.0,1,0.0,1.0,0.0,0.0,0.2437106986520289,0.2437106986520289
0,2876,736256.0,736512.0,256.0,1.0,1,0.0,1.0,0.0,0.0,0.2437106986520289,0.2437106986520289
0,2877,736512.0,736768.0,256.0,1.0,1,0.0,1.0,0.0,0.0,0.2437106986520289,0.2437106986520289
0,2878,736768.0,737024.0,256.0,1.0,1,0.0,1.0,0.0,0.0,0.2437106986520289,0.2437106986520289
0,2879,737024.0,737280.0,256.0,1.0,1,0.0,1.0,0.0,0.0,0.2437106986520289,0.2437106986520289
0,2880,737280.0,737536.0,256.0,1.0,1,0.0,1.0,0.0,0.0,0.2437106986520289,0.2437106986520289
0,2881,737536.0,737792.0,256.0,1.0,1,0.0,1.0,0.0,0.0,0.2437106986520289,0.2437106986520289
0,2882,737792.0,738048.0,256.0,1.0,1,0.0,1.0,0.0,0.0,0.2437106986520289,0.2437106986520289
0,2883,738048.0,738304.0,256.0,1.0,1,0.0,1.0,0.0,0.0,0.2437106986520289,0.2437106986520289
0,2884,738304.0,738560.0,256.0,1.0,1,0.0,1.0,0.0,0.0,0.2437106986520289,0.2437106986520289
0,2885,738560.0,738816.0,256.0,1.0,1,0.0,1.0,0.0,0.0,0.2437106986520289,0.2437106986520289
0,2886,738816.0,739072.0,256.0,1.0,1,0.0,1.0,0.0,0.0,0.2437106986520289,0.2437106986520289
0,2887,739072.0,739328.0,256.0,1.0,1,0.0,1.0,0.0,0.0,0.2437106986520289,0.2437106986520289
0,2888,739328.0,739584.0,256.0,1.0,1,0.0,1.0,0.0,0.0,0.2437106986520289,0.2437106986520289
0,2889,739584.0,739840.0,256.0,1.0,1,0.0,1.0,0.0,0.0,0.2437106986520289,0.2437106986520289
0,2890,739840.0,740096.0,256.0,1.0,1,0.0,1.0,0.0,0.0,0.2437106986520289,0.2437106986520289
0,2891,740096.0,740352.0,256.0,1.0,1,0.0,1.0,0.0,0.0,0.2437106986520289,0.2437106986520289
0,2892,740352.0,740608.0,256.0,1.0,1,0.0,1.0,0.0,0.0,0.2437106986520289,0.2437106986520289
0,2893,740608.0,740864.0,256.0,1.0,1,0.0,1.0,0.0,0.0,0.2437106986520289,0.2437106986520289
0,2894,740864.0,741120.0,256.0,1.0,1,0.0,1.0,0.0,0.0,0.2437106986520289,0.2437106986520289
0,2895,741120.0,741376.0,256.0,1.0,1,0.0,1.0,0.0,0.0,0.2437106986520289,0.2437106986520289
0,2896,741376.0,741632.0,256.0,1.0,1,0.0,1.0,0.0,0.0,0.2437106986520289,0.2437106986520289
0,2897,741632.0,741888.0,256.0,1.0,1,0.0,1.0,0.0,0.0,0.2437106986520289,0.2437106986520289
0,2898,741888.0,742144.0,256.0,1.0,1,0.0,1.0,0.0,0.0,0.2437106986520289,0.2437106986520289
0,2899,742144.0,742400.0,256.0,1.0,1,0.0,1.0,0.0,0.0,0.2437106986520289,0.2437106986520289
0,2900,742400.0,742656.0,256.0,1.0,1,0.0,1.0,0.0,0.0,0.2437106986520289,0.2437106986520289
0,2901,742656.0,742912.0,256.0,1.0,1,0.0,1.0,0.0,0.0,0.2437106986520289,0.2437106986520289
0,2902,742912.0,743168.0,256.0,1.0,1,0.0,1.0,0.0,0.0,0.2437106986520289,0.2437106986520289
0,2903,743168.0,743424.0,256.0,1.0,1,0.0,1.0,0.0,0.0,0.2437106986520289,0.2437106986520289
0,2904,743424.0,743680.0,256.0,1.0,1,0.0,1.0,0.0,0.0,0.2437106986520289,0.2437106986520289
0,2905,743680.0,743936.0,256.0,1.0,1,0.0,1.0,0.0,0.0,0.2437106986520289,0.2437106986520289
0,2906,743936.0,744192.0,256.0,1.0,1,0.0,1.0,0.0,0.0,0.2437106986520289,0.2437106986520289
0,2907,744192.0,744448.0,256.0,1.0,1,0.0,1.0,0.0,0.0,0.2437106986520289,0.2437106986520289
0,2908,744448.0,744704.0,256.0,1.0,1,0.0,1.0,0.0,0.0,0.2437106986520289,0.2437106986520289
0,2909,744704.0,744960.0,256.0,1.0,1,0.0,1.0,0.0,0.0,0.2437106986520289,0.2437106986520289
0,2910,744960.0,745216.0,256.0,1.0,1,0.0,1.0,0.0,0.0,0.2437106986520289,0.2437106986520289
0,2911,745216.0,745472.0,256.0,1.0,1,0.0,1.0,0.0,0.0,0.2437106986520289,0.2437106986520289
0,2912,745472.0,745728.0,256.0,1.0,1,0.0,1.0,0.0,0.0,0.2437106986520289,0.2437106986520289
0,2913,745728.0,745984.0,256.0,1.0,1,0.0,1.0,0.0,0.0,0.2437106986520289,0.2437106986520289
0,2914,745984.0,746240.0,256.0,1.0,1,0.0,1.0,0.0,0.0,0.2437106986520289,0.2437106986520289
0,2915,746240.0,746496.0,256.0,1.0,1,0.0,1.0,0.0,0.0,0.2437106986520289,0.2437106986520289
0,2916,746496.0,746752.0,256.0,1.0,1,0.0,1.0,0.0,0.0,0.2437106986520289,0.2437106986520289
0,2917,746752.0,747008.0,256.0,1.0,1,0.0,1.0,0.0,0.0,0.2437106986520289,0.2437106986520289
0,2918,747008.0,747264.0,256.0,1.0,1,0.0,1.0,0.0,0.0,0.2437106986520289,0.2437106986520289
0,2919,747264.0,747520.0,256.0,1.0,1,0.0,1.0,0.0,0.0,0.2437106986520289,0.2437106986520289
0,2920,747520.0,747776.0,256.0,1.0,1,0.0,1.0,0.0,0.0,0.2437106986520289,0.2437106986520289
0,2921,747776.0,748032.0,256.0,1.0,1,0.0,1.0,0.0,0.0,0.2437106986520289,0.2437106986520289
0,2922,748032.0,748288.0,256.0,1.0,1,0.0,1.0,0.0,0.0,0.2437106986520289,0.2437106986520289
0,2923,748288.0,748544.0,256.0,1.0,1,0.0,1.0,0.0,0.0,0.2437106986520289,0.2437106986520289
0,2924,748544.0,748800.0,256.0,1.0,1,0.0,1.0,0.0,0.0,0.2437106986520289,0.2437106986520289
0,2925,748800.0,749056.0,256.0,1.0,1,0.0,1.0,0.0,0.0,0.2437106986520289,0.2437106986520289
0,2926,749056.0,749312.0,256.0,1.0,1,0.0,1.0,0.0,0.0,0.2437106986520289,0.2437106986520289
0,2927,749312.0,749568.0,256.0,1.0,1,0.0,1.0,0.0,0.0,0.2437106986520289,0.2437106986520289
0,2928,749568.0,749824.0,256.0,1.0,1,0.0,1.0,0.0,0.0,0.2437106986520289,0.2437106986520289
0,2929,749824.0,750080.0,256.0,1.0,1,0.0,1.0,0.0,0.0,0.2437106986520289,0.2437106986520289
0,2930,750080.0,750336.0,256.0,1.0,1,0.0,1.0,0.0,0.0,0.2437106986520289,0.2437106986520289
0,2931,750336.0,750592.0,256.0,1.0,1,0.0,1.0,0.0,0.0,0.2437106986520289,0.2437106986520289
0,2932,750592.0,750848.0,256.0,1.0,1,0.0,1.0,0.0,0.0,0.2437106986520289,0.2437106986520289
0,2933,750848.0,751104.0,256.0,1.0,1,0.0,1.0,0.0,0.0,0.2437106986520289,0.2437106986520289
0,2934,751104.0,751360.0,256.0,1.0,1,0.0,1.0,0.0,0.0,0.2437106986520289,0.2437106986520289
0,2935,751360.0,751616.0,256.0,1.0,1,0.0,1.0,0.0,0.0,0.2437106986520289,0.2437106986520289
0,2936,751616.0,751872.0,256.0,1.0,1,0.0,1.0,0.0,0.0,0.2437106986520289,0.2437106986520289
0,2937,751872.0,752128.0,256.0,1.0,1,0.0,1.0,0.0,0.0,0.2437106986520289,0.2437106986520289
0,2938,752128.0,752384.0,256.0,1.0,1,0.0,1.0,0.0,0.0,0.2437106986520289,0.2437106986520289
0,2939,752384.0,752640.0,256.0,1.0,1,0.0,1.0,0.0,0.0,0.2437106986520289,0.2437106986520289
0,2940,752640.0,752896.0,256.0,1.0,1,0.0,1.0,0.0,0.0,0.2437106986520289,0.2437106986520289
0,2941,752896.0,753152.0,256.0,1.0,1,0.0,1.0,0.0,0.0,0.2437106986520289,0.2437106986520289
0,2942,753152.0,753408.0,256.0,1.0,1,0.0,1.0,0.0,0.0,0.2437106986520289,0.2437106986520289
0,2943,753408.0,753664.0,256.0,1.0,1,0.0,1.0,0.0,0.0,0.2437106986520289,0.2437106986520289
0,2944,753664.0,753920.0,256.0,1.0,1,0.0,1.0,0.0,0.0,0.2437106986520289,0.2437106986520289
0,2945,753920.0,754176.0,256.0,1.0,1,0.0,1.0,0.0,0.0,0.2437106986520289,0.2437106986520289
0,2946,754176.0,754432.0,256.0,1.0,1,0.0,1.0,0.0,0.0,0.2437106986520289,0.2437106986520289
0,2947,754432.0,754688.0,256.0,1.0,1,0.0,1.0,0.0,0.0,0.2437106986520289,0.2437106986520289
0,2948,754688.0,754944.0,256.0,1.0,1,0.0,1.0,0.0,0.0,0.2437106986520289,0.2437106986520289
0,2949,754944.0,755200.0,256.0,1.0,1,0.0,1.0,0.0,0.0,0.2437106986520289,0.2437106986520289
0,2950,755200.0,755456.0,256.0,1.0,1,0.0,1.0,0.0,0.0,0.2437106986520289,0.2437106986520289
0,2951,755456.0,755712.0,256.0,1.0,1,0.0,1.0,0.0,0.0,0.2437106986520289,0.2437106986520289
0,2952,755712.0,755968.0,256.0,1.0,1,0.0,1.0,0.0,0.0,0.2437106986520289,0.2437106986520289
0,2953,755968.0,756224.0,256.0,1.0,1,0.0,1.0,0.0,0.0,0.2437106986520289,0.2437106986520289
0,2954,756224.0,756480.0,256.0,1.0,1,0.0,1.0,0.0,0.0,0.2437106986520289,0.2437106986520289
0,2955,756480.0,756736.0,256.0,1.0,1,0.0,1.0,0.0,0.0,0.2437106986520289,0.2437106986520289
0,2956,756736.0,756992.0,256.0,1.0,1,0.0,1.0,0.0,0.0,0.2437106986520289,0.2437106986520289
0,2957,756992.0,757248.0,256.0,1.0,1,0.0,1.0,0.0,0.0,0.2437106986520289,0.2437106986520289
0,2958,757248.0,757504.0,256.0,1.0,1,0.0,1.0,0.0,0.0,0.2437106986520289,0.2437106986520289
0,2959,757504.0,757760.0,256.0,1.0,1,0.0,1.0,0.0,0.0,0.2437106986520289,0.2437106986520289
0,2960,757760.0,758016.0,256.0,1.0,1,0.0,1.0,0.0,0.0,0.2437106986520289,0.2437106986520289
0,2961,758016.0,758272.0,256.0,1.0,1,0.0,1.0,0.0,0.0,0.2437106986520289,0.2437106986520289
0,2962,758272.0,758528.0,256.0,1.0,1,0.0,1.0,0.0,0.0,0.2437106986520289,0.2437106986520289
0,2963,758528.0,758784.0,256.0,1.0,1,0.0,1.0,0.0,0.0,0.2437106986520289,0.2437106986520289
0,2964,758784.0,759040.0,256.0,1.0,1,0.0,1.0,0.0,0.0,0.2437106986520289,0.2437106986520289
0,2965,759040.0,759296.0,256.0,1.0,1,0.0,1.0,0.0,0.0,0.2437106986520289,0.2437106986520289
0,2966,759296.0,759552.0,256.0,1.0,1,0.0,1.0,0.0,0.0,0.2437106986520289,0.2437106986520289
0,2967,759552.0,759808.0,256.0,1.0,1,0.0,1.0,0.0,0.0,0.2437106986520289,0.2437106986520289
0,2968,759808.0,760064.0,256.0,1.0,1,0.0,1.0,0.0,0.0,0.2437106986520289,0.2437106986520289
0,2969,760064.0,760320.0,256.0,1.0,1,0.0,1.0,0.0,0.0,0.2437106986520289,0.2437106986520289
0,2970,760320.0,760576.0,256.0,1.0,1,0.0,1.0,0.0,0.0,0.2437106986520289,0.2437106986520289
0,2971,760576.0,760832.0,256.0,1.0,1,0.0,1.0,0.0,0.0,0.2437106986520289,0.2437106986520289
0,2972,760832.0,761088.0,256.0,1.0,1,0.0,1.0,0.0,0.0,0.2437106986520289,0.2437106986520289
0,2973,761088.0,761344.0,256.0,1.0,1,0.0,1.0,0.0,0.0,0.2437106986520289,0.2437106986520289
0,2974,761344.0,761600.0,256.0,1.0,1,0.0,1.0,0.0,0.0,0.2437106986520289,0.2437106986520289
0,2975,761600.0,761856.0,256.0,1.0,1,0.0,1.0,0.0,0.0,0.2437106986520289,0.2437106986520289
0,2976,761856.0,762112.0,256.0,1.0,1,0.0,1.0,0.0,0.0,0.2437106986520289,0.2437106986520289
0,2977,762112.0,762368.0,256.0,1.0,1,0.0,1.0,0.0,0.0,0.2437106986520289,0.2437106986520289
0,2978,762368.0,762624.0,256.0,1.0,1,0.0,1.0,0.0,0.0,0.2437106986520289,0.2437106986520289
0,2979,762624.0,762880.0,256.0,1.0,1,0.0,1.0,0.0,0.0,0.2437106986520289,0.2437106986520289
0,2980,762880.0,763136.0,256.0,1.0,1,0.0,1.0,0.0,0.0,0.2437106986520289,0.2437106986520289
0,2981,763136.0,763392.0,256.0,1.0,1,0.0,1.0,0.0,0.0,0.2437106986520289,0.2437106986520289
0,2982,763392.0,763648.0,256.0,1.0,1,0.0,1.0,0.0,0.0,0.2437106986520289,0.2437106986520289
0,2983,763648.0,763904.0,256.0,1.0,1,0.0,1.0,0.0,0.0,0.2437106986520289,0.2437106986520289
0,2984,763904.0,764160.0,256.0,1.0,1,0.0,1.0,0.0,0.0,0.2437106986520289,0.2437106986520289
0,2985,764160.0,764416.0,256.0,1.0,1,0.0,1.0,0.0,0.0,0.2437106986520289,0.2437106986520289
0,2986,764416.0,764672.0,256.0,1.0,1,0.0,1.0,0.0,0.0,0.2437106986520289,0.2437106986520289
0,2987,764672.0,764928.0,256.0,1.0,1,0.0,1.0,0.0,0.0,0.2437106986520289,0.2437106986520289
0,2988,764928.0,765184.0,256.0,1.0,1,0.0,1.0,0.0,0.0,0.2437106986520289,0.2437106986520289
0,2989,765184.0,765440.0,256.0,1.0,1,0.0,1.0,0.0,0.0,0.2437106986520289,0.2437106986520289
0,2990,765440.0,765696.0,256.0,1.0,1,0.0,1.0,0.0,0.0,0.2437106986520289,0.2437106986520289
0,2991,765696.0,765952.0,256.0,1.0,1,0.0,1.0,0.0,0.0,0.2437106986520289,0.2437106986520289
0,2992,765952.0,766208.0,256.0,1.0,1,0.0,1.0,0.0,0.0,0.2437106986520289,0.2437106986520289
0,2993,766208.0,766464.0,256.0,1.0,1,0.0,1.0,0.0,0.0,0.2437106986520289,0.2437106986520289
0,2994,766464.0,766720.0,256.0,1.0,1,0.0,1.0,0.0,0.0,0.2437106986520289,0.2437106986520289
0,2995,766720.0,766976.0,256.0,1.0,1,0.0,1.0,0.0,0.0,0.2437106986520289,0.2437106986520289
0,2996,766976.0,767232.0,256.0,1.0,1,0.0,1.0,0.0,0.0,0.2437106986520289,0.2437106986520289
0,2997,767232.0,767488.0,256.0,1.0,1,0.0,1.0,0.0,0.0,0.2437106986520289,0.2437106986520289
0,2998,767488.0,767744.0,256.0,1.0,1,0.0,1.0,0.0,0.0,0.2437106986520289,0.2437106986520289
0,2999,767744.0,768000.0,256.0,1.0,1,0.0,1.0,0.0,0.0,0.2437106986520289,0.2437106986520289
0,3000,768000.0,768256.0,256.0,1.0,1,0.0,1.0,0.0,0.0,0.2437106986520289,0.2437106986520289
0,3001,768256.0,768512.0,256.0,1.0,1,0.0,1.0,0.0,0.0,0.2437106986520289,0.2437106986520289
0,3002,768512.0,768768.0,256.0,1.0,1,0.0,1.0,0.0,0.0,0.2437106986520289,0.2437106986520289
0,3003,768768.0,769024.0,256.0,1.0,1,0.0,1.0,0.0,0.0,0.2437106986520289,0.2437106986520289
0,3004,769024.0,769280.0,256.0,1.0,1,0.0,1.0,0.0,0.0,0.2437106986520289,0.2437106986520289
0,3005,769280.0,769536.0,256.0,1.0,1,0.0,1.0,0.0,0.0,0.2437106986520289,0.2437106986520289
0,3006,769536.0,769792.0,256.0,1.0,1,0.0,1.0,0.0,0.0,0.2437106986520289,0.2437106986520289
0,3007,769792.0,770048.0,256.0,1.0,1,0.0,1.0,0.0,0.0,0.2437106986520289,0.2437106986520289
0,3008,770048.0,770304.0,256.0,1.0,1,0.0,1.0,0.0,0.0,0.2437106986520289,0.2437106986520289
0,3009,770304.0,770560.0,256.0,1.0,1,0.0,1.0,0.0,0.0,0.2437106986520289,0.2437106986520289
0,3010,770560.0,770816.0,256.0,1.0,1,0.0,1.0,0.0,0.0,0.2437106986520289,0.2437106986520289
0,3011,770816.0,771072.0,256.0,1.0,1,0.0,1.0,0.0,0.0,0.2437106986520289,0.2437106986520289
0,3012,771072.0,771328.0,256.0,1.0,1,0.0,1.0,0.0,0.0,0.2437106986520289,0.2437106986520289
0,3013,771328.0,771584.0,256.0,1.0,1,0.0,1.0,0.0,0.0,0.2437106986520289,0.2437106986520289
0,3014,771584.0,771840.0,256.0,1.0,1,0.0,1.0,0.0,0.0,0.2437106986520289,0.2437106986520289
0,3015,771840.0,772096.0,256.0,1.0,1,0.0,1.0,0.0,0.0,0.2437106986520289,0.2437106986520289
0,3016,772096.0,772352.0,256.0,1.0,1,0.0,1.0,0.0,0.0,0.2437106986520289,0.2437106986520289
0,3017,772352.0,772608.0,256.0,1.0,1,0.0,1.0,0.0,0.0,0.2437106986520289,0.2437106986520289
0,3018,772608.0,772864.0,256.0,1.0,1,0.0,1.0,0.0,0.0,0.2437106986520289,0.2437106986520289
0,3019,772864.0,773120.0,256.0,1.0,1,0.0,1.0,0.0,0.0,0.2437106986520289,0.2437106986520289
0,3020,773120.0,773376.0,256.0,1.0,1,0.0,1.0,0.0,0.0,0.2437106986520289,0.2437106986520289
0,3021,773376.0,773632.0,256.0,1.0,1,0.0,1.0,0.0,0.0,0.2437106986520289,0.2437106986520289
0,3022,773632.0,773888.0,256.0,1.0,1,0.0,1.0,0.0,0.0,0.2437106986520289,0.2437106986520289
0,3023,773888.0,774144.0,256.0,1.0,1,0.0,1.0,0.0,0.0,0.2437106986520289,0.2437106986520289
0,3024,774144.0,774400.0,256.0,1.0,1,0.0,1.0,0.0,0.0,0.2437106986520289,0.2437106986520289
0,3025,774400.0,774656.0,256.0,1.0,1,0.0,1.0,0.0,0.0,0.2437106986520289,0.2437106986520289
0,3026,774656.0,774912.0,256.0,1.0,1,0.0,1.0,0.0,0.0,0.2437106986520289,0.2437106986520289
0,3027,774912.0,775168.0,256.0,1.0,1,0.0,1.0,0.0,0.0,0.2437106986520289,0.2437106986520289
0,3028,775168.0,775424.0,256.0,1.0,1,0.0,1.0,0.0,0.0,0.2437106986520289,0.2437106986520289
0,3029,775424.0,775680.0,256.0,1.0,1,0.0,1.0,0.0,0.0,0.2437106986520289,0.2437106986520289
0,3030,775680.0,775936.0,256.0,1.0,1,0.0,1.0,0.0,0.0,0.2437106986520289,0.2437106986520289
0,3031,775936.0,776192.0,256.0,1.0,1,0.0,1.0,0.0,0.0,0.2437106986520289,0.2437106986520289
0,3032,776192.0,776448.0,256.0,1.0,1,0.0,1.0,0.0,0.0,0.2437106986520289,0.2437106986520289
0,3033,776448.0,776704.0,256.0,1.0,1,0.0,1.0,0.0,0.0,0.2437106986520289,0.2437106986520289
0,3034,776704.0,776960.0,256.0,1.0,1,0.0,1.0,0.0,0.0,0.2437106986520289,0.2437106986520289
0,3035,776960.0,777216.0,256.0,1.0,1,0.0,1.0,0.0,0.0,0.2437106986520289,0.2437106986520289
0,3036,777216.0,777472.0,256.0,1.0,1,0.0,1.0,0.0,0.0,0.2437106986520289,0.2437106986520289
0,3037,777472.0,777728.0,256.0,1.0,1,0.0,1.0,0.0,0.0,0.2437106986520289,0.2437106986520289
0,3038,777728.0,777984.0,256.0,1.0,1,0.0,1.0,0.0,0.0,0.2437106986520289,0.2437106986520289
0,3039,777984.0,778240.0,256.0,1.0,1,0.0,1.0,0.0,0.0,0.2437106986520289,0.2437106986520289
0,3040,778240.0,778496.0,256.0,1.0,1,0.0,1.0,0.0,0.0,0.2437106986520289,0.2437106986520289
0,3041,778496.0,778752.0,256.0,1.0,1,0.0,1.0,0.0,0.0,0.2437106986520289,0.2437106986520289
0,3042,778752.0,779008.0,256.0,1.0,1,0.0,1.0,0.0,0.0,0.2437106986520289,0.2437106986520289
0,3043,779008.0,779264.0,256.0,1.0,1,0.0,1.0,0.0,0.0,0.2437106986520289,0.2437106986520289
0,3044,779264.0,779520.0,256.0,1.0,1,0.0,1.0,0.0,0.0,0.2437106986520289,0.2437106986520289
0,3045,779520.0,779776.0,256.0,1.0,1,0.0,1.0,0.0,0.0,0.2437106986520289,0.2437106986520289
0,3046,779776.0,780032.0,256.0,1.0,1,0.0,1.0,0.0,0.0,0.2437106986520289,0.2437106986520289
0,3047,780032.0,780288.0,256.0,1.0,1,0.0,1.0,0.0,0.0,0.2437106986520289,0.2437106986520289
0,3048,780288.0,780544.0,256.0,1.0,1,0.0,1.0,0.0,0.0,0.2437106986520289,0.2437106986520289
0,3049,780544.0,780800.0,256.0,1.0,1,0.0,1.0,0.0,0.0,0.2437106986520289,0.2437106986520289
0,3050,780800.0,781056.0,256.0,1.0,1,0.0,1.0,0.0,0.0,0.2437106986520289,0.2437106986520289
0,3051,781056.0,781312.0,256.0,1.0,1,0.0,1.0,0.0,0.0,0.2437106986520289,0.2437106986520289
0,3052,781312.0,781568.0,256.0,1.0,1,0.0,1.0,0.0,0.0,0.2437106986520289,0.2437106986520289
0,3053,781568.0,781824.0,256.0,1.0,1,0.0,1.0,0.0,0.0,0.2437106986520289,0.2437106986520289
0,3054,781824.0,782080.0,256.0,1.0,1,0.0,1.0,0.0,0.0,0.2437106986520289,0.2437106986520289
0,3055,782080.0,782336.0,256.0,1.0,1,0.0,1.0,0.0,0.0,0.2437106986520289,0.2437106986520289
0,3056,782336.0,782592.0,256.0,1.0,1,0.0,1.0,0.0,0.0,0.2437106986520289,0.2437106986520289
0,3057,782592.0,782848.0,256.0,1.0,1,0.0,1.0,0.0,0.0,0.2437106986520289,0.2437106986520289
0,3058,782848.0,783104.0,256.0,1.0,1,0.0,1.0,0.0,0.0,0.2437106986520289,0.2437106986520289
0,3059,783104.0,783360.0,256.0,1.0,1,0.0,1.0,0.0,0.0,0.2437106986520289,0.2437106986520289
0,3060,783360.0,783616.0,256.0,1.0,1,0.0,1.0,0.0,0.0,0.2437106986520289,0.2437106986520289
0,3061,783616.0,783872.0,256.0,1.0,1,0.0,1.0,0.0,0.0,0.2437106986520289,0.2437106986520289
0,3062,783872.0,784128.0,256.0,1.0,1,0.0,1.0,0.0,0.0,0.2437106986520289,0.2437106986520289
0,3063,784128.0,784384.0,256.0,1.0,1,0.0,1.0,0.0,0.0,0.2437106986520289,0.2437106986520289
0,3064,784384.0,784640.0,256.0,1.0,1,0.0,1.0,0.0,0.0,0.2437106986520289,0.2437106986520289
0,3065,784640.0,784896.0,256.0,1.0,1,0.0,1.0,0.0,0.0,0.2437106986520289,0.2437106986520289
0,3066,784896.0,785152.0,256.0,1.0,1,0.0,1.0,0.0,0.0,0.2437106986520289,0.2437106986520289
0,3067,785152.0,785408.0,256.0,1.0,1,0.0,1.0,0.0,0.0,0.2437106986520289,0.2437106986520289
0,3068,785408.0,785664.0,256.0,1.0,1,0.0,1.0,0.0,0.0,0.2437106986520289,0.2437106986520289
0,3069,785664.0,785920.0,256.0,1.0,1,0.0,1.0,0.0,0.0,0.2437106986520289,0.2437106986520289
0,3070,785920.0,786176.0,256.0,1.0,1,0.0,1.0,0.0,0.0,0.2437106986520289,0.2437106986520289
0,3071,786176.0,786432.0,256.0,1.0,1,0.0,1.0,0.0,0.0,0.2437106986520289,0.2437106986520289
0,3072,786432.0,786688.0,256.0,1.0,1,0.0,1.0,0.0,0.0,0.2437106986520289,0.2437106986520289
0,3073,786688.0,786944.0,256.0,1.0,1,0.0,1.0,0.0,0.0,0.2437106986520289,0.2437106986520289
0,3074,786944.0,787200.0,256.0,1.0,1,0.0,1.0,0.0,0.0,0.2437106986520289,0.2437106986520289
0,3075,787200.0,787456.0,256.0,1.0,1,0.0,1.0,0.0,0.0,0.2437106986520289,0.2437106986520289
0,3076,787456.0,787712.0,256.0,1.0,1,0.0,1.0,0.0,0.0,0.2437106986520289,0.2437106986520289
0,3077,787712.0,787968.0,256.0,1.0,1,0.0,1.0,0.0,0.0,0.2437106986520289,0.2437106986520289
0,3078,787968.0,788224.0,256.0,1.0,1,0.0,1.0,0.0,0.0,0.2437106986520289,0.2437106986520289
0,3079,788224.0,788480.0,256.0,1.0,1,0.0,1.0,0.0,0.0,0.2437106986520289,0.2437106986520289
0,3080,788480.0,788736.0,256.0,1.0,1,0.0,1.0,0.0,0.0,0.2437106986520289,0.2437106986520289
0,3081,788736.0,788992.0,256.0,1.0,1,0.0,1.0,0.0,0.0,0.2437106986520289,0.2437106986520289
0,3082,788992.0,789248.0,256.0,1.0,1,0.0,1.0,0.0,0.0,0.2437106986520289,0.2437106986520289
0,3083,789248.0,789504.0,256.0,1.0,1,0.0,1.0,0.0,0.0,0.2437106986520289,0.2437106986520289
0,3084,789504.0,789760.0,256.0,1.0,1,0.0,1.0,0.0,0.0,0.2437106986520289,0.2437106986520289
0,3085,789760.0,790016.0,256.0,1.0,1,0.0,1.0,0.0,0.0,0.2437106986520289,0.2437106986520289
0,3086,790016.0,790272.0,256.0,1.0,1,0.0,1.0,0.0,0.0,0.2437106986520289,0.2437106986520289
0,3087,790272.0,790528.0,256.0,1.0,1,0.0,1.0,0.0,0.0,0.2437106986520289,0.2437106986520289
0,3088,790528.0,790784.0,256.0,1.0,1,0.0,1.0,0.0,0.0,0.2437106986520289,0.2437106986520289
0,3089,790784.0,791040.0,256.0,1.0,1,0.0,1.0,0.0,0.0,0.2437106986520289,0.2437106986520289
0,3090,791040.0,791296.0,256.0,1.0,1,0.0,1.0,0.0,0.0,0.2437106986520289,0.2437106986520289
0,3091,791296.0,791552.0,256.0,1.0,1,0.0,1.0,0.0,0.0,0.2437106986520289,0.2437106986520289
0,3092,791552.0,791808.0,256.0,1.0,1,0.0,1.0,0.0,0.0,0.2437106986520289,0.2437106986520289
0,3093,791808.0,792064.0,256.0,1.0,1,0.0,1.0,0.0,0.0,0.2437106986520289,0.2437106986520289
0,3094,792064.0,792320.0,256.0,1.0,1,0.0,1.0,0.0,0.0,0.2437106986520289,0.2437106986520289
0,3095,792320.0,792576.0,256.0,1.0,1,0.0,1.0,0.0,0.0,0.2437106986520289,0.2437106986520289
0,3096,792576.0,792832.0,256.0,1.0,1,0.0,1.0,0.0,0.0,0.2437106986520289,0.2437106986520289
0,3097,792832.0,793088.0,256.0,1.0,1,0.0,1.0,0.0,0.0,0.2437106986520289,0.2437106986520289
0,3098,793088.0,793344.0,256.0,1.0,1,0.0,1.0,0.0,0.0,0.2437106986520289,0.2437106986520289
0,3099,793344.0,793600.0,256.0,1.0,1,0.0,1.0,0.0,0.0,0.2437106986520289,0.2437106986520289
0,3100,793600.0,793856.0,256.0,1.0,1,0.0,1.0,0.0,0.0,0.2437106986520289,0.2437106986520289
0,3101,793856.0,794112.0,256.0,1.0,1,0.0,1.0,0.0,0.0,0.2437106986520289,0.2437106986520289
0,3102,794112.0,794368.0,256.0,1.0,1,0.0,1.0,0.0,0.0,0.2437106986520289,0.2437106986520289
0,3103,794368.0,794624.0,256.0,1.0,1,0.0,1.0,0.0,0.0,0.2437106986520289,0.2437106986520289
0,3104,794624.0,794880.0,256.0,1.0,1,0.0,1.0,0.0,0.0,0.2437106986520289,0.2437106986520289
0,3105,794880.0,795136.0,256.0,1.0,1,0.0,1.0,0.0,0.0,0.2437106986520289,0.2437106986520289
0,3106,795136.0,795392.0,256.0,1.0,1,0.0,1.0,0.0,0.0,0.2437106986520289,0.2437106986520289
0,3107,795392.0,795648.0,256.0,1.0,1,0.0,1.0,0.0,0.0,0.2437106986520289,0.2437106986520289
0,3108,795648.0,795904.0,256.0,1.0,1,0.0,1.0,0.0,0.0,0.2437106986520289,0.2437106986520289
0,3109,795904.0,796160.0,256.0,1.0,1,0.0,1.0,0.0,0.0,0.2437106986520289,0.2437106986520289
0,3110,796160.0,796416.0,256.0,1.0,1,0.0,1.0,0.0,0.0,0.2437106986520289,0.2437106986520289
0,3111,796416.0,796672.0,256.0,1.0,1,0.0,1.0,0.0,0.0,0.2437106986520289,0.2437106986520289
0,3112,796672.0,796928.0,256.0,1.0,1,0.0,1.0,0.0,0.0,0.2437106986520289,0.2437106986520289
0,3113,796928.0,797184.0,256.0,1.0,1,0.0,1.0,0.0,0.0,0.2437106986520289,0.2437106986520289
0,3114,797184.0,797440.0,256.0,1.0,1,0.0,1.0,0.0,0.0,0.2437106986520289,0.2437106986520289
0,3115,797440.0,797696.0,256.0,1.0,1,0.0,1.0,0.0,0.0,0.2437106986520289,0.2437106986520289
0,3116,797696.0,797952.0,256.0,1.0,1,0.0,1.0,0.0,0.0,0.2437106986520289,0.2437106986520289
0,3117,797952.0,798208.0,256.0,1.0,1,0.0,1.0,0.0,0.0,0.2437106986520289,0.2437106986520289
0,3118,798208.0,798464.0,256.0,1.0,1,0.0,1.0,0.0,0.0,0.2437106986520289,0.2437106986520289
0,3119,798464.0,798720.0,256.0,1.0,1,0.0,1.0,0.0,0.0,0.2437106986520289,0.2437106986520289
0,3120,798720.0,798976.0,256.0,1.0,1,0.0,1.0,0.0,0.0,0.2437106986520289,0.2437106986520289
0,3121,798976.0,799232.0,256.0,1.0,1,0.0,1.0,0.0,0.0,0.2437106986520289,0.2437106986520289
0,3122,799232.0,799488.0,256.0,1.0,1,0.0,1.0,0.0,0.0,0.2437106986520289,0.2437106986520289
0,3123,799488.0,799744.0,256.0,1.0,1,0.0,1.0,0.0,0.0,0.2437106986520289,0.2437106986520289
0,3124,799744.0,800000.0,256.0,1.0,1,0.0,1.0,0.0,0.0,0.2437106986520289,0.2437106986520289
0,3125,800000.0,800256.0,256.0,1.0,1,0.0,1.0,0.0,0.0,0.2437106986520289,0.2437106986520289
0,3126,800256.0,800512.0,256.0,1.0,1,0.0,1.0,0.0,0.0,0.2437106986520289,0.2437106986520289
0,3127,800512.0,800768.0,256.0,1.0,1,0.0,1.0,0.0,0.0,0.2437106986520289,0.2437106986520289
0,3128,800768.0,801024.0,256.0,1.0,1,0.0,1.0,0.0,0.0,0.2437106986520289,0.2437106986520289
0,3129,801024.0,801280.0,256.0,1.0,1,0.0,1.0,0.0,0.0,0.2437106986520289,0.2437106986520289
0,3130,801280.0,801536.0,256.0,1.0,1,0.0,1.0,0.0,0.0,0.2437106986520289,0.2437106986520289
0,3131,801536.0,801792.0,256.0,1.0,1,0.0,1.0,0.0,0.0,0.2437106986520289,0.2437106986520289
0,3132,801792.0,802048.0,256.0,1.0,1,0.0,1.0,0.0,0.0,0.2437106986520289,0.2437106986520289
0,3133,802048.0,802304.0,256.0,1.0,1,0.0,1.0,0.0,0.0,0.2437106986520289,0.2437106986520289
0,3134,802304.0,802560.0,256.0,1.0,1,0.0,1.0,0.0,0.0,0.2437106986520289,0.2437106986520289
0,3135,802560.0,802816.0,256.0,1.0,1,0.0,1.0,0.0,0.0,0.2437106986520289,0.2437106986520289
0,3136,802816.0,803072.0,256.0,1.0,1,0.0,1.0,0.0,0.0,0.2437106986520289,0.2437106986520289
0,3137,803072.0,803328.0,256.0,1.0,1,0.0,1.0,0.0,0.0,0.2437106986520289,0.2437106986520289
0,3138,803328.0,803584.0,256.0,1.0,1,0.0,1.0,0.0,0.0,0.2437106986520289,0.2437106986520289
0,3139,803584.0,803840.0,256.0,1.0,1,0.0,1.0,0.0,0.0,0.2437106986520289,0.2437106986520289
0,3140,803840.0,804096.0,256.0,1.0,1,0.0,1.0,0.0,0.0,0.2437106986520289,0.2437106986520289
0,3141,804096.0,804352.0,256.0,1.0,1,0.0,1.0,0.0,0.0,0.2437106986520289,0.2437106986520289
0,3142,804352.0,804608.0,256.0,1.0,1,0.0,1.0,0.0,0.0,0.2437106986520289,0.2437106986520289
0,3143,804608.0,804864.0,256.0,1.0,1,0.0,1.0,0.0,0.0,0.2437106986520289,0.2437106986520289
0,3144,804864.0,805120.0,256.0,1.0,1,0.0,1.0,0.0,0.0,0.2437106986520289,0.2437106986520289
0,3145,805120.0,805376.0,256.0,1.0,1,0.0,1.0,0.0,0.0,0.2437106986520289,0.2437106986520289
0,3146,805376.0,805632.0,256.0,1.0,1,0.0,1.0,0.0,0.0,0.2437106986520289,0.2437106986520289
0,3147,805632.0,805888.0,256.0,1.0,1,0.0,1.0,0.0,0.0,0.2437106986520289,0.2437106986520289
0,3148,805888.0,806144.0,256.0,1.0,1,0.0,1.0,0.0,0.0,0.2437106986520289,0.2437106986520289
0,3149,806144.0,806400.0,256.0,1.0,1,0.0,1.0,0.0,0.0,0.2437106986520289,0.2437106986520289
0,3150,806400.0,806656.0,256.0,1.0,1,0.0,1.0,0.0,0.0,0.2437106986520289,0.2437106986520289
0,3151,806656.0,806912.0,256.0,1.0,1,0.0,1.0,0.0,0.0,0.2437106986520289,0.2437106986520289
0,3152,806912.0,807168.0,256.0,1.0,1,0.0,1.0,0.0,0.0,0.2437106986520289,0.2437106986520289
0,3153,807168.0,807424.0,256.0,1.0,1,0.0,1.0,0.0,0.0,0.2437106986520289,0.2437106986520289
0,3154,807424.0,807680.0,256.0,1.0,1,0.0,1.0,0.0,0.0,0.2437106986520289,0.2437106986520289
0,3155,807680.0,807936.0,256.0,1.0,1,0.0,1.0,0.0,0.0,0.2437106986520289,0.2437106986520289
0,3156,807936.0,808192.0,256.0,1.0,1,0.0,1.0,0.0,0.0,0.2437106986520289,0.2437106986520289
0,3157,808192.0,808448.0,256.0,1.0,1,0.0,1.0,0.0,0.0,0.2437106986520289,0.2437106986520289
0,3158,808448.0,808704.0,256.0,1.0,1,0.0,1.0,0.0,0.0,0.2437106986520289,0.2437106986520289
0,3159,808704.0,808960.0,256.0,1.0,1,0.0,1.0,0.0,0.0,0.2437106986520289,0.2437106986520289
0,3160,808960.0,809216.0,256.0,1.0,1,0.0,1.0,0.0,0.0,0.2437106986520289,0.2437106986520289
0,3161,809216.0,809472.0,256.0,1.0,1,0.0,1.0,0.0,0.0,0.2437106986520289,0.2437106986520289
0,3162,809472.0,809728.0,256.0,1.0,1,0.0,1.0,0.0,0.0,0.2437106986520289,0.2437106986520289
0,3163,809728.0,809984.0,256.0,1.0,1,0.0,1.0,0.0,0.0,0.2437106986520289,0.2437106986520289
0,3164,809984.0,810240.0,256.0,1.0,1,0.0,1.0,0.0,0.0,0.2437106986520289,0.2437106986520289
0,3165,810240.0,810496.0,256.0,1.0,1,0.0,1.0,0.0,0.0,0.2437106986520289,0.2437106986520289
0,3166,810496.0,810752.0,256.0,1.0,1,0.0,1.0,0.0,0.0,0.2437106986520289,0.2437106986520289
0,3167,810752.0,811008.0,256.0,1.0,1,0.0,1.0,0.0,0.0,0.2437106986520289,0.2437106986520289
0,3168,811008.0,811264.0,256.0,1.0,1,0.0,1.0,0.0,0.0,0.2437106986520289,0.2437106986520289
0,3169,811264.0,811520.0,256.0,1.0,1,0.0,1.0,0.0,0.0,0.2437106986520289,0.2437106986520289
0,3170,811520.0,811776.0,256.0,1.0,1,0.0,1.0,0.0,0.0,0.2437106986520289,0.2437106986520289
0,3171,811776.0,812032.0,256.0,1.0,1,0.0,1.0,0.0,0.0,0.2437106986520289,0.2437106986520289
0,3172,812032.0,812288.0,256.0,1.0,1,0.0,1.0,0.0,0.0,0.2437106986520289,0.2437106986520289
0,3173,812288.0,812544.0,256.0,1.0,1,0.0,1.0,0.0,0.0,0.2437106986520289,0.2437106986520289
0,3174,812544.0,812800.0,256.0,1.0,1,0.0,1.0,0.0,0.0,0.2437106986520289,0.2437106986520289
0,3175,812800.0,813056.0,256.0,1.0,1,0.0,1.0,0.0,0.0,0.2437106986520289,0.2437106986520289
0,3176,813056.0,813312.0,256.0,1.0,1,0.0,1.0,0.0,0.0,0.2437106986520289,0.2437106986520289
0,3177,813312.0,813568.0,256.0,1.0,1,0.0,1.0,0.0,0.0,0.2437106986520289,0.2437106986520289
0,3178,813568.0,813824.0,256.0,1.0,1,0.0,1.0,0.0,0.0,0.2437106986520289,0.2437106986520289
0,3179,813824.0,814080.0,256.0,1.0,1,0.0,1.0,0.0,0.0,0.2437106986520289,0.2437106986520289
0,3180,814080.0,814336.0,256.0,1.0,1,0.0,1.0,0.0,0.0,0.2437106986520289,0.2437106986520289
0,3181,814336.0,814592.0,256.0,1.0,1,0.0,1.0,0.0,0.0,0.2437106986520289,0.2437106986520289
0,3182,814592.0,814848.0,256.0,1.0,1,0.0,1.0,0.0,0.0,0.2437106986520289,0.2437106986520289
0,3183,814848.0,815104.0,256.0,1.0,1,0.0,1.0,0.0,0.0,0.2437106986520289,0.2437106986520289
0,3184,815104.0,815360.0,256.0,1.0,1,0.0,1.0,0.0,0.0,0.2437106986520289,0.2437106986520289
0,3185,815360.0,815616.0,256.0,1.0,1,0.0,1.0,0.0,0.0,0.2437106986520289,0.2437106986520289
0,3186,815616.0,815872.0,256.0,1.0,1,0.0,1.0,0.0,0.0,0.2437106986520289,0.2437106986520289
0,3187,815872.0,816128.0,256.0,1.0,1,0.0,1.0,0.0,0.0,0.2437106986520289,0.2437106986520289
0,3188,816128.0,816384.0,256.0,1.0,1,0.0,1.0,0.0,0.0,0.2437106986520289,0.2437106986520289
0,3189,816384.0,816640.0,256.0,1.0,1,0.0,1.0,0.0,0.0,0.2437106986520289,0.2437106986520289
0,3190,816640.0,816896.0,256.0,1.0,1,0.0,1.0,0.0,0.0,0.2437106986520289,0.2437106986520289
0,3191,816896.0,817152.0,256.0,1.0,1,0.0,1.0,0.0,0.0,0.2437106986520289,0.2437106986520289
0,3192,817152.0,817408.0,256.0,1.0,1,0.0,1.0,0.0,0.0,0.2437106986520289,0.2437106986520289
0,3193,817408.0,817664.0,256.0,1.0,1,0.0,1.0,0.0,0.0,0.2437106986520289,0.2437106986520289
0,3194,817664.0,817920.0,256.0,1.0,1,0.0,1.0,0.0,0.0,0.2437106986520289,0.2437106986520289
0,3195,817920.0,818176.0,256.0,1.0,1,0.0,1.0,0.0,0.0,0.2437106986520289,0.2437106986520289
0,3196,818176.0,818432.0,256.0,1.0,1,0.0,1.0,0.0,0.0,0.2437106986520289,0.2437106986520289
0,3197,818432.0,818688.0,256.0,1.0,1,0.0,1.0,0.0,0.0,0.2437106986520289,0.2437106986520289
0,3198,818688.0,818944.0,256.0,1.0,1,0.0,1.0,0.0,0.0,0.2437106986520289,0.2437106986520289
0,3199,818944.0,819200.0,256.0,1.0,1,0.0,1.0,0.0,0.0,0.2437106986520289,0.2437106986520289
0,3200,819200.0,819456.0,256.0,1.0,1,0.0,1.0,0.0,0.0,0.2437106986520289,0.2437106986520289
0,3201,819456.0,819712.0,256.0,1.0,1,0.0,1.0,0.0,0.0,0.2437106986520289,0.2437106986520289
0,3202,819712.0,819968.0,256.0,1.0,1,0.0,1.0,0.0,0.0,0.2437106986520289,0.2437106986520289
0,3203,819968.0,820224.0,256.0,1.0,1,0.0,1.0,0.0,0.0,0.2437106986520289,0.2437106986520289
0,3204,820224.0,820480.0,256.0,1.0,1,0.0,1.0,0.0,0.0,0.2437106986520289,0.2437106986520289
0,3205,820480.0,820736.0,256.0,1.0,1,0.0,1.0,0.0,0.0,0.2437106986520289,0.2437106986520289
0,3206,820736.0,820992.0,256.0,1.0,1,0.0,1.0,0.0,0.0,0.2437106986520289,0.2437106986520289
0,3207,820992.0,821248.0,256.0,1.0,1,0.0,1.0,0.0,0.0,0.2437106986520289,0.2437106986520289
0,3208,821248.0,821504.0,256.0,1.0,1,0.0,1.0,0.0,0.0,0.2437106986520289,0.2437106986520289
0,3209,821504.0,821760.0,256.0,1.0,1,0.0,1.0,0.0,0.0,0.2437106986520289,0.2437106986520289
0,3210,821760.0,822016.0,256.0,1.0,1,0.0,1.0,0.0,0.0,0.2437106986520289,0.2437106986520289
0,3211,822016.0,822272.0,256.0,1.0,1,0.0,1.0,0.0,0.0,0.2437106986520289,0.2437106986520289
0,3212,822272.0,822528.0,256.0,1.0,1,0.0,1.0,0.0,0.0,0.2437106986520289,0.2437106986520289
0,3213,822528.0,822784.0,256.0,1.0,1,0.0,1.0,0.0,0.0,0.2437106986520289,0.2437106986520289
0,3214,822784.0,823040.0,256.0,1.0,1,0.0,1.0,0.0,0.0,0.2437106986520289,0.2437106986520289
0,3215,823040.0,823296.0,256.0,1.0,1,0.0,1.0,0.0,0.0,0.2437106986520289,0.2437106986520289
0,3216,823296.0,823552.0,256.0,1.0,1,0.0,1.0,0.0,0.0,0.2437106986520289,0.2437106986520289
0,3217,823552.0,823808.0,256.0,1.0,1,0.0,1.0,0.0,0.0,0.2437106986520289,0.2437106986520289
0,3218,823808.0,824064.0,256.0,1.0,1,0.0,1.0,0.0,0.0,0.2437106986520289,0.2437106986520289
0,3219,824064.0,824320.0,256.0,1.0,1,0.0,1.0,0.0,0.0,0.2437106986520289,0.2437106986520289
0,3220,824320.0,824576.0,256.0,1.0,1,0.0,1.0,0.0,0.0,0.2437106986520289,0.2437106986520289
0,3221,824576.0,824832.0,256.0,1.0,1,0.0,1.0,0.0,0.0,0.2437106986520289,0.2437106986520289
0,3222,824832.0,825088.0,256.0,1.0,1,0.0,1.0,0.0,0.0,0.2437106986520289,0.2437106986520289
0,3223,825088.0,825344.0,256.0,1.0,1,0.0,1.0,0.0,0.0,0.2437106986520289,0.2437106986520289
0,3224,825344.0,825600.0,256.0,1.0,1,0.0,1.0,0.0,0.0,0.2437106986520289,0.2437106986520289
0,3225,825600.0,825856.0,256.0,1.0,1,0.0,1.0,0.0,0.0,0.2437106986520289,0.2437106986520289
0,3226,825856.0,826112.0,256.0,1.0,1,0.0,1.0,0.0,0.0,0.2437106986520289,0.2437106986520289
0,3227,826112.0,826368.0,256.0,1.0,1,0.0,1.0,0.0,0.0,0.2437106986520289,0.2437106986520289
0,3228,826368.0,826624.0,256.0,1.0,1,0.0,1.0,0.0,0.0,0.2437106986520289,0.2437106986520289
0,3229,826624.0,826880.0,256.0,1.0,1,0.0,1.0,0.0,0.0,0.2437106986520289,0.2437106986520289
0,3230,826880.0,827136.0,256.0,1.0,1,0.0,1.0,0.0,0.0,0.2437106986520289,0.2437106986520289
0,3231,827136.0,827392.0,256.0,1.0,1,0.0,1.0,0.0,0.0,0.2437106986520289,0.2437106986520289
0,3232,827392.0,827648.0,256.0,1.0,1,0.0,1.0,0.0,0.0,0.2437106986520289,0.2437106986520289
0,3233,827648.0,827904.0,256.0,1.0,1,0.0,1.0,0.0,0.0,0.2437106986520289,0.2437106986520289
0,3234,827904.0,828160.0,256.0,1.0,1,0.0,1.0,0.0,0.0,0.2437106986520289,0.2437106986520289
0,3235,828160.0,828416.0,256.0,1.0,1,0.0,1.0,0.0,0.0,0.2437106986520289,0.2437106986520289
0,3236,828416.0,828672.0,256.0,1.0,1,0.0,1.0,0.0,0.0,0.2437106986520289,0.2437106986520289
0,3237,828672.0,828928.0,256.0,1.0,1,0.0,1.0,0.0,0.0,0.2437106986520289,0.2437106986520289
0,3238,828928.0,829184.0,256.0,1.0,1,0.0,1.0,0.0,0.0,0.2437106986520289,0.2437106986520289
0,3239,829184.0,829440.0,256.0,1.0,1,0.0,1.0,0.0,0.0,0.2437106986520289,0.2437106986520289
0,3240,829440.0,829696.0,256.0,1.0,1,0.0,1.0,0.0,0.0,0.2437106986520289,0.2437106986520289
0,3241,829696.0,829952.0,256.0,1.0,1,0.0,1.0,0.0,0.0,0.2437106986520289,0.2437106986520289
0,3242,829952.0,830208.0,256.0,1.0,1,0.0,1.0,0.0,0.0,0.2437106986520289,0.2437106986520289
0,3243,830208.0,830464.0,256.0,1.0,1,0.0,1.0,0.0,0.0,0.2437106986520289,0.2437106986520289
0,3244,830464.0,830720.0,256.0,1.0,1,0.0,1.0,0.0,0.0,0.2437106986520289,0.2437106986520289
0,3245,830720.0,830976.0,256.0,1.0,1,0.0,1.0,0.0,0.0,0.2437106986520289,0.2437106986520289
0,3246,830976.0,831232.0,256.0,1.0,1,0.0,1.0,0.0,0.0,0.2437106986520289,0.2437106986520289
0,3247,831232.0,831488.0,256.0,1.0,1,0.0,1.0,0.0,0.0,0.2437106986520289,0.2437106986520289
0,3248,831488.0,831744.0,256.0,1.0,1,0.0,1.0,0.0,0.0,0.2437106986520289,0.2437106986520289
0,3249,831744.0,832000.0,256.0,1.0,1,0.0,1.0,0.0,0.0,0.2437106986520289,0.2437106986520289
0,3250,832000.0,832256.0,256.0,1.0,1,0.0,1.0,0.0,0.0,0.2437106986520289,0.2437106986520289
0,3251,832256.0,832512.0,256.0,1.0,1,0.0,1.0,0.0,0.0,0.2437106986520289,0.2437106986520289
0,3252,832512.0,832768.0,256.0,1.0,1,0.0,1.0,0.0,0.0,0.2437106986520289,0.2437106986520289
0,3253,832768.0,833024.0,256.0,1.0,1,0.0,1.0,0.0,0.0,0.2437106986520289,0.2437106986520289
0,3254,833024.0,833280.0,256.0,1.0,1,0.0,1.0,0.0,0.0,0.2437106986520289,0.2437106986520289
0,3255,833280.0,833536.0,256.0,1.0,1,0.0,1.0,0.0,0.0,0.2437106986520289,0.2437106986520289
0,3256,833536.0,833792.0,256.0,1.0,1,0.0,1.0,0.0,0.0,0.2437106986520289,0.2437106986520289
0,3257,833792.0,834048.0,256.0,1.0,1,0.0,1.0,0.0,0.0,0.2437106986520289,0.2437106986520289
0,3258,834048.0,834304.0,256.0,1.0,1,0.0,1.0,0.0,0.0,0.2437106986520289,0.2437106986520289
0,3259,834304.0,834560.0,256.0,1.0,1,0.0,1.0,0.0,0.0,0.2437106986520289,0.2437106986520289
0,3260,834560.0,834816.0,256.0,1.0,1,0.0,1.0,0.0,0.0,0.2437106986520289,0.2437106986520289
0,3261,834816.0,835072.0,256.0,1.0,1,0.0,1.0,0.0,0.0,0.2437106986520289,0.2437106986520289
0,3262,835072.0,835328.0,256.0,1.0,1,0.0,1.0,0.0,0.0,0.2437106986520289,0.2437106986520289
0,3263,835328.0,835584.0,256.0,1.0,1,0.0,1.0,0.0,0.0,0.2437106986520289,0.2437106986520289
0,3264,835584.0,835840.0,256.0,1.0,1,0.0,1.0,0.0,0.0,0.2437106986520289,0.2437106986520289
0,3265,835840.0,836096.0,256.0,1.0,1,0.0,1.0,0.0,0.0,0.2437106986520289,0.2437106986520289
0,3266,836096.0,836352.0,256.0,1.0,1,0.0,1.0,0.0,0.0,0.2437106986520289,0.2437106986520289
0,3267,836352.0,836608.0,256.0,1.0,1,0.0,1.0,0.0,0.0,0.2437106986520289,0.2437106986520289
0,3268,836608.0,836864.0,256.0,1.0,1,0.0,1.0,0.0,0.0,0.2437106986520289,0.2437106986520289
0,3269,836864.0,837120.0,256.0,1.0,1,0.0,1.0,0.0,0.0,0.2437106986520289,0.2437106986520289
0,3270,837120.0,837376.0,256.0,1.0,1,0.0,1.0,0.0,0.0,0.2437106986520289,0.2437106986520289
0,3271,837376.0,837632.0,256.0,1.0,1,0.0,1.0,0.0,0.0,0.2437106986520289,0.2437106986520289
0,3272,837632.0,837888.0,256.0,1.0,1,0.0,1.0,0.0,0.0,0.2437106986520289,0.2437106986520289
0,3273,837888.0,838144.0,256.0,1.0,1,0.0,1.0,0.0,0.0,0.2437106986520289,0.2437106986520289
0,3274,838144.0,838400.0,256.0,1.0,1,0.0,1.0,0.0,0.0,0.2437106986520289,0.2437106986520289
0,3275,838400.0,838656.0,256.0,1.0,1,0.0,1.0,0.0,0.0,0.2437106986520289,0.2437106986520289
0,3276,838656.0,838912.0,256.0,1.0,1,0.0,1.0,0.0,0.0,0.2437106986520289,0.2437106986520289
0,3277,838912.0,839168.0,256.0,1.0,1,0.0,1.0,0.0,0.0,0.2437106986520289,0.2437106986520289
0,3278,839168.0,839424.0,256.0,1.0,1,0.0,1.0,0.0,0.0,0.2437106986520289,0.2437106986520289
0,3279,839424.0,839680.0,256.0,1.0,1,0.0,1.0,0.0,0.0,0.2437106986520289,0.2437106986520289
0,3280,839680.0,839936.0,256.0,1.0,1,0.0,1.0,0.0,0.0,0.2437106986520289,0.2437106986520289
0,3281,839936.0,840192.0,256.0,1.0,1,0.0,1.0,0.0,0.0,0.2437106986520289,0.2437106986520289
0,3282,840192.0,840448.0,256.0,1.0,1,0.0,1.0,0.0,0.0,0.2437106986520289,0.2437106986520289
0,3283,840448.0,840704.0,256.0,1.0,1,0.0,1.0,0.0,0.0,0.2437106986520289,0.2437106986520289
0,3284,840704.0,840960.0,256.0,1.0,1,0.0,1.0,0.0,0.0,0.2437106986520289,0.2437106986520289
0,3285,840960.0,841216.0,256.0,1.0,1,0.0,1.0,0.0,0.0,0.2437106986520289,0.2437106986520289
0,3286,841216.0,841472.0,256.0,1.0,1,0.0,1.0,0.0,0.0,0.2437106986520289,0.2437106986520289
0,3287,841472.0,841728.0,256.0,1.0,1,0.0,1.0,0.0,0.0,0.2437106986520289,0.2437106986520289
0,3288,841728.0,841984.0,256.0,1.0,1,0.0,1.0,0.0,0.0,0.2437106986520289,0.2437106986520289
0,3289,841984.0,842240.0,256.0,1.0,1,0.0,1.0,0.0,0.0,0.2437106986520289,0.2437106986520289
0,3290,842240.0,842496.0,256.0,1.0,1,0.0,1.0,0.0,0.0,0.2437106986520289,0.2437106986520289
0,3291,842496.0,842752.0,256.0,1.0,1,0.0,1.0,0.0,0.0,0.2437106986520289,0.2437106986520289
0,3292,842752.0,843008.0,256.0,1.0,1,0.0,1.0,0.0,0.0,0.2437106986520289,0.2437106986520289
0,3293,843008.0,843264.0,256.0,1.0,1,0.0,1.0,0.0,0.0,0.2437106986520289,0.2437106986520289
0,3294,843264.0,843520.0,256.0,1.0,1,0.0,1.0,0.0,0.0,0.2437106986520289,0.2437106986520289
0,3295,843520.0,843776.0,256.0,1.0,1,0.0,1.0,0.0,0.0,0.2437106986520289,0.2437106986520289
0,3296,843776.0,844032.0,256.0,1.0,1,0.0,1.0,0.0,0.0,0.2437106986520289,0.2437106986520289
0,3297,844032.0,844288.0,256.0,1.0,1,0.0,1.0,0.0,0.0,0.2437106986520289,0.2437106986520289
0,3298,844288.0,844544.0,256.0,1.0,1,0.0,1.0,0.0,0.0,0.2437106986520289,0.2437106986520289
0,3299,844544.0,844800.0,256.0,1.0,1,0.0,1.0,0.0,0.0,0.2437106986520289,0.2437106986520289
0,3300,844800.0,845056.0,256.0,1.0,1,0.0,1.0,0.0,0.0,0.2437106986520289,0.2437106986520289
0,3301,845056.0,845312.0,256.0,1.0,1,0.0,1.0,0.0,0.0,0.2437106986520289,0.2437106986520289
0,3302,845312.0,845568.0,256.0,1.0,1,0.0,1.0,0.0,0.0,0.2437106986520289,0.2437106986520289
0,3303,845568.0,845824.0,256.0,1.0,1,0.0,1.0,0.0,0.0,0.2437106986520289,0.2437106986520289
0,3304,845824.0,846080.0,256.0,1.0,1,0.0,1.0,0.0,0.0,0.2437106986520289,0.2437106986520289
0,3305,846080.0,846336.0,256.0,1.0,1,0.0,1.0,0.0,0.0,0.2437106986520289,0.2437106986520289
0,3306,846336.0,846592.0,256.0,1.0,1,0.0,1.0,0.0,0.0,0.2437106986520289,0.2437106986520289
0,3307,846592.0,846848.0,256.0,1.0,1,0.0,1.0,0.0,0.0,0.2437106986520289,0.2437106986520289
0,3308,846848.0,847104.0,256.0,1.0,1,0.0,1.0,0.0,0.0,0.2437106986520289,0.2437106986520289
0,3309,847104.0,847360.0,256.0,1.0,1,0.0,1.0,0.0,0.0,0.2437106986520289,0.2437106986520289
0,3310,847360.0,847616.0,256.0,1.0,1,0.0,1.0,0.0,0.0,0.2437106986520289,0.2437106986520289
0,3311,847616.0,847872.0,256.0,1.0,1,0.0,1.0,0.0,0.0,0.2437106986520289,0.2437106986520289
0,3312,847872.0,848128.0,256.0,1.0,1,0.0,1.0,0.0,0.0,0.2437106986520289,0.2437106986520289
0,3313,848128.0,848384.0,256.0,1.0,1,0.0,1.0,0.0,0.0,0.2437106986520289,0.2437106986520289
0,3314,848384.0,848640.0,256.0,1.0,1,0.0,1.0,0.0,0.0,0.2437106986520289,0.2437106986520289
0,3315,848640.0,848896.0,256.0,1.0,1,0.0,1.0,0.0,0.0,0.2437106986520289,0.2437106986520289
0,3316,848896.0,849152.0,256.0,1.0,1,0.0,1.0,0.0,0.0,0.2437106986520289,0.2437106986520289
0,3317,849152.0,849408.0,256.0,1.0,1,0.0,1.0,0.0,0.0,0.2437106986520289,0.2437106986520289
0,3318,849408.0,849664.0,256.0,1.0,1,0.0,1.0,0.0,0.0,0.2437106986520289,0.2437106986520289
0,3319,849664.0,849920.0,256.0,1.0,1,0.0,1.0,0.0,0.0,0.2437106986520289,0.2437106986520289
0,3320,849920.0,850176.0,256.0,1.0,1,0.0,1.0,0.0,0.0,0.2437106986520289,0.2437106986520289
0,3321,850176.0,850432.0,256.0,1.0,1,0.0,1.0,0.0,0.0,0.2437106986520289,0.2437106986520289
0,3322,850432.0,850688.0,256.0,1.0,1,0.0,1.0,0.0,0.0,0.2437106986520289,0.2437106986520289
0,3323,850688.0,850944.0,256.0,1.0,1,0.0,1.0,0.0,0.0,0.2437106986520289,0.2437106986520289
0,3324,850944.0,851200.0,256.0,1.0,1,0.0,1.0,0.0,0.0,0.2437106986520289,0.2437106986520289
0,3325,851200.0,851456.0,256.0,1.0,1,0.0,1.0,0.0,0.0,0.2437106986520289,0.2437106986520289
0,3326,851456.0,851712.0,256.0,1.0,1,0.0,1.0,0.0,0.0,0.2437106986520289,0.2437106986520289
0,3327,851712.0,851968.0,256.0,1.0,1,0.0,1.0,0.0,0.0,0.2437106986520289,0.2437106986520289
0,3328,851968.0,852224.0,256.0,1.0,1,0.0,1.0,0.0,0.0,0.2437106986520289,0.2437106986520289
0,3329,852224.0,852480.0,256.0,1.0,1,0.0,1.0,0.0,0.0,0.2437106986520289,0.2437106986520289
0,3330,852480.0,852736.0,256.0,1.0,1,0.0,1.0,0.0,0.0,0.2437106986520289,0.2437106986520289
0,3331,852736.0,852992.0,256.0,1.0,1,0.0,1.0,0.0,0.0,0.2437106986520289,0.2437106986520289
0,3332,852992.0,853248.0,256.0,1.0,1,0.0,1.0,0.0,0.0,0.2437106986520289,0.2437106986520289
0,3333,853248.0,853504.0,256.0,1.0,1,0.0,1.0,0.0,0.0,0.2437106986520289,0.2437106986520289
0,3334,853504.0,853760.0,256.0,1.0,1,0.0,1.0,0.0,0.0,0.2437106986520289,0.2437106986520289
0,3335,853760.0,854016.0,256.0,1.0,1,0.0,1.0,0.0,0.0,0.2437106986520289,0.2437106986520289
0,3336,854016.0,854272.0,256.0,1.0,1,0.0,1.0,0.0,0.0,0.2437106986520289,0.2437106986520289
0,3337,854272.0,854528.0,256.0,1.0,1,0.0,1.0,0.0,0.0,0.2437106986520289,0.2437106986520289
0,3338,854528.0,854784.0,256.0,1.0,1,0.0,1.0,0.0,0.0,0.2437106986520289,0.2437106986520289
0,3339,854784.0,855040.0,256.0,1.0,1,0.0,1.0,0.0,0.0,0.2437106986520289,0.2437106986520289
0,3340,855040.0,855296.0,256.0,1.0,1,0.0,1.0,0.0,0.0,0.2437106986520289,0.2437106986520289
0,3341,855296.0,855552.0,256.0,1.0,1,0.0,1.0,0.0,0.0,0.2437106986520289,0.2437106986520289
0,3342,855552.0,855808.0,256.0,1.0,1,0.0,1.0,0.0,0.0,0.2437106986520289,0.2437106986520289
0,3343,855808.0,856064.0,256.0,1.0,1,0.0,1.0,0.0,0.0,0.2437106986520289,0.2437106986520289
0,3344,856064.0,856320.0,256.0,1.0,1,0.0,1.0,0.0,0.0,0.2437106986520289,0.2437106986520289
0,3345,856320.0,856576.0,256.0,1.0,1,0.0,1.0,0.0,0.0,0.2437106986520289,0.2437106986520289
0,3346,856576.0,856832.0,256.0,1.0,1,0.0,1.0,0.0,0.0,0.2437106986520289,0.2437106986520289
0,3347,856832.0,857088.0,256.0,1.0,1,0.0,1.0,0.0,0.0,0.2437106986520289,0.2437106986520289
0,3348,857088.0,857344.0,256.0,1.0,1,0.0,1.0,0.0,0.0,0.2437106986520289,0.2437106986520289
0,3349,857344.0,857600.0,256.0,1.0,1,0.0,1.0,0.0,0.0,0.2437106986520289,0.2437106986520289
0,3350,857600.0,857856.0,256.0,1.0,1,0.0,1.0,0.0,0.0,0.2437106986520289,0.2437106986520289
0,3351,857856.0,858112.0,256.0,1.0,1,0.0,1.0,0.0,0.0,0.2437106986520289,0.2437106986520289
0,3352,858112.0,858368.0,256.0,1.0,1,0.0,1.0,0.0,0.0,0.2437106986520289,0.2437106986520289
0,3353,858368.0,858624.0,256.0,1.0,1,0.0,1.0,0.0,0.0,0.2437106986520289,0.2437106986520289
0,3354,858624.0,858880.0,256.0,1.0,1,0.0,1.0,0.0,0.0,0.2437106986520289,0.2437106986520289
0,3355,858880.0,859136.0,256.0,1.0,1,0.0,1.0,0.0,0.0,0.2437106986520289,0.2437106986520289
0,3356,859136.0,859392.0,256.0,1.0,1,0.0,1.0,0.0,0.0,0.2437106986520289,0.2437106986520289
0,3357,859392.0,859648.0,256.0,1.0,1,0.0,1.0,0.0,0.0,0.2437106986520289,0.2437106986520289
0,3358,859648.0,859904.0,256.0,1.0,1,0.0,1.0,0.0,0.0,0.2437106986520289,0.2437106986520289
0,3359,859904.0,860160.0,256.0,1.0,1,0.0,1.0,0.0,0.0,0.2437106986520289,0.2437106986520289
0,3360,860160.0,860416.0,256.0,1.0,1,0.0,1.0,0.0,0.0,0.2437106986520289,0.2437106986520289
0,3361,860416.0,860672.0,256.0,1.0,1,0.0,1.0,0.0,0.0,0.2437106986520289,0.2437106986520289
0,3362,860672.0,860928.0,256.0,1.0,1,0.0,1.0,0.0,0.0,0.2437106986520289,0.2437106986520289
0,3363,860928.0,861184.0,256.0,1.0,1,0.0,1.0,0.0,0.0,0.2437106986520289,0.2437106986520289
0,3364,861184.0,861440.0,256.0,1.0,1,0.0,1.0,0.0,0.0,0.2437106986520289,0.2437106986520289
0,3365,861440.0,861696.0,256.0,1.0,1,0.0,1.0,0.0,0.0,0.2437106986520289,0.2437106986520289
0,3366,861696.0,861952.0,256.0,1.0,1,0.0,1.0,0.0,0.0,0.2437106986520289,0.2437106986520289
0,3367,861952.0,862208.0,256.0,1.0,1,0.0,1.0,0.0,0.0,0.2437106986520289,0.2437106986520289
0,3368,862208.0,862464.0,256.0,1.0,1,0.0,1.0,0.0,0.0,0.2437106986520289,0.2437106986520289
0,3369,862464.0,862720.0,256.0,1.0,1,0.0,1.0,0.0,0.0,0.2437106986520289,0.2437106986520289
0,3370,862720.0,862976.0,256.0,1.0,1,0.0,1.0,0.0,0.0,0.2437106986520289,0.2437106986520289
0,3371,862976.0,863232.0,256.0,1.0,1,0.0,1.0,0.0,0.0,0.2437106986520289,0.2437106986520289
0,3372,863232.0,863488.0,256.0,1.0,1,0.0,1.0,0.0,0.0,0.2437106986520289,0.2437106986520289
0,3373,863488.0,863744.0,256.0,1.0,1,0.0,1.0,0.0,0.0,0.2437106986520289,0.2437106986520289
0,3374,863744.0,864000.0,256.0,1.0,1,0.0,1.0,0.0,0.0,0.2437106986520289,0.2437106986520289
0,3375,864000.0,864256.0,256.0,1.0,1,0.0,1.0,0.0,0.0,0.2437106986520289,0.2437106986520289
0,3376,864256.0,864512.0,256.0,1.0,1,0.0,1.0,0.0,0.0,0.2437106986520289,0.2437106986520289
0,3377,864512.0,864768.0,256.0,1.0,1,0.0,1.0,0.0,0.0,0.2437106986520289,0.2437106986520289
0,3378,864768.0,865024.0,256.0,1.0,1,0.0,1.0,0.0,0.0,0.2437106986520289,0.2437106986520289
0,3379,865024.0,865280.0,256.0,1.0,1,0.0,1.0,0.0,0.0,0.2437106986520289,0.2437106986520289
0,3380,865280.0,865536.0,256.0,1.0,1,0.0,1.0,0.0,0.0,0.2437106986520289,0.2437106986520289
0,3381,865536.0,865792.0,256.0,1.0,1,0.0,1.0,0.0,0.0,0.2437106986520289,0.2437106986520289
0,3382,865792.0,866048.0,256.0,1.0,1,0.0,1.0,0.0,0.0,0.2437106986520289,0.2437106986520289
0,3383,866048.0,866304.0,256.0,1.0,1,0.0,1.0,0.0,0.0,0.2437106986520289,0.2437106986520289
0,3384,866304.0,866560.0,256.0,1.0,1,0.0,1.0,0.0,0.0,0.2437106986520289,0.2437106986520289
0,3385,866560.0,866816.0,256.0,1.0,1,0.0,1.0,0.0,0.0,0.2437106986520289,0.2437106986520289
0,3386,866816.0,867072.0,256.0,1.0,1,0.0,1.0,0.0,0.0,0.2437106986520289,0.2437106986520289
0,3387,867072.0,867328.0,256.0,1.0,1,0.0,1.0,0.0,0.0,0.2437106986520289,0.2437106986520289
0,3388,867328.0,867584.0,256.0,1.0,1,0.0,1.0,0.0,0.0,0.2437106986520289,0.2437106986520289
0,3389,867584.0,867840.0,256.0,1.0,1,0.0,1.0,0.0,0.0,0.2437106986520289,0.2437106986520289
0,3390,867840.0,868096.0,256.0,1.0,1,0.0,1.0,0.0,0.0,0.2437106986520289,0.2437106986520289
0,3391,868096.0,868352.0,256.0,1.0,1,0.0,1.0,0.0,0.0,0.2437106986520289,0.2437106986520289
0,3392,868352.0,868608.0,256.0,1.0,1,0.0,1.0,0.0,0.0,0.2437106986520289,0.2437106986520289
0,3393,868608.0,868864.0,256.0,1.0,1,0.0,1.0,0.0,0.0,0.2437106986520289,0.2437106986520289
0,3394,868864.0,869120.0,256.0,1.0,1,0.0,1.0,0.0,0.0,0.2437106986520289,0.2437106986520289
0,3395,869120.0,869376.0,256.0,1.0,1,0.0,1.0,0.0,0.0,0.2437106986520289,0.2437106986520289
0,3396,869376.0,869632.0,256.0,1.0,1,0.0,1.0,0.0,0.0,0.2437106986520289,0.2437106986520289
0,3397,869632.0,869888.0,256.0,1.0,1,0.0,1.0,0.0,0.0,0.2437106986520289,0.2437106986520289
0,3398,869888.0,870144.0,256.0,1.0,1,0.0,1.0,0.0,0.0,0.2437106986520289,0.2437106986520289
0,3399,870144.0,870400.0,256.0,1.0,1,0.0,1.0,0.0,0.0,0.2437106986520289,0.2437106986520289
0,3400,870400.0,870656.0,256.0,1.0,1,0.0,1.0,0.0,0.0,0.2437106986520289,0.2437106986520289
0,3401,870656.0,870912.0,256.0,1.0,1,0.0,1.0,0.0,0.0,0.2437106986520289,0.2437106986520289
0,3402,870912.0,871168.0,256.0,1.0,1,0.0,1.0,0.0,0.0,0.2437106986520289,0.2437106986520289
0,3403,871168.0,871424.0,256.0,1.0,1,0.0,1.0,0.0,0.0,0.2437106986520289,0.2437106986520289
0,3404,871424.0,871680.0,256.0,1.0,1,0.0,1.0,0.0,0.0,0.2437106986520289,0.2437106986520289
0,3405,871680.0,871936.0,256.0,1.0,1,0.0,1.0,0.0,0.0,0.2437106986520289,0.2437106986520289
0,3406,871936.0,872192.0,256.0,1.0,1,0.0,1.0,0.0,0.0,0.2437106986520289,0.2437106986520289
0,3407,872192.0,872448.0,256.0,1.0,1,0.0,1.0,0.0,0.0,0.2437106986520289,0.2437106986520289
0,3408,872448.0,872704.0,256.0,1.0,1,0.0,1.0,0.0,0.0,0.2437106986520289,0.2437106986520289
0,3409,872704.0,872960.0,256.0,1.0,1,0.0,1.0,0.0,0.0,0.2437106986520289,0.2437106986520289
0,3410,872960.0,873216.0,256.0,1.0,1,0.0,1.0,0.0,0.0,0.2437106986520289,0.2437106986520289
0,3411,873216.0,873472.0,256.0,1.0,1,0.0,1.0,0.0,0.0,0.2437106986520289,0.2437106986520289
0,3412,873472.0,873728.0,256.0,1.0,1,0.0,1.0,0.0,0.0,0.2437106986520289,0.2437106986520289
0,3413,873728.0,873984.0,256.0,1.0,1,0.0,1.0,0.0,0.0,0.2437106986520289,0.2437106986520289
0,3414,873984.0,874240.0,256.0,1.0,1,0.0,1.0,0.0,0.0,0.2437106986520289,0.2437106986520289
0,3415,874240.0,874496.0,256.0,1.0,1,0.0,1.0,0.0,0.0,0.2437106986520289,0.2437106986520289
0,3416,874496.0,874752.0,256.0,1.0,1,0.0,1.0,0.0,0.0,0.2437106986520289,0.2437106986520289
0,3417,874752.0,875008.0,256.0,1.0,1,0.0,1.0,0.0,0.0,0.2437106986520289,0.2437106986520289
0,3418,875008.0,875264.0,256.0,1.0,1,0.0,1.0,0.0,0.0,0.2437106986520289,0.2437106986520289
0,3419,875264.0,875520.0,256.0,1.0,1,0.0,1.0,0.0,0.0,0.2437106986520289,0.2437106986520289
0,3420,875520.0,875776.0,256.0,1.0,1,0.0,1.0,0.0,0.0,0.2437106986520289,0.2437106986520289
0,3421,875776.0,876032.0,256.0,1.0,1,0.0,1.0,0.0,0.0,0.2437106986520289,0.2437106986520289
0,3422,876032.0,876288.0,256.0,1.0,1,0.0,1.0,0.0,0.0,0.2437106986520289,0.2437106986520289
0,3423,876288.0,876544.0,256.0,1.0,1,0.0,1.0,0.0,0.0,0.2437106986520289,0.2437106986520289
0,3424,876544.0,876800.0,256.0,1.0,1,0.0,1.0,0.0,0.0,0.2437106986520289,0.2437106986520289
0,3425,876800.0,877056.0,256.0,1.0,1,0.0,1.0,0.0,0.0,0.2437106986520289,0.2437106986520289
0,3426,877056.0,877312.0,256.0,1.0,1,0.0,1.0,0.0,0.0,0.2437106986520289,0.2437106986520289
0,3427,877312.0,877568.0,256.0,1.0,1,0.0,1.0,0.0,0.0,0.2437106986520289,0.2437106986520289
0,3428,877568.0,877824.0,256.0,1.0,1,0.0,1.0,0.0,0.0,0.2437106986520289,0.2437106986520289
0,3429,877824.0,878080.0,256.0,1.0,1,0.0,1.0,0.0,0.0,0.2437106986520289,0.2437106986520289
0,3430,878080.0,878336.0,256.0,1.0,1,0.0,1.0,0.0,0.0,0.2437106986520289,0.2437106986520289
0,3431,878336.0,878592.0,256.0,1.0,1,0.0,1.0,0.0,0.0,0.2437106986520289,0.2437106986520289
0,3432,878592.0,878848.0,256.0,1.0,1,0.0,1.0,0.0,0.0,0.2437106986520289,0.2437106986520289
0,3433,878848.0,879104.0,256.0,1.0,1,0.0,1.0,0.0,0.0,0.2437106986520289,0.2437106986520289
0,3434,879104.0,879360.0,256.0,1.0,1,0.0,1.0,0.0,0.0,0.2437106986520289,0.2437106986520289
0,3435,879360.0,879616.0,256.0,1.0,1,0.0,1.0,0.0,0.0,0.2437106986520289,0.2437106986520289
0,3436,879616.0,879872.0,256.0,1.0,1,0.0,1.0,0.0,0.0,0.2437106986520289,0.2437106986520289
0,3437,879872.0,880128.0,256.0,1.0,1,0.0,1.0,0.0,0.0,0.2437106986520289,0.2437106986520289
0,3438,880128.0,880384.0,256.0,1.0,1,0.0,1.0,0.0,0.0,0.2437106986520289,0.2437106986520289
0,3439,880384.0,880640.0,256.0,1.0,1,0.0,1.0,0.0,0.0,0.2437106986520289,0.2437106986520289
0,3440,880640.0,880896.0,256.0,1.0,1,0.0,1.0,0.0,0.0,0.2437106986520289,0.2437106986520289
0,3441,880896.0,881152.0,256.0,1.0,1,0.0,1.0,0.0,0.0,0.2437106986520289,0.2437106986520289
0,3442,881152.0,881408.0,256.0,1.0,1,0.0,1.0,0.0,0.0,0.2437106986520289,0.2437106986520289
0,3443,881408.0,881664.0,256.0,1.0,1,0.0,1.0,0.0,0.0,0.2437106986520289,0.2437106986520289
0,3444,881664.0,881920.0,256.0,1.0,1,0.0,1.0,0.0,0.0,0.2437106986520289,0.2437106986520289
0,3445,881920.0,882176.0,256.0,1.0,1,0.0,1.0,0.0,0.0,0.2437106986520289,0.2437106986520289
0,3446,882176.0,882432.0,256.0,1.0,1,0.0,1.0,0.0,0.0,0.2437106986520289,0.2437106986520289
0,3447,882432.0,882688.0,256.0,1.0,1,0.0,1.0,0.0,0.0,0.2437106986520289,0.2437106986520289
0,3448,882688.0,882944.0,256.0,1.0,1,0.0,1.0,0.0,0.0,0.2437106986520289,0.2437106986520289
0,3449,882944.0,883200.0,256.0,1.0,1,0.0,1.0,0.0,0.0,0.2437106986520289,0.2437106986520289
0,3450,883200.0,883456.0,256.0,1.0,1,0.0,1.0,0.0,0.0,0.2437106986520289,0.2437106986520289
0,3451,883456.0,883712.0,256.0,1.0,1,0.0,1.0,0.0,0.0,0.2437106986520289,0.2437106986520289
0,3452,883712.0,883968.0,256.0,1.0,1,0.0,1.0,0.0,0.0,0.2437106986520289,0.2437106986520289
0,3453,883968.0,884224.0,256.0,1.0,1,0.0,1.0,0.0,0.0,0.2437106986520289,0.2437106986520289
0,3454,884224.0,884480.0,256.0,1.0,1,0.0,1.0,0.0,0.0,0.2437106986520289,0.2437106986520289
0,3455,884480.0,884736.0,256.0,1.0,1,0.0,1.0,0.0,0.0,0.2437106986520289,0.2437106986520289
0,3456,884736.0,884992.0,256.0,1.0,1,0.0,1.0,0.0,0.0,0.2437106986520289,0.2437106986520289
0,3457,884992.0,885248.0,256.0,1.0,1,0.0,1.0,0.0,0.0,0.2437106986520289,0.2437106986520289
0,3458,885248.0,885504.0,256.0,1.0,1,0.0,1.0,0.0,0.0,0.2437106986520289,0.2437106986520289
0,3459,885504.0,885760.0,256.0,1.0,1,0.0,1.0,0.0,0.0,0.2437106986520289,0.2437106986520289
0,3460,885760.0,886016.0,256.0,1.0,1,0.0,1.0,0.0,0.0,0.2437106986520289,0.2437106986520289
0,3461,886016.0,886272.0,256.0,1.0,1,0.0,1.0,0.0,0.0,0.2437106986520289,0.2437106986520289
0,3462,886272.0,886528.0,256.0,1.0,1,0.0,1.0,0.0,0.0,0.2437106986520289,0.2437106986520289
0,3463,886528.0,886784.0,256.0,1.0,1,0.0,1.0,0.0,0.0,0.2437106986520289,0.2437106986520289
0,3464,886784.0,887040.0,256.0,1.0,1,0.0,1.0,0.0,0.0,0.2437106986520289,0.2437106986520289
0,3465,887040.0,887296.0,256.0,1.0,1,0.0,1.0,0.0,0.0,0.2437106986520289,0.2437106986520289
0,3466,887296.0,887552.0,256.0,1.0,1,0.0,1.0,0.0,0.0,0.2437106986520289,0.2437106986520289
0,3467,887552.0,887808.0,256.0,1.0,1,0.0,1.0,0.0,0.0,0.2437106986520289,0.2437106986520289
0,3468,887808.0,888064.0,256.0,1.0,1,0.0,1.0,0.0,0.0,0.2437106986520289,0.2437106986520289
0,3469,888064.0,888320.0,256.0,1.0,1,0.0,1.0,0.0,0.0,0.2437106986520289,0.2437106986520289
0,3470,888320.0,888576.0,256.0,1.0,1,0.0,1.0,0.0,0.0,0.2437106986520289,0.2437106986520289
0,3471,888576.0,888832.0,256.0,1.0,1,0.0,1.0,0.0,0.0,0.2437106986520289,0.2437106986520289
0,3472,888832.0,889088.0,256.0,1.0,1,0.0,1.0,0.0,0.0,0.2437106986520289,0.2437106986520289
0,3473,889088.0,889344.0,256.0,1.0,1,0.0,1.0,0.0,0.0,0.2437106986520289,0.2437106986520289
0,3474,889344.0,889600.0,256.0,1.0,1,0.0,1.0,0.0,0.0,0.2437106986520289,0.2437106986520289
0,3475,889600.0,889856.0,256.0,1.0,1,0.0,1.0,0.0,0.0,0.2437106986520289,0.2437106986520289
0,3476,889856.0,890112.0,256.0,1.0,1,0.0,1.0,0.0,0.0,0.2437106986520289,0.2437106986520289
0,3477,890112.0,890368.0,256.0,1.0,1,0.0,1.0,0.0,0.0,0.2437106986520289,0.2437106986520289
0,3478,890368.0,890624.0,256.0,1.0,1,0.0,1.0,0.0,0.0,0.2437106986520289,0.2437106986520289
0,3479,890624.0,890880.0,256.0,1.0,1,0.0,1.0,0.0,0.0,0.2437106986520289,0.2437106986520289
0,3480,890880.0,891136.0,256.0,1.0,1,0.0,1.0,0.0,0.0,0.2437106986520289,0.2437106986520289
0,3481,891136.0,891392.0,256.0,1.0,1,0.0,1.0,0.0,0.0,0.2437106986520289,0.2437106986520289
0,3482,891392.0,891648.0,256.0,1.0,1,0.0,1.0,0.0,0.0,0.2437106986520289,0.2437106986520289
0,3483,891648.0,891904.0,256.0,1.0,1,0.0,1.0,0.0,0.0,0.2437106986520289,0.2437106986520289
0,3484,891904.0,892160.0,256.0,1.0,1,0.0,1.0,0.0,0.0,0.2437106986520289,0.2437106986520289
0,3485,892160.0,892416.0,256.0,1.0,1,0.0,1.0,0.0,0.0,0.2437106986520289,0.2437106986520289
0,3486,892416.0,892672.0,256.0,1.0,1,0.0,1.0,0.0,0.0,0.2437106986520289,0.2437106986520289
0,3487,892672.0,892928.0,256.0,1.0,1,0.0,1.0,0.0,0.0,0.2437106986520289,0.2437106986520289
0,3488,892928.0,893184.0,256.0,1.0,1,0.0,1.0,0.0,0.0,0.2437106986520289,0.2437106986520289
0,3489,893184.0,893440.0,256.0,1.0,1,0.0,1.0,0.0,0.0,0.2437106986520289,0.2437106986520289
0,3490,893440.0,893696.0,256.0,1.0,1,0.0,1.0,0.0,0.0,0.2437106986520289,0.2437106986520289
0,3491,893696.0,893952.0,256.0,1.0,1,0.0,1.0,0.0,0.0,0.2437106986520289,0.2437106986520289
0,3492,893952.0,894208.0,256.0,1.0,1,0.0,1.0,0.0,0.0,0.2437106986520289,0.2437106986520289
0,3493,894208.0,894464.0,256.0,1.0,1,0.0,1.0,0.0,0.0,0.2437106986520289,0.2437106986520289
0,3494,894464.0,894720.0,256.0,1.0,1,0.0,1.0,0.0,0.0,0.2437106986520289,0.2437106986520289
0,3495,894720.0,894976.0,256.0,1.0,1,0.0,1.0,0.0,0.0,0.2437106986520289,0.2437106986520289
0,3496,894976.0,895232.0,256.0,1.0,1,0.0,1.0,0.0,0.0,0.2437106986520289,0.2437106986520289
0,3497,895232.0,895488.0,256.0,1.0,1,0.0,1.0,0.0,0.0,0.2437106986520289,0.2437106986520289
0,3498,895488.0,895744.0,256.0,1.0,1,0.0,1.0,0.0,0.0,0.2437106986520289,0.2437106986520289
0,3499,895744.0,896000.0,256.0,1.0,1,0.0,1.0,0.0,0.0,0.2437106986520289,0.2437106986520289
0,3500,896000.0,896256.0,256.0,1.0,1,0.0,1.0,0.0,0.0,0.2437106986520289,0.2437106986520289
0,3501,896256.0,896512.0,256.0,1.0,1,0.0,1.0,0.0,0.0,0.2437106986520289,0.2437106986520289
0,3502,896512.0,896768.0,256.0,1.0,1,0.0,1.0,0.0,0.0,0.2437106986520289,0.2437106986520289
0,3503,896768.0,897024.0,256.0,1.0,1,0.0,1.0,0.0,0.0,0.2437106986520289,0.2437106986520289
0,3504,897024.0,897280.0,256.0,1.0,1,0.0,1.0,0.0,0.0,0.2437106986520289,0.2437106986520289
0,3505,897280.0,897536.0,256.0,1.0,1,0.0,1.0,0.0,0.0,0.2437106986520289,0.2437106986520289
0,3506,897536.0,897792.0,256.0,1.0,1,0.0,1.0,0.0,0.0,0.2437106986520289,0.2437106986520289
0,3507,897792.0,898048.0,256.0,1.0,1,0.0,1.0,0.0,0.0,0.2437106986520289,0.2437106986520289
0,3508,898048.0,898304.0,256.0,1.0,1,0.0,1.0,0.0,0.0,0.2437106986520289,0.2437106986520289
0,3509,898304.0,898560.0,256.0,1.0,1,0.0,1.0,0.0,0.0,0.2437106986520289,0.2437106986520289
0,3510,898560.0,898816.0,256.0,1.0,1,0.0,1.0,0.0,0.0,0.2437106986520289,0.2437106986520289
0,3511,898816.0,899072.0,256.0,1.0,1,0.0,1.0,0.0,0.0,0.2437106986520289,0.2437106986520289
0,3512,899072.0,899328.0,256.0,1.0,1,0.0,1.0,0.0,0.0,0.2437106986520289,0.2437106986520289
0,3513,899328.0,899584.0,256.0,1.0,1,0.0,1.0,0.0,0.0,0.2437106986520289,0.2437106986520289
0,3514,899584.0,899840.0,256.0,1.0,1,0.0,1.0,0.0,0.0,0.2437106986520289,0.2437106986520289
0,3515,899840.0,900096.0,256.0,1.0,1,0.0,1.0,0.0,0.0,0.2437106986520289,0.2437106986520289
0,3516,900096.0,900352.0,256.0,1.0,1,0.0,1.0,0.0,0.0,0.2437106986520289,0.2437106986520289
0,3517,900352.0,900608.0,256.0,1.0,1,0.0,1.0,0.0,0.0,0.2437106986520289,0.2437106986520289
0,3518,900608.0,900864.0,256.0,1.0,1,0.0,1.0,0.0,0.0,0.2437106986520289,0.2437106986520289
0,3519,900864.0,901120.0,256.0,1.0,1,0.0,1.0,0.0,0.0,0.2437106986520289,0.2437106986520289
0,3520,901120.0,901376.0,256.0,1.0,1,0.0,1.0,0.0,0.0,0.2437106986520289,0.2437106986520289
0,3521,901376.0,901632.0,256.0,1.0,1,0.0,1.0,0.0,0.0,0.2437106986520289,0.2437106986520289
0,3522,901632.0,901888.0,256.0,1.0,1,0.0,1.0,0.0,0.0,0.2437106986520289,0.2437106986520289
0,3523,901888.0,902144.0,256.0,1.0,1,0.0,1.0,0.0,0.0,0.2437106986520289,0.2437106986520289
0,3524,902144.0,902400.0,256.0,1.0,1,0.0,1.0,0.0,0.0,0.2437106986520289,0.2437106986520289
0,3525,902400.0,902656.0,256.0,1.0,1,0.0,1.0,0.0,0.0,0.2437106986520289,0.2437106986520289
0,3526,902656.0,902912.0,256.0,1.0,1,0.0,1.0,0.0,0.0,0.2437106986520289,0.2437106986520289
0,3527,902912.0,903168.0,256.0,1.0,1,0.0,1.0,0.0,0.0,0.2437106986520289,0.2437106986520289
0,3528,903168.0,903424.0,256.0,1.0,1,0.0,1.0,0.0,0.0,0.2437106986520289,0.2437106986520289
0,3529,903424.0,903680.0,256.0,1.0,1,0.0,1.0,0.0,0.0,0.2437106986520289,0.2437106986520289
0,3530,903680.0,903936.0,256.0,1.0,1,0.0,1.0,0.0,0.0,0.2437106986520289,0.2437106986520289
0,3531,903936.0,904192.0,256.0,1.0,1,0.0,1.0,0.0,0.0,0.2437106986520289,0.2437106986520289
0,3532,904192.0,904448.0,256.0,1.0,1,0.0,1.0,0.0,0.0,0.2437106986520289,0.2437106986520289
0,3533,904448.0,904704.0,256.0,1.0,1,0.0,1.0,0.0,0.0,0.2437106986520289,0.2437106986520289
0,3534,904704.0,904960.0,256.0,1.0,1,0.0,1.0,0.0,0.0,0.2437106986520289,0.2437106986520289
0,3535,904960.0,905216.0,256.0,1.0,1,0.0,1.0,0.0,0.0,0.2437106986520289,0.2437106986520289
0,3536,905216.0,905472.0,256.0,1.0,1,0.0,1.0,0.0,0.0,0.2437106986520289,0.2437106986520289
0,3537,905472.0,905728.0,256.0,1.0,1,0.0,1.0,0.0,0.0,0.2437106986520289,0.2437106986520289
0,3538,905728.0,905984.0,256.0,1.0,1,0.0,1.0,0.0,0.0,0.2437106986520289,0.2437106986520289
0,3539,905984.0,906240.0,256.0,1.0,1,0.0,1.0,0.0,0.0,0.2437106986520289,0.2437106986520289
0,3540,906240.0,906496.0,256.0,1.0,1,0.0,1.0,0.0,0.0,0.2437106986520289,0.2437106986520289
0,3541,906496.0,906752.0,256.0,1.0,1,0.0,1.0,0.0,0.0,0.2437106986520289,0.2437106986520289
0,3542,906752.0,907008.0,256.0,1.0,1,0.0,1.0,0.0,0.0,0.2437106986520289,0.2437106986520289
0,3543,907008.0,907264.0,256.0,1.0,1,0.0,1.0,0.0,0.0,0.2437106986520289,0.2437106986520289
0,3544,907264.0,907520.0,256.0,1.0,1,0.0,1.0,0.0,0.0,0.2437106986520289,0.2437106986520289
0,3545,907520.0,907776.0,256.0,1.0,1,0.0,1.0,0.0,0.0,0.2437106986520289,0.2437106986520289
0,3546,907776.0,908032.0,256.0,1.0,1,0.0,1.0,0.0,0.0,0.2437106986520289,0.2437106986520289
0,3547,908032.0,908288.0,256.0,1.0,1,0.0,1.0,0.0,0.0,0.2437106986520289,0.2437106986520289
0,3548,908288.0,908544.0,256.0,1.0,1,0.0,1.0,0.0,0.0,0.2437106986520289,0.2437106986520289
0,3549,908544.0,908800.0,256.0,1.0,1,0.0,1.0,0.0,0.0,0.2437106986520289,0.2437106986520289
0,3550,908800.0,909056.0,256.0,1.0,1,0.0,1.0,0.0,0.0,0.2437106986520289,0.2437106986520289
0,3551,909056.0,909312.0,256.0,1.0,1,0.0,1.0,0.0,0.0,0.2437106986520289,0.2437106986520289
0,3552,909312.0,909568.0,256.0,1.0,1,0.0,1.0,0.0,0.0,0.2437106986520289,0.2437106986520289
0,3553,909568.0,909824.0,256.0,1.0,1,0.0,1.0,0.0,0.0,0.2437106986520289,0.2437106986520289
0,3554,909824.0,910080.0,256.0,1.0,1,0.0,1.0,0.0,0.0,0.2437106986520289,0.2437106986520289
0,3555,910080.0,910336.0,256.0,1.0,1,0.0,1.0,0.0,0.0,0.2437106986520289,0.2437106986520289
0,3556,910336.0,910592.0,256.0,1.0,1,0.0,1.0,0.0,0.0,0.2437106986520289,0.2437106986520289
0,3557,910592.0,910848.0,256.0,1.0,1,0.0,1.0,0.0,0.0,0.2437106986520289,0.2437106986520289
0,3558,910848.0,911104.0,256.0,1.0,1,0.0,1.0,0.0,0.0,0.2437106986520289,0.2437106986520289
0,3559,911104.0,911360.0,256.0,1.0,1,0.0,1.0,0.0,0.0,0.2437106986520289,0.2437106986520289
0,3560,911360.0,911616.0,256.0,1.0,1,0.0,1.0,0.0,0.0,0.2437106986520289,0.2437106986520289
0,3561,911616.0,911872.0,256.0,1.0,1,0.0,1.0,0.0,0.0,0.2437106986520289,0.2437106986520289
0,3562,911872.0,912128.0,256.0,1.0,1,0.0,1.0,0.0,0.0,0.2437106986520289,0.2437106986520289
0,3563,912128.0,912384.0,256.0,1.0,1,0.0,1.0,0.0,0.0,0.2437106986520289,0.2437106986520289
0,3564,912384.0,912640.0,256.0,1.0,1,0.0,1.0,0.0,0.0,0.2437106986520289,0.2437106986520289
0,3565,912640.0,912896.0,256.0,1.0,1,0.0,1.0,0.0,0.0,0.2437106986520289,0.2437106986520289
0,3566,912896.0,913152.0,256.0,1.0,1,0.0,1.0,0.0,0.0,0.2437106986520289,0.2437106986520289
0,3567,913152.0,913408.0,256.0,1.0,1,0.0,1.0,0.0,0.0,0.2437106986520289,0.2437106986520289
0,3568,913408.0,913664.0,256.0,1.0,1,0.0,1.0,0.0,0.0,0.2437106986520289,0.2437106986520289
0,3569,913664.0,913920.0,256.0,1.0,1,0.0,1.0,0.0,0.0,0.2437106986520289,0.2437106986520289
0,3570,913920.0,914176.0,256.0,1.0,1,0.0,1.0,0.0,0.0,0.2437106986520289,0.2437106986520289
0,3571,914176.0,914432.0,256.0,1.0,1,0.0,1.0,0.0,0.0,0.2437106986520289,0.2437106986520289
0,3572,914432.0,914688.0,256.0,1.0,1,0.0,1.0,0.0,0.0,0.2437106986520289,0.2437106986520289
0,3573,914688.0,914944.0,256.0,1.0,1,0.0,1.0,0.0,0.0,0.2437106986520289,0.2437106986520289
0,3574,914944.0,915200.0,256.0,1.0,1,0.0,1.0,0.0,0.0,0.2437106986520289,0.2437106986520289
0,3575,915200.0,915456.0,256.0,1.0,1,0.0,1.0,0.0,0.0,0.2437106986520289,0.2437106986520289
0,3576,915456.0,915712.0,256.0,1.0,1,0.0,1.0,0.0,0.0,0.2437106986520289,0.2437106986520289
0,3577,915712.0,915968.0,256.0,1.0,1,0.0078125,0.1015625,0.890625,0.0078125,0.2437106986520289,0.2437106986520289
0,3578,915968.0,916224.0,256.0,1.0,1,0.0,0.0,1.0,0.0,0.2437106986520289,0.2437106986520289
0,3579,916224.0,916480.0,256.0,1.0,1,0.0,0.0,1.0,0.0,0.2437106986520289,0.2437106986520289
0,3580,916480.0,916736.0,256.0,1.0,1,0.0,0.0,1.0,0.0,0.2437106986520289,0.2437106986520289
0,3581,916736.0,916992.0,256.0,1.0,1,0.0,0.0,1.0,0.0,0.2437106986520289,0.2437106986520289
0,3582,916992.0,917248.0,256.0,1.0,1,0.0,0.0,1.0,0.0,0.2437106986520289,0.2437106986520289
0,3583,917248.0,917504.0,256.0,1.0,1,0.0,0.0,1.0,0.0,0.2437106986520289,0.2437106986520289
0,3584,917504.0,917760.0,256.0,1.0,1,0.0,0.0,1.0,0.0,0.2437106986520289,0.2437106986520289
0,3585,917760.0,918016.0,256.0,1.0,1,0.0,0.0,1.0,0.0,0.2437106986520289,0.2437106986520289
0,3586,918016.0,918272.0,256.0,1.0,1,0.0,0.0,1.0,0.0,0.2437106986520289,0.2437106986520289
0,3587,918272.0,918528.0,256.0,1.0,1,0.0,0.0,1.0,0.0,0.2437106986520289,0.2437106986520289
0,3588,918528.0,918784.0,256.0,1.0,1,0.0,0.0,1.0,0.0,0.2437106986520289,0.2437106986520289
0,3589,918784.0,919040.0,256.0,1.0,1,0.0,0.0,1.0,0.0,0.2437106986520289,0.2437106986520289
0,3590,919040.0,919296.0,256.0,1.0,1,0.0,0.0,1.0,0.0,0.2437106986520289,0.2437106986520289
0,3591,919296.0,919552.0,256.0,1.0,1,0.0,0.0,1.0,0.0,0.2437106986520289,0.2437106986520289
0,3592,919552.0,919808.0,256.0,1.0,1,0.0,0.0,1.0,0.0,0.2437106986520289,0.2437106986520289
0,3593,919808.0,920064.0,256.0,1.0,1,0.0,0.0,1.0,0.0,0.2437106986520289,0.2437106986520289
0,3594,920064.0,920320.0,256.0,1.0,1,0.0,0.0,1.0,0.0,0.2437106986520289,0.2437106986520289
0,3595,920320.0,920576.0,256.0,1.0,1,0.0,0.0,1.0,0.0,0.2437106986520289,0.2437106986520289
0,3596,920576.0,920832.0,256.0,1.0,1,0.0,0.0,1.0,0.0,0.2437106986520289,0.2437106986520289
0,3597,920832.0,921088.0,256.0,1.0,1,0.0,0.0,1.0,0.0,0.2437106986520289,0.2437106986520289
