core,window_id,window_start_us,window_end_us,resident_us,resident_frac_of_window,is_resident_window,active_frac,stall_frac,idle_frac,sit_no_work_window_active,sit_no_work_global_active,sit
0,0,0.0,256.0,256.0,1.0,1,0.53125,0.328125,0.140625,0.53125,0.3434446441740413,0.3434446441740413
0,1,256.0,512.0,256.0,1.0,1,0.359375,0.44921875,0.19140625,0.359375,0.3434446441740413,0.3434446441740413
0,2,512.0,768.0,256.0,1.0,1,0.3828125,0.44921875,0.16796875,0.3828125,0.3434446441740413,0.3434446441740413
0,3,768.0,1024.0,256.0,1.0,1,0.34765625,0.3984375,0.25390625,0.34765625,0.3434446441740413,0.3434446441740413
0,4,1024.0,1280.0,256.0,1.0,1,0.41015625,0.4140625,0.17578125,0.41015625,0.3434446441740413,0.3434446441740413
0,5,1280.0,1536.0,256.0,1.0,1,0.3984375,0.44140625,0.16015625,0.3984375,0.3434446441740413,0.3434446441740413
0,6,1536.0,1792.0,256.0,1.0,1,0.375,0.4375,0.1875,0.375,0.3434446441740413,0.3434446441740413
0,7,1792.0,2048.0,256.0,1.0,1,0.34765625,0.4453125,0.20703125,0.34765625,0.3434446441740413,0.3434446441740413
0,8,2048.0,2304.0,256.0,1.0,1,0.41796875,0.40234375,0.1796875,0.41796875,0.3434446441740413,0.3434446441740413
0,9,2304.0,2560.0,256.0,1.0,1,0.40625,0.4609375,0.1328125,0.40625,0.3434446441740413,0.3434446441740413
0,10,2560.0,2816.0,256.0,1.0,1,0.4140625,0.44140625,0.14453125,0.4140625,0.3434446441740413,0.3434446441740413
0,11,2816.0,3072.0,256.0,1.0,1,0.3671875,0.421875,0.2109375,0.3671875,0.3434446441740413,0.3434446441740413
0,12,3072.0,3328.0,256.0,1.0,1,0.3984375,0.4453125,0.15625,0.3984375,0.3434446441740413,0.3434446441740413
0,13,3328.0,3584.0,256.0,1.0,1,0.390625,0.4453125,0.1640625,0.390625,0.3434446441740413,0.3434446441740413
0,14,3584.0,3840.0,256.0,1.0,1,0.39453125,0.38671875,0.21875,0.39453125,0.3434446441740413,0.3434446441740413
0,15,3840.0,4096.0,256.0,1.0,1,0.35546875,0.453125,0.19140625,0.35546875,0.3434446441740413,0.3434446441740413
0,16,4096.0,4352.0,256.0,1.0,1,0.390625,0.4453125,0.1640625,0.390625,0.3434446441740413,0.3434446441740413
0,17,4352.0,4608.0,256.0,1.0,1,0.36328125,0.41796875,0.21875,0.36328125,0.3434446441740413,0.3434446441740413
0,18,4608.0,4864.0,256.0,1.0,1,0.359375,0.46875,0.171875,0.359375,0.3434446441740413,0.3434446441740413
0,19,4864.0,5120.0,256.0,1.0,1,0.40625,0.40625,0.1875,0.40625,0.3434446441740413,0.3434446441740413
0,20,5120.0,5376.0,256.0,1.0,1,0.40234375,0.44140625,0.15625,0.40234375,0.3434446441740413,0.3434446441740413
0,21,5376.0,5632.0,256.0,1.0,1,0.3828125,0.4296875,0.1875,0.3828125,0.3434446441740413,0.3434446441740413
0,22,5632.0,5888.0,256.0,1.0,1,0.37109375,0.44140625,0.1875,0.37109375,0.3434446441740413,0.3434446441740413
0,23,5888.0,6144.0,256.0,1.0,1,0.359375,0.421875,0.21875,0.359375,0.3434446441740413,0.3434446441740413
0,24,6144.0,6400.0,256.0,1.0,1,0.3828125,0.3984375,0.21875,0.3828125,0.3434446441740413,0.3434446441740413
0,25,6400.0,6656.0,256.0,1.0,1,0.41015625,0.40625,0.18359375,0.41015625,0.3434446441740413,0.3434446441740413
0,26,6656.0,6912.0,256.0,1.0,1,0.35546875,0.4140625,0.23046875,0.35546875,0.3434446441740413,0.3434446441740413
0,27,6912.0,7168.0,256.0,1.0,1,0.4140625,0.43359375,0.15234375,0.4140625,0.3434446441740413,0.3434446441740413
0,28,7168.0,7424.0,256.0,1.0,1,0.40234375,0.42578125,0.171875,0.40234375,0.3434446441740413,0.3434446441740413
0,29,7424.0,7680.0,256.0,1.0,1,0.359375,0.4140625,0.2265625,0.359375,0.3434446441740413,0.3434446441740413
0,30,7680.0,7936.0,256.0,1.0,1,0.3515625,0.453125,0.1953125,0.3515625,0.3434446441740413,0.3434446441740413
0,31,7936.0,8192.0,256.0,1.0,1,0.421875,0.4296875,0.1484375,0.421875,0.3434446441740413,0.3434446441740413
0,32,8192.0,8448.0,256.0,1.0,1,0.390625,0.4453125,0.1640625,0.390625,0.3434446441740413,0.3434446441740413
0,33,8448.0,8704.0,256.0,1.0,1,0.390625,0.4453125,0.1640625,0.390625,0.3434446441740413,0.3434446441740413
0,34,8704.0,8960.0,256.0,1.0,1,0.38671875,0.3984375,0.21484375,0.38671875,0.3434446441740413,0.3434446441740413
0,35,8960.0,9216.0,256.0,1.0,1,0.37109375,0.4453125,0.18359375,0.37109375,0.3434446441740413,0.3434446441740413
0,36,9216.0,9472.0,256.0,1.0,1,0.390625,0.44921875,0.16015625,0.390625,0.3434446441740413,0.3434446441740413
0,37,9472.0,9728.0,256.0,1.0,1,0.3984375,0.44921875,0.15234375,0.3984375,0.3434446441740413,0.3434446441740413
0,38,9728.0,9984.0,256.0,1.0,1,0.41015625,0.421875,0.16796875,0.41015625,0.3434446441740413,0.3434446441740413
0,39,9984.0,10240.0,256.0,1.0,1,0.37109375,0.44140625,0.1875,0.37109375,0.3434446441740413,0.3434446441740413
0,40,10240.0,10496.0,256.0,1.0,1,0.3828125,0.44140625,0.17578125,0.3828125,0.3434446441740413,0.3434446441740413
0,41,10496.0,10752.0,256.0,1.0,1,0.38671875,0.4375,0.17578125,0.38671875,0.3434446441740413,0.3434446441740413
0,42,10752.0,11008.0,256.0,1.0,1,0.3984375,0.453125,0.1484375,0.3984375,0.3434446441740413,0.3434446441740413
0,43,11008.0,11264.0,256.0,1.0,1,0.37890625,0.41015625,0.2109375,0.37890625,0.3434446441740413,0.3434446441740413
0,44,11264.0,11520.0,256.0,1.0,1,0.38671875,0.41015625,0.203125,0.38671875,0.3434446441740413,0.3434446441740413
0,45,11520.0,11776.0,256.0,1.0,1,0.3515625,0.40234375,0.24609375,0.3515625,0.3434446441740413,0.3434446441740413
0,46,11776.0,12032.0,256.0,1.0,1,0.37890625,0.375,0.24609375,0.37890625,0.3434446441740413,0.3434446441740413
0,47,12032.0,12288.0,256.0,1.0,1,0.4296875,0.37109375,0.19921875,0.4296875,0.3434446441740413,0.3434446441740413
0,48,12288.0,12544.0,256.0,1.0,1,0.40625,0.41796875,0.17578125,0.40625,0.3434446441740413,0.3434446441740413
0,49,12544.0,12800.0,256.0,1.0,1,0.41796875,0.375,0.20703125,0.41796875,0.3434446441740413,0.3434446441740413
0,50,12800.0,13056.0,256.0,1.0,1,0.35546875,0.41796875,0.2265625,0.35546875,0.3434446441740413,0.3434446441740413
0,51,13056.0,13312.0,256.0,1.0,1,0.3828125,0.41796875,0.19921875,0.3828125,0.3434446441740413,0.3434446441740413
0,52,13312.0,13568.0,256.0,1.0,1,0.3984375,0.3828125,0.21875,0.3984375,0.3434446441740413,0.3434446441740413
0,53,13568.0,13824.0,256.0,1.0,1,0.4375,0.38671875,0.17578125,0.4375,0.3434446441740413,0.3434446441740413
0,54,13824.0,14080.0,256.0,1.0,1,0.41015625,0.4453125,0.14453125,0.41015625,0.3434446441740413,0.3434446441740413
0,55,14080.0,14336.0,256.0,1.0,1,0.38671875,0.41015625,0.203125,0.38671875,0.3434446441740413,0.3434446441740413
0,56,14336.0,14592.0,256.0,1.0,1,0.375,0.3671875,0.2578125,0.375,0.3434446441740413,0.3434446441740413
0,57,14592.0,14848.0,256.0,1.0,1,0.39453125,0.421875,0.18359375,0.39453125,0.3434446441740413,0.3434446441740413
0,58,14848.0,15104.0,256.0,1.0,1,0.40625,0.39453125,0.19921875,0.40625,0.3434446441740413,0.3434446441740413
0,59,15104.0,15360.0,256.0,1.0,1,0.39453125,0.3828125,0.22265625,0.39453125,0.3434446441740413,0.3434446441740413
0,60,15360.0,15616.0,256.0,1.0,1,0.375,0.40625,0.21875,0.375,0.3434446441740413,0.3434446441740413
0,61,15616.0,15872.0,256.0,1.0,1,0.39453125,0.3828125,0.22265625,0.39453125,0.3434446441740413,0.3434446441740413
0,62,15872.0,16128.0,256.0,1.0,1,0.36328125,0.421875,0.21484375,0.36328125,0.3434446441740413,0.3434446441740413
0,63,16128.0,16384.0,256.0,1.0,1,0.40234375,0.40625,0.19140625,0.40234375,0.3434446441740413,0.3434446441740413
0,64,16384.0,16640.0,256.0,1.0,1,0.40234375,0.41015625,0.1875,0.40234375,0.3434446441740413,0.3434446441740413
0,65,16640.0,16896.0,256.0,1.0,1,0.34765625,0.38671875,0.265625,0.34765625,0.3434446441740413,0.3434446441740413
0,66,16896.0,17152.0,256.0,1.0,1,0.41015625,0.3671875,0.22265625,0.41015625,0.3434446441740413,0.3434446441740413
0,67,17152.0,17408.0,256.0,1.0,1,0.375,0.40625,0.21875,0.375,0.3434446441740413,0.3434446441740413
0,68,17408.0,17664.0,256.0,1.0,1,0.40625,0.4375,0.15625,0.40625,0.3434446441740413,0.3434446441740413
0,69,17664.0,17920.0,256.0,1.0,1,0.4140625,0.3984375,0.1875,0.4140625,0.3434446441740413,0.3434446441740413
0,70,17920.0,18176.0,256.0,1.0,1,0.36328125,0.46484375,0.171875,0.36328125,0.3434446441740413,0.3434446441740413
0,71,18176.0,18432.0,256.0,1.0,1,0.37890625,0.40625,0.21484375,0.37890625,0.3434446441740413,0.3434446441740413
0,72,18432.0,18688.0,256.0,1.0,1,0.3828125,0.40625,0.2109375,0.3828125,0.3434446441740413,0.3434446441740413
0,73,18688.0,18944.0,256.0,1.0,1,0.3671875,0.3515625,0.28125,0.3671875,0.3434446441740413,0.3434446441740413
0,74,18944.0,19200.0,256.0,1.0,1,0.390625,0.3671875,0.2421875,0.390625,0.3434446441740413,0.3434446441740413
0,75,19200.0,19456.0,256.0,1.0,1,0.40234375,0.34375,0.25390625,0.40234375,0.3434446441740413,0.3434446441740413
0,76,19456.0,19712.0,256.0,1.0,1,0.37109375,0.4453125,0.18359375,0.37109375,0.3434446441740413,0.3434446441740413
0,77,19712.0,19968.0,256.0,1.0,1,0.3828125,0.3828125,0.234375,0.3828125,0.3434446441740413,0.3434446441740413
0,78,19968.0,20224.0,256.0,1.0,1,0.41015625,0.3984375,0.19140625,0.41015625,0.3434446441740413,0.3434446441740413
0,79,20224.0,20480.0,256.0,1.0,1,0.40625,0.40234375,0.19140625,0.40625,0.3434446441740413,0.3434446441740413
0,80,20480.0,20736.0,256.0,1.0,1,0.37109375,0.421875,0.20703125,0.37109375,0.3434446441740413,0.3434446441740413
0,81,20736.0,20992.0,256.0,1.0,1,0.3828125,0.390625,0.2265625,0.3828125,0.3434446441740413,0.3434446441740413
0,82,20992.0,21248.0,256.0,1.0,1,0.37109375,0.40625,0.22265625,0.37109375,0.3434446441740413,0.3434446441740413
0,83,21248.0,21504.0,256.0,1.0,1,0.3984375,0.41796875,0.18359375,0.3984375,0.3434446441740413,0.3434446441740413
0,84,21504.0,21760.0,256.0,1.0,1,0.4140625,0.4140625,0.171875,0.4140625,0.3434446441740413,0.3434446441740413
0,85,21760.0,22016.0,256.0,1.0,1,0.3984375,0.390625,0.2109375,0.3984375,0.3434446441740413,0.3434446441740413
0,86,22016.0,22272.0,256.0,1.0,1,0.39453125,0.421875,0.18359375,0.39453125,0.3434446441740413,0.3434446441740413
0,87,22272.0,22528.0,256.0,1.0,1,0.41015625,0.375,0.21484375,0.41015625,0.3434446441740413,0.3434446441740413
0,88,22528.0,22784.0,256.0,1.0,1,0.41015625,0.40625,0.18359375,0.41015625,0.3434446441740413,0.3434446441740413
0,89,22784.0,23040.0,256.0,1.0,1,0.3359375,0.44140625,0.22265625,0.3359375,0.3434446441740413,0.3434446441740413
0,90,23040.0,23296.0,256.0,1.0,1,0.359375,0.40234375,0.23828125,0.359375,0.3434446441740413,0.3434446441740413
0,91,23296.0,23552.0,256.0,1.0,1,0.41796875,0.41015625,0.171875,0.41796875,0.3434446441740413,0.3434446441740413
0,92,23552.0,23808.0,256.0,1.0,1,0.40234375,0.40625,0.19140625,0.40234375,0.3434446441740413,0.3434446441740413
0,93,23808.0,24064.0,256.0,1.0,1,0.40234375,0.42578125,0.171875,0.40234375,0.3434446441740413,0.3434446441740413
0,94,24064.0,24320.0,256.0,1.0,1,0.375,0.421875,0.203125,0.375,0.3434446441740413,0.3434446441740413
0,95,24320.0,24576.0,256.0,1.0,1,0.35546875,0.43359375,0.2109375,0.35546875,0.3434446441740413,0.3434446441740413
0,96,24576.0,24832.0,256.0,1.0,1,0.37890625,0.44921875,0.171875,0.37890625,0.3434446441740413,0.3434446441740413
0,97,24832.0,25088.0,256.0,1.0,1,0.375,0.35546875,0.26953125,0.375,0.3434446441740413,0.3434446441740413
0,98,25088.0,25344.0,256.0,1.0,1,0.4140625,0.46875,0.1171875,0.4140625,0.3434446441740413,0.3434446441740413
0,99,25344.0,25600.0,256.0,1.0,1,0.3515625,0.4609375,0.1875,0.3515625,0.3434446441740413,0.3434446441740413
0,100,25600.0,25856.0,256.0,1.0,1,0.38671875,0.4453125,0.16796875,0.38671875,0.3434446441740413,0.3434446441740413
0,101,25856.0,26112.0,256.0,1.0,1,0.359375,0.4296875,0.2109375,0.359375,0.3434446441740413,0.3434446441740413
0,102,26112.0,26368.0,256.0,1.0,1,0.4140625,0.421875,0.1640625,0.4140625,0.3434446441740413,0.3434446441740413
0,103,26368.0,26624.0,256.0,1.0,1,0.39453125,0.41015625,0.1953125,0.39453125,0.3434446441740413,0.3434446441740413
0,104,26624.0,26880.0,256.0,1.0,1,0.37109375,0.45703125,0.171875,0.37109375,0.3434446441740413,0.3434446441740413
0,105,26880.0,27136.0,256.0,1.0,1,0.3671875,0.43359375,0.19921875,0.3671875,0.3434446441740413,0.3434446441740413
0,106,27136.0,27392.0,256.0,1.0,1,0.41796875,0.42578125,0.15625,0.41796875,0.3434446441740413,0.3434446441740413
0,107,27392.0,27648.0,256.0,1.0,1,0.39453125,0.4375,0.16796875,0.39453125,0.3434446441740413,0.3434446441740413
0,108,27648.0,27904.0,256.0,1.0,1,0.40625,0.4453125,0.1484375,0.40625,0.3434446441740413,0.3434446441740413
0,109,27904.0,28160.0,256.0,1.0,1,0.375,0.42578125,0.19921875,0.375,0.3434446441740413,0.3434446441740413
0,110,28160.0,28416.0,256.0,1.0,1,0.39453125,0.44921875,0.15625,0.39453125,0.3434446441740413,0.3434446441740413
0,111,28416.0,28672.0,256.0,1.0,1,0.390625,0.4375,0.171875,0.390625,0.3434446441740413,0.3434446441740413
0,112,28672.0,28928.0,256.0,1.0,1,0.3828125,0.40234375,0.21484375,0.3828125,0.3434446441740413,0.3434446441740413
0,113,28928.0,29184.0,256.0,1.0,1,0.3671875,0.4453125,0.1875,0.3671875,0.3434446441740413,0.3434446441740413
0,114,29184.0,29440.0,256.0,1.0,1,0.38671875,0.453125,0.16015625,0.38671875,0.3434446441740413,0.3434446441740413
0,115,29440.0,29696.0,256.0,1.0,1,0.3671875,0.43359375,0.19921875,0.3671875,0.3434446441740413,0.3434446441740413
0,116,29696.0,29952.0,256.0,1.0,1,0.39453125,0.4296875,0.17578125,0.39453125,0.3434446441740413,0.3434446441740413
0,117,29952.0,30208.0,256.0,1.0,1,0.40234375,0.43359375,0.1640625,0.40234375,0.3434446441740413,0.3434446441740413
0,118,30208.0,30464.0,256.0,1.0,1,0.39453125,0.4296875,0.17578125,0.39453125,0.3434446441740413,0.3434446441740413
0,119,30464.0,30720.0,256.0,1.0,1,0.35546875,0.44140625,0.203125,0.35546875,0.3434446441740413,0.3434446441740413
0,120,30720.0,30976.0,256.0,1.0,1,0.37109375,0.4453125,0.18359375,0.37109375,0.3434446441740413,0.3434446441740413
0,121,30976.0,31232.0,256.0,1.0,1,0.3984375,0.39453125,0.20703125,0.3984375,0.3434446441740413,0.3434446441740413
0,122,31232.0,31488.0,256.0,1.0,1,0.37109375,0.4375,0.19140625,0.37109375,0.3434446441740413,0.3434446441740413
0,123,31488.0,31744.0,256.0,1.0,1,0.39453125,0.44140625,0.1640625,0.39453125,0.3434446441740413,0.3434446441740413
0,124,31744.0,32000.0,256.0,1.0,1,0.41796875,0.37890625,0.203125,0.41796875,0.3434446441740413,0.3434446441740413
0,125,32000.0,32256.0,256.0,1.0,1,0.37109375,0.44921875,0.1796875,0.37109375,0.3434446441740413,0.3434446441740413
0,126,32256.0,32512.0,256.0,1.0,1,0.359375,0.44921875,0.19140625,0.359375,0.3434446441740413,0.3434446441740413
0,127,32512.0,32768.0,256.0,1.0,1,0.390625,0.44140625,0.16796875,0.390625,0.3434446441740413,0.3434446441740413
0,128,32768.0,33024.0,256.0,1.0,1,0.4140625,0.453125,0.1328125,0.4140625,0.3434446441740413,0.3434446441740413
0,129,33024.0,33280.0,256.0,1.0,1,0.38671875,0.4453125,0.16796875,0.38671875,0.3434446441740413,0.3434446441740413
0,130,33280.0,33536.0,256.0,1.0,1,0.40234375,0.4140625,0.18359375,0.40234375,0.3434446441740413,0.3434446441740413
0,131,33536.0,33792.0,256.0,1.0,1,0.3671875,0.43359375,0.19921875,0.3671875,0.3434446441740413,0.3434446441740413
0,132,33792.0,34048.0,256.0,1.0,1,0.39453125,0.43359375,0.171875,0.39453125,0.3434446441740413,0.3434446441740413
0,133,34048.0,34304.0,256.0,1.0,1,0.39453125,0.453125,0.15234375,0.39453125,0.3434446441740413,0.3434446441740413
0,134,34304.0,34560.0,256.0,1.0,1,0.4140625,0.42578125,0.16015625,0.4140625,0.3434446441740413,0.3434446441740413
0,135,34560.0,34816.0,256.0,1.0,1,0.359375,0.453125,0.1875,0.359375,0.3434446441740413,0.3434446441740413
0,136,34816.0,35072.0,256.0,1.0,1,0.39453125,0.42578125,0.1796875,0.39453125,0.3434446441740413,0.3434446441740413
0,137,35072.0,35328.0,256.0,1.0,1,0.37890625,0.48046875,0.140625,0.37890625,0.3434446441740413,0.3434446441740413
0,138,35328.0,35584.0,256.0,1.0,1,0.35546875,0.46484375,0.1796875,0.35546875,0.3434446441740413,0.3434446441740413
0,139,35584.0,35840.0,256.0,1.0,1,0.375,0.44921875,0.17578125,0.375,0.3434446441740413,0.3434446441740413
0,140,35840.0,36096.0,256.0,1.0,1,0.34375,0.41015625,0.24609375,0.34375,0.3434446441740413,0.3434446441740413
0,141,36096.0,36352.0,256.0,1.0,1,0.39453125,0.44921875,0.15625,0.39453125,0.3434446441740413,0.3434446441740413
0,142,36352.0,36608.0,256.0,1.0,1,0.37890625,0.4609375,0.16015625,0.37890625,0.3434446441740413,0.3434446441740413
0,143,36608.0,36864.0,256.0,1.0,1,0.34765625,0.46875,0.18359375,0.34765625,0.3434446441740413,0.3434446441740413
0,144,36864.0,37120.0,256.0,1.0,1,0.3828125,0.44140625,0.17578125,0.3828125,0.3434446441740413,0.3434446441740413
0,145,37120.0,37376.0,256.0,1.0,1,0.3828125,0.4609375,0.15625,0.3828125,0.3434446441740413,0.3434446441740413
0,146,37376.0,37632.0,256.0,1.0,1,0.3984375,0.4609375,0.140625,0.3984375,0.3434446441740413,0.3434446441740413
0,147,37632.0,37888.0,256.0,1.0,1,0.37109375,0.4375,0.19140625,0.37109375,0.3434446441740413,0.3434446441740413
0,148,37888.0,38144.0,256.0,1.0,1,0.38671875,0.46484375,0.1484375,0.38671875,0.3434446441740413,0.3434446441740413
0,149,38144.0,38400.0,256.0,1.0,1,0.3984375,0.453125,0.1484375,0.3984375,0.3434446441740413,0.3434446441740413
0,150,38400.0,38656.0,256.0,1.0,1,0.3515625,0.4296875,0.21875,0.3515625,0.3434446441740413,0.3434446441740413
0,151,38656.0,38912.0,256.0,1.0,1,0.3828125,0.46484375,0.15234375,0.3828125,0.3434446441740413,0.3434446441740413
0,152,38912.0,39168.0,256.0,1.0,1,0.359375,0.44140625,0.19921875,0.359375,0.3434446441740413,0.3434446441740413
0,153,39168.0,39424.0,256.0,1.0,1,0.36328125,0.4453125,0.19140625,0.36328125,0.3434446441740413,0.3434446441740413
0,154,39424.0,39680.0,256.0,1.0,1,0.37890625,0.453125,0.16796875,0.37890625,0.3434446441740413,0.3434446441740413
0,155,39680.0,39936.0,256.0,1.0,1,0.3828125,0.46484375,0.15234375,0.3828125,0.3434446441740413,0.3434446441740413
0,156,39936.0,40192.0,256.0,1.0,1,0.3515625,0.4609375,0.1875,0.3515625,0.3434446441740413,0.3434446441740413
0,157,40192.0,40448.0,256.0,1.0,1,0.3671875,0.4453125,0.1875,0.3671875,0.3434446441740413,0.3434446441740413
0,158,40448.0,40704.0,256.0,1.0,1,0.34765625,0.37109375,0.28125,0.34765625,0.3434446441740413,0.3434446441740413
0,159,40704.0,40960.0,256.0,1.0,1,0.390625,0.44921875,0.16015625,0.390625,0.3434446441740413,0.3434446441740413
0,160,40960.0,41216.0,256.0,1.0,1,0.359375,0.421875,0.21875,0.359375,0.3434446441740413,0.3434446441740413
0,161,41216.0,41472.0,256.0,1.0,1,0.37890625,0.45703125,0.1640625,0.37890625,0.3434446441740413,0.3434446441740413
0,162,41472.0,41728.0,256.0,1.0,1,0.36328125,0.44921875,0.1875,0.36328125,0.3434446441740413,0.3434446441740413
0,163,41728.0,41984.0,256.0,1.0,1,0.35546875,0.4296875,0.21484375,0.35546875,0.3434446441740413,0.3434446441740413
0,164,41984.0,42240.0,256.0,1.0,1,0.39453125,0.45703125,0.1484375,0.39453125,0.3434446441740413,0.3434446441740413
0,165,42240.0,42496.0,256.0,1.0,1,0.39453125,0.46875,0.13671875,0.39453125,0.3434446441740413,0.3434446441740413
0,166,42496.0,42752.0,256.0,1.0,1,0.390625,0.45703125,0.15234375,0.390625,0.3434446441740413,0.3434446441740413
0,167,42752.0,43008.0,256.0,1.0,1,0.37109375,0.44921875,0.1796875,0.37109375,0.3434446441740413,0.3434446441740413
0,168,43008.0,43264.0,256.0,1.0,1,0.36328125,0.4296875,0.20703125,0.36328125,0.3434446441740413,0.3434446441740413
0,169,43264.0,43520.0,256.0,1.0,1,0.39453125,0.45703125,0.1484375,0.39453125,0.3434446441740413,0.3434446441740413
0,170,43520.0,43776.0,256.0,1.0,1,0.39453125,0.46875,0.13671875,0.39453125,0.3434446441740413,0.3434446441740413
0,171,43776.0,44032.0,256.0,1.0,1,0.37109375,0.46484375,0.1640625,0.37109375,0.3434446441740413,0.3434446441740413
0,172,44032.0,44288.0,256.0,1.0,1,0.33984375,0.44140625,0.21875,0.33984375,0.3434446441740413,0.3434446441740413
0,173,44288.0,44544.0,256.0,1.0,1,0.46875,0.3125,0.21875,0.46875,0.3434446441740413,0.3434446441740413
0,174,44544.0,44800.0,256.0,1.0,1,0.58203125,0.2109375,0.20703125,0.58203125,0.3434446441740413,0.3434446441740413
0,175,44800.0,45056.0,256.0,1.0,1,0.3984375,0.45703125,0.14453125,0.3984375,0.3434446441740413,0.3434446441740413
0,176,45056.0,45312.0,256.0,1.0,1,0.34765625,0.4453125,0.20703125,0.34765625,0.3434446441740413,0.3434446441740413
0,177,45312.0,45568.0,256.0,1.0,1,0.375,0.44140625,0.18359375,0.375,0.3434446441740413,0.3434446441740413
0,178,45568.0,45824.0,256.0,1.0,1,0.3828125,0.40234375,0.21484375,0.3828125,0.3434446441740413,0.3434446441740413
0,179,45824.0,46080.0,256.0,1.0,1,0.4140625,0.41796875,0.16796875,0.4140625,0.3434446441740413,0.3434446441740413
0,180,46080.0,46336.0,256.0,1.0,1,0.40234375,0.42578125,0.171875,0.40234375,0.3434446441740413,0.3434446441740413
0,181,46336.0,46592.0,256.0,1.0,1,0.359375,0.44921875,0.19140625,0.359375,0.3434446441740413,0.3434446441740413
0,182,46592.0,46848.0,256.0,1.0,1,0.375,0.4453125,0.1796875,0.375,0.3434446441740413,0.3434446441740413
0,183,46848.0,47104.0,256.0,1.0,1,0.40625,0.421875,0.171875,0.40625,0.3434446441740413,0.3434446441740413
0,184,47104.0,47360.0,256.0,1.0,1,0.41796875,0.43359375,0.1484375,0.41796875,0.3434446441740413,0.3434446441740413
0,185,47360.0,47616.0,256.0,1.0,1,0.37109375,0.44140625,0.1875,0.37109375,0.3434446441740413,0.3434446441740413
0,186,47616.0,47872.0,256.0,1.0,1,0.39453125,0.42578125,0.1796875,0.39453125,0.3434446441740413,0.3434446441740413
0,187,47872.0,48128.0,256.0,1.0,1,0.390625,0.453125,0.15625,0.390625,0.3434446441740413,0.3434446441740413
0,188,48128.0,48384.0,256.0,1.0,1,0.38671875,0.4296875,0.18359375,0.38671875,0.3434446441740413,0.3434446441740413
0,189,48384.0,48640.0,256.0,1.0,1,0.37890625,0.40625,0.21484375,0.37890625,0.3434446441740413,0.3434446441740413
0,190,48640.0,48896.0,256.0,1.0,1,0.375,0.4453125,0.1796875,0.375,0.3434446441740413,0.3434446441740413
0,191,48896.0,49152.0,256.0,1.0,1,0.38671875,0.44921875,0.1640625,0.38671875,0.3434446441740413,0.3434446441740413
0,192,49152.0,49408.0,256.0,1.0,1,0.37890625,0.41015625,0.2109375,0.37890625,0.3434446441740413,0.3434446441740413
0,193,49408.0,49664.0,256.0,1.0,1,0.359375,0.4296875,0.2109375,0.359375,0.3434446441740413,0.3434446441740413
0,194,49664.0,49920.0,256.0,1.0,1,0.40625,0.4453125,0.1484375,0.40625,0.3434446441740413,0.3434446441740413
0,195,49920.0,50176.0,256.0,1.0,1,0.4296875,0.4296875,0.140625,0.4296875,0.3434446441740413,0.3434446441740413
0,196,50176.0,50432.0,256.0,1.0,1,0.34765625,0.4453125,0.20703125,0.34765625,0.3434446441740413,0.3434446441740413
0,197,50432.0,50688.0,256.0,1.0,1,0.375,0.4453125,0.1796875,0.375,0.3434446441740413,0.3434446441740413
0,198,50688.0,50944.0,256.0,1.0,1,0.33984375,0.37109375,0.2890625,0.33984375,0.3434446441740413,0.3434446441740413
0,199,50944.0,51200.0,256.0,1.0,1,0.3984375,0.38671875,0.21484375,0.3984375,0.3434446441740413,0.3434446441740413
0,200,51200.0,51456.0,256.0,1.0,1,0.375,0.44140625,0.18359375,0.375,0.3434446441740413,0.3434446441740413
0,201,51456.0,51712.0,256.0,1.0,1,0.39453125,0.4375,0.16796875,0.39453125,0.3434446441740413,0.3434446441740413
0,202,51712.0,51968.0,256.0,1.0,1,0.40625,0.39453125,0.19921875,0.40625,0.3434446441740413,0.3434446441740413
0,203,51968.0,52224.0,256.0,1.0,1,0.375,0.44140625,0.18359375,0.375,0.3434446441740413,0.3434446441740413
0,204,52224.0,52480.0,256.0,1.0,1,0.34765625,0.4453125,0.20703125,0.34765625,0.3434446441740413,0.3434446441740413
0,205,52480.0,52736.0,256.0,1.0,1,0.40234375,0.4453125,0.15234375,0.40234375,0.3434446441740413,0.3434446441740413
0,206,52736.0,52992.0,256.0,1.0,1,0.4140625,0.4296875,0.15625,0.4140625,0.3434446441740413,0.3434446441740413
0,207,52992.0,53248.0,256.0,1.0,1,0.38671875,0.4453125,0.16796875,0.38671875,0.3434446441740413,0.3434446441740413
0,208,53248.0,53504.0,256.0,1.0,1,0.3984375,0.4375,0.1640625,0.3984375,0.3434446441740413,0.3434446441740413
0,209,53504.0,53760.0,256.0,1.0,1,0.3984375,0.42578125,0.17578125,0.3984375,0.3434446441740413,0.3434446441740413
0,210,53760.0,54016.0,256.0,1.0,1,0.35546875,0.4296875,0.21484375,0.35546875,0.3434446441740413,0.3434446441740413
0,211,54016.0,54272.0,256.0,1.0,1,0.3984375,0.44140625,0.16015625,0.3984375,0.3434446441740413,0.3434446441740413
0,212,54272.0,54528.0,256.0,1.0,1,0.421875,0.4296875,0.1484375,0.421875,0.3434446441740413,0.3434446441740413
0,213,54528.0,54784.0,256.0,1.0,1,0.37890625,0.4453125,0.17578125,0.37890625,0.3434446441740413,0.3434446441740413
0,214,54784.0,55040.0,256.0,1.0,1,0.39453125,0.44140625,0.1640625,0.39453125,0.3434446441740413,0.3434446441740413
0,215,55040.0,55296.0,256.0,1.0,1,0.34375,0.421875,0.234375,0.34375,0.3434446441740413,0.3434446441740413
0,216,55296.0,55552.0,256.0,1.0,1,0.421875,0.4609375,0.1171875,0.421875,0.3434446441740413,0.3434446441740413
0,217,55552.0,55808.0,256.0,1.0,1,0.359375,0.44921875,0.19140625,0.359375,0.3434446441740413,0.3434446441740413
0,218,55808.0,56064.0,256.0,1.0,1,0.3671875,0.453125,0.1796875,0.3671875,0.3434446441740413,0.3434446441740413
0,219,56064.0,56320.0,256.0,1.0,1,0.41015625,0.40234375,0.1875,0.41015625,0.3434446441740413,0.3434446441740413
0,220,56320.0,56576.0,256.0,1.0,1,0.40234375,0.4609375,0.13671875,0.40234375,0.3434446441740413,0.3434446441740413
0,221,56576.0,56832.0,256.0,1.0,1,0.41015625,0.41796875,0.171875,0.41015625,0.3434446441740413,0.3434446441740413
0,222,56832.0,57088.0,256.0,1.0,1,0.3515625,0.4453125,0.203125,0.3515625,0.3434446441740413,0.3434446441740413
0,223,57088.0,57344.0,256.0,1.0,1,0.375,0.4375,0.1875,0.375,0.3434446441740413,0.3434446441740413
0,224,57344.0,57600.0,256.0,1.0,1,0.40625,0.41796875,0.17578125,0.40625,0.3434446441740413,0.3434446441740413
0,225,57600.0,57856.0,256.0,1.0,1,0.3671875,0.453125,0.1796875,0.3671875,0.3434446441740413,0.3434446441740413
0,226,57856.0,58112.0,256.0,1.0,1,0.40234375,0.4453125,0.15234375,0.40234375,0.3434446441740413,0.3434446441740413
0,227,58112.0,58368.0,256.0,1.0,1,0.39453125,0.44921875,0.15625,0.39453125,0.3434446441740413,0.3434446441740413
0,228,58368.0,58624.0,256.0,1.0,1,0.390625,0.4453125,0.1640625,0.390625,0.3434446441740413,0.3434446441740413
0,229,58624.0,58880.0,256.0,1.0,1,0.40234375,0.38671875,0.2109375,0.40234375,0.3434446441740413,0.3434446441740413
0,230,58880.0,59136.0,256.0,1.0,1,0.35546875,0.45703125,0.1875,0.35546875,0.3434446441740413,0.3434446441740413
0,231,59136.0,59392.0,256.0,1.0,1,0.39453125,0.44140625,0.1640625,0.39453125,0.3434446441740413,0.3434446441740413
0,232,59392.0,59648.0,256.0,1.0,1,0.3828125,0.44921875,0.16796875,0.3828125,0.3434446441740413,0.3434446441740413
0,233,59648.0,59904.0,256.0,1.0,1,0.39453125,0.4296875,0.17578125,0.39453125,0.3434446441740413,0.3434446441740413
0,234,59904.0,60160.0,256.0,1.0,1,0.33984375,0.4453125,0.21484375,0.33984375,0.3434446441740413,0.3434446441740413
0,235,60160.0,60416.0,256.0,1.0,1,0.39453125,0.4609375,0.14453125,0.39453125,0.3434446441740413,0.3434446441740413
0,236,60416.0,60672.0,256.0,1.0,1,0.3828125,0.42578125,0.19140625,0.3828125,0.3434446441740413,0.3434446441740413
0,237,60672.0,60928.0,256.0,1.0,1,0.37109375,0.4375,0.19140625,0.37109375,0.3434446441740413,0.3434446441740413
0,238,60928.0,61184.0,256.0,1.0,1,0.40234375,0.44921875,0.1484375,0.40234375,0.3434446441740413,0.3434446441740413
0,239,61184.0,61440.0,256.0,1.0,1,0.40234375,0.40625,0.19140625,0.40234375,0.3434446441740413,0.3434446441740413
0,240,61440.0,61696.0,256.0,1.0,1,0.40234375,0.4453125,0.15234375,0.40234375,0.3434446441740413,0.3434446441740413
0,241,61696.0,61952.0,256.0,1.0,1,0.390625,0.41796875,0.19140625,0.390625,0.3434446441740413,0.3434446441740413
0,242,61952.0,62208.0,256.0,1.0,1,0.3515625,0.453125,0.1953125,0.3515625,0.3434446441740413,0.3434446441740413
0,243,62208.0,62464.0,256.0,1.0,1,0.40234375,0.44140625,0.15625,0.40234375,0.3434446441740413,0.3434446441740413
0,244,62464.0,62720.0,256.0,1.0,1,0.37890625,0.4609375,0.16015625,0.37890625,0.3434446441740413,0.3434446441740413
0,245,62720.0,62976.0,256.0,1.0,1,0.390625,0.4375,0.171875,0.390625,0.3434446441740413,0.3434446441740413
0,246,62976.0,63232.0,256.0,1.0,1,0.3828125,0.44921875,0.16796875,0.3828125,0.3434446441740413,0.3434446441740413
0,247,63232.0,63488.0,256.0,1.0,1,0.4140625,0.40234375,0.18359375,0.4140625,0.3434446441740413,0.3434446441740413
0,248,63488.0,63744.0,256.0,1.0,1,0.39453125,0.4453125,0.16015625,0.39453125,0.3434446441740413,0.3434446441740413
0,249,63744.0,64000.0,256.0,1.0,1,0.39453125,0.44921875,0.15625,0.39453125,0.3434446441740413,0.3434446441740413
0,250,64000.0,64256.0,256.0,1.0,1,0.3828125,0.46484375,0.15234375,0.3828125,0.3434446441740413,0.3434446441740413
0,251,64256.0,64512.0,256.0,1.0,1,0.3828125,0.4296875,0.1875,0.3828125,0.3434446441740413,0.3434446441740413
0,252,64512.0,64768.0,256.0,1.0,1,0.38671875,0.45703125,0.15625,0.38671875,0.3434446441740413,0.3434446441740413
0,253,64768.0,65024.0,256.0,1.0,1,0.3671875,0.48828125,0.14453125,0.3671875,0.3434446441740413,0.3434446441740413
0,254,65024.0,65280.0,256.0,1.0,1,0.375,0.421875,0.203125,0.375,0.3434446441740413,0.3434446441740413
0,255,65280.0,65536.0,256.0,1.0,1,0.37890625,0.421875,0.19921875,0.37890625,0.3434446441740413,0.3434446441740413
0,256,65536.0,65792.0,256.0,1.0,1,0.41015625,0.3828125,0.20703125,0.41015625,0.3434446441740413,0.3434446441740413
0,257,65792.0,66048.0,256.0,1.0,1,0.39453125,0.41796875,0.1875,0.39453125,0.3434446441740413,0.3434446441740413
0,258,66048.0,66304.0,256.0,1.0,1,0.3671875,0.4296875,0.203125,0.3671875,0.3434446441740413,0.3434446441740413
0,259,66304.0,66560.0,256.0,1.0,1,0.34765625,0.45703125,0.1953125,0.34765625,0.3434446441740413,0.3434446441740413
0,260,66560.0,66816.0,256.0,1.0,1,0.36328125,0.41796875,0.21875,0.36328125,0.3434446441740413,0.3434446441740413
0,261,66816.0,67072.0,256.0,1.0,1,0.421875,0.39453125,0.18359375,0.421875,0.3434446441740413,0.3434446441740413
0,262,67072.0,67328.0,256.0,1.0,1,0.37109375,0.44140625,0.1875,0.37109375,0.3434446441740413,0.3434446441740413
0,263,67328.0,67584.0,256.0,1.0,1,0.375,0.4140625,0.2109375,0.375,0.3434446441740413,0.3434446441740413
0,264,67584.0,67840.0,256.0,1.0,1,0.40625,0.4296875,0.1640625,0.40625,0.3434446441740413,0.3434446441740413
0,265,67840.0,68096.0,256.0,1.0,1,0.41015625,0.3984375,0.19140625,0.41015625,0.3434446441740413,0.3434446441740413
0,266,68096.0,68352.0,256.0,1.0,1,0.40625,0.41015625,0.18359375,0.40625,0.3434446441740413,0.3434446441740413
0,267,68352.0,68608.0,256.0,1.0,1,0.39453125,0.40234375,0.203125,0.39453125,0.3434446441740413,0.3434446441740413
0,268,68608.0,68864.0,256.0,1.0,1,0.39453125,0.39453125,0.2109375,0.39453125,0.3434446441740413,0.3434446441740413
0,269,68864.0,69120.0,256.0,1.0,1,0.34765625,0.4375,0.21484375,0.34765625,0.3434446441740413,0.3434446441740413
0,270,69120.0,69376.0,256.0,1.0,1,0.3984375,0.41015625,0.19140625,0.3984375,0.3434446441740413,0.3434446441740413
0,271,69376.0,69632.0,256.0,1.0,1,0.35546875,0.44140625,0.203125,0.35546875,0.3434446441740413,0.3434446441740413
0,272,69632.0,69888.0,256.0,1.0,1,0.34375,0.44140625,0.21484375,0.34375,0.3434446441740413,0.3434446441740413
0,273,69888.0,70144.0,256.0,1.0,1,0.38671875,0.39453125,0.21875,0.38671875,0.3434446441740413,0.3434446441740413
0,274,70144.0,70400.0,256.0,1.0,1,0.296875,0.51171875,0.19140625,0.296875,0.3434446441740413,0.3434446441740413
0,275,70400.0,70656.0,256.0,1.0,1,0.36328125,0.44140625,0.1953125,0.36328125,0.3434446441740413,0.3434446441740413
0,276,70656.0,70912.0,256.0,1.0,1,0.3984375,0.37890625,0.22265625,0.3984375,0.3434446441740413,0.3434446441740413
0,277,70912.0,71168.0,256.0,1.0,1,0.37890625,0.4609375,0.16015625,0.37890625,0.3434446441740413,0.3434446441740413
0,278,71168.0,71424.0,256.0,1.0,1,0.34375,0.4140625,0.2421875,0.34375,0.3434446441740413,0.3434446441740413
0,279,71424.0,71680.0,256.0,1.0,1,0.375,0.4140625,0.2109375,0.375,0.3434446441740413,0.3434446441740413
0,280,71680.0,71936.0,256.0,1.0,1,0.3984375,0.4375,0.1640625,0.3984375,0.3434446441740413,0.3434446441740413
0,281,71936.0,72192.0,256.0,1.0,1,0.390625,0.40234375,0.20703125,0.390625,0.3434446441740413,0.3434446441740413
0,282,72192.0,72448.0,256.0,1.0,1,0.39453125,0.41015625,0.1953125,0.39453125,0.3434446441740413,0.3434446441740413
0,283,72448.0,72704.0,256.0,1.0,1,0.38671875,0.390625,0.22265625,0.38671875,0.3434446441740413,0.3434446441740413
0,284,72704.0,72960.0,256.0,1.0,1,0.3671875,0.44140625,0.19140625,0.3671875,0.3434446441740413,0.3434446441740413
0,285,72960.0,73216.0,256.0,1.0,1,0.37890625,0.42578125,0.1953125,0.37890625,0.3434446441740413,0.3434446441740413
0,286,73216.0,73472.0,256.0,1.0,1,0.37109375,0.4296875,0.19921875,0.37109375,0.3434446441740413,0.3434446441740413
0,287,73472.0,73728.0,256.0,1.0,1,0.38671875,0.40234375,0.2109375,0.38671875,0.3434446441740413,0.3434446441740413
0,288,73728.0,73984.0,256.0,1.0,1,0.4140625,0.39453125,0.19140625,0.4140625,0.3434446441740413,0.3434446441740413
0,289,73984.0,74240.0,256.0,1.0,1,0.3984375,0.421875,0.1796875,0.3984375,0.3434446441740413,0.3434446441740413
0,290,74240.0,74496.0,256.0,1.0,1,0.35546875,0.42578125,0.21875,0.35546875,0.3434446441740413,0.3434446441740413
0,291,74496.0,74752.0,256.0,1.0,1,0.33203125,0.44140625,0.2265625,0.33203125,0.3434446441740413,0.3434446441740413
0,292,74752.0,75008.0,256.0,1.0,1,0.359375,0.43359375,0.20703125,0.359375,0.3434446441740413,0.3434446441740413
0,293,75008.0,75264.0,256.0,1.0,1,0.3828125,0.4296875,0.1875,0.3828125,0.3434446441740413,0.3434446441740413
0,294,75264.0,75520.0,256.0,1.0,1,0.40234375,0.4140625,0.18359375,0.40234375,0.3434446441740413,0.3434446441740413
0,295,75520.0,75776.0,256.0,1.0,1,0.37109375,0.41015625,0.21875,0.37109375,0.3434446441740413,0.3434446441740413
0,296,75776.0,76032.0,256.0,1.0,1,0.375,0.41796875,0.20703125,0.375,0.3434446441740413,0.3434446441740413
0,297,76032.0,76288.0,256.0,1.0,1,0.41796875,0.39453125,0.1875,0.41796875,0.3434446441740413,0.3434446441740413
0,298,76288.0,76544.0,256.0,1.0,1,0.3828125,0.3984375,0.21875,0.3828125,0.3434446441740413,0.3434446441740413
0,299,76544.0,76800.0,256.0,1.0,1,0.33984375,0.484375,0.17578125,0.33984375,0.3434446441740413,0.3434446441740413
0,300,76800.0,77056.0,256.0,1.0,1,0.35546875,0.4375,0.20703125,0.35546875,0.3434446441740413,0.3434446441740413
0,301,77056.0,77312.0,256.0,1.0,1,0.38671875,0.4921875,0.12109375,0.38671875,0.3434446441740413,0.3434446441740413
0,302,77312.0,77568.0,256.0,1.0,1,0.35546875,0.4375,0.20703125,0.35546875,0.3434446441740413,0.3434446441740413
0,303,77568.0,77824.0,256.0,1.0,1,0.3828125,0.43359375,0.18359375,0.3828125,0.3434446441740413,0.3434446441740413
0,304,77824.0,78080.0,256.0,1.0,1,0.36328125,0.3984375,0.23828125,0.36328125,0.3434446441740413,0.3434446441740413
0,305,78080.0,78336.0,256.0,1.0,1,0.3984375,0.4296875,0.171875,0.3984375,0.3434446441740413,0.3434446441740413
0,306,78336.0,78592.0,256.0,1.0,1,0.37109375,0.42578125,0.203125,0.37109375,0.3434446441740413,0.3434446441740413
0,307,78592.0,78848.0,256.0,1.0,1,0.3671875,0.4609375,0.171875,0.3671875,0.3434446441740413,0.3434446441740413
0,308,78848.0,79104.0,256.0,1.0,1,0.37890625,0.421875,0.19921875,0.37890625,0.3434446441740413,0.3434446441740413
0,309,79104.0,79360.0,256.0,1.0,1,0.390625,0.4375,0.171875,0.390625,0.3434446441740413,0.3434446441740413
0,310,79360.0,79616.0,256.0,1.0,1,0.39453125,0.43359375,0.171875,0.39453125,0.3434446441740413,0.3434446441740413
0,311,79616.0,79872.0,256.0,1.0,1,0.40625,0.453125,0.140625,0.40625,0.3434446441740413,0.3434446441740413
0,312,79872.0,80128.0,256.0,1.0,1,0.35546875,0.41796875,0.2265625,0.35546875,0.3434446441740413,0.3434446441740413
0,313,80128.0,80384.0,256.0,1.0,1,0.39453125,0.421875,0.18359375,0.39453125,0.3434446441740413,0.3434446441740413
0,314,80384.0,80640.0,256.0,1.0,1,0.3984375,0.42578125,0.17578125,0.3984375,0.3434446441740413,0.3434446441740413
0,315,80640.0,80896.0,256.0,1.0,1,0.36328125,0.40625,0.23046875,0.36328125,0.3434446441740413,0.3434446441740413
0,316,80896.0,81152.0,256.0,1.0,1,0.37109375,0.45703125,0.171875,0.37109375,0.3434446441740413,0.3434446441740413
0,317,81152.0,81408.0,256.0,1.0,1,0.390625,0.43359375,0.17578125,0.390625,0.3434446441740413,0.3434446441740413
0,318,81408.0,81664.0,256.0,1.0,1,0.359375,0.43359375,0.20703125,0.359375,0.3434446441740413,0.3434446441740413
0,319,81664.0,81920.0,256.0,1.0,1,0.34765625,0.40625,0.24609375,0.34765625,0.3434446441740413,0.3434446441740413
0,320,81920.0,82176.0,256.0,1.0,1,0.34765625,0.4375,0.21484375,0.34765625,0.3434446441740413,0.3434446441740413
0,321,82176.0,82432.0,256.0,1.0,1,0.41015625,0.44921875,0.140625,0.41015625,0.3434446441740413,0.3434446441740413
0,322,82432.0,82688.0,256.0,1.0,1,0.38671875,0.44921875,0.1640625,0.38671875,0.3434446441740413,0.3434446441740413
0,323,82688.0,82944.0,256.0,1.0,1,0.3515625,0.4453125,0.203125,0.3515625,0.3434446441740413,0.3434446441740413
0,324,82944.0,83200.0,256.0,1.0,1,0.3828125,0.4375,0.1796875,0.3828125,0.3434446441740413,0.3434446441740413
0,325,83200.0,83456.0,256.0,1.0,1,0.34765625,0.3828125,0.26953125,0.34765625,0.3434446441740413,0.3434446441740413
0,326,83456.0,83712.0,256.0,1.0,1,0.37890625,0.40625,0.21484375,0.37890625,0.3434446441740413,0.3434446441740413
0,327,83712.0,83968.0,256.0,1.0,1,0.37109375,0.4375,0.19140625,0.37109375,0.3434446441740413,0.3434446441740413
0,328,83968.0,84224.0,256.0,1.0,1,0.3515625,0.4375,0.2109375,0.3515625,0.3434446441740413,0.3434446441740413
0,329,84224.0,84480.0,256.0,1.0,1,0.3359375,0.44921875,0.21484375,0.3359375,0.3434446441740413,0.3434446441740413
0,330,84480.0,84736.0,256.0,1.0,1,0.3984375,0.44140625,0.16015625,0.3984375,0.3434446441740413,0.3434446441740413
0,331,84736.0,84992.0,256.0,1.0,1,0.34765625,0.44921875,0.203125,0.34765625,0.3434446441740413,0.3434446441740413
0,332,84992.0,85248.0,256.0,1.0,1,0.34765625,0.421875,0.23046875,0.34765625,0.3434446441740413,0.3434446441740413
0,333,85248.0,85504.0,256.0,1.0,1,0.37890625,0.41796875,0.203125,0.37890625,0.3434446441740413,0.3434446441740413
0,334,85504.0,85760.0,256.0,1.0,1,0.359375,0.453125,0.1875,0.359375,0.3434446441740413,0.3434446441740413
0,335,85760.0,86016.0,256.0,1.0,1,0.40625,0.44921875,0.14453125,0.40625,0.3434446441740413,0.3434446441740413
0,336,86016.0,86272.0,256.0,1.0,1,0.38671875,0.43359375,0.1796875,0.38671875,0.3434446441740413,0.3434446441740413
0,337,86272.0,86528.0,256.0,1.0,1,0.375,0.421875,0.203125,0.375,0.3434446441740413,0.3434446441740413
0,338,86528.0,86784.0,256.0,1.0,1,0.37109375,0.4375,0.19140625,0.37109375,0.3434446441740413,0.3434446441740413
0,339,86784.0,87040.0,256.0,1.0,1,0.3671875,0.4140625,0.21875,0.3671875,0.3434446441740413,0.3434446441740413
0,340,87040.0,87296.0,256.0,1.0,1,0.37890625,0.41796875,0.203125,0.37890625,0.3434446441740413,0.3434446441740413
0,341,87296.0,87552.0,256.0,1.0,1,0.359375,0.4375,0.203125,0.359375,0.3434446441740413,0.3434446441740413
0,342,87552.0,87808.0,256.0,1.0,1,0.3984375,0.4609375,0.140625,0.3984375,0.3434446441740413,0.3434446441740413
0,343,87808.0,88064.0,256.0,1.0,1,0.3828125,0.40234375,0.21484375,0.3828125,0.3434446441740413,0.3434446441740413
0,344,88064.0,88320.0,256.0,1.0,1,0.3671875,0.48046875,0.15234375,0.3671875,0.3434446441740413,0.3434446441740413
0,345,88320.0,88576.0,256.0,1.0,1,0.328125,0.43359375,0.23828125,0.328125,0.3434446441740413,0.3434446441740413
0,346,88576.0,88832.0,256.0,1.0,1,0.4140625,0.48046875,0.10546875,0.4140625,0.3434446441740413,0.3434446441740413
0,347,88832.0,89088.0,256.0,1.0,1,0.3671875,0.4296875,0.203125,0.3671875,0.3434446441740413,0.3434446441740413
0,348,89088.0,89344.0,256.0,1.0,1,0.375,0.4296875,0.1953125,0.375,0.3434446441740413,0.3434446441740413
0,349,89344.0,89600.0,256.0,1.0,1,0.35546875,0.3828125,0.26171875,0.35546875,0.3434446441740413,0.3434446441740413
0,350,89600.0,89856.0,256.0,1.0,1,0.40625,0.42578125,0.16796875,0.40625,0.3434446441740413,0.3434446441740413
0,351,89856.0,90112.0,256.0,1.0,1,0.40234375,0.40625,0.19140625,0.40234375,0.3434446441740413,0.3434446441740413
0,352,90112.0,90368.0,256.0,1.0,1,0.359375,0.4609375,0.1796875,0.359375,0.3434446441740413,0.3434446441740413
0,353,90368.0,90624.0,256.0,1.0,1,0.36328125,0.42578125,0.2109375,0.36328125,0.3434446441740413,0.3434446441740413
0,354,90624.0,90880.0,256.0,1.0,1,0.39453125,0.421875,0.18359375,0.39453125,0.3434446441740413,0.3434446441740413
0,355,90880.0,91136.0,256.0,1.0,1,0.40625,0.41796875,0.17578125,0.40625,0.3434446441740413,0.3434446441740413
0,356,91136.0,91392.0,256.0,1.0,1,0.3984375,0.44921875,0.15234375,0.3984375,0.3434446441740413,0.3434446441740413
0,357,91392.0,91648.0,256.0,1.0,1,0.37109375,0.42578125,0.203125,0.37109375,0.3434446441740413,0.3434446441740413
0,358,91648.0,91904.0,256.0,1.0,1,0.3828125,0.40234375,0.21484375,0.3828125,0.3434446441740413,0.3434446441740413
0,359,91904.0,92160.0,256.0,1.0,1,0.3828125,0.4140625,0.203125,0.3828125,0.3434446441740413,0.3434446441740413
0,360,92160.0,92416.0,256.0,1.0,1,0.375,0.43359375,0.19140625,0.375,0.3434446441740413,0.3434446441740413
0,361,92416.0,92672.0,256.0,1.0,1,0.38671875,0.40625,0.20703125,0.38671875,0.3434446441740413,0.3434446441740413
0,362,92672.0,92928.0,256.0,1.0,1,0.37109375,0.41796875,0.2109375,0.37109375,0.3434446441740413,0.3434446441740413
0,363,92928.0,93184.0,256.0,1.0,1,0.36328125,0.4296875,0.20703125,0.36328125,0.3434446441740413,0.3434446441740413
0,364,93184.0,93440.0,256.0,1.0,1,0.38671875,0.4140625,0.19921875,0.38671875,0.3434446441740413,0.3434446441740413
0,365,93440.0,93696.0,256.0,1.0,1,0.34375,0.43359375,0.22265625,0.34375,0.3434446441740413,0.3434446441740413
0,366,93696.0,93952.0,256.0,1.0,1,0.39453125,0.37890625,0.2265625,0.39453125,0.3434446441740413,0.3434446441740413
0,367,93952.0,94208.0,256.0,1.0,1,0.34765625,0.4609375,0.19140625,0.34765625,0.3434446441740413,0.3434446441740413
0,368,94208.0,94464.0,256.0,1.0,1,0.40625,0.42578125,0.16796875,0.40625,0.3434446441740413,0.3434446441740413
0,369,94464.0,94720.0,256.0,1.0,1,0.38671875,0.46875,0.14453125,0.38671875,0.3434446441740413,0.3434446441740413
0,370,94720.0,94976.0,256.0,1.0,1,0.36328125,0.43359375,0.203125,0.36328125,0.3434446441740413,0.3434446441740413
0,371,94976.0,95232.0,256.0,1.0,1,0.37890625,0.41796875,0.203125,0.37890625,0.3434446441740413,0.3434446441740413
0,372,95232.0,95488.0,256.0,1.0,1,0.34375,0.375,0.28125,0.34375,0.3434446441740413,0.3434446441740413
0,373,95488.0,95744.0,256.0,1.0,1,0.390625,0.40234375,0.20703125,0.390625,0.3434446441740413,0.3434446441740413
0,374,95744.0,96000.0,256.0,1.0,1,0.3671875,0.44140625,0.19140625,0.3671875,0.3434446441740413,0.3434446441740413
0,375,96000.0,96256.0,256.0,1.0,1,0.37890625,0.3984375,0.22265625,0.37890625,0.3434446441740413,0.3434446441740413
0,376,96256.0,96512.0,256.0,1.0,1,0.328125,0.4453125,0.2265625,0.328125,0.3434446441740413,0.3434446441740413
0,377,96512.0,96768.0,256.0,1.0,1,0.38671875,0.43359375,0.1796875,0.38671875,0.3434446441740413,0.3434446441740413
0,378,96768.0,97024.0,256.0,1.0,1,0.3359375,0.4453125,0.21875,0.3359375,0.3434446441740413,0.3434446441740413
0,379,97024.0,97280.0,256.0,1.0,1,0.34765625,0.453125,0.19921875,0.34765625,0.3434446441740413,0.3434446441740413
0,380,97280.0,97536.0,256.0,1.0,1,0.36328125,0.4140625,0.22265625,0.36328125,0.3434446441740413,0.3434446441740413
0,381,97536.0,97792.0,256.0,1.0,1,0.37890625,0.4609375,0.16015625,0.37890625,0.3434446441740413,0.3434446441740413
0,382,97792.0,98048.0,256.0,1.0,1,0.37890625,0.43359375,0.1875,0.37890625,0.3434446441740413,0.3434446441740413
0,383,98048.0,98304.0,256.0,1.0,1,0.37109375,0.421875,0.20703125,0.37109375,0.3434446441740413,0.3434446441740413
0,384,98304.0,98560.0,256.0,1.0,1,0.38671875,0.41015625,0.203125,0.38671875,0.3434446441740413,0.3434446441740413
0,385,98560.0,98816.0,256.0,1.0,1,0.39453125,0.42578125,0.1796875,0.39453125,0.3434446441740413,0.3434446441740413
0,386,98816.0,99072.0,256.0,1.0,1,0.40625,0.44921875,0.14453125,0.40625,0.3434446441740413,0.3434446441740413
0,387,99072.0,99328.0,256.0,1.0,1,0.37109375,0.40234375,0.2265625,0.37109375,0.3434446441740413,0.3434446441740413
0,388,99328.0,99584.0,256.0,1.0,1,0.38671875,0.4453125,0.16796875,0.38671875,0.3434446441740413,0.3434446441740413
0,389,99584.0,99840.0,256.0,1.0,1,0.3828125,0.40234375,0.21484375,0.3828125,0.3434446441740413,0.3434446441740413
0,390,99840.0,100096.0,256.0,1.0,1,0.37109375,0.43359375,0.1953125,0.37109375,0.3434446441740413,0.3434446441740413
0,391,100096.0,100352.0,256.0,1.0,1,0.390625,0.4453125,0.1640625,0.390625,0.3434446441740413,0.3434446441740413
0,392,100352.0,100608.0,256.0,1.0,1,0.3671875,0.4140625,0.21875,0.3671875,0.3434446441740413,0.3434446441740413
0,393,100608.0,100864.0,256.0,1.0,1,0.359375,0.4453125,0.1953125,0.359375,0.3434446441740413,0.3434446441740413
0,394,100864.0,101120.0,256.0,1.0,1,0.37890625,0.47265625,0.1484375,0.37890625,0.3434446441740413,0.3434446441740413
0,395,101120.0,101376.0,256.0,1.0,1,0.3671875,0.46484375,0.16796875,0.3671875,0.3434446441740413,0.3434446441740413
0,396,101376.0,101632.0,256.0,1.0,1,0.3828125,0.44921875,0.16796875,0.3828125,0.3434446441740413,0.3434446441740413
0,397,101632.0,101888.0,256.0,1.0,1,0.37109375,0.43359375,0.1953125,0.37109375,0.3434446441740413,0.3434446441740413
0,398,101888.0,102144.0,256.0,1.0,1,0.41015625,0.46875,0.12109375,0.41015625,0.3434446441740413,0.3434446441740413
0,399,102144.0,102400.0,256.0,1.0,1,0.35546875,0.4609375,0.18359375,0.35546875,0.3434446441740413,0.3434446441740413
0,400,102400.0,102656.0,256.0,1.0,1,0.3359375,0.4453125,0.21875,0.3359375,0.3434446441740413,0.3434446441740413
0,401,102656.0,102912.0,256.0,1.0,1,0.39453125,0.453125,0.15234375,0.39453125,0.3434446441740413,0.3434446441740413
0,402,102912.0,103168.0,256.0,1.0,1,0.41015625,0.45703125,0.1328125,0.41015625,0.3434446441740413,0.3434446441740413
0,403,103168.0,103424.0,256.0,1.0,1,0.40625,0.46484375,0.12890625,0.40625,0.3434446441740413,0.3434446441740413
0,404,103424.0,103680.0,256.0,1.0,1,0.40234375,0.4609375,0.13671875,0.40234375,0.3434446441740413,0.3434446441740413
0,405,103680.0,103936.0,256.0,1.0,1,0.359375,0.4296875,0.2109375,0.359375,0.3434446441740413,0.3434446441740413
0,406,103936.0,104192.0,256.0,1.0,1,0.37890625,0.46484375,0.15625,0.37890625,0.3434446441740413,0.3434446441740413
0,407,104192.0,104448.0,256.0,1.0,1,0.37109375,0.4765625,0.15234375,0.37109375,0.3434446441740413,0.3434446441740413
0,408,104448.0,104704.0,256.0,1.0,1,0.3671875,0.453125,0.1796875,0.3671875,0.3434446441740413,0.3434446441740413
0,409,104704.0,104960.0,256.0,1.0,1,0.375,0.46484375,0.16015625,0.375,0.3434446441740413,0.3434446441740413
0,410,104960.0,105216.0,256.0,1.0,1,0.359375,0.45703125,0.18359375,0.359375,0.3434446441740413,0.3434446441740413
0,411,105216.0,105472.0,256.0,1.0,1,0.37890625,0.45703125,0.1640625,0.37890625,0.3434446441740413,0.3434446441740413
0,412,105472.0,105728.0,256.0,1.0,1,0.390625,0.4296875,0.1796875,0.390625,0.3434446441740413,0.3434446441740413
0,413,105728.0,105984.0,256.0,1.0,1,0.37890625,0.46484375,0.15625,0.37890625,0.3434446441740413,0.3434446441740413
0,414,105984.0,106240.0,256.0,1.0,1,0.390625,0.44921875,0.16015625,0.390625,0.3434446441740413,0.3434446441740413
0,415,106240.0,106496.0,256.0,1.0,1,0.37109375,0.4609375,0.16796875,0.37109375,0.3434446441740413,0.3434446441740413
0,416,106496.0,106752.0,256.0,1.0,1,0.40234375,0.46484375,0.1328125,0.40234375,0.3434446441740413,0.3434446441740413
0,417,106752.0,107008.0,256.0,1.0,1,0.37109375,0.47265625,0.15625,0.37109375,0.3434446441740413,0.3434446441740413
0,418,107008.0,107264.0,256.0,1.0,1,0.40625,0.4375,0.15625,0.40625,0.3434446441740413,0.3434446441740413
0,419,107264.0,107520.0,256.0,1.0,1,0.40234375,0.46484375,0.1328125,0.40234375,0.3434446441740413,0.3434446441740413
0,420,107520.0,107776.0,256.0,1.0,1,0.375,0.46875,0.15625,0.375,0.3434446441740413,0.3434446441740413
0,421,107776.0,108032.0,256.0,1.0,1,0.37890625,0.45703125,0.1640625,0.37890625,0.3434446441740413,0.3434446441740413
0,422,108032.0,108288.0,256.0,1.0,1,0.3203125,0.4453125,0.234375,0.3203125,0.3434446441740413,0.3434446441740413
0,423,108288.0,108544.0,256.0,1.0,1,0.40234375,0.4140625,0.18359375,0.40234375,0.3434446441740413,0.3434446441740413
0,424,108544.0,108800.0,256.0,1.0,1,0.3359375,0.33203125,0.33203125,0.3359375,0.3434446441740413,0.3434446441740413
0,425,108800.0,109056.0,256.0,1.0,1,0.33203125,0.3359375,0.33203125,0.33203125,0.3434446441740413,0.3434446441740413
0,426,109056.0,109312.0,256.0,1.0,1,0.33203125,0.33203125,0.3359375,0.33203125,0.3434446441740413,0.3434446441740413
0,427,109312.0,109568.0,256.0,1.0,1,0.3359375,0.33203125,0.33203125,0.3359375,0.3434446441740413,0.3434446441740413
0,428,109568.0,109824.0,256.0,1.0,1,0.33203125,0.3359375,0.33203125,0.33203125,0.3434446441740413,0.3434446441740413
0,429,109824.0,110080.0,256.0,1.0,1,0.359375,0.33203125,0.30859375,0.359375,0.3434446441740413,0.3434446441740413
0,430,110080.0,110336.0,256.0,1.0,1,0.38671875,0.34375,0.26953125,0.38671875,0.3434446441740413,0.3434446441740413
0,431,110336.0,110592.0,256.0,1.0,1,0.33203125,0.3359375,0.33203125,0.33203125,0.3434446441740413,0.3434446441740413
0,432,110592.0,110848.0,256.0,1.0,1,0.33203125,0.33203125,0.3359375,0.33203125,0.3434446441740413,0.3434446441740413
0,433,110848.0,111104.0,256.0,1.0,1,0.3359375,0.33203125,0.33203125,0.3359375,0.3434446441740413,0.3434446441740413
0,434,111104.0,111360.0,256.0,1.0,1,0.33203125,0.3359375,0.33203125,0.33203125,0.3434446441740413,0.3434446441740413
0,435,111360.0,111616.0,256.0,1.0,1,0.33203125,0.33203125,0.3359375,0.33203125,0.3434446441740413,0.3434446441740413
0,436,111616.0,111872.0,256.0,1.0,1,0.421875,0.3828125,0.1953125,0.421875,0.3434446441740413,0.3434446441740413
0,437,111872.0,112128.0,256.0,1.0,1,0.4765625,0.390625,0.1328125,0.4765625,0.3434446441740413,0.3434446441740413
0,438,112128.0,112384.0,256.0,1.0,1,0.4765625,0.39453125,0.12890625,0.4765625,0.3434446441740413,0.3434446441740413
0,439,112384.0,112640.0,256.0,1.0,1,0.48046875,0.38671875,0.1328125,0.48046875,0.3434446441740413,0.3434446441740413
0,440,112640.0,112896.0,256.0,1.0,1,0.48046875,0.390625,0.12890625,0.48046875,0.3434446441740413,0.3434446441740413
0,441,112896.0,113152.0,256.0,1.0,1,0.4765625,0.390625,0.1328125,0.4765625,0.3434446441740413,0.3434446441740413
0,442,113152.0,113408.0,256.0,1.0,1,0.4765625,0.39453125,0.12890625,0.4765625,0.3434446441740413,0.3434446441740413
0,443,113408.0,113664.0,256.0,1.0,1,0.48046875,0.390625,0.12890625,0.48046875,0.3434446441740413,0.3434446441740413
0,444,113664.0,113920.0,256.0,1.0,1,0.4765625,0.390625,0.1328125,0.4765625,0.3434446441740413,0.3434446441740413
0,445,113920.0,114176.0,256.0,1.0,1,0.4765625,0.39453125,0.12890625,0.4765625,0.3434446441740413,0.3434446441740413
0,446,114176.0,114432.0,256.0,1.0,1,0.48046875,0.390625,0.12890625,0.48046875,0.3434446441740413,0.3434446441740413
0,447,114432.0,114688.0,256.0,1.0,1,0.48046875,0.38671875,0.1328125,0.48046875,0.3434446441740413,0.3434446441740413
0,448,114688.0,114944.0,256.0,1.0,1,0.4765625,0.39453125,0.12890625,0.4765625,0.3434446441740413,0.3434446441740413
0,449,114944.0,115200.0,256.0,1.0,1,0.4765625,0.390625,0.1328125,0.4765625,0.3434446441740413,0.3434446441740413
0,450,115200.0,115456.0,256.0,1.0,1,0.4765625,0.39453125,0.12890625,0.4765625,0.3434446441740413,0.3434446441740413
0,451,115456.0,115712.0,256.0,1.0,1,0.48046875,0.390625,0.12890625,0.48046875,0.3434446441740413,0.3434446441740413
0,452,115712.0,115968.0,256.0,1.0,1,0.48046875,0.38671875,0.1328125,0.48046875,0.3434446441740413,0.3434446441740413
0,453,115968.0,116224.0,256.0,1.0,1,0.4765625,0.39453125,0.12890625,0.4765625,0.3434446441740413,0.3434446441740413
0,454,116224.0,116480.0,256.0,1.0,1,0.4765625,0.390625,0.1328125,0.4765625,0.3434446441740413,0.3434446441740413
0,455,116480.0,116736.0,256.0,1.0,1,0.48046875,0.390625,0.12890625,0.48046875,0.3434446441740413,0.3434446441740413
0,456,116736.0,116992.0,256.0,1.0,1,0.48046875,0.390625,0.12890625,0.48046875,0.3434446441740413,0.3434446441740413
0,457,116992.0,117248.0,256.0,1.0,1,0.47265625,0.39453125,0.1328125,0.47265625,0.3434446441740413,0.3434446441740413
0,458,117248.0,117504.0,256.0,1.0,1,0.48046875,0.390625,0.12890625,0.48046875,0.3434446441740413,0.3434446441740413
0,459,117504.0,117760.0,256.0,1.0,1,0.48046875,0.390625,0.12890625,0.48046875,0.3434446441740413,0.3434446441740413
0,460,117760.0,118016.0,256.0,1.0,1,0.4765625,0.390625,0.1328125,0.4765625,0.3434446441740413,0.3434446441740413
0,461,118016.0,118272.0,256.0,1.0,1,0.4765625,0.39453125,0.12890625,0.4765625,0.3434446441740413,0.3434446441740413
0,462,118272.0,118528.0,256.0,1.0,1,0.48046875,0.38671875,0.1328125,0.48046875,0.3434446441740413,0.3434446441740413
0,463,118528.0,118784.0,256.0,1.0,1,0.48046875,0.390625,0.12890625,0.48046875,0.3434446441740413,0.3434446441740413
0,464,118784.0,119040.0,256.0,1.0,1,0.4765625,0.390625,0.1328125,0.4765625,0.3434446441740413,0.3434446441740413
0,465,119040.0,119296.0,256.0,1.0,1,0.4765625,0.39453125,0.12890625,0.4765625,0.3434446441740413,0.3434446441740413
0,466,119296.0,119552.0,256.0,1.0,1,0.48046875,0.390625,0.12890625,0.48046875,0.3434446441740413,0.3434446441740413
0,467,119552.0,119808.0,256.0,1.0,1,0.4765625,0.390625,0.1328125,0.4765625,0.3434446441740413,0.3434446441740413
0,468,119808.0,120064.0,256.0,1.0,1,0.4765625,0.39453125,0.12890625,0.4765625,0.3434446441740413,0.3434446441740413
0,469,120064.0,120320.0,256.0,1.0,1,0.48046875,0.390625,0.12890625,0.48046875,0.3434446441740413,0.3434446441740413
0,470,120320.0,120576.0,256.0,1.0,1,0.48046875,0.38671875,0.1328125,0.48046875,0.3434446441740413,0.3434446441740413
0,471,120576.0,120832.0,256.0,1.0,1,0.4765625,0.39453125,0.12890625,0.4765625,0.3434446441740413,0.3434446441740413
0,472,120832.0,121088.0,256.0,1.0,1,0.4765625,0.390625,0.1328125,0.4765625,0.3434446441740413,0.3434446441740413
0,473,121088.0,121344.0,256.0,1.0,1,0.4765625,0.39453125,0.12890625,0.4765625,0.3434446441740413,0.3434446441740413
0,474,121344.0,121600.0,256.0,1.0,1,0.48046875,0.390625,0.12890625,0.48046875,0.3434446441740413,0.3434446441740413
0,475,121600.0,121856.0,256.0,1.0,1,0.48046875,0.38671875,0.1328125,0.48046875,0.3434446441740413,0.3434446441740413
0,476,121856.0,122112.0,256.0,1.0,1,0.4765625,0.39453125,0.12890625,0.4765625,0.3434446441740413,0.3434446441740413
0,477,122112.0,122368.0,256.0,1.0,1,0.4765625,0.390625,0.1328125,0.4765625,0.3434446441740413,0.3434446441740413
0,478,122368.0,122624.0,256.0,1.0,1,0.48046875,0.390625,0.12890625,0.48046875,0.3434446441740413,0.3434446441740413
0,479,122624.0,122880.0,256.0,1.0,1,0.48046875,0.390625,0.12890625,0.48046875,0.3434446441740413,0.3434446441740413
0,480,122880.0,123136.0,256.0,1.0,1,0.47265625,0.39453125,0.1328125,0.47265625,0.3434446441740413,0.3434446441740413
0,481,123136.0,123392.0,256.0,1.0,1,0.48046875,0.390625,0.12890625,0.48046875,0.3434446441740413,0.3434446441740413
0,482,123392.0,123648.0,256.0,1.0,1,0.4453125,0.3671875,0.1875,0.4453125,0.3434446441740413,0.3434446441740413
0,483,123648.0,123904.0,256.0,1.0,1,0.33203125,0.33203125,0.3359375,0.33203125,0.3434446441740413,0.3434446441740413
0,484,123904.0,124160.0,256.0,1.0,1,0.3359375,0.33203125,0.33203125,0.3359375,0.3434446441740413,0.3434446441740413
0,485,124160.0,124416.0,256.0,1.0,1,0.33203125,0.3359375,0.33203125,0.33203125,0.3434446441740413,0.3434446441740413
0,486,124416.0,124672.0,256.0,1.0,1,0.33203125,0.33203125,0.3359375,0.33203125,0.3434446441740413,0.3434446441740413
0,487,124672.0,124928.0,256.0,1.0,1,0.3359375,0.33203125,0.33203125,0.3359375,0.3434446441740413,0.3434446441740413
0,488,124928.0,125184.0,256.0,1.0,1,0.359375,0.359375,0.28125,0.359375,0.3434446441740413,0.3434446441740413
0,489,125184.0,125440.0,256.0,1.0,1,0.48046875,0.390625,0.12890625,0.48046875,0.3434446441740413,0.3434446441740413
0,490,125440.0,125696.0,256.0,1.0,1,0.47265625,0.39453125,0.1328125,0.47265625,0.3434446441740413,0.3434446441740413
0,491,125696.0,125952.0,256.0,1.0,1,0.48046875,0.390625,0.12890625,0.48046875,0.3434446441740413,0.3434446441740413
0,492,125952.0,126208.0,256.0,1.0,1,0.48046875,0.390625,0.12890625,0.48046875,0.3434446441740413,0.3434446441740413
0,493,126208.0,126464.0,256.0,1.0,1,0.4765625,0.390625,0.1328125,0.4765625,0.3434446441740413,0.3434446441740413
0,494,126464.0,126720.0,256.0,1.0,1,0.4765625,0.39453125,0.12890625,0.4765625,0.3434446441740413,0.3434446441740413
0,495,126720.0,126976.0,256.0,1.0,1,0.48046875,0.38671875,0.1328125,0.48046875,0.3434446441740413,0.3434446441740413
0,496,126976.0,127232.0,256.0,1.0,1,0.48046875,0.390625,0.12890625,0.48046875,0.3434446441740413,0.3434446441740413
0,497,127232.0,127488.0,256.0,1.0,1,0.4765625,0.390625,0.1328125,0.4765625,0.3434446441740413,0.3434446441740413
0,498,127488.0,127744.0,256.0,1.0,1,0.4765625,0.39453125,0.12890625,0.4765625,0.3434446441740413,0.3434446441740413
0,499,127744.0,128000.0,256.0,1.0,1,0.48046875,0.390625,0.12890625,0.48046875,0.3434446441740413,0.3434446441740413
0,500,128000.0,128256.0,256.0,1.0,1,0.4765625,0.390625,0.1328125,0.4765625,0.3434446441740413,0.3434446441740413
0,501,128256.0,128512.0,256.0,1.0,1,0.4765625,0.39453125,0.12890625,0.4765625,0.3434446441740413,0.3434446441740413
0,502,128512.0,128768.0,256.0,1.0,1,0.48046875,0.390625,0.12890625,0.48046875,0.3434446441740413,0.3434446441740413
0,503,128768.0,129024.0,256.0,1.0,1,0.48046875,0.38671875,0.1328125,0.48046875,0.3434446441740413,0.3434446441740413
0,504,129024.0,129280.0,256.0,1.0,1,0.4765625,0.39453125,0.12890625,0.4765625,0.3434446441740413,0.3434446441740413
0,505,129280.0,129536.0,256.0,1.0,1,0.4765625,0.390625,0.1328125,0.4765625,0.3434446441740413,0.3434446441740413
0,506,129536.0,129792.0,256.0,1.0,1,0.4765625,0.39453125,0.12890625,0.4765625,0.3434446441740413,0.3434446441740413
0,507,129792.0,130048.0,256.0,1.0,1,0.48046875,0.390625,0.12890625,0.48046875,0.3434446441740413,0.3434446441740413
0,508,130048.0,130304.0,256.0,1.0,1,0.48046875,0.38671875,0.1328125,0.48046875,0.3434446441740413,0.3434446441740413
0,509,130304.0,130560.0,256.0,1.0,1,0.4765625,0.39453125,0.12890625,0.4765625,0.3434446441740413,0.3434446441740413
0,510,130560.0,130816.0,256.0,1.0,1,0.4765625,0.390625,0.1328125,0.4765625,0.3434446441740413,0.3434446441740413
0,511,130816.0,131072.0,256.0,1.0,1,0.48046875,0.390625,0.12890625,0.48046875,0.3434446441740413,0.3434446441740413
0,512,131072.0,131328.0,256.0,1.0,1,0.48046875,0.390625,0.12890625,0.48046875,0.3434446441740413,0.3434446441740413
0,513,131328.0,131584.0,256.0,1.0,1,0.47265625,0.39453125,0.1328125,0.47265625,0.3434446441740413,0.3434446441740413
0,514,131584.0,131840.0,256.0,1.0,1,0.48046875,0.390625,0.12890625,0.48046875,0.3434446441740413,0.3434446441740413
0,515,131840.0,132096.0,256.0,1.0,1,0.48046875,0.390625,0.12890625,0.48046875,0.3434446441740413,0.3434446441740413
0,516,132096.0,132352.0,256.0,1.0,1,0.4765625,0.390625,0.1328125,0.4765625,0.3434446441740413,0.3434446441740413
0,517,132352.0,132608.0,256.0,1.0,1,0.4765625,0.39453125,0.12890625,0.4765625,0.3434446441740413,0.3434446441740413
0,518,132608.0,132864.0,256.0,1.0,1,0.48046875,0.38671875,0.1328125,0.48046875,0.3434446441740413,0.3434446441740413
0,519,132864.0,133120.0,256.0,1.0,1,0.48046875,0.390625,0.12890625,0.48046875,0.3434446441740413,0.3434446441740413
0,520,133120.0,133376.0,256.0,1.0,1,0.4765625,0.390625,0.1328125,0.4765625,0.3434446441740413,0.3434446441740413
0,521,133376.0,133632.0,256.0,1.0,1,0.4765625,0.39453125,0.12890625,0.4765625,0.3434446441740413,0.3434446441740413
0,522,133632.0,133888.0,256.0,1.0,1,0.48046875,0.390625,0.12890625,0.48046875,0.3434446441740413,0.3434446441740413
0,523,133888.0,134144.0,256.0,1.0,1,0.4765625,0.390625,0.1328125,0.4765625,0.3434446441740413,0.3434446441740413
0,524,134144.0,134400.0,256.0,1.0,1,0.4765625,0.39453125,0.12890625,0.4765625,0.3434446441740413,0.3434446441740413
0,525,134400.0,134656.0,256.0,1.0,1,0.48046875,0.390625,0.12890625,0.48046875,0.3434446441740413,0.3434446441740413
0,526,134656.0,134912.0,256.0,1.0,1,0.48046875,0.38671875,0.1328125,0.48046875,0.3434446441740413,0.3434446441740413
0,527,134912.0,135168.0,256.0,1.0,1,0.4765625,0.39453125,0.12890625,0.4765625,0.3434446441740413,0.3434446441740413
0,528,135168.0,135424.0,256.0,1.0,1,0.4765625,0.390625,0.1328125,0.4765625,0.3434446441740413,0.3434446441740413
0,529,135424.0,135680.0,256.0,1.0,1,0.4765625,0.39453125,0.12890625,0.4765625,0.3434446441740413,0.3434446441740413
0,530,135680.0,135936.0,256.0,1.0,1,0.48046875,0.390625,0.12890625,0.48046875,0.3434446441740413,0.3434446441740413
0,531,135936.0,136192.0,256.0,1.0,1,0.48046875,0.38671875,0.1328125,0.48046875,0.3434446441740413,0.3434446441740413
0,532,136192.0,136448.0,256.0,1.0,1,0.4765625,0.39453125,0.12890625,0.4765625,0.3434446441740413,0.3434446441740413
0,533,136448.0,136704.0,256.0,1.0,1,0.4765625,0.390625,0.1328125,0.4765625,0.3434446441740413,0.3434446441740413
0,534,136704.0,136960.0,256.0,1.0,1,0.46875,0.3984375,0.1328125,0.46875,0.3434446441740413,0.3434446441740413
0,535,136960.0,137216.0,256.0,1.0,1,0.375,0.3203125,0.3046875,0.375,0.3434446441740413,0.3434446441740413
0,536,137216.0,137472.0,256.0,1.0,1,0.33203125,0.3359375,0.33203125,0.33203125,0.3434446441740413,0.3434446441740413
0,537,137472.0,137728.0,256.0,1.0,1,0.33203125,0.33203125,0.3359375,0.33203125,0.3434446441740413,0.3434446441740413
0,538,137728.0,137984.0,256.0,1.0,1,0.3359375,0.33203125,0.33203125,0.3359375,0.3434446441740413,0.3434446441740413
0,539,137984.0,138240.0,256.0,1.0,1,0.33203125,0.3359375,0.33203125,0.33203125,0.3434446441740413,0.3434446441740413
0,540,138240.0,138496.0,256.0,1.0,1,0.33203125,0.33203125,0.3359375,0.33203125,0.3434446441740413,0.3434446441740413
0,541,138496.0,138752.0,256.0,1.0,1,0.41796875,0.31640625,0.265625,0.41796875,0.3434446441740413,0.3434446441740413
0,542,138752.0,139008.0,256.0,1.0,1,0.0625,0.5,0.4375,0.0625,0.3434446441740413,0.3434446441740413
0,543,139008.0,139264.0,256.0,1.0,1,0.0,0.5,0.5,0.0,0.3434446441740413,0.3434446441740413
0,544,139264.0,139520.0,256.0,1.0,1,0.0,0.5,0.5,0.0,0.3434446441740413,0.3434446441740413
0,545,139520.0,139776.0,256.0,1.0,1,0.0,0.5,0.5,0.0,0.3434446441740413,0.3434446441740413
0,546,139776.0,140032.0,256.0,1.0,1,0.03515625,0.5078125,0.45703125,0.03515625,0.3434446441740413,0.3434446441740413
0,547,140032.0,140288.0,256.0,1.0,1,0.3828125,0.3515625,0.265625,0.3828125,0.3434446441740413,0.3434446441740413
0,548,140288.0,140544.0,256.0,1.0,1,0.2890625,0.40625,0.3046875,0.2890625,0.3434446441740413,0.3434446441740413
0,549,140544.0,140800.0,256.0,1.0,1,0.0,0.5,0.5,0.0,0.3434446441740413,0.3434446441740413
0,550,140800.0,141056.0,256.0,1.0,1,0.0,0.5,0.5,0.0,0.3434446441740413,0.3434446441740413
0,551,141056.0,141312.0,256.0,1.0,1,0.0,0.5,0.5,0.0,0.3434446441740413,0.3434446441740413
0,552,141312.0,141568.0,256.0,1.0,1,0.0,0.5,0.5,0.0,0.3434446441740413,0.3434446441740413
0,553,141568.0,141824.0,256.0,1.0,1,0.0,0.5,0.5,0.0,0.3434446441740413,0.3434446441740413
0,554,141824.0,142080.0,256.0,1.0,1,0.0,0.5,0.5,0.0,0.3434446441740413,0.3434446441740413
0,555,142080.0,142336.0,256.0,1.0,1,0.0,0.5,0.5,0.0,0.3434446441740413,0.3434446441740413
0,556,142336.0,142592.0,256.0,1.0,1,0.0,0.5,0.5,0.0,0.3434446441740413,0.3434446441740413
0,557,142592.0,142848.0,256.0,1.0,1,0.0,0.5,0.5,0.0,0.3434446441740413,0.3434446441740413
0,558,142848.0,143104.0,256.0,1.0,1,0.0,0.5,0.5,0.0,0.3434446441740413,0.3434446441740413
0,559,143104.0,143360.0,256.0,1.0,1,0.0,0.5,0.5,0.0,0.3434446441740413,0.3434446441740413
0,560,143360.0,143616.0,256.0,1.0,1,0.0,0.5,0.5,0.0,0.3434446441740413,0.3434446441740413
0,561,143616.0,143872.0,256.0,1.0,1,0.0,0.5,0.5,0.0,0.3434446441740413,0.3434446441740413
0,562,143872.0,144128.0,256.0,1.0,1,0.0,0.5,0.5,0.0,0.3434446441740413,0.3434446441740413
0,563,144128.0,144384.0,256.0,1.0,1,0.0,0.5,0.5,0.0,0.3434446441740413,0.3434446441740413
0,564,144384.0,144640.0,256.0,1.0,1,0.0,0.5,0.5,0.0,0.3434446441740413,0.3434446441740413
0,565,144640.0,144896.0,256.0,1.0,1,0.0,0.5,0.5,0.0,0.3434446441740413,0.3434446441740413
0,566,144896.0,145152.0,256.0,1.0,1,0.1640625,0.484375,0.3515625,0.1640625,0.3434446441740413,0.3434446441740413
0,567,145152.0,145408.0,256.0,1.0,1,0.0,0.5,0.5,0.0,0.3434446441740413,0.3434446441740413
0,568,145408.0,145664.0,256.0,1.0,1,0.0,0.5,0.5,0.0,0.3434446441740413,0.3434446441740413
0,569,145664.0,145920.0,256.0,1.0,1,0.0,0.5,0.5,0.0,0.3434446441740413,0.3434446441740413
0,570,145920.0,146176.0,256.0,1.0,1,0.0,0.5,0.5,0.0,0.3434446441740413,0.3434446441740413
0,571,146176.0,146432.0,256.0,1.0,1,0.0,0.5,0.5,0.0,0.3434446441740413,0.3434446441740413
0,572,146432.0,146688.0,256.0,1.0,1,0.0,0.5,0.5,0.0,0.3434446441740413,0.3434446441740413
0,573,146688.0,146944.0,256.0,1.0,1,0.0,0.5,0.5,0.0,0.3434446441740413,0.3434446441740413
0,574,146944.0,147200.0,256.0,1.0,1,0.0,0.5,0.5,0.0,0.3434446441740413,0.3434446441740413
0,575,147200.0,147456.0,256.0,1.0,1,0.0,0.5,0.5,0.0,0.3434446441740413,0.3434446441740413
0,576,147456.0,147712.0,256.0,1.0,1,0.0,0.5,0.5,0.0,0.3434446441740413,0.3434446441740413
0,577,147712.0,147968.0,256.0,1.0,1,0.0,0.5,0.5,0.0,0.3434446441740413,0.3434446441740413
0,578,147968.0,148224.0,256.0,1.0,1,0.0,0.5,0.5,0.0,0.3434446441740413,0.3434446441740413
0,579,148224.0,148480.0,256.0,1.0,1,0.0,0.5,0.5,0.0,0.3434446441740413,0.3434446441740413
0,580,148480.0,148736.0,256.0,1.0,1,0.0,0.5,0.5,0.0,0.3434446441740413,0.3434446441740413
0,581,148736.0,148992.0,256.0,1.0,1,0.0,0.5,0.5,0.0,0.3434446441740413,0.3434446441740413
0,582,148992.0,149248.0,256.0,1.0,1,0.0,0.5,0.5,0.0,0.3434446441740413,0.3434446441740413
0,583,149248.0,149504.0,256.0,1.0,1,0.0,0.5,0.5,0.0,0.3434446441740413,0.3434446441740413
0,584,149504.0,149760.0,256.0,1.0,1,0.0,0.5,0.5,0.0,0.3434446441740413,0.3434446441740413
0,585,149760.0,150016.0,256.0,1.0,1,0.01953125,0.49609375,0.484375,0.01953125,0.3434446441740413,0.3434446441740413
0,586,150016.0,150272.0,256.0,1.0,1,0.13671875,0.4921875,0.37109375,0.13671875,0.3434446441740413,0.3434446441740413
0,587,150272.0,150528.0,256.0,1.0,1,0.0,0.5,0.5,0.0,0.3434446441740413,0.3434446441740413
0,588,150528.0,150784.0,256.0,1.0,1,0.0,0.5,0.5,0.0,0.3434446441740413,0.3434446441740413
0,589,150784.0,151040.0,256.0,1.0,1,0.0,0.5,0.5,0.0,0.3434446441740413,0.3434446441740413
0,590,151040.0,151296.0,256.0,1.0,1,0.0,0.5,0.5,0.0,0.3434446441740413,0.3434446441740413
0,591,151296.0,151552.0,256.0,1.0,1,0.0,0.5,0.5,0.0,0.3434446441740413,0.3434446441740413
0,592,151552.0,151808.0,256.0,1.0,1,0.0,0.5,0.5,0.0,0.3434446441740413,0.3434446441740413
0,593,151808.0,152064.0,256.0,1.0,1,0.0,0.5,0.5,0.0,0.3434446441740413,0.3434446441740413
0,594,152064.0,152320.0,256.0,1.0,1,0.0,0.5,0.5,0.0,0.3434446441740413,0.3434446441740413
0,595,152320.0,152576.0,256.0,1.0,1,0.0,0.5,0.5,0.0,0.3434446441740413,0.3434446441740413
0,596,152576.0,152832.0,256.0,1.0,1,0.0,0.5,0.5,0.0,0.3434446441740413,0.3434446441740413
0,597,152832.0,153088.0,256.0,1.0,1,0.0,0.5,0.5,0.0,0.3434446441740413,0.3434446441740413
0,598,153088.0,153344.0,256.0,1.0,1,0.0,0.5,0.5,0.0,0.3434446441740413,0.3434446441740413
0,599,153344.0,153600.0,256.0,1.0,1,0.0,0.5,0.5,0.0,0.3434446441740413,0.3434446441740413
0,600,153600.0,153856.0,256.0,1.0,1,0.0,0.5,0.5,0.0,0.3434446441740413,0.3434446441740413
0,601,153856.0,154112.0,256.0,1.0,1,0.0,0.5,0.5,0.0,0.3434446441740413,0.3434446441740413
0,602,154112.0,154368.0,256.0,1.0,1,0.0,0.5,0.5,0.0,0.3434446441740413,0.3434446441740413
0,603,154368.0,154624.0,256.0,1.0,1,0.0,0.5,0.5,0.0,0.3434446441740413,0.3434446441740413
0,604,154624.0,154880.0,256.0,1.0,1,0.0,0.5,0.5,0.0,0.3434446441740413,0.3434446441740413
0,605,154880.0,155136.0,256.0,1.0,1,0.19140625,0.50390625,0.3046875,0.19140625,0.3434446441740413,0.3434446441740413
0,606,155136.0,155392.0,256.0,1.0,1,0.4140625,0.32421875,0.26171875,0.4140625,0.3434446441740413,0.3434446441740413
0,607,155392.0,155648.0,256.0,1.0,1,0.3359375,0.33203125,0.33203125,0.3359375,0.3434446441740413,0.3434446441740413
0,608,155648.0,155904.0,256.0,1.0,1,0.33203125,0.3359375,0.33203125,0.33203125,0.3434446441740413,0.3434446441740413
0,609,155904.0,156160.0,256.0,1.0,1,0.33203125,0.33203125,0.3359375,0.33203125,0.3434446441740413,0.3434446441740413
0,610,156160.0,156416.0,256.0,1.0,1,0.3359375,0.33203125,0.33203125,0.3359375,0.3434446441740413,0.3434446441740413
0,611,156416.0,156672.0,256.0,1.0,1,0.33203125,0.3359375,0.33203125,0.33203125,0.3434446441740413,0.3434446441740413
0,612,156672.0,156928.0,256.0,1.0,1,0.3515625,0.328125,0.3203125,0.3515625,0.3434446441740413,0.3434446441740413
0,613,156928.0,157184.0,256.0,1.0,1,0.40625,0.36328125,0.23046875,0.40625,0.3434446441740413,0.3434446441740413
0,614,157184.0,157440.0,256.0,1.0,1,0.33203125,0.33203125,0.3359375,0.33203125,0.3434446441740413,0.3434446441740413
0,615,157440.0,157696.0,256.0,1.0,1,0.3359375,0.33203125,0.33203125,0.3359375,0.3434446441740413,0.3434446441740413
0,616,157696.0,157952.0,256.0,1.0,1,0.33203125,0.3359375,0.33203125,0.33203125,0.3434446441740413,0.3434446441740413
0,617,157952.0,158208.0,256.0,1.0,1,0.33203125,0.33203125,0.3359375,0.33203125,0.3434446441740413,0.3434446441740413
0,618,158208.0,158464.0,256.0,1.0,1,0.3359375,0.33203125,0.33203125,0.3359375,0.3434446441740413,0.3434446441740413
0,619,158464.0,158720.0,256.0,1.0,1,0.3359375,0.34375,0.3203125,0.3359375,0.3434446441740413,0.3434446441740413
0,620,158720.0,158976.0,256.0,1.0,1,0.3984375,0.3359375,0.265625,0.3984375,0.3434446441740413,0.3434446441740413
0,621,158976.0,159232.0,256.0,1.0,1,0.33203125,0.3359375,0.33203125,0.33203125,0.3434446441740413,0.3434446441740413
0,622,159232.0,159488.0,256.0,1.0,1,0.33203125,0.33203125,0.3359375,0.33203125,0.3434446441740413,0.3434446441740413
0,623,159488.0,159744.0,256.0,1.0,1,0.3359375,0.33203125,0.33203125,0.3359375,0.3434446441740413,0.3434446441740413
0,624,159744.0,160000.0,256.0,1.0,1,0.33203125,0.3359375,0.33203125,0.33203125,0.3434446441740413,0.3434446441740413
0,625,160000.0,160256.0,256.0,1.0,1,0.33203125,0.33203125,0.3359375,0.33203125,0.3434446441740413,0.3434446441740413
0,626,160256.0,160512.0,256.0,1.0,1,0.41796875,0.3828125,0.19921875,0.41796875,0.3434446441740413,0.3434446441740413
0,627,160512.0,160768.0,256.0,1.0,1,0.42578125,0.44140625,0.1328125,0.42578125,0.3434446441740413,0.3434446441740413
0,628,160768.0,161024.0,256.0,1.0,1,0.4296875,0.4296875,0.140625,0.4296875,0.3434446441740413,0.3434446441740413
0,629,161024.0,161280.0,256.0,1.0,1,0.4296875,0.4375,0.1328125,0.4296875,0.3434446441740413,0.3434446441740413
0,630,161280.0,161536.0,256.0,1.0,1,0.43359375,0.4140625,0.15234375,0.43359375,0.3434446441740413,0.3434446441740413
0,631,161536.0,161792.0,256.0,1.0,1,0.44140625,0.375,0.18359375,0.44140625,0.3434446441740413,0.3434446441740413
0,632,161792.0,162048.0,256.0,1.0,1,0.33203125,0.33203125,0.3359375,0.33203125,0.3434446441740413,0.3434446441740413
0,633,162048.0,162304.0,256.0,1.0,1,0.3359375,0.33203125,0.33203125,0.3359375,0.3434446441740413,0.3434446441740413
0,634,162304.0,162560.0,256.0,1.0,1,0.33203125,0.3359375,0.33203125,0.33203125,0.3434446441740413,0.3434446441740413
0,635,162560.0,162816.0,256.0,1.0,1,0.33203125,0.33203125,0.3359375,0.33203125,0.3434446441740413,0.3434446441740413
0,636,162816.0,163072.0,256.0,1.0,1,0.3359375,0.33203125,0.33203125,0.3359375,0.3434446441740413,0.3434446441740413
0,637,163072.0,163328.0,256.0,1.0,1,0.3671875,0.35546875,0.27734375,0.3671875,0.3434446441740413,0.3434446441740413
0,638,163328.0,163584.0,256.0,1.0,1,0.3671875,0.32421875,0.30859375,0.3671875,0.3434446441740413,0.3434446441740413
0,639,163584.0,163840.0,256.0,1.0,1,0.33203125,0.3359375,0.33203125,0.33203125,0.3434446441740413,0.3434446441740413
0,640,163840.0,164096.0,256.0,1.0,1,0.33203125,0.33203125,0.3359375,0.33203125,0.3434446441740413,0.3434446441740413
0,641,164096.0,164352.0,256.0,1.0,1,0.3359375,0.33203125,0.33203125,0.3359375,0.3434446441740413,0.3434446441740413
0,642,164352.0,164608.0,256.0,1.0,1,0.33203125,0.3359375,0.33203125,0.33203125,0.3434446441740413,0.3434446441740413
0,643,164608.0,164864.0,256.0,1.0,1,0.33203125,0.33203125,0.3359375,0.33203125,0.3434446441740413,0.3434446441740413
0,644,164864.0,165120.0,256.0,1.0,1,0.4140625,0.421875,0.1640625,0.4140625,0.3434446441740413,0.3434446441740413
0,645,165120.0,165376.0,256.0,1.0,1,0.43359375,0.42578125,0.140625,0.43359375,0.3434446441740413,0.3434446441740413
0,646,165376.0,165632.0,256.0,1.0,1,0.4296875,0.4296875,0.140625,0.4296875,0.3434446441740413,0.3434446441740413
0,647,165632.0,165888.0,256.0,1.0,1,0.42578125,0.43359375,0.140625,0.42578125,0.3434446441740413,0.3434446441740413
0,648,165888.0,166144.0,256.0,1.0,1,0.4296875,0.421875,0.1484375,0.4296875,0.3434446441740413,0.3434446441740413
0,649,166144.0,166400.0,256.0,1.0,1,0.4296875,0.4296875,0.140625,0.4296875,0.3434446441740413,0.3434446441740413
0,650,166400.0,166656.0,256.0,1.0,1,0.42578125,0.4296875,0.14453125,0.42578125,0.3434446441740413,0.3434446441740413
0,651,166656.0,166912.0,256.0,1.0,1,0.43359375,0.42578125,0.140625,0.43359375,0.3434446441740413,0.3434446441740413
0,652,166912.0,167168.0,256.0,1.0,1,0.4296875,0.4296875,0.140625,0.4296875,0.3434446441740413,0.3434446441740413
0,653,167168.0,167424.0,256.0,1.0,1,0.421875,0.4296875,0.1484375,0.421875,0.3434446441740413,0.3434446441740413
0,654,167424.0,167680.0,256.0,1.0,1,0.4296875,0.4296875,0.140625,0.4296875,0.3434446441740413,0.3434446441740413
0,655,167680.0,167936.0,256.0,1.0,1,0.4296875,0.4296875,0.140625,0.4296875,0.3434446441740413,0.3434446441740413
0,656,167936.0,168192.0,256.0,1.0,1,0.42578125,0.4296875,0.14453125,0.42578125,0.3434446441740413,0.3434446441740413
0,657,168192.0,168448.0,256.0,1.0,1,0.4296875,0.42578125,0.14453125,0.4296875,0.3434446441740413,0.3434446441740413
0,658,168448.0,168704.0,256.0,1.0,1,0.4296875,0.4296875,0.140625,0.4296875,0.3434446441740413,0.3434446441740413
0,659,168704.0,168960.0,256.0,1.0,1,0.42578125,0.4296875,0.14453125,0.42578125,0.3434446441740413,0.3434446441740413
0,660,168960.0,169216.0,256.0,1.0,1,0.43359375,0.42578125,0.140625,0.43359375,0.3434446441740413,0.3434446441740413
0,661,169216.0,169472.0,256.0,1.0,1,0.4296875,0.4296875,0.140625,0.4296875,0.3434446441740413,0.3434446441740413
0,662,169472.0,169728.0,256.0,1.0,1,0.42578125,0.42578125,0.1484375,0.42578125,0.3434446441740413,0.3434446441740413
0,663,169728.0,169984.0,256.0,1.0,1,0.42578125,0.43359375,0.140625,0.42578125,0.3434446441740413,0.3434446441740413
0,664,169984.0,170240.0,256.0,1.0,1,0.43359375,0.42578125,0.140625,0.43359375,0.3434446441740413,0.3434446441740413
0,665,170240.0,170496.0,256.0,1.0,1,0.42578125,0.4296875,0.14453125,0.42578125,0.3434446441740413,0.3434446441740413
0,666,170496.0,170752.0,256.0,1.0,1,0.42578125,0.4296875,0.14453125,0.42578125,0.3434446441740413,0.3434446441740413
0,667,170752.0,171008.0,256.0,1.0,1,0.43359375,0.42578125,0.140625,0.43359375,0.3434446441740413,0.3434446441740413
0,668,171008.0,171264.0,256.0,1.0,1,0.42578125,0.4296875,0.14453125,0.42578125,0.3434446441740413,0.3434446441740413
0,669,171264.0,171520.0,256.0,1.0,1,0.4296875,0.4296875,0.140625,0.4296875,0.3434446441740413,0.3434446441740413
0,670,171520.0,171776.0,256.0,1.0,1,0.4296875,0.42578125,0.14453125,0.4296875,0.3434446441740413,0.3434446441740413
0,671,171776.0,172032.0,256.0,1.0,1,0.42578125,0.4296875,0.14453125,0.42578125,0.3434446441740413,0.3434446441740413
0,672,172032.0,172288.0,256.0,1.0,1,0.4296875,0.4296875,0.140625,0.4296875,0.3434446441740413,0.3434446441740413
0,673,172288.0,172544.0,256.0,1.0,1,0.4296875,0.4296875,0.140625,0.4296875,0.3434446441740413,0.3434446441740413
0,674,172544.0,172800.0,256.0,1.0,1,0.4296875,0.42578125,0.14453125,0.4296875,0.3434446441740413,0.3434446441740413
0,675,172800.0,173056.0,256.0,1.0,1,0.42578125,0.4296875,0.14453125,0.42578125,0.3434446441740413,0.3434446441740413
0,676,173056.0,173312.0,256.0,1.0,1,0.43359375,0.42578125,0.140625,0.43359375,0.3434446441740413,0.3434446441740413
0,677,173312.0,173568.0,256.0,1.0,1,0.42578125,0.4296875,0.14453125,0.42578125,0.3434446441740413,0.3434446441740413
0,678,173568.0,173824.0,256.0,1.0,1,0.42578125,0.43359375,0.140625,0.42578125,0.3434446441740413,0.3434446441740413
0,679,173824.0,174080.0,256.0,1.0,1,0.4296875,0.42578125,0.14453125,0.4296875,0.3434446441740413,0.3434446441740413
0,680,174080.0,174336.0,256.0,1.0,1,0.4296875,0.42578125,0.14453125,0.4296875,0.3434446441740413,0.3434446441740413
0,681,174336.0,174592.0,256.0,1.0,1,0.42578125,0.43359375,0.140625,0.42578125,0.3434446441740413,0.3434446441740413
0,682,174592.0,174848.0,256.0,1.0,1,0.43359375,0.42578125,0.140625,0.43359375,0.3434446441740413,0.3434446441740413
0,683,174848.0,175104.0,256.0,1.0,1,0.42578125,0.4296875,0.14453125,0.42578125,0.3434446441740413,0.3434446441740413
0,684,175104.0,175360.0,256.0,1.0,1,0.42578125,0.42578125,0.1484375,0.42578125,0.3434446441740413,0.3434446441740413
0,685,175360.0,175616.0,256.0,1.0,1,0.43359375,0.42578125,0.140625,0.43359375,0.3434446441740413,0.3434446441740413
0,686,175616.0,175872.0,256.0,1.0,1,0.42578125,0.43359375,0.140625,0.42578125,0.3434446441740413,0.3434446441740413
0,687,175872.0,176128.0,256.0,1.0,1,0.4296875,0.4296875,0.140625,0.4296875,0.3434446441740413,0.3434446441740413
0,688,176128.0,176384.0,256.0,1.0,1,0.4296875,0.42578125,0.14453125,0.4296875,0.3434446441740413,0.3434446441740413
0,689,176384.0,176640.0,256.0,1.0,1,0.42578125,0.4296875,0.14453125,0.42578125,0.3434446441740413,0.3434446441740413
0,690,176640.0,176896.0,256.0,1.0,1,0.42578125,0.4296875,0.14453125,0.42578125,0.3434446441740413,0.3434446441740413
0,691,176896.0,177152.0,256.0,1.0,1,0.4375,0.42578125,0.13671875,0.4375,0.3434446441740413,0.3434446441740413
0,692,177152.0,177408.0,256.0,1.0,1,0.42578125,0.4296875,0.14453125,0.42578125,0.3434446441740413,0.3434446441740413
0,693,177408.0,177664.0,256.0,1.0,1,0.421875,0.4296875,0.1484375,0.421875,0.3434446441740413,0.3434446441740413
0,694,177664.0,177920.0,256.0,1.0,1,0.43359375,0.42578125,0.140625,0.43359375,0.3434446441740413,0.3434446441740413
0,695,177920.0,178176.0,256.0,1.0,1,0.4296875,0.4296875,0.140625,0.4296875,0.3434446441740413,0.3434446441740413
0,696,178176.0,178432.0,256.0,1.0,1,0.42578125,0.43359375,0.140625,0.42578125,0.3434446441740413,0.3434446441740413
0,697,178432.0,178688.0,256.0,1.0,1,0.4296875,0.421875,0.1484375,0.4296875,0.3434446441740413,0.3434446441740413
0,698,178688.0,178944.0,256.0,1.0,1,0.4296875,0.4296875,0.140625,0.4296875,0.3434446441740413,0.3434446441740413
0,699,178944.0,179200.0,256.0,1.0,1,0.42578125,0.4296875,0.14453125,0.42578125,0.3434446441740413,0.3434446441740413
0,700,179200.0,179456.0,256.0,1.0,1,0.43359375,0.42578125,0.140625,0.43359375,0.3434446441740413,0.3434446441740413
0,701,179456.0,179712.0,256.0,1.0,1,0.4296875,0.4296875,0.140625,0.4296875,0.3434446441740413,0.3434446441740413
0,702,179712.0,179968.0,256.0,1.0,1,0.421875,0.4296875,0.1484375,0.421875,0.3434446441740413,0.3434446441740413
0,703,179968.0,180224.0,256.0,1.0,1,0.4296875,0.4296875,0.140625,0.4296875,0.3434446441740413,0.3434446441740413
0,704,180224.0,180480.0,256.0,1.0,1,0.4296875,0.4296875,0.140625,0.4296875,0.3434446441740413,0.3434446441740413
0,705,180480.0,180736.0,256.0,1.0,1,0.42578125,0.4296875,0.14453125,0.42578125,0.3434446441740413,0.3434446441740413
0,706,180736.0,180992.0,256.0,1.0,1,0.4296875,0.42578125,0.14453125,0.4296875,0.3434446441740413,0.3434446441740413
0,707,180992.0,181248.0,256.0,1.0,1,0.4296875,0.4296875,0.140625,0.4296875,0.3434446441740413,0.3434446441740413
0,708,181248.0,181504.0,256.0,1.0,1,0.42578125,0.4296875,0.14453125,0.42578125,0.3434446441740413,0.3434446441740413
0,709,181504.0,181760.0,256.0,1.0,1,0.43359375,0.42578125,0.140625,0.43359375,0.3434446441740413,0.3434446441740413
0,710,181760.0,182016.0,256.0,1.0,1,0.4296875,0.4296875,0.140625,0.4296875,0.3434446441740413,0.3434446441740413
0,711,182016.0,182272.0,256.0,1.0,1,0.42578125,0.42578125,0.1484375,0.42578125,0.3434446441740413,0.3434446441740413
0,712,182272.0,182528.0,256.0,1.0,1,0.42578125,0.43359375,0.140625,0.42578125,0.3434446441740413,0.3434446441740413
0,713,182528.0,182784.0,256.0,1.0,1,0.43359375,0.42578125,0.140625,0.43359375,0.3434446441740413,0.3434446441740413
0,714,182784.0,183040.0,256.0,1.0,1,0.42578125,0.4296875,0.14453125,0.42578125,0.3434446441740413,0.3434446441740413
0,715,183040.0,183296.0,256.0,1.0,1,0.42578125,0.4296875,0.14453125,0.42578125,0.3434446441740413,0.3434446441740413
0,716,183296.0,183552.0,256.0,1.0,1,0.43359375,0.42578125,0.140625,0.43359375,0.3434446441740413,0.3434446441740413
0,717,183552.0,183808.0,256.0,1.0,1,0.42578125,0.4296875,0.14453125,0.42578125,0.3434446441740413,0.3434446441740413
0,718,183808.0,184064.0,256.0,1.0,1,0.4296875,0.4296875,0.140625,0.4296875,0.3434446441740413,0.3434446441740413
0,719,184064.0,184320.0,256.0,1.0,1,0.4296875,0.42578125,0.14453125,0.4296875,0.3434446441740413,0.3434446441740413
0,720,184320.0,184576.0,256.0,1.0,1,0.42578125,0.4296875,0.14453125,0.42578125,0.3434446441740413,0.3434446441740413
0,721,184576.0,184832.0,256.0,1.0,1,0.4296875,0.4296875,0.140625,0.4296875,0.3434446441740413,0.3434446441740413
0,722,184832.0,185088.0,256.0,1.0,1,0.4296875,0.4296875,0.140625,0.4296875,0.3434446441740413,0.3434446441740413
0,723,185088.0,185344.0,256.0,1.0,1,0.4296875,0.42578125,0.14453125,0.4296875,0.3434446441740413,0.3434446441740413
0,724,185344.0,185600.0,256.0,1.0,1,0.42578125,0.4296875,0.14453125,0.42578125,0.3434446441740413,0.3434446441740413
0,725,185600.0,185856.0,256.0,1.0,1,0.43359375,0.42578125,0.140625,0.43359375,0.3434446441740413,0.3434446441740413
0,726,185856.0,186112.0,256.0,1.0,1,0.42578125,0.4296875,0.14453125,0.42578125,0.3434446441740413,0.3434446441740413
0,727,186112.0,186368.0,256.0,1.0,1,0.42578125,0.43359375,0.140625,0.42578125,0.3434446441740413,0.3434446441740413
0,728,186368.0,186624.0,256.0,1.0,1,0.4296875,0.42578125,0.14453125,0.4296875,0.3434446441740413,0.3434446441740413
0,729,186624.0,186880.0,256.0,1.0,1,0.4296875,0.42578125,0.14453125,0.4296875,0.3434446441740413,0.3434446441740413
0,730,186880.0,187136.0,256.0,1.0,1,0.42578125,0.43359375,0.140625,0.42578125,0.3434446441740413,0.3434446441740413
0,731,187136.0,187392.0,256.0,1.0,1,0.43359375,0.42578125,0.140625,0.43359375,0.3434446441740413,0.3434446441740413
0,732,187392.0,187648.0,256.0,1.0,1,0.42578125,0.4296875,0.14453125,0.42578125,0.3434446441740413,0.3434446441740413
0,733,187648.0,187904.0,256.0,1.0,1,0.42578125,0.42578125,0.1484375,0.42578125,0.3434446441740413,0.3434446441740413
0,734,187904.0,188160.0,256.0,1.0,1,0.43359375,0.42578125,0.140625,0.43359375,0.3434446441740413,0.3434446441740413
0,735,188160.0,188416.0,256.0,1.0,1,0.42578125,0.43359375,0.140625,0.42578125,0.3434446441740413,0.3434446441740413
0,736,188416.0,188672.0,256.0,1.0,1,0.4296875,0.4296875,0.140625,0.4296875,0.3434446441740413,0.3434446441740413
0,737,188672.0,188928.0,256.0,1.0,1,0.4296875,0.42578125,0.14453125,0.4296875,0.3434446441740413,0.3434446441740413
0,738,188928.0,189184.0,256.0,1.0,1,0.42578125,0.4296875,0.14453125,0.42578125,0.3434446441740413,0.3434446441740413
0,739,189184.0,189440.0,256.0,1.0,1,0.42578125,0.4296875,0.14453125,0.42578125,0.3434446441740413,0.3434446441740413
0,740,189440.0,189696.0,256.0,1.0,1,0.4375,0.42578125,0.13671875,0.4375,0.3434446441740413,0.3434446441740413
0,741,189696.0,189952.0,256.0,1.0,1,0.42578125,0.4296875,0.14453125,0.42578125,0.3434446441740413,0.3434446441740413
0,742,189952.0,190208.0,256.0,1.0,1,0.40234375,0.34765625,0.25,0.40234375,0.3434446441740413,0.3434446441740413
0,743,190208.0,190464.0,256.0,1.0,1,0.33203125,0.33203125,0.3359375,0.33203125,0.3434446441740413,0.3434446441740413
0,744,190464.0,190720.0,256.0,1.0,1,0.3359375,0.33203125,0.33203125,0.3359375,0.3434446441740413,0.3434446441740413
0,745,190720.0,190976.0,256.0,1.0,1,0.33203125,0.3359375,0.33203125,0.33203125,0.3434446441740413,0.3434446441740413
0,746,190976.0,191232.0,256.0,1.0,1,0.33203125,0.33203125,0.3359375,0.33203125,0.3434446441740413,0.3434446441740413
0,747,191232.0,191488.0,256.0,1.0,1,0.3359375,0.33203125,0.33203125,0.3359375,0.3434446441740413,0.3434446441740413
0,748,191488.0,191744.0,256.0,1.0,1,0.3828125,0.38671875,0.23046875,0.3828125,0.3434446441740413,0.3434446441740413
0,749,191744.0,192000.0,256.0,1.0,1,0.42578125,0.4296875,0.14453125,0.42578125,0.3434446441740413,0.3434446441740413
0,750,192000.0,192256.0,256.0,1.0,1,0.43359375,0.42578125,0.140625,0.43359375,0.3434446441740413,0.3434446441740413
0,751,192256.0,192512.0,256.0,1.0,1,0.4296875,0.4296875,0.140625,0.4296875,0.3434446441740413,0.3434446441740413
0,752,192512.0,192768.0,256.0,1.0,1,0.421875,0.4296875,0.1484375,0.421875,0.3434446441740413,0.3434446441740413
0,753,192768.0,193024.0,256.0,1.0,1,0.4296875,0.4296875,0.140625,0.4296875,0.3434446441740413,0.3434446441740413
0,754,193024.0,193280.0,256.0,1.0,1,0.4296875,0.4296875,0.140625,0.4296875,0.3434446441740413,0.3434446441740413
0,755,193280.0,193536.0,256.0,1.0,1,0.42578125,0.4296875,0.14453125,0.42578125,0.3434446441740413,0.3434446441740413
0,756,193536.0,193792.0,256.0,1.0,1,0.4296875,0.42578125,0.14453125,0.4296875,0.3434446441740413,0.3434446441740413
0,757,193792.0,194048.0,256.0,1.0,1,0.4296875,0.4296875,0.140625,0.4296875,0.3434446441740413,0.3434446441740413
0,758,194048.0,194304.0,256.0,1.0,1,0.42578125,0.4296875,0.14453125,0.42578125,0.3434446441740413,0.3434446441740413
0,759,194304.0,194560.0,256.0,1.0,1,0.43359375,0.42578125,0.140625,0.43359375,0.3434446441740413,0.3434446441740413
0,760,194560.0,194816.0,256.0,1.0,1,0.4296875,0.4296875,0.140625,0.4296875,0.3434446441740413,0.3434446441740413
0,761,194816.0,195072.0,256.0,1.0,1,0.42578125,0.42578125,0.1484375,0.42578125,0.3434446441740413,0.3434446441740413
0,762,195072.0,195328.0,256.0,1.0,1,0.42578125,0.43359375,0.140625,0.42578125,0.3434446441740413,0.3434446441740413
0,763,195328.0,195584.0,256.0,1.0,1,0.43359375,0.42578125,0.140625,0.43359375,0.3434446441740413,0.3434446441740413
0,764,195584.0,195840.0,256.0,1.0,1,0.42578125,0.4296875,0.14453125,0.42578125,0.3434446441740413,0.3434446441740413
0,765,195840.0,196096.0,256.0,1.0,1,0.42578125,0.4296875,0.14453125,0.42578125,0.3434446441740413,0.3434446441740413
0,766,196096.0,196352.0,256.0,1.0,1,0.43359375,0.42578125,0.140625,0.43359375,0.3434446441740413,0.3434446441740413
0,767,196352.0,196608.0,256.0,1.0,1,0.42578125,0.4296875,0.14453125,0.42578125,0.3434446441740413,0.3434446441740413
0,768,196608.0,196864.0,256.0,1.0,1,0.4296875,0.4296875,0.140625,0.4296875,0.3434446441740413,0.3434446441740413
0,769,196864.0,197120.0,256.0,1.0,1,0.4296875,0.42578125,0.14453125,0.4296875,0.3434446441740413,0.3434446441740413
0,770,197120.0,197376.0,256.0,1.0,1,0.42578125,0.4296875,0.14453125,0.42578125,0.3434446441740413,0.3434446441740413
0,771,197376.0,197632.0,256.0,1.0,1,0.4296875,0.4296875,0.140625,0.4296875,0.3434446441740413,0.3434446441740413
0,772,197632.0,197888.0,256.0,1.0,1,0.4296875,0.4296875,0.140625,0.4296875,0.3434446441740413,0.3434446441740413
0,773,197888.0,198144.0,256.0,1.0,1,0.4296875,0.42578125,0.14453125,0.4296875,0.3434446441740413,0.3434446441740413
0,774,198144.0,198400.0,256.0,1.0,1,0.42578125,0.4296875,0.14453125,0.42578125,0.3434446441740413,0.3434446441740413
0,775,198400.0,198656.0,256.0,1.0,1,0.43359375,0.42578125,0.140625,0.43359375,0.3434446441740413,0.3434446441740413
0,776,198656.0,198912.0,256.0,1.0,1,0.42578125,0.4296875,0.14453125,0.42578125,0.3434446441740413,0.3434446441740413
0,777,198912.0,199168.0,256.0,1.0,1,0.42578125,0.43359375,0.140625,0.42578125,0.3434446441740413,0.3434446441740413
0,778,199168.0,199424.0,256.0,1.0,1,0.4296875,0.42578125,0.14453125,0.4296875,0.3434446441740413,0.3434446441740413
0,779,199424.0,199680.0,256.0,1.0,1,0.4296875,0.42578125,0.14453125,0.4296875,0.3434446441740413,0.3434446441740413
0,780,199680.0,199936.0,256.0,1.0,1,0.42578125,0.43359375,0.140625,0.42578125,0.3434446441740413,0.3434446441740413
0,781,199936.0,200192.0,256.0,1.0,1,0.43359375,0.42578125,0.140625,0.43359375,0.3434446441740413,0.3434446441740413
0,782,200192.0,200448.0,256.0,1.0,1,0.42578125,0.4296875,0.14453125,0.42578125,0.3434446441740413,0.3434446441740413
0,783,200448.0,200704.0,256.0,1.0,1,0.42578125,0.42578125,0.1484375,0.42578125,0.3434446441740413,0.3434446441740413
0,784,200704.0,200960.0,256.0,1.0,1,0.43359375,0.42578125,0.140625,0.43359375,0.3434446441740413,0.3434446441740413
0,785,200960.0,201216.0,256.0,1.0,1,0.42578125,0.43359375,0.140625,0.42578125,0.3434446441740413,0.3434446441740413
0,786,201216.0,201472.0,256.0,1.0,1,0.4296875,0.4296875,0.140625,0.4296875,0.3434446441740413,0.3434446441740413
0,787,201472.0,201728.0,256.0,1.0,1,0.4296875,0.42578125,0.14453125,0.4296875,0.3434446441740413,0.3434446441740413
0,788,201728.0,201984.0,256.0,1.0,1,0.42578125,0.4296875,0.14453125,0.42578125,0.3434446441740413,0.3434446441740413
0,789,201984.0,202240.0,256.0,1.0,1,0.42578125,0.4296875,0.14453125,0.42578125,0.3434446441740413,0.3434446441740413
0,790,202240.0,202496.0,256.0,1.0,1,0.4375,0.42578125,0.13671875,0.4375,0.3434446441740413,0.3434446441740413
0,791,202496.0,202752.0,256.0,1.0,1,0.42578125,0.4296875,0.14453125,0.42578125,0.3434446441740413,0.3434446441740413
0,792,202752.0,203008.0,256.0,1.0,1,0.421875,0.4296875,0.1484375,0.421875,0.3434446441740413,0.3434446441740413
0,793,203008.0,203264.0,256.0,1.0,1,0.43359375,0.42578125,0.140625,0.43359375,0.3434446441740413,0.3434446441740413
0,794,203264.0,203520.0,256.0,1.0,1,0.4296875,0.4296875,0.140625,0.4296875,0.3434446441740413,0.3434446441740413
0,795,203520.0,203776.0,256.0,1.0,1,0.42578125,0.43359375,0.140625,0.42578125,0.3434446441740413,0.3434446441740413
0,796,203776.0,204032.0,256.0,1.0,1,0.4296875,0.421875,0.1484375,0.4296875,0.3434446441740413,0.3434446441740413
0,797,204032.0,204288.0,256.0,1.0,1,0.4296875,0.4296875,0.140625,0.4296875,0.3434446441740413,0.3434446441740413
0,798,204288.0,204544.0,256.0,1.0,1,0.42578125,0.4296875,0.14453125,0.42578125,0.3434446441740413,0.3434446441740413
0,799,204544.0,204800.0,256.0,1.0,1,0.43359375,0.42578125,0.140625,0.43359375,0.3434446441740413,0.3434446441740413
0,800,204800.0,205056.0,256.0,1.0,1,0.4296875,0.4296875,0.140625,0.4296875,0.3434446441740413,0.3434446441740413
0,801,205056.0,205312.0,256.0,1.0,1,0.421875,0.4296875,0.1484375,0.421875,0.3434446441740413,0.3434446441740413
0,802,205312.0,205568.0,256.0,1.0,1,0.4296875,0.4296875,0.140625,0.4296875,0.3434446441740413,0.3434446441740413
0,803,205568.0,205824.0,256.0,1.0,1,0.4296875,0.4296875,0.140625,0.4296875,0.3434446441740413,0.3434446441740413
0,804,205824.0,206080.0,256.0,1.0,1,0.42578125,0.4296875,0.14453125,0.42578125,0.3434446441740413,0.3434446441740413
0,805,206080.0,206336.0,256.0,1.0,1,0.4296875,0.42578125,0.14453125,0.4296875,0.3434446441740413,0.3434446441740413
0,806,206336.0,206592.0,256.0,1.0,1,0.4296875,0.4296875,0.140625,0.4296875,0.3434446441740413,0.3434446441740413
0,807,206592.0,206848.0,256.0,1.0,1,0.42578125,0.4296875,0.14453125,0.42578125,0.3434446441740413,0.3434446441740413
0,808,206848.0,207104.0,256.0,1.0,1,0.43359375,0.42578125,0.140625,0.43359375,0.3434446441740413,0.3434446441740413
0,809,207104.0,207360.0,256.0,1.0,1,0.4296875,0.4296875,0.140625,0.4296875,0.3434446441740413,0.3434446441740413
0,810,207360.0,207616.0,256.0,1.0,1,0.42578125,0.42578125,0.1484375,0.42578125,0.3434446441740413,0.3434446441740413
0,811,207616.0,207872.0,256.0,1.0,1,0.42578125,0.43359375,0.140625,0.42578125,0.3434446441740413,0.3434446441740413
0,812,207872.0,208128.0,256.0,1.0,1,0.43359375,0.42578125,0.140625,0.43359375,0.3434446441740413,0.3434446441740413
0,813,208128.0,208384.0,256.0,1.0,1,0.42578125,0.4296875,0.14453125,0.42578125,0.3434446441740413,0.3434446441740413
0,814,208384.0,208640.0,256.0,1.0,1,0.42578125,0.4296875,0.14453125,0.42578125,0.3434446441740413,0.3434446441740413
0,815,208640.0,208896.0,256.0,1.0,1,0.43359375,0.42578125,0.140625,0.43359375,0.3434446441740413,0.3434446441740413
0,816,208896.0,209152.0,256.0,1.0,1,0.42578125,0.4296875,0.14453125,0.42578125,0.3434446441740413,0.3434446441740413
0,817,209152.0,209408.0,256.0,1.0,1,0.4296875,0.4296875,0.140625,0.4296875,0.3434446441740413,0.3434446441740413
0,818,209408.0,209664.0,256.0,1.0,1,0.4296875,0.42578125,0.14453125,0.4296875,0.3434446441740413,0.3434446441740413
0,819,209664.0,209920.0,256.0,1.0,1,0.42578125,0.4296875,0.14453125,0.42578125,0.3434446441740413,0.3434446441740413
0,820,209920.0,210176.0,256.0,1.0,1,0.4296875,0.4296875,0.140625,0.4296875,0.3434446441740413,0.3434446441740413
0,821,210176.0,210432.0,256.0,1.0,1,0.4296875,0.4296875,0.140625,0.4296875,0.3434446441740413,0.3434446441740413
0,822,210432.0,210688.0,256.0,1.0,1,0.4296875,0.42578125,0.14453125,0.4296875,0.3434446441740413,0.3434446441740413
0,823,210688.0,210944.0,256.0,1.0,1,0.42578125,0.4296875,0.14453125,0.42578125,0.3434446441740413,0.3434446441740413
0,824,210944.0,211200.0,256.0,1.0,1,0.43359375,0.42578125,0.140625,0.43359375,0.3434446441740413,0.3434446441740413
0,825,211200.0,211456.0,256.0,1.0,1,0.42578125,0.4296875,0.14453125,0.42578125,0.3434446441740413,0.3434446441740413
0,826,211456.0,211712.0,256.0,1.0,1,0.42578125,0.43359375,0.140625,0.42578125,0.3434446441740413,0.3434446441740413
0,827,211712.0,211968.0,256.0,1.0,1,0.4296875,0.42578125,0.14453125,0.4296875,0.3434446441740413,0.3434446441740413
0,828,211968.0,212224.0,256.0,1.0,1,0.4296875,0.42578125,0.14453125,0.4296875,0.3434446441740413,0.3434446441740413
0,829,212224.0,212480.0,256.0,1.0,1,0.42578125,0.43359375,0.140625,0.42578125,0.3434446441740413,0.3434446441740413
0,830,212480.0,212736.0,256.0,1.0,1,0.43359375,0.42578125,0.140625,0.43359375,0.3434446441740413,0.3434446441740413
0,831,212736.0,212992.0,256.0,1.0,1,0.42578125,0.4296875,0.14453125,0.42578125,0.3434446441740413,0.3434446441740413
0,832,212992.0,213248.0,256.0,1.0,1,0.42578125,0.42578125,0.1484375,0.42578125,0.3434446441740413,0.3434446441740413
0,833,213248.0,213504.0,256.0,1.0,1,0.43359375,0.42578125,0.140625,0.43359375,0.3434446441740413,0.3434446441740413
0,834,213504.0,213760.0,256.0,1.0,1,0.42578125,0.43359375,0.140625,0.42578125,0.3434446441740413,0.3434446441740413
0,835,213760.0,214016.0,256.0,1.0,1,0.4296875,0.4296875,0.140625,0.4296875,0.3434446441740413,0.3434446441740413
0,836,214016.0,214272.0,256.0,1.0,1,0.4296875,0.42578125,0.14453125,0.4296875,0.3434446441740413,0.3434446441740413
0,837,214272.0,214528.0,256.0,1.0,1,0.42578125,0.4296875,0.14453125,0.42578125,0.3434446441740413,0.3434446441740413
0,838,214528.0,214784.0,256.0,1.0,1,0.42578125,0.4296875,0.14453125,0.42578125,0.3434446441740413,0.3434446441740413
0,839,214784.0,215040.0,256.0,1.0,1,0.4375,0.42578125,0.13671875,0.4375,0.3434446441740413,0.3434446441740413
0,840,215040.0,215296.0,256.0,1.0,1,0.42578125,0.4296875,0.14453125,0.42578125,0.3434446441740413,0.3434446441740413
0,841,215296.0,215552.0,256.0,1.0,1,0.421875,0.4296875,0.1484375,0.421875,0.3434446441740413,0.3434446441740413
0,842,215552.0,215808.0,256.0,1.0,1,0.43359375,0.42578125,0.140625,0.43359375,0.3434446441740413,0.3434446441740413
0,843,215808.0,216064.0,256.0,1.0,1,0.4296875,0.4296875,0.140625,0.4296875,0.3434446441740413,0.3434446441740413
0,844,216064.0,216320.0,256.0,1.0,1,0.42578125,0.43359375,0.140625,0.42578125,0.3434446441740413,0.3434446441740413
0,845,216320.0,216576.0,256.0,1.0,1,0.4296875,0.421875,0.1484375,0.4296875,0.3434446441740413,0.3434446441740413
0,846,216576.0,216832.0,256.0,1.0,1,0.4375,0.3828125,0.1796875,0.4375,0.3434446441740413,0.3434446441740413
0,847,216832.0,217088.0,256.0,1.0,1,0.3359375,0.33203125,0.33203125,0.3359375,0.3434446441740413,0.3434446441740413
0,848,217088.0,217344.0,256.0,1.0,1,0.33203125,0.3359375,0.33203125,0.33203125,0.3434446441740413,0.3434446441740413
0,849,217344.0,217600.0,256.0,1.0,1,0.33203125,0.33203125,0.3359375,0.33203125,0.3434446441740413,0.3434446441740413
0,850,217600.0,217856.0,256.0,1.0,1,0.3359375,0.33203125,0.33203125,0.3359375,0.3434446441740413,0.3434446441740413
0,851,217856.0,218112.0,256.0,1.0,1,0.33203125,0.3359375,0.33203125,0.33203125,0.3434446441740413,0.3434446441740413
0,852,218112.0,218368.0,256.0,1.0,1,0.34765625,0.3515625,0.30078125,0.34765625,0.3434446441740413,0.3434446441740413
0,853,218368.0,218624.0,256.0,1.0,1,0.4296875,0.4296875,0.140625,0.4296875,0.3434446441740413,0.3434446441740413
0,854,218624.0,218880.0,256.0,1.0,1,0.42578125,0.4296875,0.14453125,0.42578125,0.3434446441740413,0.3434446441740413
0,855,218880.0,219136.0,256.0,1.0,1,0.4296875,0.42578125,0.14453125,0.4296875,0.3434446441740413,0.3434446441740413
0,856,219136.0,219392.0,256.0,1.0,1,0.4296875,0.4296875,0.140625,0.4296875,0.3434446441740413,0.3434446441740413
0,857,219392.0,219648.0,256.0,1.0,1,0.42578125,0.4296875,0.14453125,0.42578125,0.3434446441740413,0.3434446441740413
0,858,219648.0,219904.0,256.0,1.0,1,0.43359375,0.42578125,0.140625,0.43359375,0.3434446441740413,0.3434446441740413
0,859,219904.0,220160.0,256.0,1.0,1,0.4296875,0.4296875,0.140625,0.4296875,0.3434446441740413,0.3434446441740413
0,860,220160.0,220416.0,256.0,1.0,1,0.42578125,0.42578125,0.1484375,0.42578125,0.3434446441740413,0.3434446441740413
0,861,220416.0,220672.0,256.0,1.0,1,0.42578125,0.43359375,0.140625,0.42578125,0.3434446441740413,0.3434446441740413
0,862,220672.0,220928.0,256.0,1.0,1,0.43359375,0.42578125,0.140625,0.43359375,0.3434446441740413,0.3434446441740413
0,863,220928.0,221184.0,256.0,1.0,1,0.42578125,0.4296875,0.14453125,0.42578125,0.3434446441740413,0.3434446441740413
0,864,221184.0,221440.0,256.0,1.0,1,0.42578125,0.4296875,0.14453125,0.42578125,0.3434446441740413,0.3434446441740413
0,865,221440.0,221696.0,256.0,1.0,1,0.43359375,0.42578125,0.140625,0.43359375,0.3434446441740413,0.3434446441740413
0,866,221696.0,221952.0,256.0,1.0,1,0.42578125,0.4296875,0.14453125,0.42578125,0.3434446441740413,0.3434446441740413
0,867,221952.0,222208.0,256.0,1.0,1,0.4296875,0.4296875,0.140625,0.4296875,0.3434446441740413,0.3434446441740413
0,868,222208.0,222464.0,256.0,1.0,1,0.4296875,0.42578125,0.14453125,0.4296875,0.3434446441740413,0.3434446441740413
0,869,222464.0,222720.0,256.0,1.0,1,0.42578125,0.4296875,0.14453125,0.42578125,0.3434446441740413,0.3434446441740413
0,870,222720.0,222976.0,256.0,1.0,1,0.4296875,0.4296875,0.140625,0.4296875,0.3434446441740413,0.3434446441740413
0,871,222976.0,223232.0,256.0,1.0,1,0.4296875,0.4296875,0.140625,0.4296875,0.3434446441740413,0.3434446441740413
0,872,223232.0,223488.0,256.0,1.0,1,0.4296875,0.42578125,0.14453125,0.4296875,0.3434446441740413,0.3434446441740413
0,873,223488.0,223744.0,256.0,1.0,1,0.42578125,0.4296875,0.14453125,0.42578125,0.3434446441740413,0.3434446441740413
0,874,223744.0,224000.0,256.0,1.0,1,0.43359375,0.42578125,0.140625,0.43359375,0.3434446441740413,0.3434446441740413
0,875,224000.0,224256.0,256.0,1.0,1,0.42578125,0.4296875,0.14453125,0.42578125,0.3434446441740413,0.3434446441740413
0,876,224256.0,224512.0,256.0,1.0,1,0.42578125,0.43359375,0.140625,0.42578125,0.3434446441740413,0.3434446441740413
0,877,224512.0,224768.0,256.0,1.0,1,0.4296875,0.42578125,0.14453125,0.4296875,0.3434446441740413,0.3434446441740413
0,878,224768.0,225024.0,256.0,1.0,1,0.4296875,0.42578125,0.14453125,0.4296875,0.3434446441740413,0.3434446441740413
0,879,225024.0,225280.0,256.0,1.0,1,0.42578125,0.43359375,0.140625,0.42578125,0.3434446441740413,0.3434446441740413
0,880,225280.0,225536.0,256.0,1.0,1,0.43359375,0.42578125,0.140625,0.43359375,0.3434446441740413,0.3434446441740413
0,881,225536.0,225792.0,256.0,1.0,1,0.42578125,0.4296875,0.14453125,0.42578125,0.3434446441740413,0.3434446441740413
0,882,225792.0,226048.0,256.0,1.0,1,0.42578125,0.42578125,0.1484375,0.42578125,0.3434446441740413,0.3434446441740413
0,883,226048.0,226304.0,256.0,1.0,1,0.43359375,0.42578125,0.140625,0.43359375,0.3434446441740413,0.3434446441740413
0,884,226304.0,226560.0,256.0,1.0,1,0.42578125,0.43359375,0.140625,0.42578125,0.3434446441740413,0.3434446441740413
0,885,226560.0,226816.0,256.0,1.0,1,0.4296875,0.4296875,0.140625,0.4296875,0.3434446441740413,0.3434446441740413
0,886,226816.0,227072.0,256.0,1.0,1,0.4296875,0.42578125,0.14453125,0.4296875,0.3434446441740413,0.3434446441740413
0,887,227072.0,227328.0,256.0,1.0,1,0.42578125,0.4296875,0.14453125,0.42578125,0.3434446441740413,0.3434446441740413
0,888,227328.0,227584.0,256.0,1.0,1,0.42578125,0.4296875,0.14453125,0.42578125,0.3434446441740413,0.3434446441740413
0,889,227584.0,227840.0,256.0,1.0,1,0.4375,0.42578125,0.13671875,0.4375,0.3434446441740413,0.3434446441740413
0,890,227840.0,228096.0,256.0,1.0,1,0.42578125,0.4296875,0.14453125,0.42578125,0.3434446441740413,0.3434446441740413
0,891,228096.0,228352.0,256.0,1.0,1,0.421875,0.4296875,0.1484375,0.421875,0.3434446441740413,0.3434446441740413
0,892,228352.0,228608.0,256.0,1.0,1,0.43359375,0.42578125,0.140625,0.43359375,0.3434446441740413,0.3434446441740413
0,893,228608.0,228864.0,256.0,1.0,1,0.4296875,0.4296875,0.140625,0.4296875,0.3434446441740413,0.3434446441740413
0,894,228864.0,229120.0,256.0,1.0,1,0.42578125,0.43359375,0.140625,0.42578125,0.3434446441740413,0.3434446441740413
0,895,229120.0,229376.0,256.0,1.0,1,0.4296875,0.421875,0.1484375,0.4296875,0.3434446441740413,0.3434446441740413
0,896,229376.0,229632.0,256.0,1.0,1,0.4296875,0.4296875,0.140625,0.4296875,0.3434446441740413,0.3434446441740413
0,897,229632.0,229888.0,256.0,1.0,1,0.42578125,0.4296875,0.14453125,0.42578125,0.3434446441740413,0.3434446441740413
0,898,229888.0,230144.0,256.0,1.0,1,0.43359375,0.42578125,0.140625,0.43359375,0.3434446441740413,0.3434446441740413
0,899,230144.0,230400.0,256.0,1.0,1,0.4296875,0.4296875,0.140625,0.4296875,0.3434446441740413,0.3434446441740413
0,900,230400.0,230656.0,256.0,1.0,1,0.421875,0.4296875,0.1484375,0.421875,0.3434446441740413,0.3434446441740413
0,901,230656.0,230912.0,256.0,1.0,1,0.4296875,0.4296875,0.140625,0.4296875,0.3434446441740413,0.3434446441740413
0,902,230912.0,231168.0,256.0,1.0,1,0.4296875,0.4296875,0.140625,0.4296875,0.3434446441740413,0.3434446441740413
0,903,231168.0,231424.0,256.0,1.0,1,0.42578125,0.4296875,0.14453125,0.42578125,0.3434446441740413,0.3434446441740413
0,904,231424.0,231680.0,256.0,1.0,1,0.4296875,0.42578125,0.14453125,0.4296875,0.3434446441740413,0.3434446441740413
0,905,231680.0,231936.0,256.0,1.0,1,0.4296875,0.4296875,0.140625,0.4296875,0.3434446441740413,0.3434446441740413
0,906,231936.0,232192.0,256.0,1.0,1,0.42578125,0.4296875,0.14453125,0.42578125,0.3434446441740413,0.3434446441740413
0,907,232192.0,232448.0,256.0,1.0,1,0.43359375,0.42578125,0.140625,0.43359375,0.3434446441740413,0.3434446441740413
0,908,232448.0,232704.0,256.0,1.0,1,0.4296875,0.4296875,0.140625,0.4296875,0.3434446441740413,0.3434446441740413
0,909,232704.0,232960.0,256.0,1.0,1,0.42578125,0.42578125,0.1484375,0.42578125,0.3434446441740413,0.3434446441740413
0,910,232960.0,233216.0,256.0,1.0,1,0.42578125,0.43359375,0.140625,0.42578125,0.3434446441740413,0.3434446441740413
0,911,233216.0,233472.0,256.0,1.0,1,0.43359375,0.42578125,0.140625,0.43359375,0.3434446441740413,0.3434446441740413
0,912,233472.0,233728.0,256.0,1.0,1,0.42578125,0.4296875,0.14453125,0.42578125,0.3434446441740413,0.3434446441740413
0,913,233728.0,233984.0,256.0,1.0,1,0.42578125,0.4296875,0.14453125,0.42578125,0.3434446441740413,0.3434446441740413
0,914,233984.0,234240.0,256.0,1.0,1,0.43359375,0.42578125,0.140625,0.43359375,0.3434446441740413,0.3434446441740413
0,915,234240.0,234496.0,256.0,1.0,1,0.42578125,0.4296875,0.14453125,0.42578125,0.3434446441740413,0.3434446441740413
0,916,234496.0,234752.0,256.0,1.0,1,0.4296875,0.4296875,0.140625,0.4296875,0.3434446441740413,0.3434446441740413
0,917,234752.0,235008.0,256.0,1.0,1,0.4296875,0.42578125,0.14453125,0.4296875,0.3434446441740413,0.3434446441740413
0,918,235008.0,235264.0,256.0,1.0,1,0.42578125,0.4296875,0.14453125,0.42578125,0.3434446441740413,0.3434446441740413
0,919,235264.0,235520.0,256.0,1.0,1,0.4296875,0.4296875,0.140625,0.4296875,0.3434446441740413,0.3434446441740413
0,920,235520.0,235776.0,256.0,1.0,1,0.4296875,0.4296875,0.140625,0.4296875,0.3434446441740413,0.3434446441740413
0,921,235776.0,236032.0,256.0,1.0,1,0.4296875,0.42578125,0.14453125,0.4296875,0.3434446441740413,0.3434446441740413
0,922,236032.0,236288.0,256.0,1.0,1,0.42578125,0.4296875,0.14453125,0.42578125,0.3434446441740413,0.3434446441740413
0,923,236288.0,236544.0,256.0,1.0,1,0.43359375,0.42578125,0.140625,0.43359375,0.3434446441740413,0.3434446441740413
0,924,236544.0,236800.0,256.0,1.0,1,0.42578125,0.4296875,0.14453125,0.42578125,0.3434446441740413,0.3434446441740413
0,925,236800.0,237056.0,256.0,1.0,1,0.42578125,0.43359375,0.140625,0.42578125,0.3434446441740413,0.3434446441740413
0,926,237056.0,237312.0,256.0,1.0,1,0.4296875,0.42578125,0.14453125,0.4296875,0.3434446441740413,0.3434446441740413
0,927,237312.0,237568.0,256.0,1.0,1,0.4296875,0.42578125,0.14453125,0.4296875,0.3434446441740413,0.3434446441740413
0,928,237568.0,237824.0,256.0,1.0,1,0.42578125,0.43359375,0.140625,0.42578125,0.3434446441740413,0.3434446441740413
0,929,237824.0,238080.0,256.0,1.0,1,0.43359375,0.42578125,0.140625,0.43359375,0.3434446441740413,0.3434446441740413
0,930,238080.0,238336.0,256.0,1.0,1,0.42578125,0.4296875,0.14453125,0.42578125,0.3434446441740413,0.3434446441740413
0,931,238336.0,238592.0,256.0,1.0,1,0.42578125,0.42578125,0.1484375,0.42578125,0.3434446441740413,0.3434446441740413
0,932,238592.0,238848.0,256.0,1.0,1,0.43359375,0.42578125,0.140625,0.43359375,0.3434446441740413,0.3434446441740413
0,933,238848.0,239104.0,256.0,1.0,1,0.42578125,0.43359375,0.140625,0.42578125,0.3434446441740413,0.3434446441740413
0,934,239104.0,239360.0,256.0,1.0,1,0.4296875,0.4296875,0.140625,0.4296875,0.3434446441740413,0.3434446441740413
0,935,239360.0,239616.0,256.0,1.0,1,0.4296875,0.42578125,0.14453125,0.4296875,0.3434446441740413,0.3434446441740413
0,936,239616.0,239872.0,256.0,1.0,1,0.42578125,0.4296875,0.14453125,0.42578125,0.3434446441740413,0.3434446441740413
0,937,239872.0,240128.0,256.0,1.0,1,0.42578125,0.4296875,0.14453125,0.42578125,0.3434446441740413,0.3434446441740413
0,938,240128.0,240384.0,256.0,1.0,1,0.4375,0.42578125,0.13671875,0.4375,0.3434446441740413,0.3434446441740413
0,939,240384.0,240640.0,256.0,1.0,1,0.42578125,0.4296875,0.14453125,0.42578125,0.3434446441740413,0.3434446441740413
0,940,240640.0,240896.0,256.0,1.0,1,0.421875,0.4296875,0.1484375,0.421875,0.3434446441740413,0.3434446441740413
0,941,240896.0,241152.0,256.0,1.0,1,0.43359375,0.42578125,0.140625,0.43359375,0.3434446441740413,0.3434446441740413
0,942,241152.0,241408.0,256.0,1.0,1,0.4296875,0.4296875,0.140625,0.4296875,0.3434446441740413,0.3434446441740413
0,943,241408.0,241664.0,256.0,1.0,1,0.42578125,0.43359375,0.140625,0.42578125,0.3434446441740413,0.3434446441740413
0,944,241664.0,241920.0,256.0,1.0,1,0.4296875,0.421875,0.1484375,0.4296875,0.3434446441740413,0.3434446441740413
0,945,241920.0,242176.0,256.0,1.0,1,0.4296875,0.4296875,0.140625,0.4296875,0.3434446441740413,0.3434446441740413
0,946,242176.0,242432.0,256.0,1.0,1,0.42578125,0.4296875,0.14453125,0.42578125,0.3434446441740413,0.3434446441740413
0,947,242432.0,242688.0,256.0,1.0,1,0.43359375,0.42578125,0.140625,0.43359375,0.3434446441740413,0.3434446441740413
0,948,242688.0,242944.0,256.0,1.0,1,0.4296875,0.4296875,0.140625,0.4296875,0.3434446441740413,0.3434446441740413
0,949,242944.0,243200.0,256.0,1.0,1,0.421875,0.4296875,0.1484375,0.421875,0.3434446441740413,0.3434446441740413
0,950,243200.0,243456.0,256.0,1.0,1,0.4375,0.4140625,0.1484375,0.4375,0.3434446441740413,0.3434446441740413
0,951,243456.0,243712.0,256.0,1.0,1,0.37109375,0.3359375,0.29296875,0.37109375,0.3434446441740413,0.3434446441740413
0,952,243712.0,243968.0,256.0,1.0,1,0.33203125,0.33203125,0.3359375,0.33203125,0.3434446441740413,0.3434446441740413
0,953,243968.0,244224.0,256.0,1.0,1,0.3359375,0.33203125,0.33203125,0.3359375,0.3434446441740413,0.3434446441740413
0,954,244224.0,244480.0,256.0,1.0,1,0.33203125,0.3359375,0.33203125,0.33203125,0.3434446441740413,0.3434446441740413
0,955,244480.0,244736.0,256.0,1.0,1,0.33203125,0.33203125,0.3359375,0.33203125,0.3434446441740413,0.3434446441740413
0,956,244736.0,244992.0,256.0,1.0,1,0.3359375,0.33203125,0.33203125,0.3359375,0.3434446441740413,0.3434446441740413
0,957,244992.0,245248.0,256.0,1.0,1,0.41015625,0.4140625,0.17578125,0.41015625,0.3434446441740413,0.3434446441740413
0,958,245248.0,245504.0,256.0,1.0,1,0.4296875,0.4296875,0.140625,0.4296875,0.3434446441740413,0.3434446441740413
0,959,245504.0,245760.0,256.0,1.0,1,0.42578125,0.42578125,0.1484375,0.42578125,0.3434446441740413,0.3434446441740413
0,960,245760.0,246016.0,256.0,1.0,1,0.42578125,0.43359375,0.140625,0.42578125,0.3434446441740413,0.3434446441740413
0,961,246016.0,246272.0,256.0,1.0,1,0.43359375,0.42578125,0.140625,0.43359375,0.3434446441740413,0.3434446441740413
0,962,246272.0,246528.0,256.0,1.0,1,0.42578125,0.4296875,0.14453125,0.42578125,0.3434446441740413,0.3434446441740413
0,963,246528.0,246784.0,256.0,1.0,1,0.42578125,0.4296875,0.14453125,0.42578125,0.3434446441740413,0.3434446441740413
0,964,246784.0,247040.0,256.0,1.0,1,0.43359375,0.42578125,0.140625,0.43359375,0.3434446441740413,0.3434446441740413
0,965,247040.0,247296.0,256.0,1.0,1,0.42578125,0.4296875,0.14453125,0.42578125,0.3434446441740413,0.3434446441740413
0,966,247296.0,247552.0,256.0,1.0,1,0.4296875,0.4296875,0.140625,0.4296875,0.3434446441740413,0.3434446441740413
0,967,247552.0,247808.0,256.0,1.0,1,0.4296875,0.42578125,0.14453125,0.4296875,0.3434446441740413,0.3434446441740413
0,968,247808.0,248064.0,256.0,1.0,1,0.42578125,0.4296875,0.14453125,0.42578125,0.3434446441740413,0.3434446441740413
0,969,248064.0,248320.0,256.0,1.0,1,0.4296875,0.4296875,0.140625,0.4296875,0.3434446441740413,0.3434446441740413
0,970,248320.0,248576.0,256.0,1.0,1,0.4296875,0.4296875,0.140625,0.4296875,0.3434446441740413,0.3434446441740413
0,971,248576.0,248832.0,256.0,1.0,1,0.4296875,0.42578125,0.14453125,0.4296875,0.3434446441740413,0.3434446441740413
0,972,248832.0,249088.0,256.0,1.0,1,0.42578125,0.4296875,0.14453125,0.42578125,0.3434446441740413,0.3434446441740413
0,973,249088.0,249344.0,256.0,1.0,1,0.43359375,0.42578125,0.140625,0.43359375,0.3434446441740413,0.3434446441740413
0,974,249344.0,249600.0,256.0,1.0,1,0.42578125,0.4296875,0.14453125,0.42578125,0.3434446441740413,0.3434446441740413
0,975,249600.0,249856.0,256.0,1.0,1,0.42578125,0.43359375,0.140625,0.42578125,0.3434446441740413,0.3434446441740413
0,976,249856.0,250112.0,256.0,1.0,1,0.4296875,0.42578125,0.14453125,0.4296875,0.3434446441740413,0.3434446441740413
0,977,250112.0,250368.0,256.0,1.0,1,0.4296875,0.42578125,0.14453125,0.4296875,0.3434446441740413,0.3434446441740413
0,978,250368.0,250624.0,256.0,1.0,1,0.42578125,0.43359375,0.140625,0.42578125,0.3434446441740413,0.3434446441740413
0,979,250624.0,250880.0,256.0,1.0,1,0.43359375,0.42578125,0.140625,0.43359375,0.3434446441740413,0.3434446441740413
0,980,250880.0,251136.0,256.0,1.0,1,0.42578125,0.4296875,0.14453125,0.42578125,0.3434446441740413,0.3434446441740413
0,981,251136.0,251392.0,256.0,1.0,1,0.42578125,0.42578125,0.1484375,0.42578125,0.3434446441740413,0.3434446441740413
0,982,251392.0,251648.0,256.0,1.0,1,0.43359375,0.42578125,0.140625,0.43359375,0.3434446441740413,0.3434446441740413
0,983,251648.0,251904.0,256.0,1.0,1,0.42578125,0.43359375,0.140625,0.42578125,0.3434446441740413,0.3434446441740413
0,984,251904.0,252160.0,256.0,1.0,1,0.4296875,0.4296875,0.140625,0.4296875,0.3434446441740413,0.3434446441740413
0,985,252160.0,252416.0,256.0,1.0,1,0.4296875,0.42578125,0.14453125,0.4296875,0.3434446441740413,0.3434446441740413
0,986,252416.0,252672.0,256.0,1.0,1,0.42578125,0.4296875,0.14453125,0.42578125,0.3434446441740413,0.3434446441740413
0,987,252672.0,252928.0,256.0,1.0,1,0.42578125,0.4296875,0.14453125,0.42578125,0.3434446441740413,0.3434446441740413
0,988,252928.0,253184.0,256.0,1.0,1,0.4375,0.42578125,0.13671875,0.4375,0.3434446441740413,0.3434446441740413
0,989,253184.0,253440.0,256.0,1.0,1,0.42578125,0.4296875,0.14453125,0.42578125,0.3434446441740413,0.3434446441740413
0,990,253440.0,253696.0,256.0,1.0,1,0.421875,0.4296875,0.1484375,0.421875,0.3434446441740413,0.3434446441740413
0,991,253696.0,253952.0,256.0,1.0,1,0.43359375,0.42578125,0.140625,0.43359375,0.3434446441740413,0.3434446441740413
0,992,253952.0,254208.0,256.0,1.0,1,0.4296875,0.4296875,0.140625,0.4296875,0.3434446441740413,0.3434446441740413
0,993,254208.0,254464.0,256.0,1.0,1,0.42578125,0.43359375,0.140625,0.42578125,0.3434446441740413,0.3434446441740413
0,994,254464.0,254720.0,256.0,1.0,1,0.4296875,0.421875,0.1484375,0.4296875,0.3434446441740413,0.3434446441740413
0,995,254720.0,254976.0,256.0,1.0,1,0.4296875,0.4296875,0.140625,0.4296875,0.3434446441740413,0.3434446441740413
0,996,254976.0,255232.0,256.0,1.0,1,0.42578125,0.4296875,0.14453125,0.42578125,0.3434446441740413,0.3434446441740413
0,997,255232.0,255488.0,256.0,1.0,1,0.43359375,0.42578125,0.140625,0.43359375,0.3434446441740413,0.3434446441740413
0,998,255488.0,255744.0,256.0,1.0,1,0.4296875,0.4296875,0.140625,0.4296875,0.3434446441740413,0.3434446441740413
0,999,255744.0,256000.0,256.0,1.0,1,0.421875,0.4296875,0.1484375,0.421875,0.3434446441740413,0.3434446441740413
0,1000,256000.0,256256.0,256.0,1.0,1,0.4296875,0.4296875,0.140625,0.4296875,0.3434446441740413,0.3434446441740413
0,1001,256256.0,256512.0,256.0,1.0,1,0.4296875,0.4296875,0.140625,0.4296875,0.3434446441740413,0.3434446441740413
0,1002,256512.0,256768.0,256.0,1.0,1,0.42578125,0.4296875,0.14453125,0.42578125,0.3434446441740413,0.3434446441740413
0,1003,256768.0,257024.0,256.0,1.0,1,0.4296875,0.42578125,0.14453125,0.4296875,0.3434446441740413,0.3434446441740413
0,1004,257024.0,257280.0,256.0,1.0,1,0.4296875,0.4296875,0.140625,0.4296875,0.3434446441740413,0.3434446441740413
0,1005,257280.0,257536.0,256.0,1.0,1,0.42578125,0.4296875,0.14453125,0.42578125,0.3434446441740413,0.3434446441740413
0,1006,257536.0,257792.0,256.0,1.0,1,0.43359375,0.42578125,0.140625,0.43359375,0.3434446441740413,0.3434446441740413
0,1007,257792.0,258048.0,256.0,1.0,1,0.4296875,0.4296875,0.140625,0.4296875,0.3434446441740413,0.3434446441740413
0,1008,258048.0,258304.0,256.0,1.0,1,0.42578125,0.42578125,0.1484375,0.42578125,0.3434446441740413,0.3434446441740413
0,1009,258304.0,258560.0,256.0,1.0,1,0.42578125,0.43359375,0.140625,0.42578125,0.3434446441740413,0.3434446441740413
0,1010,258560.0,258816.0,256.0,1.0,1,0.43359375,0.42578125,0.140625,0.43359375,0.3434446441740413,0.3434446441740413
0,1011,258816.0,259072.0,256.0,1.0,1,0.42578125,0.4296875,0.14453125,0.42578125,0.3434446441740413,0.3434446441740413
0,1012,259072.0,259328.0,256.0,1.0,1,0.42578125,0.4296875,0.14453125,0.42578125,0.3434446441740413,0.3434446441740413
0,1013,259328.0,259584.0,256.0,1.0,1,0.43359375,0.42578125,0.140625,0.43359375,0.3434446441740413,0.3434446441740413
0,1014,259584.0,259840.0,256.0,1.0,1,0.42578125,0.4296875,0.14453125,0.42578125,0.3434446441740413,0.3434446441740413
0,1015,259840.0,260096.0,256.0,1.0,1,0.4296875,0.4296875,0.140625,0.4296875,0.3434446441740413,0.3434446441740413
0,1016,260096.0,260352.0,256.0,1.0,1,0.4296875,0.42578125,0.14453125,0.4296875,0.3434446441740413,0.3434446441740413
0,1017,260352.0,260608.0,256.0,1.0,1,0.42578125,0.4296875,0.14453125,0.42578125,0.3434446441740413,0.3434446441740413
0,1018,260608.0,260864.0,256.0,1.0,1,0.4296875,0.4296875,0.140625,0.4296875,0.3434446441740413,0.3434446441740413
0,1019,260864.0,261120.0,256.0,1.0,1,0.4296875,0.4296875,0.140625,0.4296875,0.3434446441740413,0.3434446441740413
0,1020,261120.0,261376.0,256.0,1.0,1,0.4296875,0.42578125,0.14453125,0.4296875,0.3434446441740413,0.3434446441740413
0,1021,261376.0,261632.0,256.0,1.0,1,0.42578125,0.4296875,0.14453125,0.42578125,0.3434446441740413,0.3434446441740413
0,1022,261632.0,261888.0,256.0,1.0,1,0.43359375,0.42578125,0.140625,0.43359375,0.3434446441740413,0.3434446441740413
0,1023,261888.0,262144.0,256.0,1.0,1,0.42578125,0.4296875,0.14453125,0.42578125,0.3434446441740413,0.3434446441740413
0,1024,262144.0,262400.0,256.0,1.0,1,0.42578125,0.43359375,0.140625,0.42578125,0.3434446441740413,0.3434446441740413
0,1025,262400.0,262656.0,256.0,1.0,1,0.4296875,0.42578125,0.14453125,0.4296875,0.3434446441740413,0.3434446441740413
0,1026,262656.0,262912.0,256.0,1.0,1,0.4296875,0.42578125,0.14453125,0.4296875,0.3434446441740413,0.3434446441740413
0,1027,262912.0,263168.0,256.0,1.0,1,0.42578125,0.43359375,0.140625,0.42578125,0.3434446441740413,0.3434446441740413
0,1028,263168.0,263424.0,256.0,1.0,1,0.43359375,0.42578125,0.140625,0.43359375,0.3434446441740413,0.3434446441740413
0,1029,263424.0,263680.0,256.0,1.0,1,0.42578125,0.4296875,0.14453125,0.42578125,0.3434446441740413,0.3434446441740413
0,1030,263680.0,263936.0,256.0,1.0,1,0.42578125,0.42578125,0.1484375,0.42578125,0.3434446441740413,0.3434446441740413
0,1031,263936.0,264192.0,256.0,1.0,1,0.43359375,0.42578125,0.140625,0.43359375,0.3434446441740413,0.3434446441740413
0,1032,264192.0,264448.0,256.0,1.0,1,0.42578125,0.43359375,0.140625,0.42578125,0.3434446441740413,0.3434446441740413
0,1033,264448.0,264704.0,256.0,1.0,1,0.4296875,0.4296875,0.140625,0.4296875,0.3434446441740413,0.3434446441740413
0,1034,264704.0,264960.0,256.0,1.0,1,0.4296875,0.42578125,0.14453125,0.4296875,0.3434446441740413,0.3434446441740413
0,1035,264960.0,265216.0,256.0,1.0,1,0.42578125,0.4296875,0.14453125,0.42578125,0.3434446441740413,0.3434446441740413
0,1036,265216.0,265472.0,256.0,1.0,1,0.42578125,0.4296875,0.14453125,0.42578125,0.3434446441740413,0.3434446441740413
0,1037,265472.0,265728.0,256.0,1.0,1,0.4375,0.42578125,0.13671875,0.4375,0.3434446441740413,0.3434446441740413
0,1038,265728.0,265984.0,256.0,1.0,1,0.42578125,0.4296875,0.14453125,0.42578125,0.3434446441740413,0.3434446441740413
0,1039,265984.0,266240.0,256.0,1.0,1,0.421875,0.4296875,0.1484375,0.421875,0.3434446441740413,0.3434446441740413
0,1040,266240.0,266496.0,256.0,1.0,1,0.43359375,0.42578125,0.140625,0.43359375,0.3434446441740413,0.3434446441740413
0,1041,266496.0,266752.0,256.0,1.0,1,0.4296875,0.4296875,0.140625,0.4296875,0.3434446441740413,0.3434446441740413
0,1042,266752.0,267008.0,256.0,1.0,1,0.42578125,0.43359375,0.140625,0.42578125,0.3434446441740413,0.3434446441740413
0,1043,267008.0,267264.0,256.0,1.0,1,0.4296875,0.421875,0.1484375,0.4296875,0.3434446441740413,0.3434446441740413
0,1044,267264.0,267520.0,256.0,1.0,1,0.4296875,0.4296875,0.140625,0.4296875,0.3434446441740413,0.3434446441740413
0,1045,267520.0,267776.0,256.0,1.0,1,0.42578125,0.4296875,0.14453125,0.42578125,0.3434446441740413,0.3434446441740413
0,1046,267776.0,268032.0,256.0,1.0,1,0.43359375,0.42578125,0.140625,0.43359375,0.3434446441740413,0.3434446441740413
0,1047,268032.0,268288.0,256.0,1.0,1,0.4296875,0.4296875,0.140625,0.4296875,0.3434446441740413,0.3434446441740413
0,1048,268288.0,268544.0,256.0,1.0,1,0.421875,0.4296875,0.1484375,0.421875,0.3434446441740413,0.3434446441740413
0,1049,268544.0,268800.0,256.0,1.0,1,0.4296875,0.4296875,0.140625,0.4296875,0.3434446441740413,0.3434446441740413
0,1050,268800.0,269056.0,256.0,1.0,1,0.4296875,0.4296875,0.140625,0.4296875,0.3434446441740413,0.3434446441740413
0,1051,269056.0,269312.0,256.0,1.0,1,0.42578125,0.4296875,0.14453125,0.42578125,0.3434446441740413,0.3434446441740413
0,1052,269312.0,269568.0,256.0,1.0,1,0.4296875,0.42578125,0.14453125,0.4296875,0.3434446441740413,0.3434446441740413
0,1053,269568.0,269824.0,256.0,1.0,1,0.4296875,0.4296875,0.140625,0.4296875,0.3434446441740413,0.3434446441740413
0,1054,269824.0,270080.0,256.0,1.0,1,0.42578125,0.4296875,0.14453125,0.42578125,0.3434446441740413,0.3434446441740413
0,1055,270080.0,270336.0,256.0,1.0,1,0.38671875,0.46484375,0.1484375,0.38671875,0.3434446441740413,0.3434446441740413
0,1056,270336.0,270592.0,256.0,1.0,1,0.37890625,0.33203125,0.2890625,0.37890625,0.3434446441740413,0.3434446441740413
0,1057,270592.0,270848.0,256.0,1.0,1,0.33203125,0.33203125,0.3359375,0.33203125,0.3434446441740413,0.3434446441740413
0,1058,270848.0,271104.0,256.0,1.0,1,0.3359375,0.33203125,0.33203125,0.3359375,0.3434446441740413,0.3434446441740413
0,1059,271104.0,271360.0,256.0,1.0,1,0.33203125,0.3359375,0.33203125,0.33203125,0.3434446441740413,0.3434446441740413
0,1060,271360.0,271616.0,256.0,1.0,1,0.33203125,0.33203125,0.3359375,0.33203125,0.3434446441740413,0.3434446441740413
0,1061,271616.0,271872.0,256.0,1.0,1,0.3359375,0.33203125,0.33203125,0.3359375,0.3434446441740413,0.3434446441740413
0,1062,271872.0,272128.0,256.0,1.0,1,0.359375,0.44921875,0.19140625,0.359375,0.3434446441740413,0.3434446441740413
0,1063,272128.0,272384.0,256.0,1.0,1,0.3984375,0.40234375,0.19921875,0.3984375,0.3434446441740413,0.3434446441740413
0,1064,272384.0,272640.0,256.0,1.0,1,0.3984375,0.3984375,0.203125,0.3984375,0.3434446441740413,0.3434446441740413
0,1065,272640.0,272896.0,256.0,1.0,1,0.375,0.33984375,0.28515625,0.375,0.3434446441740413,0.3434446441740413
0,1066,272896.0,273152.0,256.0,1.0,1,0.38671875,0.34375,0.26953125,0.38671875,0.3434446441740413,0.3434446441740413
0,1067,273152.0,273408.0,256.0,1.0,1,0.40234375,0.3984375,0.19921875,0.40234375,0.3434446441740413,0.3434446441740413
0,1068,273408.0,273664.0,256.0,1.0,1,0.3828125,0.4453125,0.171875,0.3828125,0.3434446441740413,0.3434446441740413
0,1069,273664.0,273920.0,256.0,1.0,1,0.5703125,0.26171875,0.16796875,0.5703125,0.3434446441740413,0.3434446441740413
0,1070,273920.0,274176.0,256.0,1.0,1,0.56640625,0.26171875,0.171875,0.56640625,0.3434446441740413,0.3434446441740413
0,1071,274176.0,274432.0,256.0,1.0,1,0.58203125,0.25,0.16796875,0.58203125,0.3434446441740413,0.3434446441740413
0,1072,274432.0,274688.0,256.0,1.0,1,0.5703125,0.25,0.1796875,0.5703125,0.3434446441740413,0.3434446441740413
0,1073,274688.0,274944.0,256.0,1.0,1,0.3984375,0.37109375,0.23046875,0.3984375,0.3434446441740413,0.3434446441740413
0,1074,274944.0,275200.0,256.0,1.0,1,0.38671875,0.4375,0.17578125,0.38671875,0.3434446441740413,0.3434446441740413
0,1075,275200.0,275456.0,256.0,1.0,1,0.3359375,0.33203125,0.33203125,0.3359375,0.3434446441740413,0.3434446441740413
0,1076,275456.0,275712.0,256.0,1.0,1,0.33203125,0.3359375,0.33203125,0.33203125,0.3434446441740413,0.3434446441740413
0,1077,275712.0,275968.0,256.0,1.0,1,0.33203125,0.33203125,0.3359375,0.33203125,0.3434446441740413,0.3434446441740413
0,1078,275968.0,276224.0,256.0,1.0,1,0.3359375,0.33203125,0.33203125,0.3359375,0.3434446441740413,0.3434446441740413
0,1079,276224.0,276480.0,256.0,1.0,1,0.33203125,0.3359375,0.33203125,0.33203125,0.3434446441740413,0.3434446441740413
0,1080,276480.0,276736.0,256.0,1.0,1,0.328125,0.38671875,0.28515625,0.328125,0.3434446441740413,0.3434446441740413
0,1081,276736.0,276992.0,256.0,1.0,1,0.0859375,0.49609375,0.41796875,0.0859375,0.3434446441740413,0.3434446441740413
0,1082,276992.0,277248.0,256.0,1.0,1,0.0,0.5,0.5,0.0,0.3434446441740413,0.3434446441740413
0,1083,277248.0,277504.0,256.0,1.0,1,0.0,0.5,0.5,0.0,0.3434446441740413,0.3434446441740413
0,1084,277504.0,277760.0,256.0,1.0,1,0.0,0.5,0.5,0.0,0.3434446441740413,0.3434446441740413
0,1085,277760.0,278016.0,256.0,1.0,1,0.0,0.5,0.5,0.0,0.3434446441740413,0.3434446441740413
0,1086,278016.0,278272.0,256.0,1.0,1,0.0,0.5,0.5,0.0,0.3434446441740413,0.3434446441740413
0,1087,278272.0,278528.0,256.0,1.0,1,0.0,0.5,0.5,0.0,0.3434446441740413,0.3434446441740413
0,1088,278528.0,278784.0,256.0,1.0,1,0.0,0.5,0.5,0.0,0.3434446441740413,0.3434446441740413
0,1089,278784.0,279040.0,256.0,1.0,1,0.0,0.5,0.5,0.0,0.3434446441740413,0.3434446441740413
0,1090,279040.0,279296.0,256.0,1.0,1,0.0,0.5,0.5,0.0,0.3434446441740413,0.3434446441740413
0,1091,279296.0,279552.0,256.0,1.0,1,0.0,0.5,0.5,0.0,0.3434446441740413,0.3434446441740413
0,1092,279552.0,279808.0,256.0,1.0,1,0.0,0.5,0.5,0.0,0.3434446441740413,0.3434446441740413
0,1093,279808.0,280064.0,256.0,1.0,1,0.15625,0.515625,0.328125,0.15625,0.3434446441740413,0.3434446441740413
0,1094,280064.0,280320.0,256.0,1.0,1,0.3515625,0.4140625,0.234375,0.3515625,0.3434446441740413,0.3434446441740413
0,1095,280320.0,280576.0,256.0,1.0,1,0.33203125,0.3359375,0.33203125,0.33203125,0.3434446441740413,0.3434446441740413
0,1096,280576.0,280832.0,256.0,1.0,1,0.33203125,0.33203125,0.3359375,0.33203125,0.3434446441740413,0.3434446441740413
0,1097,280832.0,281088.0,256.0,1.0,1,0.3359375,0.33203125,0.33203125,0.3359375,0.3434446441740413,0.3434446441740413
0,1098,281088.0,281344.0,256.0,1.0,1,0.33203125,0.3359375,0.33203125,0.33203125,0.3434446441740413,0.3434446441740413
0,1099,281344.0,281600.0,256.0,1.0,1,0.33203125,0.33203125,0.3359375,0.33203125,0.3434446441740413,0.3434446441740413
0,1100,281600.0,281856.0,256.0,1.0,1,0.33984375,0.35546875,0.3046875,0.33984375,0.3434446441740413,0.3434446441740413
0,1101,281856.0,282112.0,256.0,1.0,1,0.109375,0.51171875,0.37890625,0.109375,0.3434446441740413,0.3434446441740413
0,1102,282112.0,282368.0,256.0,1.0,1,0.0,0.5,0.5,0.0,0.3434446441740413,0.3434446441740413
0,1103,282368.0,282624.0,256.0,1.0,1,0.0,0.5,0.5,0.0,0.3434446441740413,0.3434446441740413
0,1104,282624.0,282880.0,256.0,1.0,1,0.0,0.5,0.5,0.0,0.3434446441740413,0.3434446441740413
0,1105,282880.0,283136.0,256.0,1.0,1,0.0,0.5,0.5,0.0,0.3434446441740413,0.3434446441740413
0,1106,283136.0,283392.0,256.0,1.0,1,0.0,0.5,0.5,0.0,0.3434446441740413,0.3434446441740413
0,1107,283392.0,283648.0,256.0,1.0,1,0.0,0.5,0.5,0.0,0.3434446441740413,0.3434446441740413
0,1108,283648.0,283904.0,256.0,1.0,1,0.0,0.5,0.5,0.0,0.3434446441740413,0.3434446441740413
0,1109,283904.0,284160.0,256.0,1.0,1,0.0,0.5,0.5,0.0,0.3434446441740413,0.3434446441740413
0,1110,284160.0,284416.0,256.0,1.0,1,0.0,0.5,0.5,0.0,0.3434446441740413,0.3434446441740413
0,1111,284416.0,284672.0,256.0,1.0,1,0.0,0.5,0.5,0.0,0.3434446441740413,0.3434446441740413
0,1112,284672.0,284928.0,256.0,1.0,1,0.0,0.5,0.5,0.0,0.3434446441740413,0.3434446441740413
0,1113,284928.0,285184.0,256.0,1.0,1,0.125,0.4765625,0.3984375,0.125,0.3434446441740413,0.3434446441740413
0,1114,285184.0,285440.0,256.0,1.0,1,0.33203125,0.33203125,0.3359375,0.33203125,0.3434446441740413,0.3434446441740413
0,1115,285440.0,285696.0,256.0,1.0,1,0.3359375,0.33203125,0.33203125,0.3359375,0.3434446441740413,0.3434446441740413
0,1116,285696.0,285952.0,256.0,1.0,1,0.20703125,0.36328125,0.4296875,0.20703125,0.3434446441740413,0.3434446441740413
0,1117,285952.0,286208.0,256.0,1.0,1,0.0,0.0,1.0,0.0,0.3434446441740413,0.3434446441740413
0,1118,286208.0,286464.0,256.0,1.0,1,0.25390625,0.33984375,0.40625,0.25390625,0.3434446441740413,0.3434446441740413
0,1119,286464.0,286720.0,256.0,1.0,1,0.36328125,0.328125,0.30859375,0.36328125,0.3434446441740413,0.3434446441740413
0,1120,286720.0,286976.0,256.0,1.0,1,0.33203125,0.33203125,0.3359375,0.33203125,0.3434446441740413,0.3434446441740413
0,1121,286976.0,287232.0,256.0,1.0,1,0.3359375,0.33203125,0.33203125,0.3359375,0.3434446441740413,0.3434446441740413
0,1122,287232.0,287488.0,256.0,1.0,1,0.33203125,0.3359375,0.33203125,0.33203125,0.3434446441740413,0.3434446441740413
0,1123,287488.0,287744.0,256.0,1.0,1,0.33203125,0.33203125,0.3359375,0.33203125,0.3434446441740413,0.3434446441740413
0,1124,287744.0,288000.0,256.0,1.0,1,0.3359375,0.33203125,0.33203125,0.3359375,0.3434446441740413,0.3434446441740413
0,1125,288000.0,288256.0,256.0,1.0,1,0.19921875,0.28515625,0.515625,0.19921875,0.3434446441740413,0.3434446441740413
0,1126,288256.0,288512.0,256.0,1.0,1,0.0,0.0,1.0,0.0,0.3434446441740413,0.3434446441740413
0,1127,288512.0,288768.0,256.0,1.0,1,0.0,0.0,1.0,0.0,0.3434446441740413,0.3434446441740413
0,1128,288768.0,289024.0,256.0,1.0,1,0.0,0.0,1.0,0.0,0.3434446441740413,0.3434446441740413
0,1129,289024.0,289280.0,256.0,1.0,1,0.12890625,0.2265625,0.64453125,0.12890625,0.3434446441740413,0.3434446441740413
0,1130,289280.0,289536.0,256.0,1.0,1,0.39453125,0.34765625,0.2578125,0.39453125,0.3434446441740413,0.3434446441740413
0,1131,289536.0,289792.0,256.0,1.0,1,0.3359375,0.33203125,0.33203125,0.3359375,0.3434446441740413,0.3434446441740413
0,1132,289792.0,290048.0,256.0,1.0,1,0.33203125,0.3359375,0.33203125,0.33203125,0.3434446441740413,0.3434446441740413
0,1133,290048.0,290304.0,256.0,1.0,1,0.33203125,0.33203125,0.3359375,0.33203125,0.3434446441740413,0.3434446441740413
0,1134,290304.0,290560.0,256.0,1.0,1,0.3359375,0.33203125,0.33203125,0.3359375,0.3434446441740413,0.3434446441740413
0,1135,290560.0,290816.0,256.0,1.0,1,0.33203125,0.3359375,0.33203125,0.33203125,0.3434446441740413,0.3434446441740413
0,1136,290816.0,291072.0,256.0,1.0,1,0.29296875,0.375,0.33203125,0.29296875,0.3434446441740413,0.3434446441740413
0,1137,291072.0,291328.0,256.0,1.0,1,0.0,0.0,1.0,0.0,0.3434446441740413,0.3434446441740413
0,1138,291328.0,291584.0,256.0,1.0,1,0.0,0.0,1.0,0.0,0.3434446441740413,0.3434446441740413
0,1139,291584.0,291840.0,256.0,1.0,1,0.0,0.0,1.0,0.0,0.3434446441740413,0.3434446441740413
0,1140,291840.0,292096.0,256.0,1.0,1,0.0078125,0.1171875,0.875,0.0078125,0.3434446441740413,0.3434446441740413
0,1141,292096.0,292352.0,256.0,1.0,1,0.42578125,0.36328125,0.2109375,0.42578125,0.3434446441740413,0.3434446441740413
0,1142,292352.0,292608.0,256.0,1.0,1,0.33203125,0.3359375,0.33203125,0.33203125,0.3434446441740413,0.3434446441740413
0,1143,292608.0,292864.0,256.0,1.0,1,0.33203125,0.33203125,0.3359375,0.33203125,0.3434446441740413,0.3434446441740413
0,1144,292864.0,293120.0,256.0,1.0,1,0.3359375,0.33203125,0.33203125,0.3359375,0.3434446441740413,0.3434446441740413
0,1145,293120.0,293376.0,256.0,1.0,1,0.33203125,0.3359375,0.33203125,0.33203125,0.3434446441740413,0.3434446441740413
0,1146,293376.0,293632.0,256.0,1.0,1,0.33203125,0.33203125,0.3359375,0.33203125,0.3434446441740413,0.3434446441740413
0,1147,293632.0,293888.0,256.0,1.0,1,0.3828125,0.34375,0.2734375,0.3828125,0.3434446441740413,0.3434446441740413
0,1148,293888.0,294144.0,256.0,1.0,1,0.00390625,0.125,0.87109375,0.00390625,0.3434446441740413,0.3434446441740413
0,1149,294144.0,294400.0,256.0,1.0,1,0.0,0.0,1.0,0.0,0.3434446441740413,0.3434446441740413
0,1150,294400.0,294656.0,256.0,1.0,1,0.0,0.0,1.0,0.0,0.3434446441740413,0.3434446441740413
0,1151,294656.0,294912.0,256.0,1.0,1,0.0,0.0,1.0,0.0,0.3434446441740413,0.3434446441740413
0,1152,294912.0,295168.0,256.0,1.0,1,0.33984375,0.390625,0.26953125,0.33984375,0.3434446441740413,0.3434446441740413
0,1153,295168.0,295424.0,256.0,1.0,1,0.33203125,0.33203125,0.3359375,0.33203125,0.3434446441740413,0.3434446441740413
0,1154,295424.0,295680.0,256.0,1.0,1,0.3359375,0.33203125,0.33203125,0.3359375,0.3434446441740413,0.3434446441740413
0,1155,295680.0,295936.0,256.0,1.0,1,0.33203125,0.3359375,0.33203125,0.33203125,0.3434446441740413,0.3434446441740413
0,1156,295936.0,296192.0,256.0,1.0,1,0.33203125,0.33203125,0.3359375,0.33203125,0.3434446441740413,0.3434446441740413
0,1157,296192.0,296448.0,256.0,1.0,1,0.3359375,0.33203125,0.33203125,0.3359375,0.3434446441740413,0.3434446441740413
0,1158,296448.0,296704.0,256.0,1.0,1,0.3359375,0.34765625,0.31640625,0.3359375,0.3434446441740413,0.3434446441740413
0,1159,296704.0,296960.0,256.0,1.0,1,0.140625,0.21484375,0.64453125,0.140625,0.3434446441740413,0.3434446441740413
0,1160,296960.0,297216.0,256.0,1.0,1,0.0,0.0,1.0,0.0,0.3434446441740413,0.3434446441740413
0,1161,297216.0,297472.0,256.0,1.0,1,0.0,0.0,1.0,0.0,0.3434446441740413,0.3434446441740413
0,1162,297472.0,297728.0,256.0,1.0,1,0.0,0.0,1.0,0.0,0.3434446441740413,0.3434446441740413
0,1163,297728.0,297984.0,256.0,1.0,1,0.203125,0.296875,0.5,0.203125,0.3434446441740413,0.3434446441740413
0,1164,297984.0,298240.0,256.0,1.0,1,0.37890625,0.33203125,0.2890625,0.37890625,0.3434446441740413,0.3434446441740413
0,1165,298240.0,298496.0,256.0,1.0,1,0.33203125,0.3359375,0.33203125,0.33203125,0.3434446441740413,0.3434446441740413
0,1166,298496.0,298752.0,256.0,1.0,1,0.33203125,0.33203125,0.3359375,0.33203125,0.3434446441740413,0.3434446441740413
0,1167,298752.0,299008.0,256.0,1.0,1,0.3359375,0.33203125,0.33203125,0.3359375,0.3434446441740413,0.3434446441740413
0,1168,299008.0,299264.0,256.0,1.0,1,0.33203125,0.3359375,0.33203125,0.33203125,0.3434446441740413,0.3434446441740413
0,1169,299264.0,299520.0,256.0,1.0,1,0.33203125,0.33203125,0.3359375,0.33203125,0.3434446441740413,0.3434446441740413
0,1170,299520.0,299776.0,256.0,1.0,1,0.23828125,0.3203125,0.44140625,0.23828125,0.3434446441740413,0.3434446441740413
0,1171,299776.0,300032.0,256.0,1.0,1,0.0,0.0,1.0,0.0,0.3434446441740413,0.3434446441740413
0,1172,300032.0,300288.0,256.0,1.0,1,0.0,0.0,1.0,0.0,0.3434446441740413,0.3434446441740413
0,1173,300288.0,300544.0,256.0,1.0,1,0.0,0.0,1.0,0.0,0.3434446441740413,0.3434446441740413
0,1174,300544.0,300800.0,256.0,1.0,1,0.0625,0.1875,0.75,0.0625,0.3434446441740413,0.3434446441740413
0,1175,300800.0,301056.0,256.0,1.0,1,0.42578125,0.3515625,0.22265625,0.42578125,0.3434446441740413,0.3434446441740413
0,1176,301056.0,301312.0,256.0,1.0,1,0.33203125,0.33203125,0.3359375,0.33203125,0.3434446441740413,0.3434446441740413
0,1177,301312.0,301568.0,256.0,1.0,1,0.3359375,0.33203125,0.33203125,0.3359375,0.3434446441740413,0.3434446441740413
0,1178,301568.0,301824.0,256.0,1.0,1,0.33203125,0.3359375,0.33203125,0.33203125,0.3434446441740413,0.3434446441740413
0,1179,301824.0,302080.0,256.0,1.0,1,0.33203125,0.33203125,0.3359375,0.33203125,0.3434446441740413,0.3434446441740413
0,1180,302080.0,302336.0,256.0,1.0,1,0.3359375,0.33203125,0.33203125,0.3359375,0.3434446441740413,0.3434446441740413
0,1181,302336.0,302592.0,256.0,1.0,1,0.328125,0.4140625,0.2578125,0.328125,0.3434446441740413,0.3434446441740413
0,1182,302592.0,302848.0,256.0,1.0,1,0.0,0.0,1.0,0.0,0.3434446441740413,0.3434446441740413
0,1183,302848.0,303104.0,256.0,1.0,1,0.0,0.0,1.0,0.0,0.3434446441740413,0.3434446441740413
0,1184,303104.0,303360.0,256.0,1.0,1,0.0,0.0,1.0,0.0,0.3434446441740413,0.3434446441740413
0,1185,303360.0,303616.0,256.0,1.0,1,0.0078125,0.015625,0.9765625,0.0078125,0.3434446441740413,0.3434446441740413
0,1186,303616.0,303872.0,256.0,1.0,1,0.38671875,0.4296875,0.18359375,0.38671875,0.3434446441740413,0.3434446441740413
0,1187,303872.0,304128.0,256.0,1.0,1,0.3359375,0.33203125,0.33203125,0.3359375,0.3434446441740413,0.3434446441740413
0,1188,304128.0,304384.0,256.0,1.0,1,0.33203125,0.3359375,0.33203125,0.33203125,0.3434446441740413,0.3434446441740413
0,1189,304384.0,304640.0,256.0,1.0,1,0.33203125,0.33203125,0.3359375,0.33203125,0.3434446441740413,0.3434446441740413
0,1190,304640.0,304896.0,256.0,1.0,1,0.3359375,0.33203125,0.33203125,0.3359375,0.3434446441740413,0.3434446441740413
0,1191,304896.0,305152.0,256.0,1.0,1,0.33203125,0.3359375,0.33203125,0.33203125,0.3434446441740413,0.3434446441740413
0,1192,305152.0,305408.0,256.0,1.0,1,0.359375,0.33984375,0.30078125,0.359375,0.3434446441740413,0.3434446441740413
0,1193,305408.0,305664.0,256.0,1.0,1,0.0625,0.1640625,0.7734375,0.0625,0.3434446441740413,0.3434446441740413
0,1194,305664.0,305920.0,256.0,1.0,1,0.0,0.0,1.0,0.0,0.3434446441740413,0.3434446441740413
0,1195,305920.0,306176.0,256.0,1.0,1,0.0,0.0,1.0,0.0,0.3434446441740413,0.3434446441740413
0,1196,306176.0,306432.0,256.0,1.0,1,0.0,0.0,1.0,0.0,0.3434446441740413,0.3434446441740413
0,1197,306432.0,306688.0,256.0,1.0,1,0.27734375,0.37109375,0.3515625,0.27734375,0.3434446441740413,0.3434446441740413
0,1198,306688.0,306944.0,256.0,1.0,1,0.359375,0.31640625,0.32421875,0.359375,0.3434446441740413,0.3434446441740413
0,1199,306944.0,307200.0,256.0,1.0,1,0.33203125,0.33203125,0.3359375,0.33203125,0.3434446441740413,0.3434446441740413
0,1200,307200.0,307456.0,256.0,1.0,1,0.3359375,0.33203125,0.33203125,0.3359375,0.3434446441740413,0.3434446441740413
0,1201,307456.0,307712.0,256.0,1.0,1,0.33203125,0.3359375,0.33203125,0.33203125,0.3434446441740413,0.3434446441740413
0,1202,307712.0,307968.0,256.0,1.0,1,0.33203125,0.33203125,0.3359375,0.33203125,0.3434446441740413,0.3434446441740413
0,1203,307968.0,308224.0,256.0,1.0,1,0.3359375,0.33203125,0.33203125,0.3359375,0.3434446441740413,0.3434446441740413
0,1204,308224.0,308480.0,256.0,1.0,1,0.1796875,0.265625,0.5546875,0.1796875,0.3434446441740413,0.3434446441740413
0,1205,308480.0,308736.0,256.0,1.0,1,0.0,0.0,1.0,0.0,0.3434446441740413,0.3434446441740413
0,1206,308736.0,308992.0,256.0,1.0,1,0.0,0.0,1.0,0.0,0.3434446441740413,0.3434446441740413
0,1207,308992.0,309248.0,256.0,1.0,1,0.0,0.0,1.0,0.0,0.3434446441740413,0.3434446441740413
0,1208,309248.0,309504.0,256.0,1.0,1,0.1640625,0.24609375,0.58984375,0.1640625,0.3434446441740413,0.3434446441740413
0,1209,309504.0,309760.0,256.0,1.0,1,0.37890625,0.34765625,0.2734375,0.37890625,0.3434446441740413,0.3434446441740413
0,1210,309760.0,310016.0,256.0,1.0,1,0.3359375,0.33203125,0.33203125,0.3359375,0.3434446441740413,0.3434446441740413
0,1211,310016.0,310272.0,256.0,1.0,1,0.33203125,0.3359375,0.33203125,0.33203125,0.3434446441740413,0.3434446441740413
0,1212,310272.0,310528.0,256.0,1.0,1,0.33203125,0.33203125,0.3359375,0.33203125,0.3434446441740413,0.3434446441740413
0,1213,310528.0,310784.0,256.0,1.0,1,0.3359375,0.33203125,0.33203125,0.3359375,0.3434446441740413,0.3434446441740413
0,1214,310784.0,311040.0,256.0,1.0,1,0.33203125,0.3359375,0.33203125,0.33203125,0.3434446441740413,0.3434446441740413
0,1215,311040.0,311296.0,256.0,1.0,1,0.2734375,0.35546875,0.37109375,0.2734375,0.3434446441740413,0.3434446441740413
0,1216,311296.0,311552.0,256.0,1.0,1,0.0,0.0,1.0,0.0,0.3434446441740413,0.3434446441740413
0,1217,311552.0,311808.0,256.0,1.0,1,0.0,0.0,1.0,0.0,0.3434446441740413,0.3434446441740413
0,1218,311808.0,312064.0,256.0,1.0,1,0.0,0.0,1.0,0.0,0.3434446441740413,0.3434446441740413
0,1219,312064.0,312320.0,256.0,1.0,1,0.015625,0.1484375,0.8359375,0.015625,0.3434446441740413,0.3434446441740413
0,1220,312320.0,312576.0,256.0,1.0,1,0.4375,0.3515625,0.2109375,0.4375,0.3434446441740413,0.3434446441740413
0,1221,312576.0,312832.0,256.0,1.0,1,0.33203125,0.3359375,0.33203125,0.33203125,0.3434446441740413,0.3434446441740413
0,1222,312832.0,313088.0,256.0,1.0,1,0.33203125,0.33203125,0.3359375,0.33203125,0.3434446441740413,0.3434446441740413
0,1223,313088.0,313344.0,256.0,1.0,1,0.3359375,0.33203125,0.33203125,0.3359375,0.3434446441740413,0.3434446441740413
0,1224,313344.0,313600.0,256.0,1.0,1,0.33203125,0.3359375,0.33203125,0.33203125,0.3434446441740413,0.3434446441740413
0,1225,313600.0,313856.0,256.0,1.0,1,0.33203125,0.33203125,0.3359375,0.33203125,0.3434446441740413,0.3434446441740413
0,1226,313856.0,314112.0,256.0,1.0,1,0.375,0.3671875,0.2578125,0.375,0.3434446441740413,0.3434446441740413
0,1227,314112.0,314368.0,256.0,1.0,1,0.0,0.09765625,0.90234375,0.0,0.3434446441740413,0.3434446441740413
0,1228,314368.0,314624.0,256.0,1.0,1,0.0,0.0,1.0,0.0,0.3434446441740413,0.3434446441740413
0,1229,314624.0,314880.0,256.0,1.0,1,0.0,0.0,1.0,0.0,0.3434446441740413,0.3434446441740413
0,1230,314880.0,315136.0,256.0,1.0,1,0.0,0.0,1.0,0.0,0.3434446441740413,0.3434446441740413
0,1231,315136.0,315392.0,256.0,1.0,1,0.33984375,0.38671875,0.2734375,0.33984375,0.3434446441740413,0.3434446441740413
0,1232,315392.0,315648.0,256.0,1.0,1,0.33203125,0.3359375,0.33203125,0.33203125,0.3434446441740413,0.3434446441740413
0,1233,315648.0,315904.0,256.0,1.0,1,0.33203125,0.33203125,0.3359375,0.33203125,0.3434446441740413,0.3434446441740413
0,1234,315904.0,316160.0,256.0,1.0,1,0.3359375,0.33203125,0.33203125,0.3359375,0.3434446441740413,0.3434446441740413
0,1235,316160.0,316416.0,256.0,1.0,1,0.33203125,0.3359375,0.33203125,0.33203125,0.3434446441740413,0.3434446441740413
0,1236,316416.0,316672.0,256.0,1.0,1,0.33203125,0.33203125,0.3359375,0.33203125,0.3434446441740413,0.3434446441740413
0,1237,316672.0,316928.0,256.0,1.0,1,0.3359375,0.34765625,0.31640625,0.3359375,0.3434446441740413,0.3434446441740413
0,1238,316928.0,317184.0,256.0,1.0,1,0.125,0.515625,0.359375,0.125,0.3434446441740413,0.3434446441740413
0,1239,317184.0,317440.0,256.0,1.0,1,0.0,0.5,0.5,0.0,0.3434446441740413,0.3434446441740413
0,1240,317440.0,317696.0,256.0,1.0,1,0.0,0.5,0.5,0.0,0.3434446441740413,0.3434446441740413
0,1241,317696.0,317952.0,256.0,1.0,1,0.0,0.5,0.5,0.0,0.3434446441740413,0.3434446441740413
0,1242,317952.0,318208.0,256.0,1.0,1,0.0,0.5,0.5,0.0,0.3434446441740413,0.3434446441740413
0,1243,318208.0,318464.0,256.0,1.0,1,0.0,0.5,0.5,0.0,0.3434446441740413,0.3434446441740413
0,1244,318464.0,318720.0,256.0,1.0,1,0.0,0.5,0.5,0.0,0.3434446441740413,0.3434446441740413
0,1245,318720.0,318976.0,256.0,1.0,1,0.0,0.5,0.5,0.0,0.3434446441740413,0.3434446441740413
0,1246,318976.0,319232.0,256.0,1.0,1,0.0,0.5,0.5,0.0,0.3434446441740413,0.3434446441740413
0,1247,319232.0,319488.0,256.0,1.0,1,0.0,0.5,0.5,0.0,0.3434446441740413,0.3434446441740413
0,1248,319488.0,319744.0,256.0,1.0,1,0.0,0.5,0.5,0.0,0.3434446441740413,0.3434446441740413
0,1249,319744.0,320000.0,256.0,1.0,1,0.0,0.5,0.5,0.0,0.3434446441740413,0.3434446441740413
0,1250,320000.0,320256.0,256.0,1.0,1,0.09765625,0.48828125,0.4140625,0.09765625,0.3434446441740413,0.3434446441740413
0,1251,320256.0,320512.0,256.0,1.0,1,0.33203125,0.33203125,0.3359375,0.33203125,0.3434446441740413,0.3434446441740413
0,1252,320512.0,320768.0,256.0,1.0,1,0.3359375,0.33203125,0.33203125,0.3359375,0.3434446441740413,0.3434446441740413
0,1253,320768.0,321024.0,256.0,1.0,1,0.33203125,0.3359375,0.33203125,0.33203125,0.3434446441740413,0.3434446441740413
0,1254,321024.0,321280.0,256.0,1.0,1,0.33203125,0.33203125,0.3359375,0.33203125,0.3434446441740413,0.3434446441740413
0,1255,321280.0,321536.0,256.0,1.0,1,0.3359375,0.33203125,0.33203125,0.3359375,0.3434446441740413,0.3434446441740413
0,1256,321536.0,321792.0,256.0,1.0,1,0.33203125,0.3359375,0.33203125,0.33203125,0.3434446441740413,0.3434446441740413
0,1257,321792.0,322048.0,256.0,1.0,1,0.33203125,0.33203125,0.3359375,0.33203125,0.3434446441740413,0.3434446441740413
0,1258,322048.0,322304.0,256.0,1.0,1,0.3359375,0.33203125,0.33203125,0.3359375,0.3434446441740413,0.3434446441740413
0,1259,322304.0,322560.0,256.0,1.0,1,0.33203125,0.3359375,0.33203125,0.33203125,0.3434446441740413,0.3434446441740413
0,1260,322560.0,322816.0,256.0,1.0,1,0.33203125,0.33203125,0.3359375,0.33203125,0.3434446441740413,0.3434446441740413
0,1261,322816.0,323072.0,256.0,1.0,1,0.3359375,0.33203125,0.33203125,0.3359375,0.3434446441740413,0.3434446441740413
0,1262,323072.0,323328.0,256.0,1.0,1,0.33203125,0.3359375,0.33203125,0.33203125,0.3434446441740413,0.3434446441740413
0,1263,323328.0,323584.0,256.0,1.0,1,0.33203125,0.33203125,0.3359375,0.33203125,0.3434446441740413,0.3434446441740413
0,1264,323584.0,323840.0,256.0,1.0,1,0.3359375,0.33203125,0.33203125,0.3359375,0.3434446441740413,0.3434446441740413
0,1265,323840.0,324096.0,256.0,1.0,1,0.33203125,0.3359375,0.33203125,0.33203125,0.3434446441740413,0.3434446441740413
0,1266,324096.0,324352.0,256.0,1.0,1,0.33203125,0.33203125,0.3359375,0.33203125,0.3434446441740413,0.3434446441740413
0,1267,324352.0,324608.0,256.0,1.0,1,0.3359375,0.33203125,0.33203125,0.3359375,0.3434446441740413,0.3434446441740413
0,1268,324608.0,324864.0,256.0,1.0,1,0.33203125,0.3359375,0.33203125,0.33203125,0.3434446441740413,0.3434446441740413
0,1269,324864.0,325120.0,256.0,1.0,1,0.33203125,0.33203125,0.3359375,0.33203125,0.3434446441740413,0.3434446441740413
0,1270,325120.0,325376.0,256.0,1.0,1,0.3359375,0.33203125,0.33203125,0.3359375,0.3434446441740413,0.3434446441740413
0,1271,325376.0,325632.0,256.0,1.0,1,0.3125,0.421875,0.265625,0.3125,0.3434446441740413,0.3434446441740413
0,1272,325632.0,325888.0,256.0,1.0,1,0.00390625,0.5,0.49609375,0.00390625,0.3434446441740413,0.3434446441740413
0,1273,325888.0,326144.0,256.0,1.0,1,0.0,0.5,0.5,0.0,0.3434446441740413,0.3434446441740413
0,1274,326144.0,326400.0,256.0,1.0,1,0.0,0.5,0.5,0.0,0.3434446441740413,0.3434446441740413
0,1275,326400.0,326656.0,256.0,1.0,1,0.0,0.5,0.5,0.0,0.3434446441740413,0.3434446441740413
0,1276,326656.0,326912.0,256.0,1.0,1,0.0,0.5,0.5,0.0,0.3434446441740413,0.3434446441740413
0,1277,326912.0,327168.0,256.0,1.0,1,0.0,0.5,0.5,0.0,0.3434446441740413,0.3434446441740413
0,1278,327168.0,327424.0,256.0,1.0,1,0.0,0.5,0.5,0.0,0.3434446441740413,0.3434446441740413
0,1279,327424.0,327680.0,256.0,1.0,1,0.0,0.5,0.5,0.0,0.3434446441740413,0.3434446441740413
0,1280,327680.0,327936.0,256.0,1.0,1,0.0,0.5,0.5,0.0,0.3434446441740413,0.3434446441740413
0,1281,327936.0,328192.0,256.0,1.0,1,0.0,0.5,0.5,0.0,0.3434446441740413,0.3434446441740413
0,1282,328192.0,328448.0,256.0,1.0,1,0.0,0.5,0.5,0.0,0.3434446441740413,0.3434446441740413
0,1283,328448.0,328704.0,256.0,1.0,1,0.0,0.5,0.5,0.0,0.3434446441740413,0.3434446441740413
0,1284,328704.0,328960.0,256.0,1.0,1,0.0,0.5,0.5,0.0,0.3434446441740413,0.3434446441740413
0,1285,328960.0,329216.0,256.0,1.0,1,0.0,0.5,0.5,0.0,0.3434446441740413,0.3434446441740413
0,1286,329216.0,329472.0,256.0,1.0,1,0.0,0.5,0.5,0.0,0.3434446441740413,0.3434446441740413
0,1287,329472.0,329728.0,256.0,1.0,1,0.0,0.5,0.5,0.0,0.3434446441740413,0.3434446441740413
0,1288,329728.0,329984.0,256.0,1.0,1,0.0,0.5,0.5,0.0,0.3434446441740413,0.3434446441740413
0,1289,329984.0,330240.0,256.0,1.0,1,0.10546875,0.484375,0.41015625,0.10546875,0.3434446441740413,0.3434446441740413
0,1290,330240.0,330496.0,256.0,1.0,1,0.17578125,0.4375,0.38671875,0.17578125,0.3434446441740413,0.3434446441740413
0,1291,330496.0,330752.0,256.0,1.0,1,0.2578125,0.55859375,0.18359375,0.2578125,0.3434446441740413,0.3434446441740413
0,1292,330752.0,331008.0,256.0,1.0,1,0.26171875,0.5546875,0.18359375,0.26171875,0.3434446441740413,0.3434446441740413
0,1293,331008.0,331264.0,256.0,1.0,1,0.2578125,0.5546875,0.1875,0.2578125,0.3434446441740413,0.3434446441740413
0,1294,331264.0,331520.0,256.0,1.0,1,0.26171875,0.5546875,0.18359375,0.26171875,0.3434446441740413,0.3434446441740413
0,1295,331520.0,331776.0,256.0,1.0,1,0.2578125,0.5546875,0.1875,0.2578125,0.3434446441740413,0.3434446441740413
0,1296,331776.0,332032.0,256.0,1.0,1,0.2578125,0.55859375,0.18359375,0.2578125,0.3434446441740413,0.3434446441740413
0,1297,332032.0,332288.0,256.0,1.0,1,0.26171875,0.55078125,0.1875,0.26171875,0.3434446441740413,0.3434446441740413
0,1298,332288.0,332544.0,256.0,1.0,1,0.2578125,0.55859375,0.18359375,0.2578125,0.3434446441740413,0.3434446441740413
0,1299,332544.0,332800.0,256.0,1.0,1,0.26171875,0.55078125,0.1875,0.26171875,0.3434446441740413,0.3434446441740413
0,1300,332800.0,333056.0,256.0,1.0,1,0.2578125,0.55859375,0.18359375,0.2578125,0.3434446441740413,0.3434446441740413
0,1301,333056.0,333312.0,256.0,1.0,1,0.26171875,0.5546875,0.18359375,0.26171875,0.3434446441740413,0.3434446441740413
0,1302,333312.0,333568.0,256.0,1.0,1,0.2578125,0.55859375,0.18359375,0.2578125,0.3434446441740413,0.3434446441740413
0,1303,333568.0,333824.0,256.0,1.0,1,0.2578125,0.5546875,0.1875,0.2578125,0.3434446441740413,0.3434446441740413
0,1304,333824.0,334080.0,256.0,1.0,1,0.47265625,0.46875,0.05859375,0.47265625,0.3434446441740413,0.3434446441740413
0,1305,334080.0,334336.0,256.0,1.0,1,0.47265625,0.4765625,0.05078125,0.47265625,0.3434446441740413,0.3434446441740413
0,1306,334336.0,334592.0,256.0,1.0,1,0.4765625,0.46875,0.0546875,0.4765625,0.3434446441740413,0.3434446441740413
0,1307,334592.0,334848.0,256.0,1.0,1,0.47265625,0.4765625,0.05078125,0.47265625,0.3434446441740413,0.3434446441740413
0,1308,334848.0,335104.0,256.0,1.0,1,0.47265625,0.47265625,0.0546875,0.47265625,0.3434446441740413,0.3434446441740413
0,1309,335104.0,335360.0,256.0,1.0,1,0.4765625,0.47265625,0.05078125,0.4765625,0.3434446441740413,0.3434446441740413
0,1310,335360.0,335616.0,256.0,1.0,1,0.46875,0.4765625,0.0546875,0.46875,0.3434446441740413,0.3434446441740413
0,1311,335616.0,335872.0,256.0,1.0,1,0.4765625,0.47265625,0.05078125,0.4765625,0.3434446441740413,0.3434446441740413
0,1312,335872.0,336128.0,256.0,1.0,1,0.46875,0.4765625,0.0546875,0.46875,0.3434446441740413,0.3434446441740413
0,1313,336128.0,336384.0,256.0,1.0,1,0.48046875,0.46875,0.05078125,0.48046875,0.3434446441740413,0.3434446441740413
0,1314,336384.0,336640.0,256.0,1.0,1,0.46875,0.4765625,0.0546875,0.46875,0.3434446441740413,0.3434446441740413
0,1315,336640.0,336896.0,256.0,1.0,1,0.48046875,0.46875,0.05078125,0.48046875,0.3434446441740413,0.3434446441740413
0,1316,336896.0,337152.0,256.0,1.0,1,0.46875,0.48046875,0.05078125,0.46875,0.3434446441740413,0.3434446441740413
0,1317,337152.0,337408.0,256.0,1.0,1,0.4765625,0.46875,0.0546875,0.4765625,0.3434446441740413,0.3434446441740413
0,1318,337408.0,337664.0,256.0,1.0,1,0.46875,0.48046875,0.05078125,0.46875,0.3434446441740413,0.3434446441740413
0,1319,337664.0,337920.0,256.0,1.0,1,0.4765625,0.46875,0.0546875,0.4765625,0.3434446441740413,0.3434446441740413
0,1320,337920.0,338176.0,256.0,1.0,1,0.47265625,0.4765625,0.05078125,0.47265625,0.3434446441740413,0.3434446441740413
0,1321,338176.0,338432.0,256.0,1.0,1,0.4765625,0.46875,0.0546875,0.4765625,0.3434446441740413,0.3434446441740413
0,1322,338432.0,338688.0,256.0,1.0,1,0.47265625,0.4765625,0.05078125,0.47265625,0.3434446441740413,0.3434446441740413
0,1323,338688.0,338944.0,256.0,1.0,1,0.1484375,0.56640625,0.28515625,0.1484375,0.3434446441740413,0.3434446441740413
0,1324,338944.0,339200.0,256.0,1.0,1,0.1328125,0.48046875,0.38671875,0.1328125,0.3434446441740413,0.3434446441740413
0,1325,339200.0,339456.0,256.0,1.0,1,0.0,0.0,1.0,0.0,0.3434446441740413,0.3434446441740413
0,1326,339456.0,339712.0,256.0,1.0,1,0.0,0.0,1.0,0.0,0.3434446441740413,0.3434446441740413
0,1327,339712.0,339968.0,256.0,1.0,1,0.0,0.0,1.0,0.0,0.3434446441740413,0.3434446441740413
0,1328,339968.0,340224.0,256.0,1.0,1,0.0,0.0,1.0,0.0,0.3434446441740413,0.3434446441740413
0,1329,340224.0,340480.0,256.0,1.0,1,0.0,0.0,1.0,0.0,0.3434446441740413,0.3434446441740413
0,1330,340480.0,340736.0,256.0,1.0,1,0.0,0.0,1.0,0.0,0.3434446441740413,0.3434446441740413
0,1331,340736.0,340992.0,256.0,1.0,1,0.0,0.0,1.0,0.0,0.3434446441740413,0.3434446441740413
0,1332,340992.0,341248.0,256.0,1.0,1,0.0,0.0,1.0,0.0,0.3434446441740413,0.3434446441740413
0,1333,341248.0,341504.0,256.0,1.0,1,0.0,0.0,1.0,0.0,0.3434446441740413,0.3434446441740413
0,1334,341504.0,341760.0,256.0,1.0,1,0.0,0.0,1.0,0.0,0.3434446441740413,0.3434446441740413
0,1335,341760.0,342016.0,256.0,1.0,1,0.0078125,0.0078125,0.984375,0.0078125,0.3434446441740413,0.3434446441740413
0,1336,342016.0,342272.0,256.0,1.0,1,0.0,0.0,1.0,0.0,0.3434446441740413,0.3434446441740413
0,1337,342272.0,342528.0,256.0,1.0,1,0.0,0.0,1.0,0.0,0.3434446441740413,0.3434446441740413
0,1338,342528.0,342784.0,256.0,1.0,1,0.0,0.0,1.0,0.0,0.3434446441740413,0.3434446441740413
0,1339,342784.0,343040.0,256.0,1.0,1,0.0,0.0,1.0,0.0,0.3434446441740413,0.3434446441740413
0,1340,343040.0,343296.0,256.0,1.0,1,0.0,0.0,1.0,0.0,0.3434446441740413,0.3434446441740413
0,1341,343296.0,343552.0,256.0,1.0,1,0.0,0.0,1.0,0.0,0.3434446441740413,0.3434446441740413
0,1342,343552.0,343808.0,256.0,1.0,1,0.0,0.0,1.0,0.0,0.3434446441740413,0.3434446441740413
0,1343,343808.0,344064.0,256.0,1.0,1,0.0,0.0,1.0,0.0,0.3434446441740413,0.3434446441740413
0,1344,344064.0,344320.0,256.0,1.0,1,0.0,0.0,1.0,0.0,0.3434446441740413,0.3434446441740413
0,1345,344320.0,344576.0,256.0,1.0,1,0.0,0.0,1.0,0.0,0.3434446441740413,0.3434446441740413
0,1346,344576.0,344832.0,256.0,1.0,1,0.0,0.0,1.0,0.0,0.3434446441740413,0.3434446441740413
0,1347,344832.0,345088.0,256.0,1.0,1,0.0,0.0,1.0,0.0,0.3434446441740413,0.3434446441740413
0,1348,345088.0,345344.0,256.0,1.0,1,0.0,0.0,1.0,0.0,0.3434446441740413,0.3434446441740413
0,1349,345344.0,345600.0,256.0,1.0,1,0.0,0.0,1.0,0.0,0.3434446441740413,0.3434446441740413
0,1350,345600.0,345856.0,256.0,1.0,1,0.0,0.0,1.0,0.0,0.3434446441740413,0.3434446441740413
0,1351,345856.0,346112.0,256.0,1.0,1,0.0,0.0,1.0,0.0,0.3434446441740413,0.3434446441740413
0,1352,346112.0,346368.0,256.0,1.0,1,0.0,0.0,1.0,0.0,0.3434446441740413,0.3434446441740413
0,1353,346368.0,346624.0,256.0,1.0,1,0.0,0.0,1.0,0.0,0.3434446441740413,0.3434446441740413
0,1354,346624.0,346880.0,256.0,1.0,1,0.0,0.0,1.0,0.0,0.3434446441740413,0.3434446441740413
0,1355,346880.0,347136.0,256.0,1.0,1,0.0,0.0,1.0,0.0,0.3434446441740413,0.3434446441740413
