start_us,end_us,core,state
0.0,234292.0,0,idle
234292.0,234293.0,0,idle
234293.0,234295.0,0,stall
234295.0,234296.0,0,idle
234296.0,234297.0,0,stall
234297.0,234299.0,0,active
234299.0,234300.0,0,idle
234300.0,234301.0,0,stall
234301.0,234308.0,0,active
234308.0,234310.0,0,stall
234310.0,234313.0,0,active
234313.0,234315.0,0,stall
234315.0,234316.0,0,active
234316.0,234318.0,0,stall
234318.0,234320.0,0,active
234320.0,234321.0,0,idle
234321.0,234322.0,0,stall
234322.0,234329.0,0,active
234329.0,234331.0,0,stall
234331.0,234334.0,0,active
234334.0,234336.0,0,stall
234336.0,234337.0,0,active
234337.0,234339.0,0,stall
234339.0,234341.0,0,active
234341.0,234342.0,0,idle
234342.0,234343.0,0,stall
234343.0,234350.0,0,active
234350.0,234352.0,0,stall
234352.0,234355.0,0,active
234355.0,234357.0,0,stall
234357.0,234358.0,0,active
234358.0,234360.0,0,stall
234360.0,234362.0,0,active
234362.0,234363.0,0,idle
234363.0,234364.0,0,stall
234364.0,234371.0,0,active
234371.0,234373.0,0,stall
234373.0,234376.0,0,active
234376.0,234378.0,0,stall
234378.0,234379.0,0,active
234379.0,234381.0,0,stall
234381.0,234383.0,0,active
234383.0,234384.0,0,idle
234384.0,234385.0,0,stall
234385.0,234392.0,0,active
234392.0,234394.0,0,stall
234394.0,234397.0,0,active
234397.0,234399.0,0,stall
234399.0,234400.0,0,active
234400.0,234402.0,0,stall
234402.0,234404.0,0,active
234404.0,234405.0,0,idle
234405.0,234406.0,0,stall
234406.0,234413.0,0,active
234413.0,234415.0,0,stall
234415.0,234418.0,0,active
234418.0,234420.0,0,stall
234420.0,234421.0,0,active
234421.0,234423.0,0,stall
234423.0,234425.0,0,active
234425.0,234426.0,0,idle
234426.0,234427.0,0,stall
234427.0,234434.0,0,active
234434.0,234436.0,0,stall
234436.0,234439.0,0,active
234439.0,234441.0,0,stall
234441.0,234442.0,0,active
234442.0,234444.0,0,stall
234444.0,234446.0,0,active
234446.0,234447.0,0,idle
234447.0,234448.0,0,stall
234448.0,234455.0,0,active
234455.0,234457.0,0,stall
234457.0,234460.0,0,active
234460.0,234462.0,0,stall
234462.0,234463.0,0,active
234463.0,234465.0,0,stall
234465.0,234467.0,0,active
234467.0,234468.0,0,idle
234468.0,234469.0,0,stall
234469.0,234476.0,0,active
234476.0,234478.0,0,stall
234478.0,234481.0,0,active
234481.0,234483.0,0,stall
234483.0,234484.0,0,active
234484.0,234486.0,0,stall
234486.0,234488.0,0,active
234488.0,234489.0,0,idle
234489.0,234490.0,0,stall
234490.0,234497.0,0,active
234497.0,234499.0,0,stall
234499.0,234502.0,0,active
234502.0,234504.0,0,stall
234504.0,234505.0,0,active
234505.0,234507.0,0,stall
234507.0,234509.0,0,active
234509.0,234510.0,0,idle
234510.0,234511.0,0,stall
234511.0,234518.0,0,active
234518.0,234520.0,0,stall
234520.0,234523.0,0,active
234523.0,234525.0,0,stall
234525.0,234526.0,0,active
234526.0,234528.0,0,stall
234528.0,234530.0,0,active
234530.0,234531.0,0,idle
234531.0,234532.0,0,stall
234532.0,234539.0,0,active
234539.0,234541.0,0,stall
234541.0,234544.0,0,active
234544.0,234546.0,0,stall
234546.0,234547.0,0,active
234547.0,234549.0,0,stall
234549.0,234551.0,0,active
234551.0,234552.0,0,idle
234552.0,234553.0,0,stall
234553.0,234560.0,0,active
234560.0,234562.0,0,stall
234562.0,234565.0,0,active
234565.0,234567.0,0,stall
234567.0,234568.0,0,active
234568.0,234570.0,0,stall
234570.0,234572.0,0,active
234572.0,234573.0,0,idle
234573.0,234574.0,0,stall
234574.0,234581.0,0,active
234581.0,234583.0,0,stall
234583.0,234586.0,0,active
234586.0,234588.0,0,stall
234588.0,234589.0,0,active
234589.0,234591.0,0,stall
234591.0,234593.0,0,active
234593.0,234594.0,0,idle
234594.0,234595.0,0,stall
234595.0,234602.0,0,active
234602.0,234604.0,0,stall
234604.0,234607.0,0,active
234607.0,234609.0,0,stall
234609.0,234610.0,0,active
234610.0,234612.0,0,stall
234612.0,234614.0,0,active
234614.0,234615.0,0,idle
234615.0,234616.0,0,stall
234616.0,234623.0,0,active
234623.0,234625.0,0,stall
234625.0,234628.0,0,active
234628.0,234630.0,0,stall
234630.0,234631.0,0,active
234631.0,234633.0,0,stall
234633.0,234635.0,0,active
234635.0,234636.0,0,idle
234636.0,234637.0,0,stall
234637.0,234644.0,0,active
234644.0,234646.0,0,stall
234646.0,234649.0,0,active
234649.0,234651.0,0,stall
234651.0,234652.0,0,active
234652.0,234654.0,0,stall
234654.0,234656.0,0,active
234656.0,234657.0,0,idle
234657.0,234658.0,0,stall
234658.0,234665.0,0,active
234665.0,234667.0,0,stall
234667.0,234670.0,0,active
234670.0,234672.0,0,stall
234672.0,234673.0,0,active
234673.0,234675.0,0,stall
234675.0,234677.0,0,active
234677.0,234678.0,0,idle
234678.0,234679.0,0,stall
234679.0,234686.0,0,active
234686.0,234688.0,0,stall
234688.0,234691.0,0,active
234691.0,234693.0,0,stall
234693.0,234694.0,0,active
234694.0,234696.0,0,stall
234696.0,234698.0,0,active
234698.0,234699.0,0,idle
234699.0,234700.0,0,stall
234700.0,234707.0,0,active
234707.0,234709.0,0,stall
234709.0,234712.0,0,active
234712.0,234714.0,0,stall
234714.0,234715.0,0,active
234715.0,234717.0,0,stall
234717.0,234719.0,0,active
234719.0,234720.0,0,idle
234720.0,234721.0,0,stall
234721.0,234728.0,0,active
234728.0,234730.0,0,stall
234730.0,234733.0,0,active
234733.0,234735.0,0,stall
234735.0,234736.0,0,active
234736.0,234738.0,0,stall
234738.0,234740.0,0,active
234740.0,234741.0,0,idle
234741.0,234742.0,0,stall
234742.0,234749.0,0,active
234749.0,234751.0,0,stall
234751.0,234754.0,0,active
234754.0,234756.0,0,stall
234756.0,234757.0,0,active
234757.0,234759.0,0,stall
234759.0,234761.0,0,active
234761.0,234762.0,0,idle
234762.0,234763.0,0,stall
234763.0,234770.0,0,active
234770.0,234772.0,0,stall
234772.0,234775.0,0,active
234775.0,234777.0,0,stall
234777.0,234778.0,0,active
234778.0,234780.0,0,stall
234780.0,234782.0,0,active
234782.0,234783.0,0,idle
234783.0,234784.0,0,stall
234784.0,234791.0,0,active
234791.0,234793.0,0,stall
234793.0,234796.0,0,active
234796.0,234798.0,0,stall
234798.0,234799.0,0,active
234799.0,234801.0,0,stall
234801.0,234803.0,0,active
234803.0,234804.0,0,idle
234804.0,234805.0,0,stall
234805.0,234812.0,0,active
234812.0,234814.0,0,stall
234814.0,234817.0,0,active
234817.0,234819.0,0,stall
234819.0,234820.0,0,active
234820.0,234822.0,0,stall
234822.0,234824.0,0,active
234824.0,234825.0,0,idle
234825.0,234826.0,0,stall
234826.0,234833.0,0,active
234833.0,234835.0,0,stall
234835.0,234838.0,0,active
234838.0,234840.0,0,stall
234840.0,234841.0,0,active
234841.0,234843.0,0,stall
234843.0,234845.0,0,active
234845.0,234846.0,0,idle
234846.0,234847.0,0,stall
234847.0,234854.0,0,active
234854.0,234856.0,0,stall
234856.0,234859.0,0,active
234859.0,234861.0,0,stall
234861.0,234862.0,0,active
234862.0,234864.0,0,stall
234864.0,234866.0,0,active
234866.0,234867.0,0,idle
234867.0,234868.0,0,stall
234868.0,234875.0,0,active
234875.0,234877.0,0,stall
234877.0,234880.0,0,active
234880.0,234882.0,0,stall
234882.0,234883.0,0,active
234883.0,234885.0,0,stall
234885.0,234887.0,0,active
234887.0,234888.0,0,idle
234888.0,234889.0,0,stall
234889.0,234896.0,0,active
234896.0,234898.0,0,stall
234898.0,234901.0,0,active
234901.0,234903.0,0,stall
234903.0,234904.0,0,active
234904.0,234906.0,0,stall
234906.0,234908.0,0,active
234908.0,234909.0,0,idle
234909.0,234910.0,0,stall
234910.0,234917.0,0,active
234917.0,234919.0,0,stall
234919.0,234922.0,0,active
234922.0,234924.0,0,stall
234924.0,234925.0,0,active
234925.0,234927.0,0,stall
234927.0,234929.0,0,active
234929.0,234930.0,0,idle
234930.0,234931.0,0,stall
234931.0,234938.0,0,active
234938.0,234940.0,0,stall
234940.0,234943.0,0,active
234943.0,234945.0,0,stall
234945.0,234946.0,0,active
234946.0,234948.0,0,stall
234948.0,234950.0,0,active
234950.0,234951.0,0,idle
234951.0,234952.0,0,stall
234952.0,234959.0,0,active
234959.0,234961.0,0,stall
234961.0,234964.0,0,active
234964.0,234966.0,0,stall
234966.0,234967.0,0,active
234967.0,234969.0,0,stall
234969.0,234971.0,0,active
234971.0,234972.0,0,idle
234972.0,234973.0,0,stall
234973.0,234980.0,0,active
234980.0,234982.0,0,stall
234982.0,234985.0,0,active
234985.0,234987.0,0,stall
234987.0,234988.0,0,active
234988.0,234990.0,0,stall
234990.0,234992.0,0,active
234992.0,234993.0,0,idle
234993.0,234994.0,0,stall
234994.0,235001.0,0,active
235001.0,235003.0,0,stall
235003.0,235006.0,0,active
235006.0,235008.0,0,stall
235008.0,235009.0,0,active
235009.0,235011.0,0,stall
235011.0,235013.0,0,active
235013.0,235014.0,0,idle
235014.0,235015.0,0,stall
235015.0,235022.0,0,active
235022.0,235024.0,0,stall
235024.0,235027.0,0,active
235027.0,235029.0,0,stall
235029.0,235030.0,0,active
235030.0,235032.0,0,stall
235032.0,235034.0,0,active
235034.0,235035.0,0,idle
235035.0,235036.0,0,stall
235036.0,235043.0,0,active
235043.0,235045.0,0,stall
235045.0,235048.0,0,active
235048.0,235050.0,0,stall
235050.0,235051.0,0,active
235051.0,235053.0,0,stall
235053.0,235055.0,0,active
235055.0,235056.0,0,idle
235056.0,235057.0,0,stall
235057.0,235064.0,0,active
235064.0,235066.0,0,stall
235066.0,235069.0,0,active
235069.0,235071.0,0,stall
235071.0,235072.0,0,active
235072.0,235074.0,0,stall
235074.0,235076.0,0,active
235076.0,235077.0,0,idle
235077.0,235078.0,0,stall
235078.0,235085.0,0,active
235085.0,235087.0,0,stall
235087.0,235090.0,0,active
235090.0,235092.0,0,stall
235092.0,235093.0,0,active
235093.0,235095.0,0,stall
235095.0,235097.0,0,active
235097.0,235098.0,0,idle
235098.0,235099.0,0,stall
235099.0,235106.0,0,active
235106.0,235108.0,0,stall
235108.0,235111.0,0,active
235111.0,235113.0,0,stall
235113.0,235114.0,0,active
235114.0,235116.0,0,stall
235116.0,235118.0,0,active
235118.0,235119.0,0,idle
235119.0,235120.0,0,stall
235120.0,235127.0,0,active
235127.0,235129.0,0,stall
235129.0,235132.0,0,active
235132.0,235134.0,0,stall
235134.0,235135.0,0,active
235135.0,235137.0,0,stall
235137.0,235139.0,0,active
235139.0,235140.0,0,idle
235140.0,235141.0,0,stall
235141.0,235148.0,0,active
235148.0,235150.0,0,stall
235150.0,235153.0,0,active
235153.0,235155.0,0,stall
235155.0,235156.0,0,active
235156.0,235158.0,0,stall
235158.0,235160.0,0,active
235160.0,235161.0,0,idle
235161.0,235162.0,0,stall
235162.0,235169.0,0,active
235169.0,235171.0,0,stall
235171.0,235174.0,0,active
235174.0,235176.0,0,stall
235176.0,235177.0,0,active
235177.0,235179.0,0,stall
235179.0,235181.0,0,active
235181.0,235182.0,0,idle
235182.0,235183.0,0,stall
235183.0,235190.0,0,active
235190.0,235192.0,0,stall
235192.0,235195.0,0,active
235195.0,235197.0,0,stall
235197.0,235198.0,0,active
235198.0,235200.0,0,stall
235200.0,235202.0,0,active
235202.0,235203.0,0,idle
235203.0,235204.0,0,stall
235204.0,235211.0,0,active
235211.0,235213.0,0,stall
235213.0,235216.0,0,active
235216.0,235218.0,0,stall
235218.0,235219.0,0,active
235219.0,235221.0,0,stall
235221.0,235223.0,0,active
235223.0,235224.0,0,idle
235224.0,235225.0,0,stall
235225.0,235232.0,0,active
235232.0,235234.0,0,stall
235234.0,235237.0,0,active
235237.0,235239.0,0,stall
235239.0,235240.0,0,active
235240.0,235242.0,0,stall
235242.0,235244.0,0,active
235244.0,235245.0,0,idle
235245.0,235246.0,0,stall
235246.0,235253.0,0,active
235253.0,235255.0,0,stall
235255.0,235258.0,0,active
235258.0,235260.0,0,stall
235260.0,235261.0,0,active
235261.0,235263.0,0,stall
235263.0,235265.0,0,active
235265.0,235266.0,0,idle
235266.0,235267.0,0,stall
235267.0,235274.0,0,active
235274.0,235276.0,0,stall
235276.0,235279.0,0,active
235279.0,235281.0,0,stall
235281.0,235282.0,0,active
235282.0,235284.0,0,stall
235284.0,235286.0,0,active
235286.0,235287.0,0,idle
235287.0,235288.0,0,stall
235288.0,235295.0,0,active
235295.0,235297.0,0,stall
235297.0,235300.0,0,active
235300.0,235302.0,0,stall
235302.0,235303.0,0,active
235303.0,235305.0,0,stall
235305.0,235307.0,0,active
235307.0,235308.0,0,idle
235308.0,235309.0,0,stall
235309.0,235316.0,0,active
235316.0,235318.0,0,stall
235318.0,235321.0,0,active
235321.0,235323.0,0,stall
235323.0,235324.0,0,active
235324.0,235326.0,0,stall
235326.0,235328.0,0,active
235328.0,235329.0,0,idle
235329.0,235330.0,0,stall
235330.0,235337.0,0,active
235337.0,235339.0,0,stall
235339.0,235342.0,0,active
235342.0,235344.0,0,stall
235344.0,235345.0,0,active
235345.0,235347.0,0,stall
235347.0,235349.0,0,active
235349.0,235350.0,0,idle
235350.0,235351.0,0,stall
235351.0,235358.0,0,active
235358.0,235360.0,0,stall
235360.0,235363.0,0,active
235363.0,235365.0,0,stall
235365.0,235366.0,0,active
235366.0,235368.0,0,stall
235368.0,235370.0,0,active
235370.0,235371.0,0,idle
235371.0,235372.0,0,stall
235372.0,235379.0,0,active
235379.0,235381.0,0,stall
235381.0,235384.0,0,active
235384.0,235386.0,0,stall
235386.0,235387.0,0,active
235387.0,235389.0,0,stall
235389.0,235391.0,0,active
235391.0,235392.0,0,idle
235392.0,235393.0,0,stall
235393.0,235400.0,0,active
235400.0,235402.0,0,stall
235402.0,235405.0,0,active
235405.0,235407.0,0,stall
235407.0,235408.0,0,active
235408.0,235410.0,0,stall
235410.0,235412.0,0,active
235412.0,235413.0,0,idle
235413.0,235414.0,0,stall
235414.0,235421.0,0,active
235421.0,235423.0,0,stall
235423.0,235426.0,0,active
235426.0,235428.0,0,stall
235428.0,235429.0,0,active
235429.0,235431.0,0,stall
235431.0,235433.0,0,active
235433.0,235434.0,0,idle
235434.0,235435.0,0,stall
235435.0,235442.0,0,active
235442.0,235444.0,0,stall
235444.0,235447.0,0,active
235447.0,235449.0,0,stall
235449.0,235450.0,0,active
235450.0,235452.0,0,stall
235452.0,235454.0,0,active
235454.0,235455.0,0,idle
235455.0,235456.0,0,stall
235456.0,235463.0,0,active
235463.0,235465.0,0,stall
235465.0,235468.0,0,active
235468.0,235470.0,0,stall
235470.0,235471.0,0,active
235471.0,235473.0,0,stall
235473.0,235475.0,0,active
235475.0,235476.0,0,idle
235476.0,235477.0,0,stall
235477.0,235484.0,0,active
235484.0,235486.0,0,stall
235486.0,235489.0,0,active
235489.0,235491.0,0,stall
235491.0,235492.0,0,active
235492.0,235494.0,0,stall
235494.0,235496.0,0,active
235496.0,235497.0,0,idle
235497.0,235498.0,0,stall
235498.0,235505.0,0,active
235505.0,235507.0,0,stall
235507.0,235510.0,0,active
235510.0,235512.0,0,stall
235512.0,235513.0,0,active
235513.0,235515.0,0,stall
235515.0,235517.0,0,active
235517.0,235518.0,0,idle
235518.0,235519.0,0,stall
235519.0,235526.0,0,active
235526.0,235528.0,0,stall
235528.0,235531.0,0,active
235531.0,235533.0,0,stall
235533.0,235534.0,0,active
235534.0,235536.0,0,stall
235536.0,235538.0,0,active
235538.0,235539.0,0,idle
235539.0,235540.0,0,stall
235540.0,235547.0,0,active
235547.0,235549.0,0,stall
235549.0,235552.0,0,active
235552.0,235554.0,0,stall
235554.0,235555.0,0,active
235555.0,235557.0,0,stall
235557.0,235559.0,0,active
235559.0,235560.0,0,idle
235560.0,235561.0,0,stall
235561.0,235568.0,0,active
235568.0,235570.0,0,stall
235570.0,235573.0,0,active
235573.0,235575.0,0,stall
235575.0,235576.0,0,active
235576.0,235578.0,0,stall
235578.0,235580.0,0,active
235580.0,235581.0,0,idle
235581.0,235582.0,0,stall
235582.0,235589.0,0,active
235589.0,235591.0,0,stall
235591.0,235594.0,0,active
235594.0,235596.0,0,stall
235596.0,235597.0,0,active
235597.0,235599.0,0,stall
235599.0,235601.0,0,active
235601.0,235602.0,0,idle
235602.0,235603.0,0,stall
235603.0,235610.0,0,active
235610.0,235612.0,0,stall
235612.0,235615.0,0,active
235615.0,235617.0,0,stall
235617.0,235618.0,0,active
235618.0,235620.0,0,stall
235620.0,235622.0,0,active
235622.0,235623.0,0,idle
235623.0,235624.0,0,stall
235624.0,235631.0,0,active
235631.0,235633.0,0,stall
235633.0,235636.0,0,active
235636.0,235638.0,0,stall
235638.0,235639.0,0,active
235639.0,235641.0,0,stall
235641.0,235643.0,0,active
235643.0,235644.0,0,idle
235644.0,235645.0,0,stall
235645.0,235652.0,0,active
235652.0,235654.0,0,stall
235654.0,235657.0,0,active
235657.0,235659.0,0,stall
235659.0,235660.0,0,active
235660.0,235662.0,0,stall
235662.0,235664.0,0,active
235664.0,235665.0,0,idle
235665.0,235666.0,0,stall
235666.0,235673.0,0,active
235673.0,235675.0,0,stall
235675.0,235678.0,0,active
235678.0,235680.0,0,stall
235680.0,235681.0,0,active
235681.0,235683.0,0,stall
235683.0,235685.0,0,active
235685.0,235686.0,0,idle
235686.0,235687.0,0,stall
235687.0,235694.0,0,active
235694.0,235696.0,0,stall
235696.0,235699.0,0,active
235699.0,235701.0,0,stall
235701.0,235702.0,0,active
235702.0,235704.0,0,stall
235704.0,235706.0,0,active
235706.0,235707.0,0,idle
235707.0,235708.0,0,stall
235708.0,235715.0,0,active
235715.0,235717.0,0,stall
235717.0,235720.0,0,active
235720.0,235722.0,0,stall
235722.0,235723.0,0,active
235723.0,235725.0,0,stall
235725.0,235727.0,0,active
235727.0,235728.0,0,idle
235728.0,235729.0,0,stall
235729.0,235736.0,0,active
235736.0,235738.0,0,stall
235738.0,235741.0,0,active
235741.0,235743.0,0,stall
235743.0,235744.0,0,active
235744.0,235746.0,0,stall
235746.0,235748.0,0,active
235748.0,235749.0,0,idle
235749.0,235750.0,0,stall
235750.0,235757.0,0,active
235757.0,235759.0,0,stall
235759.0,235762.0,0,active
235762.0,235764.0,0,stall
235764.0,235765.0,0,active
235765.0,235767.0,0,stall
235767.0,235769.0,0,active
235769.0,235770.0,0,idle
235770.0,235771.0,0,stall
235771.0,235778.0,0,active
235778.0,235780.0,0,stall
235780.0,235783.0,0,active
235783.0,235785.0,0,stall
235785.0,235786.0,0,active
235786.0,235788.0,0,stall
235788.0,235790.0,0,active
235790.0,235791.0,0,idle
235791.0,235792.0,0,stall
235792.0,235799.0,0,active
235799.0,235801.0,0,stall
235801.0,235804.0,0,active
235804.0,235806.0,0,stall
235806.0,235807.0,0,active
235807.0,235809.0,0,stall
235809.0,235811.0,0,active
235811.0,235812.0,0,idle
235812.0,235813.0,0,stall
235813.0,235820.0,0,active
235820.0,235822.0,0,stall
235822.0,235825.0,0,active
235825.0,235827.0,0,stall
235827.0,235828.0,0,active
235828.0,235830.0,0,stall
235830.0,235832.0,0,active
235832.0,235833.0,0,idle
235833.0,235834.0,0,stall
235834.0,235841.0,0,active
235841.0,235843.0,0,stall
235843.0,235846.0,0,active
235846.0,235848.0,0,stall
235848.0,235849.0,0,active
235849.0,235851.0,0,stall
235851.0,235853.0,0,active
235853.0,235854.0,0,idle
235854.0,235855.0,0,stall
235855.0,235862.0,0,active
235862.0,235864.0,0,stall
235864.0,235867.0,0,active
235867.0,235869.0,0,stall
235869.0,235870.0,0,active
235870.0,235872.0,0,stall
235872.0,235874.0,0,active
235874.0,235875.0,0,idle
235875.0,235876.0,0,stall
235876.0,235883.0,0,active
235883.0,235885.0,0,stall
235885.0,235888.0,0,active
235888.0,235890.0,0,stall
235890.0,235891.0,0,active
235891.0,235893.0,0,stall
235893.0,235895.0,0,active
235895.0,235896.0,0,idle
235896.0,235897.0,0,stall
235897.0,235904.0,0,active
235904.0,235906.0,0,stall
235906.0,235909.0,0,active
235909.0,235911.0,0,stall
235911.0,235912.0,0,active
235912.0,235914.0,0,stall
235914.0,235916.0,0,active
235916.0,235917.0,0,idle
235917.0,235918.0,0,stall
235918.0,235925.0,0,active
235925.0,235927.0,0,stall
235927.0,235930.0,0,active
235930.0,235932.0,0,stall
235932.0,235933.0,0,active
235933.0,235935.0,0,stall
235935.0,235937.0,0,active
235937.0,235938.0,0,idle
235938.0,235939.0,0,stall
235939.0,235946.0,0,active
235946.0,235948.0,0,stall
235948.0,235951.0,0,active
235951.0,235953.0,0,stall
235953.0,235954.0,0,active
235954.0,235956.0,0,stall
235956.0,235958.0,0,active
235958.0,235959.0,0,idle
235959.0,235960.0,0,stall
235960.0,235967.0,0,active
235967.0,235969.0,0,stall
235969.0,235972.0,0,active
235972.0,235974.0,0,stall
235974.0,235975.0,0,active
235975.0,235977.0,0,stall
235977.0,235979.0,0,active
235979.0,235980.0,0,idle
235980.0,235981.0,0,stall
235981.0,235988.0,0,active
235988.0,235990.0,0,stall
235990.0,235993.0,0,active
235993.0,235995.0,0,stall
235995.0,235996.0,0,active
235996.0,235998.0,0,stall
235998.0,236000.0,0,active
236000.0,236001.0,0,idle
236001.0,236002.0,0,stall
236002.0,236009.0,0,active
236009.0,236011.0,0,stall
236011.0,236014.0,0,active
236014.0,236016.0,0,stall
236016.0,236017.0,0,active
236017.0,236019.0,0,stall
236019.0,236021.0,0,active
236021.0,236022.0,0,idle
236022.0,236023.0,0,stall
236023.0,236030.0,0,active
236030.0,236032.0,0,stall
236032.0,236035.0,0,active
236035.0,236037.0,0,stall
236037.0,236038.0,0,active
236038.0,236040.0,0,stall
236040.0,236042.0,0,active
236042.0,236043.0,0,idle
236043.0,236044.0,0,stall
236044.0,236051.0,0,active
236051.0,236053.0,0,stall
236053.0,236056.0,0,active
236056.0,236058.0,0,stall
236058.0,236059.0,0,active
236059.0,236061.0,0,stall
236061.0,236063.0,0,active
236063.0,236064.0,0,idle
236064.0,236065.0,0,stall
236065.0,236072.0,0,active
236072.0,236074.0,0,stall
236074.0,236077.0,0,active
236077.0,236079.0,0,stall
236079.0,236080.0,0,active
236080.0,236082.0,0,stall
236082.0,236084.0,0,active
236084.0,236085.0,0,idle
236085.0,236086.0,0,stall
236086.0,236093.0,0,active
236093.0,236095.0,0,stall
236095.0,236098.0,0,active
236098.0,236100.0,0,stall
236100.0,236101.0,0,active
236101.0,236103.0,0,stall
236103.0,236105.0,0,active
236105.0,236106.0,0,idle
236106.0,236107.0,0,stall
236107.0,236114.0,0,active
236114.0,236116.0,0,stall
236116.0,236119.0,0,active
236119.0,236121.0,0,stall
236121.0,236122.0,0,active
236122.0,236124.0,0,stall
236124.0,236126.0,0,active
236126.0,236127.0,0,idle
236127.0,236128.0,0,stall
236128.0,236135.0,0,active
236135.0,236137.0,0,stall
236137.0,236140.0,0,active
236140.0,236142.0,0,stall
236142.0,236143.0,0,active
236143.0,236145.0,0,stall
236145.0,236147.0,0,active
236147.0,236148.0,0,idle
236148.0,236149.0,0,stall
236149.0,236156.0,0,active
236156.0,236158.0,0,stall
236158.0,236161.0,0,active
236161.0,236163.0,0,stall
236163.0,236164.0,0,active
236164.0,236166.0,0,stall
236166.0,236168.0,0,active
236168.0,236169.0,0,idle
236169.0,236170.0,0,stall
236170.0,236177.0,0,active
236177.0,236179.0,0,stall
236179.0,236182.0,0,active
236182.0,236184.0,0,stall
236184.0,236185.0,0,active
236185.0,236187.0,0,stall
236187.0,236189.0,0,active
236189.0,236190.0,0,idle
236190.0,236191.0,0,stall
236191.0,236198.0,0,active
236198.0,236200.0,0,stall
236200.0,236203.0,0,active
236203.0,236205.0,0,stall
236205.0,236206.0,0,active
236206.0,236208.0,0,stall
236208.0,236210.0,0,active
236210.0,236211.0,0,idle
236211.0,236212.0,0,stall
236212.0,236219.0,0,active
236219.0,236221.0,0,stall
236221.0,236224.0,0,active
236224.0,236226.0,0,stall
236226.0,236227.0,0,active
236227.0,236229.0,0,stall
236229.0,236231.0,0,active
236231.0,236232.0,0,idle
236232.0,236233.0,0,stall
236233.0,236240.0,0,active
236240.0,236242.0,0,stall
236242.0,236245.0,0,active
236245.0,236247.0,0,stall
236247.0,236248.0,0,active
236248.0,236250.0,0,stall
236250.0,236252.0,0,active
236252.0,236253.0,0,idle
236253.0,236254.0,0,stall
236254.0,236261.0,0,active
236261.0,236263.0,0,stall
236263.0,236266.0,0,active
236266.0,236268.0,0,stall
236268.0,236269.0,0,active
236269.0,236271.0,0,stall
236271.0,236273.0,0,active
236273.0,236274.0,0,idle
236274.0,236275.0,0,stall
236275.0,236282.0,0,active
236282.0,236284.0,0,stall
236284.0,236287.0,0,active
236287.0,236289.0,0,stall
236289.0,236290.0,0,active
236290.0,236292.0,0,stall
236292.0,236294.0,0,active
236294.0,236295.0,0,idle
236295.0,236296.0,0,stall
236296.0,236303.0,0,active
236303.0,236305.0,0,stall
236305.0,236308.0,0,active
236308.0,236310.0,0,stall
236310.0,236311.0,0,active
236311.0,236313.0,0,stall
236313.0,236315.0,0,active
236315.0,236316.0,0,idle
236316.0,236317.0,0,stall
236317.0,236324.0,0,active
236324.0,236326.0,0,stall
236326.0,236329.0,0,active
236329.0,236331.0,0,stall
236331.0,236332.0,0,active
236332.0,236334.0,0,stall
236334.0,236336.0,0,active
236336.0,236337.0,0,idle
236337.0,236338.0,0,stall
236338.0,236345.0,0,active
236345.0,236347.0,0,stall
236347.0,236350.0,0,active
236350.0,236352.0,0,stall
236352.0,236353.0,0,active
236353.0,236355.0,0,stall
236355.0,236357.0,0,active
236357.0,236358.0,0,idle
236358.0,236359.0,0,stall
236359.0,236366.0,0,active
236366.0,236368.0,0,stall
236368.0,236371.0,0,active
236371.0,236373.0,0,stall
236373.0,236374.0,0,active
236374.0,236376.0,0,stall
236376.0,236378.0,0,active
236378.0,236379.0,0,idle
236379.0,236380.0,0,stall
236380.0,236387.0,0,active
236387.0,236389.0,0,stall
236389.0,236392.0,0,active
236392.0,236394.0,0,stall
236394.0,236395.0,0,active
236395.0,236397.0,0,stall
236397.0,236399.0,0,active
236399.0,236400.0,0,idle
236400.0,236401.0,0,stall
236401.0,236408.0,0,active
236408.0,236410.0,0,stall
236410.0,236413.0,0,active
236413.0,236415.0,0,stall
236415.0,236416.0,0,active
236416.0,236418.0,0,stall
236418.0,236420.0,0,active
236420.0,236421.0,0,idle
236421.0,236422.0,0,stall
236422.0,236429.0,0,active
236429.0,236431.0,0,stall
236431.0,236434.0,0,active
236434.0,236436.0,0,stall
236436.0,236437.0,0,active
236437.0,236439.0,0,stall
236439.0,236441.0,0,active
236441.0,236442.0,0,idle
236442.0,236443.0,0,stall
236443.0,236450.0,0,active
236450.0,236452.0,0,stall
236452.0,236455.0,0,active
236455.0,236457.0,0,stall
236457.0,236458.0,0,active
236458.0,236460.0,0,stall
236460.0,236462.0,0,active
236462.0,236463.0,0,idle
236463.0,236464.0,0,stall
236464.0,236471.0,0,active
236471.0,236473.0,0,stall
236473.0,236476.0,0,active
236476.0,236478.0,0,stall
236478.0,236479.0,0,active
236479.0,236481.0,0,stall
236481.0,236483.0,0,active
236483.0,236484.0,0,idle
236484.0,236485.0,0,stall
236485.0,236492.0,0,active
236492.0,236494.0,0,stall
236494.0,236497.0,0,active
236497.0,236499.0,0,stall
236499.0,236500.0,0,active
236500.0,236502.0,0,stall
236502.0,236504.0,0,active
236504.0,236505.0,0,idle
236505.0,236506.0,0,stall
236506.0,236513.0,0,active
236513.0,236515.0,0,stall
236515.0,236518.0,0,active
236518.0,236520.0,0,stall
236520.0,236521.0,0,active
236521.0,236523.0,0,stall
236523.0,236525.0,0,active
236525.0,236526.0,0,idle
236526.0,236527.0,0,stall
236527.0,236534.0,0,active
236534.0,236536.0,0,stall
236536.0,236539.0,0,active
236539.0,236541.0,0,stall
236541.0,236542.0,0,active
236542.0,236544.0,0,stall
236544.0,236546.0,0,active
236546.0,236547.0,0,idle
236547.0,236548.0,0,stall
236548.0,236555.0,0,active
236555.0,236557.0,0,stall
236557.0,236560.0,0,active
236560.0,236562.0,0,stall
236562.0,236563.0,0,active
236563.0,236565.0,0,stall
236565.0,236567.0,0,active
236567.0,236568.0,0,idle
236568.0,236569.0,0,stall
236569.0,236576.0,0,active
236576.0,236578.0,0,stall
236578.0,236581.0,0,active
236581.0,236583.0,0,stall
236583.0,236584.0,0,active
236584.0,236586.0,0,stall
236586.0,236588.0,0,active
236588.0,236589.0,0,idle
236589.0,236590.0,0,stall
236590.0,236597.0,0,active
236597.0,236599.0,0,stall
236599.0,236602.0,0,active
236602.0,236604.0,0,stall
236604.0,236605.0,0,active
236605.0,236607.0,0,stall
236607.0,236609.0,0,active
236609.0,236610.0,0,idle
236610.0,236611.0,0,stall
236611.0,236618.0,0,active
236618.0,236620.0,0,stall
236620.0,236623.0,0,active
236623.0,236625.0,0,stall
236625.0,236626.0,0,active
236626.0,236628.0,0,stall
236628.0,236630.0,0,active
236630.0,236631.0,0,idle
236631.0,236632.0,0,stall
236632.0,236639.0,0,active
236639.0,236641.0,0,stall
236641.0,236644.0,0,active
236644.0,236646.0,0,stall
236646.0,236647.0,0,active
236647.0,236649.0,0,stall
236649.0,236651.0,0,active
236651.0,236652.0,0,idle
236652.0,236653.0,0,stall
236653.0,236660.0,0,active
236660.0,236662.0,0,stall
236662.0,236665.0,0,active
236665.0,236667.0,0,stall
236667.0,236668.0,0,active
236668.0,236670.0,0,stall
236670.0,236672.0,0,active
236672.0,236673.0,0,idle
236673.0,236674.0,0,stall
236674.0,236681.0,0,active
236681.0,236683.0,0,stall
236683.0,236686.0,0,active
236686.0,236688.0,0,stall
236688.0,236689.0,0,active
236689.0,236691.0,0,stall
236691.0,236693.0,0,active
236693.0,236694.0,0,idle
236694.0,236695.0,0,stall
236695.0,236702.0,0,active
236702.0,236704.0,0,stall
236704.0,236707.0,0,active
236707.0,236709.0,0,stall
236709.0,236710.0,0,active
236710.0,236712.0,0,stall
236712.0,236714.0,0,active
236714.0,236715.0,0,idle
236715.0,236716.0,0,stall
236716.0,236723.0,0,active
236723.0,236725.0,0,stall
236725.0,236728.0,0,active
236728.0,236730.0,0,stall
236730.0,236731.0,0,active
236731.0,236733.0,0,stall
236733.0,236735.0,0,active
236735.0,236736.0,0,idle
236736.0,236737.0,0,stall
236737.0,236744.0,0,active
236744.0,236746.0,0,stall
236746.0,236749.0,0,active
236749.0,236751.0,0,stall
236751.0,236752.0,0,active
236752.0,236754.0,0,stall
236754.0,236756.0,0,active
236756.0,236757.0,0,idle
236757.0,236758.0,0,stall
236758.0,236765.0,0,active
236765.0,236767.0,0,stall
236767.0,236770.0,0,active
236770.0,236772.0,0,stall
236772.0,236773.0,0,active
236773.0,236775.0,0,stall
236775.0,236777.0,0,active
236777.0,236778.0,0,idle
236778.0,236779.0,0,stall
236779.0,236786.0,0,active
236786.0,236788.0,0,stall
236788.0,236791.0,0,active
236791.0,236793.0,0,stall
236793.0,236794.0,0,active
236794.0,236796.0,0,stall
236796.0,236798.0,0,active
236798.0,236799.0,0,idle
236799.0,236800.0,0,stall
236800.0,236807.0,0,active
236807.0,236809.0,0,stall
236809.0,236812.0,0,active
236812.0,236814.0,0,stall
236814.0,236815.0,0,active
236815.0,236817.0,0,stall
236817.0,236819.0,0,active
236819.0,236820.0,0,idle
236820.0,236821.0,0,stall
236821.0,236828.0,0,active
236828.0,236830.0,0,stall
236830.0,236833.0,0,active
236833.0,236835.0,0,stall
236835.0,236836.0,0,active
236836.0,236838.0,0,stall
236838.0,236840.0,0,active
236840.0,236841.0,0,idle
236841.0,236842.0,0,stall
236842.0,236849.0,0,active
236849.0,236851.0,0,stall
236851.0,236854.0,0,active
236854.0,236856.0,0,stall
236856.0,236857.0,0,active
236857.0,236859.0,0,stall
236859.0,236861.0,0,active
236861.0,236862.0,0,idle
236862.0,236863.0,0,stall
236863.0,236870.0,0,active
236870.0,236872.0,0,stall
236872.0,236875.0,0,active
236875.0,236877.0,0,stall
236877.0,236878.0,0,active
236878.0,236880.0,0,stall
236880.0,236882.0,0,active
236882.0,236883.0,0,idle
236883.0,236884.0,0,stall
236884.0,236891.0,0,active
236891.0,236893.0,0,stall
236893.0,236896.0,0,active
236896.0,236898.0,0,stall
236898.0,236899.0,0,active
236899.0,236901.0,0,stall
236901.0,236903.0,0,active
236903.0,236904.0,0,idle
236904.0,236905.0,0,stall
236905.0,236912.0,0,active
236912.0,236914.0,0,stall
236914.0,236917.0,0,active
236917.0,236919.0,0,stall
236919.0,236920.0,0,active
236920.0,236922.0,0,stall
236922.0,236924.0,0,active
236924.0,236925.0,0,idle
236925.0,236926.0,0,stall
236926.0,236933.0,0,active
236933.0,236935.0,0,stall
236935.0,236938.0,0,active
236938.0,236940.0,0,stall
236940.0,236941.0,0,active
236941.0,236943.0,0,stall
236943.0,236945.0,0,active
236945.0,236946.0,0,idle
236946.0,236947.0,0,stall
236947.0,236954.0,0,active
236954.0,236956.0,0,stall
236956.0,236959.0,0,active
236959.0,236961.0,0,stall
236961.0,236962.0,0,active
236962.0,236964.0,0,stall
236964.0,236966.0,0,active
236966.0,236967.0,0,idle
236967.0,236968.0,0,stall
236968.0,236975.0,0,active
236975.0,236977.0,0,stall
236977.0,236980.0,0,active
236980.0,236982.0,0,stall
236982.0,236983.0,0,active
236983.0,236985.0,0,stall
236985.0,236987.0,0,active
236987.0,236988.0,0,idle
236988.0,236989.0,0,stall
236989.0,236996.0,0,active
236996.0,236998.0,0,stall
236998.0,237001.0,0,active
237001.0,237003.0,0,stall
237003.0,237004.0,0,active
237004.0,237006.0,0,stall
237006.0,237008.0,0,active
237008.0,237009.0,0,idle
237009.0,237010.0,0,stall
237010.0,237017.0,0,active
237017.0,237019.0,0,stall
237019.0,237022.0,0,active
237022.0,237024.0,0,stall
237024.0,237025.0,0,active
237025.0,237027.0,0,stall
237027.0,237029.0,0,active
237029.0,237030.0,0,idle
237030.0,237031.0,0,stall
237031.0,237038.0,0,active
237038.0,237040.0,0,stall
237040.0,237043.0,0,active
237043.0,237045.0,0,stall
237045.0,237046.0,0,active
237046.0,237048.0,0,stall
237048.0,237050.0,0,active
237050.0,237051.0,0,idle
237051.0,237052.0,0,stall
237052.0,237059.0,0,active
237059.0,237061.0,0,stall
237061.0,237064.0,0,active
237064.0,237066.0,0,stall
237066.0,237067.0,0,active
237067.0,237069.0,0,stall
237069.0,237071.0,0,active
237071.0,237072.0,0,idle
237072.0,237073.0,0,stall
237073.0,237080.0,0,active
237080.0,237082.0,0,stall
237082.0,237085.0,0,active
237085.0,237087.0,0,stall
237087.0,237088.0,0,active
237088.0,237090.0,0,stall
237090.0,237092.0,0,active
237092.0,237093.0,0,idle
237093.0,237094.0,0,stall
237094.0,237101.0,0,active
237101.0,237103.0,0,stall
237103.0,237106.0,0,active
237106.0,237108.0,0,stall
237108.0,237109.0,0,active
237109.0,237111.0,0,stall
237111.0,237113.0,0,active
237113.0,237114.0,0,idle
237114.0,237115.0,0,stall
237115.0,237122.0,0,active
237122.0,237124.0,0,stall
237124.0,237127.0,0,active
237127.0,237129.0,0,stall
237129.0,237130.0,0,active
237130.0,237132.0,0,stall
237132.0,237134.0,0,active
237134.0,237135.0,0,idle
237135.0,237136.0,0,stall
237136.0,237143.0,0,active
237143.0,237145.0,0,stall
237145.0,237148.0,0,active
237148.0,237150.0,0,stall
237150.0,237151.0,0,active
237151.0,237153.0,0,stall
237153.0,237155.0,0,active
237155.0,237156.0,0,idle
237156.0,237157.0,0,stall
237157.0,237164.0,0,active
237164.0,237166.0,0,stall
237166.0,237169.0,0,active
237169.0,237171.0,0,stall
237171.0,237172.0,0,active
237172.0,237174.0,0,stall
237174.0,237176.0,0,active
237176.0,237177.0,0,idle
237177.0,237178.0,0,stall
237178.0,237185.0,0,active
237185.0,237187.0,0,stall
237187.0,237190.0,0,active
237190.0,237192.0,0,stall
237192.0,237193.0,0,active
237193.0,237195.0,0,stall
237195.0,237197.0,0,active
237197.0,237198.0,0,idle
237198.0,237199.0,0,stall
237199.0,237206.0,0,active
237206.0,237208.0,0,stall
237208.0,237211.0,0,active
237211.0,237213.0,0,stall
237213.0,237214.0,0,active
237214.0,237216.0,0,stall
237216.0,237218.0,0,active
237218.0,237219.0,0,idle
237219.0,237220.0,0,stall
237220.0,237227.0,0,active
237227.0,237229.0,0,stall
237229.0,237232.0,0,active
237232.0,237234.0,0,stall
237234.0,237235.0,0,active
237235.0,237237.0,0,stall
237237.0,237239.0,0,active
237239.0,237240.0,0,idle
237240.0,237241.0,0,stall
237241.0,237248.0,0,active
237248.0,237250.0,0,stall
237250.0,237253.0,0,active
237253.0,237255.0,0,stall
237255.0,237256.0,0,active
237256.0,237258.0,0,stall
237258.0,237260.0,0,active
237260.0,237261.0,0,idle
237261.0,237262.0,0,stall
237262.0,237269.0,0,active
237269.0,237271.0,0,stall
237271.0,237274.0,0,active
237274.0,237276.0,0,stall
237276.0,237277.0,0,active
237277.0,237279.0,0,stall
237279.0,237281.0,0,active
237281.0,237282.0,0,idle
237282.0,237283.0,0,stall
237283.0,237290.0,0,active
237290.0,237292.0,0,stall
237292.0,237295.0,0,active
237295.0,237297.0,0,stall
237297.0,237298.0,0,active
237298.0,237300.0,0,stall
237300.0,237302.0,0,active
237302.0,237303.0,0,idle
237303.0,237304.0,0,stall
237304.0,237311.0,0,active
237311.0,237313.0,0,stall
237313.0,237316.0,0,active
237316.0,237318.0,0,stall
237318.0,237319.0,0,active
237319.0,237321.0,0,stall
237321.0,237323.0,0,active
237323.0,237324.0,0,idle
237324.0,237325.0,0,stall
237325.0,237332.0,0,active
237332.0,237334.0,0,stall
237334.0,237337.0,0,active
237337.0,237339.0,0,stall
237339.0,237340.0,0,active
237340.0,237342.0,0,stall
237342.0,237344.0,0,active
237344.0,237345.0,0,idle
237345.0,237346.0,0,stall
237346.0,237353.0,0,active
237353.0,237355.0,0,stall
237355.0,237358.0,0,active
237358.0,237360.0,0,stall
237360.0,237361.0,0,active
237361.0,237363.0,0,stall
237363.0,237365.0,0,active
237365.0,237366.0,0,idle
237366.0,237367.0,0,stall
237367.0,237374.0,0,active
237374.0,237376.0,0,stall
237376.0,237379.0,0,active
237379.0,237381.0,0,stall
237381.0,237382.0,0,active
237382.0,237384.0,0,stall
237384.0,237386.0,0,active
237386.0,237387.0,0,idle
237387.0,237388.0,0,stall
237388.0,237395.0,0,active
237395.0,237397.0,0,stall
237397.0,237400.0,0,active
237400.0,237402.0,0,stall
237402.0,237403.0,0,active
237403.0,237405.0,0,stall
237405.0,237407.0,0,active
237407.0,237408.0,0,idle
237408.0,237409.0,0,stall
237409.0,237416.0,0,active
237416.0,237418.0,0,stall
237418.0,237421.0,0,active
237421.0,237423.0,0,stall
237423.0,237424.0,0,active
237424.0,237426.0,0,stall
237426.0,237428.0,0,active
237428.0,237429.0,0,idle
237429.0,237430.0,0,stall
237430.0,237437.0,0,active
237437.0,237439.0,0,stall
237439.0,237442.0,0,active
237442.0,237444.0,0,stall
237444.0,237445.0,0,active
237445.0,237447.0,0,stall
237447.0,237449.0,0,active
237449.0,237450.0,0,idle
237450.0,237451.0,0,stall
237451.0,237458.0,0,active
237458.0,237460.0,0,stall
237460.0,237463.0,0,active
237463.0,237465.0,0,stall
237465.0,237466.0,0,active
237466.0,237468.0,0,stall
237468.0,237470.0,0,active
237470.0,237471.0,0,idle
237471.0,237472.0,0,stall
237472.0,237479.0,0,active
237479.0,237481.0,0,stall
237481.0,237484.0,0,active
237484.0,237486.0,0,stall
237486.0,237487.0,0,active
237487.0,237489.0,0,stall
237489.0,237491.0,0,active
237491.0,237492.0,0,idle
237492.0,237493.0,0,stall
237493.0,237500.0,0,active
237500.0,237502.0,0,stall
237502.0,237505.0,0,active
237505.0,237507.0,0,stall
237507.0,237508.0,0,active
237508.0,237510.0,0,stall
237510.0,237512.0,0,active
237512.0,237513.0,0,idle
237513.0,237514.0,0,stall
237514.0,237521.0,0,active
237521.0,237523.0,0,stall
237523.0,237526.0,0,active
237526.0,237528.0,0,stall
237528.0,237529.0,0,active
237529.0,237531.0,0,stall
237531.0,237533.0,0,active
237533.0,237534.0,0,idle
237534.0,237535.0,0,stall
237535.0,237542.0,0,active
237542.0,237544.0,0,stall
237544.0,237547.0,0,active
237547.0,237549.0,0,stall
237549.0,237550.0,0,active
237550.0,237552.0,0,stall
237552.0,237554.0,0,active
237554.0,237555.0,0,idle
237555.0,237556.0,0,stall
237556.0,237563.0,0,active
237563.0,237565.0,0,stall
237565.0,237568.0,0,active
237568.0,237570.0,0,stall
237570.0,237571.0,0,active
237571.0,237573.0,0,stall
237573.0,237575.0,0,active
237575.0,237576.0,0,idle
237576.0,237577.0,0,stall
237577.0,237584.0,0,active
237584.0,237586.0,0,stall
237586.0,237589.0,0,active
237589.0,237591.0,0,stall
237591.0,237592.0,0,active
237592.0,237594.0,0,stall
237594.0,237596.0,0,active
237596.0,237597.0,0,idle
237597.0,237598.0,0,stall
237598.0,237605.0,0,active
237605.0,237607.0,0,stall
237607.0,237610.0,0,active
237610.0,237612.0,0,stall
237612.0,237613.0,0,active
237613.0,237615.0,0,stall
237615.0,237617.0,0,active
237617.0,237618.0,0,idle
237618.0,237619.0,0,stall
237619.0,237626.0,0,active
237626.0,237628.0,0,stall
237628.0,237631.0,0,active
237631.0,237633.0,0,stall
237633.0,237634.0,0,active
237634.0,237636.0,0,stall
237636.0,237638.0,0,active
237638.0,237639.0,0,idle
237639.0,237640.0,0,stall
237640.0,237647.0,0,active
237647.0,237649.0,0,stall
237649.0,237652.0,0,active
237652.0,237654.0,0,stall
237654.0,237655.0,0,active
237655.0,237657.0,0,stall
237657.0,237659.0,0,active
237659.0,237660.0,0,idle
237660.0,237661.0,0,stall
237661.0,237668.0,0,active
237668.0,237670.0,0,stall
237670.0,237673.0,0,active
237673.0,237675.0,0,stall
237675.0,237676.0,0,active
237676.0,237678.0,0,stall
237678.0,237680.0,0,active
237680.0,237681.0,0,idle
237681.0,237682.0,0,stall
237682.0,237689.0,0,active
237689.0,237691.0,0,stall
237691.0,237694.0,0,active
237694.0,237696.0,0,stall
237696.0,237697.0,0,active
237697.0,237699.0,0,stall
237699.0,237701.0,0,active
237701.0,237702.0,0,idle
237702.0,237703.0,0,stall
237703.0,237710.0,0,active
237710.0,237712.0,0,stall
237712.0,237715.0,0,active
237715.0,237717.0,0,stall
237717.0,237718.0,0,active
237718.0,237720.0,0,stall
237720.0,237722.0,0,active
237722.0,237723.0,0,idle
237723.0,237724.0,0,stall
237724.0,237731.0,0,active
237731.0,237733.0,0,stall
237733.0,237736.0,0,active
237736.0,237738.0,0,stall
237738.0,237739.0,0,active
237739.0,237741.0,0,stall
237741.0,237743.0,0,active
237743.0,237744.0,0,idle
237744.0,237745.0,0,stall
237745.0,237752.0,0,active
237752.0,237754.0,0,stall
237754.0,237757.0,0,active
237757.0,237759.0,0,stall
237759.0,237760.0,0,active
237760.0,237762.0,0,stall
237762.0,237764.0,0,active
237764.0,237765.0,0,idle
237765.0,237766.0,0,stall
237766.0,237773.0,0,active
237773.0,237775.0,0,stall
237775.0,237778.0,0,active
237778.0,237780.0,0,stall
237780.0,237781.0,0,active
237781.0,237783.0,0,stall
237783.0,237785.0,0,active
237785.0,237786.0,0,idle
237786.0,237787.0,0,stall
237787.0,237794.0,0,active
237794.0,237796.0,0,stall
237796.0,237799.0,0,active
237799.0,237801.0,0,stall
237801.0,237802.0,0,active
237802.0,237804.0,0,stall
237804.0,237806.0,0,active
237806.0,237807.0,0,idle
237807.0,237808.0,0,stall
237808.0,237815.0,0,active
237815.0,237817.0,0,stall
237817.0,237820.0,0,active
237820.0,237822.0,0,stall
237822.0,237823.0,0,active
237823.0,237825.0,0,stall
237825.0,237827.0,0,active
237827.0,237828.0,0,idle
237828.0,237829.0,0,stall
237829.0,237836.0,0,active
237836.0,237838.0,0,stall
237838.0,237841.0,0,active
237841.0,237843.0,0,stall
237843.0,237844.0,0,active
237844.0,237846.0,0,stall
237846.0,237848.0,0,active
237848.0,237849.0,0,idle
237849.0,237850.0,0,stall
237850.0,237857.0,0,active
237857.0,237859.0,0,stall
237859.0,237862.0,0,active
237862.0,237864.0,0,stall
237864.0,237865.0,0,active
237865.0,237867.0,0,stall
237867.0,237869.0,0,active
237869.0,237870.0,0,idle
237870.0,237871.0,0,stall
237871.0,237878.0,0,active
237878.0,237880.0,0,stall
237880.0,237883.0,0,active
237883.0,237885.0,0,stall
237885.0,237886.0,0,active
237886.0,237888.0,0,stall
237888.0,237890.0,0,active
237890.0,237891.0,0,idle
237891.0,237892.0,0,stall
237892.0,237899.0,0,active
237899.0,237901.0,0,stall
237901.0,237904.0,0,active
237904.0,237906.0,0,stall
237906.0,237907.0,0,active
237907.0,237909.0,0,stall
237909.0,237911.0,0,active
237911.0,237912.0,0,idle
237912.0,237913.0,0,stall
237913.0,237920.0,0,active
237920.0,237922.0,0,stall
237922.0,237925.0,0,active
237925.0,237927.0,0,stall
237927.0,237928.0,0,active
237928.0,237930.0,0,stall
237930.0,237932.0,0,active
237932.0,237933.0,0,idle
237933.0,237934.0,0,stall
237934.0,237941.0,0,active
237941.0,237943.0,0,stall
237943.0,237946.0,0,active
237946.0,237948.0,0,stall
237948.0,237949.0,0,active
237949.0,237951.0,0,stall
237951.0,237953.0,0,active
237953.0,237954.0,0,idle
237954.0,237955.0,0,stall
237955.0,237962.0,0,active
237962.0,237964.0,0,stall
237964.0,237967.0,0,active
237967.0,237969.0,0,stall
237969.0,237970.0,0,active
237970.0,237972.0,0,stall
237972.0,237974.0,0,active
237974.0,237975.0,0,idle
237975.0,237976.0,0,stall
237976.0,237983.0,0,active
237983.0,237985.0,0,stall
237985.0,237988.0,0,active
237988.0,237990.0,0,stall
237990.0,237991.0,0,active
237991.0,237993.0,0,stall
237993.0,237995.0,0,active
237995.0,237996.0,0,idle
237996.0,237997.0,0,stall
237997.0,238004.0,0,active
238004.0,238006.0,0,stall
238006.0,238009.0,0,active
238009.0,238011.0,0,stall
238011.0,238012.0,0,active
238012.0,238014.0,0,stall
238014.0,238016.0,0,active
238016.0,238017.0,0,idle
238017.0,238018.0,0,stall
238018.0,238025.0,0,active
238025.0,238027.0,0,stall
238027.0,238030.0,0,active
238030.0,238032.0,0,stall
238032.0,238033.0,0,active
238033.0,238035.0,0,stall
238035.0,238037.0,0,active
238037.0,238038.0,0,idle
238038.0,238039.0,0,stall
238039.0,238046.0,0,active
238046.0,238048.0,0,stall
238048.0,238051.0,0,active
238051.0,238053.0,0,stall
238053.0,238054.0,0,active
238054.0,238056.0,0,stall
238056.0,238058.0,0,active
238058.0,238059.0,0,idle
238059.0,238060.0,0,stall
238060.0,238067.0,0,active
238067.0,238069.0,0,stall
238069.0,238072.0,0,active
238072.0,238074.0,0,stall
238074.0,238075.0,0,active
238075.0,238077.0,0,stall
238077.0,238079.0,0,active
238079.0,238080.0,0,idle
238080.0,238081.0,0,stall
238081.0,238088.0,0,active
238088.0,238090.0,0,stall
238090.0,238093.0,0,active
238093.0,238095.0,0,stall
238095.0,238096.0,0,active
238096.0,238098.0,0,stall
238098.0,238100.0,0,active
238100.0,238101.0,0,idle
238101.0,238102.0,0,stall
238102.0,238109.0,0,active
238109.0,238111.0,0,stall
238111.0,238114.0,0,active
238114.0,238116.0,0,stall
238116.0,238117.0,0,active
238117.0,238119.0,0,stall
238119.0,238121.0,0,active
238121.0,238122.0,0,idle
238122.0,238123.0,0,stall
238123.0,238130.0,0,active
238130.0,238132.0,0,stall
238132.0,238135.0,0,active
238135.0,238137.0,0,stall
238137.0,238138.0,0,active
238138.0,238140.0,0,stall
238140.0,238142.0,0,active
238142.0,238143.0,0,idle
238143.0,238144.0,0,stall
238144.0,238151.0,0,active
238151.0,238153.0,0,stall
238153.0,238156.0,0,active
238156.0,238158.0,0,stall
238158.0,238159.0,0,active
238159.0,238161.0,0,stall
238161.0,238163.0,0,active
238163.0,238164.0,0,idle
238164.0,238165.0,0,stall
238165.0,238172.0,0,active
238172.0,238174.0,0,stall
238174.0,238177.0,0,active
238177.0,238179.0,0,stall
238179.0,238180.0,0,active
238180.0,238182.0,0,stall
238182.0,238184.0,0,active
238184.0,238185.0,0,idle
238185.0,238186.0,0,stall
238186.0,238193.0,0,active
238193.0,238195.0,0,stall
238195.0,238198.0,0,active
238198.0,238200.0,0,stall
238200.0,238201.0,0,active
238201.0,238203.0,0,stall
238203.0,238205.0,0,active
238205.0,238206.0,0,idle
238206.0,238207.0,0,stall
238207.0,238214.0,0,active
238214.0,238216.0,0,stall
238216.0,238219.0,0,active
238219.0,238221.0,0,stall
238221.0,238222.0,0,active
238222.0,238224.0,0,stall
238224.0,238226.0,0,active
238226.0,238227.0,0,idle
238227.0,238228.0,0,stall
238228.0,238235.0,0,active
238235.0,238237.0,0,stall
238237.0,238240.0,0,active
238240.0,238242.0,0,stall
238242.0,238243.0,0,active
238243.0,238245.0,0,stall
238245.0,238247.0,0,active
238247.0,238248.0,0,idle
238248.0,238249.0,0,stall
238249.0,238256.0,0,active
238256.0,238258.0,0,stall
238258.0,238261.0,0,active
238261.0,238263.0,0,stall
238263.0,238264.0,0,active
238264.0,238266.0,0,stall
238266.0,238268.0,0,active
238268.0,238269.0,0,idle
238269.0,238270.0,0,stall
238270.0,238277.0,0,active
238277.0,238279.0,0,stall
238279.0,238282.0,0,active
238282.0,238284.0,0,stall
238284.0,238285.0,0,active
238285.0,238287.0,0,stall
238287.0,238289.0,0,active
238289.0,238290.0,0,idle
238290.0,238291.0,0,stall
238291.0,238298.0,0,active
238298.0,238300.0,0,stall
238300.0,238303.0,0,active
238303.0,238305.0,0,stall
238305.0,238306.0,0,active
238306.0,238308.0,0,stall
238308.0,238310.0,0,active
238310.0,238311.0,0,idle
238311.0,238312.0,0,stall
238312.0,238319.0,0,active
238319.0,238321.0,0,stall
238321.0,238324.0,0,active
238324.0,238326.0,0,stall
238326.0,238327.0,0,active
238327.0,238329.0,0,stall
238329.0,238331.0,0,active
238331.0,238332.0,0,idle
238332.0,238333.0,0,stall
238333.0,238340.0,0,active
238340.0,238342.0,0,stall
238342.0,238345.0,0,active
238345.0,238347.0,0,stall
238347.0,238348.0,0,active
238348.0,238350.0,0,stall
238350.0,238352.0,0,active
238352.0,238353.0,0,idle
238353.0,238354.0,0,stall
238354.0,238361.0,0,active
238361.0,238363.0,0,stall
238363.0,238366.0,0,active
238366.0,238368.0,0,stall
238368.0,238369.0,0,active
238369.0,238371.0,0,stall
238371.0,238373.0,0,active
238373.0,238374.0,0,idle
238374.0,238375.0,0,stall
238375.0,238382.0,0,active
238382.0,238384.0,0,stall
238384.0,238387.0,0,active
238387.0,238389.0,0,stall
238389.0,238390.0,0,active
238390.0,238392.0,0,stall
238392.0,238394.0,0,active
238394.0,238395.0,0,idle
238395.0,238396.0,0,stall
238396.0,238403.0,0,active
238403.0,238405.0,0,stall
238405.0,238408.0,0,active
238408.0,238410.0,0,stall
238410.0,238411.0,0,active
238411.0,238413.0,0,stall
238413.0,238415.0,0,active
238415.0,238416.0,0,idle
238416.0,238417.0,0,stall
238417.0,238424.0,0,active
238424.0,238426.0,0,stall
238426.0,238429.0,0,active
238429.0,238431.0,0,stall
238431.0,238432.0,0,active
238432.0,238434.0,0,stall
238434.0,238436.0,0,active
238436.0,238437.0,0,idle
238437.0,238438.0,0,stall
238438.0,238445.0,0,active
238445.0,238447.0,0,stall
238447.0,238450.0,0,active
238450.0,238452.0,0,stall
238452.0,238453.0,0,active
238453.0,238455.0,0,stall
238455.0,238457.0,0,active
238457.0,238458.0,0,idle
238458.0,238459.0,0,stall
238459.0,238466.0,0,active
238466.0,238468.0,0,stall
238468.0,238471.0,0,active
238471.0,238473.0,0,stall
238473.0,238474.0,0,active
238474.0,238476.0,0,stall
238476.0,238478.0,0,active
238478.0,238479.0,0,idle
238479.0,238480.0,0,stall
238480.0,238487.0,0,active
238487.0,238489.0,0,stall
238489.0,238492.0,0,active
238492.0,238494.0,0,stall
238494.0,238495.0,0,active
238495.0,238497.0,0,stall
238497.0,238499.0,0,active
238499.0,238500.0,0,idle
238500.0,238501.0,0,stall
238501.0,238508.0,0,active
238508.0,238510.0,0,stall
238510.0,238513.0,0,active
238513.0,238515.0,0,stall
238515.0,238516.0,0,active
238516.0,238518.0,0,stall
238518.0,238520.0,0,active
238520.0,238521.0,0,idle
238521.0,238522.0,0,stall
238522.0,238529.0,0,active
238529.0,238531.0,0,stall
238531.0,238534.0,0,active
238534.0,238536.0,0,stall
238536.0,238537.0,0,active
238537.0,238539.0,0,stall
238539.0,238541.0,0,active
238541.0,238542.0,0,idle
238542.0,238543.0,0,stall
238543.0,238550.0,0,active
238550.0,238552.0,0,stall
238552.0,238555.0,0,active
238555.0,238557.0,0,stall
238557.0,238558.0,0,active
238558.0,238560.0,0,stall
238560.0,238562.0,0,active
238562.0,238563.0,0,idle
238563.0,238564.0,0,stall
238564.0,238571.0,0,active
238571.0,238573.0,0,stall
238573.0,238576.0,0,active
238576.0,238578.0,0,stall
238578.0,238579.0,0,active
238579.0,238581.0,0,stall
238581.0,238583.0,0,active
238583.0,238584.0,0,idle
238584.0,238585.0,0,stall
238585.0,238592.0,0,active
238592.0,238594.0,0,stall
238594.0,238597.0,0,active
238597.0,238599.0,0,stall
238599.0,238600.0,0,active
238600.0,238602.0,0,stall
238602.0,238604.0,0,active
238604.0,238605.0,0,idle
238605.0,238606.0,0,stall
238606.0,238613.0,0,active
238613.0,238615.0,0,stall
238615.0,238618.0,0,active
238618.0,238620.0,0,stall
238620.0,238621.0,0,active
238621.0,238623.0,0,stall
238623.0,238625.0,0,active
238625.0,238626.0,0,idle
238626.0,238627.0,0,stall
238627.0,238634.0,0,active
238634.0,238636.0,0,stall
238636.0,238639.0,0,active
238639.0,238641.0,0,stall
238641.0,238642.0,0,active
238642.0,238644.0,0,stall
238644.0,238646.0,0,active
238646.0,238647.0,0,idle
238647.0,238648.0,0,stall
238648.0,238655.0,0,active
238655.0,238657.0,0,stall
238657.0,238660.0,0,active
238660.0,238662.0,0,stall
238662.0,238663.0,0,active
238663.0,238665.0,0,stall
238665.0,238667.0,0,active
238667.0,238668.0,0,idle
238668.0,238669.0,0,stall
238669.0,238676.0,0,active
238676.0,238678.0,0,stall
238678.0,238681.0,0,active
238681.0,238683.0,0,stall
238683.0,238684.0,0,active
238684.0,238686.0,0,stall
238686.0,238688.0,0,active
238688.0,238689.0,0,idle
238689.0,238690.0,0,stall
238690.0,238697.0,0,active
238697.0,238699.0,0,stall
238699.0,238702.0,0,active
238702.0,238704.0,0,stall
238704.0,238705.0,0,active
238705.0,238707.0,0,stall
238707.0,238709.0,0,active
238709.0,238710.0,0,idle
238710.0,238711.0,0,stall
238711.0,238718.0,0,active
238718.0,238720.0,0,stall
238720.0,238723.0,0,active
238723.0,238725.0,0,stall
238725.0,238726.0,0,active
238726.0,238728.0,0,stall
238728.0,238730.0,0,active
238730.0,238731.0,0,idle
238731.0,238732.0,0,stall
238732.0,238739.0,0,active
238739.0,238741.0,0,stall
238741.0,238744.0,0,active
238744.0,238746.0,0,stall
238746.0,238747.0,0,active
238747.0,238749.0,0,stall
238749.0,238751.0,0,active
238751.0,238752.0,0,idle
238752.0,238753.0,0,stall
238753.0,238760.0,0,active
238760.0,238762.0,0,stall
238762.0,238765.0,0,active
238765.0,238767.0,0,stall
238767.0,238768.0,0,active
238768.0,238770.0,0,stall
238770.0,238772.0,0,active
238772.0,238773.0,0,idle
238773.0,238774.0,0,stall
238774.0,238781.0,0,active
238781.0,238783.0,0,stall
238783.0,238786.0,0,active
238786.0,238788.0,0,stall
238788.0,238789.0,0,active
238789.0,238791.0,0,stall
238791.0,238793.0,0,active
238793.0,238794.0,0,idle
238794.0,238795.0,0,stall
238795.0,238802.0,0,active
238802.0,238804.0,0,stall
238804.0,238807.0,0,active
238807.0,238809.0,0,stall
238809.0,238810.0,0,active
238810.0,238812.0,0,stall
238812.0,238814.0,0,active
238814.0,238815.0,0,idle
238815.0,238816.0,0,stall
238816.0,238823.0,0,active
238823.0,238825.0,0,stall
238825.0,238828.0,0,active
238828.0,238830.0,0,stall
238830.0,238831.0,0,active
238831.0,238833.0,0,stall
238833.0,238835.0,0,active
238835.0,238836.0,0,idle
238836.0,238837.0,0,stall
238837.0,238844.0,0,active
238844.0,238846.0,0,stall
238846.0,238849.0,0,active
238849.0,238851.0,0,stall
238851.0,238852.0,0,active
238852.0,238854.0,0,stall
238854.0,238856.0,0,active
238856.0,238857.0,0,idle
238857.0,238858.0,0,stall
238858.0,238865.0,0,active
238865.0,238867.0,0,stall
238867.0,238870.0,0,active
238870.0,238872.0,0,stall
238872.0,238873.0,0,active
238873.0,238875.0,0,stall
238875.0,238877.0,0,active
238877.0,238878.0,0,idle
238878.0,238879.0,0,stall
238879.0,238886.0,0,active
238886.0,238888.0,0,stall
238888.0,238891.0,0,active
238891.0,238893.0,0,stall
238893.0,238894.0,0,active
238894.0,238896.0,0,stall
238896.0,238898.0,0,active
238898.0,238899.0,0,idle
238899.0,238900.0,0,stall
238900.0,238907.0,0,active
238907.0,238909.0,0,stall
238909.0,238912.0,0,active
238912.0,238914.0,0,stall
238914.0,238915.0,0,active
238915.0,238917.0,0,stall
238917.0,238919.0,0,active
238919.0,238920.0,0,idle
238920.0,238921.0,0,stall
238921.0,238928.0,0,active
238928.0,238930.0,0,stall
238930.0,238933.0,0,active
238933.0,238935.0,0,stall
238935.0,238936.0,0,active
238936.0,238938.0,0,stall
238938.0,238940.0,0,active
238940.0,238941.0,0,idle
238941.0,238942.0,0,stall
238942.0,238949.0,0,active
238949.0,238951.0,0,stall
238951.0,238954.0,0,active
238954.0,238956.0,0,stall
238956.0,238957.0,0,active
238957.0,238959.0,0,stall
238959.0,238961.0,0,active
238961.0,238962.0,0,idle
238962.0,238963.0,0,stall
238963.0,238970.0,0,active
238970.0,238972.0,0,stall
238972.0,238975.0,0,active
238975.0,238977.0,0,stall
238977.0,238978.0,0,active
238978.0,238980.0,0,stall
238980.0,238982.0,0,active
238982.0,238983.0,0,idle
238983.0,238984.0,0,stall
238984.0,238991.0,0,active
238991.0,238993.0,0,stall
238993.0,238996.0,0,active
238996.0,238998.0,0,stall
238998.0,238999.0,0,active
238999.0,239001.0,0,stall
239001.0,239003.0,0,active
239003.0,239004.0,0,idle
239004.0,239005.0,0,stall
239005.0,239012.0,0,active
239012.0,239014.0,0,stall
239014.0,239017.0,0,active
239017.0,239019.0,0,stall
239019.0,239020.0,0,active
239020.0,239022.0,0,stall
239022.0,239024.0,0,active
239024.0,239025.0,0,idle
239025.0,239026.0,0,stall
239026.0,239033.0,0,active
239033.0,239035.0,0,stall
239035.0,239038.0,0,active
239038.0,239040.0,0,stall
239040.0,239041.0,0,active
239041.0,239043.0,0,stall
239043.0,239045.0,0,active
239045.0,239046.0,0,idle
239046.0,239047.0,0,stall
239047.0,239054.0,0,active
239054.0,239056.0,0,stall
239056.0,239059.0,0,active
239059.0,239061.0,0,stall
239061.0,239062.0,0,active
239062.0,239064.0,0,stall
239064.0,239066.0,0,active
239066.0,239067.0,0,idle
239067.0,239068.0,0,stall
239068.0,239075.0,0,active
239075.0,239077.0,0,stall
239077.0,239080.0,0,active
239080.0,239082.0,0,stall
239082.0,239083.0,0,active
239083.0,239085.0,0,stall
239085.0,239087.0,0,active
239087.0,239088.0,0,idle
239088.0,239089.0,0,stall
239089.0,239096.0,0,active
239096.0,239098.0,0,stall
239098.0,239101.0,0,active
239101.0,239103.0,0,stall
239103.0,239104.0,0,active
239104.0,239106.0,0,stall
239106.0,239108.0,0,active
239108.0,239109.0,0,idle
239109.0,239110.0,0,stall
239110.0,239117.0,0,active
239117.0,239119.0,0,stall
239119.0,239122.0,0,active
239122.0,239124.0,0,stall
239124.0,239125.0,0,active
239125.0,239127.0,0,stall
239127.0,239129.0,0,active
239129.0,239130.0,0,idle
239130.0,239131.0,0,stall
239131.0,239138.0,0,active
239138.0,239140.0,0,stall
239140.0,239143.0,0,active
239143.0,239145.0,0,stall
239145.0,239146.0,0,active
239146.0,239148.0,0,stall
239148.0,239150.0,0,active
239150.0,239151.0,0,idle
239151.0,239152.0,0,stall
239152.0,239159.0,0,active
239159.0,239161.0,0,stall
239161.0,239164.0,0,active
239164.0,239166.0,0,stall
239166.0,239167.0,0,active
239167.0,239169.0,0,stall
239169.0,239171.0,0,active
239171.0,239172.0,0,idle
239172.0,239173.0,0,stall
239173.0,239180.0,0,active
239180.0,239182.0,0,stall
239182.0,239185.0,0,active
239185.0,239187.0,0,stall
239187.0,239188.0,0,active
239188.0,239190.0,0,stall
239190.0,239192.0,0,active
239192.0,239193.0,0,idle
239193.0,239194.0,0,stall
239194.0,239201.0,0,active
239201.0,239203.0,0,stall
239203.0,239206.0,0,active
239206.0,239208.0,0,stall
239208.0,239209.0,0,active
239209.0,239211.0,0,stall
239211.0,239213.0,0,active
239213.0,239214.0,0,idle
239214.0,239215.0,0,stall
239215.0,239222.0,0,active
239222.0,239224.0,0,stall
239224.0,239227.0,0,active
239227.0,239229.0,0,stall
239229.0,239230.0,0,active
239230.0,239232.0,0,stall
239232.0,239234.0,0,active
239234.0,239235.0,0,idle
239235.0,239236.0,0,stall
239236.0,239243.0,0,active
239243.0,239245.0,0,stall
239245.0,239248.0,0,active
239248.0,239250.0,0,stall
239250.0,239251.0,0,active
239251.0,239253.0,0,stall
239253.0,239255.0,0,active
239255.0,239256.0,0,idle
239256.0,239257.0,0,stall
239257.0,239264.0,0,active
239264.0,239266.0,0,stall
239266.0,239269.0,0,active
239269.0,239271.0,0,stall
239271.0,239272.0,0,active
239272.0,239274.0,0,stall
239274.0,239276.0,0,active
239276.0,239277.0,0,idle
239277.0,239278.0,0,stall
239278.0,239285.0,0,active
239285.0,239287.0,0,stall
239287.0,239290.0,0,active
239290.0,239292.0,0,stall
239292.0,239293.0,0,active
239293.0,239295.0,0,stall
239295.0,239297.0,0,active
239297.0,239298.0,0,idle
239298.0,239299.0,0,stall
239299.0,239306.0,0,active
239306.0,239308.0,0,stall
239308.0,239311.0,0,active
239311.0,239313.0,0,stall
239313.0,239314.0,0,active
239314.0,239316.0,0,stall
239316.0,239318.0,0,active
239318.0,239319.0,0,idle
239319.0,239320.0,0,stall
239320.0,239327.0,0,active
239327.0,239329.0,0,stall
239329.0,239332.0,0,active
239332.0,239334.0,0,stall
239334.0,239335.0,0,active
239335.0,239337.0,0,stall
239337.0,239339.0,0,active
239339.0,239340.0,0,idle
239340.0,239341.0,0,stall
239341.0,239348.0,0,active
239348.0,239350.0,0,stall
239350.0,239353.0,0,active
239353.0,239355.0,0,stall
239355.0,239356.0,0,active
239356.0,239358.0,0,stall
239358.0,239360.0,0,active
239360.0,239361.0,0,idle
239361.0,239362.0,0,stall
239362.0,239369.0,0,active
239369.0,239371.0,0,stall
239371.0,239374.0,0,active
239374.0,239376.0,0,stall
239376.0,239377.0,0,active
239377.0,239379.0,0,stall
239379.0,239381.0,0,active
239381.0,239382.0,0,idle
239382.0,239383.0,0,stall
239383.0,239390.0,0,active
239390.0,239392.0,0,stall
239392.0,239395.0,0,active
239395.0,239397.0,0,stall
239397.0,239398.0,0,active
239398.0,239400.0,0,stall
239400.0,239402.0,0,active
239402.0,239403.0,0,idle
239403.0,239404.0,0,stall
239404.0,239411.0,0,active
239411.0,239413.0,0,stall
239413.0,239416.0,0,active
239416.0,239418.0,0,stall
239418.0,239419.0,0,active
239419.0,239421.0,0,stall
239421.0,239423.0,0,active
239423.0,239424.0,0,idle
239424.0,239425.0,0,stall
239425.0,239432.0,0,active
239432.0,239434.0,0,stall
239434.0,239437.0,0,active
239437.0,239439.0,0,stall
239439.0,239440.0,0,active
239440.0,239442.0,0,stall
239442.0,239444.0,0,active
239444.0,239445.0,0,idle
239445.0,239446.0,0,stall
239446.0,239453.0,0,active
239453.0,239455.0,0,stall
239455.0,239458.0,0,active
239458.0,239460.0,0,stall
239460.0,239461.0,0,active
239461.0,239463.0,0,stall
239463.0,239465.0,0,active
239465.0,239466.0,0,idle
239466.0,239467.0,0,stall
239467.0,239474.0,0,active
239474.0,239476.0,0,stall
239476.0,239479.0,0,active
239479.0,239481.0,0,stall
239481.0,239482.0,0,active
239482.0,239484.0,0,stall
239484.0,239486.0,0,active
239486.0,239487.0,0,idle
239487.0,239488.0,0,stall
239488.0,239495.0,0,active
239495.0,239497.0,0,stall
239497.0,239500.0,0,active
239500.0,239502.0,0,stall
239502.0,239503.0,0,active
239503.0,239505.0,0,stall
239505.0,239507.0,0,active
239507.0,239508.0,0,idle
239508.0,239509.0,0,stall
239509.0,239516.0,0,active
239516.0,239518.0,0,stall
239518.0,239521.0,0,active
239521.0,239523.0,0,stall
239523.0,239524.0,0,active
239524.0,239526.0,0,stall
239526.0,239528.0,0,active
239528.0,239529.0,0,idle
239529.0,239530.0,0,stall
239530.0,239537.0,0,active
239537.0,239539.0,0,stall
239539.0,239542.0,0,active
239542.0,239544.0,0,stall
239544.0,239545.0,0,active
239545.0,239547.0,0,stall
239547.0,239549.0,0,active
239549.0,239550.0,0,idle
239550.0,239551.0,0,stall
239551.0,239558.0,0,active
239558.0,239560.0,0,stall
239560.0,239563.0,0,active
239563.0,239565.0,0,stall
239565.0,239566.0,0,active
239566.0,239568.0,0,stall
239568.0,239570.0,0,active
239570.0,239571.0,0,idle
239571.0,239572.0,0,stall
239572.0,239579.0,0,active
239579.0,239581.0,0,stall
239581.0,239584.0,0,active
239584.0,239586.0,0,stall
239586.0,239587.0,0,active
239587.0,239589.0,0,stall
239589.0,239591.0,0,active
239591.0,239592.0,0,idle
239592.0,239593.0,0,stall
239593.0,239600.0,0,active
239600.0,239602.0,0,stall
239602.0,239605.0,0,active
239605.0,239607.0,0,stall
239607.0,239608.0,0,active
239608.0,239610.0,0,stall
239610.0,239612.0,0,active
239612.0,239613.0,0,idle
239613.0,239614.0,0,stall
239614.0,239621.0,0,active
239621.0,239623.0,0,stall
239623.0,239626.0,0,active
239626.0,239628.0,0,stall
239628.0,239629.0,0,active
239629.0,239631.0,0,stall
239631.0,239633.0,0,active
239633.0,239634.0,0,idle
239634.0,239635.0,0,stall
239635.0,239642.0,0,active
239642.0,239644.0,0,stall
239644.0,239647.0,0,active
239647.0,239649.0,0,stall
239649.0,239650.0,0,active
239650.0,239652.0,0,stall
239652.0,239654.0,0,active
239654.0,239655.0,0,idle
239655.0,239656.0,0,stall
239656.0,239663.0,0,active
239663.0,239665.0,0,stall
239665.0,239668.0,0,active
239668.0,239670.0,0,stall
239670.0,239671.0,0,active
239671.0,239673.0,0,stall
239673.0,239675.0,0,active
239675.0,239676.0,0,idle
239676.0,239678.0,0,active
239678.0,239679.0,0,idle
239679.0,239680.0,0,active
239680.0,239681.0,0,stall
239681.0,239682.0,0,active
239682.0,239684.0,0,stall
239684.0,239686.0,0,active
239686.0,239687.0,0,idle
239687.0,239689.0,0,active
239689.0,239690.0,0,idle
239690.0,239692.0,0,active
239692.0,239693.0,0,idle
239693.0,239695.0,0,active
239695.0,239696.0,0,idle
239696.0,239698.0,0,active
239698.0,239699.0,0,idle
239699.0,239701.0,0,active
239701.0,239702.0,0,idle
239702.0,239704.0,0,active
239704.0,239705.0,0,idle
239705.0,239707.0,0,active
239707.0,239708.0,0,idle
239708.0,239710.0,0,active
239710.0,239711.0,0,idle
239711.0,239713.0,0,active
239713.0,239714.0,0,idle
239714.0,239716.0,0,active
239716.0,239717.0,0,idle
239717.0,239719.0,0,active
239719.0,239720.0,0,idle
239720.0,239722.0,0,active
239722.0,239723.0,0,idle
239723.0,239725.0,0,active
239725.0,239726.0,0,idle
239726.0,239728.0,0,active
239728.0,239729.0,0,idle
239729.0,239731.0,0,active
239731.0,239732.0,0,idle
239732.0,239734.0,0,active
239734.0,239735.0,0,idle
239735.0,239737.0,0,active
239737.0,239738.0,0,idle
239738.0,239740.0,0,active
239740.0,239741.0,0,idle
239741.0,239743.0,0,active
239743.0,239744.0,0,idle
239744.0,239746.0,0,active
239746.0,239747.0,0,idle
239747.0,239749.0,0,active
239749.0,239750.0,0,idle
239750.0,239752.0,0,active
239752.0,239753.0,0,idle
239753.0,239755.0,0,active
239755.0,239756.0,0,idle
239756.0,239758.0,0,active
239758.0,239759.0,0,idle
239759.0,239761.0,0,active
239761.0,239762.0,0,idle
239762.0,239764.0,0,active
239764.0,239765.0,0,idle
239765.0,239767.0,0,active
239767.0,239768.0,0,idle
239768.0,239770.0,0,active
239770.0,239771.0,0,idle
239771.0,239773.0,0,active
239773.0,239774.0,0,idle
239774.0,239776.0,0,active
239776.0,239777.0,0,idle
239777.0,239779.0,0,active
239779.0,239780.0,0,idle
239780.0,239782.0,0,active
239782.0,239783.0,0,idle
239783.0,239785.0,0,active
239785.0,239786.0,0,idle
239786.0,239788.0,0,active
239788.0,239789.0,0,idle
239789.0,239791.0,0,active
239791.0,239792.0,0,idle
239792.0,239794.0,0,active
239794.0,239795.0,0,idle
239795.0,239797.0,0,active
239797.0,239798.0,0,idle
239798.0,239800.0,0,active
239800.0,239801.0,0,idle
239801.0,239803.0,0,active
239803.0,239804.0,0,idle
239804.0,239806.0,0,active
239806.0,239807.0,0,idle
239807.0,239809.0,0,active
239809.0,239810.0,0,idle
239810.0,239812.0,0,active
239812.0,239813.0,0,idle
239813.0,239815.0,0,active
239815.0,239816.0,0,idle
239816.0,239818.0,0,active
239818.0,239819.0,0,idle
239819.0,239821.0,0,active
239821.0,239822.0,0,idle
239822.0,239824.0,0,active
239824.0,239825.0,0,idle
239825.0,239827.0,0,active
239827.0,239828.0,0,idle
239828.0,239830.0,0,active
239830.0,239831.0,0,idle
239831.0,239833.0,0,active
239833.0,239834.0,0,idle
239834.0,239836.0,0,active
239836.0,239837.0,0,idle
239837.0,239839.0,0,active
239839.0,239840.0,0,idle
239840.0,239842.0,0,active
239842.0,239843.0,0,idle
239843.0,239845.0,0,active
239845.0,239846.0,0,idle
239846.0,239848.0,0,active
239848.0,239849.0,0,idle
239849.0,239851.0,0,active
239851.0,239852.0,0,idle
239852.0,239854.0,0,active
239854.0,239855.0,0,idle
239855.0,239857.0,0,active
239857.0,239858.0,0,idle
239858.0,239860.0,0,active
239860.0,239861.0,0,idle
239861.0,239863.0,0,active
239863.0,239864.0,0,idle
239864.0,239866.0,0,active
239866.0,239867.0,0,idle
239867.0,239869.0,0,active
239869.0,239870.0,0,idle
239870.0,239872.0,0,active
239872.0,239873.0,0,idle
239873.0,239875.0,0,active
239875.0,239876.0,0,idle
239876.0,239878.0,0,active
239878.0,239879.0,0,idle
239879.0,239881.0,0,active
239881.0,239882.0,0,idle
239882.0,239884.0,0,active
239884.0,239885.0,0,idle
239885.0,239887.0,0,active
239887.0,239888.0,0,idle
239888.0,239890.0,0,active
239890.0,239891.0,0,idle
239891.0,239893.0,0,active
239893.0,239894.0,0,idle
239894.0,239896.0,0,active
239896.0,239897.0,0,idle
239897.0,239899.0,0,active
239899.0,239900.0,0,idle
239900.0,239902.0,0,active
239902.0,239903.0,0,idle
239903.0,239905.0,0,active
239905.0,239906.0,0,idle
239906.0,239908.0,0,active
239908.0,239909.0,0,idle
239909.0,239911.0,0,active
239911.0,239912.0,0,idle
239912.0,239914.0,0,active
239914.0,239915.0,0,idle
239915.0,239917.0,0,active
239917.0,239918.0,0,idle
239918.0,239920.0,0,active
239920.0,239921.0,0,idle
239921.0,239923.0,0,active
239923.0,239924.0,0,idle
239924.0,239926.0,0,active
239926.0,239927.0,0,idle
239927.0,239929.0,0,active
239929.0,239930.0,0,idle
239930.0,239932.0,0,active
239932.0,239933.0,0,idle
239933.0,239935.0,0,active
239935.0,239936.0,0,idle
239936.0,239938.0,0,active
239938.0,239939.0,0,idle
239939.0,239941.0,0,active
239941.0,239942.0,0,idle
239942.0,239944.0,0,active
239944.0,239945.0,0,idle
239945.0,239947.0,0,active
239947.0,239948.0,0,idle
239948.0,239950.0,0,active
239950.0,239951.0,0,idle
239951.0,239953.0,0,active
239953.0,239954.0,0,idle
239954.0,239956.0,0,active
239956.0,239957.0,0,idle
239957.0,239959.0,0,active
239959.0,239960.0,0,idle
239960.0,239962.0,0,active
239962.0,239963.0,0,idle
239963.0,239965.0,0,active
239965.0,239966.0,0,idle
239966.0,239968.0,0,active
239968.0,239969.0,0,idle
239969.0,239971.0,0,active
239971.0,239972.0,0,idle
239972.0,239974.0,0,active
239974.0,239975.0,0,idle
239975.0,239977.0,0,active
239977.0,239978.0,0,idle
239978.0,239980.0,0,active
239980.0,239981.0,0,idle
239981.0,239983.0,0,active
239983.0,239984.0,0,idle
239984.0,239986.0,0,active
239986.0,239987.0,0,idle
239987.0,239989.0,0,active
239989.0,239990.0,0,idle
239990.0,239992.0,0,active
239992.0,239993.0,0,idle
239993.0,239995.0,0,active
239995.0,239996.0,0,idle
239996.0,239998.0,0,active
239998.0,239999.0,0,idle
239999.0,240001.0,0,active
240001.0,240002.0,0,idle
240002.0,240004.0,0,active
240004.0,240005.0,0,idle
240005.0,240007.0,0,active
240007.0,240008.0,0,idle
240008.0,240010.0,0,active
240010.0,240011.0,0,idle
240011.0,240013.0,0,active
240013.0,240014.0,0,idle
240014.0,240016.0,0,active
240016.0,240017.0,0,idle
240017.0,240019.0,0,active
240019.0,240020.0,0,idle
240020.0,240022.0,0,active
240022.0,240023.0,0,idle
240023.0,240025.0,0,active
240025.0,240026.0,0,idle
240026.0,240028.0,0,active
240028.0,240029.0,0,idle
240029.0,240031.0,0,active
240031.0,240032.0,0,idle
240032.0,240034.0,0,active
240034.0,240035.0,0,idle
240035.0,240037.0,0,active
240037.0,240038.0,0,idle
240038.0,240040.0,0,active
240040.0,240041.0,0,idle
240041.0,240043.0,0,active
240043.0,240044.0,0,idle
240044.0,240046.0,0,active
240046.0,240047.0,0,idle
240047.0,240049.0,0,active
240049.0,240050.0,0,idle
240050.0,240052.0,0,active
240052.0,240053.0,0,idle
240053.0,240055.0,0,active
240055.0,240056.0,0,idle
240056.0,240058.0,0,active
240058.0,240059.0,0,idle
240059.0,240061.0,0,active
240061.0,240062.0,0,idle
240062.0,240064.0,0,active
240064.0,240065.0,0,idle
240065.0,240067.0,0,active
240067.0,240068.0,0,idle
240068.0,240070.0,0,active
240070.0,240071.0,0,idle
240071.0,240073.0,0,active
240073.0,240074.0,0,idle
240074.0,240076.0,0,active
240076.0,240077.0,0,idle
240077.0,240079.0,0,active
240079.0,240080.0,0,idle
240080.0,240082.0,0,active
240082.0,240083.0,0,idle
240083.0,240085.0,0,active
240085.0,240086.0,0,idle
240086.0,240088.0,0,active
240088.0,240089.0,0,idle
240089.0,240091.0,0,active
240091.0,240092.0,0,idle
240092.0,240094.0,0,active
240094.0,240095.0,0,idle
240095.0,240097.0,0,active
240097.0,240098.0,0,idle
240098.0,240100.0,0,active
240100.0,240101.0,0,idle
240101.0,240103.0,0,active
240103.0,240104.0,0,idle
240104.0,240106.0,0,active
240106.0,240107.0,0,idle
240107.0,240109.0,0,active
240109.0,240110.0,0,idle
240110.0,240112.0,0,active
240112.0,240113.0,0,idle
240113.0,240115.0,0,active
240115.0,240116.0,0,idle
240116.0,240118.0,0,active
240118.0,240119.0,0,idle
240119.0,240121.0,0,active
240121.0,240122.0,0,idle
240122.0,240124.0,0,active
240124.0,240125.0,0,idle
240125.0,240127.0,0,active
240127.0,240128.0,0,idle
240128.0,240130.0,0,active
240130.0,240131.0,0,idle
240131.0,240133.0,0,active
240133.0,240134.0,0,idle
240134.0,240136.0,0,active
240136.0,240137.0,0,idle
240137.0,240139.0,0,active
240139.0,240140.0,0,idle
240140.0,240142.0,0,active
240142.0,240143.0,0,idle
240143.0,240145.0,0,active
240145.0,240146.0,0,idle
240146.0,240148.0,0,active
240148.0,240149.0,0,idle
240149.0,240151.0,0,active
240151.0,240152.0,0,idle
240152.0,240154.0,0,active
240154.0,240155.0,0,idle
240155.0,240157.0,0,active
240157.0,240158.0,0,idle
240158.0,240160.0,0,active
240160.0,240161.0,0,idle
240161.0,240163.0,0,active
240163.0,240164.0,0,idle
240164.0,240166.0,0,active
240166.0,240167.0,0,idle
240167.0,240169.0,0,active
240169.0,240170.0,0,idle
240170.0,240172.0,0,active
240172.0,240173.0,0,idle
240173.0,240175.0,0,active
240175.0,240176.0,0,idle
240176.0,240178.0,0,active
240178.0,240179.0,0,idle
240179.0,240181.0,0,active
240181.0,240182.0,0,idle
240182.0,240184.0,0,active
240184.0,240185.0,0,idle
240185.0,240187.0,0,active
240187.0,240188.0,0,idle
240188.0,240190.0,0,active
240190.0,240191.0,0,idle
240191.0,240193.0,0,active
240193.0,240194.0,0,idle
240194.0,240196.0,0,active
240196.0,240197.0,0,idle
240197.0,240199.0,0,active
240199.0,240200.0,0,idle
240200.0,240202.0,0,active
240202.0,240203.0,0,idle
240203.0,240205.0,0,active
240205.0,240206.0,0,idle
240206.0,240208.0,0,active
240208.0,240209.0,0,idle
240209.0,240211.0,0,active
240211.0,240212.0,0,idle
240212.0,240214.0,0,active
240214.0,240215.0,0,idle
240215.0,240217.0,0,active
240217.0,240218.0,0,idle
240218.0,240220.0,0,active
240220.0,240221.0,0,idle
240221.0,240223.0,0,active
240223.0,240224.0,0,idle
240224.0,240226.0,0,active
240226.0,240227.0,0,idle
240227.0,240229.0,0,active
240229.0,240230.0,0,idle
240230.0,240232.0,0,active
240232.0,240233.0,0,idle
240233.0,240235.0,0,active
240235.0,240236.0,0,idle
240236.0,240238.0,0,active
240238.0,240239.0,0,idle
240239.0,240241.0,0,active
240241.0,240242.0,0,idle
240242.0,240244.0,0,active
240244.0,240245.0,0,idle
240245.0,240247.0,0,active
240247.0,240248.0,0,idle
240248.0,240250.0,0,active
240250.0,240251.0,0,idle
240251.0,240253.0,0,active
240253.0,240254.0,0,idle
240254.0,240256.0,0,active
240256.0,240257.0,0,idle
240257.0,240259.0,0,active
240259.0,240260.0,0,idle
240260.0,240262.0,0,active
240262.0,240263.0,0,idle
240263.0,240265.0,0,active
240265.0,240266.0,0,idle
240266.0,240268.0,0,active
240268.0,240269.0,0,idle
240269.0,240271.0,0,active
240271.0,240272.0,0,idle
240272.0,240274.0,0,active
240274.0,240275.0,0,idle
240275.0,240277.0,0,active
240277.0,240278.0,0,idle
240278.0,240280.0,0,active
240280.0,240281.0,0,idle
240281.0,240283.0,0,active
240283.0,240284.0,0,idle
240284.0,240286.0,0,active
240286.0,240287.0,0,idle
240287.0,240289.0,0,active
240289.0,240290.0,0,idle
240290.0,240292.0,0,active
240292.0,240293.0,0,idle
240293.0,240295.0,0,active
240295.0,240296.0,0,idle
240296.0,240298.0,0,active
240298.0,240299.0,0,idle
240299.0,240301.0,0,active
240301.0,240302.0,0,idle
240302.0,240304.0,0,active
240304.0,240305.0,0,idle
240305.0,240307.0,0,active
240307.0,240308.0,0,idle
240308.0,240310.0,0,active
240310.0,240311.0,0,idle
240311.0,240313.0,0,active
240313.0,240314.0,0,idle
240314.0,240316.0,0,active
240316.0,240317.0,0,idle
240317.0,240319.0,0,active
240319.0,240320.0,0,idle
240320.0,240322.0,0,active
240322.0,240323.0,0,idle
240323.0,240325.0,0,active
240325.0,240326.0,0,idle
240326.0,240328.0,0,active
240328.0,240329.0,0,idle
240329.0,240331.0,0,active
240331.0,240332.0,0,idle
240332.0,240334.0,0,active
240334.0,240335.0,0,idle
240335.0,240337.0,0,active
240337.0,240338.0,0,idle
240338.0,240340.0,0,active
240340.0,240341.0,0,idle
240341.0,240343.0,0,active
240343.0,240344.0,0,idle
240344.0,240346.0,0,active
240346.0,240347.0,0,idle
240347.0,240349.0,0,active
240349.0,240350.0,0,idle
240350.0,240352.0,0,active
240352.0,240353.0,0,idle
240353.0,240355.0,0,active
240355.0,240356.0,0,idle
240356.0,240358.0,0,active
240358.0,240359.0,0,idle
240359.0,240361.0,0,active
240361.0,240362.0,0,idle
240362.0,240364.0,0,active
240364.0,240365.0,0,idle
240365.0,240367.0,0,active
240367.0,240368.0,0,idle
240368.0,240370.0,0,active
240370.0,240371.0,0,idle
240371.0,240373.0,0,active
240373.0,240374.0,0,idle
240374.0,240376.0,0,active
240376.0,240377.0,0,idle
240377.0,240379.0,0,active
240379.0,240380.0,0,idle
240380.0,240382.0,0,active
240382.0,240383.0,0,idle
240383.0,240385.0,0,active
240385.0,240386.0,0,idle
240386.0,240388.0,0,active
240388.0,240389.0,0,idle
240389.0,240391.0,0,active
240391.0,240392.0,0,idle
240392.0,240394.0,0,active
240394.0,240395.0,0,idle
240395.0,240397.0,0,active
240397.0,240398.0,0,idle
240398.0,240400.0,0,active
240400.0,240401.0,0,idle
240401.0,240403.0,0,active
240403.0,240404.0,0,idle
240404.0,240406.0,0,active
240406.0,240407.0,0,idle
240407.0,240409.0,0,active
240409.0,240410.0,0,idle
240410.0,240412.0,0,active
240412.0,240413.0,0,idle
240413.0,240415.0,0,active
240415.0,240416.0,0,idle
240416.0,240418.0,0,active
240418.0,240419.0,0,idle
240419.0,240421.0,0,active
240421.0,240422.0,0,idle
240422.0,240424.0,0,active
240424.0,240425.0,0,idle
240425.0,240427.0,0,active
240427.0,240428.0,0,idle
240428.0,240430.0,0,active
240430.0,240431.0,0,idle
240431.0,240433.0,0,active
240433.0,240434.0,0,idle
240434.0,240436.0,0,active
240436.0,240437.0,0,idle
240437.0,240439.0,0,active
240439.0,240440.0,0,idle
240440.0,240442.0,0,active
240442.0,240443.0,0,idle
240443.0,240445.0,0,active
240445.0,240446.0,0,idle
240446.0,240448.0,0,active
240448.0,240449.0,0,idle
240449.0,240451.0,0,active
240451.0,240452.0,0,idle
240452.0,240454.0,0,active
240454.0,240455.0,0,idle
240455.0,240457.0,0,active
240457.0,240458.0,0,idle
240458.0,240460.0,0,active
240460.0,240461.0,0,idle
240461.0,240463.0,0,active
240463.0,240464.0,0,idle
240464.0,240466.0,0,active
240466.0,240467.0,0,idle
240467.0,240469.0,0,active
240469.0,240470.0,0,idle
240470.0,240472.0,0,active
240472.0,240473.0,0,idle
240473.0,240475.0,0,active
240475.0,240476.0,0,idle
240476.0,240478.0,0,active
240478.0,240479.0,0,idle
240479.0,240481.0,0,active
240481.0,240482.0,0,idle
240482.0,240484.0,0,active
240484.0,240485.0,0,idle
240485.0,240487.0,0,active
240487.0,240488.0,0,idle
240488.0,240490.0,0,active
240490.0,240491.0,0,idle
240491.0,240493.0,0,active
240493.0,240494.0,0,idle
240494.0,240496.0,0,active
240496.0,240497.0,0,idle
240497.0,240499.0,0,active
240499.0,240500.0,0,idle
240500.0,240502.0,0,active
240502.0,240503.0,0,idle
240503.0,240505.0,0,active
240505.0,240506.0,0,idle
240506.0,240508.0,0,active
240508.0,240509.0,0,idle
240509.0,240511.0,0,active
240511.0,240512.0,0,idle
240512.0,240514.0,0,active
240514.0,240515.0,0,idle
240515.0,240517.0,0,active
240517.0,240518.0,0,idle
240518.0,240520.0,0,active
240520.0,240521.0,0,idle
240521.0,240523.0,0,active
240523.0,240524.0,0,idle
240524.0,240526.0,0,active
240526.0,240527.0,0,idle
240527.0,240529.0,0,active
240529.0,240530.0,0,idle
240530.0,240532.0,0,active
240532.0,240533.0,0,idle
240533.0,240535.0,0,active
240535.0,240536.0,0,idle
240536.0,240538.0,0,active
240538.0,240539.0,0,idle
240539.0,240541.0,0,active
240541.0,240542.0,0,idle
240542.0,240544.0,0,active
240544.0,240545.0,0,idle
240545.0,240547.0,0,active
240547.0,240548.0,0,idle
240548.0,240550.0,0,active
240550.0,240551.0,0,idle
240551.0,240553.0,0,active
240553.0,240554.0,0,idle
240554.0,240556.0,0,active
240556.0,240557.0,0,idle
240557.0,240559.0,0,active
240559.0,240560.0,0,idle
240560.0,240562.0,0,active
240562.0,240563.0,0,idle
240563.0,240565.0,0,active
240565.0,240566.0,0,idle
240566.0,240568.0,0,active
240568.0,240569.0,0,idle
240569.0,240571.0,0,active
240571.0,240572.0,0,idle
240572.0,240574.0,0,active
240574.0,240575.0,0,idle
240575.0,240577.0,0,active
240577.0,240578.0,0,idle
240578.0,240580.0,0,active
240580.0,240581.0,0,idle
240581.0,240583.0,0,active
240583.0,240584.0,0,idle
240584.0,240586.0,0,active
240586.0,240587.0,0,idle
240587.0,240589.0,0,active
240589.0,240590.0,0,idle
240590.0,240592.0,0,active
240592.0,240593.0,0,idle
240593.0,240595.0,0,active
240595.0,240596.0,0,idle
240596.0,240598.0,0,active
240598.0,240599.0,0,idle
240599.0,240601.0,0,active
240601.0,240602.0,0,idle
240602.0,240604.0,0,active
240604.0,240605.0,0,idle
240605.0,240607.0,0,active
240607.0,240608.0,0,idle
240608.0,240610.0,0,active
240610.0,240611.0,0,idle
240611.0,240613.0,0,active
240613.0,240614.0,0,idle
240614.0,240616.0,0,active
240616.0,240617.0,0,idle
240617.0,240619.0,0,active
240619.0,240620.0,0,idle
240620.0,240622.0,0,active
240622.0,240623.0,0,idle
240623.0,240625.0,0,active
240625.0,240626.0,0,idle
240626.0,240628.0,0,active
240628.0,240629.0,0,idle
240629.0,240631.0,0,active
240631.0,240632.0,0,idle
240632.0,240634.0,0,active
240634.0,240635.0,0,idle
240635.0,240637.0,0,active
240637.0,240638.0,0,idle
240638.0,240640.0,0,active
240640.0,240641.0,0,idle
240641.0,240643.0,0,active
240643.0,240644.0,0,idle
240644.0,240646.0,0,active
240646.0,240647.0,0,idle
240647.0,240649.0,0,active
240649.0,240650.0,0,idle
240650.0,240652.0,0,active
240652.0,240653.0,0,idle
240653.0,240655.0,0,active
240655.0,240656.0,0,idle
240656.0,240658.0,0,active
240658.0,240659.0,0,idle
240659.0,240661.0,0,active
240661.0,240662.0,0,idle
240662.0,240664.0,0,active
240664.0,240665.0,0,idle
240665.0,240667.0,0,active
240667.0,240668.0,0,idle
240668.0,240670.0,0,active
240670.0,240671.0,0,idle
240671.0,240673.0,0,active
240673.0,240674.0,0,idle
240674.0,240676.0,0,active
240676.0,240677.0,0,idle
240677.0,240679.0,0,active
240679.0,240680.0,0,idle
240680.0,240682.0,0,active
240682.0,240683.0,0,idle
240683.0,240685.0,0,active
240685.0,240686.0,0,idle
240686.0,240688.0,0,active
240688.0,240689.0,0,idle
240689.0,240691.0,0,active
240691.0,240692.0,0,idle
240692.0,240694.0,0,active
240694.0,240695.0,0,idle
240695.0,240697.0,0,active
240697.0,240698.0,0,idle
240698.0,240700.0,0,active
240700.0,240701.0,0,idle
240701.0,240703.0,0,active
240703.0,240704.0,0,idle
240704.0,240706.0,0,active
240706.0,240707.0,0,idle
240707.0,240709.0,0,active
240709.0,240710.0,0,idle
240710.0,240712.0,0,active
240712.0,240713.0,0,idle
240713.0,240715.0,0,active
240715.0,240716.0,0,idle
240716.0,240718.0,0,active
240718.0,240719.0,0,idle
240719.0,240721.0,0,active
240721.0,240722.0,0,idle
240722.0,240724.0,0,active
240724.0,240725.0,0,idle
240725.0,240727.0,0,active
240727.0,240728.0,0,idle
240728.0,240730.0,0,active
240730.0,240731.0,0,idle
240731.0,240733.0,0,active
240733.0,240734.0,0,idle
240734.0,240736.0,0,active
240736.0,240737.0,0,idle
240737.0,240739.0,0,active
240739.0,240740.0,0,idle
240740.0,240742.0,0,active
240742.0,240743.0,0,idle
240743.0,240745.0,0,active
240745.0,240746.0,0,idle
240746.0,240748.0,0,active
240748.0,240749.0,0,idle
240749.0,240751.0,0,active
240751.0,240752.0,0,idle
240752.0,240754.0,0,active
240754.0,240755.0,0,idle
240755.0,240757.0,0,active
240757.0,240758.0,0,idle
240758.0,240760.0,0,active
240760.0,240761.0,0,idle
240761.0,240763.0,0,active
240763.0,240764.0,0,idle
240764.0,240766.0,0,active
240766.0,240767.0,0,idle
240767.0,240769.0,0,active
240769.0,240770.0,0,idle
240770.0,240772.0,0,active
240772.0,240773.0,0,idle
240773.0,240775.0,0,active
240775.0,240776.0,0,idle
240776.0,240778.0,0,active
240778.0,240779.0,0,idle
240779.0,240781.0,0,active
240781.0,240782.0,0,idle
240782.0,240784.0,0,active
240784.0,240785.0,0,idle
240785.0,240787.0,0,active
240787.0,240788.0,0,idle
240788.0,240790.0,0,active
240790.0,240791.0,0,idle
240791.0,240793.0,0,active
240793.0,240794.0,0,idle
240794.0,240796.0,0,active
240796.0,240797.0,0,idle
240797.0,240799.0,0,active
240799.0,240800.0,0,idle
240800.0,240802.0,0,active
240802.0,240803.0,0,idle
240803.0,240805.0,0,active
240805.0,240806.0,0,idle
240806.0,240808.0,0,active
240808.0,240809.0,0,idle
240809.0,240811.0,0,active
240811.0,240812.0,0,idle
240812.0,240814.0,0,active
240814.0,240815.0,0,idle
240815.0,240817.0,0,active
240817.0,240818.0,0,idle
240818.0,240820.0,0,active
240820.0,240821.0,0,idle
240821.0,240823.0,0,active
240823.0,240824.0,0,idle
240824.0,240826.0,0,active
240826.0,240827.0,0,idle
240827.0,240829.0,0,active
240829.0,240830.0,0,idle
240830.0,240832.0,0,active
240832.0,240833.0,0,idle
240833.0,240835.0,0,active
240835.0,240836.0,0,idle
240836.0,240838.0,0,active
240838.0,240839.0,0,idle
240839.0,240841.0,0,active
240841.0,240842.0,0,idle
240842.0,240844.0,0,active
240844.0,240845.0,0,idle
240845.0,240847.0,0,active
240847.0,240848.0,0,idle
240848.0,240850.0,0,active
240850.0,240851.0,0,idle
240851.0,240853.0,0,active
240853.0,240854.0,0,idle
240854.0,240856.0,0,active
240856.0,240857.0,0,idle
240857.0,240859.0,0,active
240859.0,240860.0,0,idle
240860.0,240862.0,0,active
240862.0,240863.0,0,idle
240863.0,240865.0,0,active
240865.0,240866.0,0,idle
240866.0,240868.0,0,active
240868.0,240869.0,0,idle
240869.0,240871.0,0,active
240871.0,240872.0,0,idle
240872.0,240874.0,0,active
240874.0,240875.0,0,idle
240875.0,240877.0,0,active
240877.0,240878.0,0,idle
240878.0,240880.0,0,active
240880.0,240881.0,0,idle
240881.0,240883.0,0,active
240883.0,240884.0,0,idle
240884.0,240886.0,0,active
240886.0,240887.0,0,idle
240887.0,240889.0,0,active
240889.0,240890.0,0,idle
240890.0,240892.0,0,active
240892.0,240893.0,0,idle
240893.0,240895.0,0,active
240895.0,240896.0,0,idle
240896.0,240898.0,0,active
240898.0,240899.0,0,idle
240899.0,240901.0,0,active
240901.0,240902.0,0,idle
240902.0,240904.0,0,active
240904.0,240905.0,0,idle
240905.0,240907.0,0,active
240907.0,240908.0,0,idle
240908.0,240910.0,0,active
240910.0,240911.0,0,idle
240911.0,240913.0,0,active
240913.0,240914.0,0,idle
240914.0,240916.0,0,active
240916.0,240917.0,0,idle
240917.0,240919.0,0,active
240919.0,240920.0,0,idle
240920.0,240922.0,0,active
240922.0,240923.0,0,idle
240923.0,240925.0,0,active
240925.0,240926.0,0,idle
240926.0,240928.0,0,active
240928.0,240929.0,0,idle
240929.0,240931.0,0,active
240931.0,240932.0,0,idle
240932.0,240934.0,0,active
240934.0,240935.0,0,idle
240935.0,240937.0,0,active
240937.0,240938.0,0,idle
240938.0,240940.0,0,active
240940.0,240941.0,0,idle
240941.0,240943.0,0,active
240943.0,240944.0,0,idle
240944.0,240946.0,0,active
240946.0,240947.0,0,idle
240947.0,240949.0,0,active
240949.0,240950.0,0,idle
240950.0,240952.0,0,active
240952.0,240953.0,0,idle
240953.0,240955.0,0,active
240955.0,240956.0,0,idle
240956.0,240958.0,0,active
240958.0,240959.0,0,idle
240959.0,240961.0,0,active
240961.0,240962.0,0,idle
240962.0,240964.0,0,active
240964.0,240965.0,0,idle
240965.0,240967.0,0,active
240967.0,240968.0,0,idle
240968.0,240970.0,0,active
240970.0,240971.0,0,idle
240971.0,240973.0,0,active
240973.0,240974.0,0,idle
240974.0,240976.0,0,active
240976.0,240977.0,0,idle
240977.0,240979.0,0,active
240979.0,240980.0,0,idle
240980.0,240982.0,0,active
240982.0,240983.0,0,idle
240983.0,240985.0,0,active
240985.0,240986.0,0,idle
240986.0,240988.0,0,active
240988.0,240989.0,0,idle
240989.0,240991.0,0,active
240991.0,240992.0,0,idle
240992.0,240994.0,0,active
240994.0,240995.0,0,idle
240995.0,240997.0,0,active
240997.0,240998.0,0,idle
240998.0,241000.0,0,active
241000.0,241001.0,0,idle
241001.0,241003.0,0,active
241003.0,241004.0,0,idle
241004.0,241006.0,0,active
241006.0,241007.0,0,idle
241007.0,241009.0,0,active
241009.0,241010.0,0,idle
241010.0,241012.0,0,active
241012.0,241013.0,0,idle
241013.0,241015.0,0,active
241015.0,241016.0,0,idle
241016.0,241018.0,0,active
241018.0,241019.0,0,idle
241019.0,241021.0,0,active
241021.0,241022.0,0,idle
241022.0,241024.0,0,active
241024.0,241025.0,0,idle
241025.0,241027.0,0,active
241027.0,241028.0,0,idle
241028.0,241030.0,0,active
241030.0,241031.0,0,idle
241031.0,241033.0,0,active
241033.0,241034.0,0,idle
241034.0,241036.0,0,active
241036.0,241037.0,0,idle
241037.0,241039.0,0,active
241039.0,241040.0,0,idle
241040.0,241042.0,0,active
241042.0,241043.0,0,idle
241043.0,241045.0,0,active
241045.0,241046.0,0,idle
241046.0,241048.0,0,active
241048.0,241049.0,0,idle
241049.0,241051.0,0,active
241051.0,241052.0,0,idle
241052.0,241054.0,0,active
241054.0,241055.0,0,idle
241055.0,241057.0,0,active
241057.0,241058.0,0,idle
241058.0,241060.0,0,active
241060.0,241061.0,0,idle
241061.0,241063.0,0,active
241063.0,241064.0,0,idle
241064.0,241066.0,0,active
241066.0,241067.0,0,idle
241067.0,241069.0,0,active
241069.0,241070.0,0,idle
241070.0,241072.0,0,active
241072.0,241073.0,0,idle
241073.0,241075.0,0,active
241075.0,241076.0,0,idle
241076.0,241078.0,0,active
241078.0,241079.0,0,idle
241079.0,241081.0,0,active
241081.0,241082.0,0,idle
241082.0,241084.0,0,active
241084.0,241085.0,0,idle
241085.0,241087.0,0,active
241087.0,241088.0,0,idle
241088.0,241090.0,0,active
241090.0,241091.0,0,idle
241091.0,241093.0,0,active
241093.0,241094.0,0,idle
241094.0,241096.0,0,active
241096.0,241097.0,0,idle
241097.0,241099.0,0,active
241099.0,241100.0,0,idle
241100.0,241102.0,0,active
241102.0,241103.0,0,idle
241103.0,241105.0,0,active
241105.0,241106.0,0,idle
241106.0,241108.0,0,active
241108.0,241109.0,0,idle
241109.0,241111.0,0,active
241111.0,241112.0,0,idle
241112.0,241114.0,0,active
241114.0,241115.0,0,idle
241115.0,241117.0,0,active
241117.0,241118.0,0,idle
241118.0,241120.0,0,active
241120.0,241121.0,0,idle
241121.0,241123.0,0,active
241123.0,241124.0,0,idle
241124.0,241126.0,0,active
241126.0,241127.0,0,idle
241127.0,241129.0,0,active
241129.0,241130.0,0,idle
241130.0,241132.0,0,active
241132.0,241133.0,0,idle
241133.0,241135.0,0,active
241135.0,241136.0,0,idle
241136.0,241138.0,0,active
241138.0,241139.0,0,idle
241139.0,241141.0,0,active
241141.0,241142.0,0,idle
241142.0,241144.0,0,active
241144.0,241145.0,0,idle
241145.0,241147.0,0,active
241147.0,241148.0,0,idle
241148.0,241150.0,0,active
241150.0,241151.0,0,idle
241151.0,241153.0,0,active
241153.0,241154.0,0,idle
241154.0,241156.0,0,active
241156.0,241157.0,0,idle
241157.0,241159.0,0,active
241159.0,241160.0,0,idle
241160.0,241162.0,0,active
241162.0,241163.0,0,idle
241163.0,241165.0,0,active
241165.0,241166.0,0,idle
241166.0,241168.0,0,active
241168.0,241169.0,0,idle
241169.0,241171.0,0,active
241171.0,241172.0,0,idle
241172.0,241174.0,0,active
241174.0,241175.0,0,idle
241175.0,241177.0,0,active
241177.0,241178.0,0,idle
241178.0,241180.0,0,active
241180.0,241181.0,0,idle
241181.0,241183.0,0,active
241183.0,241184.0,0,idle
241184.0,241186.0,0,active
241186.0,241187.0,0,idle
241187.0,241189.0,0,active
241189.0,241190.0,0,idle
241190.0,241192.0,0,active
241192.0,241193.0,0,idle
241193.0,241195.0,0,active
241195.0,241196.0,0,idle
241196.0,241198.0,0,active
241198.0,241199.0,0,idle
241199.0,241201.0,0,active
241201.0,241202.0,0,idle
241202.0,241204.0,0,active
241204.0,241205.0,0,idle
241205.0,241207.0,0,active
241207.0,241208.0,0,idle
241208.0,241210.0,0,active
241210.0,241211.0,0,idle
241211.0,241213.0,0,active
241213.0,241214.0,0,idle
241214.0,241216.0,0,active
241216.0,241217.0,0,idle
241217.0,241219.0,0,active
241219.0,241220.0,0,idle
241220.0,241222.0,0,active
241222.0,241223.0,0,idle
241223.0,241225.0,0,active
241225.0,241226.0,0,idle
241226.0,241228.0,0,active
241228.0,241229.0,0,idle
241229.0,241231.0,0,active
241231.0,241232.0,0,idle
241232.0,241234.0,0,active
241234.0,241235.0,0,idle
241235.0,241237.0,0,active
241237.0,241238.0,0,idle
241238.0,241240.0,0,active
241240.0,241241.0,0,idle
241241.0,241243.0,0,active
241243.0,241244.0,0,idle
241244.0,241246.0,0,active
241246.0,241247.0,0,idle
241247.0,241249.0,0,active
241249.0,241250.0,0,idle
241250.0,241252.0,0,active
241252.0,241253.0,0,idle
241253.0,241255.0,0,active
241255.0,241256.0,0,idle
241256.0,241258.0,0,active
241258.0,241259.0,0,idle
241259.0,241261.0,0,active
241261.0,241262.0,0,idle
241262.0,241264.0,0,active
241264.0,241265.0,0,idle
241265.0,241267.0,0,active
241267.0,241268.0,0,idle
241268.0,241270.0,0,active
241270.0,241271.0,0,idle
241271.0,241273.0,0,active
241273.0,241274.0,0,idle
241274.0,241276.0,0,active
241276.0,241277.0,0,idle
241277.0,241279.0,0,active
241279.0,241280.0,0,idle
241280.0,241282.0,0,active
241282.0,241283.0,0,idle
241283.0,241285.0,0,active
241285.0,241286.0,0,idle
241286.0,241288.0,0,active
241288.0,241289.0,0,idle
241289.0,241291.0,0,active
241291.0,241292.0,0,idle
241292.0,241294.0,0,active
241294.0,241295.0,0,idle
241295.0,241297.0,0,active
241297.0,241298.0,0,idle
241298.0,241300.0,0,active
241300.0,241301.0,0,idle
241301.0,241303.0,0,active
241303.0,241304.0,0,idle
241304.0,241306.0,0,active
241306.0,241307.0,0,idle
241307.0,241309.0,0,active
241309.0,241310.0,0,idle
241310.0,241312.0,0,active
241312.0,241313.0,0,idle
241313.0,241315.0,0,active
241315.0,241316.0,0,idle
241316.0,241318.0,0,active
241318.0,241319.0,0,idle
241319.0,241321.0,0,active
241321.0,241322.0,0,idle
241322.0,241324.0,0,active
241324.0,241325.0,0,idle
241325.0,241327.0,0,active
241327.0,241328.0,0,idle
241328.0,241330.0,0,active
241330.0,241331.0,0,idle
241331.0,241333.0,0,active
241333.0,241334.0,0,idle
241334.0,241336.0,0,active
241336.0,241337.0,0,idle
241337.0,241339.0,0,active
241339.0,241340.0,0,idle
241340.0,241342.0,0,active
241342.0,241343.0,0,idle
241343.0,241345.0,0,active
241345.0,241346.0,0,idle
241346.0,241348.0,0,active
241348.0,241349.0,0,idle
241349.0,241351.0,0,active
241351.0,241352.0,0,idle
241352.0,241354.0,0,active
241354.0,241355.0,0,idle
241355.0,241357.0,0,active
241357.0,241358.0,0,idle
241358.0,241360.0,0,active
241360.0,241361.0,0,idle
241361.0,241363.0,0,active
241363.0,241364.0,0,idle
241364.0,241366.0,0,active
241366.0,241367.0,0,idle
241367.0,241369.0,0,active
241369.0,241370.0,0,idle
241370.0,241372.0,0,active
241372.0,241373.0,0,idle
241373.0,241375.0,0,active
241375.0,241376.0,0,idle
241376.0,241378.0,0,active
241378.0,241379.0,0,idle
241379.0,241381.0,0,active
241381.0,241382.0,0,idle
241382.0,241384.0,0,active
241384.0,241385.0,0,idle
241385.0,241387.0,0,active
241387.0,241388.0,0,idle
241388.0,241390.0,0,active
241390.0,241391.0,0,idle
241391.0,241393.0,0,active
241393.0,241394.0,0,idle
241394.0,241396.0,0,active
241396.0,241397.0,0,idle
241397.0,241399.0,0,active
241399.0,241400.0,0,idle
241400.0,241402.0,0,active
241402.0,241403.0,0,idle
241403.0,241405.0,0,active
241405.0,241406.0,0,idle
241406.0,241408.0,0,active
241408.0,241409.0,0,idle
241409.0,241411.0,0,active
241411.0,241412.0,0,idle
241412.0,241414.0,0,active
241414.0,241415.0,0,idle
241415.0,241417.0,0,active
241417.0,241418.0,0,idle
241418.0,241420.0,0,active
241420.0,241421.0,0,idle
241421.0,241423.0,0,active
241423.0,241424.0,0,idle
241424.0,241426.0,0,active
241426.0,241427.0,0,idle
241427.0,241429.0,0,active
241429.0,241430.0,0,idle
241430.0,241432.0,0,active
241432.0,241433.0,0,idle
241433.0,241435.0,0,active
241435.0,241436.0,0,idle
241436.0,241438.0,0,active
241438.0,241439.0,0,idle
241439.0,241441.0,0,active
241441.0,241442.0,0,idle
241442.0,241444.0,0,active
241444.0,241445.0,0,idle
241445.0,241447.0,0,active
241447.0,241448.0,0,idle
241448.0,241450.0,0,active
241450.0,241451.0,0,idle
241451.0,241453.0,0,active
241453.0,241454.0,0,idle
241454.0,241456.0,0,active
241456.0,241457.0,0,idle
241457.0,241459.0,0,active
241459.0,241460.0,0,idle
241460.0,241462.0,0,active
241462.0,241463.0,0,idle
241463.0,241465.0,0,active
241465.0,241466.0,0,idle
241466.0,241468.0,0,active
241468.0,241469.0,0,idle
241469.0,241471.0,0,active
241471.0,241472.0,0,idle
241472.0,241474.0,0,active
241474.0,241475.0,0,idle
241475.0,241477.0,0,active
241477.0,241478.0,0,idle
241478.0,241480.0,0,active
241480.0,241481.0,0,idle
241481.0,241483.0,0,active
241483.0,241484.0,0,idle
241484.0,241486.0,0,active
241486.0,241487.0,0,idle
241487.0,241489.0,0,active
241489.0,241490.0,0,idle
241490.0,241492.0,0,active
241492.0,241493.0,0,idle
241493.0,241495.0,0,active
241495.0,241496.0,0,idle
241496.0,241498.0,0,active
241498.0,241499.0,0,idle
241499.0,241501.0,0,active
241501.0,241502.0,0,idle
241502.0,241504.0,0,active
241504.0,241505.0,0,idle
241505.0,241507.0,0,active
241507.0,241508.0,0,idle
241508.0,241510.0,0,active
241510.0,241511.0,0,idle
241511.0,241513.0,0,active
241513.0,241514.0,0,idle
241514.0,241516.0,0,active
241516.0,241517.0,0,idle
241517.0,241519.0,0,active
241519.0,241520.0,0,idle
241520.0,241522.0,0,active
241522.0,241523.0,0,idle
241523.0,241525.0,0,active
241525.0,241526.0,0,idle
241526.0,241528.0,0,active
241528.0,241529.0,0,idle
241529.0,241531.0,0,active
241531.0,241532.0,0,idle
241532.0,241534.0,0,active
241534.0,241535.0,0,idle
241535.0,241537.0,0,active
241537.0,241538.0,0,idle
241538.0,241540.0,0,active
241540.0,241541.0,0,idle
241541.0,241543.0,0,active
241543.0,241544.0,0,idle
241544.0,241546.0,0,active
241546.0,241547.0,0,idle
241547.0,241549.0,0,active
241549.0,241550.0,0,idle
241550.0,241552.0,0,active
241552.0,241553.0,0,idle
241553.0,241555.0,0,active
241555.0,241556.0,0,idle
241556.0,241558.0,0,active
241558.0,241559.0,0,idle
241559.0,241561.0,0,active
241561.0,241562.0,0,idle
241562.0,241564.0,0,active
241564.0,241565.0,0,idle
241565.0,241567.0,0,active
241567.0,241568.0,0,idle
241568.0,241570.0,0,active
241570.0,241571.0,0,idle
241571.0,241573.0,0,active
241573.0,241574.0,0,idle
241574.0,241576.0,0,active
241576.0,241577.0,0,idle
241577.0,241579.0,0,active
241579.0,241580.0,0,idle
241580.0,241582.0,0,active
241582.0,241583.0,0,idle
241583.0,241585.0,0,active
241585.0,241586.0,0,idle
241586.0,241588.0,0,active
241588.0,241589.0,0,idle
241589.0,241591.0,0,active
241591.0,241592.0,0,idle
241592.0,241594.0,0,active
241594.0,241595.0,0,idle
241595.0,241597.0,0,active
241597.0,241598.0,0,idle
241598.0,241600.0,0,active
241600.0,241601.0,0,idle
241601.0,241603.0,0,active
241603.0,241604.0,0,idle
241604.0,241606.0,0,active
241606.0,241607.0,0,idle
241607.0,241609.0,0,active
241609.0,241610.0,0,idle
241610.0,241612.0,0,active
241612.0,241613.0,0,idle
241613.0,241615.0,0,active
241615.0,241616.0,0,idle
241616.0,241618.0,0,active
241618.0,241619.0,0,idle
241619.0,241621.0,0,active
241621.0,241622.0,0,idle
241622.0,241624.0,0,active
241624.0,241625.0,0,idle
241625.0,241627.0,0,active
241627.0,241628.0,0,idle
241628.0,241630.0,0,active
241630.0,241631.0,0,idle
241631.0,241633.0,0,active
241633.0,241634.0,0,idle
241634.0,241636.0,0,active
241636.0,241637.0,0,idle
241637.0,241639.0,0,active
241639.0,241640.0,0,idle
241640.0,241642.0,0,active
241642.0,241643.0,0,idle
241643.0,241645.0,0,active
241645.0,241646.0,0,idle
241646.0,241648.0,0,active
241648.0,241649.0,0,idle
241649.0,241651.0,0,active
241651.0,241652.0,0,idle
241652.0,241654.0,0,active
241654.0,241655.0,0,idle
241655.0,241657.0,0,active
241657.0,241658.0,0,idle
241658.0,241660.0,0,active
241660.0,241661.0,0,idle
241661.0,241663.0,0,active
241663.0,241664.0,0,idle
241664.0,241666.0,0,active
241666.0,241667.0,0,idle
241667.0,241669.0,0,active
241669.0,241670.0,0,idle
241670.0,241672.0,0,active
241672.0,241673.0,0,idle
241673.0,241675.0,0,active
241675.0,241676.0,0,idle
241676.0,241678.0,0,active
241678.0,241679.0,0,idle
241679.0,241681.0,0,active
241681.0,241682.0,0,idle
241682.0,241684.0,0,active
241684.0,241685.0,0,idle
241685.0,241687.0,0,active
241687.0,241688.0,0,idle
241688.0,241690.0,0,active
241690.0,241691.0,0,idle
241691.0,241693.0,0,active
241693.0,241694.0,0,idle
241694.0,241696.0,0,active
241696.0,241697.0,0,idle
241697.0,241699.0,0,active
241699.0,241700.0,0,idle
241700.0,241702.0,0,active
241702.0,241703.0,0,idle
241703.0,241705.0,0,active
241705.0,241706.0,0,idle
241706.0,241708.0,0,active
241708.0,241709.0,0,idle
241709.0,241711.0,0,active
241711.0,241712.0,0,idle
241712.0,241714.0,0,active
241714.0,241715.0,0,idle
241715.0,241717.0,0,active
241717.0,241718.0,0,idle
241718.0,241720.0,0,active
241720.0,241721.0,0,idle
241721.0,241723.0,0,active
241723.0,241724.0,0,idle
241724.0,241726.0,0,active
241726.0,241727.0,0,idle
241727.0,241729.0,0,active
241729.0,241730.0,0,idle
241730.0,241732.0,0,active
241732.0,241733.0,0,idle
241733.0,241735.0,0,active
241735.0,241736.0,0,idle
241736.0,241738.0,0,active
241738.0,241739.0,0,idle
241739.0,241741.0,0,active
241741.0,241742.0,0,idle
241742.0,241744.0,0,active
241744.0,241745.0,0,idle
241745.0,241747.0,0,active
241747.0,241748.0,0,idle
241748.0,241750.0,0,active
241750.0,241751.0,0,idle
241751.0,241753.0,0,active
241753.0,241754.0,0,idle
241754.0,241756.0,0,active
241756.0,241757.0,0,idle
241757.0,241759.0,0,active
241759.0,241760.0,0,idle
241760.0,241762.0,0,active
241762.0,241763.0,0,idle
241763.0,241765.0,0,active
241765.0,241766.0,0,idle
241766.0,241768.0,0,active
241768.0,241769.0,0,idle
241769.0,241771.0,0,active
241771.0,241772.0,0,idle
241772.0,241774.0,0,active
241774.0,241775.0,0,idle
241775.0,241777.0,0,active
241777.0,241778.0,0,idle
241778.0,241780.0,0,active
241780.0,241781.0,0,idle
241781.0,241783.0,0,active
241783.0,241784.0,0,idle
241784.0,241786.0,0,active
241786.0,241787.0,0,idle
241787.0,241789.0,0,active
241789.0,241790.0,0,idle
241790.0,241792.0,0,active
241792.0,241793.0,0,idle
241793.0,241795.0,0,active
241795.0,241796.0,0,idle
241796.0,241798.0,0,active
241798.0,241799.0,0,idle
241799.0,241801.0,0,active
241801.0,241802.0,0,idle
241802.0,241804.0,0,active
241804.0,241805.0,0,idle
241805.0,241807.0,0,active
241807.0,241808.0,0,idle
241808.0,241810.0,0,active
241810.0,241811.0,0,idle
241811.0,241813.0,0,active
241813.0,241814.0,0,idle
241814.0,241816.0,0,active
241816.0,241817.0,0,idle
241817.0,241819.0,0,active
241819.0,241820.0,0,idle
241820.0,241822.0,0,active
241822.0,241823.0,0,idle
241823.0,241825.0,0,active
241825.0,241826.0,0,idle
241826.0,241828.0,0,active
241828.0,241829.0,0,idle
241829.0,241831.0,0,active
241831.0,241832.0,0,idle
241832.0,241834.0,0,active
241834.0,241835.0,0,idle
241835.0,241837.0,0,active
241837.0,241838.0,0,idle
241838.0,241840.0,0,active
241840.0,241841.0,0,idle
241841.0,241843.0,0,active
241843.0,241844.0,0,idle
241844.0,241846.0,0,active
241846.0,241847.0,0,idle
241847.0,241849.0,0,active
241849.0,241850.0,0,idle
241850.0,241852.0,0,active
241852.0,241853.0,0,idle
241853.0,241855.0,0,active
241855.0,241856.0,0,idle
241856.0,241858.0,0,active
241858.0,241859.0,0,idle
241859.0,241861.0,0,active
241861.0,241862.0,0,idle
241862.0,241864.0,0,active
241864.0,241865.0,0,idle
241865.0,241867.0,0,active
241867.0,241868.0,0,idle
241868.0,241870.0,0,active
241870.0,241871.0,0,idle
241871.0,241873.0,0,active
241873.0,241874.0,0,idle
241874.0,241876.0,0,active
241876.0,241877.0,0,idle
241877.0,241879.0,0,active
241879.0,241880.0,0,idle
241880.0,241882.0,0,active
241882.0,241883.0,0,idle
241883.0,241885.0,0,active
241885.0,241886.0,0,idle
241886.0,241888.0,0,active
241888.0,241889.0,0,idle
241889.0,241891.0,0,active
241891.0,241892.0,0,idle
241892.0,241894.0,0,active
241894.0,241895.0,0,idle
241895.0,241897.0,0,active
241897.0,241898.0,0,idle
241898.0,241900.0,0,active
241900.0,241901.0,0,idle
241901.0,241903.0,0,active
241903.0,241904.0,0,idle
241904.0,241906.0,0,active
241906.0,241907.0,0,idle
241907.0,241909.0,0,active
241909.0,241910.0,0,idle
241910.0,241912.0,0,active
241912.0,241913.0,0,idle
241913.0,241915.0,0,active
241915.0,241916.0,0,idle
241916.0,241918.0,0,active
241918.0,241919.0,0,idle
241919.0,241921.0,0,active
241921.0,241922.0,0,idle
241922.0,241924.0,0,active
241924.0,241925.0,0,idle
241925.0,241927.0,0,active
241927.0,241928.0,0,idle
241928.0,241930.0,0,active
241930.0,241931.0,0,idle
241931.0,241933.0,0,active
241933.0,241934.0,0,idle
241934.0,241936.0,0,active
241936.0,241937.0,0,idle
241937.0,241939.0,0,active
241939.0,241940.0,0,idle
241940.0,241942.0,0,active
241942.0,241943.0,0,idle
241943.0,241945.0,0,active
241945.0,241946.0,0,idle
241946.0,241948.0,0,active
241948.0,241949.0,0,idle
241949.0,241951.0,0,active
241951.0,241952.0,0,idle
241952.0,241954.0,0,active
241954.0,241955.0,0,idle
241955.0,241957.0,0,active
241957.0,241958.0,0,idle
241958.0,241960.0,0,active
241960.0,241961.0,0,idle
241961.0,241963.0,0,active
241963.0,241964.0,0,idle
241964.0,241966.0,0,active
241966.0,241967.0,0,idle
241967.0,241969.0,0,active
241969.0,241970.0,0,idle
241970.0,241972.0,0,active
241972.0,241973.0,0,idle
241973.0,241975.0,0,active
241975.0,241976.0,0,idle
241976.0,241978.0,0,active
241978.0,241979.0,0,idle
241979.0,241981.0,0,active
241981.0,241982.0,0,idle
241982.0,241984.0,0,active
241984.0,241985.0,0,idle
241985.0,241987.0,0,active
241987.0,241988.0,0,idle
241988.0,241990.0,0,active
241990.0,241991.0,0,idle
241991.0,241993.0,0,active
241993.0,241994.0,0,idle
241994.0,241996.0,0,active
241996.0,241997.0,0,idle
241997.0,241999.0,0,active
241999.0,242000.0,0,idle
242000.0,242002.0,0,active
242002.0,242003.0,0,idle
242003.0,242005.0,0,active
242005.0,242006.0,0,idle
242006.0,242008.0,0,active
242008.0,242009.0,0,idle
242009.0,242011.0,0,active
242011.0,242012.0,0,idle
242012.0,242014.0,0,active
242014.0,242015.0,0,idle
242015.0,242017.0,0,active
242017.0,242018.0,0,idle
242018.0,242020.0,0,active
242020.0,242021.0,0,idle
242021.0,242023.0,0,active
242023.0,242024.0,0,idle
242024.0,242026.0,0,active
242026.0,242027.0,0,idle
242027.0,242029.0,0,active
242029.0,242030.0,0,idle
242030.0,242032.0,0,active
242032.0,242033.0,0,idle
242033.0,242035.0,0,active
242035.0,242036.0,0,idle
242036.0,242038.0,0,active
242038.0,242039.0,0,idle
242039.0,242041.0,0,active
242041.0,242042.0,0,idle
242042.0,242044.0,0,active
242044.0,242045.0,0,idle
242045.0,242047.0,0,active
242047.0,242048.0,0,idle
242048.0,242050.0,0,active
242050.0,242051.0,0,idle
242051.0,242053.0,0,active
242053.0,242054.0,0,idle
242054.0,242056.0,0,active
242056.0,242057.0,0,idle
242057.0,242059.0,0,active
242059.0,242060.0,0,idle
242060.0,242062.0,0,active
242062.0,242063.0,0,idle
242063.0,242065.0,0,active
242065.0,242066.0,0,idle
242066.0,242068.0,0,active
242068.0,242069.0,0,idle
242069.0,242071.0,0,active
242071.0,242072.0,0,idle
242072.0,242074.0,0,active
242074.0,242075.0,0,idle
242075.0,242077.0,0,active
242077.0,242078.0,0,idle
242078.0,242080.0,0,active
242080.0,242081.0,0,idle
242081.0,242083.0,0,active
242083.0,242084.0,0,idle
242084.0,242086.0,0,active
242086.0,242087.0,0,idle
242087.0,242089.0,0,active
242089.0,242090.0,0,idle
242090.0,242092.0,0,active
242092.0,242093.0,0,idle
242093.0,242095.0,0,active
242095.0,242096.0,0,idle
242096.0,242098.0,0,active
242098.0,242099.0,0,idle
242099.0,242101.0,0,active
242101.0,242102.0,0,idle
242102.0,242104.0,0,active
242104.0,242105.0,0,idle
242105.0,242107.0,0,active
242107.0,242108.0,0,idle
242108.0,242110.0,0,active
242110.0,242111.0,0,idle
242111.0,242113.0,0,active
242113.0,242114.0,0,idle
242114.0,242116.0,0,active
242116.0,242117.0,0,idle
242117.0,242119.0,0,active
242119.0,242120.0,0,idle
242120.0,242122.0,0,active
242122.0,242123.0,0,idle
242123.0,242125.0,0,active
242125.0,242126.0,0,idle
242126.0,242128.0,0,active
242128.0,242129.0,0,idle
242129.0,242131.0,0,active
242131.0,242132.0,0,idle
242132.0,242134.0,0,active
242134.0,242135.0,0,idle
242135.0,242137.0,0,active
242137.0,242138.0,0,idle
242138.0,242140.0,0,active
242140.0,242141.0,0,idle
242141.0,242143.0,0,active
242143.0,242144.0,0,idle
242144.0,242146.0,0,active
242146.0,242147.0,0,idle
242147.0,242149.0,0,active
242149.0,242150.0,0,idle
242150.0,242152.0,0,active
242152.0,242153.0,0,idle
242153.0,242155.0,0,active
242155.0,242156.0,0,idle
242156.0,242158.0,0,active
242158.0,242159.0,0,idle
242159.0,242161.0,0,active
242161.0,242162.0,0,idle
242162.0,242164.0,0,active
242164.0,242165.0,0,idle
242165.0,242167.0,0,active
242167.0,242168.0,0,idle
242168.0,242170.0,0,active
242170.0,242171.0,0,idle
242171.0,242173.0,0,active
242173.0,242174.0,0,idle
242174.0,242176.0,0,active
242176.0,242177.0,0,idle
242177.0,242179.0,0,active
242179.0,242180.0,0,idle
242180.0,242182.0,0,active
242182.0,242183.0,0,idle
242183.0,242185.0,0,active
242185.0,242186.0,0,idle
242186.0,242188.0,0,active
242188.0,242189.0,0,idle
242189.0,242191.0,0,active
242191.0,242192.0,0,idle
242192.0,242194.0,0,active
242194.0,242195.0,0,idle
242195.0,242197.0,0,active
242197.0,242198.0,0,idle
242198.0,242200.0,0,active
242200.0,242201.0,0,idle
242201.0,242203.0,0,active
242203.0,242204.0,0,idle
242204.0,242206.0,0,active
242206.0,242207.0,0,idle
242207.0,242209.0,0,active
242209.0,242210.0,0,idle
242210.0,242212.0,0,active
242212.0,242213.0,0,idle
242213.0,242215.0,0,active
242215.0,242216.0,0,idle
242216.0,242218.0,0,active
242218.0,242219.0,0,idle
242219.0,242221.0,0,active
242221.0,242222.0,0,idle
242222.0,242224.0,0,active
242224.0,242225.0,0,idle
242225.0,242227.0,0,active
242227.0,242228.0,0,idle
242228.0,242230.0,0,active
242230.0,242231.0,0,idle
242231.0,242233.0,0,active
242233.0,242234.0,0,idle
242234.0,242236.0,0,active
242236.0,242237.0,0,idle
242237.0,242239.0,0,active
242239.0,242240.0,0,idle
242240.0,242242.0,0,active
242242.0,242243.0,0,idle
242243.0,242245.0,0,active
242245.0,242246.0,0,idle
242246.0,242248.0,0,active
242248.0,242249.0,0,idle
242249.0,242251.0,0,active
242251.0,242252.0,0,idle
242252.0,242254.0,0,active
242254.0,242255.0,0,idle
242255.0,242257.0,0,active
242257.0,242258.0,0,idle
242258.0,242260.0,0,active
242260.0,242261.0,0,idle
242261.0,242263.0,0,active
242263.0,242264.0,0,idle
242264.0,242266.0,0,active
242266.0,242267.0,0,idle
242267.0,242269.0,0,active
242269.0,242270.0,0,idle
242270.0,242272.0,0,active
242272.0,242273.0,0,idle
242273.0,242275.0,0,active
242275.0,242276.0,0,idle
242276.0,242278.0,0,active
242278.0,242279.0,0,idle
242279.0,242281.0,0,active
242281.0,242282.0,0,idle
242282.0,242284.0,0,active
242284.0,242285.0,0,idle
242285.0,242287.0,0,active
242287.0,242288.0,0,idle
242288.0,242290.0,0,active
242290.0,242291.0,0,idle
242291.0,242293.0,0,active
242293.0,242294.0,0,idle
242294.0,242296.0,0,active
242296.0,242297.0,0,idle
242297.0,242299.0,0,active
242299.0,242300.0,0,idle
242300.0,242302.0,0,active
242302.0,242303.0,0,idle
242303.0,242305.0,0,active
242305.0,242306.0,0,idle
242306.0,242308.0,0,active
242308.0,242309.0,0,idle
242309.0,242311.0,0,active
242311.0,242312.0,0,idle
242312.0,242314.0,0,active
242314.0,242315.0,0,idle
242315.0,242317.0,0,active
242317.0,242318.0,0,idle
242318.0,242320.0,0,active
242320.0,242321.0,0,idle
242321.0,242323.0,0,active
242323.0,242324.0,0,idle
242324.0,242326.0,0,active
242326.0,242327.0,0,idle
242327.0,242329.0,0,active
242329.0,242330.0,0,idle
242330.0,242332.0,0,active
242332.0,242333.0,0,idle
242333.0,242335.0,0,active
242335.0,242336.0,0,idle
242336.0,242338.0,0,active
242338.0,242339.0,0,idle
242339.0,242341.0,0,active
242341.0,242342.0,0,idle
242342.0,242344.0,0,active
242344.0,242345.0,0,idle
242345.0,242347.0,0,active
242347.0,242348.0,0,idle
242348.0,242350.0,0,active
242350.0,242351.0,0,idle
242351.0,242353.0,0,active
242353.0,242354.0,0,idle
242354.0,242356.0,0,active
242356.0,242357.0,0,idle
242357.0,242359.0,0,active
242359.0,242360.0,0,idle
242360.0,242362.0,0,active
242362.0,242363.0,0,idle
242363.0,242365.0,0,active
242365.0,242366.0,0,idle
242366.0,242368.0,0,active
242368.0,242369.0,0,idle
242369.0,242371.0,0,active
242371.0,242372.0,0,idle
242372.0,242374.0,0,active
242374.0,242375.0,0,idle
242375.0,242377.0,0,active
242377.0,242378.0,0,idle
242378.0,242380.0,0,active
242380.0,242381.0,0,idle
242381.0,242383.0,0,active
242383.0,242384.0,0,idle
242384.0,242386.0,0,active
242386.0,242387.0,0,idle
242387.0,242389.0,0,active
242389.0,242390.0,0,idle
242390.0,242392.0,0,active
242392.0,242393.0,0,idle
242393.0,242395.0,0,active
242395.0,242396.0,0,idle
242396.0,242398.0,0,active
242398.0,242399.0,0,idle
242399.0,242401.0,0,active
242401.0,242402.0,0,idle
242402.0,242404.0,0,active
242404.0,242405.0,0,idle
242405.0,242407.0,0,active
242407.0,242408.0,0,idle
242408.0,242410.0,0,active
242410.0,242411.0,0,idle
242411.0,242413.0,0,active
242413.0,242414.0,0,idle
242414.0,242416.0,0,active
242416.0,242417.0,0,idle
242417.0,242419.0,0,active
242419.0,242420.0,0,idle
242420.0,242422.0,0,active
242422.0,242423.0,0,idle
242423.0,242425.0,0,active
242425.0,242426.0,0,idle
242426.0,242428.0,0,active
242428.0,242429.0,0,idle
242429.0,242431.0,0,active
242431.0,242432.0,0,idle
242432.0,242434.0,0,active
242434.0,242435.0,0,idle
242435.0,242437.0,0,active
242437.0,242438.0,0,idle
242438.0,242440.0,0,active
242440.0,242441.0,0,idle
242441.0,242443.0,0,active
242443.0,242444.0,0,idle
242444.0,242446.0,0,active
242446.0,242447.0,0,idle
242447.0,242449.0,0,active
242449.0,242450.0,0,idle
242450.0,242452.0,0,active
242452.0,242453.0,0,idle
242453.0,242455.0,0,active
242455.0,242456.0,0,idle
242456.0,242458.0,0,active
242458.0,242459.0,0,idle
242459.0,242461.0,0,active
242461.0,242462.0,0,idle
242462.0,242464.0,0,active
242464.0,242465.0,0,idle
242465.0,242467.0,0,active
242467.0,242468.0,0,idle
242468.0,242470.0,0,active
242470.0,242471.0,0,idle
242471.0,242473.0,0,active
242473.0,242474.0,0,idle
242474.0,242476.0,0,active
242476.0,242477.0,0,idle
242477.0,242479.0,0,active
242479.0,242480.0,0,idle
242480.0,242482.0,0,active
242482.0,242483.0,0,idle
242483.0,242485.0,0,active
242485.0,242486.0,0,idle
242486.0,242488.0,0,active
242488.0,242489.0,0,idle
242489.0,242491.0,0,active
242491.0,242492.0,0,idle
242492.0,242494.0,0,active
242494.0,242495.0,0,idle
242495.0,242497.0,0,active
242497.0,242498.0,0,idle
242498.0,242500.0,0,active
242500.0,242501.0,0,idle
242501.0,242503.0,0,active
242503.0,242504.0,0,idle
242504.0,242506.0,0,active
242506.0,242507.0,0,idle
242507.0,242509.0,0,active
242509.0,242510.0,0,idle
242510.0,242512.0,0,active
242512.0,242513.0,0,idle
242513.0,242515.0,0,active
242515.0,242516.0,0,idle
242516.0,242518.0,0,active
242518.0,242519.0,0,idle
242519.0,242521.0,0,active
242521.0,242522.0,0,idle
242522.0,242524.0,0,active
242524.0,242525.0,0,idle
242525.0,242527.0,0,active
242527.0,242528.0,0,idle
242528.0,242530.0,0,active
242530.0,242531.0,0,idle
242531.0,242533.0,0,active
242533.0,242534.0,0,idle
242534.0,242536.0,0,active
242536.0,242537.0,0,idle
242537.0,242539.0,0,active
242539.0,242540.0,0,idle
242540.0,242542.0,0,active
242542.0,242543.0,0,idle
242543.0,242545.0,0,active
242545.0,242546.0,0,idle
242546.0,242548.0,0,active
242548.0,242549.0,0,idle
242549.0,242551.0,0,active
242551.0,242552.0,0,idle
242552.0,242554.0,0,active
242554.0,242555.0,0,idle
242555.0,242557.0,0,active
242557.0,242558.0,0,idle
242558.0,242560.0,0,active
242560.0,242561.0,0,idle
242561.0,242563.0,0,active
242563.0,242564.0,0,idle
242564.0,242566.0,0,active
242566.0,242567.0,0,idle
242567.0,242569.0,0,active
242569.0,242570.0,0,idle
242570.0,242572.0,0,active
242572.0,242573.0,0,idle
242573.0,242575.0,0,active
242575.0,242576.0,0,idle
242576.0,242578.0,0,active
242578.0,242579.0,0,idle
242579.0,242581.0,0,active
242581.0,242582.0,0,idle
242582.0,242584.0,0,active
242584.0,242585.0,0,idle
242585.0,242587.0,0,active
242587.0,242588.0,0,idle
242588.0,242590.0,0,active
242590.0,242591.0,0,idle
242591.0,242593.0,0,active
242593.0,242594.0,0,idle
242594.0,242596.0,0,active
242596.0,242597.0,0,idle
242597.0,242599.0,0,active
242599.0,242600.0,0,idle
242600.0,242602.0,0,active
242602.0,242603.0,0,idle
242603.0,242605.0,0,active
242605.0,242606.0,0,idle
242606.0,242608.0,0,active
242608.0,242609.0,0,idle
242609.0,242611.0,0,active
242611.0,242612.0,0,idle
242612.0,242614.0,0,active
242614.0,242615.0,0,idle
242615.0,242617.0,0,active
242617.0,242618.0,0,idle
242618.0,242620.0,0,active
242620.0,242621.0,0,idle
242621.0,242623.0,0,active
242623.0,242624.0,0,idle
242624.0,242626.0,0,active
242626.0,242627.0,0,idle
242627.0,242629.0,0,active
242629.0,242630.0,0,idle
242630.0,242632.0,0,active
242632.0,242633.0,0,idle
242633.0,242635.0,0,active
242635.0,242636.0,0,idle
242636.0,242638.0,0,active
242638.0,242639.0,0,idle
242639.0,242641.0,0,active
242641.0,242642.0,0,idle
242642.0,242644.0,0,active
242644.0,242645.0,0,idle
242645.0,242647.0,0,active
242647.0,242648.0,0,idle
242648.0,242650.0,0,active
242650.0,242651.0,0,idle
242651.0,242653.0,0,active
242653.0,242654.0,0,idle
242654.0,242656.0,0,active
242656.0,242657.0,0,idle
242657.0,242659.0,0,active
242659.0,242660.0,0,idle
242660.0,242662.0,0,active
242662.0,242663.0,0,idle
242663.0,242665.0,0,active
242665.0,242666.0,0,idle
242666.0,242668.0,0,active
242668.0,242669.0,0,idle
242669.0,242671.0,0,active
242671.0,242672.0,0,idle
242672.0,242674.0,0,active
242674.0,242675.0,0,idle
242675.0,242677.0,0,active
242677.0,242678.0,0,idle
242678.0,242680.0,0,active
242680.0,242681.0,0,idle
242681.0,242683.0,0,active
242683.0,242684.0,0,idle
242684.0,242686.0,0,active
242686.0,242687.0,0,idle
242687.0,242689.0,0,active
242689.0,242690.0,0,idle
242690.0,242692.0,0,active
242692.0,242693.0,0,idle
242693.0,242695.0,0,active
242695.0,242696.0,0,idle
242696.0,242698.0,0,active
242698.0,242699.0,0,idle
242699.0,242701.0,0,active
242701.0,242702.0,0,idle
242702.0,242704.0,0,active
242704.0,242705.0,0,idle
242705.0,242707.0,0,active
242707.0,242708.0,0,idle
242708.0,242710.0,0,active
242710.0,242711.0,0,idle
242711.0,242713.0,0,active
242713.0,242714.0,0,idle
242714.0,242716.0,0,active
242716.0,242717.0,0,idle
242717.0,242719.0,0,active
242719.0,242720.0,0,idle
242720.0,242722.0,0,active
242722.0,242723.0,0,idle
242723.0,242725.0,0,active
242725.0,242726.0,0,idle
242726.0,242728.0,0,active
242728.0,242729.0,0,idle
242729.0,242731.0,0,active
242731.0,242732.0,0,idle
242732.0,242734.0,0,active
242734.0,242735.0,0,idle
242735.0,242737.0,0,active
242737.0,242738.0,0,idle
242738.0,242740.0,0,active
242740.0,242741.0,0,idle
242741.0,242743.0,0,active
242743.0,242744.0,0,idle
242744.0,242746.0,0,active
242746.0,242747.0,0,idle
242747.0,242749.0,0,active
242749.0,242750.0,0,idle
242750.0,242752.0,0,active
242752.0,242753.0,0,idle
242753.0,242755.0,0,active
242755.0,242756.0,0,idle
242756.0,242758.0,0,active
242758.0,242759.0,0,idle
242759.0,242761.0,0,active
242761.0,242762.0,0,idle
242762.0,242764.0,0,active
242764.0,242765.0,0,idle
242765.0,242767.0,0,active
242767.0,242768.0,0,idle
242768.0,242770.0,0,active
242770.0,242771.0,0,idle
242771.0,242773.0,0,active
242773.0,242774.0,0,idle
242774.0,242776.0,0,active
242776.0,242777.0,0,idle
242777.0,242779.0,0,active
242779.0,242780.0,0,idle
242780.0,242782.0,0,active
242782.0,242783.0,0,idle
242783.0,242785.0,0,active
242785.0,242786.0,0,idle
242786.0,242788.0,0,active
242788.0,242789.0,0,idle
242789.0,242791.0,0,active
242791.0,242792.0,0,idle
242792.0,242794.0,0,active
242794.0,242795.0,0,idle
242795.0,242797.0,0,active
242797.0,242798.0,0,idle
242798.0,242800.0,0,active
242800.0,242801.0,0,idle
242801.0,242803.0,0,active
242803.0,242804.0,0,idle
242804.0,242806.0,0,active
242806.0,242807.0,0,idle
242807.0,242809.0,0,active
242809.0,242810.0,0,idle
242810.0,242812.0,0,active
242812.0,242813.0,0,idle
242813.0,242815.0,0,active
242815.0,242816.0,0,idle
242816.0,242818.0,0,active
242818.0,242819.0,0,idle
242819.0,242821.0,0,active
242821.0,242822.0,0,idle
242822.0,242824.0,0,active
242824.0,242825.0,0,idle
242825.0,242827.0,0,active
242827.0,242828.0,0,idle
242828.0,242830.0,0,active
242830.0,242831.0,0,idle
242831.0,242833.0,0,active
242833.0,242834.0,0,idle
242834.0,242836.0,0,active
242836.0,242837.0,0,idle
242837.0,242839.0,0,active
242839.0,242840.0,0,idle
242840.0,242842.0,0,active
242842.0,242843.0,0,idle
242843.0,242845.0,0,active
242845.0,242846.0,0,idle
242846.0,242848.0,0,active
242848.0,242849.0,0,idle
242849.0,242851.0,0,active
242851.0,242852.0,0,idle
242852.0,242854.0,0,active
242854.0,242855.0,0,idle
242855.0,242857.0,0,active
242857.0,242858.0,0,idle
242858.0,242860.0,0,active
242860.0,242861.0,0,idle
242861.0,242863.0,0,active
242863.0,242864.0,0,idle
242864.0,242866.0,0,active
242866.0,242867.0,0,idle
242867.0,242869.0,0,active
242869.0,242870.0,0,idle
242870.0,242872.0,0,active
242872.0,242873.0,0,idle
242873.0,242875.0,0,active
242875.0,242876.0,0,idle
242876.0,242878.0,0,active
242878.0,242879.0,0,idle
242879.0,242881.0,0,active
242881.0,242882.0,0,idle
242882.0,242884.0,0,active
242884.0,242885.0,0,idle
242885.0,242887.0,0,active
242887.0,242888.0,0,idle
242888.0,242890.0,0,active
242890.0,242891.0,0,idle
242891.0,242893.0,0,active
242893.0,242894.0,0,idle
242894.0,242896.0,0,active
242896.0,242897.0,0,idle
242897.0,242899.0,0,active
242899.0,242900.0,0,idle
242900.0,242902.0,0,active
242902.0,242903.0,0,idle
242903.0,242905.0,0,active
242905.0,242906.0,0,idle
242906.0,242908.0,0,active
242908.0,242909.0,0,idle
242909.0,242911.0,0,active
242911.0,242912.0,0,idle
242912.0,242914.0,0,active
242914.0,242915.0,0,idle
242915.0,242917.0,0,active
242917.0,242918.0,0,idle
242918.0,242920.0,0,active
242920.0,242921.0,0,idle
242921.0,242923.0,0,active
242923.0,242924.0,0,idle
242924.0,242926.0,0,active
242926.0,242927.0,0,idle
242927.0,242929.0,0,active
242929.0,242930.0,0,idle
242930.0,242932.0,0,active
242932.0,242933.0,0,idle
242933.0,242935.0,0,active
242935.0,242936.0,0,idle
242936.0,242938.0,0,active
242938.0,242939.0,0,idle
242939.0,242941.0,0,active
242941.0,242942.0,0,idle
242942.0,242944.0,0,active
242944.0,242945.0,0,idle
242945.0,242947.0,0,active
242947.0,242948.0,0,idle
242948.0,242950.0,0,active
242950.0,242951.0,0,idle
242951.0,242953.0,0,active
242953.0,242954.0,0,idle
242954.0,242956.0,0,active
242956.0,242957.0,0,idle
242957.0,242959.0,0,active
242959.0,242960.0,0,idle
242960.0,242962.0,0,active
242962.0,242963.0,0,idle
242963.0,242965.0,0,active
242965.0,242966.0,0,idle
242966.0,242968.0,0,active
242968.0,242969.0,0,idle
242969.0,242971.0,0,active
242971.0,242972.0,0,idle
242972.0,242974.0,0,active
242974.0,242975.0,0,idle
242975.0,242977.0,0,active
242977.0,242978.0,0,idle
242978.0,242980.0,0,active
242980.0,242981.0,0,idle
242981.0,242983.0,0,active
242983.0,242984.0,0,idle
242984.0,242986.0,0,active
242986.0,242987.0,0,idle
242987.0,242989.0,0,active
242989.0,242990.0,0,idle
242990.0,242992.0,0,active
242992.0,242993.0,0,idle
242993.0,242995.0,0,active
242995.0,242996.0,0,idle
242996.0,242998.0,0,active
242998.0,242999.0,0,idle
242999.0,243001.0,0,active
243001.0,243002.0,0,idle
243002.0,243004.0,0,active
243004.0,243005.0,0,idle
243005.0,243007.0,0,active
243007.0,243008.0,0,idle
243008.0,243010.0,0,active
243010.0,243011.0,0,idle
243011.0,243013.0,0,active
243013.0,243014.0,0,idle
243014.0,243016.0,0,active
243016.0,243017.0,0,idle
243017.0,243019.0,0,active
243019.0,243020.0,0,idle
243020.0,243022.0,0,active
243022.0,243023.0,0,idle
243023.0,243025.0,0,active
243025.0,243026.0,0,idle
243026.0,243028.0,0,active
243028.0,243029.0,0,idle
243029.0,243031.0,0,active
243031.0,243032.0,0,idle
243032.0,243034.0,0,active
243034.0,243035.0,0,idle
243035.0,243037.0,0,active
243037.0,243038.0,0,idle
243038.0,243040.0,0,active
243040.0,243041.0,0,idle
243041.0,243043.0,0,active
243043.0,243044.0,0,idle
243044.0,243046.0,0,active
243046.0,243047.0,0,idle
243047.0,243049.0,0,active
243049.0,243050.0,0,idle
243050.0,243052.0,0,active
243052.0,243053.0,0,idle
243053.0,243055.0,0,active
243055.0,243056.0,0,idle
243056.0,243058.0,0,active
243058.0,243059.0,0,idle
243059.0,243061.0,0,active
243061.0,243062.0,0,idle
243062.0,243064.0,0,active
243064.0,243065.0,0,idle
243065.0,243067.0,0,active
243067.0,243068.0,0,idle
243068.0,243070.0,0,active
243070.0,243071.0,0,idle
243071.0,243073.0,0,active
243073.0,243074.0,0,idle
243074.0,243076.0,0,active
243076.0,243077.0,0,idle
243077.0,243079.0,0,active
243079.0,243080.0,0,idle
243080.0,243082.0,0,active
243082.0,243083.0,0,idle
243083.0,243085.0,0,active
243085.0,243086.0,0,idle
243086.0,243088.0,0,active
243088.0,243089.0,0,idle
243089.0,243091.0,0,active
243091.0,243092.0,0,idle
243092.0,243094.0,0,active
243094.0,243095.0,0,idle
243095.0,243097.0,0,active
243097.0,243098.0,0,idle
243098.0,243100.0,0,active
243100.0,243101.0,0,idle
243101.0,243103.0,0,active
243103.0,243104.0,0,idle
243104.0,243106.0,0,active
243106.0,243107.0,0,idle
243107.0,243109.0,0,active
243109.0,243110.0,0,idle
243110.0,243112.0,0,active
243112.0,243113.0,0,idle
243113.0,243115.0,0,active
243115.0,243116.0,0,idle
243116.0,243118.0,0,active
243118.0,243119.0,0,idle
243119.0,243121.0,0,active
243121.0,243122.0,0,idle
243122.0,243124.0,0,active
243124.0,243125.0,0,idle
243125.0,243127.0,0,active
243127.0,243128.0,0,idle
243128.0,243130.0,0,active
243130.0,243131.0,0,idle
243131.0,243133.0,0,active
243133.0,243134.0,0,idle
243134.0,243136.0,0,active
243136.0,243137.0,0,idle
243137.0,243139.0,0,active
243139.0,243140.0,0,idle
243140.0,243142.0,0,active
243142.0,243143.0,0,idle
243143.0,243145.0,0,active
243145.0,243146.0,0,idle
243146.0,243148.0,0,active
243148.0,243149.0,0,idle
243149.0,243151.0,0,active
243151.0,243152.0,0,idle
243152.0,243154.0,0,active
243154.0,243155.0,0,idle
243155.0,243157.0,0,active
243157.0,243158.0,0,idle
243158.0,243160.0,0,active
243160.0,243161.0,0,idle
243161.0,243163.0,0,active
243163.0,243164.0,0,idle
243164.0,243166.0,0,active
243166.0,243167.0,0,idle
243167.0,243169.0,0,active
243169.0,243170.0,0,idle
243170.0,243172.0,0,active
243172.0,243173.0,0,idle
243173.0,243175.0,0,active
243175.0,243176.0,0,idle
243176.0,243178.0,0,active
243178.0,243179.0,0,idle
243179.0,243181.0,0,active
243181.0,243182.0,0,idle
243182.0,243184.0,0,active
243184.0,243185.0,0,idle
243185.0,243187.0,0,active
243187.0,243188.0,0,idle
243188.0,243190.0,0,active
243190.0,243191.0,0,idle
243191.0,243193.0,0,active
243193.0,243194.0,0,idle
243194.0,243196.0,0,active
243196.0,243197.0,0,idle
243197.0,243199.0,0,active
243199.0,243200.0,0,idle
243200.0,243202.0,0,active
243202.0,243203.0,0,idle
243203.0,243205.0,0,active
243205.0,243206.0,0,idle
243206.0,243208.0,0,active
243208.0,243209.0,0,idle
243209.0,243211.0,0,active
243211.0,243212.0,0,idle
243212.0,243214.0,0,active
243214.0,243215.0,0,idle
243215.0,243217.0,0,active
243217.0,243218.0,0,idle
243218.0,243220.0,0,active
243220.0,243221.0,0,idle
243221.0,243223.0,0,active
243223.0,243224.0,0,idle
243224.0,243226.0,0,active
243226.0,243227.0,0,idle
243227.0,243229.0,0,active
243229.0,243230.0,0,idle
243230.0,243232.0,0,active
243232.0,243233.0,0,idle
243233.0,243235.0,0,active
243235.0,243236.0,0,idle
243236.0,243238.0,0,active
243238.0,243239.0,0,idle
243239.0,243241.0,0,active
243241.0,243242.0,0,idle
243242.0,243244.0,0,active
243244.0,243245.0,0,idle
243245.0,243247.0,0,active
243247.0,243248.0,0,idle
243248.0,243250.0,0,active
243250.0,243251.0,0,idle
243251.0,243253.0,0,active
243253.0,243254.0,0,idle
243254.0,243256.0,0,active
243256.0,243257.0,0,idle
243257.0,243259.0,0,active
243259.0,243260.0,0,idle
243260.0,243262.0,0,active
243262.0,243263.0,0,idle
243263.0,243265.0,0,active
243265.0,243266.0,0,idle
243266.0,243268.0,0,active
243268.0,243269.0,0,idle
243269.0,243271.0,0,active
243271.0,243272.0,0,idle
243272.0,243274.0,0,active
243274.0,243275.0,0,idle
243275.0,243277.0,0,active
243277.0,243278.0,0,idle
243278.0,243280.0,0,active
243280.0,243281.0,0,idle
243281.0,243283.0,0,active
243283.0,243284.0,0,idle
243284.0,243286.0,0,active
243286.0,243287.0,0,idle
243287.0,243289.0,0,active
243289.0,243290.0,0,idle
243290.0,243292.0,0,active
243292.0,243293.0,0,idle
243293.0,243295.0,0,active
243295.0,243296.0,0,idle
243296.0,243298.0,0,active
243298.0,243299.0,0,idle
243299.0,243301.0,0,active
243301.0,243302.0,0,idle
243302.0,243304.0,0,active
243304.0,243305.0,0,idle
243305.0,243307.0,0,active
243307.0,243308.0,0,idle
243308.0,243310.0,0,active
243310.0,243311.0,0,idle
243311.0,243313.0,0,active
243313.0,243314.0,0,idle
243314.0,243316.0,0,active
243316.0,243317.0,0,idle
243317.0,243319.0,0,active
243319.0,243320.0,0,idle
243320.0,243322.0,0,active
243322.0,243323.0,0,idle
243323.0,243325.0,0,active
243325.0,243326.0,0,idle
243326.0,243328.0,0,active
243328.0,243329.0,0,idle
243329.0,243331.0,0,active
243331.0,243332.0,0,idle
243332.0,243334.0,0,active
243334.0,243335.0,0,idle
243335.0,243337.0,0,active
243337.0,243338.0,0,idle
243338.0,243340.0,0,active
243340.0,243341.0,0,idle
243341.0,243343.0,0,active
243343.0,243344.0,0,idle
243344.0,243346.0,0,active
243346.0,243347.0,0,idle
243347.0,243349.0,0,active
243349.0,243350.0,0,idle
243350.0,243352.0,0,active
243352.0,243353.0,0,idle
243353.0,243355.0,0,active
243355.0,243356.0,0,idle
243356.0,243358.0,0,active
243358.0,243359.0,0,idle
243359.0,243361.0,0,active
243361.0,243362.0,0,idle
243362.0,243364.0,0,active
243364.0,243365.0,0,idle
243365.0,243367.0,0,active
243367.0,243368.0,0,idle
243368.0,243370.0,0,active
243370.0,243371.0,0,idle
243371.0,243373.0,0,active
243373.0,243374.0,0,idle
243374.0,243376.0,0,active
243376.0,243377.0,0,idle
243377.0,243379.0,0,active
243379.0,243380.0,0,idle
243380.0,243382.0,0,active
243382.0,243383.0,0,idle
243383.0,243385.0,0,active
243385.0,243386.0,0,idle
243386.0,243388.0,0,active
243388.0,243389.0,0,idle
243389.0,243391.0,0,active
243391.0,243392.0,0,idle
243392.0,243394.0,0,active
243394.0,243395.0,0,idle
243395.0,243397.0,0,active
243397.0,243398.0,0,idle
243398.0,243400.0,0,active
243400.0,243401.0,0,idle
243401.0,243403.0,0,active
243403.0,243404.0,0,idle
243404.0,243406.0,0,active
243406.0,243407.0,0,idle
243407.0,243409.0,0,active
243409.0,243410.0,0,idle
243410.0,243412.0,0,active
243412.0,243413.0,0,idle
243413.0,243415.0,0,active
243415.0,243416.0,0,idle
243416.0,243418.0,0,active
243418.0,243419.0,0,idle
243419.0,243421.0,0,active
243421.0,243422.0,0,idle
243422.0,243424.0,0,active
243424.0,243425.0,0,idle
243425.0,243427.0,0,active
243427.0,243428.0,0,idle
243428.0,243430.0,0,active
243430.0,243431.0,0,idle
243431.0,243433.0,0,active
243433.0,243434.0,0,idle
243434.0,243436.0,0,active
243436.0,243437.0,0,idle
243437.0,243439.0,0,active
243439.0,243440.0,0,idle
243440.0,243442.0,0,active
243442.0,243443.0,0,idle
243443.0,243445.0,0,active
243445.0,243446.0,0,idle
243446.0,243448.0,0,active
243448.0,243449.0,0,idle
243449.0,243451.0,0,active
243451.0,243452.0,0,idle
243452.0,243454.0,0,active
243454.0,243455.0,0,idle
243455.0,243457.0,0,active
243457.0,243458.0,0,idle
243458.0,243460.0,0,active
243460.0,243461.0,0,idle
243461.0,243463.0,0,active
243463.0,243464.0,0,idle
243464.0,243466.0,0,active
243466.0,243467.0,0,idle
243467.0,243469.0,0,active
243469.0,243470.0,0,idle
243470.0,243472.0,0,active
243472.0,243473.0,0,idle
243473.0,243475.0,0,active
243475.0,243476.0,0,idle
243476.0,243478.0,0,active
243478.0,243479.0,0,idle
243479.0,243481.0,0,active
243481.0,243482.0,0,idle
243482.0,243484.0,0,active
243484.0,243485.0,0,idle
243485.0,243487.0,0,active
243487.0,243488.0,0,idle
243488.0,243490.0,0,active
243490.0,243491.0,0,idle
243491.0,243493.0,0,active
243493.0,243494.0,0,idle
243494.0,243496.0,0,active
243496.0,243497.0,0,idle
243497.0,243499.0,0,active
243499.0,243500.0,0,idle
243500.0,243502.0,0,active
243502.0,243503.0,0,idle
243503.0,243505.0,0,active
243505.0,243506.0,0,idle
243506.0,243508.0,0,active
243508.0,243509.0,0,idle
243509.0,243511.0,0,active
243511.0,243512.0,0,idle
243512.0,243514.0,0,active
243514.0,243515.0,0,idle
243515.0,243517.0,0,active
243517.0,243518.0,0,idle
243518.0,243520.0,0,active
243520.0,243521.0,0,idle
243521.0,243523.0,0,active
243523.0,243524.0,0,idle
243524.0,243526.0,0,active
243526.0,243527.0,0,idle
243527.0,243529.0,0,active
243529.0,243530.0,0,idle
243530.0,243532.0,0,active
243532.0,243533.0,0,idle
243533.0,243535.0,0,active
243535.0,243536.0,0,idle
243536.0,243538.0,0,active
243538.0,243539.0,0,idle
243539.0,243541.0,0,active
243541.0,243542.0,0,idle
243542.0,243544.0,0,active
243544.0,243545.0,0,idle
243545.0,243547.0,0,active
243547.0,243548.0,0,idle
243548.0,243550.0,0,active
243550.0,243551.0,0,idle
243551.0,243553.0,0,active
243553.0,243554.0,0,idle
243554.0,243556.0,0,active
243556.0,243557.0,0,idle
243557.0,243559.0,0,active
243559.0,243560.0,0,idle
243560.0,243562.0,0,active
243562.0,243563.0,0,idle
243563.0,243565.0,0,active
243565.0,243566.0,0,idle
243566.0,243568.0,0,active
243568.0,243569.0,0,idle
243569.0,243571.0,0,active
243571.0,243572.0,0,idle
243572.0,243574.0,0,active
243574.0,243575.0,0,idle
243575.0,243577.0,0,active
243577.0,243578.0,0,idle
243578.0,243580.0,0,active
243580.0,243581.0,0,idle
243581.0,243583.0,0,active
243583.0,243584.0,0,idle
243584.0,243586.0,0,active
243586.0,243587.0,0,idle
243587.0,243589.0,0,active
243589.0,243590.0,0,idle
243590.0,243592.0,0,active
243592.0,243593.0,0,idle
243593.0,243595.0,0,active
243595.0,243596.0,0,idle
243596.0,243598.0,0,active
243598.0,243599.0,0,idle
243599.0,243601.0,0,active
243601.0,243602.0,0,idle
243602.0,243604.0,0,active
243604.0,243605.0,0,idle
243605.0,243607.0,0,active
243607.0,243608.0,0,idle
243608.0,243610.0,0,active
243610.0,243611.0,0,idle
243611.0,243613.0,0,active
243613.0,243614.0,0,idle
243614.0,243616.0,0,active
243616.0,243617.0,0,idle
243617.0,243619.0,0,active
243619.0,243620.0,0,idle
243620.0,243622.0,0,active
243622.0,243623.0,0,idle
243623.0,243625.0,0,active
243625.0,243626.0,0,idle
243626.0,243628.0,0,active
243628.0,243629.0,0,idle
243629.0,243631.0,0,active
243631.0,243632.0,0,idle
243632.0,243634.0,0,active
243634.0,243635.0,0,idle
243635.0,243637.0,0,active
243637.0,243638.0,0,idle
243638.0,243640.0,0,active
243640.0,243641.0,0,idle
243641.0,243643.0,0,active
243643.0,243644.0,0,idle
243644.0,243646.0,0,active
243646.0,243647.0,0,idle
243647.0,243649.0,0,active
243649.0,243650.0,0,idle
243650.0,243652.0,0,active
243652.0,243653.0,0,idle
243653.0,243655.0,0,active
243655.0,243656.0,0,idle
243656.0,243658.0,0,active
243658.0,243659.0,0,idle
243659.0,243661.0,0,active
243661.0,243662.0,0,idle
243662.0,243664.0,0,active
243664.0,243665.0,0,idle
243665.0,243667.0,0,active
243667.0,243668.0,0,idle
243668.0,243670.0,0,active
243670.0,243671.0,0,idle
243671.0,243673.0,0,active
243673.0,243674.0,0,idle
243674.0,243676.0,0,active
243676.0,243677.0,0,idle
243677.0,243679.0,0,active
243679.0,243680.0,0,idle
243680.0,243682.0,0,active
243682.0,243683.0,0,idle
243683.0,243685.0,0,active
243685.0,243686.0,0,idle
243686.0,243688.0,0,active
243688.0,243689.0,0,idle
243689.0,243691.0,0,active
243691.0,243692.0,0,idle
243692.0,243694.0,0,active
243694.0,243695.0,0,idle
243695.0,243697.0,0,active
243697.0,243698.0,0,idle
243698.0,243700.0,0,active
243700.0,243701.0,0,idle
243701.0,243703.0,0,active
243703.0,243704.0,0,idle
243704.0,243706.0,0,active
243706.0,243707.0,0,idle
243707.0,243709.0,0,active
243709.0,243710.0,0,idle
243710.0,243712.0,0,active
243712.0,243713.0,0,idle
243713.0,243715.0,0,active
243715.0,243716.0,0,idle
243716.0,243718.0,0,active
243718.0,243719.0,0,idle
243719.0,243721.0,0,active
243721.0,243722.0,0,idle
243722.0,243724.0,0,active
243724.0,243725.0,0,idle
243725.0,243727.0,0,active
243727.0,243728.0,0,idle
243728.0,243730.0,0,active
243730.0,243731.0,0,idle
243731.0,243733.0,0,active
243733.0,243734.0,0,idle
243734.0,243736.0,0,active
243736.0,243737.0,0,idle
243737.0,243739.0,0,active
243739.0,243740.0,0,idle
243740.0,243742.0,0,active
243742.0,243743.0,0,idle
243743.0,243745.0,0,active
243745.0,243746.0,0,idle
243746.0,243748.0,0,active
243748.0,243749.0,0,idle
243749.0,243751.0,0,active
243751.0,243752.0,0,idle
243752.0,243754.0,0,active
243754.0,243755.0,0,idle
243755.0,243757.0,0,active
243757.0,243758.0,0,idle
243758.0,243760.0,0,active
243760.0,243761.0,0,idle
243761.0,243763.0,0,active
243763.0,243764.0,0,idle
243764.0,243766.0,0,active
243766.0,243767.0,0,idle
243767.0,243769.0,0,active
243769.0,243770.0,0,idle
243770.0,243772.0,0,active
243772.0,243773.0,0,idle
243773.0,243775.0,0,active
243775.0,243776.0,0,idle
243776.0,243778.0,0,active
243778.0,243779.0,0,idle
243779.0,243781.0,0,active
243781.0,243782.0,0,idle
243782.0,243784.0,0,active
243784.0,243785.0,0,idle
243785.0,243787.0,0,active
243787.0,243788.0,0,idle
243788.0,243790.0,0,active
243790.0,243791.0,0,idle
243791.0,243793.0,0,active
243793.0,243794.0,0,idle
243794.0,243796.0,0,active
243796.0,243797.0,0,idle
243797.0,243799.0,0,active
243799.0,243800.0,0,idle
243800.0,243802.0,0,active
243802.0,243803.0,0,idle
243803.0,243805.0,0,active
243805.0,243806.0,0,idle
243806.0,243808.0,0,active
243808.0,243809.0,0,idle
243809.0,243811.0,0,active
243811.0,243812.0,0,idle
243812.0,243814.0,0,active
243814.0,243815.0,0,idle
243815.0,243817.0,0,active
243817.0,243818.0,0,idle
243818.0,243820.0,0,active
243820.0,243821.0,0,idle
243821.0,243823.0,0,active
243823.0,243824.0,0,idle
243824.0,243826.0,0,active
243826.0,243827.0,0,idle
243827.0,243829.0,0,active
243829.0,243830.0,0,idle
243830.0,243832.0,0,active
243832.0,243833.0,0,idle
243833.0,243835.0,0,active
243835.0,243836.0,0,idle
243836.0,243838.0,0,active
243838.0,243839.0,0,idle
243839.0,243841.0,0,active
243841.0,243842.0,0,idle
243842.0,243844.0,0,active
243844.0,243845.0,0,idle
243845.0,243847.0,0,active
243847.0,243848.0,0,idle
243848.0,243850.0,0,active
243850.0,243851.0,0,idle
243851.0,243853.0,0,active
243853.0,243854.0,0,idle
243854.0,243856.0,0,active
243856.0,243857.0,0,idle
243857.0,243859.0,0,active
243859.0,243860.0,0,idle
243860.0,243862.0,0,active
243862.0,243863.0,0,idle
243863.0,243865.0,0,active
243865.0,243866.0,0,idle
243866.0,243868.0,0,active
243868.0,243869.0,0,idle
243869.0,243871.0,0,active
243871.0,243872.0,0,idle
243872.0,243874.0,0,active
243874.0,243875.0,0,idle
243875.0,243877.0,0,active
243877.0,243878.0,0,idle
243878.0,243880.0,0,active
243880.0,243881.0,0,idle
243881.0,243883.0,0,active
243883.0,243884.0,0,idle
243884.0,243886.0,0,active
243886.0,243887.0,0,idle
243887.0,243889.0,0,active
243889.0,243890.0,0,idle
243890.0,243892.0,0,active
243892.0,243893.0,0,idle
243893.0,243895.0,0,active
243895.0,243896.0,0,idle
243896.0,243898.0,0,active
243898.0,243899.0,0,idle
243899.0,243901.0,0,active
243901.0,243902.0,0,idle
243902.0,243904.0,0,active
243904.0,243905.0,0,idle
243905.0,243907.0,0,active
243907.0,243908.0,0,idle
243908.0,243910.0,0,active
243910.0,243911.0,0,idle
243911.0,243913.0,0,active
243913.0,243914.0,0,idle
243914.0,243916.0,0,active
243916.0,243917.0,0,idle
243917.0,243919.0,0,active
243919.0,243920.0,0,idle
243920.0,243922.0,0,active
243922.0,243923.0,0,idle
243923.0,243925.0,0,active
243925.0,243926.0,0,idle
243926.0,243928.0,0,active
243928.0,243929.0,0,idle
243929.0,243931.0,0,active
243931.0,243932.0,0,idle
243932.0,243934.0,0,active
243934.0,243935.0,0,idle
243935.0,243937.0,0,active
243937.0,243938.0,0,idle
243938.0,243940.0,0,active
243940.0,243941.0,0,idle
243941.0,243943.0,0,active
243943.0,243944.0,0,idle
243944.0,243946.0,0,active
243946.0,243947.0,0,idle
243947.0,243949.0,0,active
243949.0,243950.0,0,idle
243950.0,243952.0,0,active
243952.0,243953.0,0,idle
243953.0,243955.0,0,active
243955.0,243956.0,0,idle
243956.0,243958.0,0,active
243958.0,243959.0,0,idle
243959.0,243961.0,0,active
243961.0,243962.0,0,idle
243962.0,243964.0,0,active
243964.0,243965.0,0,idle
243965.0,243967.0,0,active
243967.0,243968.0,0,idle
243968.0,243970.0,0,active
243970.0,243971.0,0,idle
243971.0,243973.0,0,active
243973.0,243974.0,0,idle
243974.0,243976.0,0,active
243976.0,243977.0,0,idle
243977.0,243979.0,0,active
243979.0,243980.0,0,idle
243980.0,243982.0,0,active
243982.0,243983.0,0,idle
243983.0,243985.0,0,active
243985.0,243986.0,0,idle
243986.0,243988.0,0,active
243988.0,243989.0,0,idle
243989.0,243991.0,0,active
243991.0,243992.0,0,idle
243992.0,243994.0,0,active
243994.0,243995.0,0,idle
243995.0,243997.0,0,active
243997.0,243998.0,0,idle
243998.0,244000.0,0,active
244000.0,244001.0,0,idle
244001.0,244003.0,0,active
244003.0,244004.0,0,idle
244004.0,244006.0,0,active
244006.0,244007.0,0,idle
244007.0,244009.0,0,active
244009.0,244010.0,0,idle
244010.0,244012.0,0,active
244012.0,244013.0,0,idle
244013.0,244015.0,0,active
244015.0,244016.0,0,idle
244016.0,244018.0,0,active
244018.0,244019.0,0,idle
244019.0,244021.0,0,active
244021.0,244022.0,0,idle
244022.0,244024.0,0,active
244024.0,244025.0,0,idle
244025.0,244027.0,0,active
244027.0,244028.0,0,idle
244028.0,244030.0,0,active
244030.0,244031.0,0,idle
244031.0,244033.0,0,active
244033.0,244034.0,0,idle
244034.0,244036.0,0,active
244036.0,244037.0,0,idle
244037.0,244039.0,0,active
244039.0,244040.0,0,idle
244040.0,244042.0,0,active
244042.0,244043.0,0,idle
244043.0,244045.0,0,active
244045.0,244046.0,0,idle
244046.0,244048.0,0,active
244048.0,244049.0,0,idle
244049.0,244051.0,0,active
244051.0,244052.0,0,idle
244052.0,244054.0,0,active
244054.0,244055.0,0,idle
244055.0,244057.0,0,active
244057.0,244058.0,0,idle
244058.0,244060.0,0,active
244060.0,244061.0,0,idle
244061.0,244063.0,0,active
244063.0,244064.0,0,idle
244064.0,244066.0,0,active
244066.0,244067.0,0,idle
244067.0,244069.0,0,active
244069.0,244070.0,0,idle
244070.0,244072.0,0,active
244072.0,244073.0,0,idle
244073.0,244075.0,0,active
244075.0,244076.0,0,idle
244076.0,244078.0,0,active
244078.0,244079.0,0,idle
244079.0,244081.0,0,active
244081.0,244082.0,0,idle
244082.0,244084.0,0,active
244084.0,244085.0,0,idle
244085.0,244087.0,0,active
244087.0,244088.0,0,idle
244088.0,244090.0,0,active
244090.0,244091.0,0,idle
244091.0,244093.0,0,active
244093.0,244094.0,0,idle
244094.0,244096.0,0,active
244096.0,244097.0,0,idle
244097.0,244099.0,0,active
244099.0,244100.0,0,idle
244100.0,244102.0,0,active
244102.0,244103.0,0,idle
244103.0,244105.0,0,active
244105.0,244106.0,0,idle
244106.0,244108.0,0,active
244108.0,244109.0,0,idle
244109.0,244111.0,0,active
244111.0,244112.0,0,idle
244112.0,244114.0,0,active
244114.0,244115.0,0,idle
244115.0,244117.0,0,active
244117.0,244118.0,0,idle
244118.0,244120.0,0,active
244120.0,244121.0,0,idle
244121.0,244123.0,0,active
244123.0,244124.0,0,idle
244124.0,244126.0,0,active
244126.0,244127.0,0,idle
244127.0,244129.0,0,active
244129.0,244130.0,0,idle
244130.0,244132.0,0,active
244132.0,244133.0,0,idle
244133.0,244135.0,0,active
244135.0,244136.0,0,idle
244136.0,244138.0,0,active
244138.0,244139.0,0,idle
244139.0,244141.0,0,active
244141.0,244142.0,0,idle
244142.0,244144.0,0,active
244144.0,244145.0,0,idle
244145.0,244147.0,0,active
244147.0,244148.0,0,idle
244148.0,244150.0,0,active
244150.0,244151.0,0,idle
244151.0,244153.0,0,active
244153.0,244154.0,0,idle
244154.0,244156.0,0,active
244156.0,244157.0,0,idle
244157.0,244159.0,0,active
244159.0,244160.0,0,idle
244160.0,244162.0,0,active
244162.0,244163.0,0,idle
244163.0,244165.0,0,active
244165.0,244166.0,0,idle
244166.0,244168.0,0,active
244168.0,244169.0,0,idle
244169.0,244171.0,0,active
244171.0,244172.0,0,idle
244172.0,244174.0,0,active
244174.0,244175.0,0,idle
244175.0,244177.0,0,active
244177.0,244178.0,0,idle
244178.0,244180.0,0,active
244180.0,244181.0,0,idle
244181.0,244183.0,0,active
244183.0,244184.0,0,idle
244184.0,244186.0,0,active
244186.0,244187.0,0,idle
244187.0,244189.0,0,active
244189.0,244190.0,0,idle
244190.0,244192.0,0,active
244192.0,244193.0,0,idle
244193.0,244195.0,0,active
244195.0,244196.0,0,idle
244196.0,244198.0,0,active
244198.0,244199.0,0,idle
244199.0,244201.0,0,active
244201.0,244202.0,0,idle
244202.0,244204.0,0,active
244204.0,244205.0,0,idle
244205.0,244207.0,0,active
244207.0,244208.0,0,idle
244208.0,244210.0,0,active
244210.0,244211.0,0,idle
244211.0,244213.0,0,active
244213.0,244214.0,0,idle
244214.0,244216.0,0,active
244216.0,244217.0,0,idle
244217.0,244219.0,0,active
244219.0,244220.0,0,idle
244220.0,244222.0,0,active
244222.0,244223.0,0,idle
244223.0,244225.0,0,active
244225.0,244226.0,0,idle
244226.0,244228.0,0,active
244228.0,244229.0,0,idle
244229.0,244231.0,0,active
244231.0,244232.0,0,idle
244232.0,244234.0,0,active
244234.0,244235.0,0,idle
244235.0,244237.0,0,active
244237.0,244238.0,0,idle
244238.0,244240.0,0,active
244240.0,244241.0,0,idle
244241.0,244243.0,0,active
244243.0,244244.0,0,idle
244244.0,244246.0,0,active
244246.0,244247.0,0,idle
244247.0,244249.0,0,active
244249.0,244250.0,0,idle
244250.0,244252.0,0,active
244252.0,244253.0,0,idle
244253.0,244255.0,0,active
244255.0,244256.0,0,idle
244256.0,244258.0,0,active
244258.0,244259.0,0,idle
244259.0,244261.0,0,active
244261.0,244262.0,0,idle
244262.0,244264.0,0,active
244264.0,244265.0,0,idle
244265.0,244267.0,0,active
244267.0,244268.0,0,idle
244268.0,244270.0,0,active
244270.0,244271.0,0,idle
244271.0,244273.0,0,active
244273.0,244274.0,0,idle
244274.0,244276.0,0,active
244276.0,244277.0,0,idle
244277.0,244279.0,0,active
244279.0,244280.0,0,idle
244280.0,244282.0,0,active
244282.0,244283.0,0,idle
244283.0,244285.0,0,active
244285.0,244286.0,0,idle
244286.0,244288.0,0,active
244288.0,244289.0,0,idle
244289.0,244291.0,0,active
244291.0,244292.0,0,idle
244292.0,244294.0,0,active
244294.0,244295.0,0,idle
244295.0,244297.0,0,active
244297.0,244298.0,0,idle
244298.0,244300.0,0,active
244300.0,244301.0,0,idle
244301.0,244303.0,0,active
244303.0,244304.0,0,idle
244304.0,244306.0,0,active
244306.0,244307.0,0,idle
244307.0,244309.0,0,active
244309.0,244310.0,0,idle
244310.0,244312.0,0,active
244312.0,244313.0,0,idle
244313.0,244315.0,0,active
244315.0,244316.0,0,idle
244316.0,244318.0,0,active
244318.0,244319.0,0,idle
244319.0,244321.0,0,active
244321.0,244322.0,0,idle
244322.0,244324.0,0,active
244324.0,244325.0,0,idle
244325.0,244327.0,0,active
244327.0,244328.0,0,idle
244328.0,244330.0,0,active
244330.0,244331.0,0,idle
244331.0,244333.0,0,active
244333.0,244334.0,0,idle
244334.0,244336.0,0,active
244336.0,244337.0,0,idle
244337.0,244339.0,0,active
244339.0,244340.0,0,idle
244340.0,244342.0,0,active
244342.0,244343.0,0,idle
244343.0,244345.0,0,active
244345.0,244346.0,0,idle
244346.0,244348.0,0,active
244348.0,244349.0,0,idle
244349.0,244351.0,0,active
244351.0,244352.0,0,idle
244352.0,244354.0,0,active
244354.0,244355.0,0,idle
244355.0,244357.0,0,active
244357.0,244358.0,0,idle
244358.0,244360.0,0,active
244360.0,244361.0,0,idle
244361.0,244363.0,0,active
244363.0,244364.0,0,idle
244364.0,244366.0,0,active
244366.0,244367.0,0,idle
244367.0,244369.0,0,active
244369.0,244370.0,0,idle
244370.0,244372.0,0,active
244372.0,244373.0,0,idle
244373.0,244375.0,0,active
244375.0,244376.0,0,idle
244376.0,244378.0,0,active
244378.0,244379.0,0,idle
244379.0,244381.0,0,active
244381.0,244382.0,0,idle
244382.0,244384.0,0,active
244384.0,244385.0,0,idle
244385.0,244387.0,0,active
244387.0,244388.0,0,idle
244388.0,244390.0,0,active
244390.0,244391.0,0,idle
244391.0,244393.0,0,active
244393.0,244394.0,0,idle
244394.0,244396.0,0,active
244396.0,244397.0,0,idle
244397.0,244399.0,0,active
244399.0,244400.0,0,idle
244400.0,244402.0,0,active
244402.0,244403.0,0,idle
244403.0,244405.0,0,active
244405.0,244406.0,0,idle
244406.0,244408.0,0,active
244408.0,244409.0,0,idle
244409.0,244411.0,0,active
244411.0,244412.0,0,idle
244412.0,244414.0,0,active
244414.0,244415.0,0,idle
244415.0,244417.0,0,active
244417.0,244418.0,0,idle
244418.0,244420.0,0,active
244420.0,244421.0,0,idle
244421.0,244423.0,0,active
244423.0,244424.0,0,idle
244424.0,244426.0,0,active
244426.0,244427.0,0,idle
244427.0,244429.0,0,active
244429.0,244430.0,0,idle
244430.0,244432.0,0,active
244432.0,244433.0,0,idle
244433.0,244435.0,0,active
244435.0,244436.0,0,idle
244436.0,244438.0,0,active
244438.0,244439.0,0,idle
244439.0,244441.0,0,active
244441.0,244442.0,0,idle
244442.0,244444.0,0,active
244444.0,244445.0,0,idle
244445.0,244447.0,0,active
244447.0,244448.0,0,idle
244448.0,244450.0,0,active
244450.0,244451.0,0,idle
244451.0,244453.0,0,active
244453.0,244454.0,0,idle
244454.0,244456.0,0,active
244456.0,244457.0,0,idle
244457.0,244459.0,0,active
244459.0,244460.0,0,idle
244460.0,244462.0,0,active
244462.0,244463.0,0,idle
244463.0,244465.0,0,active
244465.0,244466.0,0,idle
244466.0,244468.0,0,active
244468.0,244469.0,0,idle
244469.0,244471.0,0,active
244471.0,244472.0,0,idle
244472.0,244474.0,0,active
244474.0,244475.0,0,idle
244475.0,244477.0,0,active
244477.0,244478.0,0,idle
244478.0,244480.0,0,active
244480.0,244481.0,0,idle
244481.0,244483.0,0,active
244483.0,244484.0,0,idle
244484.0,244486.0,0,active
244486.0,244487.0,0,idle
244487.0,244489.0,0,active
244489.0,244490.0,0,idle
244490.0,244492.0,0,active
244492.0,244493.0,0,idle
244493.0,244495.0,0,active
244495.0,244496.0,0,idle
244496.0,244498.0,0,active
244498.0,244499.0,0,idle
244499.0,244501.0,0,active
244501.0,244502.0,0,idle
244502.0,244504.0,0,active
244504.0,244505.0,0,idle
244505.0,244507.0,0,active
244507.0,244508.0,0,idle
244508.0,244510.0,0,active
244510.0,244511.0,0,idle
244511.0,244513.0,0,active
244513.0,244514.0,0,idle
244514.0,244516.0,0,active
244516.0,244517.0,0,idle
244517.0,244519.0,0,active
244519.0,244520.0,0,idle
244520.0,244522.0,0,active
244522.0,244523.0,0,idle
244523.0,244525.0,0,active
244525.0,244526.0,0,idle
244526.0,244528.0,0,active
244528.0,244529.0,0,idle
244529.0,244531.0,0,active
244531.0,244532.0,0,idle
244532.0,244534.0,0,active
244534.0,244535.0,0,idle
244535.0,244537.0,0,active
244537.0,244538.0,0,idle
244538.0,244540.0,0,active
244540.0,244541.0,0,idle
244541.0,244543.0,0,active
244543.0,244544.0,0,idle
244544.0,244546.0,0,active
244546.0,244547.0,0,idle
244547.0,244549.0,0,active
244549.0,244550.0,0,idle
244550.0,244552.0,0,active
244552.0,244553.0,0,idle
244553.0,244555.0,0,active
244555.0,244556.0,0,idle
244556.0,244558.0,0,active
244558.0,244559.0,0,idle
244559.0,244561.0,0,active
244561.0,244562.0,0,idle
244562.0,244564.0,0,active
244564.0,244565.0,0,idle
244565.0,244567.0,0,active
244567.0,244568.0,0,idle
244568.0,244570.0,0,active
244570.0,244571.0,0,idle
244571.0,244573.0,0,active
244573.0,244574.0,0,idle
244574.0,244576.0,0,active
244576.0,244577.0,0,idle
244577.0,244579.0,0,active
244579.0,244580.0,0,idle
244580.0,244582.0,0,active
244582.0,244583.0,0,idle
244583.0,244585.0,0,active
244585.0,244586.0,0,idle
244586.0,244588.0,0,active
244588.0,244589.0,0,idle
244589.0,244591.0,0,active
244591.0,244592.0,0,idle
244592.0,244594.0,0,active
244594.0,244595.0,0,idle
244595.0,244597.0,0,active
244597.0,244598.0,0,idle
244598.0,244600.0,0,active
244600.0,244601.0,0,idle
244601.0,244603.0,0,active
244603.0,244604.0,0,idle
244604.0,244606.0,0,active
244606.0,244607.0,0,idle
244607.0,244609.0,0,active
244609.0,244610.0,0,idle
244610.0,244612.0,0,active
244612.0,244613.0,0,idle
244613.0,244615.0,0,active
244615.0,244616.0,0,idle
244616.0,244618.0,0,active
244618.0,244619.0,0,idle
244619.0,244621.0,0,active
244621.0,244622.0,0,idle
244622.0,244624.0,0,active
244624.0,244625.0,0,idle
244625.0,244627.0,0,active
244627.0,244628.0,0,idle
244628.0,244630.0,0,active
244630.0,244631.0,0,idle
244631.0,244633.0,0,active
244633.0,244634.0,0,idle
244634.0,244636.0,0,active
244636.0,244637.0,0,idle
244637.0,244639.0,0,active
244639.0,244640.0,0,idle
244640.0,244642.0,0,active
244642.0,244643.0,0,idle
244643.0,244645.0,0,active
244645.0,244646.0,0,idle
244646.0,244648.0,0,active
244648.0,244649.0,0,idle
244649.0,244651.0,0,active
244651.0,244652.0,0,idle
244652.0,244654.0,0,active
244654.0,244655.0,0,idle
244655.0,244657.0,0,active
244657.0,244658.0,0,idle
244658.0,244660.0,0,active
244660.0,244661.0,0,idle
244661.0,244663.0,0,active
244663.0,244664.0,0,idle
244664.0,244666.0,0,active
244666.0,244667.0,0,idle
244667.0,244669.0,0,active
244669.0,244670.0,0,idle
244670.0,244672.0,0,active
244672.0,244673.0,0,idle
244673.0,244675.0,0,active
244675.0,244676.0,0,idle
244676.0,244678.0,0,active
244678.0,244679.0,0,idle
244679.0,244681.0,0,active
244681.0,244682.0,0,idle
244682.0,244684.0,0,active
244684.0,244685.0,0,idle
244685.0,244687.0,0,active
244687.0,244688.0,0,idle
244688.0,244690.0,0,active
244690.0,244691.0,0,idle
244691.0,244693.0,0,active
244693.0,244694.0,0,idle
244694.0,244696.0,0,active
244696.0,244697.0,0,idle
244697.0,244699.0,0,active
244699.0,244700.0,0,idle
244700.0,244702.0,0,active
244702.0,244703.0,0,idle
244703.0,244705.0,0,active
244705.0,244706.0,0,idle
244706.0,244708.0,0,active
244708.0,244709.0,0,idle
244709.0,244711.0,0,active
244711.0,244712.0,0,idle
244712.0,244714.0,0,active
244714.0,244715.0,0,idle
244715.0,244717.0,0,active
244717.0,244718.0,0,idle
244718.0,244720.0,0,active
244720.0,244721.0,0,idle
244721.0,244723.0,0,active
244723.0,244724.0,0,idle
244724.0,244726.0,0,active
244726.0,244727.0,0,idle
244727.0,244729.0,0,active
244729.0,244730.0,0,idle
244730.0,244732.0,0,active
244732.0,244733.0,0,idle
244733.0,244735.0,0,active
244735.0,244736.0,0,idle
244736.0,244738.0,0,active
244738.0,244739.0,0,idle
244739.0,244741.0,0,active
244741.0,244742.0,0,idle
244742.0,244744.0,0,active
244744.0,244745.0,0,idle
244745.0,244747.0,0,active
244747.0,244748.0,0,idle
244748.0,244750.0,0,active
244750.0,244751.0,0,idle
244751.0,244753.0,0,active
244753.0,244754.0,0,idle
244754.0,244756.0,0,active
244756.0,244757.0,0,idle
244757.0,244759.0,0,active
244759.0,244760.0,0,idle
244760.0,244762.0,0,active
244762.0,244763.0,0,idle
244763.0,244765.0,0,active
244765.0,244766.0,0,idle
244766.0,244768.0,0,active
244768.0,244769.0,0,idle
244769.0,244771.0,0,active
244771.0,244772.0,0,idle
244772.0,244774.0,0,active
244774.0,244775.0,0,idle
244775.0,244777.0,0,active
244777.0,244778.0,0,idle
244778.0,244780.0,0,active
244780.0,244781.0,0,idle
244781.0,244783.0,0,active
244783.0,244784.0,0,idle
244784.0,244786.0,0,active
244786.0,244787.0,0,idle
244787.0,244789.0,0,active
244789.0,244790.0,0,idle
244790.0,244792.0,0,active
244792.0,244793.0,0,idle
244793.0,244795.0,0,active
244795.0,244796.0,0,idle
244796.0,244798.0,0,active
244798.0,244799.0,0,idle
244799.0,244801.0,0,active
244801.0,244802.0,0,idle
244802.0,244804.0,0,active
244804.0,244805.0,0,idle
244805.0,244807.0,0,active
244807.0,244808.0,0,idle
244808.0,244810.0,0,active
244810.0,244811.0,0,idle
244811.0,244813.0,0,active
244813.0,244814.0,0,idle
244814.0,244816.0,0,active
244816.0,244817.0,0,idle
244817.0,244819.0,0,active
244819.0,244820.0,0,idle
244820.0,244822.0,0,active
244822.0,244823.0,0,idle
244823.0,244825.0,0,active
244825.0,244826.0,0,idle
244826.0,244828.0,0,active
244828.0,244829.0,0,idle
244829.0,244831.0,0,active
244831.0,244832.0,0,idle
244832.0,244834.0,0,active
244834.0,244835.0,0,idle
244835.0,244837.0,0,active
244837.0,244838.0,0,idle
244838.0,244840.0,0,active
244840.0,244841.0,0,idle
244841.0,244843.0,0,active
244843.0,244844.0,0,idle
244844.0,244846.0,0,active
244846.0,244847.0,0,idle
244847.0,244849.0,0,active
244849.0,244850.0,0,idle
244850.0,244852.0,0,active
244852.0,244853.0,0,idle
244853.0,244855.0,0,active
244855.0,244856.0,0,idle
244856.0,244858.0,0,active
244858.0,244859.0,0,idle
244859.0,244861.0,0,active
244861.0,244862.0,0,idle
244862.0,244864.0,0,active
244864.0,244865.0,0,idle
244865.0,244867.0,0,active
244867.0,244868.0,0,idle
244868.0,244870.0,0,active
244870.0,244871.0,0,idle
244871.0,244873.0,0,active
244873.0,244874.0,0,idle
244874.0,244876.0,0,active
244876.0,244877.0,0,idle
244877.0,244879.0,0,active
244879.0,244880.0,0,idle
244880.0,244882.0,0,active
244882.0,244883.0,0,idle
244883.0,244885.0,0,active
244885.0,244886.0,0,idle
244886.0,244888.0,0,active
244888.0,244889.0,0,idle
244889.0,244891.0,0,active
244891.0,244892.0,0,idle
244892.0,244894.0,0,active
244894.0,244895.0,0,idle
244895.0,244897.0,0,active
244897.0,244898.0,0,idle
244898.0,244900.0,0,active
244900.0,244901.0,0,idle
244901.0,244903.0,0,active
244903.0,244904.0,0,idle
244904.0,244906.0,0,active
244906.0,244907.0,0,idle
244907.0,244909.0,0,active
244909.0,244910.0,0,idle
244910.0,244912.0,0,active
244912.0,244913.0,0,idle
244913.0,244915.0,0,active
244915.0,244916.0,0,idle
244916.0,244918.0,0,active
244918.0,244919.0,0,idle
244919.0,244921.0,0,active
244921.0,244922.0,0,idle
244922.0,244924.0,0,active
244924.0,244925.0,0,idle
244925.0,244927.0,0,active
244927.0,244928.0,0,idle
244928.0,244930.0,0,active
244930.0,244931.0,0,idle
244931.0,244933.0,0,active
244933.0,244934.0,0,idle
244934.0,244936.0,0,active
244936.0,244937.0,0,idle
244937.0,244939.0,0,active
244939.0,244940.0,0,idle
244940.0,244942.0,0,active
244942.0,244943.0,0,idle
244943.0,244945.0,0,active
244945.0,244946.0,0,idle
244946.0,244948.0,0,active
244948.0,244949.0,0,idle
244949.0,244951.0,0,active
244951.0,244952.0,0,idle
244952.0,244954.0,0,active
244954.0,244955.0,0,idle
244955.0,244957.0,0,active
244957.0,244958.0,0,idle
244958.0,244960.0,0,active
244960.0,244961.0,0,idle
244961.0,244963.0,0,active
244963.0,244964.0,0,idle
244964.0,244966.0,0,active
244966.0,244967.0,0,idle
244967.0,244969.0,0,active
244969.0,244970.0,0,idle
244970.0,244972.0,0,active
244972.0,244973.0,0,idle
244973.0,244975.0,0,active
244975.0,244976.0,0,idle
244976.0,244978.0,0,active
244978.0,244979.0,0,idle
244979.0,244981.0,0,active
244981.0,244982.0,0,idle
244982.0,244984.0,0,active
244984.0,244985.0,0,idle
244985.0,244987.0,0,active
244987.0,244988.0,0,idle
244988.0,244990.0,0,active
244990.0,244991.0,0,idle
244991.0,244993.0,0,active
244993.0,244994.0,0,idle
244994.0,244996.0,0,active
244996.0,244997.0,0,idle
244997.0,244999.0,0,active
244999.0,245000.0,0,idle
245000.0,245002.0,0,active
245002.0,245003.0,0,idle
245003.0,245005.0,0,active
245005.0,245006.0,0,idle
245006.0,245008.0,0,active
245008.0,245009.0,0,idle
245009.0,245011.0,0,active
245011.0,245012.0,0,idle
245012.0,245014.0,0,active
245014.0,245015.0,0,idle
245015.0,245017.0,0,active
245017.0,245018.0,0,idle
245018.0,245020.0,0,active
245020.0,245021.0,0,idle
245021.0,245023.0,0,active
245023.0,245024.0,0,idle
245024.0,245026.0,0,active
245026.0,245027.0,0,idle
245027.0,245029.0,0,active
245029.0,245030.0,0,idle
245030.0,245032.0,0,active
245032.0,245033.0,0,idle
245033.0,245035.0,0,active
245035.0,245036.0,0,idle
245036.0,245038.0,0,active
245038.0,245039.0,0,idle
245039.0,245041.0,0,active
245041.0,245042.0,0,idle
245042.0,245044.0,0,active
245044.0,245045.0,0,idle
245045.0,245047.0,0,active
245047.0,245048.0,0,idle
245048.0,245050.0,0,active
245050.0,245051.0,0,idle
245051.0,245053.0,0,active
245053.0,245054.0,0,idle
245054.0,245056.0,0,active
245056.0,245057.0,0,idle
245057.0,245059.0,0,active
245059.0,245060.0,0,idle
245060.0,245062.0,0,active
245062.0,245063.0,0,idle
245063.0,245065.0,0,active
245065.0,245066.0,0,idle
245066.0,245068.0,0,active
245068.0,245069.0,0,idle
245069.0,245071.0,0,active
245071.0,245072.0,0,idle
245072.0,245074.0,0,active
245074.0,245075.0,0,idle
245075.0,245077.0,0,active
245077.0,245078.0,0,idle
245078.0,245080.0,0,active
245080.0,245081.0,0,idle
245081.0,245083.0,0,active
245083.0,245084.0,0,idle
245084.0,245086.0,0,active
245086.0,245087.0,0,idle
245087.0,245089.0,0,active
245089.0,245090.0,0,idle
245090.0,245092.0,0,active
245092.0,245093.0,0,idle
245093.0,245095.0,0,active
245095.0,245096.0,0,idle
245096.0,245098.0,0,active
245098.0,245099.0,0,idle
245099.0,245101.0,0,active
245101.0,245102.0,0,idle
245102.0,245104.0,0,active
245104.0,245105.0,0,idle
245105.0,245107.0,0,active
245107.0,245108.0,0,idle
245108.0,245110.0,0,active
245110.0,245111.0,0,idle
245111.0,245113.0,0,active
245113.0,245114.0,0,idle
245114.0,245116.0,0,active
245116.0,245117.0,0,idle
245117.0,245119.0,0,active
245119.0,245120.0,0,idle
245120.0,245122.0,0,active
245122.0,245123.0,0,idle
245123.0,245125.0,0,active
245125.0,245126.0,0,idle
245126.0,245128.0,0,active
245128.0,245129.0,0,idle
245129.0,245131.0,0,active
245131.0,245132.0,0,idle
245132.0,245134.0,0,active
245134.0,245135.0,0,idle
245135.0,245137.0,0,active
245137.0,245138.0,0,idle
245138.0,245140.0,0,active
245140.0,245141.0,0,idle
245141.0,245143.0,0,active
245143.0,245144.0,0,idle
245144.0,245146.0,0,active
245146.0,245147.0,0,idle
245147.0,245149.0,0,active
245149.0,245150.0,0,idle
245150.0,245152.0,0,active
245152.0,245153.0,0,idle
245153.0,245155.0,0,active
245155.0,245156.0,0,idle
245156.0,245158.0,0,active
245158.0,245159.0,0,idle
245159.0,245161.0,0,active
245161.0,245162.0,0,idle
245162.0,245164.0,0,active
245164.0,245165.0,0,idle
245165.0,245167.0,0,active
245167.0,245168.0,0,idle
245168.0,245170.0,0,active
245170.0,245171.0,0,idle
245171.0,245173.0,0,active
245173.0,245174.0,0,idle
245174.0,245176.0,0,active
245176.0,245177.0,0,idle
245177.0,245179.0,0,active
245179.0,245180.0,0,idle
245180.0,245182.0,0,active
245182.0,245183.0,0,idle
245183.0,245185.0,0,active
245185.0,245186.0,0,idle
245186.0,245188.0,0,active
245188.0,245189.0,0,idle
245189.0,245191.0,0,active
245191.0,245192.0,0,idle
245192.0,245194.0,0,active
245194.0,245195.0,0,idle
245195.0,245197.0,0,active
245197.0,245198.0,0,idle
245198.0,245200.0,0,active
245200.0,245201.0,0,idle
245201.0,245203.0,0,active
245203.0,245204.0,0,idle
245204.0,245206.0,0,active
245206.0,245207.0,0,idle
245207.0,245209.0,0,active
245209.0,245210.0,0,idle
245210.0,245212.0,0,active
245212.0,245213.0,0,idle
245213.0,245215.0,0,active
245215.0,245216.0,0,idle
245216.0,245218.0,0,active
245218.0,245219.0,0,idle
245219.0,245221.0,0,active
245221.0,245222.0,0,idle
245222.0,245224.0,0,active
245224.0,245225.0,0,idle
245225.0,245227.0,0,active
245227.0,245228.0,0,idle
245228.0,245230.0,0,active
245230.0,245231.0,0,idle
245231.0,245233.0,0,active
245233.0,245234.0,0,idle
245234.0,245236.0,0,active
245236.0,245237.0,0,idle
245237.0,245239.0,0,active
245239.0,245240.0,0,idle
245240.0,245242.0,0,active
245242.0,245243.0,0,idle
245243.0,245245.0,0,active
245245.0,245246.0,0,idle
245246.0,245248.0,0,active
245248.0,245249.0,0,idle
245249.0,245251.0,0,active
245251.0,245252.0,0,idle
245252.0,245254.0,0,active
245254.0,245255.0,0,idle
245255.0,245257.0,0,active
245257.0,245258.0,0,idle
245258.0,245260.0,0,active
245260.0,245261.0,0,idle
245261.0,245263.0,0,active
245263.0,245264.0,0,idle
245264.0,245266.0,0,active
245266.0,245267.0,0,idle
245267.0,245269.0,0,active
245269.0,245270.0,0,idle
245270.0,245272.0,0,active
245272.0,245273.0,0,idle
245273.0,245275.0,0,active
245275.0,245276.0,0,idle
245276.0,245278.0,0,active
245278.0,245279.0,0,idle
245279.0,245281.0,0,active
245281.0,245282.0,0,idle
245282.0,245284.0,0,active
245284.0,245285.0,0,idle
245285.0,245287.0,0,active
245287.0,245288.0,0,idle
245288.0,245290.0,0,active
245290.0,245291.0,0,idle
245291.0,245293.0,0,active
245293.0,245294.0,0,idle
245294.0,245296.0,0,active
245296.0,245297.0,0,idle
245297.0,245299.0,0,active
245299.0,245300.0,0,idle
245300.0,245302.0,0,active
245302.0,245303.0,0,idle
245303.0,245305.0,0,active
245305.0,245306.0,0,idle
245306.0,245308.0,0,active
245308.0,245309.0,0,idle
245309.0,245311.0,0,active
245311.0,245312.0,0,idle
245312.0,245314.0,0,active
245314.0,245315.0,0,idle
245315.0,245317.0,0,active
245317.0,245318.0,0,idle
245318.0,245320.0,0,active
245320.0,245321.0,0,idle
245321.0,245323.0,0,active
245323.0,245324.0,0,idle
245324.0,245326.0,0,active
245326.0,245327.0,0,idle
245327.0,245329.0,0,active
245329.0,245330.0,0,idle
245330.0,245332.0,0,active
245332.0,245333.0,0,idle
245333.0,245335.0,0,active
245335.0,245336.0,0,idle
245336.0,245338.0,0,active
245338.0,245339.0,0,idle
245339.0,245341.0,0,active
245341.0,245342.0,0,idle
245342.0,245344.0,0,active
245344.0,245345.0,0,idle
245345.0,245347.0,0,active
245347.0,245348.0,0,idle
245348.0,245350.0,0,active
245350.0,245351.0,0,idle
245351.0,245353.0,0,active
245353.0,245354.0,0,idle
245354.0,245356.0,0,active
245356.0,245357.0,0,idle
245357.0,245359.0,0,active
245359.0,245360.0,0,idle
245360.0,245362.0,0,active
245362.0,245363.0,0,idle
245363.0,245365.0,0,active
245365.0,245366.0,0,idle
245366.0,245368.0,0,active
245368.0,245369.0,0,idle
245369.0,245371.0,0,active
245371.0,245372.0,0,idle
245372.0,245374.0,0,active
245374.0,245375.0,0,idle
245375.0,245377.0,0,active
245377.0,245378.0,0,idle
245378.0,245380.0,0,active
245380.0,245381.0,0,idle
245381.0,245383.0,0,active
245383.0,245384.0,0,idle
245384.0,245386.0,0,active
245386.0,245387.0,0,idle
245387.0,245389.0,0,active
245389.0,245390.0,0,idle
245390.0,245392.0,0,active
245392.0,245393.0,0,idle
245393.0,245395.0,0,active
245395.0,245396.0,0,idle
245396.0,245398.0,0,active
245398.0,245399.0,0,idle
245399.0,245401.0,0,active
245401.0,245402.0,0,idle
245402.0,245404.0,0,active
245404.0,245405.0,0,idle
245405.0,245407.0,0,active
245407.0,245408.0,0,idle
245408.0,245410.0,0,active
245410.0,245411.0,0,idle
245411.0,245413.0,0,active
245413.0,245414.0,0,idle
245414.0,245416.0,0,active
245416.0,245417.0,0,idle
245417.0,245419.0,0,active
245419.0,245420.0,0,idle
245420.0,245422.0,0,active
245422.0,245423.0,0,idle
245423.0,245425.0,0,active
245425.0,245426.0,0,idle
245426.0,245428.0,0,active
245428.0,245429.0,0,idle
245429.0,245431.0,0,active
245431.0,245432.0,0,idle
245432.0,245434.0,0,active
245434.0,245435.0,0,idle
245435.0,245437.0,0,active
245437.0,245438.0,0,idle
245438.0,245440.0,0,active
245440.0,245441.0,0,idle
245441.0,245443.0,0,active
245443.0,245444.0,0,idle
245444.0,245446.0,0,active
245446.0,245447.0,0,idle
245447.0,245449.0,0,active
245449.0,245450.0,0,idle
245450.0,245452.0,0,active
245452.0,245453.0,0,idle
245453.0,245455.0,0,active
245455.0,245456.0,0,idle
245456.0,245458.0,0,active
245458.0,245459.0,0,idle
245459.0,245461.0,0,active
245461.0,245462.0,0,idle
245462.0,245464.0,0,active
245464.0,245465.0,0,idle
245465.0,245467.0,0,active
245467.0,245468.0,0,idle
245468.0,245470.0,0,active
245470.0,245471.0,0,idle
245471.0,245473.0,0,active
245473.0,245474.0,0,idle
245474.0,245476.0,0,active
245476.0,245477.0,0,idle
245477.0,245479.0,0,active
245479.0,245480.0,0,idle
245480.0,245482.0,0,active
245482.0,245483.0,0,idle
245483.0,245485.0,0,active
245485.0,245486.0,0,idle
245486.0,245488.0,0,active
245488.0,245489.0,0,idle
245489.0,245491.0,0,active
245491.0,245492.0,0,idle
245492.0,245494.0,0,active
245494.0,245495.0,0,idle
245495.0,245497.0,0,active
245497.0,245498.0,0,idle
245498.0,245500.0,0,active
245500.0,245501.0,0,idle
245501.0,245503.0,0,active
245503.0,245504.0,0,idle
245504.0,245506.0,0,active
245506.0,245507.0,0,idle
245507.0,245509.0,0,active
245509.0,245510.0,0,idle
245510.0,245512.0,0,active
245512.0,245513.0,0,idle
245513.0,245515.0,0,active
245515.0,245516.0,0,idle
245516.0,245518.0,0,active
245518.0,245519.0,0,idle
245519.0,245521.0,0,active
245521.0,245522.0,0,idle
245522.0,245524.0,0,active
245524.0,245525.0,0,idle
245525.0,245527.0,0,active
245527.0,245528.0,0,idle
245528.0,245530.0,0,active
245530.0,245531.0,0,idle
245531.0,245533.0,0,active
245533.0,245534.0,0,idle
245534.0,245536.0,0,active
245536.0,245537.0,0,idle
245537.0,245539.0,0,active
245539.0,245540.0,0,idle
245540.0,245542.0,0,active
245542.0,245543.0,0,idle
245543.0,245545.0,0,active
245545.0,245546.0,0,idle
245546.0,245548.0,0,active
245548.0,245549.0,0,idle
245549.0,245551.0,0,active
245551.0,245552.0,0,idle
245552.0,245554.0,0,active
245554.0,245555.0,0,idle
245555.0,245557.0,0,active
245557.0,245558.0,0,idle
245558.0,245560.0,0,active
245560.0,245561.0,0,idle
245561.0,245563.0,0,active
245563.0,245564.0,0,idle
245564.0,245566.0,0,active
245566.0,245567.0,0,idle
245567.0,245569.0,0,active
245569.0,245570.0,0,idle
245570.0,245572.0,0,active
245572.0,245573.0,0,idle
245573.0,245575.0,0,active
245575.0,245576.0,0,idle
245576.0,245578.0,0,active
245578.0,245579.0,0,idle
245579.0,245581.0,0,active
245581.0,245582.0,0,idle
245582.0,245584.0,0,active
245584.0,245585.0,0,idle
245585.0,245587.0,0,active
245587.0,245588.0,0,idle
245588.0,245590.0,0,active
245590.0,245591.0,0,idle
245591.0,245593.0,0,active
245593.0,245594.0,0,idle
245594.0,245596.0,0,active
245596.0,245597.0,0,idle
245597.0,245599.0,0,active
245599.0,245600.0,0,idle
245600.0,245602.0,0,active
245602.0,245603.0,0,idle
245603.0,245605.0,0,active
245605.0,245606.0,0,idle
245606.0,245608.0,0,active
245608.0,245609.0,0,idle
245609.0,245611.0,0,active
245611.0,245612.0,0,idle
245612.0,245614.0,0,active
245614.0,245615.0,0,idle
245615.0,245617.0,0,active
245617.0,245618.0,0,idle
245618.0,245620.0,0,active
245620.0,245621.0,0,idle
245621.0,245623.0,0,active
245623.0,245624.0,0,idle
245624.0,245626.0,0,active
245626.0,245627.0,0,idle
245627.0,245629.0,0,active
245629.0,245630.0,0,idle
245630.0,245632.0,0,active
245632.0,245633.0,0,idle
245633.0,245635.0,0,active
245635.0,245636.0,0,idle
245636.0,245638.0,0,active
245638.0,245639.0,0,idle
245639.0,245641.0,0,active
245641.0,245642.0,0,idle
245642.0,245644.0,0,active
245644.0,245645.0,0,idle
245645.0,245647.0,0,active
245647.0,245648.0,0,idle
245648.0,245650.0,0,active
245650.0,245651.0,0,idle
245651.0,245653.0,0,active
245653.0,245654.0,0,idle
245654.0,245656.0,0,active
245656.0,245657.0,0,idle
245657.0,245659.0,0,active
245659.0,245660.0,0,idle
245660.0,245662.0,0,active
245662.0,245663.0,0,idle
245663.0,245665.0,0,active
245665.0,245666.0,0,idle
245666.0,245668.0,0,active
245668.0,245669.0,0,idle
245669.0,245671.0,0,active
245671.0,245672.0,0,idle
245672.0,245674.0,0,active
245674.0,245675.0,0,idle
245675.0,245677.0,0,active
245677.0,245678.0,0,idle
245678.0,245680.0,0,active
245680.0,245681.0,0,idle
245681.0,245683.0,0,active
245683.0,245684.0,0,idle
245684.0,245686.0,0,active
245686.0,245687.0,0,idle
245687.0,245689.0,0,active
245689.0,245690.0,0,idle
245690.0,245692.0,0,active
245692.0,245693.0,0,idle
245693.0,245695.0,0,active
245695.0,245696.0,0,idle
245696.0,245698.0,0,active
245698.0,245699.0,0,idle
245699.0,245701.0,0,active
245701.0,245702.0,0,idle
245702.0,245704.0,0,active
245704.0,245705.0,0,idle
245705.0,245707.0,0,active
245707.0,245708.0,0,idle
245708.0,245710.0,0,active
245710.0,245711.0,0,idle
245711.0,245713.0,0,active
245713.0,245714.0,0,idle
245714.0,245716.0,0,active
245716.0,245717.0,0,idle
245717.0,245719.0,0,active
245719.0,245720.0,0,idle
245720.0,245722.0,0,active
245722.0,245723.0,0,idle
245723.0,245725.0,0,active
245725.0,245726.0,0,idle
245726.0,245728.0,0,active
245728.0,245729.0,0,idle
245729.0,245731.0,0,active
245731.0,245732.0,0,idle
245732.0,245734.0,0,active
245734.0,245735.0,0,idle
245735.0,245737.0,0,active
245737.0,245738.0,0,idle
245738.0,245740.0,0,active
245740.0,245741.0,0,idle
245741.0,245743.0,0,active
245743.0,245744.0,0,idle
245744.0,245746.0,0,active
245746.0,245747.0,0,idle
245747.0,245749.0,0,active
245749.0,245750.0,0,idle
245750.0,245752.0,0,active
245752.0,245753.0,0,idle
245753.0,245755.0,0,active
245755.0,245756.0,0,idle
245756.0,245758.0,0,active
245758.0,245759.0,0,idle
245759.0,245761.0,0,active
245761.0,245762.0,0,idle
245762.0,245764.0,0,active
245764.0,245765.0,0,idle
245765.0,245767.0,0,active
245767.0,245768.0,0,idle
245768.0,245770.0,0,active
245770.0,245771.0,0,idle
245771.0,245773.0,0,active
245773.0,245774.0,0,idle
245774.0,245776.0,0,active
245776.0,245777.0,0,idle
245777.0,245779.0,0,active
245779.0,245780.0,0,idle
245780.0,245782.0,0,active
245782.0,245783.0,0,idle
245783.0,245785.0,0,active
245785.0,245786.0,0,idle
245786.0,245788.0,0,active
245788.0,245789.0,0,idle
245789.0,245791.0,0,active
245791.0,245792.0,0,idle
245792.0,245794.0,0,active
245794.0,245795.0,0,idle
245795.0,245797.0,0,active
245797.0,245798.0,0,idle
245798.0,245800.0,0,active
245800.0,245801.0,0,idle
245801.0,245803.0,0,active
245803.0,245804.0,0,idle
245804.0,245806.0,0,active
245806.0,245807.0,0,idle
245807.0,245809.0,0,active
245809.0,245810.0,0,idle
245810.0,245812.0,0,active
245812.0,245813.0,0,idle
245813.0,245815.0,0,active
245815.0,245816.0,0,idle
245816.0,245818.0,0,active
245818.0,245819.0,0,idle
245819.0,245821.0,0,active
245821.0,245822.0,0,idle
245822.0,245824.0,0,active
245824.0,245825.0,0,idle
245825.0,245827.0,0,active
245827.0,245828.0,0,idle
245828.0,245830.0,0,active
245830.0,245831.0,0,idle
245831.0,245833.0,0,active
245833.0,245834.0,0,idle
245834.0,245836.0,0,active
245836.0,245837.0,0,idle
245837.0,245839.0,0,active
245839.0,245840.0,0,idle
245840.0,245842.0,0,active
245842.0,245843.0,0,idle
245843.0,245845.0,0,active
245845.0,245846.0,0,idle
245846.0,245848.0,0,active
245848.0,245849.0,0,idle
245849.0,245851.0,0,active
245851.0,245852.0,0,idle
245852.0,245854.0,0,active
245854.0,245855.0,0,idle
245855.0,245857.0,0,active
245857.0,245858.0,0,idle
245858.0,245860.0,0,active
245860.0,245861.0,0,idle
245861.0,245863.0,0,active
245863.0,245864.0,0,idle
245864.0,245866.0,0,active
245866.0,245867.0,0,idle
245867.0,245869.0,0,active
245869.0,245870.0,0,idle
245870.0,245872.0,0,active
245872.0,245873.0,0,idle
245873.0,245875.0,0,active
245875.0,245876.0,0,idle
245876.0,245878.0,0,active
245878.0,245879.0,0,idle
245879.0,245881.0,0,active
245881.0,245882.0,0,idle
245882.0,245884.0,0,active
245884.0,245885.0,0,idle
245885.0,245887.0,0,active
245887.0,245888.0,0,idle
245888.0,245890.0,0,active
245890.0,245891.0,0,idle
245891.0,245893.0,0,active
245893.0,245894.0,0,idle
245894.0,245896.0,0,active
245896.0,245897.0,0,idle
245897.0,245899.0,0,active
245899.0,245900.0,0,idle
245900.0,245902.0,0,active
245902.0,245903.0,0,idle
245903.0,245905.0,0,active
245905.0,245906.0,0,idle
245906.0,245908.0,0,active
245908.0,245909.0,0,idle
245909.0,245911.0,0,active
245911.0,245912.0,0,idle
245912.0,245914.0,0,active
245914.0,245915.0,0,idle
245915.0,245917.0,0,active
245917.0,245918.0,0,idle
245918.0,245920.0,0,active
245920.0,245921.0,0,idle
245921.0,245923.0,0,active
245923.0,245924.0,0,idle
245924.0,245926.0,0,active
245926.0,245927.0,0,idle
245927.0,245929.0,0,active
245929.0,245930.0,0,idle
245930.0,245932.0,0,active
245932.0,245933.0,0,idle
245933.0,245935.0,0,active
245935.0,245936.0,0,idle
245936.0,245938.0,0,active
245938.0,245939.0,0,idle
245939.0,245941.0,0,active
245941.0,245942.0,0,idle
245942.0,245944.0,0,active
245944.0,245945.0,0,idle
245945.0,245947.0,0,active
245947.0,245948.0,0,idle
245948.0,245950.0,0,active
245950.0,245951.0,0,idle
245951.0,245953.0,0,active
245953.0,245954.0,0,idle
245954.0,245956.0,0,active
245956.0,245957.0,0,idle
245957.0,245959.0,0,active
245959.0,245960.0,0,idle
245960.0,245962.0,0,active
245962.0,245963.0,0,idle
245963.0,245965.0,0,active
245965.0,245966.0,0,idle
245966.0,245968.0,0,active
245968.0,245969.0,0,idle
245969.0,245971.0,0,active
245971.0,245972.0,0,idle
245972.0,245974.0,0,active
245974.0,245975.0,0,idle
245975.0,245977.0,0,active
245977.0,245978.0,0,idle
245978.0,245980.0,0,active
245980.0,245981.0,0,idle
245981.0,245983.0,0,active
245983.0,245984.0,0,idle
245984.0,245986.0,0,active
245986.0,245987.0,0,idle
245987.0,245989.0,0,active
245989.0,245990.0,0,idle
245990.0,245992.0,0,active
245992.0,245993.0,0,idle
245993.0,245995.0,0,active
245995.0,245996.0,0,idle
245996.0,245998.0,0,active
245998.0,245999.0,0,idle
245999.0,246001.0,0,active
246001.0,246002.0,0,idle
246002.0,246004.0,0,active
246004.0,246005.0,0,idle
246005.0,246007.0,0,active
246007.0,246008.0,0,idle
246008.0,246010.0,0,active
246010.0,246011.0,0,idle
246011.0,246013.0,0,active
246013.0,246014.0,0,idle
246014.0,246016.0,0,active
246016.0,246017.0,0,idle
246017.0,246019.0,0,active
246019.0,246020.0,0,idle
246020.0,246022.0,0,active
246022.0,246023.0,0,idle
246023.0,246025.0,0,active
246025.0,246026.0,0,idle
246026.0,246028.0,0,active
246028.0,246029.0,0,idle
246029.0,246031.0,0,active
246031.0,246032.0,0,idle
246032.0,246034.0,0,active
246034.0,246035.0,0,idle
246035.0,246037.0,0,active
246037.0,246038.0,0,idle
246038.0,246040.0,0,active
246040.0,246041.0,0,idle
246041.0,246043.0,0,active
246043.0,246044.0,0,idle
246044.0,246046.0,0,active
246046.0,246047.0,0,idle
246047.0,246049.0,0,active
246049.0,246050.0,0,idle
246050.0,246052.0,0,active
246052.0,246053.0,0,idle
246053.0,246055.0,0,active
246055.0,246056.0,0,idle
246056.0,246058.0,0,active
246058.0,246059.0,0,idle
246059.0,246061.0,0,active
246061.0,246062.0,0,idle
246062.0,246064.0,0,active
246064.0,246065.0,0,idle
246065.0,246067.0,0,active
246067.0,246068.0,0,idle
246068.0,246070.0,0,active
246070.0,246071.0,0,idle
246071.0,246073.0,0,active
246073.0,246074.0,0,idle
246074.0,246076.0,0,active
246076.0,246077.0,0,idle
246077.0,246079.0,0,active
246079.0,246080.0,0,idle
246080.0,246082.0,0,active
246082.0,246083.0,0,idle
246083.0,246085.0,0,active
246085.0,246086.0,0,idle
246086.0,246088.0,0,active
246088.0,246089.0,0,idle
246089.0,246091.0,0,active
246091.0,246092.0,0,idle
246092.0,246094.0,0,active
246094.0,246095.0,0,idle
246095.0,246097.0,0,active
246097.0,246098.0,0,idle
246098.0,246100.0,0,active
246100.0,246101.0,0,idle
246101.0,246103.0,0,active
246103.0,246104.0,0,idle
246104.0,246106.0,0,active
246106.0,246107.0,0,idle
246107.0,246109.0,0,active
246109.0,246110.0,0,idle
246110.0,246112.0,0,active
246112.0,246113.0,0,idle
246113.0,246115.0,0,active
246115.0,246116.0,0,idle
246116.0,246118.0,0,active
246118.0,246119.0,0,idle
246119.0,246121.0,0,active
246121.0,246122.0,0,idle
246122.0,246124.0,0,active
246124.0,246125.0,0,idle
246125.0,246127.0,0,active
246127.0,246128.0,0,idle
246128.0,246130.0,0,active
246130.0,246131.0,0,idle
246131.0,246133.0,0,active
246133.0,246134.0,0,idle
246134.0,246136.0,0,active
246136.0,246137.0,0,idle
246137.0,246139.0,0,active
246139.0,246140.0,0,idle
246140.0,246142.0,0,active
246142.0,246143.0,0,idle
246143.0,246145.0,0,active
246145.0,246146.0,0,idle
246146.0,246148.0,0,active
246148.0,246149.0,0,idle
246149.0,246151.0,0,active
246151.0,246152.0,0,idle
246152.0,246154.0,0,active
246154.0,246155.0,0,idle
246155.0,246157.0,0,active
246157.0,246158.0,0,idle
246158.0,246160.0,0,active
246160.0,246161.0,0,idle
246161.0,246163.0,0,active
246163.0,246164.0,0,idle
246164.0,246166.0,0,active
246166.0,246167.0,0,idle
246167.0,246169.0,0,active
246169.0,246170.0,0,idle
246170.0,246172.0,0,active
246172.0,246173.0,0,idle
246173.0,246175.0,0,active
246175.0,246176.0,0,idle
246176.0,246178.0,0,active
246178.0,246179.0,0,idle
246179.0,246181.0,0,active
246181.0,246182.0,0,idle
246182.0,246184.0,0,active
246184.0,246185.0,0,idle
246185.0,246187.0,0,active
246187.0,246188.0,0,idle
246188.0,246190.0,0,active
246190.0,246191.0,0,idle
246191.0,246193.0,0,active
246193.0,246194.0,0,idle
246194.0,246196.0,0,active
246196.0,246197.0,0,idle
246197.0,246199.0,0,active
246199.0,246200.0,0,idle
246200.0,246202.0,0,active
246202.0,246203.0,0,idle
246203.0,246205.0,0,active
246205.0,246206.0,0,idle
246206.0,246208.0,0,active
246208.0,246209.0,0,idle
246209.0,246211.0,0,active
246211.0,246212.0,0,idle
246212.0,246214.0,0,active
246214.0,246215.0,0,idle
246215.0,246217.0,0,active
246217.0,246218.0,0,idle
246218.0,246220.0,0,active
246220.0,246221.0,0,idle
246221.0,246223.0,0,active
246223.0,246224.0,0,idle
246224.0,246226.0,0,active
246226.0,246227.0,0,idle
246227.0,246229.0,0,active
246229.0,246230.0,0,idle
246230.0,246232.0,0,active
246232.0,246233.0,0,idle
246233.0,246235.0,0,active
246235.0,246236.0,0,idle
246236.0,246238.0,0,active
246238.0,246239.0,0,idle
246239.0,246241.0,0,active
246241.0,246242.0,0,idle
246242.0,246244.0,0,active
246244.0,246245.0,0,idle
246245.0,246247.0,0,active
246247.0,246248.0,0,idle
246248.0,246250.0,0,active
246250.0,246251.0,0,idle
246251.0,246253.0,0,active
246253.0,246254.0,0,idle
246254.0,246256.0,0,active
246256.0,246257.0,0,idle
246257.0,246259.0,0,active
246259.0,246260.0,0,idle
246260.0,246262.0,0,active
246262.0,246263.0,0,idle
246263.0,246265.0,0,active
246265.0,246266.0,0,idle
246266.0,246268.0,0,active
246268.0,246269.0,0,idle
246269.0,246271.0,0,active
246271.0,246272.0,0,idle
246272.0,246274.0,0,active
246274.0,246275.0,0,idle
246275.0,246277.0,0,active
246277.0,246278.0,0,idle
246278.0,246280.0,0,active
246280.0,246281.0,0,idle
246281.0,246283.0,0,active
246283.0,246284.0,0,idle
246284.0,246286.0,0,active
246286.0,246287.0,0,idle
246287.0,246289.0,0,active
246289.0,246290.0,0,idle
246290.0,246292.0,0,active
246292.0,246293.0,0,idle
246293.0,246295.0,0,active
246295.0,246296.0,0,idle
246296.0,246298.0,0,active
246298.0,246299.0,0,idle
246299.0,246301.0,0,active
246301.0,246302.0,0,idle
246302.0,246304.0,0,active
246304.0,246305.0,0,idle
246305.0,246307.0,0,active
246307.0,246308.0,0,idle
246308.0,246310.0,0,active
246310.0,246311.0,0,idle
246311.0,246313.0,0,active
246313.0,246314.0,0,idle
246314.0,246316.0,0,active
246316.0,246317.0,0,idle
246317.0,246319.0,0,active
246319.0,246320.0,0,idle
246320.0,246322.0,0,active
246322.0,246323.0,0,idle
246323.0,246325.0,0,active
246325.0,246326.0,0,idle
246326.0,246328.0,0,active
246328.0,246329.0,0,idle
246329.0,246331.0,0,active
246331.0,246332.0,0,idle
246332.0,246334.0,0,active
246334.0,246335.0,0,idle
246335.0,246337.0,0,active
246337.0,246338.0,0,idle
246338.0,246340.0,0,active
246340.0,246341.0,0,idle
246341.0,246343.0,0,active
246343.0,246344.0,0,idle
246344.0,246346.0,0,active
246346.0,246347.0,0,idle
246347.0,246349.0,0,active
246349.0,246350.0,0,idle
246350.0,246352.0,0,active
246352.0,246353.0,0,idle
246353.0,246355.0,0,active
246355.0,246356.0,0,idle
246356.0,246358.0,0,active
246358.0,246359.0,0,idle
246359.0,246361.0,0,active
246361.0,246362.0,0,idle
246362.0,246364.0,0,active
246364.0,246365.0,0,idle
246365.0,246367.0,0,active
246367.0,246368.0,0,idle
246368.0,246370.0,0,active
246370.0,246371.0,0,idle
246371.0,246373.0,0,active
246373.0,246374.0,0,idle
246374.0,246376.0,0,active
246376.0,246377.0,0,idle
246377.0,246379.0,0,active
246379.0,246380.0,0,idle
246380.0,246382.0,0,active
246382.0,246383.0,0,idle
246383.0,246385.0,0,active
246385.0,246386.0,0,idle
246386.0,246388.0,0,active
246388.0,246389.0,0,idle
246389.0,246391.0,0,active
246391.0,246392.0,0,idle
246392.0,246394.0,0,active
246394.0,246395.0,0,idle
246395.0,246397.0,0,active
246397.0,246398.0,0,idle
246398.0,246400.0,0,active
246400.0,246401.0,0,idle
246401.0,246403.0,0,active
246403.0,246404.0,0,idle
246404.0,246406.0,0,active
246406.0,246407.0,0,idle
246407.0,246409.0,0,active
246409.0,246410.0,0,idle
246410.0,246412.0,0,active
246412.0,246413.0,0,idle
246413.0,246415.0,0,active
246415.0,246416.0,0,idle
246416.0,246418.0,0,active
246418.0,246419.0,0,idle
246419.0,246421.0,0,active
246421.0,246422.0,0,idle
246422.0,246424.0,0,active
246424.0,246425.0,0,idle
246425.0,246427.0,0,active
246427.0,246428.0,0,idle
246428.0,246430.0,0,active
246430.0,246431.0,0,idle
246431.0,246433.0,0,active
246433.0,246434.0,0,idle
246434.0,246436.0,0,active
246436.0,246437.0,0,idle
246437.0,246439.0,0,active
246439.0,246440.0,0,idle
246440.0,246442.0,0,active
246442.0,246443.0,0,idle
246443.0,246445.0,0,active
246445.0,246446.0,0,idle
246446.0,246448.0,0,active
246448.0,246449.0,0,idle
246449.0,246451.0,0,active
246451.0,246452.0,0,idle
246452.0,246454.0,0,active
246454.0,246455.0,0,idle
246455.0,246457.0,0,active
246457.0,246458.0,0,idle
246458.0,246460.0,0,active
246460.0,246461.0,0,idle
246461.0,246463.0,0,active
246463.0,246464.0,0,idle
246464.0,246466.0,0,active
246466.0,246467.0,0,idle
246467.0,246469.0,0,active
246469.0,246470.0,0,idle
246470.0,246472.0,0,active
246472.0,246473.0,0,idle
246473.0,246475.0,0,active
246475.0,246476.0,0,idle
246476.0,246478.0,0,active
246478.0,246479.0,0,idle
246479.0,246481.0,0,active
246481.0,246482.0,0,idle
246482.0,246484.0,0,active
246484.0,246485.0,0,idle
246485.0,246487.0,0,active
246487.0,246488.0,0,idle
246488.0,246490.0,0,active
246490.0,246491.0,0,idle
246491.0,246493.0,0,active
246493.0,246494.0,0,idle
246494.0,246496.0,0,active
246496.0,246497.0,0,idle
246497.0,246499.0,0,active
246499.0,246500.0,0,idle
246500.0,246502.0,0,active
246502.0,246503.0,0,idle
246503.0,246505.0,0,active
246505.0,246506.0,0,idle
246506.0,246508.0,0,active
246508.0,246509.0,0,idle
246509.0,246511.0,0,active
246511.0,246512.0,0,idle
246512.0,246514.0,0,active
246514.0,246515.0,0,idle
246515.0,246517.0,0,active
246517.0,246518.0,0,idle
246518.0,246520.0,0,active
246520.0,246521.0,0,idle
246521.0,246523.0,0,active
246523.0,246524.0,0,idle
246524.0,246526.0,0,active
246526.0,246527.0,0,idle
246527.0,246529.0,0,active
246529.0,246530.0,0,idle
246530.0,246532.0,0,active
246532.0,246533.0,0,idle
246533.0,246535.0,0,active
246535.0,246536.0,0,idle
246536.0,246538.0,0,active
246538.0,246539.0,0,idle
246539.0,246541.0,0,active
246541.0,246542.0,0,idle
246542.0,246544.0,0,active
246544.0,246545.0,0,idle
246545.0,246547.0,0,active
246547.0,246548.0,0,idle
246548.0,246550.0,0,active
246550.0,246551.0,0,idle
246551.0,246553.0,0,active
246553.0,246554.0,0,idle
246554.0,246556.0,0,active
246556.0,246557.0,0,idle
246557.0,246559.0,0,active
246559.0,246560.0,0,idle
246560.0,246562.0,0,active
246562.0,246563.0,0,idle
246563.0,246565.0,0,active
246565.0,246566.0,0,idle
246566.0,246568.0,0,active
246568.0,246569.0,0,idle
246569.0,246571.0,0,active
246571.0,246572.0,0,idle
246572.0,246574.0,0,active
246574.0,246575.0,0,idle
246575.0,246577.0,0,active
246577.0,246578.0,0,idle
246578.0,246580.0,0,active
246580.0,246581.0,0,idle
246581.0,246583.0,0,active
246583.0,246584.0,0,idle
246584.0,246586.0,0,active
246586.0,246587.0,0,idle
246587.0,246589.0,0,active
246589.0,246590.0,0,idle
246590.0,246592.0,0,active
246592.0,246593.0,0,idle
246593.0,246595.0,0,active
246595.0,246596.0,0,idle
246596.0,246598.0,0,active
246598.0,246599.0,0,idle
246599.0,246601.0,0,active
246601.0,246602.0,0,idle
246602.0,246604.0,0,active
246604.0,246605.0,0,idle
246605.0,246607.0,0,active
246607.0,246608.0,0,idle
246608.0,246610.0,0,active
246610.0,246611.0,0,idle
246611.0,246613.0,0,active
246613.0,246614.0,0,idle
246614.0,246616.0,0,active
246616.0,246617.0,0,idle
246617.0,246619.0,0,active
246619.0,246620.0,0,idle
246620.0,246622.0,0,active
246622.0,246623.0,0,idle
246623.0,246625.0,0,active
246625.0,246626.0,0,idle
246626.0,246628.0,0,active
246628.0,246629.0,0,idle
246629.0,246631.0,0,active
246631.0,246632.0,0,idle
246632.0,246634.0,0,active
246634.0,246635.0,0,idle
246635.0,246637.0,0,active
246637.0,246638.0,0,idle
246638.0,246640.0,0,active
246640.0,246641.0,0,idle
246641.0,246643.0,0,active
246643.0,246644.0,0,idle
246644.0,246646.0,0,active
246646.0,246647.0,0,idle
246647.0,246649.0,0,active
246649.0,246650.0,0,idle
246650.0,246652.0,0,active
246652.0,246653.0,0,idle
246653.0,246655.0,0,active
246655.0,246656.0,0,idle
246656.0,246658.0,0,active
246658.0,246659.0,0,idle
246659.0,246661.0,0,active
246661.0,246662.0,0,idle
246662.0,246664.0,0,active
246664.0,246665.0,0,idle
246665.0,246667.0,0,active
246667.0,246668.0,0,idle
246668.0,246670.0,0,active
246670.0,246671.0,0,idle
246671.0,246673.0,0,active
246673.0,246674.0,0,idle
246674.0,246676.0,0,active
246676.0,246677.0,0,idle
246677.0,246679.0,0,active
246679.0,246680.0,0,idle
246680.0,246682.0,0,active
246682.0,246683.0,0,idle
246683.0,246685.0,0,active
246685.0,246686.0,0,idle
246686.0,246688.0,0,active
246688.0,246689.0,0,idle
246689.0,246691.0,0,active
246691.0,246692.0,0,idle
246692.0,246694.0,0,active
246694.0,246695.0,0,idle
246695.0,246697.0,0,active
246697.0,246698.0,0,idle
246698.0,246700.0,0,active
246700.0,246701.0,0,idle
246701.0,246703.0,0,active
246703.0,246704.0,0,idle
246704.0,246706.0,0,active
246706.0,246707.0,0,idle
246707.0,246709.0,0,active
246709.0,246710.0,0,idle
246710.0,246712.0,0,active
246712.0,246713.0,0,idle
246713.0,246715.0,0,active
246715.0,246716.0,0,idle
246716.0,246718.0,0,active
246718.0,246719.0,0,idle
246719.0,246721.0,0,active
246721.0,246722.0,0,idle
246722.0,246724.0,0,active
246724.0,246725.0,0,idle
246725.0,246727.0,0,active
246727.0,246728.0,0,idle
246728.0,246730.0,0,active
246730.0,246731.0,0,idle
246731.0,246733.0,0,active
246733.0,246734.0,0,idle
246734.0,246736.0,0,active
246736.0,246737.0,0,idle
246737.0,246739.0,0,active
246739.0,246740.0,0,idle
246740.0,246742.0,0,active
246742.0,246743.0,0,idle
246743.0,246745.0,0,active
246745.0,246746.0,0,idle
246746.0,246748.0,0,active
246748.0,246749.0,0,idle
246749.0,246751.0,0,active
246751.0,246752.0,0,idle
246752.0,246754.0,0,active
246754.0,246755.0,0,idle
246755.0,246757.0,0,active
246757.0,246758.0,0,idle
246758.0,246760.0,0,active
246760.0,246761.0,0,idle
246761.0,246763.0,0,active
246763.0,246764.0,0,idle
246764.0,246766.0,0,active
246766.0,246767.0,0,idle
246767.0,246769.0,0,active
246769.0,246770.0,0,idle
246770.0,246772.0,0,active
246772.0,246773.0,0,idle
246773.0,246775.0,0,active
246775.0,246776.0,0,idle
246776.0,246778.0,0,active
246778.0,246779.0,0,idle
246779.0,246781.0,0,active
246781.0,246782.0,0,idle
246782.0,246784.0,0,active
246784.0,246785.0,0,idle
246785.0,246787.0,0,active
246787.0,246788.0,0,idle
246788.0,246790.0,0,active
246790.0,246791.0,0,idle
246791.0,246793.0,0,active
246793.0,246794.0,0,idle
246794.0,246796.0,0,active
246796.0,246797.0,0,idle
246797.0,246799.0,0,active
246799.0,246800.0,0,idle
246800.0,246802.0,0,active
246802.0,246803.0,0,idle
246803.0,246805.0,0,active
246805.0,246806.0,0,idle
246806.0,246808.0,0,active
246808.0,246809.0,0,idle
246809.0,246811.0,0,active
246811.0,246812.0,0,idle
246812.0,246814.0,0,active
246814.0,246815.0,0,idle
246815.0,246817.0,0,active
246817.0,246818.0,0,idle
246818.0,246820.0,0,active
246820.0,246821.0,0,idle
246821.0,246823.0,0,active
246823.0,246824.0,0,idle
246824.0,246826.0,0,active
246826.0,246827.0,0,idle
246827.0,246829.0,0,active
246829.0,246830.0,0,idle
246830.0,246832.0,0,active
246832.0,246833.0,0,idle
246833.0,246835.0,0,active
246835.0,246836.0,0,idle
246836.0,246838.0,0,active
246838.0,246839.0,0,idle
246839.0,246841.0,0,active
246841.0,246842.0,0,idle
246842.0,246844.0,0,active
246844.0,246845.0,0,idle
246845.0,246847.0,0,active
246847.0,246848.0,0,idle
246848.0,246850.0,0,active
246850.0,246851.0,0,idle
246851.0,246853.0,0,active
246853.0,246854.0,0,idle
246854.0,246856.0,0,active
246856.0,246857.0,0,idle
246857.0,246859.0,0,active
246859.0,246860.0,0,idle
246860.0,246862.0,0,active
246862.0,246863.0,0,idle
246863.0,246865.0,0,active
246865.0,246866.0,0,idle
246866.0,246868.0,0,active
246868.0,246869.0,0,idle
246869.0,246871.0,0,active
246871.0,246872.0,0,idle
246872.0,246874.0,0,active
246874.0,246875.0,0,idle
246875.0,246877.0,0,active
246877.0,246878.0,0,idle
246878.0,246880.0,0,active
246880.0,246881.0,0,idle
246881.0,246883.0,0,active
246883.0,246884.0,0,idle
246884.0,246886.0,0,active
246886.0,246887.0,0,idle
246887.0,246889.0,0,active
246889.0,246890.0,0,idle
246890.0,246892.0,0,active
246892.0,246893.0,0,idle
246893.0,246895.0,0,active
246895.0,246896.0,0,idle
246896.0,246898.0,0,active
246898.0,246899.0,0,idle
246899.0,246901.0,0,active
246901.0,246902.0,0,idle
246902.0,246904.0,0,active
246904.0,246905.0,0,idle
246905.0,246907.0,0,active
246907.0,246908.0,0,idle
246908.0,246910.0,0,active
246910.0,246911.0,0,idle
246911.0,246913.0,0,active
246913.0,246914.0,0,idle
246914.0,246916.0,0,active
246916.0,246917.0,0,idle
246917.0,246919.0,0,active
246919.0,246920.0,0,idle
246920.0,246922.0,0,active
246922.0,246923.0,0,idle
246923.0,246925.0,0,active
246925.0,246926.0,0,idle
246926.0,246928.0,0,active
246928.0,246929.0,0,idle
246929.0,246931.0,0,active
246931.0,246932.0,0,idle
246932.0,246934.0,0,active
246934.0,246935.0,0,idle
246935.0,246937.0,0,active
246937.0,246938.0,0,idle
246938.0,246940.0,0,active
246940.0,246941.0,0,idle
246941.0,246943.0,0,active
246943.0,246944.0,0,idle
246944.0,246946.0,0,active
246946.0,246947.0,0,idle
246947.0,246949.0,0,active
246949.0,246950.0,0,idle
246950.0,246952.0,0,active
246952.0,246953.0,0,idle
246953.0,246955.0,0,active
246955.0,246956.0,0,idle
246956.0,246958.0,0,active
246958.0,246959.0,0,idle
246959.0,246961.0,0,active
246961.0,246962.0,0,idle
246962.0,246964.0,0,active
246964.0,246965.0,0,idle
246965.0,246967.0,0,active
246967.0,246968.0,0,idle
246968.0,246970.0,0,active
246970.0,246971.0,0,idle
246971.0,246973.0,0,active
246973.0,246974.0,0,idle
246974.0,246976.0,0,active
246976.0,246977.0,0,idle
246977.0,246979.0,0,active
246979.0,246980.0,0,idle
246980.0,246982.0,0,active
246982.0,246983.0,0,idle
246983.0,246985.0,0,active
246985.0,246986.0,0,idle
246986.0,246988.0,0,active
246988.0,246989.0,0,idle
246989.0,246991.0,0,active
246991.0,246992.0,0,idle
246992.0,246994.0,0,active
246994.0,246995.0,0,idle
246995.0,246997.0,0,active
246997.0,246998.0,0,idle
246998.0,247000.0,0,active
247000.0,247001.0,0,idle
247001.0,247003.0,0,active
247003.0,247004.0,0,idle
247004.0,247006.0,0,active
247006.0,247007.0,0,idle
247007.0,247009.0,0,active
247009.0,247010.0,0,idle
247010.0,247012.0,0,active
247012.0,247013.0,0,idle
247013.0,247015.0,0,active
247015.0,247016.0,0,idle
247016.0,247018.0,0,active
247018.0,247019.0,0,idle
247019.0,247021.0,0,active
247021.0,247022.0,0,idle
247022.0,247024.0,0,active
247024.0,247025.0,0,idle
247025.0,247027.0,0,active
247027.0,247028.0,0,idle
247028.0,247030.0,0,active
247030.0,247031.0,0,idle
247031.0,247033.0,0,active
247033.0,247034.0,0,idle
247034.0,247036.0,0,active
247036.0,247037.0,0,idle
247037.0,247039.0,0,active
247039.0,247040.0,0,idle
247040.0,247042.0,0,active
247042.0,247043.0,0,idle
247043.0,247045.0,0,active
247045.0,247046.0,0,idle
247046.0,247048.0,0,active
247048.0,247049.0,0,idle
247049.0,247051.0,0,active
247051.0,247052.0,0,idle
247052.0,247054.0,0,active
247054.0,247055.0,0,idle
247055.0,247057.0,0,active
247057.0,247058.0,0,idle
247058.0,247060.0,0,active
247060.0,247061.0,0,idle
247061.0,247063.0,0,active
247063.0,247064.0,0,idle
247064.0,247066.0,0,active
247066.0,247067.0,0,idle
247067.0,247069.0,0,active
247069.0,247070.0,0,idle
247070.0,247072.0,0,active
247072.0,247073.0,0,idle
247073.0,247075.0,0,active
247075.0,247076.0,0,idle
247076.0,247078.0,0,active
247078.0,247079.0,0,idle
247079.0,247081.0,0,active
247081.0,247082.0,0,idle
247082.0,247084.0,0,active
247084.0,247085.0,0,idle
247085.0,247087.0,0,active
247087.0,247088.0,0,idle
247088.0,247090.0,0,active
247090.0,247091.0,0,idle
247091.0,247093.0,0,active
247093.0,247094.0,0,idle
247094.0,247096.0,0,active
247096.0,247097.0,0,idle
247097.0,247099.0,0,active
247099.0,247100.0,0,idle
247100.0,247102.0,0,active
247102.0,247103.0,0,idle
247103.0,247105.0,0,active
247105.0,247106.0,0,idle
247106.0,247108.0,0,active
247108.0,247109.0,0,idle
247109.0,247111.0,0,active
247111.0,247112.0,0,idle
247112.0,247114.0,0,active
247114.0,247115.0,0,idle
247115.0,247117.0,0,active
247117.0,247118.0,0,idle
247118.0,247120.0,0,active
247120.0,247121.0,0,idle
247121.0,247123.0,0,active
247123.0,247124.0,0,idle
247124.0,247126.0,0,active
247126.0,247127.0,0,idle
247127.0,247129.0,0,active
247129.0,247130.0,0,idle
247130.0,247132.0,0,active
247132.0,247133.0,0,idle
247133.0,247135.0,0,active
247135.0,247136.0,0,idle
247136.0,247138.0,0,active
247138.0,247139.0,0,idle
247139.0,247141.0,0,active
247141.0,247142.0,0,idle
247142.0,247144.0,0,active
247144.0,247145.0,0,idle
247145.0,247147.0,0,active
247147.0,247148.0,0,idle
247148.0,247150.0,0,active
247150.0,247151.0,0,idle
247151.0,247153.0,0,active
247153.0,247154.0,0,idle
247154.0,247156.0,0,active
247156.0,247157.0,0,idle
247157.0,247159.0,0,active
247159.0,247160.0,0,idle
247160.0,247162.0,0,active
247162.0,247163.0,0,idle
247163.0,247165.0,0,active
247165.0,247166.0,0,idle
247166.0,247168.0,0,active
247168.0,247169.0,0,idle
247169.0,247171.0,0,active
247171.0,247172.0,0,idle
247172.0,247174.0,0,active
247174.0,247175.0,0,idle
247175.0,247177.0,0,active
247177.0,247178.0,0,idle
247178.0,247180.0,0,active
247180.0,247181.0,0,idle
247181.0,247183.0,0,active
247183.0,247184.0,0,idle
247184.0,247186.0,0,active
247186.0,247187.0,0,idle
247187.0,247189.0,0,active
247189.0,247190.0,0,idle
247190.0,247192.0,0,active
247192.0,247193.0,0,idle
247193.0,247195.0,0,active
247195.0,247196.0,0,idle
247196.0,247198.0,0,active
247198.0,247199.0,0,idle
247199.0,247201.0,0,active
247201.0,247202.0,0,idle
247202.0,247204.0,0,active
247204.0,247205.0,0,idle
247205.0,247207.0,0,active
247207.0,247208.0,0,idle
247208.0,247210.0,0,active
247210.0,247211.0,0,idle
247211.0,247213.0,0,active
247213.0,247214.0,0,idle
247214.0,247216.0,0,active
247216.0,247217.0,0,idle
247217.0,247219.0,0,active
247219.0,247220.0,0,idle
247220.0,247222.0,0,active
247222.0,247223.0,0,idle
247223.0,247225.0,0,active
247225.0,247226.0,0,idle
247226.0,247228.0,0,active
247228.0,247229.0,0,idle
247229.0,247231.0,0,active
247231.0,247232.0,0,idle
247232.0,247234.0,0,active
247234.0,247235.0,0,idle
247235.0,247237.0,0,active
247237.0,247238.0,0,idle
247238.0,247240.0,0,active
247240.0,247241.0,0,idle
247241.0,247243.0,0,active
247243.0,247244.0,0,idle
247244.0,247246.0,0,active
247246.0,247247.0,0,idle
247247.0,247249.0,0,active
247249.0,247250.0,0,idle
247250.0,247252.0,0,active
247252.0,247253.0,0,idle
247253.0,247255.0,0,active
247255.0,247256.0,0,idle
247256.0,247258.0,0,active
247258.0,247259.0,0,idle
247259.0,247261.0,0,active
247261.0,247262.0,0,idle
247262.0,247264.0,0,active
247264.0,247265.0,0,idle
247265.0,247267.0,0,active
247267.0,247268.0,0,idle
247268.0,247270.0,0,active
247270.0,247271.0,0,idle
247271.0,247273.0,0,active
247273.0,247274.0,0,idle
247274.0,247276.0,0,active
247276.0,247277.0,0,idle
247277.0,247279.0,0,active
247279.0,247280.0,0,idle
247280.0,247282.0,0,active
247282.0,247283.0,0,idle
247283.0,247285.0,0,active
247285.0,247286.0,0,idle
247286.0,247288.0,0,active
247288.0,247289.0,0,idle
247289.0,247291.0,0,active
247291.0,247292.0,0,idle
247292.0,247294.0,0,active
247294.0,247295.0,0,idle
247295.0,247297.0,0,active
247297.0,247298.0,0,idle
247298.0,247300.0,0,active
247300.0,247301.0,0,idle
247301.0,247303.0,0,active
247303.0,247304.0,0,idle
247304.0,247306.0,0,active
247306.0,247307.0,0,idle
247307.0,247309.0,0,active
247309.0,247310.0,0,idle
247310.0,247312.0,0,active
247312.0,247313.0,0,idle
247313.0,247315.0,0,active
247315.0,247316.0,0,idle
247316.0,247318.0,0,active
247318.0,247319.0,0,idle
247319.0,247321.0,0,active
247321.0,247322.0,0,idle
247322.0,247324.0,0,active
247324.0,247325.0,0,idle
247325.0,247327.0,0,active
247327.0,247328.0,0,idle
247328.0,247330.0,0,active
247330.0,247331.0,0,idle
247331.0,247333.0,0,active
247333.0,247334.0,0,idle
247334.0,247336.0,0,active
247336.0,247337.0,0,idle
247337.0,247339.0,0,active
247339.0,247340.0,0,idle
247340.0,247342.0,0,active
247342.0,247343.0,0,idle
247343.0,247345.0,0,active
247345.0,247346.0,0,idle
247346.0,247348.0,0,active
247348.0,247349.0,0,idle
247349.0,247351.0,0,active
247351.0,247352.0,0,idle
247352.0,247354.0,0,active
247354.0,247355.0,0,idle
247355.0,247357.0,0,active
247357.0,247358.0,0,idle
247358.0,247360.0,0,active
247360.0,247361.0,0,idle
247361.0,247363.0,0,active
247363.0,247364.0,0,idle
247364.0,247366.0,0,active
247366.0,247367.0,0,idle
247367.0,247369.0,0,active
247369.0,247370.0,0,idle
247370.0,247372.0,0,active
247372.0,247373.0,0,idle
247373.0,247375.0,0,active
247375.0,247376.0,0,idle
247376.0,247378.0,0,active
247378.0,247379.0,0,idle
247379.0,247381.0,0,active
247381.0,247382.0,0,idle
247382.0,247384.0,0,active
247384.0,247385.0,0,idle
247385.0,247387.0,0,active
247387.0,247388.0,0,idle
247388.0,247390.0,0,active
247390.0,247391.0,0,idle
247391.0,247393.0,0,active
247393.0,247394.0,0,idle
247394.0,247396.0,0,active
247396.0,247397.0,0,idle
247397.0,247399.0,0,active
247399.0,247400.0,0,idle
247400.0,247402.0,0,active
247402.0,247403.0,0,idle
247403.0,247405.0,0,active
247405.0,247406.0,0,idle
247406.0,247408.0,0,active
247408.0,247409.0,0,idle
247409.0,247411.0,0,active
247411.0,247412.0,0,idle
247412.0,247414.0,0,active
247414.0,247415.0,0,idle
247415.0,247417.0,0,active
247417.0,247418.0,0,idle
247418.0,247420.0,0,active
247420.0,247421.0,0,idle
247421.0,247423.0,0,active
247423.0,247424.0,0,idle
247424.0,247426.0,0,active
247426.0,247427.0,0,idle
247427.0,247429.0,0,active
247429.0,247430.0,0,idle
247430.0,247432.0,0,active
247432.0,247433.0,0,idle
247433.0,247435.0,0,active
247435.0,247436.0,0,idle
247436.0,247438.0,0,active
247438.0,247439.0,0,idle
247439.0,247441.0,0,active
247441.0,247442.0,0,idle
247442.0,247444.0,0,active
247444.0,247445.0,0,idle
247445.0,247447.0,0,active
247447.0,247448.0,0,idle
247448.0,247450.0,0,active
247450.0,247451.0,0,idle
247451.0,247453.0,0,active
247453.0,247454.0,0,idle
247454.0,247456.0,0,active
247456.0,247457.0,0,idle
247457.0,247459.0,0,active
247459.0,247460.0,0,idle
247460.0,247462.0,0,active
247462.0,247463.0,0,idle
247463.0,247465.0,0,active
247465.0,247466.0,0,idle
247466.0,247468.0,0,active
247468.0,247469.0,0,idle
247469.0,247471.0,0,active
247471.0,247472.0,0,idle
247472.0,247474.0,0,active
247474.0,247475.0,0,idle
247475.0,247477.0,0,active
247477.0,247478.0,0,idle
247478.0,247480.0,0,active
247480.0,247481.0,0,idle
247481.0,247483.0,0,active
247483.0,247484.0,0,idle
247484.0,247486.0,0,active
247486.0,247487.0,0,idle
247487.0,247489.0,0,active
247489.0,247490.0,0,idle
247490.0,247492.0,0,active
247492.0,247493.0,0,idle
247493.0,247495.0,0,active
247495.0,247496.0,0,idle
247496.0,247498.0,0,active
247498.0,247499.0,0,idle
247499.0,247501.0,0,active
247501.0,247502.0,0,idle
247502.0,247504.0,0,active
247504.0,247505.0,0,idle
247505.0,247507.0,0,active
247507.0,247508.0,0,idle
247508.0,247510.0,0,active
247510.0,247511.0,0,idle
247511.0,247513.0,0,active
247513.0,247514.0,0,idle
247514.0,247516.0,0,active
247516.0,247517.0,0,idle
247517.0,247519.0,0,active
247519.0,247520.0,0,idle
247520.0,247522.0,0,active
247522.0,247523.0,0,idle
247523.0,247525.0,0,active
247525.0,247526.0,0,idle
247526.0,247528.0,0,active
247528.0,247529.0,0,idle
247529.0,247531.0,0,active
247531.0,247532.0,0,idle
247532.0,247534.0,0,active
247534.0,247535.0,0,idle
247535.0,247537.0,0,active
247537.0,247538.0,0,idle
247538.0,247540.0,0,active
247540.0,247541.0,0,idle
247541.0,247543.0,0,active
247543.0,247544.0,0,idle
247544.0,247546.0,0,active
247546.0,247547.0,0,idle
247547.0,247549.0,0,active
247549.0,247550.0,0,idle
247550.0,247552.0,0,active
247552.0,247553.0,0,idle
247553.0,247555.0,0,active
247555.0,247556.0,0,idle
247556.0,247558.0,0,active
247558.0,247559.0,0,idle
247559.0,247561.0,0,active
247561.0,247562.0,0,idle
247562.0,247564.0,0,active
247564.0,247565.0,0,idle
247565.0,247567.0,0,active
247567.0,247568.0,0,idle
247568.0,247570.0,0,active
247570.0,247571.0,0,idle
247571.0,247573.0,0,active
247573.0,247574.0,0,idle
247574.0,247576.0,0,active
247576.0,247577.0,0,idle
247577.0,247579.0,0,active
247579.0,247580.0,0,idle
247580.0,247582.0,0,active
247582.0,247583.0,0,idle
247583.0,247585.0,0,active
247585.0,247586.0,0,idle
247586.0,247588.0,0,active
247588.0,247589.0,0,idle
247589.0,247591.0,0,active
247591.0,247592.0,0,idle
247592.0,247594.0,0,active
247594.0,247595.0,0,idle
247595.0,247597.0,0,active
247597.0,247598.0,0,idle
247598.0,247600.0,0,active
247600.0,247601.0,0,idle
247601.0,247603.0,0,active
247603.0,247604.0,0,idle
247604.0,247606.0,0,active
247606.0,247607.0,0,idle
247607.0,247609.0,0,active
247609.0,247610.0,0,idle
247610.0,247612.0,0,active
247612.0,247613.0,0,idle
247613.0,247615.0,0,active
247615.0,247616.0,0,idle
247616.0,247618.0,0,active
247618.0,247619.0,0,idle
247619.0,247621.0,0,active
247621.0,247622.0,0,idle
247622.0,247624.0,0,active
247624.0,247625.0,0,idle
247625.0,247627.0,0,active
247627.0,247628.0,0,idle
247628.0,247630.0,0,active
247630.0,247631.0,0,idle
247631.0,247633.0,0,active
247633.0,247634.0,0,idle
247634.0,247636.0,0,active
247636.0,247637.0,0,idle
247637.0,247639.0,0,active
247639.0,247640.0,0,idle
247640.0,247642.0,0,active
247642.0,247643.0,0,idle
247643.0,247645.0,0,active
247645.0,247646.0,0,idle
247646.0,247648.0,0,active
247648.0,247649.0,0,idle
247649.0,247651.0,0,active
247651.0,247652.0,0,idle
247652.0,247654.0,0,active
247654.0,247655.0,0,idle
247655.0,247657.0,0,active
247657.0,247658.0,0,idle
247658.0,247660.0,0,active
247660.0,247661.0,0,idle
247661.0,247663.0,0,active
247663.0,247664.0,0,idle
247664.0,247666.0,0,active
247666.0,247667.0,0,idle
247667.0,247669.0,0,active
247669.0,247670.0,0,idle
247670.0,247672.0,0,active
247672.0,247673.0,0,idle
247673.0,247675.0,0,active
247675.0,247676.0,0,idle
247676.0,247678.0,0,active
247678.0,247679.0,0,idle
247679.0,247681.0,0,active
247681.0,247682.0,0,idle
247682.0,247684.0,0,active
247684.0,247685.0,0,idle
247685.0,247687.0,0,active
247687.0,247688.0,0,idle
247688.0,247690.0,0,active
247690.0,247691.0,0,idle
247691.0,247693.0,0,active
247693.0,247694.0,0,idle
247694.0,247696.0,0,active
247696.0,247697.0,0,idle
247697.0,247699.0,0,active
247699.0,247700.0,0,idle
247700.0,247702.0,0,active
247702.0,247703.0,0,idle
247703.0,247705.0,0,active
247705.0,247706.0,0,idle
247706.0,247708.0,0,active
247708.0,247709.0,0,idle
247709.0,247711.0,0,active
247711.0,247712.0,0,idle
247712.0,247714.0,0,active
247714.0,247715.0,0,idle
247715.0,247717.0,0,active
247717.0,247718.0,0,idle
247718.0,247720.0,0,active
247720.0,247721.0,0,idle
247721.0,247723.0,0,active
247723.0,247724.0,0,idle
247724.0,247726.0,0,active
247726.0,247727.0,0,idle
247727.0,247729.0,0,active
247729.0,247730.0,0,idle
247730.0,247732.0,0,active
247732.0,247733.0,0,idle
247733.0,247735.0,0,active
247735.0,247736.0,0,idle
247736.0,247738.0,0,active
247738.0,247739.0,0,idle
247739.0,247741.0,0,active
247741.0,247742.0,0,idle
247742.0,247744.0,0,active
247744.0,247745.0,0,idle
247745.0,247747.0,0,active
247747.0,247748.0,0,idle
247748.0,247750.0,0,active
247750.0,247751.0,0,idle
247751.0,247753.0,0,active
247753.0,247754.0,0,idle
247754.0,247756.0,0,active
247756.0,247757.0,0,idle
247757.0,247759.0,0,active
247759.0,247760.0,0,idle
247760.0,247762.0,0,active
247762.0,247763.0,0,idle
247763.0,247765.0,0,active
247765.0,247766.0,0,idle
247766.0,247768.0,0,active
247768.0,247769.0,0,idle
247769.0,247771.0,0,active
247771.0,247772.0,0,idle
247772.0,247774.0,0,active
247774.0,247775.0,0,idle
247775.0,247777.0,0,active
247777.0,247778.0,0,idle
247778.0,247780.0,0,active
247780.0,247781.0,0,idle
247781.0,247783.0,0,active
247783.0,247784.0,0,idle
247784.0,247786.0,0,active
247786.0,247787.0,0,idle
247787.0,247789.0,0,active
247789.0,247790.0,0,idle
247790.0,247792.0,0,active
247792.0,247793.0,0,idle
247793.0,247795.0,0,active
247795.0,247796.0,0,idle
247796.0,247798.0,0,active
247798.0,247799.0,0,idle
247799.0,247801.0,0,active
247801.0,247802.0,0,idle
247802.0,247804.0,0,active
247804.0,247805.0,0,idle
247805.0,247807.0,0,active
247807.0,247808.0,0,idle
247808.0,247810.0,0,active
247810.0,247811.0,0,idle
247811.0,247813.0,0,active
247813.0,247814.0,0,idle
247814.0,247816.0,0,active
247816.0,247817.0,0,idle
247817.0,247819.0,0,active
247819.0,247820.0,0,idle
247820.0,247822.0,0,active
247822.0,247823.0,0,idle
247823.0,247825.0,0,active
247825.0,247826.0,0,idle
247826.0,247828.0,0,active
247828.0,247829.0,0,idle
247829.0,247831.0,0,active
247831.0,247832.0,0,idle
247832.0,247834.0,0,active
247834.0,247835.0,0,idle
247835.0,247837.0,0,active
247837.0,247838.0,0,idle
247838.0,247840.0,0,active
247840.0,247841.0,0,idle
247841.0,247843.0,0,active
247843.0,247844.0,0,idle
247844.0,247846.0,0,active
247846.0,247847.0,0,idle
247847.0,247849.0,0,active
247849.0,247850.0,0,idle
247850.0,247852.0,0,active
247852.0,247853.0,0,idle
247853.0,247855.0,0,active
247855.0,247856.0,0,idle
247856.0,247858.0,0,active
247858.0,247859.0,0,idle
247859.0,247861.0,0,active
247861.0,247862.0,0,idle
247862.0,247864.0,0,active
247864.0,247865.0,0,idle
247865.0,247867.0,0,active
247867.0,247868.0,0,idle
247868.0,247870.0,0,active
247870.0,247871.0,0,idle
247871.0,247873.0,0,active
247873.0,247874.0,0,idle
247874.0,247876.0,0,active
247876.0,247877.0,0,idle
247877.0,247879.0,0,active
247879.0,247880.0,0,idle
247880.0,247882.0,0,active
247882.0,247883.0,0,idle
247883.0,247885.0,0,active
247885.0,247886.0,0,idle
247886.0,247888.0,0,active
247888.0,247889.0,0,idle
247889.0,247891.0,0,active
247891.0,247892.0,0,idle
247892.0,247894.0,0,active
247894.0,247895.0,0,idle
247895.0,247897.0,0,active
247897.0,247898.0,0,idle
247898.0,247900.0,0,active
247900.0,247901.0,0,idle
247901.0,247903.0,0,active
247903.0,247904.0,0,idle
247904.0,247906.0,0,active
247906.0,247907.0,0,idle
247907.0,247909.0,0,active
247909.0,247910.0,0,idle
247910.0,247912.0,0,active
247912.0,247913.0,0,idle
247913.0,247915.0,0,active
247915.0,247916.0,0,idle
247916.0,247918.0,0,active
247918.0,247919.0,0,idle
247919.0,247921.0,0,active
247921.0,247922.0,0,idle
247922.0,247924.0,0,active
247924.0,247925.0,0,idle
247925.0,247927.0,0,active
247927.0,247928.0,0,idle
247928.0,247930.0,0,active
247930.0,247931.0,0,idle
247931.0,247933.0,0,active
247933.0,247934.0,0,idle
247934.0,247936.0,0,active
247936.0,247937.0,0,idle
247937.0,247939.0,0,active
247939.0,247940.0,0,idle
247940.0,247942.0,0,active
247942.0,247943.0,0,idle
247943.0,247945.0,0,active
247945.0,247946.0,0,idle
247946.0,247948.0,0,active
247948.0,247949.0,0,idle
247949.0,247951.0,0,active
247951.0,247952.0,0,idle
247952.0,247954.0,0,active
247954.0,247955.0,0,idle
247955.0,247957.0,0,active
247957.0,247958.0,0,idle
247958.0,247960.0,0,active
247960.0,247961.0,0,idle
247961.0,247963.0,0,active
247963.0,247964.0,0,idle
247964.0,247966.0,0,active
247966.0,247967.0,0,idle
247967.0,247969.0,0,active
247969.0,247970.0,0,idle
247970.0,247972.0,0,active
247972.0,247973.0,0,idle
247973.0,247975.0,0,active
247975.0,247976.0,0,idle
247976.0,247978.0,0,active
247978.0,247979.0,0,idle
247979.0,247981.0,0,active
247981.0,247982.0,0,idle
247982.0,247984.0,0,active
247984.0,247985.0,0,idle
247985.0,247987.0,0,active
247987.0,247988.0,0,idle
247988.0,247990.0,0,active
247990.0,247991.0,0,idle
247991.0,247993.0,0,active
247993.0,247994.0,0,idle
247994.0,247996.0,0,active
247996.0,247997.0,0,idle
247997.0,247999.0,0,active
247999.0,248000.0,0,idle
248000.0,248002.0,0,active
248002.0,248003.0,0,idle
248003.0,248005.0,0,active
248005.0,248006.0,0,idle
248006.0,248008.0,0,active
248008.0,248009.0,0,idle
248009.0,248011.0,0,active
248011.0,248012.0,0,idle
248012.0,248014.0,0,active
248014.0,248015.0,0,idle
248015.0,248017.0,0,active
248017.0,248018.0,0,idle
248018.0,248020.0,0,active
248020.0,248021.0,0,idle
248021.0,248023.0,0,active
248023.0,248024.0,0,idle
248024.0,248026.0,0,active
248026.0,248027.0,0,idle
248027.0,248029.0,0,active
248029.0,248030.0,0,idle
248030.0,248032.0,0,active
248032.0,248033.0,0,idle
248033.0,248035.0,0,active
248035.0,248036.0,0,idle
248036.0,248038.0,0,active
248038.0,248039.0,0,idle
248039.0,248041.0,0,active
248041.0,248042.0,0,idle
248042.0,248044.0,0,active
248044.0,248045.0,0,idle
248045.0,248047.0,0,active
248047.0,248048.0,0,idle
248048.0,248050.0,0,active
248050.0,248051.0,0,idle
248051.0,248053.0,0,active
248053.0,248054.0,0,idle
248054.0,248056.0,0,active
248056.0,248057.0,0,idle
248057.0,248059.0,0,active
248059.0,248060.0,0,idle
248060.0,248062.0,0,active
248062.0,248063.0,0,idle
248063.0,248065.0,0,active
248065.0,248066.0,0,idle
248066.0,248068.0,0,active
248068.0,248069.0,0,idle
248069.0,248071.0,0,active
248071.0,248072.0,0,idle
248072.0,248074.0,0,active
248074.0,248075.0,0,idle
248075.0,248077.0,0,active
248077.0,248078.0,0,idle
248078.0,248080.0,0,active
248080.0,248081.0,0,idle
248081.0,248083.0,0,active
248083.0,248084.0,0,idle
248084.0,248086.0,0,active
248086.0,248087.0,0,idle
248087.0,248089.0,0,active
248089.0,248090.0,0,idle
248090.0,248092.0,0,active
248092.0,248093.0,0,idle
248093.0,248095.0,0,active
248095.0,248096.0,0,idle
248096.0,248098.0,0,active
248098.0,248099.0,0,idle
248099.0,248101.0,0,active
248101.0,248102.0,0,idle
248102.0,248104.0,0,active
248104.0,248105.0,0,idle
248105.0,248107.0,0,active
248107.0,248108.0,0,idle
248108.0,248110.0,0,active
248110.0,248111.0,0,idle
248111.0,248113.0,0,active
248113.0,248114.0,0,idle
248114.0,248116.0,0,active
248116.0,248117.0,0,idle
248117.0,248119.0,0,active
248119.0,248120.0,0,idle
248120.0,248122.0,0,active
248122.0,248123.0,0,idle
248123.0,248125.0,0,active
248125.0,248126.0,0,idle
248126.0,248128.0,0,active
248128.0,248129.0,0,idle
248129.0,248131.0,0,active
248131.0,248132.0,0,idle
248132.0,248134.0,0,active
248134.0,248135.0,0,idle
248135.0,248137.0,0,active
248137.0,248138.0,0,idle
248138.0,248140.0,0,active
248140.0,248141.0,0,idle
248141.0,248143.0,0,active
248143.0,248144.0,0,idle
248144.0,248146.0,0,active
248146.0,248147.0,0,idle
248147.0,248149.0,0,active
248149.0,248150.0,0,idle
248150.0,248152.0,0,active
248152.0,248153.0,0,idle
248153.0,248155.0,0,active
248155.0,248156.0,0,idle
248156.0,248158.0,0,active
248158.0,248159.0,0,idle
248159.0,248161.0,0,active
248161.0,248162.0,0,idle
248162.0,248164.0,0,active
248164.0,248165.0,0,idle
248165.0,248167.0,0,active
248167.0,248168.0,0,idle
248168.0,248170.0,0,active
248170.0,248171.0,0,idle
248171.0,248173.0,0,active
248173.0,248174.0,0,idle
248174.0,248176.0,0,active
248176.0,248177.0,0,idle
248177.0,248179.0,0,active
248179.0,248180.0,0,idle
248180.0,248182.0,0,active
248182.0,248183.0,0,idle
248183.0,248185.0,0,active
248185.0,248186.0,0,idle
248186.0,248188.0,0,active
248188.0,248189.0,0,idle
248189.0,248191.0,0,active
248191.0,248192.0,0,idle
248192.0,248194.0,0,active
248194.0,248195.0,0,idle
248195.0,248197.0,0,active
248197.0,248198.0,0,idle
248198.0,248200.0,0,active
248200.0,248201.0,0,idle
248201.0,248203.0,0,active
248203.0,248204.0,0,idle
248204.0,248206.0,0,active
248206.0,248207.0,0,idle
248207.0,248209.0,0,active
248209.0,248210.0,0,idle
248210.0,248212.0,0,active
248212.0,248213.0,0,idle
248213.0,248215.0,0,active
248215.0,248216.0,0,idle
248216.0,248218.0,0,active
248218.0,248219.0,0,idle
248219.0,248221.0,0,active
248221.0,248222.0,0,idle
248222.0,248224.0,0,active
248224.0,248225.0,0,idle
248225.0,248227.0,0,active
248227.0,248228.0,0,idle
248228.0,248230.0,0,active
248230.0,248231.0,0,idle
248231.0,248233.0,0,active
248233.0,248234.0,0,idle
248234.0,248236.0,0,active
248236.0,248237.0,0,idle
248237.0,248239.0,0,active
248239.0,248240.0,0,idle
248240.0,248242.0,0,active
248242.0,248243.0,0,idle
248243.0,248245.0,0,active
248245.0,248246.0,0,idle
248246.0,248248.0,0,active
248248.0,248249.0,0,idle
248249.0,248251.0,0,active
248251.0,248252.0,0,idle
248252.0,248254.0,0,active
248254.0,248255.0,0,idle
248255.0,248257.0,0,active
248257.0,248258.0,0,idle
248258.0,248260.0,0,active
248260.0,248261.0,0,idle
248261.0,248263.0,0,active
248263.0,248264.0,0,idle
248264.0,248266.0,0,active
248266.0,248267.0,0,idle
248267.0,248269.0,0,active
248269.0,248270.0,0,idle
248270.0,248272.0,0,active
248272.0,248273.0,0,idle
248273.0,248275.0,0,active
248275.0,248276.0,0,idle
248276.0,248278.0,0,active
248278.0,248279.0,0,idle
248279.0,248281.0,0,active
248281.0,248282.0,0,idle
248282.0,248284.0,0,active
248284.0,248285.0,0,idle
248285.0,248287.0,0,active
248287.0,248288.0,0,idle
248288.0,248290.0,0,active
248290.0,248291.0,0,idle
248291.0,248293.0,0,active
248293.0,248294.0,0,idle
248294.0,248296.0,0,active
248296.0,248297.0,0,idle
248297.0,248299.0,0,active
248299.0,248300.0,0,idle
248300.0,248302.0,0,active
248302.0,248303.0,0,idle
248303.0,248305.0,0,active
248305.0,248306.0,0,idle
248306.0,248308.0,0,active
248308.0,248309.0,0,idle
248309.0,248311.0,0,active
248311.0,248312.0,0,idle
248312.0,248314.0,0,active
248314.0,248315.0,0,idle
248315.0,248317.0,0,active
248317.0,248318.0,0,idle
248318.0,248320.0,0,active
248320.0,248321.0,0,idle
248321.0,248323.0,0,active
248323.0,248324.0,0,idle
248324.0,248326.0,0,active
248326.0,248327.0,0,idle
248327.0,248329.0,0,active
248329.0,248330.0,0,idle
248330.0,248332.0,0,active
248332.0,248333.0,0,idle
248333.0,248335.0,0,active
248335.0,248336.0,0,idle
248336.0,248338.0,0,active
248338.0,248339.0,0,idle
248339.0,248341.0,0,active
248341.0,248342.0,0,idle
248342.0,248344.0,0,active
248344.0,248345.0,0,idle
248345.0,248347.0,0,active
248347.0,248348.0,0,idle
248348.0,248350.0,0,active
248350.0,248351.0,0,idle
248351.0,248353.0,0,active
248353.0,248354.0,0,idle
248354.0,248356.0,0,active
248356.0,248357.0,0,idle
248357.0,248359.0,0,active
248359.0,248360.0,0,idle
248360.0,248362.0,0,active
248362.0,248363.0,0,idle
248363.0,248365.0,0,active
248365.0,248366.0,0,idle
248366.0,248368.0,0,active
248368.0,248369.0,0,idle
248369.0,248371.0,0,active
248371.0,248372.0,0,idle
248372.0,248374.0,0,active
248374.0,248375.0,0,idle
248375.0,248377.0,0,active
248377.0,248378.0,0,idle
248378.0,248380.0,0,active
248380.0,248381.0,0,idle
248381.0,248383.0,0,active
248383.0,248384.0,0,idle
248384.0,248386.0,0,active
248386.0,248387.0,0,idle
248387.0,248389.0,0,active
248389.0,248390.0,0,idle
248390.0,248392.0,0,active
248392.0,248393.0,0,idle
248393.0,248395.0,0,active
248395.0,248396.0,0,idle
248396.0,248398.0,0,active
248398.0,248399.0,0,idle
248399.0,248401.0,0,active
248401.0,248402.0,0,idle
248402.0,248404.0,0,active
248404.0,248405.0,0,idle
248405.0,248407.0,0,active
248407.0,248408.0,0,idle
248408.0,248410.0,0,active
248410.0,248411.0,0,idle
248411.0,248413.0,0,active
248413.0,248414.0,0,idle
248414.0,248416.0,0,active
248416.0,248417.0,0,idle
248417.0,248419.0,0,active
248419.0,248420.0,0,idle
248420.0,248422.0,0,active
248422.0,248423.0,0,idle
248423.0,248425.0,0,active
248425.0,248426.0,0,idle
248426.0,248428.0,0,active
248428.0,248429.0,0,idle
248429.0,248431.0,0,active
248431.0,248432.0,0,idle
248432.0,248434.0,0,active
248434.0,248435.0,0,idle
248435.0,248437.0,0,active
248437.0,248438.0,0,idle
248438.0,248440.0,0,active
248440.0,248441.0,0,idle
248441.0,248443.0,0,active
248443.0,248444.0,0,idle
248444.0,248446.0,0,active
248446.0,248447.0,0,idle
248447.0,248449.0,0,active
248449.0,248450.0,0,idle
248450.0,248452.0,0,active
248452.0,248453.0,0,idle
248453.0,248455.0,0,active
248455.0,248456.0,0,idle
248456.0,248458.0,0,active
248458.0,248459.0,0,idle
248459.0,248461.0,0,active
248461.0,248462.0,0,idle
248462.0,248464.0,0,active
248464.0,248465.0,0,idle
248465.0,248467.0,0,active
248467.0,248468.0,0,idle
248468.0,248470.0,0,active
248470.0,248471.0,0,idle
248471.0,248473.0,0,active
248473.0,248474.0,0,idle
248474.0,248476.0,0,active
248476.0,248477.0,0,idle
248477.0,248479.0,0,active
248479.0,248480.0,0,idle
248480.0,248482.0,0,active
248482.0,248483.0,0,idle
248483.0,248485.0,0,active
248485.0,248486.0,0,idle
248486.0,248488.0,0,active
248488.0,248489.0,0,idle
248489.0,248491.0,0,active
248491.0,248492.0,0,idle
248492.0,248494.0,0,active
248494.0,248495.0,0,idle
248495.0,248497.0,0,active
248497.0,248498.0,0,idle
248498.0,248500.0,0,active
248500.0,248501.0,0,idle
248501.0,248503.0,0,active
248503.0,248504.0,0,idle
248504.0,248506.0,0,active
248506.0,248507.0,0,idle
248507.0,248509.0,0,active
248509.0,248510.0,0,idle
248510.0,248512.0,0,active
248512.0,248513.0,0,idle
248513.0,248515.0,0,active
248515.0,248516.0,0,idle
248516.0,248518.0,0,active
248518.0,248519.0,0,idle
248519.0,248521.0,0,active
248521.0,248522.0,0,idle
248522.0,248524.0,0,active
248524.0,248525.0,0,idle
248525.0,248527.0,0,active
248527.0,248528.0,0,idle
248528.0,248530.0,0,active
248530.0,248531.0,0,idle
248531.0,248533.0,0,active
248533.0,248534.0,0,idle
248534.0,248536.0,0,active
248536.0,248537.0,0,idle
248537.0,248539.0,0,active
248539.0,248540.0,0,idle
248540.0,248542.0,0,active
248542.0,248543.0,0,idle
248543.0,248545.0,0,active
248545.0,248546.0,0,idle
248546.0,248548.0,0,active
248548.0,248549.0,0,idle
248549.0,248551.0,0,active
248551.0,248552.0,0,idle
248552.0,248554.0,0,active
248554.0,248555.0,0,idle
248555.0,248557.0,0,active
248557.0,248558.0,0,idle
248558.0,248560.0,0,active
248560.0,248561.0,0,idle
248561.0,248563.0,0,active
248563.0,248564.0,0,idle
248564.0,248566.0,0,active
248566.0,248567.0,0,idle
248567.0,248569.0,0,active
248569.0,248570.0,0,idle
248570.0,248572.0,0,active
248572.0,248573.0,0,idle
248573.0,248575.0,0,active
248575.0,248576.0,0,idle
248576.0,248578.0,0,active
248578.0,248579.0,0,idle
248579.0,248581.0,0,active
248581.0,248582.0,0,idle
248582.0,248584.0,0,active
248584.0,248585.0,0,idle
248585.0,248587.0,0,active
248587.0,248588.0,0,idle
248588.0,248590.0,0,active
248590.0,248591.0,0,idle
248591.0,248593.0,0,active
248593.0,248594.0,0,idle
248594.0,248596.0,0,active
248596.0,248597.0,0,idle
248597.0,248599.0,0,active
248599.0,248600.0,0,idle
248600.0,248602.0,0,active
248602.0,248603.0,0,idle
248603.0,248605.0,0,active
248605.0,248606.0,0,idle
248606.0,248608.0,0,active
248608.0,248609.0,0,idle
248609.0,248611.0,0,active
248611.0,248612.0,0,idle
248612.0,248614.0,0,active
248614.0,248615.0,0,idle
248615.0,248617.0,0,active
248617.0,248618.0,0,idle
248618.0,248620.0,0,active
248620.0,248621.0,0,idle
248621.0,248623.0,0,active
248623.0,248624.0,0,idle
248624.0,248626.0,0,active
248626.0,248627.0,0,idle
248627.0,248629.0,0,active
248629.0,248630.0,0,idle
248630.0,248632.0,0,active
248632.0,248633.0,0,idle
248633.0,248635.0,0,active
248635.0,248636.0,0,idle
248636.0,248638.0,0,active
248638.0,248639.0,0,idle
248639.0,248641.0,0,active
248641.0,248642.0,0,idle
248642.0,248644.0,0,active
248644.0,248645.0,0,idle
248645.0,248647.0,0,active
248647.0,248648.0,0,idle
248648.0,248650.0,0,active
248650.0,248651.0,0,idle
248651.0,248653.0,0,active
248653.0,248654.0,0,idle
248654.0,248656.0,0,active
248656.0,248657.0,0,idle
248657.0,248659.0,0,active
248659.0,248660.0,0,idle
248660.0,248662.0,0,active
248662.0,248663.0,0,idle
248663.0,248665.0,0,active
248665.0,248666.0,0,idle
248666.0,248668.0,0,active
248668.0,248669.0,0,idle
248669.0,248671.0,0,active
248671.0,248672.0,0,idle
248672.0,248674.0,0,active
248674.0,248675.0,0,idle
248675.0,248677.0,0,active
248677.0,248678.0,0,idle
248678.0,248680.0,0,active
248680.0,248681.0,0,idle
248681.0,248683.0,0,active
248683.0,248684.0,0,idle
248684.0,248686.0,0,active
248686.0,248687.0,0,idle
248687.0,248689.0,0,active
248689.0,248690.0,0,idle
248690.0,248692.0,0,active
248692.0,248693.0,0,idle
248693.0,248695.0,0,active
248695.0,248696.0,0,idle
248696.0,248698.0,0,active
248698.0,248699.0,0,idle
248699.0,248701.0,0,active
248701.0,248702.0,0,idle
248702.0,248704.0,0,active
248704.0,248705.0,0,idle
248705.0,248707.0,0,active
248707.0,248708.0,0,idle
248708.0,248710.0,0,active
248710.0,248711.0,0,idle
248711.0,248713.0,0,active
248713.0,248714.0,0,idle
248714.0,248716.0,0,active
248716.0,248717.0,0,idle
248717.0,248719.0,0,active
248719.0,248720.0,0,idle
248720.0,248722.0,0,active
248722.0,248723.0,0,idle
248723.0,248725.0,0,active
248725.0,248726.0,0,idle
248726.0,248728.0,0,active
248728.0,248729.0,0,idle
248729.0,248731.0,0,active
248731.0,248732.0,0,idle
248732.0,248734.0,0,active
248734.0,248735.0,0,idle
248735.0,248737.0,0,active
248737.0,248738.0,0,idle
248738.0,248740.0,0,active
248740.0,248741.0,0,idle
248741.0,248743.0,0,active
248743.0,248744.0,0,idle
248744.0,248746.0,0,active
248746.0,248747.0,0,idle
248747.0,248749.0,0,active
248749.0,248750.0,0,idle
248750.0,248752.0,0,active
248752.0,248753.0,0,idle
248753.0,248755.0,0,active
248755.0,248756.0,0,idle
248756.0,248758.0,0,active
248758.0,248759.0,0,idle
248759.0,248761.0,0,active
248761.0,248762.0,0,idle
248762.0,248764.0,0,active
248764.0,248765.0,0,idle
248765.0,248767.0,0,active
248767.0,248768.0,0,idle
248768.0,248770.0,0,active
248770.0,248771.0,0,idle
248771.0,248773.0,0,active
248773.0,248774.0,0,idle
248774.0,248776.0,0,active
248776.0,248777.0,0,idle
248777.0,248779.0,0,active
248779.0,248780.0,0,idle
248780.0,248782.0,0,active
248782.0,248783.0,0,idle
248783.0,248785.0,0,active
248785.0,248786.0,0,idle
248786.0,248788.0,0,active
248788.0,248789.0,0,idle
248789.0,248791.0,0,active
248791.0,248792.0,0,idle
248792.0,248794.0,0,active
248794.0,248795.0,0,idle
248795.0,248797.0,0,active
248797.0,248798.0,0,idle
248798.0,248800.0,0,active
248800.0,248801.0,0,idle
248801.0,248803.0,0,active
248803.0,248804.0,0,idle
248804.0,248806.0,0,active
248806.0,248807.0,0,idle
248807.0,248809.0,0,active
248809.0,248810.0,0,idle
248810.0,248812.0,0,active
248812.0,248813.0,0,idle
248813.0,248815.0,0,active
248815.0,248816.0,0,idle
248816.0,248818.0,0,active
248818.0,248819.0,0,idle
248819.0,248821.0,0,active
248821.0,248822.0,0,idle
248822.0,248824.0,0,active
248824.0,248825.0,0,idle
248825.0,248827.0,0,active
248827.0,248828.0,0,idle
248828.0,248830.0,0,active
248830.0,248831.0,0,idle
248831.0,248833.0,0,active
248833.0,248834.0,0,idle
248834.0,248836.0,0,active
248836.0,248837.0,0,idle
248837.0,248839.0,0,active
248839.0,248840.0,0,idle
248840.0,248842.0,0,active
248842.0,248843.0,0,idle
248843.0,248845.0,0,active
248845.0,248846.0,0,idle
248846.0,248848.0,0,active
248848.0,248849.0,0,idle
248849.0,248851.0,0,active
248851.0,248852.0,0,idle
248852.0,248854.0,0,active
248854.0,248855.0,0,idle
248855.0,248857.0,0,active
248857.0,248858.0,0,idle
248858.0,248860.0,0,active
248860.0,248861.0,0,idle
248861.0,248863.0,0,active
248863.0,248864.0,0,idle
248864.0,248866.0,0,active
248866.0,248867.0,0,idle
248867.0,248869.0,0,active
248869.0,248870.0,0,idle
248870.0,248872.0,0,active
248872.0,248873.0,0,idle
248873.0,248875.0,0,active
248875.0,248876.0,0,idle
248876.0,248878.0,0,active
248878.0,248879.0,0,idle
248879.0,248881.0,0,active
248881.0,248882.0,0,idle
248882.0,248884.0,0,active
248884.0,248885.0,0,idle
248885.0,248887.0,0,active
248887.0,248888.0,0,idle
248888.0,248890.0,0,active
248890.0,248891.0,0,idle
248891.0,248893.0,0,active
248893.0,248894.0,0,idle
248894.0,248896.0,0,active
248896.0,248897.0,0,idle
248897.0,248899.0,0,active
248899.0,248900.0,0,idle
248900.0,248902.0,0,active
248902.0,248903.0,0,idle
248903.0,248905.0,0,active
248905.0,248906.0,0,idle
248906.0,248908.0,0,active
248908.0,248909.0,0,idle
248909.0,248911.0,0,active
248911.0,248912.0,0,idle
248912.0,248914.0,0,active
248914.0,248915.0,0,idle
248915.0,248917.0,0,active
248917.0,248918.0,0,idle
248918.0,248920.0,0,active
248920.0,248921.0,0,idle
248921.0,248923.0,0,active
248923.0,248924.0,0,idle
248924.0,248926.0,0,active
248926.0,248927.0,0,idle
248927.0,248929.0,0,active
248929.0,248930.0,0,idle
248930.0,248932.0,0,active
248932.0,248933.0,0,idle
248933.0,248935.0,0,active
248935.0,248936.0,0,idle
248936.0,248938.0,0,active
248938.0,248939.0,0,idle
248939.0,248941.0,0,active
248941.0,248942.0,0,idle
248942.0,248944.0,0,active
248944.0,248945.0,0,idle
248945.0,248947.0,0,active
248947.0,248948.0,0,idle
248948.0,248950.0,0,active
248950.0,248951.0,0,idle
248951.0,248953.0,0,active
248953.0,248954.0,0,idle
248954.0,248956.0,0,active
248956.0,248957.0,0,idle
248957.0,248959.0,0,active
248959.0,248960.0,0,idle
248960.0,248962.0,0,active
248962.0,248963.0,0,idle
248963.0,248965.0,0,active
248965.0,248966.0,0,idle
248966.0,248968.0,0,active
248968.0,248969.0,0,idle
248969.0,248971.0,0,active
248971.0,248972.0,0,idle
248972.0,248974.0,0,active
248974.0,248975.0,0,idle
248975.0,248977.0,0,active
248977.0,248978.0,0,idle
248978.0,248980.0,0,active
248980.0,248981.0,0,idle
248981.0,248983.0,0,active
248983.0,248984.0,0,idle
248984.0,248986.0,0,active
248986.0,248987.0,0,idle
248987.0,248989.0,0,active
248989.0,248990.0,0,idle
248990.0,248992.0,0,active
248992.0,248993.0,0,idle
248993.0,248995.0,0,active
248995.0,248996.0,0,idle
248996.0,248998.0,0,active
248998.0,248999.0,0,idle
248999.0,249001.0,0,active
249001.0,249002.0,0,idle
249002.0,249004.0,0,active
249004.0,249005.0,0,idle
249005.0,249007.0,0,active
249007.0,249008.0,0,idle
249008.0,249010.0,0,active
249010.0,249011.0,0,idle
249011.0,249013.0,0,active
249013.0,249014.0,0,idle
249014.0,249016.0,0,active
249016.0,249017.0,0,idle
249017.0,249019.0,0,active
249019.0,249020.0,0,idle
249020.0,249022.0,0,active
249022.0,249023.0,0,idle
249023.0,249025.0,0,active
249025.0,249026.0,0,idle
249026.0,249028.0,0,active
249028.0,249029.0,0,idle
249029.0,249031.0,0,active
249031.0,249032.0,0,idle
249032.0,249034.0,0,active
249034.0,249035.0,0,idle
249035.0,249037.0,0,active
249037.0,249038.0,0,idle
249038.0,249040.0,0,active
249040.0,249041.0,0,idle
249041.0,249043.0,0,active
249043.0,249044.0,0,idle
249044.0,249046.0,0,active
249046.0,249047.0,0,idle
249047.0,249049.0,0,active
249049.0,249050.0,0,idle
249050.0,249052.0,0,active
249052.0,249053.0,0,idle
249053.0,249055.0,0,active
249055.0,249056.0,0,idle
249056.0,249058.0,0,active
249058.0,249059.0,0,idle
249059.0,249061.0,0,active
249061.0,249062.0,0,idle
249062.0,249064.0,0,active
249064.0,249065.0,0,idle
249065.0,249067.0,0,active
249067.0,249068.0,0,idle
249068.0,249070.0,0,active
249070.0,249071.0,0,idle
249071.0,249073.0,0,active
249073.0,249074.0,0,idle
249074.0,249076.0,0,active
249076.0,249077.0,0,idle
249077.0,249079.0,0,active
249079.0,249080.0,0,idle
249080.0,249082.0,0,active
249082.0,249083.0,0,idle
249083.0,249085.0,0,active
249085.0,249086.0,0,idle
249086.0,249088.0,0,active
249088.0,249089.0,0,idle
249089.0,249091.0,0,active
249091.0,249092.0,0,idle
249092.0,249094.0,0,active
249094.0,249095.0,0,idle
249095.0,249097.0,0,active
249097.0,249098.0,0,idle
249098.0,249100.0,0,active
249100.0,249101.0,0,idle
249101.0,249103.0,0,active
249103.0,249104.0,0,idle
249104.0,249106.0,0,active
249106.0,249107.0,0,idle
249107.0,249109.0,0,active
249109.0,249110.0,0,idle
249110.0,249112.0,0,active
249112.0,249113.0,0,idle
249113.0,249115.0,0,active
249115.0,249116.0,0,idle
249116.0,249118.0,0,active
249118.0,249119.0,0,idle
249119.0,249121.0,0,active
249121.0,249122.0,0,idle
249122.0,249124.0,0,active
249124.0,249125.0,0,idle
249125.0,249127.0,0,active
249127.0,249128.0,0,idle
249128.0,249130.0,0,active
249130.0,249131.0,0,idle
249131.0,249133.0,0,active
249133.0,249134.0,0,idle
249134.0,249136.0,0,active
249136.0,249137.0,0,idle
249137.0,249139.0,0,active
249139.0,249140.0,0,idle
249140.0,249142.0,0,active
249142.0,249143.0,0,idle
249143.0,249145.0,0,active
249145.0,249146.0,0,idle
249146.0,249148.0,0,active
249148.0,249149.0,0,idle
249149.0,249151.0,0,active
249151.0,249152.0,0,idle
249152.0,249154.0,0,active
249154.0,249155.0,0,idle
249155.0,249157.0,0,active
249157.0,249158.0,0,idle
249158.0,249160.0,0,active
249160.0,249161.0,0,idle
249161.0,249163.0,0,active
249163.0,249164.0,0,idle
249164.0,249166.0,0,active
249166.0,249167.0,0,idle
249167.0,249169.0,0,active
249169.0,249170.0,0,idle
249170.0,249172.0,0,active
249172.0,249173.0,0,idle
249173.0,249175.0,0,active
249175.0,249176.0,0,idle
249176.0,249178.0,0,active
249178.0,249179.0,0,idle
249179.0,249181.0,0,active
249181.0,249182.0,0,idle
249182.0,249184.0,0,active
249184.0,249185.0,0,idle
249185.0,249187.0,0,active
249187.0,249188.0,0,idle
249188.0,249190.0,0,active
249190.0,249191.0,0,idle
249191.0,249193.0,0,active
249193.0,249194.0,0,idle
249194.0,249196.0,0,active
249196.0,249197.0,0,idle
249197.0,249199.0,0,active
249199.0,249200.0,0,idle
249200.0,249202.0,0,active
249202.0,249203.0,0,idle
249203.0,249205.0,0,active
249205.0,249206.0,0,idle
249206.0,249208.0,0,active
249208.0,249209.0,0,idle
249209.0,249211.0,0,active
249211.0,249212.0,0,idle
249212.0,249214.0,0,active
249214.0,249215.0,0,idle
249215.0,249217.0,0,active
249217.0,249218.0,0,idle
249218.0,249220.0,0,active
249220.0,249221.0,0,idle
249221.0,249223.0,0,active
249223.0,249224.0,0,idle
249224.0,249226.0,0,active
249226.0,249227.0,0,idle
249227.0,249229.0,0,active
249229.0,249230.0,0,idle
249230.0,249232.0,0,active
249232.0,249233.0,0,idle
249233.0,249235.0,0,active
249235.0,249236.0,0,idle
249236.0,249238.0,0,active
249238.0,249239.0,0,idle
249239.0,249241.0,0,active
249241.0,249242.0,0,idle
249242.0,249244.0,0,active
249244.0,249245.0,0,idle
249245.0,249247.0,0,active
249247.0,249248.0,0,idle
249248.0,249250.0,0,active
249250.0,249251.0,0,idle
249251.0,249253.0,0,active
249253.0,249254.0,0,idle
249254.0,249256.0,0,active
249256.0,249257.0,0,idle
249257.0,249259.0,0,active
249259.0,249260.0,0,idle
249260.0,249262.0,0,active
249262.0,249263.0,0,idle
249263.0,249265.0,0,active
249265.0,249266.0,0,idle
249266.0,249268.0,0,active
249268.0,249269.0,0,idle
249269.0,249271.0,0,active
249271.0,249272.0,0,idle
249272.0,249274.0,0,active
249274.0,249275.0,0,idle
249275.0,249277.0,0,active
249277.0,249278.0,0,idle
249278.0,249280.0,0,active
249280.0,249281.0,0,idle
249281.0,249283.0,0,active
249283.0,249284.0,0,idle
249284.0,249286.0,0,active
249286.0,249287.0,0,idle
249287.0,249289.0,0,active
249289.0,249290.0,0,idle
249290.0,249292.0,0,active
249292.0,249293.0,0,idle
249293.0,249295.0,0,active
249295.0,249296.0,0,idle
249296.0,249298.0,0,active
249298.0,249299.0,0,idle
249299.0,249301.0,0,active
249301.0,249302.0,0,idle
249302.0,249304.0,0,active
249304.0,249305.0,0,idle
249305.0,249307.0,0,active
249307.0,249308.0,0,idle
249308.0,249310.0,0,active
249310.0,249311.0,0,idle
249311.0,249313.0,0,active
249313.0,249314.0,0,idle
249314.0,249316.0,0,active
249316.0,249317.0,0,idle
249317.0,249319.0,0,active
249319.0,249320.0,0,idle
249320.0,249322.0,0,active
249322.0,249323.0,0,idle
249323.0,249325.0,0,active
249325.0,249326.0,0,idle
249326.0,249328.0,0,active
249328.0,249329.0,0,idle
249329.0,249331.0,0,active
249331.0,249332.0,0,idle
249332.0,249334.0,0,active
249334.0,249335.0,0,idle
249335.0,249337.0,0,active
249337.0,249338.0,0,idle
249338.0,249340.0,0,active
249340.0,249341.0,0,idle
249341.0,249343.0,0,active
249343.0,249344.0,0,idle
249344.0,249346.0,0,active
249346.0,249347.0,0,idle
249347.0,249349.0,0,active
249349.0,249350.0,0,idle
249350.0,249352.0,0,active
249352.0,249353.0,0,idle
249353.0,249355.0,0,active
249355.0,249356.0,0,idle
249356.0,249358.0,0,active
249358.0,249359.0,0,idle
249359.0,249361.0,0,active
249361.0,249362.0,0,idle
249362.0,249364.0,0,active
249364.0,249365.0,0,idle
249365.0,249367.0,0,active
249367.0,249368.0,0,idle
249368.0,249370.0,0,active
249370.0,249371.0,0,idle
249371.0,249373.0,0,active
249373.0,249374.0,0,idle
249374.0,249376.0,0,active
249376.0,249377.0,0,idle
249377.0,249379.0,0,active
249379.0,249380.0,0,idle
249380.0,249382.0,0,active
249382.0,249383.0,0,idle
249383.0,249385.0,0,active
249385.0,249386.0,0,idle
249386.0,249388.0,0,active
249388.0,249389.0,0,idle
249389.0,249391.0,0,active
249391.0,249392.0,0,idle
249392.0,249394.0,0,active
249394.0,249395.0,0,idle
249395.0,249397.0,0,active
249397.0,249398.0,0,idle
249398.0,249400.0,0,active
249400.0,249401.0,0,idle
249401.0,249403.0,0,active
249403.0,249404.0,0,idle
249404.0,249406.0,0,active
249406.0,249407.0,0,idle
249407.0,249409.0,0,active
249409.0,249410.0,0,idle
249410.0,249412.0,0,active
249412.0,249413.0,0,idle
249413.0,249415.0,0,active
249415.0,249416.0,0,idle
249416.0,249418.0,0,active
249418.0,249419.0,0,idle
249419.0,249421.0,0,active
249421.0,249422.0,0,idle
249422.0,249424.0,0,active
249424.0,249425.0,0,idle
249425.0,249427.0,0,active
249427.0,249428.0,0,idle
249428.0,249430.0,0,active
249430.0,249431.0,0,idle
249431.0,249433.0,0,active
249433.0,249434.0,0,idle
249434.0,249436.0,0,active
249436.0,249437.0,0,idle
249437.0,249439.0,0,active
249439.0,249440.0,0,idle
249440.0,249442.0,0,active
249442.0,249443.0,0,idle
249443.0,249445.0,0,active
249445.0,249446.0,0,idle
249446.0,249448.0,0,active
249448.0,249449.0,0,idle
249449.0,249451.0,0,active
249451.0,249452.0,0,idle
249452.0,249454.0,0,active
249454.0,249455.0,0,idle
249455.0,249457.0,0,active
249457.0,249458.0,0,idle
249458.0,249460.0,0,active
249460.0,249461.0,0,idle
249461.0,249463.0,0,active
249463.0,249464.0,0,idle
249464.0,249466.0,0,active
249466.0,249467.0,0,idle
249467.0,249469.0,0,active
249469.0,249470.0,0,idle
249470.0,249472.0,0,active
249472.0,249473.0,0,idle
249473.0,249475.0,0,active
249475.0,249476.0,0,idle
249476.0,249478.0,0,active
249478.0,249479.0,0,idle
249479.0,249481.0,0,active
249481.0,249482.0,0,idle
249482.0,249484.0,0,active
249484.0,249485.0,0,idle
249485.0,249487.0,0,active
249487.0,249488.0,0,idle
249488.0,249490.0,0,active
249490.0,249491.0,0,idle
249491.0,249493.0,0,active
249493.0,249494.0,0,idle
249494.0,249496.0,0,active
249496.0,249497.0,0,idle
249497.0,249499.0,0,active
249499.0,249500.0,0,idle
249500.0,249502.0,0,active
249502.0,249503.0,0,idle
249503.0,249505.0,0,active
249505.0,249506.0,0,idle
249506.0,249508.0,0,active
249508.0,249509.0,0,idle
249509.0,249511.0,0,active
249511.0,249512.0,0,idle
249512.0,249514.0,0,active
249514.0,249515.0,0,idle
249515.0,249517.0,0,active
249517.0,249518.0,0,idle
249518.0,249520.0,0,active
249520.0,249521.0,0,idle
249521.0,249523.0,0,active
249523.0,249524.0,0,idle
249524.0,249526.0,0,active
249526.0,249527.0,0,idle
249527.0,249529.0,0,active
249529.0,249530.0,0,idle
249530.0,249532.0,0,active
249532.0,249533.0,0,idle
249533.0,249535.0,0,active
249535.0,249536.0,0,idle
249536.0,249538.0,0,active
249538.0,249539.0,0,idle
249539.0,249541.0,0,active
249541.0,249542.0,0,idle
249542.0,249544.0,0,active
249544.0,249545.0,0,idle
249545.0,249547.0,0,active
249547.0,249548.0,0,idle
249548.0,249550.0,0,active
249550.0,249551.0,0,idle
249551.0,249553.0,0,active
249553.0,249554.0,0,idle
249554.0,249556.0,0,active
249556.0,249557.0,0,idle
249557.0,249559.0,0,active
249559.0,249560.0,0,idle
249560.0,249562.0,0,active
249562.0,249563.0,0,idle
249563.0,249565.0,0,active
249565.0,249566.0,0,idle
249566.0,249568.0,0,active
249568.0,249569.0,0,idle
249569.0,249571.0,0,active
249571.0,249572.0,0,idle
249572.0,249574.0,0,active
249574.0,249575.0,0,idle
249575.0,249577.0,0,active
249577.0,249578.0,0,idle
249578.0,249580.0,0,active
249580.0,249581.0,0,idle
249581.0,249583.0,0,active
249583.0,249584.0,0,idle
249584.0,249586.0,0,active
249586.0,249587.0,0,idle
249587.0,249589.0,0,active
249589.0,249590.0,0,idle
249590.0,249592.0,0,active
249592.0,249593.0,0,idle
249593.0,249595.0,0,active
249595.0,249596.0,0,idle
249596.0,249598.0,0,active
249598.0,249599.0,0,idle
249599.0,249601.0,0,active
249601.0,249602.0,0,idle
249602.0,249604.0,0,active
249604.0,249605.0,0,idle
249605.0,249607.0,0,active
249607.0,249608.0,0,idle
249608.0,249610.0,0,active
249610.0,249611.0,0,idle
249611.0,249613.0,0,active
249613.0,249614.0,0,idle
249614.0,249616.0,0,active
249616.0,249617.0,0,idle
249617.0,249619.0,0,active
249619.0,249620.0,0,idle
249620.0,249622.0,0,active
249622.0,249623.0,0,idle
249623.0,249625.0,0,active
249625.0,249626.0,0,idle
249626.0,249628.0,0,active
249628.0,249629.0,0,idle
249629.0,249631.0,0,active
249631.0,249632.0,0,idle
249632.0,249634.0,0,active
249634.0,249635.0,0,idle
249635.0,249637.0,0,active
249637.0,249638.0,0,idle
249638.0,249640.0,0,active
249640.0,249641.0,0,idle
249641.0,249643.0,0,active
249643.0,249644.0,0,idle
249644.0,249646.0,0,active
249646.0,249647.0,0,idle
249647.0,249649.0,0,active
249649.0,249650.0,0,idle
249650.0,249652.0,0,active
249652.0,249653.0,0,idle
249653.0,249655.0,0,active
249655.0,249656.0,0,idle
249656.0,249658.0,0,active
249658.0,249659.0,0,idle
249659.0,249661.0,0,active
249661.0,249662.0,0,idle
249662.0,249664.0,0,active
249664.0,249665.0,0,idle
249665.0,249667.0,0,active
249667.0,249668.0,0,idle
249668.0,249670.0,0,active
249670.0,249671.0,0,idle
249671.0,249673.0,0,active
249673.0,249674.0,0,idle
249674.0,249676.0,0,active
249676.0,249677.0,0,idle
249677.0,249679.0,0,active
249679.0,249680.0,0,idle
249680.0,249682.0,0,active
249682.0,249683.0,0,idle
249683.0,249685.0,0,active
249685.0,249686.0,0,idle
249686.0,249688.0,0,active
249688.0,249689.0,0,idle
249689.0,249691.0,0,active
249691.0,249692.0,0,idle
249692.0,249694.0,0,active
249694.0,249695.0,0,idle
249695.0,249697.0,0,active
249697.0,249698.0,0,idle
249698.0,249700.0,0,active
249700.0,249701.0,0,idle
249701.0,249703.0,0,active
249703.0,249704.0,0,idle
249704.0,249706.0,0,active
249706.0,249707.0,0,idle
249707.0,249709.0,0,active
249709.0,249710.0,0,idle
249710.0,249712.0,0,active
249712.0,249713.0,0,idle
249713.0,249715.0,0,active
249715.0,249716.0,0,idle
249716.0,249718.0,0,active
249718.0,249719.0,0,idle
249719.0,249721.0,0,active
249721.0,249722.0,0,idle
249722.0,249724.0,0,active
249724.0,249725.0,0,idle
249725.0,249727.0,0,active
249727.0,249728.0,0,idle
249728.0,249730.0,0,active
249730.0,249731.0,0,idle
249731.0,249733.0,0,active
249733.0,249734.0,0,idle
249734.0,249736.0,0,active
249736.0,249737.0,0,idle
249737.0,249739.0,0,active
249739.0,249740.0,0,idle
249740.0,249742.0,0,active
249742.0,249743.0,0,idle
249743.0,249745.0,0,active
249745.0,249746.0,0,idle
249746.0,249748.0,0,active
249748.0,249749.0,0,idle
249749.0,249751.0,0,active
249751.0,249752.0,0,idle
249752.0,249754.0,0,active
249754.0,249755.0,0,idle
249755.0,249757.0,0,active
249757.0,249758.0,0,idle
249758.0,249760.0,0,active
249760.0,249761.0,0,idle
249761.0,249763.0,0,active
249763.0,249764.0,0,idle
249764.0,249766.0,0,active
249766.0,249767.0,0,idle
249767.0,249769.0,0,active
249769.0,249770.0,0,idle
249770.0,249772.0,0,active
249772.0,249773.0,0,idle
249773.0,249775.0,0,active
249775.0,249776.0,0,idle
249776.0,249778.0,0,active
249778.0,249779.0,0,idle
249779.0,249781.0,0,active
249781.0,249782.0,0,idle
249782.0,249784.0,0,active
249784.0,249785.0,0,idle
249785.0,249787.0,0,active
249787.0,249788.0,0,idle
249788.0,249790.0,0,active
249790.0,249791.0,0,idle
249791.0,249793.0,0,active
249793.0,249794.0,0,idle
249794.0,249796.0,0,active
249796.0,249797.0,0,idle
249797.0,249799.0,0,active
249799.0,249800.0,0,idle
249800.0,249802.0,0,active
249802.0,249803.0,0,idle
249803.0,249805.0,0,active
249805.0,249806.0,0,idle
249806.0,249808.0,0,active
249808.0,249809.0,0,idle
249809.0,249811.0,0,active
249811.0,249812.0,0,idle
249812.0,249814.0,0,active
249814.0,249815.0,0,idle
249815.0,249817.0,0,active
249817.0,249818.0,0,idle
249818.0,249820.0,0,active
249820.0,249821.0,0,idle
249821.0,249823.0,0,active
249823.0,249824.0,0,idle
249824.0,249826.0,0,active
249826.0,249827.0,0,idle
249827.0,249829.0,0,active
249829.0,249830.0,0,idle
249830.0,249832.0,0,active
249832.0,249833.0,0,idle
249833.0,249835.0,0,active
249835.0,249836.0,0,idle
249836.0,249838.0,0,active
249838.0,249839.0,0,idle
249839.0,249841.0,0,active
249841.0,249842.0,0,idle
249842.0,249844.0,0,active
249844.0,249845.0,0,idle
249845.0,249847.0,0,active
249847.0,249848.0,0,idle
249848.0,249850.0,0,active
249850.0,249851.0,0,idle
249851.0,249853.0,0,active
249853.0,249854.0,0,idle
249854.0,249856.0,0,active
249856.0,249857.0,0,idle
249857.0,249859.0,0,active
249859.0,249860.0,0,idle
249860.0,249862.0,0,active
249862.0,249863.0,0,idle
249863.0,249865.0,0,active
249865.0,249866.0,0,idle
249866.0,249868.0,0,active
249868.0,249869.0,0,idle
249869.0,249871.0,0,active
249871.0,249872.0,0,idle
249872.0,249874.0,0,active
249874.0,249875.0,0,idle
249875.0,249877.0,0,active
249877.0,249878.0,0,idle
249878.0,249880.0,0,active
249880.0,249881.0,0,idle
249881.0,249883.0,0,active
249883.0,249884.0,0,idle
249884.0,249886.0,0,active
249886.0,249887.0,0,idle
249887.0,249889.0,0,active
249889.0,249890.0,0,idle
249890.0,249892.0,0,active
249892.0,249893.0,0,idle
249893.0,249895.0,0,active
249895.0,249896.0,0,idle
249896.0,249898.0,0,active
249898.0,249899.0,0,idle
249899.0,249901.0,0,active
249901.0,249902.0,0,idle
249902.0,249904.0,0,active
249904.0,249905.0,0,idle
249905.0,249907.0,0,active
249907.0,249908.0,0,idle
249908.0,249910.0,0,active
249910.0,249911.0,0,idle
249911.0,249913.0,0,active
249913.0,249914.0,0,idle
249914.0,249916.0,0,active
249916.0,249917.0,0,idle
249917.0,249919.0,0,active
249919.0,249920.0,0,idle
249920.0,249922.0,0,active
249922.0,249923.0,0,idle
249923.0,249925.0,0,active
249925.0,249926.0,0,idle
249926.0,249928.0,0,active
249928.0,249929.0,0,idle
249929.0,249931.0,0,active
249931.0,249932.0,0,idle
249932.0,249934.0,0,active
249934.0,249935.0,0,idle
249935.0,249937.0,0,active
249937.0,249938.0,0,idle
249938.0,249940.0,0,active
249940.0,249941.0,0,idle
249941.0,249943.0,0,active
249943.0,249944.0,0,idle
249944.0,249946.0,0,active
249946.0,249947.0,0,idle
249947.0,249949.0,0,active
249949.0,249950.0,0,idle
249950.0,249952.0,0,active
249952.0,249953.0,0,idle
249953.0,249955.0,0,active
249955.0,249956.0,0,idle
249956.0,249958.0,0,active
249958.0,249959.0,0,idle
249959.0,249961.0,0,active
249961.0,249962.0,0,idle
249962.0,249964.0,0,active
249964.0,249965.0,0,idle
249965.0,249967.0,0,active
249967.0,249968.0,0,idle
249968.0,249970.0,0,active
249970.0,249971.0,0,idle
249971.0,249973.0,0,active
249973.0,249974.0,0,idle
249974.0,249976.0,0,active
249976.0,249977.0,0,idle
249977.0,249979.0,0,active
249979.0,249980.0,0,idle
249980.0,249982.0,0,active
249982.0,249983.0,0,idle
249983.0,249985.0,0,active
249985.0,249986.0,0,idle
249986.0,249988.0,0,active
249988.0,249989.0,0,idle
249989.0,249991.0,0,active
249991.0,249992.0,0,idle
249992.0,249994.0,0,active
249994.0,249995.0,0,idle
249995.0,249997.0,0,active
249997.0,249998.0,0,idle
249998.0,250000.0,0,active
250000.0,250001.0,0,idle
250001.0,250003.0,0,active
250003.0,250004.0,0,idle
250004.0,250006.0,0,active
250006.0,250007.0,0,idle
250007.0,250009.0,0,active
250009.0,250010.0,0,idle
250010.0,250012.0,0,active
250012.0,250013.0,0,idle
250013.0,250015.0,0,active
250015.0,250016.0,0,idle
250016.0,250018.0,0,active
250018.0,250019.0,0,idle
250019.0,250021.0,0,active
250021.0,250022.0,0,idle
250022.0,250024.0,0,active
250024.0,250025.0,0,idle
250025.0,250027.0,0,active
250027.0,250028.0,0,idle
250028.0,250030.0,0,active
250030.0,250031.0,0,idle
250031.0,250033.0,0,active
250033.0,250034.0,0,idle
250034.0,250036.0,0,active
250036.0,250037.0,0,idle
250037.0,250039.0,0,active
250039.0,250040.0,0,idle
250040.0,250042.0,0,active
250042.0,250043.0,0,idle
250043.0,250045.0,0,active
250045.0,250046.0,0,idle
250046.0,250048.0,0,active
250048.0,250049.0,0,idle
250049.0,250051.0,0,active
250051.0,250052.0,0,idle
250052.0,250054.0,0,active
250054.0,250055.0,0,idle
250055.0,250057.0,0,active
250057.0,250058.0,0,idle
250058.0,250060.0,0,active
250060.0,250061.0,0,idle
250061.0,250063.0,0,active
250063.0,250064.0,0,idle
250064.0,250066.0,0,active
250066.0,250067.0,0,idle
250067.0,250069.0,0,active
250069.0,250070.0,0,idle
250070.0,250072.0,0,active
250072.0,250073.0,0,idle
250073.0,250075.0,0,active
250075.0,250076.0,0,idle
250076.0,250078.0,0,active
250078.0,250079.0,0,idle
250079.0,250081.0,0,active
250081.0,250082.0,0,idle
250082.0,250084.0,0,active
250084.0,250085.0,0,idle
250085.0,250087.0,0,active
250087.0,250088.0,0,idle
250088.0,250090.0,0,active
250090.0,250091.0,0,idle
250091.0,250093.0,0,active
250093.0,250094.0,0,idle
250094.0,250096.0,0,active
250096.0,250097.0,0,idle
250097.0,250099.0,0,active
250099.0,250100.0,0,idle
250100.0,250102.0,0,active
250102.0,250103.0,0,idle
250103.0,250105.0,0,active
250105.0,250106.0,0,idle
250106.0,250108.0,0,active
250108.0,250109.0,0,idle
250109.0,250111.0,0,active
250111.0,250112.0,0,idle
250112.0,250114.0,0,active
250114.0,250115.0,0,idle
250115.0,250117.0,0,active
250117.0,250118.0,0,idle
250118.0,250120.0,0,active
250120.0,250121.0,0,idle
250121.0,250123.0,0,active
250123.0,250124.0,0,idle
250124.0,250126.0,0,active
250126.0,250127.0,0,idle
250127.0,250129.0,0,active
250129.0,250130.0,0,idle
250130.0,250132.0,0,active
250132.0,250133.0,0,idle
250133.0,250135.0,0,active
250135.0,250136.0,0,idle
250136.0,250138.0,0,active
250138.0,250139.0,0,idle
250139.0,250141.0,0,active
250141.0,250142.0,0,idle
250142.0,250144.0,0,active
250144.0,250145.0,0,idle
250145.0,250147.0,0,active
250147.0,250148.0,0,idle
250148.0,250150.0,0,active
250150.0,250151.0,0,idle
250151.0,250153.0,0,active
250153.0,250154.0,0,idle
250154.0,250156.0,0,active
250156.0,250157.0,0,idle
250157.0,250159.0,0,active
250159.0,250160.0,0,idle
250160.0,250162.0,0,active
250162.0,250163.0,0,idle
250163.0,250165.0,0,active
250165.0,250166.0,0,idle
250166.0,250168.0,0,active
250168.0,250169.0,0,idle
250169.0,250171.0,0,active
250171.0,250172.0,0,idle
250172.0,250174.0,0,active
250174.0,250175.0,0,idle
250175.0,250177.0,0,active
250177.0,250178.0,0,idle
250178.0,250180.0,0,active
250180.0,250181.0,0,idle
250181.0,250183.0,0,active
250183.0,250184.0,0,idle
250184.0,250186.0,0,active
250186.0,250187.0,0,idle
250187.0,250189.0,0,active
250189.0,250190.0,0,idle
250190.0,250192.0,0,active
250192.0,250193.0,0,idle
250193.0,250195.0,0,active
250195.0,250196.0,0,idle
250196.0,250198.0,0,active
250198.0,250199.0,0,idle
250199.0,250201.0,0,active
250201.0,250202.0,0,idle
250202.0,250204.0,0,active
250204.0,250205.0,0,idle
250205.0,250207.0,0,active
250207.0,250208.0,0,idle
250208.0,250210.0,0,active
250210.0,250211.0,0,idle
250211.0,250213.0,0,active
250213.0,250214.0,0,idle
250214.0,250216.0,0,active
250216.0,250217.0,0,idle
250217.0,250219.0,0,active
250219.0,250220.0,0,idle
250220.0,250222.0,0,active
250222.0,250223.0,0,idle
250223.0,250225.0,0,active
250225.0,250226.0,0,idle
250226.0,250228.0,0,active
250228.0,250229.0,0,idle
250229.0,250231.0,0,active
250231.0,250232.0,0,idle
250232.0,250234.0,0,active
250234.0,250235.0,0,idle
250235.0,250237.0,0,active
250237.0,250238.0,0,idle
250238.0,250240.0,0,active
250240.0,250241.0,0,idle
250241.0,250243.0,0,active
250243.0,250244.0,0,idle
250244.0,250246.0,0,active
250246.0,250247.0,0,idle
250247.0,250249.0,0,active
250249.0,250250.0,0,idle
250250.0,250252.0,0,active
250252.0,250253.0,0,idle
250253.0,250255.0,0,active
250255.0,250256.0,0,idle
250256.0,250258.0,0,active
250258.0,250259.0,0,idle
250259.0,250261.0,0,active
250261.0,250262.0,0,idle
250262.0,250264.0,0,active
250264.0,250265.0,0,idle
250265.0,250267.0,0,active
250267.0,250268.0,0,idle
250268.0,250270.0,0,active
250270.0,250271.0,0,idle
250271.0,250273.0,0,active
250273.0,250274.0,0,idle
250274.0,250276.0,0,active
250276.0,250277.0,0,idle
250277.0,250279.0,0,active
250279.0,250280.0,0,idle
250280.0,250282.0,0,active
250282.0,250283.0,0,idle
250283.0,250285.0,0,active
250285.0,250286.0,0,idle
250286.0,250288.0,0,active
250288.0,250289.0,0,idle
250289.0,250291.0,0,active
250291.0,250292.0,0,idle
250292.0,250294.0,0,active
250294.0,250295.0,0,idle
250295.0,250297.0,0,active
250297.0,250298.0,0,idle
250298.0,250300.0,0,active
250300.0,250301.0,0,idle
250301.0,250303.0,0,active
250303.0,250304.0,0,idle
250304.0,250306.0,0,active
250306.0,250307.0,0,idle
250307.0,250309.0,0,active
250309.0,250310.0,0,idle
250310.0,250312.0,0,active
250312.0,250313.0,0,idle
250313.0,250315.0,0,active
250315.0,250316.0,0,idle
250316.0,250318.0,0,active
250318.0,250319.0,0,idle
250319.0,250321.0,0,active
250321.0,250322.0,0,idle
250322.0,250324.0,0,active
250324.0,250325.0,0,idle
250325.0,250327.0,0,active
250327.0,250328.0,0,idle
250328.0,250330.0,0,active
250330.0,250331.0,0,idle
250331.0,250333.0,0,active
250333.0,250334.0,0,idle
250334.0,250336.0,0,active
250336.0,250337.0,0,idle
250337.0,250339.0,0,active
250339.0,250340.0,0,idle
250340.0,250342.0,0,active
250342.0,250343.0,0,idle
250343.0,250345.0,0,active
250345.0,250346.0,0,idle
250346.0,250348.0,0,active
250348.0,250349.0,0,idle
250349.0,250351.0,0,active
250351.0,250352.0,0,idle
250352.0,250354.0,0,active
250354.0,250355.0,0,idle
250355.0,250357.0,0,active
250357.0,250358.0,0,idle
250358.0,250360.0,0,active
250360.0,250361.0,0,idle
250361.0,250363.0,0,active
250363.0,250364.0,0,idle
250364.0,250366.0,0,active
250366.0,250367.0,0,idle
250367.0,250369.0,0,active
250369.0,250370.0,0,idle
250370.0,250372.0,0,active
250372.0,250373.0,0,idle
250373.0,250375.0,0,active
250375.0,250376.0,0,idle
250376.0,250378.0,0,active
250378.0,250379.0,0,idle
250379.0,250381.0,0,active
250381.0,250382.0,0,idle
250382.0,250384.0,0,active
250384.0,250385.0,0,idle
250385.0,250387.0,0,active
250387.0,250388.0,0,idle
250388.0,250390.0,0,active
250390.0,250391.0,0,idle
250391.0,250393.0,0,active
250393.0,250394.0,0,idle
250394.0,250396.0,0,active
250396.0,250397.0,0,idle
250397.0,250399.0,0,active
250399.0,250400.0,0,idle
250400.0,250402.0,0,active
250402.0,250403.0,0,idle
250403.0,250405.0,0,active
250405.0,250406.0,0,idle
250406.0,250408.0,0,active
250408.0,250409.0,0,idle
250409.0,250411.0,0,active
250411.0,250412.0,0,idle
250412.0,250414.0,0,active
250414.0,250415.0,0,idle
250415.0,250417.0,0,active
250417.0,250418.0,0,idle
250418.0,250420.0,0,active
250420.0,250421.0,0,idle
250421.0,250423.0,0,active
250423.0,250424.0,0,idle
250424.0,250426.0,0,active
250426.0,250427.0,0,idle
250427.0,250429.0,0,active
250429.0,250430.0,0,idle
250430.0,250432.0,0,active
250432.0,250433.0,0,idle
250433.0,250435.0,0,active
250435.0,250436.0,0,idle
250436.0,250438.0,0,active
250438.0,250439.0,0,idle
250439.0,250441.0,0,active
250441.0,250442.0,0,idle
250442.0,250444.0,0,active
250444.0,250445.0,0,idle
250445.0,250447.0,0,active
250447.0,250448.0,0,idle
250448.0,250450.0,0,active
250450.0,250451.0,0,idle
250451.0,250453.0,0,active
250453.0,250454.0,0,idle
250454.0,250456.0,0,active
250456.0,250457.0,0,idle
250457.0,250459.0,0,active
250459.0,250460.0,0,idle
250460.0,250462.0,0,active
250462.0,250463.0,0,idle
250463.0,250465.0,0,active
250465.0,250466.0,0,idle
250466.0,250468.0,0,active
250468.0,250469.0,0,idle
250469.0,250471.0,0,active
250471.0,250472.0,0,idle
250472.0,250474.0,0,active
250474.0,250475.0,0,idle
250475.0,250477.0,0,active
250477.0,250478.0,0,idle
250478.0,250480.0,0,active
250480.0,250481.0,0,idle
250481.0,250483.0,0,active
250483.0,250484.0,0,idle
250484.0,250486.0,0,active
250486.0,250487.0,0,idle
250487.0,250489.0,0,active
250489.0,250490.0,0,idle
250490.0,250492.0,0,active
250492.0,250493.0,0,idle
250493.0,250495.0,0,active
250495.0,250496.0,0,idle
250496.0,250498.0,0,active
250498.0,250499.0,0,idle
250499.0,250501.0,0,active
250501.0,250502.0,0,idle
250502.0,250504.0,0,active
250504.0,250505.0,0,idle
250505.0,250507.0,0,active
250507.0,250508.0,0,idle
250508.0,250510.0,0,active
250510.0,250511.0,0,idle
250511.0,250513.0,0,active
250513.0,250514.0,0,idle
250514.0,250516.0,0,active
250516.0,250517.0,0,idle
250517.0,250519.0,0,active
250519.0,250520.0,0,idle
250520.0,250522.0,0,active
250522.0,250523.0,0,idle
250523.0,250525.0,0,active
250525.0,250526.0,0,idle
250526.0,250528.0,0,active
250528.0,250529.0,0,idle
250529.0,250531.0,0,active
250531.0,250532.0,0,idle
250532.0,250534.0,0,active
250534.0,250535.0,0,idle
250535.0,250537.0,0,active
250537.0,250538.0,0,idle
250538.0,250540.0,0,active
250540.0,250541.0,0,idle
250541.0,250543.0,0,active
250543.0,250544.0,0,idle
250544.0,250546.0,0,active
250546.0,250547.0,0,idle
250547.0,250549.0,0,active
250549.0,250550.0,0,idle
250550.0,250552.0,0,active
250552.0,250553.0,0,idle
250553.0,250555.0,0,active
250555.0,250556.0,0,idle
250556.0,250558.0,0,active
250558.0,250559.0,0,idle
250559.0,250561.0,0,active
250561.0,250562.0,0,idle
250562.0,250564.0,0,active
250564.0,250565.0,0,idle
250565.0,250567.0,0,active
250567.0,250568.0,0,idle
250568.0,250570.0,0,active
250570.0,250571.0,0,idle
250571.0,250573.0,0,active
250573.0,250574.0,0,idle
250574.0,250576.0,0,active
250576.0,250577.0,0,idle
250577.0,250579.0,0,active
250579.0,250580.0,0,idle
250580.0,250582.0,0,active
250582.0,250583.0,0,idle
250583.0,250585.0,0,active
250585.0,250586.0,0,idle
250586.0,250588.0,0,active
250588.0,250589.0,0,idle
250589.0,250591.0,0,active
250591.0,250592.0,0,idle
250592.0,250594.0,0,active
250594.0,250595.0,0,idle
250595.0,250597.0,0,active
250597.0,250598.0,0,idle
250598.0,250600.0,0,active
250600.0,250601.0,0,idle
250601.0,250603.0,0,active
250603.0,250604.0,0,idle
250604.0,250606.0,0,active
250606.0,250607.0,0,idle
250607.0,250609.0,0,active
250609.0,250610.0,0,idle
250610.0,250612.0,0,active
250612.0,250613.0,0,idle
250613.0,250615.0,0,active
250615.0,250616.0,0,idle
250616.0,250618.0,0,active
250618.0,250619.0,0,idle
250619.0,250621.0,0,active
250621.0,250622.0,0,idle
250622.0,250624.0,0,active
250624.0,250625.0,0,idle
250625.0,250627.0,0,active
250627.0,250628.0,0,idle
250628.0,250630.0,0,active
250630.0,250631.0,0,idle
250631.0,250633.0,0,active
250633.0,250634.0,0,idle
250634.0,250636.0,0,active
250636.0,250637.0,0,idle
250637.0,250639.0,0,active
250639.0,250640.0,0,idle
250640.0,250642.0,0,active
250642.0,250643.0,0,idle
250643.0,250645.0,0,active
250645.0,250646.0,0,idle
250646.0,250648.0,0,active
250648.0,250649.0,0,idle
250649.0,250651.0,0,active
250651.0,250652.0,0,idle
250652.0,250654.0,0,active
250654.0,250655.0,0,idle
250655.0,250657.0,0,active
250657.0,250658.0,0,idle
250658.0,250660.0,0,active
250660.0,250661.0,0,idle
250661.0,250663.0,0,active
250663.0,250664.0,0,idle
250664.0,250666.0,0,active
250666.0,250667.0,0,idle
250667.0,250669.0,0,active
250669.0,250670.0,0,idle
250670.0,250672.0,0,active
250672.0,250673.0,0,idle
250673.0,250675.0,0,active
250675.0,250676.0,0,idle
250676.0,250678.0,0,active
250678.0,250679.0,0,idle
250679.0,250681.0,0,active
250681.0,250682.0,0,idle
250682.0,250684.0,0,active
250684.0,250685.0,0,idle
250685.0,250687.0,0,active
250687.0,250688.0,0,idle
250688.0,250690.0,0,active
250690.0,250691.0,0,idle
250691.0,250693.0,0,active
250693.0,250694.0,0,idle
250694.0,250696.0,0,active
250696.0,250697.0,0,idle
250697.0,250699.0,0,active
250699.0,250700.0,0,idle
250700.0,250702.0,0,active
250702.0,250703.0,0,idle
250703.0,250705.0,0,active
250705.0,250706.0,0,idle
250706.0,250708.0,0,active
250708.0,250709.0,0,idle
250709.0,250711.0,0,active
250711.0,250712.0,0,idle
250712.0,250714.0,0,active
250714.0,250715.0,0,idle
250715.0,250717.0,0,active
250717.0,250718.0,0,idle
250718.0,250720.0,0,active
250720.0,250721.0,0,idle
250721.0,250723.0,0,active
250723.0,250724.0,0,idle
250724.0,250726.0,0,active
250726.0,250727.0,0,idle
250727.0,250729.0,0,active
250729.0,250730.0,0,idle
250730.0,250732.0,0,active
250732.0,250733.0,0,idle
250733.0,250735.0,0,active
250735.0,250736.0,0,idle
250736.0,250738.0,0,active
250738.0,250739.0,0,idle
250739.0,250741.0,0,active
250741.0,250742.0,0,idle
250742.0,250744.0,0,active
250744.0,250745.0,0,idle
250745.0,250747.0,0,active
250747.0,250748.0,0,idle
250748.0,250750.0,0,active
250750.0,250751.0,0,idle
250751.0,250753.0,0,active
250753.0,250754.0,0,idle
250754.0,250756.0,0,active
250756.0,250757.0,0,idle
250757.0,250759.0,0,active
250759.0,250760.0,0,idle
250760.0,250762.0,0,active
250762.0,250763.0,0,idle
250763.0,250765.0,0,active
250765.0,250766.0,0,idle
250766.0,250768.0,0,active
250768.0,250769.0,0,idle
250769.0,250771.0,0,active
250771.0,250772.0,0,idle
250772.0,250774.0,0,active
250774.0,250775.0,0,idle
250775.0,250777.0,0,active
250777.0,250778.0,0,idle
250778.0,250780.0,0,active
250780.0,250781.0,0,idle
250781.0,250783.0,0,active
250783.0,250784.0,0,idle
250784.0,250786.0,0,active
250786.0,250787.0,0,idle
250787.0,250789.0,0,active
250789.0,250790.0,0,idle
250790.0,250792.0,0,active
250792.0,250793.0,0,idle
250793.0,250795.0,0,active
250795.0,250796.0,0,idle
250796.0,250798.0,0,active
250798.0,250799.0,0,idle
250799.0,250801.0,0,active
250801.0,250802.0,0,idle
250802.0,250804.0,0,active
250804.0,250805.0,0,idle
250805.0,250807.0,0,active
250807.0,250808.0,0,idle
250808.0,250810.0,0,active
250810.0,250811.0,0,idle
250811.0,250813.0,0,active
250813.0,250814.0,0,idle
250814.0,250816.0,0,active
250816.0,250817.0,0,idle
250817.0,250819.0,0,active
250819.0,250820.0,0,idle
250820.0,250822.0,0,active
250822.0,250823.0,0,idle
250823.0,250825.0,0,active
250825.0,250826.0,0,idle
250826.0,250828.0,0,active
250828.0,250829.0,0,idle
250829.0,250831.0,0,active
250831.0,250832.0,0,idle
250832.0,250834.0,0,active
250834.0,250835.0,0,idle
250835.0,250837.0,0,active
250837.0,250838.0,0,idle
250838.0,250840.0,0,active
250840.0,250841.0,0,idle
250841.0,250843.0,0,active
250843.0,250844.0,0,idle
250844.0,250846.0,0,active
250846.0,250847.0,0,idle
250847.0,250849.0,0,active
250849.0,250850.0,0,idle
250850.0,250852.0,0,active
250852.0,250853.0,0,idle
250853.0,250855.0,0,active
250855.0,250856.0,0,idle
250856.0,250858.0,0,active
250858.0,250859.0,0,idle
250859.0,250861.0,0,active
250861.0,250862.0,0,idle
250862.0,250864.0,0,active
250864.0,250865.0,0,idle
250865.0,250867.0,0,active
250867.0,250868.0,0,idle
250868.0,250870.0,0,active
250870.0,250871.0,0,idle
250871.0,250873.0,0,active
250873.0,250874.0,0,idle
250874.0,250876.0,0,active
250876.0,250877.0,0,idle
250877.0,250879.0,0,active
250879.0,250880.0,0,idle
250880.0,250882.0,0,active
250882.0,250883.0,0,idle
250883.0,250885.0,0,active
250885.0,250886.0,0,idle
250886.0,250888.0,0,active
250888.0,250889.0,0,idle
250889.0,250891.0,0,active
250891.0,250892.0,0,idle
250892.0,250894.0,0,active
250894.0,250895.0,0,idle
250895.0,250897.0,0,active
250897.0,250898.0,0,idle
250898.0,250900.0,0,active
250900.0,250901.0,0,idle
250901.0,250903.0,0,active
250903.0,250904.0,0,idle
250904.0,250906.0,0,active
250906.0,250907.0,0,idle
250907.0,250909.0,0,active
250909.0,250910.0,0,idle
250910.0,250912.0,0,active
250912.0,250913.0,0,idle
250913.0,250915.0,0,active
250915.0,250916.0,0,idle
250916.0,250918.0,0,active
250918.0,250919.0,0,idle
250919.0,250921.0,0,active
250921.0,250922.0,0,idle
250922.0,250924.0,0,active
250924.0,250925.0,0,idle
250925.0,250927.0,0,active
250927.0,250928.0,0,idle
250928.0,250930.0,0,active
250930.0,250931.0,0,idle
250931.0,250933.0,0,active
250933.0,250934.0,0,idle
250934.0,250936.0,0,active
250936.0,250937.0,0,idle
250937.0,250939.0,0,active
250939.0,250940.0,0,idle
250940.0,250942.0,0,active
250942.0,250943.0,0,idle
250943.0,250945.0,0,active
250945.0,250946.0,0,idle
250946.0,250948.0,0,active
250948.0,250949.0,0,idle
250949.0,250951.0,0,active
250951.0,250952.0,0,idle
250952.0,250954.0,0,active
250954.0,250955.0,0,idle
250955.0,250957.0,0,active
250957.0,250958.0,0,idle
250958.0,250960.0,0,active
250960.0,250961.0,0,idle
250961.0,250963.0,0,active
250963.0,250964.0,0,idle
250964.0,250966.0,0,active
250966.0,250967.0,0,idle
250967.0,250969.0,0,active
250969.0,250970.0,0,idle
250970.0,250972.0,0,active
250972.0,250973.0,0,idle
250973.0,250975.0,0,active
250975.0,250976.0,0,idle
250976.0,250978.0,0,active
250978.0,250979.0,0,idle
250979.0,250981.0,0,active
250981.0,250982.0,0,idle
250982.0,250984.0,0,active
250984.0,250985.0,0,idle
250985.0,250987.0,0,active
250987.0,250988.0,0,idle
250988.0,250990.0,0,active
250990.0,250991.0,0,idle
250991.0,250993.0,0,active
250993.0,250994.0,0,idle
250994.0,250996.0,0,active
250996.0,250997.0,0,idle
250997.0,250999.0,0,active
250999.0,251000.0,0,idle
251000.0,251002.0,0,active
251002.0,251003.0,0,idle
251003.0,251005.0,0,active
251005.0,251006.0,0,idle
251006.0,251008.0,0,active
251008.0,251009.0,0,idle
251009.0,251011.0,0,active
251011.0,251012.0,0,idle
251012.0,251014.0,0,active
251014.0,251015.0,0,idle
251015.0,251017.0,0,active
251017.0,251018.0,0,idle
251018.0,251020.0,0,active
251020.0,251021.0,0,idle
251021.0,251023.0,0,active
251023.0,251024.0,0,idle
251024.0,251026.0,0,active
251026.0,251027.0,0,idle
251027.0,251029.0,0,active
251029.0,251030.0,0,idle
251030.0,251032.0,0,active
251032.0,251033.0,0,idle
251033.0,251035.0,0,active
251035.0,251036.0,0,idle
251036.0,251038.0,0,active
251038.0,251039.0,0,idle
251039.0,251041.0,0,active
251041.0,251042.0,0,idle
251042.0,251044.0,0,active
251044.0,251045.0,0,idle
251045.0,251047.0,0,active
251047.0,251048.0,0,idle
251048.0,251050.0,0,active
251050.0,251051.0,0,idle
251051.0,251053.0,0,active
251053.0,251054.0,0,idle
251054.0,251056.0,0,active
251056.0,251057.0,0,idle
251057.0,251059.0,0,active
251059.0,251060.0,0,idle
251060.0,251062.0,0,active
251062.0,251063.0,0,idle
251063.0,251065.0,0,active
251065.0,251066.0,0,idle
251066.0,251068.0,0,active
251068.0,251069.0,0,idle
251069.0,251071.0,0,active
251071.0,251072.0,0,idle
251072.0,251074.0,0,active
251074.0,251075.0,0,idle
251075.0,251077.0,0,active
251077.0,251078.0,0,idle
251078.0,251080.0,0,active
251080.0,251081.0,0,idle
251081.0,251083.0,0,active
251083.0,251084.0,0,idle
251084.0,251086.0,0,active
251086.0,251087.0,0,idle
251087.0,251089.0,0,active
251089.0,251090.0,0,idle
251090.0,251092.0,0,active
251092.0,251093.0,0,idle
251093.0,251095.0,0,active
251095.0,251096.0,0,idle
251096.0,251098.0,0,active
251098.0,251099.0,0,idle
251099.0,251101.0,0,active
251101.0,251102.0,0,idle
251102.0,251104.0,0,active
251104.0,251105.0,0,idle
251105.0,251107.0,0,active
251107.0,251108.0,0,idle
251108.0,251110.0,0,active
251110.0,251111.0,0,idle
251111.0,251113.0,0,active
251113.0,251114.0,0,idle
251114.0,251116.0,0,active
251116.0,251117.0,0,idle
251117.0,251119.0,0,active
251119.0,251120.0,0,idle
251120.0,251122.0,0,active
251122.0,251123.0,0,idle
251123.0,251125.0,0,active
251125.0,251126.0,0,idle
251126.0,251128.0,0,active
251128.0,251129.0,0,idle
251129.0,251131.0,0,active
251131.0,251132.0,0,idle
251132.0,251134.0,0,active
251134.0,251135.0,0,idle
251135.0,251137.0,0,active
251137.0,251138.0,0,idle
251138.0,251140.0,0,active
251140.0,251141.0,0,idle
251141.0,251143.0,0,active
251143.0,251144.0,0,idle
251144.0,251146.0,0,active
251146.0,251147.0,0,idle
251147.0,251149.0,0,active
251149.0,251150.0,0,idle
251150.0,251152.0,0,active
251152.0,251153.0,0,idle
251153.0,251155.0,0,active
251155.0,251156.0,0,idle
251156.0,251158.0,0,active
251158.0,251159.0,0,idle
251159.0,251161.0,0,active
251161.0,251162.0,0,idle
251162.0,251164.0,0,active
251164.0,251165.0,0,idle
251165.0,251167.0,0,active
251167.0,251168.0,0,idle
251168.0,251170.0,0,active
251170.0,251171.0,0,idle
251171.0,251173.0,0,active
251173.0,251174.0,0,idle
251174.0,251176.0,0,active
251176.0,251177.0,0,idle
251177.0,251179.0,0,active
251179.0,251180.0,0,idle
251180.0,251182.0,0,active
251182.0,251183.0,0,idle
251183.0,251185.0,0,active
251185.0,251186.0,0,idle
251186.0,251188.0,0,active
251188.0,251189.0,0,idle
251189.0,251191.0,0,active
251191.0,251192.0,0,idle
251192.0,251194.0,0,active
251194.0,251195.0,0,idle
251195.0,251197.0,0,active
251197.0,251198.0,0,idle
251198.0,251200.0,0,active
251200.0,251201.0,0,idle
251201.0,251203.0,0,active
251203.0,251204.0,0,idle
251204.0,251206.0,0,active
251206.0,251207.0,0,idle
251207.0,251209.0,0,active
251209.0,251210.0,0,idle
251210.0,251212.0,0,active
251212.0,251213.0,0,idle
251213.0,251215.0,0,active
251215.0,251216.0,0,idle
251216.0,251218.0,0,active
251218.0,251219.0,0,idle
251219.0,251221.0,0,active
251221.0,251222.0,0,idle
251222.0,251224.0,0,active
251224.0,251225.0,0,idle
251225.0,251227.0,0,active
251227.0,251228.0,0,idle
251228.0,251230.0,0,active
251230.0,251231.0,0,idle
251231.0,251233.0,0,active
251233.0,251234.0,0,idle
251234.0,251236.0,0,active
251236.0,251237.0,0,idle
251237.0,251239.0,0,active
251239.0,251240.0,0,idle
251240.0,251242.0,0,active
251242.0,251243.0,0,idle
251243.0,251245.0,0,active
251245.0,251246.0,0,idle
251246.0,251248.0,0,active
251248.0,251249.0,0,idle
251249.0,251251.0,0,active
251251.0,251252.0,0,idle
251252.0,251254.0,0,active
251254.0,251255.0,0,idle
251255.0,251257.0,0,active
251257.0,251258.0,0,idle
251258.0,251260.0,0,active
251260.0,251261.0,0,idle
251261.0,251263.0,0,active
251263.0,251264.0,0,idle
251264.0,251266.0,0,active
251266.0,251267.0,0,idle
251267.0,251269.0,0,active
251269.0,251270.0,0,idle
251270.0,251272.0,0,active
251272.0,251273.0,0,idle
251273.0,251275.0,0,active
251275.0,251276.0,0,idle
251276.0,251278.0,0,active
251278.0,251279.0,0,idle
251279.0,251281.0,0,active
251281.0,251282.0,0,idle
251282.0,251284.0,0,active
251284.0,251285.0,0,idle
251285.0,251287.0,0,active
251287.0,251288.0,0,idle
251288.0,251290.0,0,active
251290.0,251291.0,0,idle
251291.0,251293.0,0,active
251293.0,251294.0,0,idle
251294.0,251296.0,0,active
251296.0,251297.0,0,idle
251297.0,251299.0,0,active
251299.0,251300.0,0,idle
251300.0,251302.0,0,active
251302.0,251303.0,0,idle
251303.0,251305.0,0,active
251305.0,251306.0,0,idle
251306.0,251308.0,0,active
251308.0,251309.0,0,idle
251309.0,251311.0,0,active
251311.0,251312.0,0,idle
251312.0,251314.0,0,active
251314.0,251315.0,0,idle
251315.0,251317.0,0,active
251317.0,251318.0,0,idle
251318.0,251320.0,0,active
251320.0,251321.0,0,idle
251321.0,251323.0,0,active
251323.0,251324.0,0,idle
251324.0,251326.0,0,active
251326.0,251327.0,0,idle
251327.0,251329.0,0,active
251329.0,251330.0,0,idle
251330.0,251332.0,0,active
251332.0,251333.0,0,idle
251333.0,251335.0,0,active
251335.0,251336.0,0,idle
251336.0,251338.0,0,active
251338.0,251339.0,0,idle
251339.0,251341.0,0,active
251341.0,251342.0,0,idle
251342.0,251344.0,0,active
251344.0,251345.0,0,idle
251345.0,251347.0,0,active
251347.0,251348.0,0,idle
251348.0,251350.0,0,active
251350.0,251351.0,0,idle
251351.0,251353.0,0,active
251353.0,251354.0,0,idle
251354.0,251356.0,0,active
251356.0,251357.0,0,idle
251357.0,251359.0,0,active
251359.0,251360.0,0,idle
251360.0,251362.0,0,active
251362.0,251363.0,0,idle
251363.0,251365.0,0,active
251365.0,251366.0,0,idle
251366.0,251368.0,0,active
251368.0,251369.0,0,idle
251369.0,251371.0,0,active
251371.0,251372.0,0,idle
251372.0,251374.0,0,active
251374.0,251375.0,0,idle
251375.0,251377.0,0,active
251377.0,251378.0,0,idle
251378.0,251380.0,0,active
251380.0,251381.0,0,idle
251381.0,251383.0,0,active
251383.0,251384.0,0,idle
251384.0,251386.0,0,active
251386.0,251387.0,0,idle
251387.0,251389.0,0,active
251389.0,251390.0,0,idle
251390.0,251392.0,0,active
251392.0,251393.0,0,idle
251393.0,251395.0,0,active
251395.0,251396.0,0,idle
251396.0,251398.0,0,active
251398.0,251399.0,0,idle
251399.0,251401.0,0,active
251401.0,251402.0,0,idle
251402.0,251404.0,0,active
251404.0,251405.0,0,idle
251405.0,251407.0,0,active
251407.0,251408.0,0,idle
251408.0,251410.0,0,active
251410.0,251411.0,0,idle
251411.0,251413.0,0,active
251413.0,251414.0,0,idle
251414.0,251416.0,0,active
251416.0,251417.0,0,idle
251417.0,251419.0,0,active
251419.0,251420.0,0,idle
251420.0,251422.0,0,active
251422.0,251423.0,0,idle
251423.0,251425.0,0,active
251425.0,251426.0,0,idle
251426.0,251428.0,0,active
251428.0,251429.0,0,idle
251429.0,251431.0,0,active
251431.0,251432.0,0,idle
251432.0,251434.0,0,active
251434.0,251435.0,0,idle
251435.0,251437.0,0,active
251437.0,251438.0,0,idle
251438.0,251440.0,0,active
251440.0,251441.0,0,idle
251441.0,251443.0,0,active
251443.0,251444.0,0,idle
251444.0,251446.0,0,active
251446.0,251447.0,0,idle
251447.0,251449.0,0,active
251449.0,251450.0,0,idle
251450.0,251452.0,0,active
251452.0,251453.0,0,idle
251453.0,251455.0,0,active
251455.0,251456.0,0,idle
251456.0,251458.0,0,active
251458.0,251459.0,0,idle
251459.0,251461.0,0,active
251461.0,251462.0,0,idle
251462.0,251464.0,0,active
251464.0,251465.0,0,idle
251465.0,251467.0,0,active
251467.0,251468.0,0,idle
251468.0,251470.0,0,active
251470.0,251471.0,0,idle
251471.0,251473.0,0,active
251473.0,251474.0,0,idle
251474.0,251476.0,0,active
251476.0,251477.0,0,idle
251477.0,251479.0,0,active
251479.0,251480.0,0,idle
251480.0,251482.0,0,active
251482.0,251483.0,0,idle
251483.0,251485.0,0,active
251485.0,251486.0,0,idle
251486.0,251488.0,0,active
251488.0,251489.0,0,idle
251489.0,251491.0,0,active
251491.0,251492.0,0,idle
251492.0,251494.0,0,active
251494.0,251495.0,0,idle
251495.0,251497.0,0,active
251497.0,251498.0,0,idle
251498.0,251500.0,0,active
251500.0,251501.0,0,idle
251501.0,251503.0,0,active
251503.0,251504.0,0,idle
251504.0,251506.0,0,active
251506.0,251507.0,0,idle
251507.0,251509.0,0,active
251509.0,251510.0,0,idle
251510.0,251512.0,0,active
251512.0,251513.0,0,idle
251513.0,251515.0,0,active
251515.0,251516.0,0,idle
251516.0,251518.0,0,active
251518.0,251519.0,0,idle
251519.0,251521.0,0,active
251521.0,251522.0,0,idle
251522.0,251524.0,0,active
251524.0,251525.0,0,idle
251525.0,251527.0,0,active
251527.0,251528.0,0,idle
251528.0,251530.0,0,active
251530.0,251531.0,0,idle
251531.0,251533.0,0,active
251533.0,251534.0,0,idle
251534.0,251536.0,0,active
251536.0,251537.0,0,idle
251537.0,251539.0,0,active
251539.0,251540.0,0,idle
251540.0,251542.0,0,active
251542.0,251543.0,0,idle
251543.0,251545.0,0,active
251545.0,251546.0,0,idle
251546.0,251548.0,0,active
251548.0,251549.0,0,idle
251549.0,251551.0,0,active
251551.0,251552.0,0,idle
251552.0,251554.0,0,active
251554.0,251555.0,0,idle
251555.0,251557.0,0,active
251557.0,251558.0,0,idle
251558.0,251560.0,0,active
251560.0,251561.0,0,idle
251561.0,251563.0,0,active
251563.0,251564.0,0,idle
251564.0,251566.0,0,active
251566.0,251567.0,0,idle
251567.0,251569.0,0,active
251569.0,251570.0,0,idle
251570.0,251572.0,0,active
251572.0,251573.0,0,idle
251573.0,251575.0,0,active
251575.0,251576.0,0,idle
251576.0,251578.0,0,active
251578.0,251579.0,0,idle
251579.0,251581.0,0,active
251581.0,251582.0,0,idle
251582.0,251584.0,0,active
251584.0,251585.0,0,idle
251585.0,251587.0,0,active
251587.0,251588.0,0,idle
251588.0,251590.0,0,active
251590.0,251591.0,0,idle
251591.0,251593.0,0,active
251593.0,251594.0,0,idle
251594.0,251596.0,0,active
251596.0,251597.0,0,idle
251597.0,251599.0,0,active
251599.0,251600.0,0,idle
251600.0,251602.0,0,active
251602.0,251603.0,0,idle
251603.0,251605.0,0,active
251605.0,251606.0,0,idle
251606.0,251608.0,0,active
251608.0,251609.0,0,idle
251609.0,251611.0,0,active
251611.0,251612.0,0,idle
251612.0,251614.0,0,active
251614.0,251615.0,0,idle
251615.0,251617.0,0,active
251617.0,251618.0,0,idle
251618.0,251620.0,0,active
251620.0,251621.0,0,idle
251621.0,251623.0,0,active
251623.0,251624.0,0,idle
251624.0,251626.0,0,active
251626.0,251627.0,0,idle
251627.0,251629.0,0,active
251629.0,251630.0,0,idle
251630.0,251632.0,0,active
251632.0,251633.0,0,idle
251633.0,251635.0,0,active
251635.0,251636.0,0,idle
251636.0,251638.0,0,active
251638.0,251639.0,0,idle
251639.0,251641.0,0,active
251641.0,251642.0,0,idle
251642.0,251644.0,0,active
251644.0,251645.0,0,idle
251645.0,251647.0,0,active
251647.0,251648.0,0,idle
251648.0,251650.0,0,active
251650.0,251651.0,0,idle
251651.0,251653.0,0,active
251653.0,251654.0,0,idle
251654.0,251656.0,0,active
251656.0,251657.0,0,idle
251657.0,251659.0,0,active
251659.0,251660.0,0,idle
251660.0,251662.0,0,active
251662.0,251663.0,0,idle
251663.0,251665.0,0,active
251665.0,251666.0,0,idle
251666.0,251668.0,0,active
251668.0,251669.0,0,idle
251669.0,251671.0,0,active
251671.0,251672.0,0,idle
251672.0,251674.0,0,active
251674.0,251675.0,0,idle
251675.0,251677.0,0,active
251677.0,251678.0,0,idle
251678.0,251680.0,0,active
251680.0,251681.0,0,idle
251681.0,251683.0,0,active
251683.0,251684.0,0,idle
251684.0,251686.0,0,active
251686.0,251687.0,0,idle
251687.0,251689.0,0,active
251689.0,251690.0,0,idle
251690.0,251692.0,0,active
251692.0,251693.0,0,idle
251693.0,251695.0,0,active
251695.0,251696.0,0,idle
251696.0,251698.0,0,active
251698.0,251699.0,0,idle
251699.0,251701.0,0,active
251701.0,251702.0,0,idle
251702.0,251704.0,0,active
251704.0,251705.0,0,idle
251705.0,251707.0,0,active
251707.0,251708.0,0,idle
251708.0,251710.0,0,active
251710.0,251711.0,0,idle
251711.0,251713.0,0,active
251713.0,251714.0,0,idle
251714.0,251716.0,0,active
251716.0,251717.0,0,idle
251717.0,251719.0,0,active
251719.0,251720.0,0,idle
251720.0,251722.0,0,active
251722.0,251723.0,0,idle
251723.0,251725.0,0,active
251725.0,251726.0,0,idle
251726.0,251728.0,0,active
251728.0,251729.0,0,idle
251729.0,251731.0,0,active
251731.0,251732.0,0,idle
251732.0,251734.0,0,active
251734.0,251735.0,0,idle
251735.0,251737.0,0,active
251737.0,251738.0,0,idle
251738.0,251740.0,0,active
251740.0,251741.0,0,idle
251741.0,251743.0,0,active
251743.0,251744.0,0,idle
251744.0,251746.0,0,active
251746.0,251747.0,0,idle
251747.0,251749.0,0,active
251749.0,251750.0,0,idle
251750.0,251752.0,0,active
251752.0,251753.0,0,idle
251753.0,251755.0,0,active
251755.0,251756.0,0,idle
251756.0,251758.0,0,active
251758.0,251759.0,0,idle
251759.0,251761.0,0,active
251761.0,251762.0,0,idle
251762.0,251764.0,0,active
251764.0,251765.0,0,idle
251765.0,251767.0,0,active
251767.0,251768.0,0,idle
251768.0,251770.0,0,active
251770.0,251771.0,0,idle
251771.0,251773.0,0,active
251773.0,251774.0,0,idle
251774.0,251776.0,0,active
251776.0,251777.0,0,idle
251777.0,251779.0,0,active
251779.0,251780.0,0,idle
251780.0,251782.0,0,active
251782.0,251783.0,0,idle
251783.0,251785.0,0,active
251785.0,251786.0,0,idle
251786.0,251788.0,0,active
251788.0,251789.0,0,idle
251789.0,251791.0,0,active
251791.0,251792.0,0,idle
251792.0,251794.0,0,active
251794.0,251795.0,0,idle
251795.0,251797.0,0,active
251797.0,251798.0,0,idle
251798.0,251800.0,0,active
251800.0,251801.0,0,idle
251801.0,251803.0,0,active
251803.0,251804.0,0,idle
251804.0,251806.0,0,active
251806.0,251807.0,0,idle
251807.0,251809.0,0,active
251809.0,251810.0,0,idle
251810.0,251812.0,0,active
251812.0,251813.0,0,idle
251813.0,251815.0,0,active
251815.0,251816.0,0,idle
251816.0,251818.0,0,active
251818.0,251819.0,0,idle
251819.0,251821.0,0,active
251821.0,251822.0,0,idle
251822.0,251824.0,0,active
251824.0,251825.0,0,idle
251825.0,251827.0,0,active
251827.0,251828.0,0,idle
251828.0,251830.0,0,active
251830.0,251831.0,0,idle
251831.0,251833.0,0,active
251833.0,251834.0,0,idle
251834.0,251836.0,0,active
251836.0,251837.0,0,idle
251837.0,251839.0,0,active
251839.0,251840.0,0,idle
251840.0,251842.0,0,active
251842.0,251843.0,0,idle
251843.0,251845.0,0,active
251845.0,251846.0,0,idle
251846.0,251848.0,0,active
251848.0,251849.0,0,idle
251849.0,251851.0,0,active
251851.0,251852.0,0,idle
251852.0,251854.0,0,active
251854.0,251855.0,0,idle
251855.0,251857.0,0,active
251857.0,251858.0,0,idle
251858.0,251860.0,0,active
251860.0,251861.0,0,idle
251861.0,251863.0,0,active
251863.0,251864.0,0,idle
251864.0,251866.0,0,active
251866.0,251867.0,0,idle
251867.0,251869.0,0,active
251869.0,251870.0,0,idle
251870.0,251872.0,0,active
251872.0,251873.0,0,idle
251873.0,251875.0,0,active
251875.0,251876.0,0,idle
251876.0,251878.0,0,active
251878.0,251879.0,0,idle
251879.0,251881.0,0,active
251881.0,251882.0,0,idle
251882.0,251884.0,0,active
251884.0,251885.0,0,idle
251885.0,251887.0,0,active
251887.0,251888.0,0,idle
251888.0,251890.0,0,active
251890.0,251891.0,0,idle
251891.0,251893.0,0,active
251893.0,251894.0,0,idle
251894.0,251896.0,0,active
251896.0,251897.0,0,idle
251897.0,251899.0,0,active
251899.0,251900.0,0,idle
251900.0,251902.0,0,active
251902.0,251903.0,0,idle
251903.0,251905.0,0,active
251905.0,251906.0,0,idle
251906.0,251908.0,0,active
251908.0,251909.0,0,idle
251909.0,251911.0,0,active
251911.0,251912.0,0,idle
251912.0,251914.0,0,active
251914.0,251915.0,0,idle
251915.0,251917.0,0,active
251917.0,251918.0,0,idle
251918.0,251920.0,0,active
251920.0,251921.0,0,idle
251921.0,251923.0,0,active
251923.0,251924.0,0,idle
251924.0,251926.0,0,active
251926.0,251927.0,0,idle
251927.0,251929.0,0,active
251929.0,251930.0,0,idle
251930.0,251932.0,0,active
251932.0,251933.0,0,idle
251933.0,251935.0,0,active
251935.0,251936.0,0,idle
251936.0,251938.0,0,active
251938.0,251939.0,0,idle
251939.0,251941.0,0,active
251941.0,251942.0,0,idle
251942.0,251944.0,0,active
251944.0,251945.0,0,idle
251945.0,251947.0,0,active
251947.0,251948.0,0,idle
251948.0,251950.0,0,active
251950.0,251951.0,0,idle
251951.0,251953.0,0,active
251953.0,251954.0,0,idle
251954.0,251956.0,0,active
251956.0,251957.0,0,idle
251957.0,251959.0,0,active
251959.0,251960.0,0,idle
251960.0,251962.0,0,active
251962.0,251963.0,0,idle
251963.0,251965.0,0,active
251965.0,251966.0,0,idle
251966.0,251968.0,0,active
251968.0,251969.0,0,idle
251969.0,251971.0,0,active
251971.0,251972.0,0,idle
251972.0,251974.0,0,active
251974.0,251975.0,0,idle
251975.0,251977.0,0,active
251977.0,251978.0,0,idle
251978.0,251980.0,0,active
251980.0,251981.0,0,idle
251981.0,251983.0,0,active
251983.0,251984.0,0,idle
251984.0,251986.0,0,active
251986.0,251987.0,0,idle
251987.0,251989.0,0,active
251989.0,251990.0,0,idle
251990.0,251992.0,0,active
251992.0,251993.0,0,idle
251993.0,251995.0,0,active
251995.0,251996.0,0,idle
251996.0,251998.0,0,active
251998.0,251999.0,0,idle
251999.0,252001.0,0,active
252001.0,252002.0,0,idle
252002.0,252004.0,0,active
252004.0,252005.0,0,idle
252005.0,252007.0,0,active
252007.0,252008.0,0,idle
252008.0,252010.0,0,active
252010.0,252011.0,0,idle
252011.0,252013.0,0,active
252013.0,252014.0,0,idle
252014.0,252016.0,0,active
252016.0,252017.0,0,idle
252017.0,252019.0,0,active
252019.0,252020.0,0,idle
252020.0,252022.0,0,active
252022.0,252023.0,0,idle
252023.0,252025.0,0,active
252025.0,252026.0,0,idle
252026.0,252028.0,0,active
252028.0,252029.0,0,idle
252029.0,252031.0,0,active
252031.0,252032.0,0,idle
252032.0,252034.0,0,active
252034.0,252035.0,0,idle
252035.0,252037.0,0,active
252037.0,252038.0,0,idle
252038.0,252040.0,0,active
252040.0,252041.0,0,idle
252041.0,252043.0,0,active
252043.0,252044.0,0,idle
252044.0,252046.0,0,active
252046.0,252047.0,0,idle
252047.0,252049.0,0,active
252049.0,252050.0,0,idle
252050.0,252052.0,0,active
252052.0,252053.0,0,idle
252053.0,252055.0,0,active
252055.0,252056.0,0,idle
252056.0,252058.0,0,active
252058.0,252059.0,0,idle
252059.0,252061.0,0,active
252061.0,252062.0,0,idle
252062.0,252064.0,0,active
252064.0,252065.0,0,idle
252065.0,252067.0,0,active
252067.0,252068.0,0,idle
252068.0,252070.0,0,active
252070.0,252071.0,0,idle
252071.0,252073.0,0,active
252073.0,252074.0,0,idle
252074.0,252076.0,0,active
252076.0,252077.0,0,idle
252077.0,252079.0,0,active
252079.0,252080.0,0,idle
252080.0,252082.0,0,active
252082.0,252083.0,0,idle
252083.0,252085.0,0,active
252085.0,252086.0,0,idle
252086.0,252088.0,0,active
252088.0,252089.0,0,idle
252089.0,252091.0,0,active
252091.0,252092.0,0,idle
252092.0,252094.0,0,active
252094.0,252095.0,0,idle
252095.0,252097.0,0,active
252097.0,252098.0,0,idle
252098.0,252100.0,0,active
252100.0,252101.0,0,idle
252101.0,252103.0,0,active
252103.0,252104.0,0,idle
252104.0,252106.0,0,active
252106.0,252107.0,0,idle
252107.0,252109.0,0,active
252109.0,252110.0,0,idle
252110.0,252112.0,0,active
252112.0,252113.0,0,idle
252113.0,252115.0,0,active
252115.0,252116.0,0,idle
252116.0,252118.0,0,active
252118.0,252119.0,0,idle
252119.0,252121.0,0,active
252121.0,252122.0,0,idle
252122.0,252124.0,0,active
252124.0,252125.0,0,idle
252125.0,252127.0,0,active
252127.0,252128.0,0,idle
252128.0,252130.0,0,active
252130.0,252131.0,0,idle
252131.0,252133.0,0,active
252133.0,252134.0,0,idle
252134.0,252136.0,0,active
252136.0,252137.0,0,idle
252137.0,252139.0,0,active
252139.0,252140.0,0,idle
252140.0,252142.0,0,active
252142.0,252143.0,0,idle
252143.0,252145.0,0,active
252145.0,252146.0,0,idle
252146.0,252148.0,0,active
252148.0,252149.0,0,idle
252149.0,252151.0,0,active
252151.0,252152.0,0,idle
252152.0,252154.0,0,active
252154.0,252155.0,0,idle
252155.0,252157.0,0,active
252157.0,252158.0,0,idle
252158.0,252160.0,0,active
252160.0,252161.0,0,idle
252161.0,252163.0,0,active
252163.0,252164.0,0,idle
252164.0,252166.0,0,active
252166.0,252167.0,0,idle
252167.0,252169.0,0,active
252169.0,252170.0,0,idle
252170.0,252172.0,0,active
252172.0,252173.0,0,idle
252173.0,252175.0,0,active
252175.0,252176.0,0,idle
252176.0,252178.0,0,active
252178.0,252179.0,0,idle
252179.0,252181.0,0,active
252181.0,252182.0,0,idle
252182.0,252184.0,0,active
252184.0,252185.0,0,idle
252185.0,252187.0,0,active
252187.0,252188.0,0,idle
252188.0,252190.0,0,active
252190.0,252191.0,0,idle
252191.0,252193.0,0,active
252193.0,252194.0,0,idle
252194.0,252196.0,0,active
252196.0,252197.0,0,idle
252197.0,252199.0,0,active
252199.0,252200.0,0,idle
252200.0,252202.0,0,active
252202.0,252203.0,0,idle
252203.0,252205.0,0,active
252205.0,252206.0,0,idle
252206.0,252208.0,0,active
252208.0,252209.0,0,idle
252209.0,252211.0,0,active
252211.0,252212.0,0,idle
252212.0,252214.0,0,active
252214.0,252215.0,0,idle
252215.0,252217.0,0,active
252217.0,252218.0,0,idle
252218.0,252220.0,0,active
252220.0,252221.0,0,idle
252221.0,252223.0,0,active
252223.0,252224.0,0,idle
252224.0,252226.0,0,active
252226.0,252227.0,0,idle
252227.0,252229.0,0,active
252229.0,252230.0,0,idle
252230.0,252232.0,0,active
252232.0,252233.0,0,idle
252233.0,252235.0,0,active
252235.0,252236.0,0,idle
252236.0,252238.0,0,active
252238.0,252239.0,0,idle
252239.0,252241.0,0,active
252241.0,252242.0,0,idle
252242.0,252244.0,0,active
252244.0,252245.0,0,idle
252245.0,252247.0,0,active
252247.0,252248.0,0,idle
252248.0,252250.0,0,active
252250.0,252251.0,0,idle
252251.0,252253.0,0,active
252253.0,252254.0,0,idle
252254.0,252256.0,0,active
252256.0,252257.0,0,idle
252257.0,252259.0,0,active
252259.0,252260.0,0,idle
252260.0,252262.0,0,active
252262.0,252263.0,0,idle
252263.0,252265.0,0,active
252265.0,252266.0,0,idle
252266.0,252268.0,0,active
252268.0,252269.0,0,idle
252269.0,252271.0,0,active
252271.0,252272.0,0,idle
252272.0,252274.0,0,active
252274.0,252275.0,0,idle
252275.0,252277.0,0,active
252277.0,252278.0,0,idle
252278.0,252280.0,0,active
252280.0,252281.0,0,idle
252281.0,252283.0,0,active
252283.0,252284.0,0,idle
252284.0,252286.0,0,active
252286.0,252287.0,0,idle
252287.0,252289.0,0,active
252289.0,252290.0,0,idle
252290.0,252292.0,0,active
252292.0,252293.0,0,idle
252293.0,252295.0,0,active
252295.0,252296.0,0,idle
252296.0,252298.0,0,active
252298.0,252299.0,0,idle
252299.0,252301.0,0,active
252301.0,252302.0,0,idle
252302.0,252304.0,0,active
252304.0,252305.0,0,idle
252305.0,252307.0,0,active
252307.0,252308.0,0,idle
252308.0,252310.0,0,active
252310.0,252311.0,0,idle
252311.0,252313.0,0,active
252313.0,252314.0,0,idle
252314.0,252316.0,0,active
252316.0,252317.0,0,idle
252317.0,252319.0,0,active
252319.0,252320.0,0,idle
252320.0,252322.0,0,active
252322.0,252323.0,0,idle
252323.0,252325.0,0,active
252325.0,252326.0,0,idle
252326.0,252328.0,0,active
252328.0,252329.0,0,idle
252329.0,252331.0,0,active
252331.0,252332.0,0,idle
252332.0,252334.0,0,active
252334.0,252335.0,0,idle
252335.0,252337.0,0,active
252337.0,252338.0,0,idle
252338.0,252340.0,0,active
252340.0,252341.0,0,idle
252341.0,252343.0,0,active
252343.0,252344.0,0,idle
252344.0,252346.0,0,active
252346.0,252347.0,0,idle
252347.0,252349.0,0,active
252349.0,252350.0,0,idle
252350.0,252352.0,0,active
252352.0,252353.0,0,idle
252353.0,252355.0,0,active
252355.0,252356.0,0,idle
252356.0,252358.0,0,active
252358.0,252359.0,0,idle
252359.0,252361.0,0,active
252361.0,252362.0,0,idle
252362.0,252364.0,0,active
252364.0,252365.0,0,idle
252365.0,252367.0,0,active
252367.0,252368.0,0,idle
252368.0,252370.0,0,active
252370.0,252371.0,0,idle
252371.0,252373.0,0,active
252373.0,252374.0,0,idle
252374.0,252376.0,0,active
252376.0,252377.0,0,idle
252377.0,252379.0,0,active
252379.0,252380.0,0,idle
252380.0,252382.0,0,active
252382.0,252383.0,0,idle
252383.0,252385.0,0,active
252385.0,252386.0,0,idle
252386.0,252388.0,0,active
252388.0,252389.0,0,idle
252389.0,252391.0,0,active
252391.0,252392.0,0,idle
252392.0,252394.0,0,active
252394.0,252395.0,0,idle
252395.0,252397.0,0,active
252397.0,252398.0,0,idle
252398.0,252400.0,0,active
252400.0,252401.0,0,idle
252401.0,252403.0,0,active
252403.0,252404.0,0,idle
252404.0,252406.0,0,active
252406.0,252407.0,0,idle
252407.0,252409.0,0,active
252409.0,252410.0,0,idle
252410.0,252412.0,0,active
252412.0,252413.0,0,idle
252413.0,252415.0,0,active
252415.0,252416.0,0,idle
252416.0,252418.0,0,active
252418.0,252419.0,0,idle
252419.0,252421.0,0,active
252421.0,252422.0,0,idle
252422.0,252424.0,0,active
252424.0,252425.0,0,idle
252425.0,252427.0,0,active
252427.0,252428.0,0,idle
252428.0,252430.0,0,active
252430.0,252431.0,0,idle
252431.0,252433.0,0,active
252433.0,252434.0,0,idle
252434.0,252436.0,0,active
252436.0,252437.0,0,idle
252437.0,252439.0,0,active
252439.0,252440.0,0,idle
252440.0,252442.0,0,active
252442.0,252443.0,0,idle
252443.0,252445.0,0,active
252445.0,252446.0,0,idle
252446.0,252448.0,0,active
252448.0,252449.0,0,idle
252449.0,252451.0,0,active
252451.0,252452.0,0,idle
252452.0,252454.0,0,active
252454.0,252455.0,0,idle
252455.0,252457.0,0,active
252457.0,252458.0,0,idle
252458.0,252460.0,0,active
252460.0,252461.0,0,idle
252461.0,252463.0,0,active
252463.0,252464.0,0,idle
252464.0,252466.0,0,active
252466.0,252467.0,0,idle
252467.0,252469.0,0,active
252469.0,252470.0,0,idle
252470.0,252472.0,0,active
252472.0,252473.0,0,idle
252473.0,252475.0,0,active
252475.0,252476.0,0,idle
252476.0,252478.0,0,active
252478.0,252479.0,0,idle
252479.0,252481.0,0,active
252481.0,252482.0,0,idle
252482.0,252484.0,0,active
252484.0,252485.0,0,idle
252485.0,252487.0,0,active
252487.0,252488.0,0,idle
252488.0,252490.0,0,active
252490.0,252491.0,0,idle
252491.0,252493.0,0,active
252493.0,252494.0,0,idle
252494.0,252496.0,0,active
252496.0,252497.0,0,idle
252497.0,252499.0,0,active
252499.0,252500.0,0,idle
252500.0,252502.0,0,active
252502.0,252503.0,0,idle
252503.0,252505.0,0,active
252505.0,252506.0,0,idle
252506.0,252508.0,0,active
252508.0,252509.0,0,idle
252509.0,252511.0,0,active
252511.0,252512.0,0,idle
252512.0,252514.0,0,active
252514.0,252515.0,0,idle
252515.0,252517.0,0,active
252517.0,252518.0,0,idle
252518.0,252520.0,0,active
252520.0,252521.0,0,idle
252521.0,252523.0,0,active
252523.0,252524.0,0,idle
252524.0,252526.0,0,active
252526.0,252527.0,0,idle
252527.0,252529.0,0,active
252529.0,252530.0,0,idle
252530.0,252532.0,0,active
252532.0,252533.0,0,idle
252533.0,252535.0,0,active
252535.0,252536.0,0,idle
252536.0,252538.0,0,active
252538.0,252539.0,0,idle
252539.0,252541.0,0,active
252541.0,252542.0,0,idle
252542.0,252544.0,0,active
252544.0,252545.0,0,idle
252545.0,252547.0,0,active
252547.0,252548.0,0,idle
252548.0,252550.0,0,active
252550.0,252551.0,0,idle
252551.0,252553.0,0,active
252553.0,252554.0,0,idle
252554.0,252556.0,0,active
252556.0,252557.0,0,idle
252557.0,252559.0,0,active
252559.0,252560.0,0,idle
252560.0,252562.0,0,active
252562.0,252563.0,0,idle
252563.0,252565.0,0,active
252565.0,252566.0,0,idle
252566.0,252568.0,0,active
252568.0,252569.0,0,idle
252569.0,252571.0,0,active
252571.0,252572.0,0,idle
252572.0,252574.0,0,active
252574.0,252575.0,0,idle
252575.0,252577.0,0,active
252577.0,252578.0,0,idle
252578.0,252580.0,0,active
252580.0,252581.0,0,idle
252581.0,252583.0,0,active
252583.0,252584.0,0,idle
252584.0,252586.0,0,active
252586.0,252587.0,0,idle
252587.0,252589.0,0,active
252589.0,252590.0,0,idle
252590.0,252592.0,0,active
252592.0,252593.0,0,idle
252593.0,252595.0,0,active
252595.0,252596.0,0,idle
252596.0,252598.0,0,active
252598.0,252599.0,0,idle
252599.0,252601.0,0,active
252601.0,252602.0,0,idle
252602.0,252604.0,0,active
252604.0,252605.0,0,idle
252605.0,252607.0,0,active
252607.0,252608.0,0,idle
252608.0,252610.0,0,active
252610.0,252611.0,0,idle
252611.0,252613.0,0,active
252613.0,252614.0,0,idle
252614.0,252616.0,0,active
252616.0,252617.0,0,idle
252617.0,252619.0,0,active
252619.0,252620.0,0,idle
252620.0,252622.0,0,active
252622.0,252623.0,0,idle
252623.0,252625.0,0,active
252625.0,252626.0,0,idle
252626.0,252628.0,0,active
252628.0,252629.0,0,idle
252629.0,252631.0,0,active
252631.0,252632.0,0,idle
252632.0,252634.0,0,active
252634.0,252635.0,0,idle
252635.0,252637.0,0,active
252637.0,252638.0,0,idle
252638.0,252640.0,0,active
252640.0,252641.0,0,idle
252641.0,252643.0,0,active
252643.0,252644.0,0,idle
252644.0,252646.0,0,active
252646.0,252647.0,0,idle
252647.0,252649.0,0,active
252649.0,252650.0,0,idle
252650.0,252652.0,0,active
252652.0,252653.0,0,idle
252653.0,252655.0,0,active
252655.0,252656.0,0,idle
252656.0,252658.0,0,active
252658.0,252659.0,0,idle
252659.0,252661.0,0,active
252661.0,252662.0,0,idle
252662.0,252664.0,0,active
252664.0,252665.0,0,idle
252665.0,252667.0,0,active
252667.0,252668.0,0,idle
252668.0,252670.0,0,active
252670.0,252671.0,0,idle
252671.0,252673.0,0,active
252673.0,252674.0,0,idle
252674.0,252676.0,0,active
252676.0,252677.0,0,idle
252677.0,252679.0,0,active
252679.0,252680.0,0,idle
252680.0,252682.0,0,active
252682.0,252683.0,0,idle
252683.0,252685.0,0,active
252685.0,252686.0,0,idle
252686.0,252688.0,0,active
252688.0,252689.0,0,idle
252689.0,252691.0,0,active
252691.0,252692.0,0,idle
252692.0,252694.0,0,active
252694.0,252695.0,0,idle
252695.0,252697.0,0,active
252697.0,252698.0,0,idle
252698.0,252700.0,0,active
252700.0,252701.0,0,idle
252701.0,252703.0,0,active
252703.0,252704.0,0,idle
252704.0,252706.0,0,active
252706.0,252707.0,0,idle
252707.0,252709.0,0,active
252709.0,252710.0,0,idle
252710.0,252712.0,0,active
252712.0,252713.0,0,idle
252713.0,252715.0,0,active
252715.0,252716.0,0,idle
252716.0,252718.0,0,active
252718.0,252719.0,0,idle
252719.0,252721.0,0,active
252721.0,252722.0,0,idle
252722.0,252724.0,0,active
252724.0,252725.0,0,idle
252725.0,252727.0,0,active
252727.0,252728.0,0,idle
252728.0,252730.0,0,active
252730.0,252731.0,0,idle
252731.0,252733.0,0,active
252733.0,252734.0,0,idle
252734.0,252736.0,0,active
252736.0,252737.0,0,idle
252737.0,252739.0,0,active
252739.0,252740.0,0,idle
252740.0,252742.0,0,active
252742.0,252743.0,0,idle
252743.0,252745.0,0,active
252745.0,252746.0,0,idle
252746.0,252748.0,0,active
252748.0,252749.0,0,idle
252749.0,252751.0,0,active
252751.0,252752.0,0,idle
252752.0,252754.0,0,active
252754.0,252755.0,0,idle
252755.0,252757.0,0,active
252757.0,252758.0,0,idle
252758.0,252760.0,0,active
252760.0,252761.0,0,idle
252761.0,252763.0,0,active
252763.0,252764.0,0,idle
252764.0,252766.0,0,active
252766.0,252767.0,0,idle
252767.0,252769.0,0,active
252769.0,252770.0,0,idle
252770.0,252772.0,0,active
252772.0,252773.0,0,idle
252773.0,252775.0,0,active
252775.0,252776.0,0,idle
252776.0,252778.0,0,active
252778.0,252779.0,0,idle
252779.0,252781.0,0,active
252781.0,252782.0,0,idle
252782.0,252784.0,0,active
252784.0,252785.0,0,idle
252785.0,252787.0,0,active
252787.0,252788.0,0,idle
252788.0,252790.0,0,active
252790.0,252791.0,0,idle
252791.0,252793.0,0,active
252793.0,252794.0,0,idle
252794.0,252796.0,0,active
252796.0,252797.0,0,idle
252797.0,252799.0,0,active
252799.0,252800.0,0,idle
252800.0,252802.0,0,active
252802.0,252803.0,0,idle
252803.0,252805.0,0,active
252805.0,252806.0,0,idle
252806.0,252808.0,0,active
252808.0,252809.0,0,idle
252809.0,252811.0,0,active
252811.0,252812.0,0,idle
252812.0,252814.0,0,active
252814.0,252815.0,0,idle
252815.0,252817.0,0,active
252817.0,252818.0,0,idle
252818.0,252820.0,0,active
252820.0,252821.0,0,idle
252821.0,252823.0,0,active
252823.0,252824.0,0,idle
252824.0,252826.0,0,active
252826.0,252827.0,0,idle
252827.0,252829.0,0,active
252829.0,252830.0,0,idle
252830.0,252832.0,0,active
252832.0,252833.0,0,idle
252833.0,252835.0,0,active
252835.0,252836.0,0,idle
252836.0,252838.0,0,active
252838.0,252839.0,0,idle
252839.0,252841.0,0,active
252841.0,252842.0,0,idle
252842.0,252844.0,0,active
252844.0,252845.0,0,idle
252845.0,252847.0,0,active
252847.0,252848.0,0,idle
252848.0,252850.0,0,active
252850.0,252851.0,0,idle
252851.0,252853.0,0,active
252853.0,252854.0,0,idle
252854.0,252856.0,0,active
252856.0,252857.0,0,idle
252857.0,252859.0,0,active
252859.0,252860.0,0,idle
252860.0,252862.0,0,active
252862.0,252863.0,0,idle
252863.0,252865.0,0,active
252865.0,252866.0,0,idle
252866.0,252868.0,0,active
252868.0,252869.0,0,idle
252869.0,252871.0,0,active
252871.0,252872.0,0,idle
252872.0,252874.0,0,active
252874.0,252875.0,0,idle
252875.0,252877.0,0,active
252877.0,252878.0,0,idle
252878.0,252880.0,0,active
252880.0,252881.0,0,idle
252881.0,252883.0,0,active
252883.0,252884.0,0,idle
252884.0,252886.0,0,active
252886.0,252887.0,0,idle
252887.0,252889.0,0,active
252889.0,252890.0,0,idle
252890.0,252892.0,0,active
252892.0,252893.0,0,idle
252893.0,252895.0,0,active
252895.0,252896.0,0,idle
252896.0,252898.0,0,active
252898.0,252899.0,0,idle
252899.0,252901.0,0,active
252901.0,252902.0,0,idle
252902.0,252904.0,0,active
252904.0,252905.0,0,idle
252905.0,252907.0,0,active
252907.0,252908.0,0,idle
252908.0,252910.0,0,active
252910.0,252911.0,0,idle
252911.0,252913.0,0,active
252913.0,252914.0,0,idle
252914.0,252916.0,0,active
252916.0,252917.0,0,idle
252917.0,252919.0,0,active
252919.0,252920.0,0,idle
252920.0,252922.0,0,active
252922.0,252923.0,0,idle
252923.0,252925.0,0,active
252925.0,252926.0,0,idle
252926.0,252928.0,0,active
252928.0,252929.0,0,idle
252929.0,252931.0,0,active
252931.0,252932.0,0,idle
252932.0,252934.0,0,active
252934.0,252935.0,0,idle
252935.0,252937.0,0,active
252937.0,252938.0,0,idle
252938.0,252940.0,0,active
252940.0,252941.0,0,idle
252941.0,252943.0,0,active
252943.0,252944.0,0,idle
252944.0,252946.0,0,active
252946.0,252947.0,0,idle
252947.0,252949.0,0,active
252949.0,252950.0,0,idle
252950.0,252952.0,0,active
252952.0,252953.0,0,idle
252953.0,252955.0,0,active
252955.0,252956.0,0,idle
252956.0,252958.0,0,active
252958.0,252959.0,0,idle
252959.0,252961.0,0,active
252961.0,252962.0,0,idle
252962.0,252964.0,0,active
252964.0,252965.0,0,idle
252965.0,252967.0,0,active
252967.0,252968.0,0,idle
252968.0,252970.0,0,active
252970.0,252971.0,0,idle
252971.0,252973.0,0,active
252973.0,252974.0,0,idle
252974.0,252976.0,0,active
252976.0,252977.0,0,idle
252977.0,252979.0,0,active
252979.0,252980.0,0,idle
252980.0,252982.0,0,active
252982.0,252983.0,0,idle
252983.0,252985.0,0,active
252985.0,252986.0,0,idle
252986.0,252988.0,0,active
252988.0,252989.0,0,idle
252989.0,252991.0,0,active
252991.0,252992.0,0,idle
252992.0,252994.0,0,active
252994.0,252995.0,0,idle
252995.0,252997.0,0,active
252997.0,252998.0,0,idle
252998.0,253000.0,0,active
253000.0,253001.0,0,idle
253001.0,253003.0,0,active
253003.0,253004.0,0,idle
253004.0,253006.0,0,active
253006.0,253007.0,0,idle
253007.0,253009.0,0,active
253009.0,253010.0,0,idle
253010.0,253012.0,0,active
253012.0,253013.0,0,idle
253013.0,253015.0,0,active
253015.0,253016.0,0,idle
253016.0,253018.0,0,active
253018.0,253019.0,0,idle
253019.0,253021.0,0,active
253021.0,253022.0,0,idle
253022.0,253024.0,0,active
253024.0,253025.0,0,idle
253025.0,253027.0,0,active
253027.0,253028.0,0,idle
253028.0,253030.0,0,active
253030.0,253031.0,0,idle
253031.0,253033.0,0,active
253033.0,253034.0,0,idle
253034.0,253036.0,0,active
253036.0,253037.0,0,idle
253037.0,253039.0,0,active
253039.0,253040.0,0,idle
253040.0,253042.0,0,active
253042.0,253043.0,0,idle
253043.0,253045.0,0,active
253045.0,253046.0,0,idle
253046.0,253048.0,0,active
253048.0,253049.0,0,idle
253049.0,253051.0,0,active
253051.0,253052.0,0,idle
253052.0,253054.0,0,active
253054.0,253055.0,0,idle
253055.0,253057.0,0,active
253057.0,253058.0,0,idle
253058.0,253060.0,0,active
253060.0,253061.0,0,idle
253061.0,253063.0,0,active
253063.0,253064.0,0,idle
253064.0,253066.0,0,active
253066.0,253067.0,0,idle
253067.0,253069.0,0,active
253069.0,253070.0,0,idle
253070.0,253072.0,0,active
253072.0,253073.0,0,idle
253073.0,253075.0,0,active
253075.0,253076.0,0,idle
253076.0,253078.0,0,active
253078.0,253079.0,0,idle
253079.0,253081.0,0,active
253081.0,253082.0,0,idle
253082.0,253084.0,0,active
253084.0,253085.0,0,idle
253085.0,253087.0,0,active
253087.0,253088.0,0,idle
253088.0,253090.0,0,active
253090.0,253091.0,0,idle
253091.0,253093.0,0,active
253093.0,253094.0,0,idle
253094.0,253096.0,0,active
253096.0,253097.0,0,idle
253097.0,253099.0,0,active
253099.0,253100.0,0,idle
253100.0,253102.0,0,active
253102.0,253103.0,0,idle
253103.0,253105.0,0,active
253105.0,253106.0,0,idle
253106.0,253108.0,0,active
253108.0,253109.0,0,idle
253109.0,253111.0,0,active
253111.0,253112.0,0,idle
253112.0,253114.0,0,active
253114.0,253115.0,0,idle
253115.0,253117.0,0,active
253117.0,253118.0,0,idle
253118.0,253120.0,0,active
253120.0,253121.0,0,idle
253121.0,253123.0,0,active
253123.0,253124.0,0,idle
253124.0,253126.0,0,active
253126.0,253127.0,0,idle
253127.0,253129.0,0,active
253129.0,253130.0,0,idle
253130.0,253132.0,0,active
253132.0,253133.0,0,idle
253133.0,253135.0,0,active
253135.0,253136.0,0,idle
253136.0,253138.0,0,active
253138.0,253139.0,0,idle
253139.0,253141.0,0,active
253141.0,253142.0,0,idle
253142.0,253144.0,0,active
253144.0,253145.0,0,idle
253145.0,253147.0,0,active
253147.0,253148.0,0,idle
253148.0,253150.0,0,active
253150.0,253151.0,0,idle
253151.0,253153.0,0,active
253153.0,253154.0,0,idle
253154.0,253156.0,0,active
253156.0,253157.0,0,idle
253157.0,253159.0,0,active
253159.0,253160.0,0,idle
253160.0,253162.0,0,active
253162.0,253163.0,0,idle
253163.0,253165.0,0,active
253165.0,253166.0,0,idle
253166.0,253168.0,0,active
253168.0,253169.0,0,idle
253169.0,253171.0,0,active
253171.0,253172.0,0,idle
253172.0,253174.0,0,active
253174.0,253175.0,0,idle
253175.0,253177.0,0,active
253177.0,253178.0,0,idle
253178.0,253180.0,0,active
253180.0,253181.0,0,idle
253181.0,253183.0,0,active
253183.0,253184.0,0,idle
253184.0,253186.0,0,active
253186.0,253187.0,0,idle
253187.0,253189.0,0,active
253189.0,253190.0,0,idle
253190.0,253192.0,0,active
253192.0,253193.0,0,idle
253193.0,253195.0,0,active
253195.0,253196.0,0,idle
253196.0,253198.0,0,active
253198.0,253199.0,0,idle
253199.0,253201.0,0,active
253201.0,253202.0,0,idle
253202.0,253204.0,0,active
253204.0,253205.0,0,idle
253205.0,253207.0,0,active
253207.0,253208.0,0,idle
253208.0,253210.0,0,active
253210.0,253211.0,0,idle
253211.0,253213.0,0,active
253213.0,253214.0,0,idle
253214.0,253216.0,0,active
253216.0,253217.0,0,idle
253217.0,253219.0,0,active
253219.0,253220.0,0,idle
253220.0,253222.0,0,active
253222.0,253223.0,0,idle
253223.0,253225.0,0,active
253225.0,253226.0,0,idle
253226.0,253228.0,0,active
253228.0,253229.0,0,idle
253229.0,253231.0,0,active
253231.0,253232.0,0,idle
253232.0,253234.0,0,active
253234.0,253235.0,0,idle
253235.0,253237.0,0,active
253237.0,253238.0,0,idle
253238.0,253240.0,0,active
253240.0,253241.0,0,idle
253241.0,253243.0,0,active
253243.0,253244.0,0,idle
253244.0,253246.0,0,active
253246.0,253247.0,0,idle
253247.0,253249.0,0,active
253249.0,253250.0,0,idle
253250.0,253252.0,0,active
253252.0,253253.0,0,idle
253253.0,253255.0,0,active
253255.0,253256.0,0,idle
253256.0,253258.0,0,active
253258.0,253259.0,0,idle
253259.0,253261.0,0,active
253261.0,253262.0,0,idle
253262.0,253264.0,0,active
253264.0,253265.0,0,idle
253265.0,253267.0,0,active
253267.0,253268.0,0,idle
253268.0,253270.0,0,active
253270.0,253271.0,0,idle
253271.0,253273.0,0,active
253273.0,253274.0,0,idle
253274.0,253276.0,0,active
253276.0,253277.0,0,idle
253277.0,253279.0,0,active
253279.0,253280.0,0,idle
253280.0,253282.0,0,active
253282.0,253283.0,0,idle
253283.0,253285.0,0,active
253285.0,253286.0,0,idle
253286.0,253288.0,0,active
253288.0,253289.0,0,idle
253289.0,253291.0,0,active
253291.0,253292.0,0,idle
253292.0,253294.0,0,active
253294.0,253295.0,0,idle
253295.0,253297.0,0,active
253297.0,253298.0,0,idle
253298.0,253300.0,0,active
253300.0,253301.0,0,idle
253301.0,253303.0,0,active
253303.0,253304.0,0,idle
253304.0,253306.0,0,active
253306.0,253307.0,0,idle
253307.0,253309.0,0,active
253309.0,253310.0,0,idle
253310.0,253312.0,0,active
253312.0,253313.0,0,idle
253313.0,253315.0,0,active
253315.0,253316.0,0,idle
253316.0,253318.0,0,active
253318.0,253319.0,0,idle
253319.0,253321.0,0,active
253321.0,253322.0,0,idle
253322.0,253324.0,0,active
253324.0,253325.0,0,idle
253325.0,253327.0,0,active
253327.0,253328.0,0,idle
253328.0,253330.0,0,active
253330.0,253331.0,0,idle
253331.0,253333.0,0,active
253333.0,253334.0,0,idle
253334.0,253336.0,0,active
253336.0,253337.0,0,idle
253337.0,253339.0,0,active
253339.0,253340.0,0,idle
253340.0,253342.0,0,active
253342.0,253343.0,0,idle
253343.0,253345.0,0,active
253345.0,253346.0,0,idle
253346.0,253348.0,0,active
253348.0,253349.0,0,idle
253349.0,253351.0,0,active
253351.0,253352.0,0,idle
253352.0,253354.0,0,active
253354.0,253355.0,0,idle
253355.0,253357.0,0,active
253357.0,253358.0,0,idle
253358.0,253360.0,0,active
253360.0,253361.0,0,idle
253361.0,253363.0,0,active
253363.0,253364.0,0,idle
253364.0,253366.0,0,active
253366.0,253367.0,0,idle
253367.0,253369.0,0,active
253369.0,253370.0,0,idle
253370.0,253372.0,0,active
253372.0,253373.0,0,idle
253373.0,253375.0,0,active
253375.0,253376.0,0,idle
253376.0,253378.0,0,active
253378.0,253379.0,0,idle
253379.0,253381.0,0,active
253381.0,253382.0,0,idle
253382.0,253384.0,0,active
253384.0,253385.0,0,idle
253385.0,253387.0,0,active
253387.0,253388.0,0,idle
253388.0,253390.0,0,active
253390.0,253391.0,0,idle
253391.0,253393.0,0,active
253393.0,253394.0,0,idle
253394.0,253396.0,0,active
253396.0,253397.0,0,idle
253397.0,253399.0,0,active
253399.0,253400.0,0,idle
253400.0,253402.0,0,active
253402.0,253403.0,0,idle
253403.0,253405.0,0,active
253405.0,253406.0,0,idle
253406.0,253408.0,0,active
253408.0,253409.0,0,idle
253409.0,253411.0,0,active
253411.0,253412.0,0,idle
253412.0,253414.0,0,active
253414.0,253415.0,0,idle
253415.0,253417.0,0,active
253417.0,253418.0,0,idle
253418.0,253420.0,0,active
253420.0,253421.0,0,idle
253421.0,253423.0,0,active
253423.0,253424.0,0,idle
253424.0,253426.0,0,active
253426.0,253427.0,0,idle
253427.0,253429.0,0,active
253429.0,253430.0,0,idle
253430.0,253432.0,0,active
253432.0,253433.0,0,idle
253433.0,253435.0,0,active
253435.0,253436.0,0,idle
253436.0,253438.0,0,active
253438.0,253439.0,0,idle
253439.0,253441.0,0,active
253441.0,253442.0,0,idle
253442.0,253444.0,0,active
253444.0,253445.0,0,idle
253445.0,253447.0,0,active
253447.0,253448.0,0,idle
253448.0,253450.0,0,active
253450.0,253451.0,0,idle
253451.0,253453.0,0,active
253453.0,253454.0,0,idle
253454.0,253456.0,0,active
253456.0,253457.0,0,idle
253457.0,253459.0,0,active
253459.0,253460.0,0,idle
253460.0,253462.0,0,active
253462.0,253463.0,0,idle
253463.0,253465.0,0,active
253465.0,253466.0,0,idle
253466.0,253468.0,0,active
253468.0,253469.0,0,idle
253469.0,253471.0,0,active
253471.0,253472.0,0,idle
253472.0,253474.0,0,active
253474.0,253475.0,0,idle
253475.0,253477.0,0,active
253477.0,253478.0,0,idle
253478.0,253480.0,0,active
253480.0,253481.0,0,idle
253481.0,253483.0,0,active
253483.0,253484.0,0,idle
253484.0,253486.0,0,active
253486.0,253487.0,0,idle
253487.0,253489.0,0,active
253489.0,253490.0,0,idle
253490.0,253492.0,0,active
253492.0,253493.0,0,idle
253493.0,253495.0,0,active
253495.0,253496.0,0,idle
253496.0,253498.0,0,active
253498.0,253499.0,0,idle
253499.0,253501.0,0,active
253501.0,253502.0,0,idle
253502.0,253504.0,0,active
253504.0,253505.0,0,idle
253505.0,253507.0,0,active
253507.0,253508.0,0,idle
253508.0,253510.0,0,active
253510.0,253511.0,0,idle
253511.0,253513.0,0,active
253513.0,253514.0,0,idle
253514.0,253516.0,0,active
253516.0,253517.0,0,idle
253517.0,253519.0,0,active
253519.0,253520.0,0,idle
253520.0,253522.0,0,active
253522.0,253523.0,0,idle
253523.0,253525.0,0,active
253525.0,253526.0,0,idle
253526.0,253528.0,0,active
253528.0,253529.0,0,idle
253529.0,253531.0,0,active
253531.0,253532.0,0,idle
253532.0,253534.0,0,active
253534.0,253535.0,0,idle
253535.0,253537.0,0,active
253537.0,253538.0,0,idle
253538.0,253540.0,0,active
253540.0,253541.0,0,idle
253541.0,253543.0,0,active
253543.0,253544.0,0,idle
253544.0,253546.0,0,active
253546.0,253547.0,0,idle
253547.0,253549.0,0,active
253549.0,253550.0,0,idle
253550.0,253552.0,0,active
253552.0,253553.0,0,idle
253553.0,253555.0,0,active
253555.0,253556.0,0,idle
253556.0,253558.0,0,active
253558.0,253559.0,0,idle
253559.0,253561.0,0,active
253561.0,253562.0,0,idle
253562.0,253564.0,0,active
253564.0,253565.0,0,idle
253565.0,253567.0,0,active
253567.0,253568.0,0,idle
253568.0,253570.0,0,active
253570.0,253571.0,0,idle
253571.0,253573.0,0,active
253573.0,253574.0,0,idle
253574.0,253576.0,0,active
253576.0,253577.0,0,idle
253577.0,253579.0,0,active
253579.0,253580.0,0,idle
253580.0,253582.0,0,active
253582.0,253583.0,0,idle
253583.0,253585.0,0,active
253585.0,253586.0,0,idle
253586.0,253588.0,0,active
253588.0,253589.0,0,idle
253589.0,253591.0,0,active
253591.0,253592.0,0,idle
253592.0,253594.0,0,active
253594.0,253595.0,0,idle
253595.0,253597.0,0,active
253597.0,253598.0,0,idle
253598.0,253600.0,0,active
253600.0,253601.0,0,idle
253601.0,253603.0,0,active
253603.0,253604.0,0,idle
253604.0,253606.0,0,active
253606.0,253607.0,0,idle
253607.0,253609.0,0,active
253609.0,253610.0,0,idle
253610.0,253612.0,0,active
253612.0,253613.0,0,idle
253613.0,253615.0,0,active
253615.0,253616.0,0,idle
253616.0,253618.0,0,active
253618.0,253619.0,0,idle
253619.0,253621.0,0,active
253621.0,253622.0,0,idle
253622.0,253624.0,0,active
253624.0,253625.0,0,idle
253625.0,253627.0,0,active
253627.0,253628.0,0,idle
253628.0,253630.0,0,active
253630.0,253631.0,0,idle
253631.0,253633.0,0,active
253633.0,253634.0,0,idle
253634.0,253636.0,0,active
253636.0,253637.0,0,idle
253637.0,253639.0,0,active
253639.0,253640.0,0,idle
253640.0,253642.0,0,active
253642.0,253643.0,0,idle
253643.0,253645.0,0,active
253645.0,253646.0,0,idle
253646.0,253648.0,0,active
253648.0,253649.0,0,idle
253649.0,253651.0,0,active
253651.0,253652.0,0,idle
253652.0,253654.0,0,active
253654.0,253655.0,0,idle
253655.0,253657.0,0,active
253657.0,253658.0,0,idle
253658.0,253660.0,0,active
253660.0,253661.0,0,idle
253661.0,253663.0,0,active
253663.0,253664.0,0,idle
253664.0,253666.0,0,active
253666.0,253667.0,0,idle
253667.0,253669.0,0,active
253669.0,253670.0,0,idle
253670.0,253672.0,0,active
253672.0,253673.0,0,idle
253673.0,253675.0,0,active
253675.0,253676.0,0,idle
253676.0,253678.0,0,active
253678.0,253679.0,0,idle
253679.0,253681.0,0,active
253681.0,253682.0,0,idle
253682.0,253684.0,0,active
253684.0,253685.0,0,idle
253685.0,253687.0,0,active
253687.0,253688.0,0,idle
253688.0,253690.0,0,active
253690.0,253691.0,0,idle
253691.0,253693.0,0,active
253693.0,253694.0,0,idle
253694.0,253696.0,0,active
253696.0,253697.0,0,idle
253697.0,253699.0,0,active
253699.0,253700.0,0,idle
253700.0,253702.0,0,active
253702.0,253703.0,0,idle
253703.0,253705.0,0,active
253705.0,253706.0,0,idle
253706.0,253708.0,0,active
253708.0,253709.0,0,idle
253709.0,253711.0,0,active
253711.0,253712.0,0,idle
253712.0,253714.0,0,active
253714.0,253715.0,0,idle
253715.0,253717.0,0,active
253717.0,253718.0,0,idle
253718.0,253720.0,0,active
253720.0,253721.0,0,idle
253721.0,253723.0,0,active
253723.0,253724.0,0,idle
253724.0,253726.0,0,active
253726.0,253727.0,0,idle
253727.0,253729.0,0,active
253729.0,253730.0,0,idle
253730.0,253732.0,0,active
253732.0,253733.0,0,idle
253733.0,253735.0,0,active
253735.0,253736.0,0,idle
253736.0,253738.0,0,active
253738.0,253739.0,0,idle
253739.0,253741.0,0,active
253741.0,253742.0,0,idle
253742.0,253744.0,0,active
253744.0,253745.0,0,idle
253745.0,253747.0,0,active
253747.0,253748.0,0,idle
253748.0,253750.0,0,active
253750.0,253751.0,0,idle
253751.0,253753.0,0,active
253753.0,253754.0,0,idle
253754.0,253756.0,0,active
253756.0,253757.0,0,idle
253757.0,253759.0,0,active
253759.0,253760.0,0,idle
253760.0,253762.0,0,active
253762.0,253763.0,0,idle
253763.0,253765.0,0,active
253765.0,253766.0,0,idle
253766.0,253768.0,0,active
253768.0,253769.0,0,idle
253769.0,253771.0,0,active
253771.0,253772.0,0,idle
253772.0,253774.0,0,active
253774.0,253775.0,0,idle
253775.0,253777.0,0,active
253777.0,253778.0,0,idle
253778.0,253780.0,0,active
253780.0,253781.0,0,idle
253781.0,253783.0,0,active
253783.0,253784.0,0,idle
253784.0,253786.0,0,active
253786.0,253787.0,0,idle
253787.0,253789.0,0,active
253789.0,253790.0,0,idle
253790.0,253792.0,0,active
253792.0,253793.0,0,idle
253793.0,253795.0,0,active
253795.0,253796.0,0,idle
253796.0,253798.0,0,active
253798.0,253799.0,0,idle
253799.0,253801.0,0,active
253801.0,253802.0,0,idle
253802.0,253804.0,0,active
253804.0,253805.0,0,idle
253805.0,253807.0,0,active
253807.0,253808.0,0,idle
253808.0,253810.0,0,active
253810.0,253811.0,0,idle
253811.0,253813.0,0,active
253813.0,253814.0,0,idle
253814.0,253816.0,0,active
253816.0,253817.0,0,idle
253817.0,253819.0,0,active
253819.0,253820.0,0,idle
253820.0,253822.0,0,active
253822.0,253823.0,0,idle
253823.0,253825.0,0,active
253825.0,253826.0,0,idle
253826.0,253828.0,0,active
253828.0,253829.0,0,idle
253829.0,253831.0,0,active
253831.0,253832.0,0,idle
253832.0,253834.0,0,active
253834.0,253835.0,0,idle
253835.0,253837.0,0,active
253837.0,253838.0,0,idle
253838.0,253840.0,0,active
253840.0,253841.0,0,idle
253841.0,253843.0,0,active
253843.0,253844.0,0,idle
253844.0,253846.0,0,active
253846.0,253847.0,0,idle
253847.0,253849.0,0,active
253849.0,253850.0,0,idle
253850.0,253852.0,0,active
253852.0,253853.0,0,idle
253853.0,253855.0,0,active
253855.0,253856.0,0,idle
253856.0,253858.0,0,active
253858.0,253859.0,0,idle
253859.0,253861.0,0,active
253861.0,253862.0,0,idle
253862.0,253864.0,0,active
253864.0,253865.0,0,idle
253865.0,253867.0,0,active
253867.0,253868.0,0,idle
253868.0,253870.0,0,active
253870.0,253871.0,0,idle
253871.0,253873.0,0,active
253873.0,253874.0,0,idle
253874.0,253876.0,0,active
253876.0,253877.0,0,idle
253877.0,253879.0,0,active
253879.0,253880.0,0,idle
253880.0,253882.0,0,active
253882.0,253883.0,0,idle
253883.0,253885.0,0,active
253885.0,253886.0,0,idle
253886.0,253888.0,0,active
253888.0,253889.0,0,idle
253889.0,253891.0,0,active
253891.0,253892.0,0,idle
253892.0,253894.0,0,active
253894.0,253895.0,0,idle
253895.0,253897.0,0,active
253897.0,253898.0,0,idle
253898.0,253900.0,0,active
253900.0,253901.0,0,idle
253901.0,253903.0,0,active
253903.0,253904.0,0,idle
253904.0,253906.0,0,active
253906.0,253907.0,0,idle
253907.0,253909.0,0,active
253909.0,253910.0,0,idle
253910.0,253912.0,0,active
253912.0,253913.0,0,idle
253913.0,253915.0,0,active
253915.0,253916.0,0,idle
253916.0,253918.0,0,active
253918.0,253919.0,0,idle
253919.0,253921.0,0,active
253921.0,253922.0,0,idle
253922.0,253924.0,0,active
253924.0,253925.0,0,idle
253925.0,253927.0,0,active
253927.0,253928.0,0,idle
253928.0,253930.0,0,active
253930.0,253931.0,0,idle
253931.0,253933.0,0,active
253933.0,253934.0,0,idle
253934.0,253936.0,0,active
253936.0,253937.0,0,idle
253937.0,253939.0,0,active
253939.0,253940.0,0,idle
253940.0,253942.0,0,active
253942.0,253943.0,0,idle
253943.0,253945.0,0,active
253945.0,253946.0,0,idle
253946.0,253948.0,0,active
253948.0,253949.0,0,idle
253949.0,253951.0,0,active
253951.0,253952.0,0,idle
253952.0,253954.0,0,active
253954.0,253955.0,0,idle
253955.0,253957.0,0,active
253957.0,253958.0,0,idle
253958.0,253960.0,0,active
253960.0,253961.0,0,idle
253961.0,253963.0,0,active
253963.0,253964.0,0,idle
253964.0,253966.0,0,active
253966.0,253967.0,0,idle
253967.0,253969.0,0,active
253969.0,253970.0,0,idle
253970.0,253972.0,0,active
253972.0,253973.0,0,idle
253973.0,253975.0,0,active
253975.0,253976.0,0,idle
253976.0,253978.0,0,active
253978.0,253979.0,0,idle
253979.0,253981.0,0,active
253981.0,253982.0,0,idle
253982.0,253984.0,0,active
253984.0,253985.0,0,idle
253985.0,253987.0,0,active
253987.0,253988.0,0,idle
253988.0,253990.0,0,active
253990.0,253991.0,0,idle
253991.0,253993.0,0,active
253993.0,253994.0,0,idle
253994.0,253996.0,0,active
253996.0,253997.0,0,idle
253997.0,253999.0,0,active
253999.0,254000.0,0,idle
254000.0,254002.0,0,active
254002.0,254003.0,0,idle
254003.0,254005.0,0,active
254005.0,254006.0,0,idle
254006.0,254008.0,0,active
254008.0,254009.0,0,idle
254009.0,254011.0,0,active
254011.0,254012.0,0,idle
254012.0,254014.0,0,active
254014.0,254015.0,0,idle
254015.0,254017.0,0,active
254017.0,254018.0,0,idle
254018.0,254020.0,0,active
254020.0,254021.0,0,idle
254021.0,254023.0,0,active
254023.0,254024.0,0,idle
254024.0,254026.0,0,active
254026.0,254027.0,0,idle
254027.0,254029.0,0,active
254029.0,254030.0,0,idle
254030.0,254032.0,0,active
254032.0,254033.0,0,idle
254033.0,254035.0,0,active
254035.0,254036.0,0,idle
254036.0,254038.0,0,active
254038.0,254039.0,0,idle
254039.0,254041.0,0,active
254041.0,254042.0,0,idle
254042.0,254044.0,0,active
254044.0,254045.0,0,idle
254045.0,254047.0,0,active
254047.0,254048.0,0,idle
254048.0,254050.0,0,active
254050.0,254051.0,0,idle
254051.0,254053.0,0,active
254053.0,254054.0,0,idle
254054.0,254056.0,0,active
254056.0,254057.0,0,idle
254057.0,254059.0,0,active
254059.0,254060.0,0,idle
254060.0,254062.0,0,active
254062.0,254063.0,0,idle
254063.0,254065.0,0,active
254065.0,254066.0,0,idle
254066.0,254068.0,0,active
254068.0,254069.0,0,idle
254069.0,254071.0,0,active
254071.0,254072.0,0,idle
254072.0,254074.0,0,active
254074.0,254075.0,0,idle
254075.0,254077.0,0,active
254077.0,254078.0,0,idle
254078.0,254080.0,0,active
254080.0,254081.0,0,idle
254081.0,254083.0,0,active
254083.0,254084.0,0,idle
254084.0,254086.0,0,active
254086.0,254087.0,0,idle
254087.0,254089.0,0,active
254089.0,254090.0,0,idle
254090.0,254092.0,0,active
254092.0,254093.0,0,idle
254093.0,254095.0,0,active
254095.0,254096.0,0,idle
254096.0,254098.0,0,active
254098.0,254099.0,0,idle
254099.0,254101.0,0,active
254101.0,254102.0,0,idle
254102.0,254104.0,0,active
254104.0,254105.0,0,idle
254105.0,254107.0,0,active
254107.0,254108.0,0,idle
254108.0,254110.0,0,active
254110.0,254111.0,0,idle
254111.0,254113.0,0,active
254113.0,254114.0,0,idle
254114.0,254116.0,0,active
254116.0,254117.0,0,idle
254117.0,254119.0,0,active
254119.0,254120.0,0,idle
254120.0,254122.0,0,active
254122.0,254123.0,0,idle
254123.0,254125.0,0,active
254125.0,254126.0,0,idle
254126.0,254128.0,0,active
254128.0,254129.0,0,idle
254129.0,254131.0,0,active
254131.0,254132.0,0,idle
254132.0,254134.0,0,active
254134.0,254135.0,0,idle
254135.0,254137.0,0,active
254137.0,254138.0,0,idle
254138.0,254140.0,0,active
254140.0,254141.0,0,idle
254141.0,254143.0,0,active
254143.0,254144.0,0,idle
254144.0,254146.0,0,active
254146.0,254147.0,0,idle
254147.0,254149.0,0,active
254149.0,254150.0,0,idle
254150.0,254152.0,0,active
254152.0,254153.0,0,idle
254153.0,254155.0,0,active
254155.0,254156.0,0,idle
254156.0,254158.0,0,active
254158.0,254159.0,0,idle
254159.0,254161.0,0,active
254161.0,254162.0,0,idle
254162.0,254164.0,0,active
254164.0,254165.0,0,idle
254165.0,254167.0,0,active
254167.0,254168.0,0,idle
254168.0,254170.0,0,active
254170.0,254171.0,0,idle
254171.0,254173.0,0,active
254173.0,254174.0,0,idle
254174.0,254176.0,0,active
254176.0,254177.0,0,idle
254177.0,254179.0,0,active
254179.0,254180.0,0,idle
254180.0,254182.0,0,active
254182.0,254183.0,0,idle
254183.0,254185.0,0,active
254185.0,254186.0,0,idle
254186.0,254188.0,0,active
254188.0,254189.0,0,idle
254189.0,254191.0,0,active
254191.0,254192.0,0,idle
254192.0,254194.0,0,active
254194.0,254195.0,0,idle
254195.0,254197.0,0,active
254197.0,254198.0,0,idle
254198.0,254200.0,0,active
254200.0,254201.0,0,idle
254201.0,254203.0,0,active
254203.0,254204.0,0,idle
254204.0,254206.0,0,active
254206.0,254207.0,0,idle
254207.0,254209.0,0,active
254209.0,254210.0,0,idle
254210.0,254212.0,0,active
254212.0,254213.0,0,idle
254213.0,254215.0,0,active
254215.0,254216.0,0,idle
254216.0,254218.0,0,active
254218.0,254219.0,0,idle
254219.0,254221.0,0,active
254221.0,254222.0,0,idle
254222.0,254224.0,0,active
254224.0,254225.0,0,idle
254225.0,254227.0,0,active
254227.0,254228.0,0,idle
254228.0,254230.0,0,active
254230.0,254231.0,0,idle
254231.0,254233.0,0,active
254233.0,254234.0,0,idle
254234.0,254236.0,0,active
254236.0,254237.0,0,idle
254237.0,254239.0,0,active
254239.0,254240.0,0,idle
254240.0,254242.0,0,active
254242.0,254243.0,0,idle
254243.0,254245.0,0,active
254245.0,254246.0,0,idle
254246.0,254248.0,0,active
254248.0,254249.0,0,idle
254249.0,254251.0,0,active
254251.0,254252.0,0,idle
254252.0,254254.0,0,active
254254.0,254255.0,0,idle
254255.0,254257.0,0,active
254257.0,254258.0,0,idle
254258.0,254260.0,0,active
254260.0,254261.0,0,idle
254261.0,254263.0,0,active
254263.0,254264.0,0,idle
254264.0,254266.0,0,active
254266.0,254267.0,0,idle
254267.0,254269.0,0,active
254269.0,254270.0,0,idle
254270.0,254272.0,0,active
254272.0,254273.0,0,idle
254273.0,254275.0,0,active
254275.0,254276.0,0,idle
254276.0,254278.0,0,active
254278.0,254279.0,0,idle
254279.0,254281.0,0,active
254281.0,254282.0,0,idle
254282.0,254284.0,0,active
254284.0,254285.0,0,idle
254285.0,254287.0,0,active
254287.0,254288.0,0,idle
254288.0,254290.0,0,active
254290.0,254291.0,0,idle
254291.0,254293.0,0,active
254293.0,254294.0,0,idle
254294.0,254296.0,0,active
254296.0,254297.0,0,idle
254297.0,254299.0,0,active
254299.0,254300.0,0,idle
254300.0,254302.0,0,active
254302.0,254303.0,0,idle
254303.0,254305.0,0,active
254305.0,254306.0,0,idle
254306.0,254308.0,0,active
254308.0,254309.0,0,idle
254309.0,254311.0,0,active
254311.0,254312.0,0,idle
254312.0,254314.0,0,active
254314.0,254315.0,0,idle
254315.0,254317.0,0,active
254317.0,254318.0,0,idle
254318.0,254320.0,0,active
254320.0,254321.0,0,idle
254321.0,254323.0,0,active
254323.0,254324.0,0,idle
254324.0,254326.0,0,active
254326.0,254327.0,0,idle
254327.0,254329.0,0,active
254329.0,254330.0,0,idle
254330.0,254332.0,0,active
254332.0,254333.0,0,idle
254333.0,254335.0,0,active
254335.0,254336.0,0,idle
254336.0,254338.0,0,active
254338.0,254339.0,0,idle
254339.0,254341.0,0,active
254341.0,254342.0,0,idle
254342.0,254344.0,0,active
254344.0,254345.0,0,idle
254345.0,254347.0,0,active
254347.0,254348.0,0,idle
254348.0,254350.0,0,active
254350.0,254351.0,0,idle
254351.0,254353.0,0,active
254353.0,254354.0,0,idle
254354.0,254356.0,0,active
254356.0,254357.0,0,idle
254357.0,254359.0,0,active
254359.0,254360.0,0,idle
254360.0,254362.0,0,active
254362.0,254363.0,0,idle
254363.0,254365.0,0,active
254365.0,254366.0,0,idle
254366.0,254368.0,0,active
254368.0,254369.0,0,idle
254369.0,254371.0,0,active
254371.0,254372.0,0,idle
254372.0,254374.0,0,active
254374.0,254375.0,0,idle
254375.0,254377.0,0,active
254377.0,254378.0,0,idle
254378.0,254380.0,0,active
254380.0,254381.0,0,idle
254381.0,254383.0,0,active
254383.0,254384.0,0,idle
254384.0,254386.0,0,active
254386.0,254387.0,0,idle
254387.0,254389.0,0,active
254389.0,254390.0,0,idle
254390.0,254392.0,0,active
254392.0,254393.0,0,idle
254393.0,254395.0,0,active
254395.0,254396.0,0,idle
254396.0,254398.0,0,active
254398.0,254399.0,0,idle
254399.0,254401.0,0,active
254401.0,254402.0,0,idle
254402.0,254404.0,0,active
254404.0,254405.0,0,idle
254405.0,254407.0,0,active
254407.0,254408.0,0,idle
254408.0,254410.0,0,active
254410.0,254411.0,0,idle
254411.0,254413.0,0,active
254413.0,254414.0,0,idle
254414.0,254416.0,0,active
254416.0,254417.0,0,idle
254417.0,254419.0,0,active
254419.0,254420.0,0,idle
254420.0,254422.0,0,active
254422.0,254423.0,0,idle
254423.0,254425.0,0,active
254425.0,254426.0,0,idle
254426.0,254428.0,0,active
254428.0,254429.0,0,idle
254429.0,254431.0,0,active
254431.0,254432.0,0,idle
254432.0,254434.0,0,active
254434.0,254435.0,0,idle
254435.0,254437.0,0,active
254437.0,254438.0,0,idle
254438.0,254440.0,0,active
254440.0,254441.0,0,idle
254441.0,254443.0,0,active
254443.0,254444.0,0,idle
254444.0,254446.0,0,active
254446.0,254447.0,0,idle
254447.0,254449.0,0,active
254449.0,254450.0,0,idle
254450.0,254452.0,0,active
254452.0,254453.0,0,idle
254453.0,254455.0,0,active
254455.0,254456.0,0,idle
254456.0,254458.0,0,active
254458.0,254459.0,0,idle
254459.0,254461.0,0,active
254461.0,254462.0,0,idle
254462.0,254464.0,0,active
254464.0,254465.0,0,idle
254465.0,254467.0,0,active
254467.0,254468.0,0,idle
254468.0,254470.0,0,active
254470.0,254471.0,0,idle
254471.0,254473.0,0,active
254473.0,254474.0,0,idle
254474.0,254476.0,0,active
254476.0,254477.0,0,idle
254477.0,254479.0,0,active
254479.0,254480.0,0,idle
254480.0,254482.0,0,active
254482.0,254483.0,0,idle
254483.0,254485.0,0,active
254485.0,254486.0,0,idle
254486.0,254488.0,0,active
254488.0,254489.0,0,idle
254489.0,254491.0,0,active
254491.0,254492.0,0,idle
254492.0,254494.0,0,active
254494.0,254495.0,0,idle
254495.0,254497.0,0,active
254497.0,254498.0,0,idle
254498.0,254500.0,0,active
254500.0,254501.0,0,idle
254501.0,254503.0,0,active
254503.0,254504.0,0,idle
254504.0,254506.0,0,active
254506.0,254507.0,0,idle
254507.0,254509.0,0,active
254509.0,254510.0,0,idle
254510.0,254512.0,0,active
254512.0,254513.0,0,idle
254513.0,254515.0,0,active
254515.0,254516.0,0,idle
254516.0,254518.0,0,active
254518.0,254519.0,0,idle
254519.0,254521.0,0,active
254521.0,254522.0,0,idle
254522.0,254524.0,0,active
254524.0,254525.0,0,idle
254525.0,254527.0,0,active
254527.0,254528.0,0,idle
254528.0,254530.0,0,active
254530.0,254531.0,0,idle
254531.0,254533.0,0,active
254533.0,254534.0,0,idle
254534.0,254536.0,0,active
254536.0,254537.0,0,idle
254537.0,254539.0,0,active
254539.0,254540.0,0,idle
254540.0,254542.0,0,active
254542.0,254543.0,0,idle
254543.0,254545.0,0,active
254545.0,254546.0,0,idle
254546.0,254548.0,0,active
254548.0,254549.0,0,idle
254549.0,254551.0,0,active
254551.0,254552.0,0,idle
254552.0,254554.0,0,active
254554.0,254555.0,0,idle
254555.0,254557.0,0,active
254557.0,254558.0,0,idle
254558.0,254560.0,0,active
254560.0,254561.0,0,idle
254561.0,254563.0,0,active
254563.0,254564.0,0,idle
254564.0,254566.0,0,active
254566.0,254567.0,0,idle
254567.0,254569.0,0,active
254569.0,254570.0,0,idle
254570.0,254572.0,0,active
254572.0,254573.0,0,idle
254573.0,254575.0,0,active
254575.0,254576.0,0,idle
254576.0,254578.0,0,active
254578.0,254579.0,0,idle
254579.0,254581.0,0,active
254581.0,254582.0,0,idle
254582.0,254584.0,0,active
254584.0,254585.0,0,idle
254585.0,254587.0,0,active
254587.0,254588.0,0,idle
254588.0,254590.0,0,active
254590.0,254591.0,0,idle
254591.0,254593.0,0,active
254593.0,254594.0,0,idle
254594.0,254596.0,0,active
254596.0,254597.0,0,idle
254597.0,254599.0,0,active
254599.0,254600.0,0,idle
254600.0,254602.0,0,active
254602.0,254603.0,0,idle
254603.0,254605.0,0,active
254605.0,254606.0,0,idle
254606.0,254608.0,0,active
254608.0,254609.0,0,idle
254609.0,254611.0,0,active
254611.0,254612.0,0,idle
254612.0,254614.0,0,active
254614.0,254615.0,0,idle
254615.0,254617.0,0,active
254617.0,254618.0,0,idle
254618.0,254620.0,0,active
254620.0,254621.0,0,idle
254621.0,254623.0,0,active
254623.0,254624.0,0,idle
254624.0,254626.0,0,active
254626.0,254627.0,0,idle
254627.0,254629.0,0,active
254629.0,254630.0,0,idle
254630.0,254632.0,0,active
254632.0,254633.0,0,idle
254633.0,254635.0,0,active
254635.0,254636.0,0,idle
254636.0,254638.0,0,active
254638.0,254639.0,0,idle
254639.0,254641.0,0,active
254641.0,254642.0,0,idle
254642.0,254644.0,0,active
254644.0,254645.0,0,idle
254645.0,254647.0,0,active
254647.0,254648.0,0,idle
254648.0,254650.0,0,active
254650.0,254651.0,0,idle
254651.0,254653.0,0,active
254653.0,254654.0,0,idle
254654.0,254656.0,0,active
254656.0,254657.0,0,idle
254657.0,254659.0,0,active
254659.0,254660.0,0,idle
254660.0,254662.0,0,active
254662.0,254663.0,0,idle
254663.0,254665.0,0,active
254665.0,254666.0,0,idle
254666.0,254668.0,0,active
254668.0,254669.0,0,idle
254669.0,254671.0,0,active
254671.0,254672.0,0,idle
254672.0,254674.0,0,active
254674.0,254675.0,0,idle
254675.0,254677.0,0,active
254677.0,254678.0,0,idle
254678.0,254680.0,0,active
254680.0,254681.0,0,idle
254681.0,254683.0,0,active
254683.0,254684.0,0,idle
254684.0,254686.0,0,active
254686.0,254687.0,0,idle
254687.0,254689.0,0,active
254689.0,254690.0,0,idle
254690.0,254692.0,0,active
254692.0,254693.0,0,idle
254693.0,254695.0,0,active
254695.0,254696.0,0,idle
254696.0,254698.0,0,active
254698.0,254699.0,0,idle
254699.0,254701.0,0,active
254701.0,254702.0,0,idle
254702.0,254704.0,0,active
254704.0,254705.0,0,idle
254705.0,254707.0,0,active
254707.0,254708.0,0,idle
254708.0,254710.0,0,active
254710.0,254711.0,0,idle
254711.0,254713.0,0,active
254713.0,254714.0,0,idle
254714.0,254716.0,0,active
254716.0,254717.0,0,idle
254717.0,254719.0,0,active
254719.0,254720.0,0,idle
254720.0,254722.0,0,active
254722.0,254723.0,0,idle
254723.0,254725.0,0,active
254725.0,254726.0,0,idle
254726.0,254728.0,0,active
254728.0,254729.0,0,idle
254729.0,254731.0,0,active
254731.0,254732.0,0,idle
254732.0,254734.0,0,active
254734.0,254735.0,0,idle
254735.0,254737.0,0,active
254737.0,254738.0,0,idle
254738.0,254740.0,0,active
254740.0,254741.0,0,idle
254741.0,254743.0,0,active
254743.0,254744.0,0,idle
254744.0,254746.0,0,active
254746.0,254747.0,0,idle
254747.0,254749.0,0,active
254749.0,254750.0,0,idle
254750.0,254752.0,0,active
254752.0,254753.0,0,idle
254753.0,254755.0,0,active
254755.0,254756.0,0,idle
254756.0,254758.0,0,active
254758.0,254759.0,0,idle
254759.0,254761.0,0,active
254761.0,254762.0,0,idle
254762.0,254764.0,0,active
254764.0,254765.0,0,idle
254765.0,254767.0,0,active
254767.0,254768.0,0,idle
254768.0,254770.0,0,active
254770.0,254771.0,0,idle
254771.0,254773.0,0,active
254773.0,254774.0,0,idle
254774.0,254776.0,0,active
254776.0,254777.0,0,idle
254777.0,254779.0,0,active
254779.0,254780.0,0,idle
254780.0,254782.0,0,active
254782.0,254783.0,0,idle
254783.0,254785.0,0,active
254785.0,254786.0,0,idle
254786.0,254788.0,0,active
254788.0,254789.0,0,idle
254789.0,254791.0,0,active
254791.0,254792.0,0,idle
254792.0,254794.0,0,active
254794.0,254795.0,0,idle
254795.0,254797.0,0,active
254797.0,254798.0,0,idle
254798.0,254800.0,0,active
254800.0,254801.0,0,idle
254801.0,254803.0,0,active
254803.0,254804.0,0,idle
254804.0,254806.0,0,active
254806.0,254807.0,0,idle
254807.0,254809.0,0,active
254809.0,254810.0,0,idle
254810.0,254812.0,0,active
254812.0,254813.0,0,idle
254813.0,254815.0,0,active
254815.0,254816.0,0,idle
254816.0,254818.0,0,active
254818.0,254819.0,0,idle
254819.0,254821.0,0,active
254821.0,254822.0,0,idle
254822.0,254824.0,0,active
254824.0,254825.0,0,idle
254825.0,254827.0,0,active
254827.0,254828.0,0,idle
254828.0,254830.0,0,active
254830.0,254831.0,0,idle
254831.0,254833.0,0,active
254833.0,254834.0,0,idle
254834.0,254836.0,0,active
254836.0,254837.0,0,idle
254837.0,254839.0,0,active
254839.0,254840.0,0,idle
254840.0,254842.0,0,active
254842.0,254843.0,0,idle
254843.0,254845.0,0,active
254845.0,254846.0,0,idle
254846.0,254848.0,0,active
254848.0,254849.0,0,idle
254849.0,254851.0,0,active
254851.0,254852.0,0,idle
254852.0,254854.0,0,active
254854.0,254855.0,0,idle
254855.0,254857.0,0,active
254857.0,254858.0,0,idle
254858.0,254860.0,0,active
254860.0,254861.0,0,idle
254861.0,254863.0,0,active
254863.0,254864.0,0,idle
254864.0,254866.0,0,active
254866.0,254867.0,0,idle
254867.0,254869.0,0,active
254869.0,254870.0,0,idle
254870.0,254872.0,0,active
254872.0,254873.0,0,idle
254873.0,254875.0,0,active
254875.0,254876.0,0,idle
254876.0,254878.0,0,active
254878.0,254879.0,0,idle
254879.0,254881.0,0,active
254881.0,254882.0,0,idle
254882.0,254884.0,0,active
254884.0,254885.0,0,idle
254885.0,254887.0,0,active
254887.0,254888.0,0,idle
254888.0,254890.0,0,active
254890.0,254891.0,0,idle
254891.0,254893.0,0,active
254893.0,254894.0,0,idle
254894.0,254896.0,0,active
254896.0,254897.0,0,idle
254897.0,254899.0,0,active
254899.0,254900.0,0,idle
254900.0,254902.0,0,active
254902.0,254903.0,0,idle
254903.0,254905.0,0,active
254905.0,254906.0,0,idle
254906.0,254908.0,0,active
254908.0,254909.0,0,idle
254909.0,254911.0,0,active
254911.0,254912.0,0,idle
254912.0,254914.0,0,active
254914.0,254915.0,0,idle
254915.0,254917.0,0,active
254917.0,254918.0,0,idle
254918.0,254920.0,0,active
254920.0,254921.0,0,idle
254921.0,254923.0,0,active
254923.0,254924.0,0,idle
254924.0,254926.0,0,active
254926.0,254927.0,0,idle
254927.0,254929.0,0,active
254929.0,254930.0,0,idle
254930.0,254932.0,0,active
254932.0,254933.0,0,idle
254933.0,254935.0,0,active
254935.0,254936.0,0,idle
254936.0,254938.0,0,active
254938.0,254939.0,0,idle
254939.0,254941.0,0,active
254941.0,254942.0,0,idle
254942.0,254944.0,0,active
254944.0,254945.0,0,idle
254945.0,254947.0,0,active
254947.0,254948.0,0,idle
254948.0,254950.0,0,active
254950.0,254951.0,0,idle
254951.0,254953.0,0,active
254953.0,254954.0,0,idle
254954.0,254956.0,0,active
254956.0,254957.0,0,idle
254957.0,254959.0,0,active
254959.0,254960.0,0,idle
254960.0,254962.0,0,active
254962.0,254963.0,0,idle
254963.0,254965.0,0,active
254965.0,254966.0,0,idle
254966.0,254968.0,0,active
254968.0,254969.0,0,idle
254969.0,254971.0,0,active
254971.0,254972.0,0,idle
254972.0,254974.0,0,active
254974.0,254975.0,0,idle
254975.0,254977.0,0,active
254977.0,254978.0,0,idle
254978.0,254980.0,0,active
254980.0,254981.0,0,idle
254981.0,254983.0,0,active
254983.0,254984.0,0,idle
254984.0,254986.0,0,active
254986.0,254987.0,0,idle
254987.0,254989.0,0,active
254989.0,254990.0,0,idle
254990.0,254992.0,0,active
254992.0,254993.0,0,idle
254993.0,254995.0,0,active
254995.0,254996.0,0,idle
254996.0,254998.0,0,active
254998.0,254999.0,0,idle
254999.0,255001.0,0,active
255001.0,255002.0,0,idle
255002.0,255004.0,0,active
255004.0,255005.0,0,idle
255005.0,255007.0,0,active
255007.0,255008.0,0,idle
255008.0,255010.0,0,active
255010.0,255011.0,0,idle
255011.0,255013.0,0,active
255013.0,255014.0,0,idle
255014.0,255016.0,0,active
255016.0,255017.0,0,idle
255017.0,255019.0,0,active
255019.0,255020.0,0,idle
255020.0,255022.0,0,active
255022.0,255023.0,0,idle
255023.0,255025.0,0,active
255025.0,255026.0,0,idle
255026.0,255028.0,0,active
255028.0,255029.0,0,idle
255029.0,255031.0,0,active
255031.0,255032.0,0,idle
255032.0,255034.0,0,active
255034.0,255035.0,0,idle
255035.0,255037.0,0,active
255037.0,255038.0,0,idle
255038.0,255040.0,0,active
255040.0,255041.0,0,idle
255041.0,255043.0,0,active
255043.0,255044.0,0,idle
255044.0,255045.0,0,stall
255045.0,255046.0,0,active
255046.0,255047.0,0,stall
255047.0,255048.0,0,active
255048.0,255050.0,0,idle
255050.0,255051.0,0,active
255051.0,255052.0,0,stall
255052.0,255053.0,0,active
255053.0,257767.0,0,idle
257767.0,257768.0,0,active
257768.0,257769.0,0,stall
257769.0,257770.0,0,active
257770.0,257772.0,0,idle
257772.0,257773.0,0,active
257773.0,257774.0,0,stall
257774.0,257775.0,0,active
257775.0,273673.0,0,stall
273673.0,273674.0,0,idle
273674.0,273675.0,0,active
273675.0,273676.0,0,stall
273676.0,273677.0,0,active
273677.0,273678.0,0,idle
273678.0,274160.0,0,idle
