window_id,window_start_us,window_end_us,window_us,resident_us,resident_compute_us,idle_us,memory_attributed_us,non_resident_us,sit_timeline_value,sit_timeline_source
0,0.000000,256.000000,256.000000,256.000000,0.000000,256.000000,0.000000,0.000000,0.000000000,Source metric: sit_no_work_window_active
1,256.000000,512.000000,256.000000,256.000000,0.000000,256.000000,0.000000,0.000000,0.000000000,Source metric: sit_no_work_window_active
2,512.000000,768.000000,256.000000,256.000000,0.000000,256.000000,0.000000,0.000000,0.000000000,Source metric: sit_no_work_window_active
3,768.000000,1024.000000,256.000000,256.000000,0.000000,256.000000,0.000000,0.000000,0.000000000,Source metric: sit_no_work_window_active
4,1024.000000,1280.000000,256.000000,256.000000,0.000000,256.000000,0.000000,0.000000,0.000000000,Source metric: sit_no_work_window_active
5,1280.000000,1536.000000,256.000000,256.000000,0.000000,256.000000,0.000000,0.000000,0.000000000,Source metric: sit_no_work_window_active
6,1536.000000,1792.000000,256.000000,256.000000,0.000000,256.000000,0.000000,0.000000,0.000000000,Source metric: sit_no_work_window_active
7,1792.000000,2048.000000,256.000000,256.000000,0.000000,256.000000,0.000000,0.000000,0.000000000,Source metric: sit_no_work_window_active
8,2048.000000,2304.000000,256.000000,256.000000,0.000000,256.000000,0.000000,0.000000,0.000000000,Source metric: sit_no_work_window_active
9,2304.000000,2560.000000,256.000000,256.000000,0.000000,256.000000,0.000000,0.000000,0.000000000,Source metric: sit_no_work_window_active
10,2560.000000,2816.000000,256.000000,256.000000,0.000000,256.000000,0.000000,0.000000,0.000000000,Source metric: sit_no_work_window_active
11,2816.000000,3072.000000,256.000000,256.000000,0.000000,256.000000,0.000000,0.000000,0.000000000,Source metric: sit_no_work_window_active
12,3072.000000,3328.000000,256.000000,256.000000,0.000000,256.000000,0.000000,0.000000,0.000000000,Source metric: sit_no_work_window_active
13,3328.000000,3584.000000,256.000000,256.000000,0.000000,256.000000,0.000000,0.000000,0.000000000,Source metric: sit_no_work_window_active
14,3584.000000,3840.000000,256.000000,256.000000,0.000000,256.000000,0.000000,0.000000,0.000000000,Source metric: sit_no_work_window_active
15,3840.000000,4096.000000,256.000000,256.000000,0.000000,256.000000,0.000000,0.000000,0.000000000,Source metric: sit_no_work_window_active
16,4096.000000,4352.000000,256.000000,256.000000,0.000000,256.000000,0.000000,0.000000,0.000000000,Source metric: sit_no_work_window_active
17,4352.000000,4608.000000,256.000000,256.000000,0.000000,256.000000,0.000000,0.000000,0.000000000,Source metric: sit_no_work_window_active
18,4608.000000,4864.000000,256.000000,256.000000,0.000000,256.000000,0.000000,0.000000,0.000000000,Source metric: sit_no_work_window_active
19,4864.000000,5120.000000,256.000000,256.000000,0.000000,256.000000,0.000000,0.000000,0.000000000,Source metric: sit_no_work_window_active
20,5120.000000,5376.000000,256.000000,256.000000,0.000000,256.000000,0.000000,0.000000,0.000000000,Source metric: sit_no_work_window_active
21,5376.000000,5632.000000,256.000000,256.000000,0.000000,256.000000,0.000000,0.000000,0.000000000,Source metric: sit_no_work_window_active
22,5632.000000,5888.000000,256.000000,256.000000,0.000000,256.000000,0.000000,0.000000,0.000000000,Source metric: sit_no_work_window_active
23,5888.000000,6144.000000,256.000000,256.000000,0.000000,256.000000,0.000000,0.000000,0.000000000,Source metric: sit_no_work_window_active
24,6144.000000,6400.000000,256.000000,256.000000,0.000000,256.000000,0.000000,0.000000,0.000000000,Source metric: sit_no_work_window_active
25,6400.000000,6656.000000,256.000000,256.000000,0.000000,256.000000,0.000000,0.000000,0.000000000,Source metric: sit_no_work_window_active
26,6656.000000,6912.000000,256.000000,256.000000,0.000000,256.000000,0.000000,0.000000,0.000000000,Source metric: sit_no_work_window_active
27,6912.000000,7168.000000,256.000000,256.000000,0.000000,256.000000,0.000000,0.000000,0.000000000,Source metric: sit_no_work_window_active
28,7168.000000,7424.000000,256.000000,256.000000,0.000000,256.000000,0.000000,0.000000,0.000000000,Source metric: sit_no_work_window_active
29,7424.000000,7680.000000,256.000000,256.000000,0.000000,256.000000,0.000000,0.000000,0.000000000,Source metric: sit_no_work_window_active
30,7680.000000,7936.000000,256.000000,256.000000,0.000000,256.000000,0.000000,0.000000,0.000000000,Source metric: sit_no_work_window_active
31,7936.000000,8192.000000,256.000000,256.000000,0.000000,256.000000,0.000000,0.000000,0.000000000,Source metric: sit_no_work_window_active
32,8192.000000,8448.000000,256.000000,256.000000,0.000000,256.000000,0.000000,0.000000,0.000000000,Source metric: sit_no_work_window_active
33,8448.000000,8704.000000,256.000000,256.000000,0.000000,256.000000,0.000000,0.000000,0.000000000,Source metric: sit_no_work_window_active
34,8704.000000,8960.000000,256.000000,256.000000,0.000000,256.000000,0.000000,0.000000,0.000000000,Source metric: sit_no_work_window_active
35,8960.000000,9216.000000,256.000000,256.000000,0.000000,256.000000,0.000000,0.000000,0.000000000,Source metric: sit_no_work_window_active
36,9216.000000,9472.000000,256.000000,256.000000,0.000000,256.000000,0.000000,0.000000,0.000000000,Source metric: sit_no_work_window_active
37,9472.000000,9728.000000,256.000000,256.000000,0.000000,256.000000,0.000000,0.000000,0.000000000,Source metric: sit_no_work_window_active
38,9728.000000,9984.000000,256.000000,256.000000,0.000000,256.000000,0.000000,0.000000,0.000000000,Source metric: sit_no_work_window_active
39,9984.000000,10240.000000,256.000000,256.000000,0.000000,256.000000,0.000000,0.000000,0.000000000,Source metric: sit_no_work_window_active
40,10240.000000,10496.000000,256.000000,256.000000,0.000000,256.000000,0.000000,0.000000,0.000000000,Source metric: sit_no_work_window_active
41,10496.000000,10752.000000,256.000000,256.000000,0.000000,256.000000,0.000000,0.000000,0.000000000,Source metric: sit_no_work_window_active
42,10752.000000,11008.000000,256.000000,256.000000,0.000000,256.000000,0.000000,0.000000,0.000000000,Source metric: sit_no_work_window_active
43,11008.000000,11264.000000,256.000000,256.000000,0.000000,256.000000,0.000000,0.000000,0.000000000,Source metric: sit_no_work_window_active
44,11264.000000,11520.000000,256.000000,256.000000,0.000000,256.000000,0.000000,0.000000,0.000000000,Source metric: sit_no_work_window_active
45,11520.000000,11776.000000,256.000000,256.000000,0.000000,256.000000,0.000000,0.000000,0.000000000,Source metric: sit_no_work_window_active
46,11776.000000,12032.000000,256.000000,256.000000,0.000000,256.000000,0.000000,0.000000,0.000000000,Source metric: sit_no_work_window_active
47,12032.000000,12288.000000,256.000000,256.000000,0.000000,256.000000,0.000000,0.000000,0.000000000,Source metric: sit_no_work_window_active
48,12288.000000,12544.000000,256.000000,256.000000,0.000000,256.000000,0.000000,0.000000,0.000000000,Source metric: sit_no_work_window_active
49,12544.000000,12800.000000,256.000000,256.000000,0.000000,256.000000,0.000000,0.000000,0.000000000,Source metric: sit_no_work_window_active
50,12800.000000,13056.000000,256.000000,256.000000,0.000000,256.000000,0.000000,0.000000,0.000000000,Source metric: sit_no_work_window_active
51,13056.000000,13312.000000,256.000000,256.000000,0.000000,256.000000,0.000000,0.000000,0.000000000,Source metric: sit_no_work_window_active
52,13312.000000,13568.000000,256.000000,256.000000,0.000000,256.000000,0.000000,0.000000,0.000000000,Source metric: sit_no_work_window_active
53,13568.000000,13824.000000,256.000000,256.000000,0.000000,256.000000,0.000000,0.000000,0.000000000,Source metric: sit_no_work_window_active
54,13824.000000,14080.000000,256.000000,256.000000,0.000000,256.000000,0.000000,0.000000,0.000000000,Source metric: sit_no_work_window_active
55,14080.000000,14336.000000,256.000000,256.000000,0.000000,256.000000,0.000000,0.000000,0.000000000,Source metric: sit_no_work_window_active
56,14336.000000,14592.000000,256.000000,256.000000,0.000000,256.000000,0.000000,0.000000,0.000000000,Source metric: sit_no_work_window_active
57,14592.000000,14848.000000,256.000000,256.000000,0.000000,256.000000,0.000000,0.000000,0.000000000,Source metric: sit_no_work_window_active
58,14848.000000,15104.000000,256.000000,256.000000,0.000000,256.000000,0.000000,0.000000,0.000000000,Source metric: sit_no_work_window_active
59,15104.000000,15360.000000,256.000000,256.000000,0.000000,256.000000,0.000000,0.000000,0.000000000,Source metric: sit_no_work_window_active
60,15360.000000,15616.000000,256.000000,256.000000,0.000000,256.000000,0.000000,0.000000,0.000000000,Source metric: sit_no_work_window_active
61,15616.000000,15872.000000,256.000000,256.000000,0.000000,256.000000,0.000000,0.000000,0.000000000,Source metric: sit_no_work_window_active
62,15872.000000,16128.000000,256.000000,256.000000,0.000000,256.000000,0.000000,0.000000,0.000000000,Source metric: sit_no_work_window_active
63,16128.000000,16384.000000,256.000000,256.000000,0.000000,256.000000,0.000000,0.000000,0.000000000,Source metric: sit_no_work_window_active
64,16384.000000,16640.000000,256.000000,256.000000,0.000000,256.000000,0.000000,0.000000,0.000000000,Source metric: sit_no_work_window_active
65,16640.000000,16896.000000,256.000000,256.000000,0.000000,256.000000,0.000000,0.000000,0.000000000,Source metric: sit_no_work_window_active
66,16896.000000,17152.000000,256.000000,256.000000,0.000000,256.000000,0.000000,0.000000,0.000000000,Source metric: sit_no_work_window_active
67,17152.000000,17408.000000,256.000000,256.000000,0.000000,256.000000,0.000000,0.000000,0.000000000,Source metric: sit_no_work_window_active
68,17408.000000,17664.000000,256.000000,256.000000,0.000000,256.000000,0.000000,0.000000,0.000000000,Source metric: sit_no_work_window_active
69,17664.000000,17920.000000,256.000000,256.000000,0.000000,256.000000,0.000000,0.000000,0.000000000,Source metric: sit_no_work_window_active
70,17920.000000,18176.000000,256.000000,256.000000,0.000000,256.000000,0.000000,0.000000,0.000000000,Source metric: sit_no_work_window_active
71,18176.000000,18432.000000,256.000000,256.000000,0.000000,256.000000,0.000000,0.000000,0.000000000,Source metric: sit_no_work_window_active
72,18432.000000,18688.000000,256.000000,256.000000,0.000000,256.000000,0.000000,0.000000,0.000000000,Source metric: sit_no_work_window_active
73,18688.000000,18944.000000,256.000000,256.000000,0.000000,256.000000,0.000000,0.000000,0.000000000,Source metric: sit_no_work_window_active
74,18944.000000,19200.000000,256.000000,256.000000,0.000000,256.000000,0.000000,0.000000,0.000000000,Source metric: sit_no_work_window_active
75,19200.000000,19456.000000,256.000000,256.000000,0.000000,256.000000,0.000000,0.000000,0.000000000,Source metric: sit_no_work_window_active
76,19456.000000,19712.000000,256.000000,256.000000,0.000000,256.000000,0.000000,0.000000,0.000000000,Source metric: sit_no_work_window_active
77,19712.000000,19968.000000,256.000000,256.000000,0.000000,256.000000,0.000000,0.000000,0.000000000,Source metric: sit_no_work_window_active
78,19968.000000,20224.000000,256.000000,256.000000,0.000000,256.000000,0.000000,0.000000,0.000000000,Source metric: sit_no_work_window_active
79,20224.000000,20480.000000,256.000000,256.000000,0.000000,256.000000,0.000000,0.000000,0.000000000,Source metric: sit_no_work_window_active
80,20480.000000,20736.000000,256.000000,256.000000,0.000000,256.000000,0.000000,0.000000,0.000000000,Source metric: sit_no_work_window_active
81,20736.000000,20992.000000,256.000000,256.000000,0.000000,256.000000,0.000000,0.000000,0.000000000,Source metric: sit_no_work_window_active
82,20992.000000,21248.000000,256.000000,256.000000,0.000000,256.000000,0.000000,0.000000,0.000000000,Source metric: sit_no_work_window_active
83,21248.000000,21504.000000,256.000000,256.000000,0.000000,256.000000,0.000000,0.000000,0.000000000,Source metric: sit_no_work_window_active
84,21504.000000,21760.000000,256.000000,256.000000,0.000000,256.000000,0.000000,0.000000,0.000000000,Source metric: sit_no_work_window_active
85,21760.000000,22016.000000,256.000000,256.000000,0.000000,256.000000,0.000000,0.000000,0.000000000,Source metric: sit_no_work_window_active
86,22016.000000,22272.000000,256.000000,256.000000,0.000000,256.000000,0.000000,0.000000,0.000000000,Source metric: sit_no_work_window_active
87,22272.000000,22528.000000,256.000000,256.000000,0.000000,256.000000,0.000000,0.000000,0.000000000,Source metric: sit_no_work_window_active
88,22528.000000,22784.000000,256.000000,256.000000,0.000000,256.000000,0.000000,0.000000,0.000000000,Source metric: sit_no_work_window_active
89,22784.000000,23040.000000,256.000000,256.000000,0.000000,256.000000,0.000000,0.000000,0.000000000,Source metric: sit_no_work_window_active
90,23040.000000,23296.000000,256.000000,256.000000,0.000000,256.000000,0.000000,0.000000,0.000000000,Source metric: sit_no_work_window_active
91,23296.000000,23552.000000,256.000000,256.000000,0.000000,256.000000,0.000000,0.000000,0.000000000,Source metric: sit_no_work_window_active
92,23552.000000,23808.000000,256.000000,256.000000,0.000000,256.000000,0.000000,0.000000,0.000000000,Source metric: sit_no_work_window_active
93,23808.000000,24064.000000,256.000000,256.000000,0.000000,256.000000,0.000000,0.000000,0.000000000,Source metric: sit_no_work_window_active
94,24064.000000,24320.000000,256.000000,256.000000,0.000000,256.000000,0.000000,0.000000,0.000000000,Source metric: sit_no_work_window_active
95,24320.000000,24576.000000,256.000000,256.000000,0.000000,256.000000,0.000000,0.000000,0.000000000,Source metric: sit_no_work_window_active
96,24576.000000,24832.000000,256.000000,256.000000,0.000000,256.000000,0.000000,0.000000,0.000000000,Source metric: sit_no_work_window_active
97,24832.000000,25088.000000,256.000000,256.000000,0.000000,256.000000,0.000000,0.000000,0.000000000,Source metric: sit_no_work_window_active
98,25088.000000,25344.000000,256.000000,256.000000,0.000000,256.000000,0.000000,0.000000,0.000000000,Source metric: sit_no_work_window_active
99,25344.000000,25600.000000,256.000000,256.000000,0.000000,256.000000,0.000000,0.000000,0.000000000,Source metric: sit_no_work_window_active
100,25600.000000,25856.000000,256.000000,256.000000,0.000000,256.000000,0.000000,0.000000,0.000000000,Source metric: sit_no_work_window_active
101,25856.000000,26112.000000,256.000000,256.000000,0.000000,256.000000,0.000000,0.000000,0.000000000,Source metric: sit_no_work_window_active
102,26112.000000,26368.000000,256.000000,256.000000,0.000000,256.000000,0.000000,0.000000,0.000000000,Source metric: sit_no_work_window_active
103,26368.000000,26624.000000,256.000000,256.000000,0.000000,256.000000,0.000000,0.000000,0.000000000,Source metric: sit_no_work_window_active
104,26624.000000,26880.000000,256.000000,256.000000,0.000000,256.000000,0.000000,0.000000,0.000000000,Source metric: sit_no_work_window_active
105,26880.000000,27136.000000,256.000000,256.000000,0.000000,256.000000,0.000000,0.000000,0.000000000,Source metric: sit_no_work_window_active
106,27136.000000,27392.000000,256.000000,256.000000,0.000000,256.000000,0.000000,0.000000,0.000000000,Source metric: sit_no_work_window_active
107,27392.000000,27648.000000,256.000000,256.000000,0.000000,256.000000,0.000000,0.000000,0.000000000,Source metric: sit_no_work_window_active
108,27648.000000,27904.000000,256.000000,256.000000,0.000000,256.000000,0.000000,0.000000,0.000000000,Source metric: sit_no_work_window_active
109,27904.000000,28160.000000,256.000000,256.000000,0.000000,256.000000,0.000000,0.000000,0.000000000,Source metric: sit_no_work_window_active
110,28160.000000,28416.000000,256.000000,256.000000,0.000000,256.000000,0.000000,0.000000,0.000000000,Source metric: sit_no_work_window_active
111,28416.000000,28672.000000,256.000000,256.000000,0.000000,256.000000,0.000000,0.000000,0.000000000,Source metric: sit_no_work_window_active
112,28672.000000,28928.000000,256.000000,256.000000,0.000000,256.000000,0.000000,0.000000,0.000000000,Source metric: sit_no_work_window_active
113,28928.000000,29184.000000,256.000000,256.000000,0.000000,256.000000,0.000000,0.000000,0.000000000,Source metric: sit_no_work_window_active
114,29184.000000,29440.000000,256.000000,256.000000,0.000000,256.000000,0.000000,0.000000,0.000000000,Source metric: sit_no_work_window_active
115,29440.000000,29696.000000,256.000000,256.000000,0.000000,256.000000,0.000000,0.000000,0.000000000,Source metric: sit_no_work_window_active
116,29696.000000,29952.000000,256.000000,256.000000,0.000000,256.000000,0.000000,0.000000,0.000000000,Source metric: sit_no_work_window_active
117,29952.000000,30208.000000,256.000000,256.000000,0.000000,256.000000,0.000000,0.000000,0.000000000,Source metric: sit_no_work_window_active
118,30208.000000,30464.000000,256.000000,256.000000,0.000000,256.000000,0.000000,0.000000,0.000000000,Source metric: sit_no_work_window_active
119,30464.000000,30720.000000,256.000000,256.000000,0.000000,256.000000,0.000000,0.000000,0.000000000,Source metric: sit_no_work_window_active
120,30720.000000,30976.000000,256.000000,256.000000,0.000000,256.000000,0.000000,0.000000,0.000000000,Source metric: sit_no_work_window_active
121,30976.000000,31232.000000,256.000000,256.000000,0.000000,256.000000,0.000000,0.000000,0.000000000,Source metric: sit_no_work_window_active
122,31232.000000,31488.000000,256.000000,256.000000,0.000000,256.000000,0.000000,0.000000,0.000000000,Source metric: sit_no_work_window_active
123,31488.000000,31744.000000,256.000000,256.000000,0.000000,256.000000,0.000000,0.000000,0.000000000,Source metric: sit_no_work_window_active
124,31744.000000,32000.000000,256.000000,256.000000,0.000000,256.000000,0.000000,0.000000,0.000000000,Source metric: sit_no_work_window_active
125,32000.000000,32256.000000,256.000000,256.000000,0.000000,256.000000,0.000000,0.000000,0.000000000,Source metric: sit_no_work_window_active
126,32256.000000,32512.000000,256.000000,256.000000,0.000000,256.000000,0.000000,0.000000,0.000000000,Source metric: sit_no_work_window_active
127,32512.000000,32768.000000,256.000000,256.000000,0.000000,256.000000,0.000000,0.000000,0.000000000,Source metric: sit_no_work_window_active
128,32768.000000,33024.000000,256.000000,256.000000,0.000000,256.000000,0.000000,0.000000,0.000000000,Source metric: sit_no_work_window_active
129,33024.000000,33280.000000,256.000000,256.000000,0.000000,256.000000,0.000000,0.000000,0.000000000,Source metric: sit_no_work_window_active
130,33280.000000,33536.000000,256.000000,256.000000,0.000000,256.000000,0.000000,0.000000,0.000000000,Source metric: sit_no_work_window_active
131,33536.000000,33792.000000,256.000000,256.000000,0.000000,256.000000,0.000000,0.000000,0.000000000,Source metric: sit_no_work_window_active
132,33792.000000,34048.000000,256.000000,256.000000,0.000000,256.000000,0.000000,0.000000,0.000000000,Source metric: sit_no_work_window_active
133,34048.000000,34304.000000,256.000000,256.000000,0.000000,256.000000,0.000000,0.000000,0.000000000,Source metric: sit_no_work_window_active
134,34304.000000,34560.000000,256.000000,256.000000,0.000000,256.000000,0.000000,0.000000,0.000000000,Source metric: sit_no_work_window_active
135,34560.000000,34816.000000,256.000000,256.000000,0.000000,256.000000,0.000000,0.000000,0.000000000,Source metric: sit_no_work_window_active
136,34816.000000,35072.000000,256.000000,256.000000,0.000000,256.000000,0.000000,0.000000,0.000000000,Source metric: sit_no_work_window_active
137,35072.000000,35328.000000,256.000000,256.000000,0.000000,256.000000,0.000000,0.000000,0.000000000,Source metric: sit_no_work_window_active
138,35328.000000,35584.000000,256.000000,256.000000,0.000000,256.000000,0.000000,0.000000,0.000000000,Source metric: sit_no_work_window_active
139,35584.000000,35840.000000,256.000000,256.000000,0.000000,256.000000,0.000000,0.000000,0.000000000,Source metric: sit_no_work_window_active
140,35840.000000,36096.000000,256.000000,256.000000,0.000000,256.000000,0.000000,0.000000,0.000000000,Source metric: sit_no_work_window_active
141,36096.000000,36352.000000,256.000000,256.000000,0.000000,256.000000,0.000000,0.000000,0.000000000,Source metric: sit_no_work_window_active
142,36352.000000,36608.000000,256.000000,256.000000,0.000000,256.000000,0.000000,0.000000,0.000000000,Source metric: sit_no_work_window_active
143,36608.000000,36864.000000,256.000000,256.000000,0.000000,256.000000,0.000000,0.000000,0.000000000,Source metric: sit_no_work_window_active
144,36864.000000,37120.000000,256.000000,256.000000,0.000000,256.000000,0.000000,0.000000,0.000000000,Source metric: sit_no_work_window_active
145,37120.000000,37376.000000,256.000000,256.000000,0.000000,256.000000,0.000000,0.000000,0.000000000,Source metric: sit_no_work_window_active
146,37376.000000,37632.000000,256.000000,256.000000,0.000000,256.000000,0.000000,0.000000,0.000000000,Source metric: sit_no_work_window_active
147,37632.000000,37888.000000,256.000000,256.000000,0.000000,256.000000,0.000000,0.000000,0.000000000,Source metric: sit_no_work_window_active
148,37888.000000,38144.000000,256.000000,256.000000,0.000000,256.000000,0.000000,0.000000,0.000000000,Source metric: sit_no_work_window_active
149,38144.000000,38400.000000,256.000000,256.000000,0.000000,256.000000,0.000000,0.000000,0.000000000,Source metric: sit_no_work_window_active
150,38400.000000,38656.000000,256.000000,256.000000,0.000000,256.000000,0.000000,0.000000,0.000000000,Source metric: sit_no_work_window_active
151,38656.000000,38912.000000,256.000000,256.000000,0.000000,256.000000,0.000000,0.000000,0.000000000,Source metric: sit_no_work_window_active
152,38912.000000,39168.000000,256.000000,256.000000,0.000000,256.000000,0.000000,0.000000,0.000000000,Source metric: sit_no_work_window_active
153,39168.000000,39424.000000,256.000000,256.000000,0.000000,256.000000,0.000000,0.000000,0.000000000,Source metric: sit_no_work_window_active
154,39424.000000,39680.000000,256.000000,256.000000,0.000000,256.000000,0.000000,0.000000,0.000000000,Source metric: sit_no_work_window_active
155,39680.000000,39936.000000,256.000000,256.000000,0.000000,256.000000,0.000000,0.000000,0.000000000,Source metric: sit_no_work_window_active
156,39936.000000,40192.000000,256.000000,256.000000,0.000000,256.000000,0.000000,0.000000,0.000000000,Source metric: sit_no_work_window_active
157,40192.000000,40448.000000,256.000000,256.000000,0.000000,256.000000,0.000000,0.000000,0.000000000,Source metric: sit_no_work_window_active
158,40448.000000,40704.000000,256.000000,256.000000,0.000000,256.000000,0.000000,0.000000,0.000000000,Source metric: sit_no_work_window_active
159,40704.000000,40960.000000,256.000000,256.000000,0.000000,256.000000,0.000000,0.000000,0.000000000,Source metric: sit_no_work_window_active
160,40960.000000,41216.000000,256.000000,256.000000,0.000000,256.000000,0.000000,0.000000,0.000000000,Source metric: sit_no_work_window_active
161,41216.000000,41472.000000,256.000000,256.000000,0.000000,256.000000,0.000000,0.000000,0.000000000,Source metric: sit_no_work_window_active
162,41472.000000,41728.000000,256.000000,256.000000,0.000000,256.000000,0.000000,0.000000,0.000000000,Source metric: sit_no_work_window_active
163,41728.000000,41984.000000,256.000000,256.000000,0.000000,256.000000,0.000000,0.000000,0.000000000,Source metric: sit_no_work_window_active
164,41984.000000,42240.000000,256.000000,256.000000,0.000000,256.000000,0.000000,0.000000,0.000000000,Source metric: sit_no_work_window_active
165,42240.000000,42496.000000,256.000000,256.000000,0.000000,256.000000,0.000000,0.000000,0.000000000,Source metric: sit_no_work_window_active
166,42496.000000,42752.000000,256.000000,256.000000,0.000000,256.000000,0.000000,0.000000,0.000000000,Source metric: sit_no_work_window_active
167,42752.000000,43008.000000,256.000000,256.000000,0.000000,256.000000,0.000000,0.000000,0.000000000,Source metric: sit_no_work_window_active
168,43008.000000,43264.000000,256.000000,256.000000,0.000000,256.000000,0.000000,0.000000,0.000000000,Source metric: sit_no_work_window_active
169,43264.000000,43520.000000,256.000000,256.000000,0.000000,256.000000,0.000000,0.000000,0.000000000,Source metric: sit_no_work_window_active
170,43520.000000,43776.000000,256.000000,256.000000,0.000000,256.000000,0.000000,0.000000,0.000000000,Source metric: sit_no_work_window_active
171,43776.000000,44032.000000,256.000000,256.000000,0.000000,256.000000,0.000000,0.000000,0.000000000,Source metric: sit_no_work_window_active
172,44032.000000,44288.000000,256.000000,256.000000,0.000000,256.000000,0.000000,0.000000,0.000000000,Source metric: sit_no_work_window_active
173,44288.000000,44544.000000,256.000000,256.000000,0.000000,256.000000,0.000000,0.000000,0.000000000,Source metric: sit_no_work_window_active
174,44544.000000,44800.000000,256.000000,256.000000,0.000000,256.000000,0.000000,0.000000,0.000000000,Source metric: sit_no_work_window_active
175,44800.000000,45056.000000,256.000000,256.000000,0.000000,256.000000,0.000000,0.000000,0.000000000,Source metric: sit_no_work_window_active
176,45056.000000,45312.000000,256.000000,256.000000,0.000000,256.000000,0.000000,0.000000,0.000000000,Source metric: sit_no_work_window_active
177,45312.000000,45568.000000,256.000000,256.000000,0.000000,256.000000,0.000000,0.000000,0.000000000,Source metric: sit_no_work_window_active
178,45568.000000,45824.000000,256.000000,256.000000,0.000000,256.000000,0.000000,0.000000,0.000000000,Source metric: sit_no_work_window_active
179,45824.000000,46080.000000,256.000000,256.000000,0.000000,256.000000,0.000000,0.000000,0.000000000,Source metric: sit_no_work_window_active
180,46080.000000,46336.000000,256.000000,256.000000,0.000000,256.000000,0.000000,0.000000,0.000000000,Source metric: sit_no_work_window_active
181,46336.000000,46592.000000,256.000000,256.000000,0.000000,256.000000,0.000000,0.000000,0.000000000,Source metric: sit_no_work_window_active
182,46592.000000,46848.000000,256.000000,256.000000,0.000000,256.000000,0.000000,0.000000,0.000000000,Source metric: sit_no_work_window_active
183,46848.000000,47104.000000,256.000000,256.000000,0.000000,256.000000,0.000000,0.000000,0.000000000,Source metric: sit_no_work_window_active
184,47104.000000,47360.000000,256.000000,256.000000,0.000000,256.000000,0.000000,0.000000,0.000000000,Source metric: sit_no_work_window_active
185,47360.000000,47616.000000,256.000000,256.000000,0.000000,256.000000,0.000000,0.000000,0.000000000,Source metric: sit_no_work_window_active
186,47616.000000,47872.000000,256.000000,256.000000,0.000000,256.000000,0.000000,0.000000,0.000000000,Source metric: sit_no_work_window_active
187,47872.000000,48128.000000,256.000000,256.000000,0.000000,256.000000,0.000000,0.000000,0.000000000,Source metric: sit_no_work_window_active
188,48128.000000,48384.000000,256.000000,256.000000,0.000000,256.000000,0.000000,0.000000,0.000000000,Source metric: sit_no_work_window_active
189,48384.000000,48640.000000,256.000000,256.000000,0.000000,256.000000,0.000000,0.000000,0.000000000,Source metric: sit_no_work_window_active
190,48640.000000,48896.000000,256.000000,256.000000,0.000000,256.000000,0.000000,0.000000,0.000000000,Source metric: sit_no_work_window_active
191,48896.000000,49152.000000,256.000000,256.000000,0.000000,256.000000,0.000000,0.000000,0.000000000,Source metric: sit_no_work_window_active
192,49152.000000,49408.000000,256.000000,256.000000,0.000000,256.000000,0.000000,0.000000,0.000000000,Source metric: sit_no_work_window_active
193,49408.000000,49664.000000,256.000000,256.000000,0.000000,256.000000,0.000000,0.000000,0.000000000,Source metric: sit_no_work_window_active
194,49664.000000,49920.000000,256.000000,256.000000,0.000000,256.000000,0.000000,0.000000,0.000000000,Source metric: sit_no_work_window_active
195,49920.000000,50176.000000,256.000000,256.000000,0.000000,256.000000,0.000000,0.000000,0.000000000,Source metric: sit_no_work_window_active
196,50176.000000,50432.000000,256.000000,256.000000,0.000000,256.000000,0.000000,0.000000,0.000000000,Source metric: sit_no_work_window_active
197,50432.000000,50688.000000,256.000000,256.000000,0.000000,256.000000,0.000000,0.000000,0.000000000,Source metric: sit_no_work_window_active
198,50688.000000,50944.000000,256.000000,256.000000,0.000000,256.000000,0.000000,0.000000,0.000000000,Source metric: sit_no_work_window_active
199,50944.000000,51200.000000,256.000000,256.000000,0.000000,256.000000,0.000000,0.000000,0.000000000,Source metric: sit_no_work_window_active
200,51200.000000,51456.000000,256.000000,256.000000,0.000000,256.000000,0.000000,0.000000,0.000000000,Source metric: sit_no_work_window_active
201,51456.000000,51712.000000,256.000000,256.000000,0.000000,256.000000,0.000000,0.000000,0.000000000,Source metric: sit_no_work_window_active
202,51712.000000,51968.000000,256.000000,256.000000,0.000000,256.000000,0.000000,0.000000,0.000000000,Source metric: sit_no_work_window_active
203,51968.000000,52224.000000,256.000000,256.000000,0.000000,256.000000,0.000000,0.000000,0.000000000,Source metric: sit_no_work_window_active
204,52224.000000,52480.000000,256.000000,256.000000,0.000000,256.000000,0.000000,0.000000,0.000000000,Source metric: sit_no_work_window_active
205,52480.000000,52736.000000,256.000000,256.000000,0.000000,256.000000,0.000000,0.000000,0.000000000,Source metric: sit_no_work_window_active
206,52736.000000,52992.000000,256.000000,256.000000,0.000000,256.000000,0.000000,0.000000,0.000000000,Source metric: sit_no_work_window_active
207,52992.000000,53248.000000,256.000000,256.000000,0.000000,256.000000,0.000000,0.000000,0.000000000,Source metric: sit_no_work_window_active
208,53248.000000,53504.000000,256.000000,256.000000,0.000000,256.000000,0.000000,0.000000,0.000000000,Source metric: sit_no_work_window_active
209,53504.000000,53760.000000,256.000000,256.000000,0.000000,256.000000,0.000000,0.000000,0.000000000,Source metric: sit_no_work_window_active
210,53760.000000,54016.000000,256.000000,256.000000,0.000000,256.000000,0.000000,0.000000,0.000000000,Source metric: sit_no_work_window_active
211,54016.000000,54272.000000,256.000000,256.000000,0.000000,256.000000,0.000000,0.000000,0.000000000,Source metric: sit_no_work_window_active
212,54272.000000,54528.000000,256.000000,256.000000,0.000000,256.000000,0.000000,0.000000,0.000000000,Source metric: sit_no_work_window_active
213,54528.000000,54784.000000,256.000000,256.000000,0.000000,256.000000,0.000000,0.000000,0.000000000,Source metric: sit_no_work_window_active
214,54784.000000,55040.000000,256.000000,256.000000,0.000000,256.000000,0.000000,0.000000,0.000000000,Source metric: sit_no_work_window_active
215,55040.000000,55296.000000,256.000000,256.000000,0.000000,256.000000,0.000000,0.000000,0.000000000,Source metric: sit_no_work_window_active
216,55296.000000,55552.000000,256.000000,256.000000,0.000000,256.000000,0.000000,0.000000,0.000000000,Source metric: sit_no_work_window_active
217,55552.000000,55808.000000,256.000000,256.000000,0.000000,256.000000,0.000000,0.000000,0.000000000,Source metric: sit_no_work_window_active
218,55808.000000,56064.000000,256.000000,256.000000,0.000000,256.000000,0.000000,0.000000,0.000000000,Source metric: sit_no_work_window_active
219,56064.000000,56320.000000,256.000000,256.000000,0.000000,256.000000,0.000000,0.000000,0.000000000,Source metric: sit_no_work_window_active
220,56320.000000,56576.000000,256.000000,256.000000,0.000000,256.000000,0.000000,0.000000,0.000000000,Source metric: sit_no_work_window_active
221,56576.000000,56832.000000,256.000000,256.000000,0.000000,256.000000,0.000000,0.000000,0.000000000,Source metric: sit_no_work_window_active
222,56832.000000,57088.000000,256.000000,256.000000,0.000000,256.000000,0.000000,0.000000,0.000000000,Source metric: sit_no_work_window_active
223,57088.000000,57344.000000,256.000000,256.000000,0.000000,256.000000,0.000000,0.000000,0.000000000,Source metric: sit_no_work_window_active
224,57344.000000,57600.000000,256.000000,256.000000,0.000000,256.000000,0.000000,0.000000,0.000000000,Source metric: sit_no_work_window_active
225,57600.000000,57856.000000,256.000000,256.000000,0.000000,256.000000,0.000000,0.000000,0.000000000,Source metric: sit_no_work_window_active
226,57856.000000,58112.000000,256.000000,256.000000,0.000000,256.000000,0.000000,0.000000,0.000000000,Source metric: sit_no_work_window_active
227,58112.000000,58368.000000,256.000000,256.000000,0.000000,256.000000,0.000000,0.000000,0.000000000,Source metric: sit_no_work_window_active
228,58368.000000,58624.000000,256.000000,256.000000,0.000000,256.000000,0.000000,0.000000,0.000000000,Source metric: sit_no_work_window_active
229,58624.000000,58880.000000,256.000000,256.000000,0.000000,256.000000,0.000000,0.000000,0.000000000,Source metric: sit_no_work_window_active
230,58880.000000,59136.000000,256.000000,256.000000,0.000000,256.000000,0.000000,0.000000,0.000000000,Source metric: sit_no_work_window_active
231,59136.000000,59392.000000,256.000000,256.000000,0.000000,256.000000,0.000000,0.000000,0.000000000,Source metric: sit_no_work_window_active
232,59392.000000,59648.000000,256.000000,256.000000,0.000000,256.000000,0.000000,0.000000,0.000000000,Source metric: sit_no_work_window_active
233,59648.000000,59904.000000,256.000000,256.000000,0.000000,256.000000,0.000000,0.000000,0.000000000,Source metric: sit_no_work_window_active
234,59904.000000,60160.000000,256.000000,256.000000,0.000000,256.000000,0.000000,0.000000,0.000000000,Source metric: sit_no_work_window_active
235,60160.000000,60416.000000,256.000000,256.000000,0.000000,256.000000,0.000000,0.000000,0.000000000,Source metric: sit_no_work_window_active
236,60416.000000,60672.000000,256.000000,256.000000,0.000000,256.000000,0.000000,0.000000,0.000000000,Source metric: sit_no_work_window_active
237,60672.000000,60928.000000,256.000000,256.000000,0.000000,256.000000,0.000000,0.000000,0.000000000,Source metric: sit_no_work_window_active
238,60928.000000,61184.000000,256.000000,256.000000,0.000000,256.000000,0.000000,0.000000,0.000000000,Source metric: sit_no_work_window_active
239,61184.000000,61440.000000,256.000000,256.000000,0.000000,256.000000,0.000000,0.000000,0.000000000,Source metric: sit_no_work_window_active
240,61440.000000,61696.000000,256.000000,256.000000,0.000000,256.000000,0.000000,0.000000,0.000000000,Source metric: sit_no_work_window_active
241,61696.000000,61952.000000,256.000000,256.000000,0.000000,256.000000,0.000000,0.000000,0.000000000,Source metric: sit_no_work_window_active
242,61952.000000,62208.000000,256.000000,256.000000,0.000000,256.000000,0.000000,0.000000,0.000000000,Source metric: sit_no_work_window_active
243,62208.000000,62464.000000,256.000000,256.000000,0.000000,256.000000,0.000000,0.000000,0.000000000,Source metric: sit_no_work_window_active
244,62464.000000,62720.000000,256.000000,256.000000,0.000000,256.000000,0.000000,0.000000,0.000000000,Source metric: sit_no_work_window_active
245,62720.000000,62976.000000,256.000000,256.000000,0.000000,256.000000,0.000000,0.000000,0.000000000,Source metric: sit_no_work_window_active
246,62976.000000,63232.000000,256.000000,256.000000,0.000000,256.000000,0.000000,0.000000,0.000000000,Source metric: sit_no_work_window_active
247,63232.000000,63488.000000,256.000000,256.000000,0.000000,256.000000,0.000000,0.000000,0.000000000,Source metric: sit_no_work_window_active
248,63488.000000,63744.000000,256.000000,256.000000,0.000000,256.000000,0.000000,0.000000,0.000000000,Source metric: sit_no_work_window_active
249,63744.000000,64000.000000,256.000000,256.000000,0.000000,256.000000,0.000000,0.000000,0.000000000,Source metric: sit_no_work_window_active
250,64000.000000,64256.000000,256.000000,256.000000,0.000000,256.000000,0.000000,0.000000,0.000000000,Source metric: sit_no_work_window_active
251,64256.000000,64512.000000,256.000000,256.000000,0.000000,256.000000,0.000000,0.000000,0.000000000,Source metric: sit_no_work_window_active
252,64512.000000,64768.000000,256.000000,256.000000,0.000000,256.000000,0.000000,0.000000,0.000000000,Source metric: sit_no_work_window_active
253,64768.000000,65024.000000,256.000000,256.000000,0.000000,256.000000,0.000000,0.000000,0.000000000,Source metric: sit_no_work_window_active
254,65024.000000,65280.000000,256.000000,256.000000,0.000000,256.000000,0.000000,0.000000,0.000000000,Source metric: sit_no_work_window_active
255,65280.000000,65536.000000,256.000000,256.000000,0.000000,256.000000,0.000000,0.000000,0.000000000,Source metric: sit_no_work_window_active
256,65536.000000,65792.000000,256.000000,256.000000,0.000000,256.000000,0.000000,0.000000,0.000000000,Source metric: sit_no_work_window_active
257,65792.000000,66048.000000,256.000000,256.000000,0.000000,256.000000,0.000000,0.000000,0.000000000,Source metric: sit_no_work_window_active
258,66048.000000,66304.000000,256.000000,256.000000,0.000000,256.000000,0.000000,0.000000,0.000000000,Source metric: sit_no_work_window_active
259,66304.000000,66560.000000,256.000000,256.000000,0.000000,256.000000,0.000000,0.000000,0.000000000,Source metric: sit_no_work_window_active
260,66560.000000,66816.000000,256.000000,256.000000,0.000000,256.000000,0.000000,0.000000,0.000000000,Source metric: sit_no_work_window_active
261,66816.000000,67072.000000,256.000000,256.000000,0.000000,256.000000,0.000000,0.000000,0.000000000,Source metric: sit_no_work_window_active
262,67072.000000,67328.000000,256.000000,256.000000,0.000000,256.000000,0.000000,0.000000,0.000000000,Source metric: sit_no_work_window_active
263,67328.000000,67584.000000,256.000000,256.000000,0.000000,256.000000,0.000000,0.000000,0.000000000,Source metric: sit_no_work_window_active
264,67584.000000,67840.000000,256.000000,256.000000,0.000000,256.000000,0.000000,0.000000,0.000000000,Source metric: sit_no_work_window_active
265,67840.000000,68096.000000,256.000000,256.000000,0.000000,256.000000,0.000000,0.000000,0.000000000,Source metric: sit_no_work_window_active
266,68096.000000,68352.000000,256.000000,256.000000,0.000000,256.000000,0.000000,0.000000,0.000000000,Source metric: sit_no_work_window_active
267,68352.000000,68608.000000,256.000000,256.000000,0.000000,256.000000,0.000000,0.000000,0.000000000,Source metric: sit_no_work_window_active
268,68608.000000,68864.000000,256.000000,256.000000,0.000000,256.000000,0.000000,0.000000,0.000000000,Source metric: sit_no_work_window_active
269,68864.000000,69120.000000,256.000000,256.000000,0.000000,256.000000,0.000000,0.000000,0.000000000,Source metric: sit_no_work_window_active
270,69120.000000,69376.000000,256.000000,256.000000,0.000000,256.000000,0.000000,0.000000,0.000000000,Source metric: sit_no_work_window_active
271,69376.000000,69632.000000,256.000000,256.000000,0.000000,256.000000,0.000000,0.000000,0.000000000,Source metric: sit_no_work_window_active
272,69632.000000,69888.000000,256.000000,256.000000,0.000000,256.000000,0.000000,0.000000,0.000000000,Source metric: sit_no_work_window_active
273,69888.000000,70144.000000,256.000000,256.000000,0.000000,256.000000,0.000000,0.000000,0.000000000,Source metric: sit_no_work_window_active
274,70144.000000,70400.000000,256.000000,256.000000,0.000000,256.000000,0.000000,0.000000,0.000000000,Source metric: sit_no_work_window_active
275,70400.000000,70656.000000,256.000000,256.000000,0.000000,256.000000,0.000000,0.000000,0.000000000,Source metric: sit_no_work_window_active
276,70656.000000,70912.000000,256.000000,256.000000,0.000000,256.000000,0.000000,0.000000,0.000000000,Source metric: sit_no_work_window_active
277,70912.000000,71168.000000,256.000000,256.000000,0.000000,256.000000,0.000000,0.000000,0.000000000,Source metric: sit_no_work_window_active
278,71168.000000,71424.000000,256.000000,256.000000,0.000000,256.000000,0.000000,0.000000,0.000000000,Source metric: sit_no_work_window_active
279,71424.000000,71680.000000,256.000000,256.000000,0.000000,256.000000,0.000000,0.000000,0.000000000,Source metric: sit_no_work_window_active
280,71680.000000,71936.000000,256.000000,256.000000,0.000000,256.000000,0.000000,0.000000,0.000000000,Source metric: sit_no_work_window_active
281,71936.000000,72192.000000,256.000000,256.000000,0.000000,256.000000,0.000000,0.000000,0.000000000,Source metric: sit_no_work_window_active
282,72192.000000,72448.000000,256.000000,256.000000,0.000000,256.000000,0.000000,0.000000,0.000000000,Source metric: sit_no_work_window_active
283,72448.000000,72704.000000,256.000000,256.000000,0.000000,256.000000,0.000000,0.000000,0.000000000,Source metric: sit_no_work_window_active
284,72704.000000,72960.000000,256.000000,256.000000,0.000000,256.000000,0.000000,0.000000,0.000000000,Source metric: sit_no_work_window_active
285,72960.000000,73216.000000,256.000000,256.000000,0.000000,256.000000,0.000000,0.000000,0.000000000,Source metric: sit_no_work_window_active
286,73216.000000,73472.000000,256.000000,256.000000,0.000000,256.000000,0.000000,0.000000,0.000000000,Source metric: sit_no_work_window_active
287,73472.000000,73728.000000,256.000000,256.000000,0.000000,256.000000,0.000000,0.000000,0.000000000,Source metric: sit_no_work_window_active
288,73728.000000,73984.000000,256.000000,256.000000,0.000000,256.000000,0.000000,0.000000,0.000000000,Source metric: sit_no_work_window_active
289,73984.000000,74240.000000,256.000000,256.000000,0.000000,256.000000,0.000000,0.000000,0.000000000,Source metric: sit_no_work_window_active
290,74240.000000,74496.000000,256.000000,256.000000,0.000000,256.000000,0.000000,0.000000,0.000000000,Source metric: sit_no_work_window_active
291,74496.000000,74752.000000,256.000000,256.000000,0.000000,256.000000,0.000000,0.000000,0.000000000,Source metric: sit_no_work_window_active
292,74752.000000,75008.000000,256.000000,256.000000,0.000000,256.000000,0.000000,0.000000,0.000000000,Source metric: sit_no_work_window_active
293,75008.000000,75264.000000,256.000000,256.000000,0.000000,256.000000,0.000000,0.000000,0.000000000,Source metric: sit_no_work_window_active
294,75264.000000,75520.000000,256.000000,256.000000,0.000000,256.000000,0.000000,0.000000,0.000000000,Source metric: sit_no_work_window_active
295,75520.000000,75776.000000,256.000000,256.000000,0.000000,256.000000,0.000000,0.000000,0.000000000,Source metric: sit_no_work_window_active
296,75776.000000,76032.000000,256.000000,256.000000,0.000000,256.000000,0.000000,0.000000,0.000000000,Source metric: sit_no_work_window_active
297,76032.000000,76288.000000,256.000000,256.000000,0.000000,256.000000,0.000000,0.000000,0.000000000,Source metric: sit_no_work_window_active
298,76288.000000,76544.000000,256.000000,256.000000,0.000000,256.000000,0.000000,0.000000,0.000000000,Source metric: sit_no_work_window_active
299,76544.000000,76800.000000,256.000000,256.000000,0.000000,256.000000,0.000000,0.000000,0.000000000,Source metric: sit_no_work_window_active
300,76800.000000,77056.000000,256.000000,256.000000,0.000000,256.000000,0.000000,0.000000,0.000000000,Source metric: sit_no_work_window_active
301,77056.000000,77312.000000,256.000000,256.000000,0.000000,256.000000,0.000000,0.000000,0.000000000,Source metric: sit_no_work_window_active
302,77312.000000,77568.000000,256.000000,256.000000,0.000000,256.000000,0.000000,0.000000,0.000000000,Source metric: sit_no_work_window_active
303,77568.000000,77824.000000,256.000000,256.000000,0.000000,256.000000,0.000000,0.000000,0.000000000,Source metric: sit_no_work_window_active
304,77824.000000,78080.000000,256.000000,256.000000,0.000000,256.000000,0.000000,0.000000,0.000000000,Source metric: sit_no_work_window_active
305,78080.000000,78336.000000,256.000000,256.000000,0.000000,256.000000,0.000000,0.000000,0.000000000,Source metric: sit_no_work_window_active
306,78336.000000,78592.000000,256.000000,256.000000,0.000000,256.000000,0.000000,0.000000,0.000000000,Source metric: sit_no_work_window_active
307,78592.000000,78848.000000,256.000000,256.000000,0.000000,256.000000,0.000000,0.000000,0.000000000,Source metric: sit_no_work_window_active
308,78848.000000,79104.000000,256.000000,256.000000,0.000000,256.000000,0.000000,0.000000,0.000000000,Source metric: sit_no_work_window_active
309,79104.000000,79360.000000,256.000000,256.000000,0.000000,256.000000,0.000000,0.000000,0.000000000,Source metric: sit_no_work_window_active
310,79360.000000,79616.000000,256.000000,256.000000,0.000000,256.000000,0.000000,0.000000,0.000000000,Source metric: sit_no_work_window_active
311,79616.000000,79872.000000,256.000000,256.000000,0.000000,256.000000,0.000000,0.000000,0.000000000,Source metric: sit_no_work_window_active
312,79872.000000,80128.000000,256.000000,256.000000,0.000000,256.000000,0.000000,0.000000,0.000000000,Source metric: sit_no_work_window_active
313,80128.000000,80384.000000,256.000000,256.000000,0.000000,256.000000,0.000000,0.000000,0.000000000,Source metric: sit_no_work_window_active
314,80384.000000,80640.000000,256.000000,256.000000,0.000000,256.000000,0.000000,0.000000,0.000000000,Source metric: sit_no_work_window_active
315,80640.000000,80896.000000,256.000000,256.000000,0.000000,256.000000,0.000000,0.000000,0.000000000,Source metric: sit_no_work_window_active
316,80896.000000,81152.000000,256.000000,256.000000,0.000000,256.000000,0.000000,0.000000,0.000000000,Source metric: sit_no_work_window_active
317,81152.000000,81408.000000,256.000000,256.000000,0.000000,256.000000,0.000000,0.000000,0.000000000,Source metric: sit_no_work_window_active
318,81408.000000,81664.000000,256.000000,256.000000,0.000000,256.000000,0.000000,0.000000,0.000000000,Source metric: sit_no_work_window_active
319,81664.000000,81920.000000,256.000000,256.000000,0.000000,256.000000,0.000000,0.000000,0.000000000,Source metric: sit_no_work_window_active
320,81920.000000,82176.000000,256.000000,256.000000,0.000000,256.000000,0.000000,0.000000,0.000000000,Source metric: sit_no_work_window_active
321,82176.000000,82432.000000,256.000000,256.000000,0.000000,256.000000,0.000000,0.000000,0.000000000,Source metric: sit_no_work_window_active
322,82432.000000,82688.000000,256.000000,256.000000,0.000000,256.000000,0.000000,0.000000,0.000000000,Source metric: sit_no_work_window_active
323,82688.000000,82944.000000,256.000000,256.000000,0.000000,256.000000,0.000000,0.000000,0.000000000,Source metric: sit_no_work_window_active
324,82944.000000,83200.000000,256.000000,256.000000,0.000000,256.000000,0.000000,0.000000,0.000000000,Source metric: sit_no_work_window_active
325,83200.000000,83456.000000,256.000000,256.000000,0.000000,256.000000,0.000000,0.000000,0.000000000,Source metric: sit_no_work_window_active
326,83456.000000,83712.000000,256.000000,256.000000,0.000000,256.000000,0.000000,0.000000,0.000000000,Source metric: sit_no_work_window_active
327,83712.000000,83968.000000,256.000000,256.000000,0.000000,256.000000,0.000000,0.000000,0.000000000,Source metric: sit_no_work_window_active
328,83968.000000,84224.000000,256.000000,256.000000,0.000000,256.000000,0.000000,0.000000,0.000000000,Source metric: sit_no_work_window_active
329,84224.000000,84480.000000,256.000000,256.000000,0.000000,256.000000,0.000000,0.000000,0.000000000,Source metric: sit_no_work_window_active
330,84480.000000,84736.000000,256.000000,256.000000,0.000000,256.000000,0.000000,0.000000,0.000000000,Source metric: sit_no_work_window_active
331,84736.000000,84992.000000,256.000000,256.000000,0.000000,256.000000,0.000000,0.000000,0.000000000,Source metric: sit_no_work_window_active
332,84992.000000,85248.000000,256.000000,256.000000,0.000000,256.000000,0.000000,0.000000,0.000000000,Source metric: sit_no_work_window_active
333,85248.000000,85504.000000,256.000000,256.000000,0.000000,256.000000,0.000000,0.000000,0.000000000,Source metric: sit_no_work_window_active
334,85504.000000,85760.000000,256.000000,256.000000,0.000000,256.000000,0.000000,0.000000,0.000000000,Source metric: sit_no_work_window_active
335,85760.000000,86016.000000,256.000000,256.000000,0.000000,256.000000,0.000000,0.000000,0.000000000,Source metric: sit_no_work_window_active
336,86016.000000,86272.000000,256.000000,256.000000,0.000000,256.000000,0.000000,0.000000,0.000000000,Source metric: sit_no_work_window_active
337,86272.000000,86528.000000,256.000000,256.000000,0.000000,256.000000,0.000000,0.000000,0.000000000,Source metric: sit_no_work_window_active
338,86528.000000,86784.000000,256.000000,256.000000,0.000000,256.000000,0.000000,0.000000,0.000000000,Source metric: sit_no_work_window_active
339,86784.000000,87040.000000,256.000000,256.000000,0.000000,256.000000,0.000000,0.000000,0.000000000,Source metric: sit_no_work_window_active
340,87040.000000,87296.000000,256.000000,256.000000,0.000000,256.000000,0.000000,0.000000,0.000000000,Source metric: sit_no_work_window_active
341,87296.000000,87552.000000,256.000000,256.000000,0.000000,256.000000,0.000000,0.000000,0.000000000,Source metric: sit_no_work_window_active
342,87552.000000,87808.000000,256.000000,256.000000,0.000000,256.000000,0.000000,0.000000,0.000000000,Source metric: sit_no_work_window_active
343,87808.000000,88064.000000,256.000000,256.000000,0.000000,256.000000,0.000000,0.000000,0.000000000,Source metric: sit_no_work_window_active
344,88064.000000,88320.000000,256.000000,256.000000,0.000000,256.000000,0.000000,0.000000,0.000000000,Source metric: sit_no_work_window_active
345,88320.000000,88576.000000,256.000000,256.000000,0.000000,256.000000,0.000000,0.000000,0.000000000,Source metric: sit_no_work_window_active
346,88576.000000,88832.000000,256.000000,256.000000,0.000000,256.000000,0.000000,0.000000,0.000000000,Source metric: sit_no_work_window_active
347,88832.000000,89088.000000,256.000000,256.000000,0.000000,256.000000,0.000000,0.000000,0.000000000,Source metric: sit_no_work_window_active
348,89088.000000,89344.000000,256.000000,256.000000,0.000000,256.000000,0.000000,0.000000,0.000000000,Source metric: sit_no_work_window_active
349,89344.000000,89600.000000,256.000000,256.000000,0.000000,256.000000,0.000000,0.000000,0.000000000,Source metric: sit_no_work_window_active
350,89600.000000,89856.000000,256.000000,256.000000,0.000000,256.000000,0.000000,0.000000,0.000000000,Source metric: sit_no_work_window_active
351,89856.000000,90112.000000,256.000000,256.000000,0.000000,256.000000,0.000000,0.000000,0.000000000,Source metric: sit_no_work_window_active
352,90112.000000,90368.000000,256.000000,256.000000,0.000000,256.000000,0.000000,0.000000,0.000000000,Source metric: sit_no_work_window_active
353,90368.000000,90624.000000,256.000000,256.000000,0.000000,256.000000,0.000000,0.000000,0.000000000,Source metric: sit_no_work_window_active
354,90624.000000,90880.000000,256.000000,256.000000,0.000000,256.000000,0.000000,0.000000,0.000000000,Source metric: sit_no_work_window_active
355,90880.000000,91136.000000,256.000000,256.000000,0.000000,256.000000,0.000000,0.000000,0.000000000,Source metric: sit_no_work_window_active
356,91136.000000,91392.000000,256.000000,256.000000,0.000000,256.000000,0.000000,0.000000,0.000000000,Source metric: sit_no_work_window_active
357,91392.000000,91648.000000,256.000000,256.000000,0.000000,256.000000,0.000000,0.000000,0.000000000,Source metric: sit_no_work_window_active
358,91648.000000,91904.000000,256.000000,256.000000,0.000000,256.000000,0.000000,0.000000,0.000000000,Source metric: sit_no_work_window_active
359,91904.000000,92160.000000,256.000000,256.000000,0.000000,256.000000,0.000000,0.000000,0.000000000,Source metric: sit_no_work_window_active
360,92160.000000,92416.000000,256.000000,256.000000,0.000000,256.000000,0.000000,0.000000,0.000000000,Source metric: sit_no_work_window_active
361,92416.000000,92672.000000,256.000000,256.000000,0.000000,256.000000,0.000000,0.000000,0.000000000,Source metric: sit_no_work_window_active
362,92672.000000,92928.000000,256.000000,256.000000,0.000000,256.000000,0.000000,0.000000,0.000000000,Source metric: sit_no_work_window_active
363,92928.000000,93184.000000,256.000000,256.000000,0.000000,256.000000,0.000000,0.000000,0.000000000,Source metric: sit_no_work_window_active
364,93184.000000,93440.000000,256.000000,256.000000,0.000000,256.000000,0.000000,0.000000,0.000000000,Source metric: sit_no_work_window_active
365,93440.000000,93696.000000,256.000000,256.000000,0.000000,256.000000,0.000000,0.000000,0.000000000,Source metric: sit_no_work_window_active
366,93696.000000,93952.000000,256.000000,256.000000,0.000000,256.000000,0.000000,0.000000,0.000000000,Source metric: sit_no_work_window_active
367,93952.000000,94208.000000,256.000000,256.000000,0.000000,256.000000,0.000000,0.000000,0.000000000,Source metric: sit_no_work_window_active
368,94208.000000,94464.000000,256.000000,256.000000,0.000000,256.000000,0.000000,0.000000,0.000000000,Source metric: sit_no_work_window_active
369,94464.000000,94720.000000,256.000000,256.000000,0.000000,256.000000,0.000000,0.000000,0.000000000,Source metric: sit_no_work_window_active
370,94720.000000,94976.000000,256.000000,256.000000,0.000000,256.000000,0.000000,0.000000,0.000000000,Source metric: sit_no_work_window_active
371,94976.000000,95232.000000,256.000000,256.000000,0.000000,256.000000,0.000000,0.000000,0.000000000,Source metric: sit_no_work_window_active
372,95232.000000,95488.000000,256.000000,256.000000,0.000000,256.000000,0.000000,0.000000,0.000000000,Source metric: sit_no_work_window_active
373,95488.000000,95744.000000,256.000000,256.000000,0.000000,256.000000,0.000000,0.000000,0.000000000,Source metric: sit_no_work_window_active
374,95744.000000,96000.000000,256.000000,256.000000,0.000000,256.000000,0.000000,0.000000,0.000000000,Source metric: sit_no_work_window_active
375,96000.000000,96256.000000,256.000000,256.000000,0.000000,256.000000,0.000000,0.000000,0.000000000,Source metric: sit_no_work_window_active
376,96256.000000,96512.000000,256.000000,256.000000,0.000000,256.000000,0.000000,0.000000,0.000000000,Source metric: sit_no_work_window_active
377,96512.000000,96768.000000,256.000000,256.000000,0.000000,256.000000,0.000000,0.000000,0.000000000,Source metric: sit_no_work_window_active
378,96768.000000,97024.000000,256.000000,256.000000,0.000000,256.000000,0.000000,0.000000,0.000000000,Source metric: sit_no_work_window_active
379,97024.000000,97280.000000,256.000000,256.000000,0.000000,256.000000,0.000000,0.000000,0.000000000,Source metric: sit_no_work_window_active
380,97280.000000,97536.000000,256.000000,256.000000,0.000000,256.000000,0.000000,0.000000,0.000000000,Source metric: sit_no_work_window_active
381,97536.000000,97792.000000,256.000000,256.000000,0.000000,256.000000,0.000000,0.000000,0.000000000,Source metric: sit_no_work_window_active
382,97792.000000,98048.000000,256.000000,256.000000,0.000000,256.000000,0.000000,0.000000,0.000000000,Source metric: sit_no_work_window_active
383,98048.000000,98304.000000,256.000000,256.000000,0.000000,256.000000,0.000000,0.000000,0.000000000,Source metric: sit_no_work_window_active
384,98304.000000,98560.000000,256.000000,256.000000,0.000000,256.000000,0.000000,0.000000,0.000000000,Source metric: sit_no_work_window_active
385,98560.000000,98816.000000,256.000000,256.000000,0.000000,256.000000,0.000000,0.000000,0.000000000,Source metric: sit_no_work_window_active
386,98816.000000,99072.000000,256.000000,256.000000,0.000000,256.000000,0.000000,0.000000,0.000000000,Source metric: sit_no_work_window_active
387,99072.000000,99328.000000,256.000000,256.000000,0.000000,256.000000,0.000000,0.000000,0.000000000,Source metric: sit_no_work_window_active
388,99328.000000,99584.000000,256.000000,256.000000,0.000000,256.000000,0.000000,0.000000,0.000000000,Source metric: sit_no_work_window_active
389,99584.000000,99840.000000,256.000000,256.000000,0.000000,256.000000,0.000000,0.000000,0.000000000,Source metric: sit_no_work_window_active
390,99840.000000,100096.000000,256.000000,256.000000,0.000000,256.000000,0.000000,0.000000,0.000000000,Source metric: sit_no_work_window_active
391,100096.000000,100352.000000,256.000000,256.000000,0.000000,256.000000,0.000000,0.000000,0.000000000,Source metric: sit_no_work_window_active
392,100352.000000,100608.000000,256.000000,256.000000,0.000000,256.000000,0.000000,0.000000,0.000000000,Source metric: sit_no_work_window_active
393,100608.000000,100864.000000,256.000000,256.000000,0.000000,256.000000,0.000000,0.000000,0.000000000,Source metric: sit_no_work_window_active
394,100864.000000,101120.000000,256.000000,256.000000,0.000000,256.000000,0.000000,0.000000,0.000000000,Source metric: sit_no_work_window_active
395,101120.000000,101376.000000,256.000000,256.000000,0.000000,256.000000,0.000000,0.000000,0.000000000,Source metric: sit_no_work_window_active
396,101376.000000,101632.000000,256.000000,256.000000,0.000000,256.000000,0.000000,0.000000,0.000000000,Source metric: sit_no_work_window_active
397,101632.000000,101888.000000,256.000000,256.000000,0.000000,256.000000,0.000000,0.000000,0.000000000,Source metric: sit_no_work_window_active
398,101888.000000,102144.000000,256.000000,256.000000,0.000000,256.000000,0.000000,0.000000,0.000000000,Source metric: sit_no_work_window_active
399,102144.000000,102400.000000,256.000000,256.000000,0.000000,256.000000,0.000000,0.000000,0.000000000,Source metric: sit_no_work_window_active
400,102400.000000,102656.000000,256.000000,256.000000,0.000000,256.000000,0.000000,0.000000,0.000000000,Source metric: sit_no_work_window_active
401,102656.000000,102912.000000,256.000000,256.000000,0.000000,256.000000,0.000000,0.000000,0.000000000,Source metric: sit_no_work_window_active
402,102912.000000,103168.000000,256.000000,256.000000,0.000000,256.000000,0.000000,0.000000,0.000000000,Source metric: sit_no_work_window_active
403,103168.000000,103424.000000,256.000000,256.000000,0.000000,256.000000,0.000000,0.000000,0.000000000,Source metric: sit_no_work_window_active
404,103424.000000,103680.000000,256.000000,256.000000,0.000000,256.000000,0.000000,0.000000,0.000000000,Source metric: sit_no_work_window_active
405,103680.000000,103936.000000,256.000000,256.000000,0.000000,256.000000,0.000000,0.000000,0.000000000,Source metric: sit_no_work_window_active
406,103936.000000,104192.000000,256.000000,256.000000,0.000000,256.000000,0.000000,0.000000,0.000000000,Source metric: sit_no_work_window_active
407,104192.000000,104448.000000,256.000000,256.000000,0.000000,256.000000,0.000000,0.000000,0.000000000,Source metric: sit_no_work_window_active
408,104448.000000,104704.000000,256.000000,256.000000,0.000000,256.000000,0.000000,0.000000,0.000000000,Source metric: sit_no_work_window_active
409,104704.000000,104960.000000,256.000000,256.000000,0.000000,256.000000,0.000000,0.000000,0.000000000,Source metric: sit_no_work_window_active
410,104960.000000,105216.000000,256.000000,256.000000,0.000000,256.000000,0.000000,0.000000,0.000000000,Source metric: sit_no_work_window_active
411,105216.000000,105472.000000,256.000000,256.000000,0.000000,256.000000,0.000000,0.000000,0.000000000,Source metric: sit_no_work_window_active
412,105472.000000,105728.000000,256.000000,256.000000,0.000000,256.000000,0.000000,0.000000,0.000000000,Source metric: sit_no_work_window_active
413,105728.000000,105984.000000,256.000000,256.000000,0.000000,256.000000,0.000000,0.000000,0.000000000,Source metric: sit_no_work_window_active
414,105984.000000,106240.000000,256.000000,256.000000,0.000000,256.000000,0.000000,0.000000,0.000000000,Source metric: sit_no_work_window_active
415,106240.000000,106496.000000,256.000000,256.000000,0.000000,256.000000,0.000000,0.000000,0.000000000,Source metric: sit_no_work_window_active
416,106496.000000,106752.000000,256.000000,256.000000,0.000000,256.000000,0.000000,0.000000,0.000000000,Source metric: sit_no_work_window_active
417,106752.000000,107008.000000,256.000000,256.000000,0.000000,256.000000,0.000000,0.000000,0.000000000,Source metric: sit_no_work_window_active
418,107008.000000,107264.000000,256.000000,256.000000,0.000000,256.000000,0.000000,0.000000,0.000000000,Source metric: sit_no_work_window_active
419,107264.000000,107520.000000,256.000000,256.000000,0.000000,256.000000,0.000000,0.000000,0.000000000,Source metric: sit_no_work_window_active
420,107520.000000,107776.000000,256.000000,256.000000,0.000000,256.000000,0.000000,0.000000,0.000000000,Source metric: sit_no_work_window_active
421,107776.000000,108032.000000,256.000000,256.000000,0.000000,256.000000,0.000000,0.000000,0.000000000,Source metric: sit_no_work_window_active
422,108032.000000,108288.000000,256.000000,256.000000,0.000000,256.000000,0.000000,0.000000,0.000000000,Source metric: sit_no_work_window_active
423,108288.000000,108544.000000,256.000000,256.000000,0.000000,256.000000,0.000000,0.000000,0.000000000,Source metric: sit_no_work_window_active
424,108544.000000,108800.000000,256.000000,256.000000,0.000000,256.000000,0.000000,0.000000,0.000000000,Source metric: sit_no_work_window_active
425,108800.000000,109056.000000,256.000000,256.000000,0.000000,256.000000,0.000000,0.000000,0.000000000,Source metric: sit_no_work_window_active
426,109056.000000,109312.000000,256.000000,256.000000,0.000000,256.000000,0.000000,0.000000,0.000000000,Source metric: sit_no_work_window_active
427,109312.000000,109568.000000,256.000000,256.000000,0.000000,256.000000,0.000000,0.000000,0.000000000,Source metric: sit_no_work_window_active
428,109568.000000,109824.000000,256.000000,256.000000,0.000000,256.000000,0.000000,0.000000,0.000000000,Source metric: sit_no_work_window_active
429,109824.000000,110080.000000,256.000000,256.000000,0.000000,256.000000,0.000000,0.000000,0.000000000,Source metric: sit_no_work_window_active
430,110080.000000,110336.000000,256.000000,256.000000,0.000000,256.000000,0.000000,0.000000,0.000000000,Source metric: sit_no_work_window_active
431,110336.000000,110592.000000,256.000000,256.000000,0.000000,256.000000,0.000000,0.000000,0.000000000,Source metric: sit_no_work_window_active
432,110592.000000,110848.000000,256.000000,256.000000,0.000000,256.000000,0.000000,0.000000,0.000000000,Source metric: sit_no_work_window_active
433,110848.000000,111104.000000,256.000000,256.000000,0.000000,256.000000,0.000000,0.000000,0.000000000,Source metric: sit_no_work_window_active
434,111104.000000,111360.000000,256.000000,256.000000,0.000000,256.000000,0.000000,0.000000,0.000000000,Source metric: sit_no_work_window_active
435,111360.000000,111616.000000,256.000000,256.000000,0.000000,256.000000,0.000000,0.000000,0.000000000,Source metric: sit_no_work_window_active
436,111616.000000,111872.000000,256.000000,256.000000,0.000000,256.000000,0.000000,0.000000,0.000000000,Source metric: sit_no_work_window_active
437,111872.000000,112128.000000,256.000000,256.000000,0.000000,256.000000,0.000000,0.000000,0.000000000,Source metric: sit_no_work_window_active
438,112128.000000,112384.000000,256.000000,256.000000,0.000000,256.000000,0.000000,0.000000,0.000000000,Source metric: sit_no_work_window_active
439,112384.000000,112640.000000,256.000000,256.000000,0.000000,256.000000,0.000000,0.000000,0.000000000,Source metric: sit_no_work_window_active
440,112640.000000,112896.000000,256.000000,256.000000,0.000000,256.000000,0.000000,0.000000,0.000000000,Source metric: sit_no_work_window_active
441,112896.000000,113152.000000,256.000000,256.000000,0.000000,256.000000,0.000000,0.000000,0.000000000,Source metric: sit_no_work_window_active
442,113152.000000,113408.000000,256.000000,256.000000,0.000000,256.000000,0.000000,0.000000,0.000000000,Source metric: sit_no_work_window_active
443,113408.000000,113664.000000,256.000000,256.000000,0.000000,256.000000,0.000000,0.000000,0.000000000,Source metric: sit_no_work_window_active
444,113664.000000,113920.000000,256.000000,256.000000,0.000000,256.000000,0.000000,0.000000,0.000000000,Source metric: sit_no_work_window_active
445,113920.000000,114176.000000,256.000000,256.000000,0.000000,256.000000,0.000000,0.000000,0.000000000,Source metric: sit_no_work_window_active
446,114176.000000,114432.000000,256.000000,256.000000,0.000000,256.000000,0.000000,0.000000,0.000000000,Source metric: sit_no_work_window_active
447,114432.000000,114688.000000,256.000000,256.000000,0.000000,256.000000,0.000000,0.000000,0.000000000,Source metric: sit_no_work_window_active
448,114688.000000,114944.000000,256.000000,256.000000,0.000000,256.000000,0.000000,0.000000,0.000000000,Source metric: sit_no_work_window_active
449,114944.000000,115200.000000,256.000000,256.000000,0.000000,256.000000,0.000000,0.000000,0.000000000,Source metric: sit_no_work_window_active
450,115200.000000,115456.000000,256.000000,256.000000,0.000000,256.000000,0.000000,0.000000,0.000000000,Source metric: sit_no_work_window_active
451,115456.000000,115712.000000,256.000000,256.000000,0.000000,256.000000,0.000000,0.000000,0.000000000,Source metric: sit_no_work_window_active
452,115712.000000,115968.000000,256.000000,256.000000,0.000000,256.000000,0.000000,0.000000,0.000000000,Source metric: sit_no_work_window_active
453,115968.000000,116224.000000,256.000000,256.000000,0.000000,256.000000,0.000000,0.000000,0.000000000,Source metric: sit_no_work_window_active
454,116224.000000,116480.000000,256.000000,256.000000,0.000000,256.000000,0.000000,0.000000,0.000000000,Source metric: sit_no_work_window_active
455,116480.000000,116736.000000,256.000000,256.000000,0.000000,256.000000,0.000000,0.000000,0.000000000,Source metric: sit_no_work_window_active
456,116736.000000,116992.000000,256.000000,256.000000,0.000000,256.000000,0.000000,0.000000,0.000000000,Source metric: sit_no_work_window_active
457,116992.000000,117248.000000,256.000000,256.000000,0.000000,256.000000,0.000000,0.000000,0.000000000,Source metric: sit_no_work_window_active
458,117248.000000,117504.000000,256.000000,256.000000,0.000000,256.000000,0.000000,0.000000,0.000000000,Source metric: sit_no_work_window_active
459,117504.000000,117760.000000,256.000000,256.000000,0.000000,256.000000,0.000000,0.000000,0.000000000,Source metric: sit_no_work_window_active
460,117760.000000,118016.000000,256.000000,256.000000,0.000000,256.000000,0.000000,0.000000,0.000000000,Source metric: sit_no_work_window_active
461,118016.000000,118272.000000,256.000000,256.000000,0.000000,256.000000,0.000000,0.000000,0.000000000,Source metric: sit_no_work_window_active
462,118272.000000,118528.000000,256.000000,256.000000,0.000000,256.000000,0.000000,0.000000,0.000000000,Source metric: sit_no_work_window_active
463,118528.000000,118784.000000,256.000000,256.000000,0.000000,256.000000,0.000000,0.000000,0.000000000,Source metric: sit_no_work_window_active
464,118784.000000,119040.000000,256.000000,256.000000,0.000000,256.000000,0.000000,0.000000,0.000000000,Source metric: sit_no_work_window_active
465,119040.000000,119296.000000,256.000000,256.000000,0.000000,256.000000,0.000000,0.000000,0.000000000,Source metric: sit_no_work_window_active
466,119296.000000,119552.000000,256.000000,256.000000,0.000000,256.000000,0.000000,0.000000,0.000000000,Source metric: sit_no_work_window_active
467,119552.000000,119808.000000,256.000000,256.000000,0.000000,256.000000,0.000000,0.000000,0.000000000,Source metric: sit_no_work_window_active
468,119808.000000,120064.000000,256.000000,256.000000,0.000000,256.000000,0.000000,0.000000,0.000000000,Source metric: sit_no_work_window_active
469,120064.000000,120320.000000,256.000000,256.000000,0.000000,256.000000,0.000000,0.000000,0.000000000,Source metric: sit_no_work_window_active
470,120320.000000,120576.000000,256.000000,256.000000,0.000000,256.000000,0.000000,0.000000,0.000000000,Source metric: sit_no_work_window_active
471,120576.000000,120832.000000,256.000000,256.000000,0.000000,256.000000,0.000000,0.000000,0.000000000,Source metric: sit_no_work_window_active
472,120832.000000,121088.000000,256.000000,256.000000,0.000000,256.000000,0.000000,0.000000,0.000000000,Source metric: sit_no_work_window_active
473,121088.000000,121344.000000,256.000000,256.000000,0.000000,256.000000,0.000000,0.000000,0.000000000,Source metric: sit_no_work_window_active
474,121344.000000,121600.000000,256.000000,256.000000,0.000000,256.000000,0.000000,0.000000,0.000000000,Source metric: sit_no_work_window_active
475,121600.000000,121856.000000,256.000000,256.000000,0.000000,256.000000,0.000000,0.000000,0.000000000,Source metric: sit_no_work_window_active
476,121856.000000,122112.000000,256.000000,256.000000,0.000000,256.000000,0.000000,0.000000,0.000000000,Source metric: sit_no_work_window_active
477,122112.000000,122368.000000,256.000000,256.000000,0.000000,256.000000,0.000000,0.000000,0.000000000,Source metric: sit_no_work_window_active
478,122368.000000,122624.000000,256.000000,256.000000,0.000000,256.000000,0.000000,0.000000,0.000000000,Source metric: sit_no_work_window_active
479,122624.000000,122880.000000,256.000000,256.000000,0.000000,256.000000,0.000000,0.000000,0.000000000,Source metric: sit_no_work_window_active
480,122880.000000,123136.000000,256.000000,256.000000,0.000000,256.000000,0.000000,0.000000,0.000000000,Source metric: sit_no_work_window_active
481,123136.000000,123392.000000,256.000000,256.000000,0.000000,256.000000,0.000000,0.000000,0.000000000,Source metric: sit_no_work_window_active
482,123392.000000,123648.000000,256.000000,256.000000,0.000000,256.000000,0.000000,0.000000,0.000000000,Source metric: sit_no_work_window_active
483,123648.000000,123904.000000,256.000000,256.000000,0.000000,256.000000,0.000000,0.000000,0.000000000,Source metric: sit_no_work_window_active
484,123904.000000,124160.000000,256.000000,256.000000,0.000000,256.000000,0.000000,0.000000,0.000000000,Source metric: sit_no_work_window_active
485,124160.000000,124416.000000,256.000000,256.000000,0.000000,256.000000,0.000000,0.000000,0.000000000,Source metric: sit_no_work_window_active
486,124416.000000,124672.000000,256.000000,256.000000,0.000000,256.000000,0.000000,0.000000,0.000000000,Source metric: sit_no_work_window_active
487,124672.000000,124928.000000,256.000000,256.000000,0.000000,256.000000,0.000000,0.000000,0.000000000,Source metric: sit_no_work_window_active
488,124928.000000,125184.000000,256.000000,256.000000,0.000000,256.000000,0.000000,0.000000,0.000000000,Source metric: sit_no_work_window_active
489,125184.000000,125440.000000,256.000000,256.000000,0.000000,256.000000,0.000000,0.000000,0.000000000,Source metric: sit_no_work_window_active
490,125440.000000,125696.000000,256.000000,256.000000,0.000000,256.000000,0.000000,0.000000,0.000000000,Source metric: sit_no_work_window_active
491,125696.000000,125952.000000,256.000000,256.000000,0.000000,256.000000,0.000000,0.000000,0.000000000,Source metric: sit_no_work_window_active
492,125952.000000,126208.000000,256.000000,256.000000,0.000000,256.000000,0.000000,0.000000,0.000000000,Source metric: sit_no_work_window_active
493,126208.000000,126464.000000,256.000000,256.000000,0.000000,256.000000,0.000000,0.000000,0.000000000,Source metric: sit_no_work_window_active
494,126464.000000,126720.000000,256.000000,256.000000,0.000000,256.000000,0.000000,0.000000,0.000000000,Source metric: sit_no_work_window_active
495,126720.000000,126976.000000,256.000000,256.000000,0.000000,256.000000,0.000000,0.000000,0.000000000,Source metric: sit_no_work_window_active
496,126976.000000,127232.000000,256.000000,256.000000,0.000000,256.000000,0.000000,0.000000,0.000000000,Source metric: sit_no_work_window_active
497,127232.000000,127488.000000,256.000000,256.000000,0.000000,256.000000,0.000000,0.000000,0.000000000,Source metric: sit_no_work_window_active
498,127488.000000,127744.000000,256.000000,256.000000,0.000000,256.000000,0.000000,0.000000,0.000000000,Source metric: sit_no_work_window_active
499,127744.000000,128000.000000,256.000000,256.000000,0.000000,256.000000,0.000000,0.000000,0.000000000,Source metric: sit_no_work_window_active
500,128000.000000,128256.000000,256.000000,256.000000,0.000000,256.000000,0.000000,0.000000,0.000000000,Source metric: sit_no_work_window_active
501,128256.000000,128512.000000,256.000000,256.000000,0.000000,256.000000,0.000000,0.000000,0.000000000,Source metric: sit_no_work_window_active
502,128512.000000,128768.000000,256.000000,256.000000,0.000000,256.000000,0.000000,0.000000,0.000000000,Source metric: sit_no_work_window_active
503,128768.000000,129024.000000,256.000000,256.000000,0.000000,256.000000,0.000000,0.000000,0.000000000,Source metric: sit_no_work_window_active
504,129024.000000,129280.000000,256.000000,256.000000,0.000000,256.000000,0.000000,0.000000,0.000000000,Source metric: sit_no_work_window_active
505,129280.000000,129536.000000,256.000000,256.000000,0.000000,256.000000,0.000000,0.000000,0.000000000,Source metric: sit_no_work_window_active
506,129536.000000,129792.000000,256.000000,256.000000,0.000000,256.000000,0.000000,0.000000,0.000000000,Source metric: sit_no_work_window_active
507,129792.000000,130048.000000,256.000000,256.000000,0.000000,256.000000,0.000000,0.000000,0.000000000,Source metric: sit_no_work_window_active
508,130048.000000,130304.000000,256.000000,256.000000,0.000000,256.000000,0.000000,0.000000,0.000000000,Source metric: sit_no_work_window_active
509,130304.000000,130560.000000,256.000000,256.000000,0.000000,256.000000,0.000000,0.000000,0.000000000,Source metric: sit_no_work_window_active
510,130560.000000,130816.000000,256.000000,256.000000,0.000000,256.000000,0.000000,0.000000,0.000000000,Source metric: sit_no_work_window_active
511,130816.000000,131072.000000,256.000000,256.000000,0.000000,256.000000,0.000000,0.000000,0.000000000,Source metric: sit_no_work_window_active
512,131072.000000,131328.000000,256.000000,256.000000,0.000000,256.000000,0.000000,0.000000,0.000000000,Source metric: sit_no_work_window_active
513,131328.000000,131584.000000,256.000000,256.000000,0.000000,256.000000,0.000000,0.000000,0.000000000,Source metric: sit_no_work_window_active
514,131584.000000,131840.000000,256.000000,256.000000,0.000000,256.000000,0.000000,0.000000,0.000000000,Source metric: sit_no_work_window_active
515,131840.000000,132096.000000,256.000000,256.000000,0.000000,256.000000,0.000000,0.000000,0.000000000,Source metric: sit_no_work_window_active
516,132096.000000,132352.000000,256.000000,256.000000,0.000000,256.000000,0.000000,0.000000,0.000000000,Source metric: sit_no_work_window_active
517,132352.000000,132608.000000,256.000000,256.000000,0.000000,256.000000,0.000000,0.000000,0.000000000,Source metric: sit_no_work_window_active
518,132608.000000,132864.000000,256.000000,256.000000,0.000000,256.000000,0.000000,0.000000,0.000000000,Source metric: sit_no_work_window_active
519,132864.000000,133120.000000,256.000000,256.000000,0.000000,256.000000,0.000000,0.000000,0.000000000,Source metric: sit_no_work_window_active
520,133120.000000,133376.000000,256.000000,256.000000,0.000000,256.000000,0.000000,0.000000,0.000000000,Source metric: sit_no_work_window_active
521,133376.000000,133632.000000,256.000000,256.000000,0.000000,256.000000,0.000000,0.000000,0.000000000,Source metric: sit_no_work_window_active
522,133632.000000,133888.000000,256.000000,256.000000,0.000000,256.000000,0.000000,0.000000,0.000000000,Source metric: sit_no_work_window_active
523,133888.000000,134144.000000,256.000000,256.000000,0.000000,256.000000,0.000000,0.000000,0.000000000,Source metric: sit_no_work_window_active
524,134144.000000,134400.000000,256.000000,256.000000,0.000000,256.000000,0.000000,0.000000,0.000000000,Source metric: sit_no_work_window_active
525,134400.000000,134656.000000,256.000000,256.000000,0.000000,256.000000,0.000000,0.000000,0.000000000,Source metric: sit_no_work_window_active
526,134656.000000,134912.000000,256.000000,256.000000,0.000000,256.000000,0.000000,0.000000,0.000000000,Source metric: sit_no_work_window_active
527,134912.000000,135168.000000,256.000000,256.000000,0.000000,256.000000,0.000000,0.000000,0.000000000,Source metric: sit_no_work_window_active
528,135168.000000,135424.000000,256.000000,256.000000,0.000000,256.000000,0.000000,0.000000,0.000000000,Source metric: sit_no_work_window_active
529,135424.000000,135680.000000,256.000000,256.000000,0.000000,256.000000,0.000000,0.000000,0.000000000,Source metric: sit_no_work_window_active
530,135680.000000,135936.000000,256.000000,256.000000,0.000000,256.000000,0.000000,0.000000,0.000000000,Source metric: sit_no_work_window_active
531,135936.000000,136192.000000,256.000000,256.000000,0.000000,256.000000,0.000000,0.000000,0.000000000,Source metric: sit_no_work_window_active
532,136192.000000,136448.000000,256.000000,256.000000,0.000000,256.000000,0.000000,0.000000,0.000000000,Source metric: sit_no_work_window_active
533,136448.000000,136704.000000,256.000000,256.000000,0.000000,256.000000,0.000000,0.000000,0.000000000,Source metric: sit_no_work_window_active
534,136704.000000,136960.000000,256.000000,256.000000,0.000000,256.000000,0.000000,0.000000,0.000000000,Source metric: sit_no_work_window_active
535,136960.000000,137216.000000,256.000000,256.000000,0.000000,256.000000,0.000000,0.000000,0.000000000,Source metric: sit_no_work_window_active
536,137216.000000,137472.000000,256.000000,256.000000,0.000000,256.000000,0.000000,0.000000,0.000000000,Source metric: sit_no_work_window_active
537,137472.000000,137728.000000,256.000000,256.000000,0.000000,256.000000,0.000000,0.000000,0.000000000,Source metric: sit_no_work_window_active
538,137728.000000,137984.000000,256.000000,256.000000,0.000000,256.000000,0.000000,0.000000,0.000000000,Source metric: sit_no_work_window_active
539,137984.000000,138240.000000,256.000000,256.000000,0.000000,256.000000,0.000000,0.000000,0.000000000,Source metric: sit_no_work_window_active
540,138240.000000,138496.000000,256.000000,256.000000,0.000000,256.000000,0.000000,0.000000,0.000000000,Source metric: sit_no_work_window_active
541,138496.000000,138752.000000,256.000000,256.000000,0.000000,256.000000,0.000000,0.000000,0.000000000,Source metric: sit_no_work_window_active
542,138752.000000,139008.000000,256.000000,256.000000,0.000000,256.000000,0.000000,0.000000,0.000000000,Source metric: sit_no_work_window_active
543,139008.000000,139264.000000,256.000000,256.000000,0.000000,256.000000,0.000000,0.000000,0.000000000,Source metric: sit_no_work_window_active
544,139264.000000,139520.000000,256.000000,256.000000,0.000000,256.000000,0.000000,0.000000,0.000000000,Source metric: sit_no_work_window_active
545,139520.000000,139776.000000,256.000000,256.000000,0.000000,256.000000,0.000000,0.000000,0.000000000,Source metric: sit_no_work_window_active
546,139776.000000,140032.000000,256.000000,256.000000,0.000000,256.000000,0.000000,0.000000,0.000000000,Source metric: sit_no_work_window_active
547,140032.000000,140288.000000,256.000000,256.000000,0.000000,256.000000,0.000000,0.000000,0.000000000,Source metric: sit_no_work_window_active
548,140288.000000,140544.000000,256.000000,256.000000,0.000000,256.000000,0.000000,0.000000,0.000000000,Source metric: sit_no_work_window_active
549,140544.000000,140800.000000,256.000000,256.000000,0.000000,256.000000,0.000000,0.000000,0.000000000,Source metric: sit_no_work_window_active
550,140800.000000,141056.000000,256.000000,256.000000,0.000000,256.000000,0.000000,0.000000,0.000000000,Source metric: sit_no_work_window_active
551,141056.000000,141312.000000,256.000000,256.000000,0.000000,256.000000,0.000000,0.000000,0.000000000,Source metric: sit_no_work_window_active
552,141312.000000,141568.000000,256.000000,256.000000,0.000000,256.000000,0.000000,0.000000,0.000000000,Source metric: sit_no_work_window_active
553,141568.000000,141824.000000,256.000000,256.000000,0.000000,256.000000,0.000000,0.000000,0.000000000,Source metric: sit_no_work_window_active
554,141824.000000,142080.000000,256.000000,256.000000,0.000000,256.000000,0.000000,0.000000,0.000000000,Source metric: sit_no_work_window_active
555,142080.000000,142336.000000,256.000000,256.000000,0.000000,256.000000,0.000000,0.000000,0.000000000,Source metric: sit_no_work_window_active
556,142336.000000,142592.000000,256.000000,256.000000,0.000000,256.000000,0.000000,0.000000,0.000000000,Source metric: sit_no_work_window_active
557,142592.000000,142848.000000,256.000000,256.000000,0.000000,256.000000,0.000000,0.000000,0.000000000,Source metric: sit_no_work_window_active
558,142848.000000,143104.000000,256.000000,256.000000,0.000000,256.000000,0.000000,0.000000,0.000000000,Source metric: sit_no_work_window_active
559,143104.000000,143360.000000,256.000000,256.000000,0.000000,256.000000,0.000000,0.000000,0.000000000,Source metric: sit_no_work_window_active
560,143360.000000,143616.000000,256.000000,256.000000,0.000000,256.000000,0.000000,0.000000,0.000000000,Source metric: sit_no_work_window_active
561,143616.000000,143872.000000,256.000000,256.000000,0.000000,256.000000,0.000000,0.000000,0.000000000,Source metric: sit_no_work_window_active
562,143872.000000,144128.000000,256.000000,256.000000,0.000000,256.000000,0.000000,0.000000,0.000000000,Source metric: sit_no_work_window_active
563,144128.000000,144384.000000,256.000000,256.000000,0.000000,256.000000,0.000000,0.000000,0.000000000,Source metric: sit_no_work_window_active
564,144384.000000,144640.000000,256.000000,256.000000,0.000000,256.000000,0.000000,0.000000,0.000000000,Source metric: sit_no_work_window_active
565,144640.000000,144896.000000,256.000000,256.000000,0.000000,256.000000,0.000000,0.000000,0.000000000,Source metric: sit_no_work_window_active
566,144896.000000,145152.000000,256.000000,256.000000,0.000000,256.000000,0.000000,0.000000,0.000000000,Source metric: sit_no_work_window_active
567,145152.000000,145408.000000,256.000000,256.000000,0.000000,256.000000,0.000000,0.000000,0.000000000,Source metric: sit_no_work_window_active
568,145408.000000,145664.000000,256.000000,256.000000,0.000000,256.000000,0.000000,0.000000,0.000000000,Source metric: sit_no_work_window_active
569,145664.000000,145920.000000,256.000000,256.000000,0.000000,256.000000,0.000000,0.000000,0.000000000,Source metric: sit_no_work_window_active
570,145920.000000,146176.000000,256.000000,256.000000,0.000000,256.000000,0.000000,0.000000,0.000000000,Source metric: sit_no_work_window_active
571,146176.000000,146432.000000,256.000000,256.000000,0.000000,256.000000,0.000000,0.000000,0.000000000,Source metric: sit_no_work_window_active
572,146432.000000,146688.000000,256.000000,256.000000,0.000000,256.000000,0.000000,0.000000,0.000000000,Source metric: sit_no_work_window_active
573,146688.000000,146944.000000,256.000000,256.000000,0.000000,256.000000,0.000000,0.000000,0.000000000,Source metric: sit_no_work_window_active
574,146944.000000,147200.000000,256.000000,256.000000,0.000000,256.000000,0.000000,0.000000,0.000000000,Source metric: sit_no_work_window_active
575,147200.000000,147456.000000,256.000000,256.000000,0.000000,256.000000,0.000000,0.000000,0.000000000,Source metric: sit_no_work_window_active
576,147456.000000,147712.000000,256.000000,256.000000,0.000000,256.000000,0.000000,0.000000,0.000000000,Source metric: sit_no_work_window_active
577,147712.000000,147968.000000,256.000000,256.000000,0.000000,256.000000,0.000000,0.000000,0.000000000,Source metric: sit_no_work_window_active
578,147968.000000,148224.000000,256.000000,256.000000,0.000000,256.000000,0.000000,0.000000,0.000000000,Source metric: sit_no_work_window_active
579,148224.000000,148480.000000,256.000000,256.000000,0.000000,256.000000,0.000000,0.000000,0.000000000,Source metric: sit_no_work_window_active
580,148480.000000,148736.000000,256.000000,256.000000,0.000000,256.000000,0.000000,0.000000,0.000000000,Source metric: sit_no_work_window_active
581,148736.000000,148992.000000,256.000000,256.000000,0.000000,256.000000,0.000000,0.000000,0.000000000,Source metric: sit_no_work_window_active
582,148992.000000,149248.000000,256.000000,256.000000,0.000000,256.000000,0.000000,0.000000,0.000000000,Source metric: sit_no_work_window_active
583,149248.000000,149504.000000,256.000000,256.000000,0.000000,256.000000,0.000000,0.000000,0.000000000,Source metric: sit_no_work_window_active
584,149504.000000,149760.000000,256.000000,256.000000,0.000000,256.000000,0.000000,0.000000,0.000000000,Source metric: sit_no_work_window_active
585,149760.000000,150016.000000,256.000000,256.000000,0.000000,256.000000,0.000000,0.000000,0.000000000,Source metric: sit_no_work_window_active
586,150016.000000,150272.000000,256.000000,256.000000,0.000000,256.000000,0.000000,0.000000,0.000000000,Source metric: sit_no_work_window_active
587,150272.000000,150528.000000,256.000000,256.000000,0.000000,256.000000,0.000000,0.000000,0.000000000,Source metric: sit_no_work_window_active
588,150528.000000,150784.000000,256.000000,256.000000,0.000000,256.000000,0.000000,0.000000,0.000000000,Source metric: sit_no_work_window_active
589,150784.000000,151040.000000,256.000000,256.000000,0.000000,256.000000,0.000000,0.000000,0.000000000,Source metric: sit_no_work_window_active
590,151040.000000,151296.000000,256.000000,256.000000,0.000000,256.000000,0.000000,0.000000,0.000000000,Source metric: sit_no_work_window_active
591,151296.000000,151552.000000,256.000000,256.000000,0.000000,256.000000,0.000000,0.000000,0.000000000,Source metric: sit_no_work_window_active
592,151552.000000,151808.000000,256.000000,256.000000,0.000000,256.000000,0.000000,0.000000,0.000000000,Source metric: sit_no_work_window_active
593,151808.000000,152064.000000,256.000000,256.000000,0.000000,256.000000,0.000000,0.000000,0.000000000,Source metric: sit_no_work_window_active
594,152064.000000,152320.000000,256.000000,256.000000,0.000000,256.000000,0.000000,0.000000,0.000000000,Source metric: sit_no_work_window_active
595,152320.000000,152576.000000,256.000000,256.000000,0.000000,256.000000,0.000000,0.000000,0.000000000,Source metric: sit_no_work_window_active
596,152576.000000,152832.000000,256.000000,256.000000,0.000000,256.000000,0.000000,0.000000,0.000000000,Source metric: sit_no_work_window_active
597,152832.000000,153088.000000,256.000000,256.000000,0.000000,256.000000,0.000000,0.000000,0.000000000,Source metric: sit_no_work_window_active
598,153088.000000,153344.000000,256.000000,256.000000,0.000000,256.000000,0.000000,0.000000,0.000000000,Source metric: sit_no_work_window_active
599,153344.000000,153600.000000,256.000000,256.000000,0.000000,256.000000,0.000000,0.000000,0.000000000,Source metric: sit_no_work_window_active
600,153600.000000,153856.000000,256.000000,256.000000,0.000000,256.000000,0.000000,0.000000,0.000000000,Source metric: sit_no_work_window_active
601,153856.000000,154112.000000,256.000000,256.000000,0.000000,256.000000,0.000000,0.000000,0.000000000,Source metric: sit_no_work_window_active
602,154112.000000,154368.000000,256.000000,256.000000,0.000000,256.000000,0.000000,0.000000,0.000000000,Source metric: sit_no_work_window_active
603,154368.000000,154624.000000,256.000000,256.000000,0.000000,256.000000,0.000000,0.000000,0.000000000,Source metric: sit_no_work_window_active
604,154624.000000,154880.000000,256.000000,256.000000,0.000000,256.000000,0.000000,0.000000,0.000000000,Source metric: sit_no_work_window_active
605,154880.000000,155136.000000,256.000000,256.000000,0.000000,256.000000,0.000000,0.000000,0.000000000,Source metric: sit_no_work_window_active
606,155136.000000,155392.000000,256.000000,256.000000,0.000000,256.000000,0.000000,0.000000,0.000000000,Source metric: sit_no_work_window_active
607,155392.000000,155648.000000,256.000000,256.000000,0.000000,256.000000,0.000000,0.000000,0.000000000,Source metric: sit_no_work_window_active
608,155648.000000,155904.000000,256.000000,256.000000,0.000000,256.000000,0.000000,0.000000,0.000000000,Source metric: sit_no_work_window_active
609,155904.000000,156160.000000,256.000000,256.000000,0.000000,256.000000,0.000000,0.000000,0.000000000,Source metric: sit_no_work_window_active
610,156160.000000,156416.000000,256.000000,256.000000,0.000000,256.000000,0.000000,0.000000,0.000000000,Source metric: sit_no_work_window_active
611,156416.000000,156672.000000,256.000000,256.000000,0.000000,256.000000,0.000000,0.000000,0.000000000,Source metric: sit_no_work_window_active
612,156672.000000,156928.000000,256.000000,256.000000,0.000000,256.000000,0.000000,0.000000,0.000000000,Source metric: sit_no_work_window_active
613,156928.000000,157184.000000,256.000000,256.000000,0.000000,256.000000,0.000000,0.000000,0.000000000,Source metric: sit_no_work_window_active
614,157184.000000,157440.000000,256.000000,256.000000,0.000000,256.000000,0.000000,0.000000,0.000000000,Source metric: sit_no_work_window_active
615,157440.000000,157696.000000,256.000000,256.000000,0.000000,256.000000,0.000000,0.000000,0.000000000,Source metric: sit_no_work_window_active
616,157696.000000,157952.000000,256.000000,256.000000,0.000000,256.000000,0.000000,0.000000,0.000000000,Source metric: sit_no_work_window_active
617,157952.000000,158208.000000,256.000000,256.000000,0.000000,256.000000,0.000000,0.000000,0.000000000,Source metric: sit_no_work_window_active
618,158208.000000,158464.000000,256.000000,256.000000,0.000000,256.000000,0.000000,0.000000,0.000000000,Source metric: sit_no_work_window_active
619,158464.000000,158720.000000,256.000000,256.000000,0.000000,256.000000,0.000000,0.000000,0.000000000,Source metric: sit_no_work_window_active
620,158720.000000,158976.000000,256.000000,256.000000,0.000000,256.000000,0.000000,0.000000,0.000000000,Source metric: sit_no_work_window_active
621,158976.000000,159232.000000,256.000000,256.000000,0.000000,256.000000,0.000000,0.000000,0.000000000,Source metric: sit_no_work_window_active
622,159232.000000,159488.000000,256.000000,256.000000,0.000000,256.000000,0.000000,0.000000,0.000000000,Source metric: sit_no_work_window_active
623,159488.000000,159744.000000,256.000000,256.000000,0.000000,256.000000,0.000000,0.000000,0.000000000,Source metric: sit_no_work_window_active
624,159744.000000,160000.000000,256.000000,256.000000,0.000000,256.000000,0.000000,0.000000,0.000000000,Source metric: sit_no_work_window_active
625,160000.000000,160256.000000,256.000000,256.000000,0.000000,256.000000,0.000000,0.000000,0.000000000,Source metric: sit_no_work_window_active
626,160256.000000,160512.000000,256.000000,256.000000,0.000000,256.000000,0.000000,0.000000,0.000000000,Source metric: sit_no_work_window_active
627,160512.000000,160768.000000,256.000000,256.000000,0.000000,256.000000,0.000000,0.000000,0.000000000,Source metric: sit_no_work_window_active
628,160768.000000,161024.000000,256.000000,256.000000,0.000000,256.000000,0.000000,0.000000,0.000000000,Source metric: sit_no_work_window_active
629,161024.000000,161280.000000,256.000000,256.000000,0.000000,256.000000,0.000000,0.000000,0.000000000,Source metric: sit_no_work_window_active
630,161280.000000,161536.000000,256.000000,256.000000,0.000000,256.000000,0.000000,0.000000,0.000000000,Source metric: sit_no_work_window_active
631,161536.000000,161792.000000,256.000000,256.000000,0.000000,256.000000,0.000000,0.000000,0.000000000,Source metric: sit_no_work_window_active
632,161792.000000,162048.000000,256.000000,256.000000,0.000000,256.000000,0.000000,0.000000,0.000000000,Source metric: sit_no_work_window_active
633,162048.000000,162304.000000,256.000000,256.000000,0.000000,256.000000,0.000000,0.000000,0.000000000,Source metric: sit_no_work_window_active
634,162304.000000,162560.000000,256.000000,256.000000,0.000000,256.000000,0.000000,0.000000,0.000000000,Source metric: sit_no_work_window_active
635,162560.000000,162816.000000,256.000000,256.000000,0.000000,256.000000,0.000000,0.000000,0.000000000,Source metric: sit_no_work_window_active
636,162816.000000,163072.000000,256.000000,256.000000,0.000000,256.000000,0.000000,0.000000,0.000000000,Source metric: sit_no_work_window_active
637,163072.000000,163328.000000,256.000000,256.000000,0.000000,256.000000,0.000000,0.000000,0.000000000,Source metric: sit_no_work_window_active
638,163328.000000,163584.000000,256.000000,256.000000,0.000000,256.000000,0.000000,0.000000,0.000000000,Source metric: sit_no_work_window_active
639,163584.000000,163840.000000,256.000000,256.000000,0.000000,256.000000,0.000000,0.000000,0.000000000,Source metric: sit_no_work_window_active
640,163840.000000,164096.000000,256.000000,256.000000,0.000000,256.000000,0.000000,0.000000,0.000000000,Source metric: sit_no_work_window_active
641,164096.000000,164352.000000,256.000000,256.000000,0.000000,256.000000,0.000000,0.000000,0.000000000,Source metric: sit_no_work_window_active
642,164352.000000,164608.000000,256.000000,256.000000,0.000000,256.000000,0.000000,0.000000,0.000000000,Source metric: sit_no_work_window_active
643,164608.000000,164864.000000,256.000000,256.000000,0.000000,256.000000,0.000000,0.000000,0.000000000,Source metric: sit_no_work_window_active
644,164864.000000,165120.000000,256.000000,256.000000,0.000000,256.000000,0.000000,0.000000,0.000000000,Source metric: sit_no_work_window_active
645,165120.000000,165376.000000,256.000000,256.000000,0.000000,256.000000,0.000000,0.000000,0.000000000,Source metric: sit_no_work_window_active
646,165376.000000,165632.000000,256.000000,256.000000,0.000000,256.000000,0.000000,0.000000,0.000000000,Source metric: sit_no_work_window_active
647,165632.000000,165888.000000,256.000000,256.000000,0.000000,256.000000,0.000000,0.000000,0.000000000,Source metric: sit_no_work_window_active
648,165888.000000,166144.000000,256.000000,256.000000,0.000000,256.000000,0.000000,0.000000,0.000000000,Source metric: sit_no_work_window_active
649,166144.000000,166400.000000,256.000000,256.000000,0.000000,256.000000,0.000000,0.000000,0.000000000,Source metric: sit_no_work_window_active
650,166400.000000,166656.000000,256.000000,256.000000,0.000000,256.000000,0.000000,0.000000,0.000000000,Source metric: sit_no_work_window_active
651,166656.000000,166912.000000,256.000000,256.000000,0.000000,256.000000,0.000000,0.000000,0.000000000,Source metric: sit_no_work_window_active
652,166912.000000,167168.000000,256.000000,256.000000,0.000000,256.000000,0.000000,0.000000,0.000000000,Source metric: sit_no_work_window_active
653,167168.000000,167424.000000,256.000000,256.000000,0.000000,256.000000,0.000000,0.000000,0.000000000,Source metric: sit_no_work_window_active
654,167424.000000,167680.000000,256.000000,256.000000,0.000000,256.000000,0.000000,0.000000,0.000000000,Source metric: sit_no_work_window_active
655,167680.000000,167936.000000,256.000000,256.000000,0.000000,256.000000,0.000000,0.000000,0.000000000,Source metric: sit_no_work_window_active
656,167936.000000,168192.000000,256.000000,256.000000,0.000000,256.000000,0.000000,0.000000,0.000000000,Source metric: sit_no_work_window_active
657,168192.000000,168448.000000,256.000000,256.000000,0.000000,256.000000,0.000000,0.000000,0.000000000,Source metric: sit_no_work_window_active
658,168448.000000,168704.000000,256.000000,256.000000,0.000000,256.000000,0.000000,0.000000,0.000000000,Source metric: sit_no_work_window_active
659,168704.000000,168960.000000,256.000000,256.000000,0.000000,256.000000,0.000000,0.000000,0.000000000,Source metric: sit_no_work_window_active
660,168960.000000,169216.000000,256.000000,256.000000,0.000000,256.000000,0.000000,0.000000,0.000000000,Source metric: sit_no_work_window_active
661,169216.000000,169472.000000,256.000000,256.000000,0.000000,256.000000,0.000000,0.000000,0.000000000,Source metric: sit_no_work_window_active
662,169472.000000,169728.000000,256.000000,256.000000,0.000000,256.000000,0.000000,0.000000,0.000000000,Source metric: sit_no_work_window_active
663,169728.000000,169984.000000,256.000000,256.000000,0.000000,256.000000,0.000000,0.000000,0.000000000,Source metric: sit_no_work_window_active
664,169984.000000,170240.000000,256.000000,256.000000,0.000000,256.000000,0.000000,0.000000,0.000000000,Source metric: sit_no_work_window_active
665,170240.000000,170496.000000,256.000000,256.000000,0.000000,256.000000,0.000000,0.000000,0.000000000,Source metric: sit_no_work_window_active
666,170496.000000,170752.000000,256.000000,256.000000,0.000000,256.000000,0.000000,0.000000,0.000000000,Source metric: sit_no_work_window_active
667,170752.000000,171008.000000,256.000000,256.000000,0.000000,256.000000,0.000000,0.000000,0.000000000,Source metric: sit_no_work_window_active
668,171008.000000,171264.000000,256.000000,256.000000,0.000000,256.000000,0.000000,0.000000,0.000000000,Source metric: sit_no_work_window_active
669,171264.000000,171520.000000,256.000000,256.000000,0.000000,256.000000,0.000000,0.000000,0.000000000,Source metric: sit_no_work_window_active
670,171520.000000,171776.000000,256.000000,256.000000,0.000000,256.000000,0.000000,0.000000,0.000000000,Source metric: sit_no_work_window_active
671,171776.000000,172032.000000,256.000000,256.000000,0.000000,256.000000,0.000000,0.000000,0.000000000,Source metric: sit_no_work_window_active
672,172032.000000,172288.000000,256.000000,256.000000,0.000000,256.000000,0.000000,0.000000,0.000000000,Source metric: sit_no_work_window_active
673,172288.000000,172544.000000,256.000000,256.000000,0.000000,256.000000,0.000000,0.000000,0.000000000,Source metric: sit_no_work_window_active
674,172544.000000,172800.000000,256.000000,256.000000,0.000000,256.000000,0.000000,0.000000,0.000000000,Source metric: sit_no_work_window_active
675,172800.000000,173056.000000,256.000000,256.000000,0.000000,256.000000,0.000000,0.000000,0.000000000,Source metric: sit_no_work_window_active
676,173056.000000,173312.000000,256.000000,256.000000,0.000000,256.000000,0.000000,0.000000,0.000000000,Source metric: sit_no_work_window_active
677,173312.000000,173568.000000,256.000000,256.000000,0.000000,256.000000,0.000000,0.000000,0.000000000,Source metric: sit_no_work_window_active
678,173568.000000,173824.000000,256.000000,256.000000,0.000000,256.000000,0.000000,0.000000,0.000000000,Source metric: sit_no_work_window_active
679,173824.000000,174080.000000,256.000000,256.000000,0.000000,256.000000,0.000000,0.000000,0.000000000,Source metric: sit_no_work_window_active
680,174080.000000,174336.000000,256.000000,256.000000,0.000000,256.000000,0.000000,0.000000,0.000000000,Source metric: sit_no_work_window_active
681,174336.000000,174592.000000,256.000000,256.000000,0.000000,256.000000,0.000000,0.000000,0.000000000,Source metric: sit_no_work_window_active
682,174592.000000,174848.000000,256.000000,256.000000,0.000000,256.000000,0.000000,0.000000,0.000000000,Source metric: sit_no_work_window_active
683,174848.000000,175104.000000,256.000000,256.000000,0.000000,256.000000,0.000000,0.000000,0.000000000,Source metric: sit_no_work_window_active
684,175104.000000,175360.000000,256.000000,256.000000,0.000000,256.000000,0.000000,0.000000,0.000000000,Source metric: sit_no_work_window_active
685,175360.000000,175616.000000,256.000000,256.000000,0.000000,256.000000,0.000000,0.000000,0.000000000,Source metric: sit_no_work_window_active
686,175616.000000,175872.000000,256.000000,256.000000,0.000000,256.000000,0.000000,0.000000,0.000000000,Source metric: sit_no_work_window_active
687,175872.000000,176128.000000,256.000000,256.000000,0.000000,256.000000,0.000000,0.000000,0.000000000,Source metric: sit_no_work_window_active
688,176128.000000,176384.000000,256.000000,256.000000,0.000000,256.000000,0.000000,0.000000,0.000000000,Source metric: sit_no_work_window_active
689,176384.000000,176640.000000,256.000000,256.000000,0.000000,256.000000,0.000000,0.000000,0.000000000,Source metric: sit_no_work_window_active
690,176640.000000,176896.000000,256.000000,256.000000,0.000000,256.000000,0.000000,0.000000,0.000000000,Source metric: sit_no_work_window_active
691,176896.000000,177152.000000,256.000000,256.000000,0.000000,256.000000,0.000000,0.000000,0.000000000,Source metric: sit_no_work_window_active
692,177152.000000,177408.000000,256.000000,256.000000,0.000000,256.000000,0.000000,0.000000,0.000000000,Source metric: sit_no_work_window_active
693,177408.000000,177664.000000,256.000000,256.000000,0.000000,256.000000,0.000000,0.000000,0.000000000,Source metric: sit_no_work_window_active
694,177664.000000,177920.000000,256.000000,256.000000,0.000000,256.000000,0.000000,0.000000,0.000000000,Source metric: sit_no_work_window_active
695,177920.000000,178176.000000,256.000000,256.000000,0.000000,256.000000,0.000000,0.000000,0.000000000,Source metric: sit_no_work_window_active
696,178176.000000,178432.000000,256.000000,256.000000,0.000000,256.000000,0.000000,0.000000,0.000000000,Source metric: sit_no_work_window_active
697,178432.000000,178688.000000,256.000000,256.000000,0.000000,256.000000,0.000000,0.000000,0.000000000,Source metric: sit_no_work_window_active
698,178688.000000,178944.000000,256.000000,256.000000,0.000000,256.000000,0.000000,0.000000,0.000000000,Source metric: sit_no_work_window_active
699,178944.000000,179200.000000,256.000000,256.000000,0.000000,256.000000,0.000000,0.000000,0.000000000,Source metric: sit_no_work_window_active
700,179200.000000,179456.000000,256.000000,256.000000,0.000000,256.000000,0.000000,0.000000,0.000000000,Source metric: sit_no_work_window_active
701,179456.000000,179712.000000,256.000000,256.000000,0.000000,256.000000,0.000000,0.000000,0.000000000,Source metric: sit_no_work_window_active
702,179712.000000,179968.000000,256.000000,256.000000,0.000000,256.000000,0.000000,0.000000,0.000000000,Source metric: sit_no_work_window_active
703,179968.000000,180224.000000,256.000000,256.000000,0.000000,256.000000,0.000000,0.000000,0.000000000,Source metric: sit_no_work_window_active
704,180224.000000,180480.000000,256.000000,256.000000,0.000000,256.000000,0.000000,0.000000,0.000000000,Source metric: sit_no_work_window_active
705,180480.000000,180736.000000,256.000000,256.000000,0.000000,256.000000,0.000000,0.000000,0.000000000,Source metric: sit_no_work_window_active
706,180736.000000,180992.000000,256.000000,256.000000,0.000000,256.000000,0.000000,0.000000,0.000000000,Source metric: sit_no_work_window_active
707,180992.000000,181248.000000,256.000000,256.000000,0.000000,256.000000,0.000000,0.000000,0.000000000,Source metric: sit_no_work_window_active
708,181248.000000,181504.000000,256.000000,256.000000,0.000000,256.000000,0.000000,0.000000,0.000000000,Source metric: sit_no_work_window_active
709,181504.000000,181760.000000,256.000000,256.000000,0.000000,256.000000,0.000000,0.000000,0.000000000,Source metric: sit_no_work_window_active
710,181760.000000,182016.000000,256.000000,256.000000,0.000000,256.000000,0.000000,0.000000,0.000000000,Source metric: sit_no_work_window_active
711,182016.000000,182272.000000,256.000000,256.000000,0.000000,256.000000,0.000000,0.000000,0.000000000,Source metric: sit_no_work_window_active
712,182272.000000,182528.000000,256.000000,256.000000,0.000000,256.000000,0.000000,0.000000,0.000000000,Source metric: sit_no_work_window_active
713,182528.000000,182784.000000,256.000000,256.000000,0.000000,256.000000,0.000000,0.000000,0.000000000,Source metric: sit_no_work_window_active
714,182784.000000,183040.000000,256.000000,256.000000,0.000000,256.000000,0.000000,0.000000,0.000000000,Source metric: sit_no_work_window_active
715,183040.000000,183296.000000,256.000000,256.000000,0.000000,256.000000,0.000000,0.000000,0.000000000,Source metric: sit_no_work_window_active
716,183296.000000,183552.000000,256.000000,256.000000,0.000000,256.000000,0.000000,0.000000,0.000000000,Source metric: sit_no_work_window_active
717,183552.000000,183808.000000,256.000000,256.000000,0.000000,256.000000,0.000000,0.000000,0.000000000,Source metric: sit_no_work_window_active
718,183808.000000,184064.000000,256.000000,256.000000,0.000000,256.000000,0.000000,0.000000,0.000000000,Source metric: sit_no_work_window_active
719,184064.000000,184320.000000,256.000000,256.000000,0.000000,256.000000,0.000000,0.000000,0.000000000,Source metric: sit_no_work_window_active
720,184320.000000,184576.000000,256.000000,256.000000,0.000000,256.000000,0.000000,0.000000,0.000000000,Source metric: sit_no_work_window_active
721,184576.000000,184832.000000,256.000000,256.000000,0.000000,256.000000,0.000000,0.000000,0.000000000,Source metric: sit_no_work_window_active
722,184832.000000,185088.000000,256.000000,256.000000,0.000000,256.000000,0.000000,0.000000,0.000000000,Source metric: sit_no_work_window_active
723,185088.000000,185344.000000,256.000000,256.000000,0.000000,256.000000,0.000000,0.000000,0.000000000,Source metric: sit_no_work_window_active
724,185344.000000,185600.000000,256.000000,256.000000,0.000000,256.000000,0.000000,0.000000,0.000000000,Source metric: sit_no_work_window_active
725,185600.000000,185856.000000,256.000000,256.000000,0.000000,256.000000,0.000000,0.000000,0.000000000,Source metric: sit_no_work_window_active
726,185856.000000,186112.000000,256.000000,256.000000,0.000000,256.000000,0.000000,0.000000,0.000000000,Source metric: sit_no_work_window_active
727,186112.000000,186368.000000,256.000000,256.000000,0.000000,256.000000,0.000000,0.000000,0.000000000,Source metric: sit_no_work_window_active
728,186368.000000,186624.000000,256.000000,256.000000,0.000000,256.000000,0.000000,0.000000,0.000000000,Source metric: sit_no_work_window_active
729,186624.000000,186880.000000,256.000000,256.000000,0.000000,256.000000,0.000000,0.000000,0.000000000,Source metric: sit_no_work_window_active
730,186880.000000,187136.000000,256.000000,256.000000,0.000000,256.000000,0.000000,0.000000,0.000000000,Source metric: sit_no_work_window_active
731,187136.000000,187392.000000,256.000000,256.000000,0.000000,256.000000,0.000000,0.000000,0.000000000,Source metric: sit_no_work_window_active
732,187392.000000,187648.000000,256.000000,256.000000,0.000000,256.000000,0.000000,0.000000,0.000000000,Source metric: sit_no_work_window_active
733,187648.000000,187904.000000,256.000000,256.000000,0.000000,256.000000,0.000000,0.000000,0.000000000,Source metric: sit_no_work_window_active
734,187904.000000,188160.000000,256.000000,256.000000,0.000000,256.000000,0.000000,0.000000,0.000000000,Source metric: sit_no_work_window_active
735,188160.000000,188416.000000,256.000000,256.000000,0.000000,256.000000,0.000000,0.000000,0.000000000,Source metric: sit_no_work_window_active
736,188416.000000,188672.000000,256.000000,256.000000,0.000000,256.000000,0.000000,0.000000,0.000000000,Source metric: sit_no_work_window_active
737,188672.000000,188928.000000,256.000000,256.000000,0.000000,256.000000,0.000000,0.000000,0.000000000,Source metric: sit_no_work_window_active
738,188928.000000,189184.000000,256.000000,256.000000,0.000000,256.000000,0.000000,0.000000,0.000000000,Source metric: sit_no_work_window_active
739,189184.000000,189440.000000,256.000000,256.000000,0.000000,256.000000,0.000000,0.000000,0.000000000,Source metric: sit_no_work_window_active
740,189440.000000,189696.000000,256.000000,256.000000,0.000000,256.000000,0.000000,0.000000,0.000000000,Source metric: sit_no_work_window_active
741,189696.000000,189952.000000,256.000000,256.000000,0.000000,256.000000,0.000000,0.000000,0.000000000,Source metric: sit_no_work_window_active
742,189952.000000,190208.000000,256.000000,256.000000,0.000000,256.000000,0.000000,0.000000,0.000000000,Source metric: sit_no_work_window_active
743,190208.000000,190464.000000,256.000000,256.000000,0.000000,256.000000,0.000000,0.000000,0.000000000,Source metric: sit_no_work_window_active
744,190464.000000,190720.000000,256.000000,256.000000,0.000000,256.000000,0.000000,0.000000,0.000000000,Source metric: sit_no_work_window_active
745,190720.000000,190976.000000,256.000000,256.000000,0.000000,256.000000,0.000000,0.000000,0.000000000,Source metric: sit_no_work_window_active
746,190976.000000,191232.000000,256.000000,256.000000,0.000000,256.000000,0.000000,0.000000,0.000000000,Source metric: sit_no_work_window_active
747,191232.000000,191488.000000,256.000000,256.000000,0.000000,256.000000,0.000000,0.000000,0.000000000,Source metric: sit_no_work_window_active
748,191488.000000,191744.000000,256.000000,256.000000,0.000000,256.000000,0.000000,0.000000,0.000000000,Source metric: sit_no_work_window_active
749,191744.000000,192000.000000,256.000000,256.000000,0.000000,256.000000,0.000000,0.000000,0.000000000,Source metric: sit_no_work_window_active
750,192000.000000,192256.000000,256.000000,256.000000,0.000000,256.000000,0.000000,0.000000,0.000000000,Source metric: sit_no_work_window_active
751,192256.000000,192512.000000,256.000000,256.000000,0.000000,256.000000,0.000000,0.000000,0.000000000,Source metric: sit_no_work_window_active
752,192512.000000,192768.000000,256.000000,256.000000,0.000000,256.000000,0.000000,0.000000,0.000000000,Source metric: sit_no_work_window_active
753,192768.000000,193024.000000,256.000000,256.000000,0.000000,256.000000,0.000000,0.000000,0.000000000,Source metric: sit_no_work_window_active
754,193024.000000,193280.000000,256.000000,256.000000,0.000000,256.000000,0.000000,0.000000,0.000000000,Source metric: sit_no_work_window_active
755,193280.000000,193536.000000,256.000000,256.000000,0.000000,256.000000,0.000000,0.000000,0.000000000,Source metric: sit_no_work_window_active
756,193536.000000,193792.000000,256.000000,256.000000,0.000000,256.000000,0.000000,0.000000,0.000000000,Source metric: sit_no_work_window_active
757,193792.000000,194048.000000,256.000000,256.000000,0.000000,256.000000,0.000000,0.000000,0.000000000,Source metric: sit_no_work_window_active
758,194048.000000,194304.000000,256.000000,256.000000,0.000000,256.000000,0.000000,0.000000,0.000000000,Source metric: sit_no_work_window_active
759,194304.000000,194560.000000,256.000000,256.000000,0.000000,256.000000,0.000000,0.000000,0.000000000,Source metric: sit_no_work_window_active
760,194560.000000,194816.000000,256.000000,256.000000,0.000000,256.000000,0.000000,0.000000,0.000000000,Source metric: sit_no_work_window_active
761,194816.000000,195072.000000,256.000000,256.000000,0.000000,256.000000,0.000000,0.000000,0.000000000,Source metric: sit_no_work_window_active
762,195072.000000,195328.000000,256.000000,256.000000,0.000000,256.000000,0.000000,0.000000,0.000000000,Source metric: sit_no_work_window_active
763,195328.000000,195584.000000,256.000000,256.000000,0.000000,256.000000,0.000000,0.000000,0.000000000,Source metric: sit_no_work_window_active
764,195584.000000,195840.000000,256.000000,256.000000,0.000000,256.000000,0.000000,0.000000,0.000000000,Source metric: sit_no_work_window_active
765,195840.000000,196096.000000,256.000000,256.000000,0.000000,256.000000,0.000000,0.000000,0.000000000,Source metric: sit_no_work_window_active
766,196096.000000,196352.000000,256.000000,256.000000,0.000000,256.000000,0.000000,0.000000,0.000000000,Source metric: sit_no_work_window_active
767,196352.000000,196608.000000,256.000000,256.000000,0.000000,256.000000,0.000000,0.000000,0.000000000,Source metric: sit_no_work_window_active
768,196608.000000,196864.000000,256.000000,256.000000,0.000000,256.000000,0.000000,0.000000,0.000000000,Source metric: sit_no_work_window_active
769,196864.000000,197120.000000,256.000000,256.000000,0.000000,256.000000,0.000000,0.000000,0.000000000,Source metric: sit_no_work_window_active
770,197120.000000,197376.000000,256.000000,256.000000,0.000000,256.000000,0.000000,0.000000,0.000000000,Source metric: sit_no_work_window_active
771,197376.000000,197632.000000,256.000000,256.000000,0.000000,256.000000,0.000000,0.000000,0.000000000,Source metric: sit_no_work_window_active
772,197632.000000,197888.000000,256.000000,256.000000,0.000000,256.000000,0.000000,0.000000,0.000000000,Source metric: sit_no_work_window_active
773,197888.000000,198144.000000,256.000000,256.000000,0.000000,256.000000,0.000000,0.000000,0.000000000,Source metric: sit_no_work_window_active
774,198144.000000,198400.000000,256.000000,256.000000,0.000000,256.000000,0.000000,0.000000,0.000000000,Source metric: sit_no_work_window_active
775,198400.000000,198656.000000,256.000000,256.000000,0.000000,256.000000,0.000000,0.000000,0.000000000,Source metric: sit_no_work_window_active
776,198656.000000,198912.000000,256.000000,256.000000,0.000000,256.000000,0.000000,0.000000,0.000000000,Source metric: sit_no_work_window_active
777,198912.000000,199168.000000,256.000000,256.000000,0.000000,256.000000,0.000000,0.000000,0.000000000,Source metric: sit_no_work_window_active
778,199168.000000,199424.000000,256.000000,256.000000,0.000000,256.000000,0.000000,0.000000,0.000000000,Source metric: sit_no_work_window_active
779,199424.000000,199680.000000,256.000000,256.000000,0.000000,256.000000,0.000000,0.000000,0.000000000,Source metric: sit_no_work_window_active
780,199680.000000,199936.000000,256.000000,256.000000,0.000000,256.000000,0.000000,0.000000,0.000000000,Source metric: sit_no_work_window_active
781,199936.000000,200192.000000,256.000000,256.000000,0.000000,256.000000,0.000000,0.000000,0.000000000,Source metric: sit_no_work_window_active
782,200192.000000,200448.000000,256.000000,256.000000,0.000000,256.000000,0.000000,0.000000,0.000000000,Source metric: sit_no_work_window_active
783,200448.000000,200704.000000,256.000000,256.000000,0.000000,256.000000,0.000000,0.000000,0.000000000,Source metric: sit_no_work_window_active
784,200704.000000,200960.000000,256.000000,256.000000,0.000000,256.000000,0.000000,0.000000,0.000000000,Source metric: sit_no_work_window_active
785,200960.000000,201216.000000,256.000000,256.000000,0.000000,256.000000,0.000000,0.000000,0.000000000,Source metric: sit_no_work_window_active
786,201216.000000,201472.000000,256.000000,256.000000,0.000000,256.000000,0.000000,0.000000,0.000000000,Source metric: sit_no_work_window_active
787,201472.000000,201728.000000,256.000000,256.000000,0.000000,256.000000,0.000000,0.000000,0.000000000,Source metric: sit_no_work_window_active
788,201728.000000,201984.000000,256.000000,256.000000,0.000000,256.000000,0.000000,0.000000,0.000000000,Source metric: sit_no_work_window_active
789,201984.000000,202240.000000,256.000000,256.000000,0.000000,256.000000,0.000000,0.000000,0.000000000,Source metric: sit_no_work_window_active
790,202240.000000,202496.000000,256.000000,256.000000,0.000000,256.000000,0.000000,0.000000,0.000000000,Source metric: sit_no_work_window_active
791,202496.000000,202752.000000,256.000000,256.000000,0.000000,256.000000,0.000000,0.000000,0.000000000,Source metric: sit_no_work_window_active
792,202752.000000,203008.000000,256.000000,256.000000,0.000000,256.000000,0.000000,0.000000,0.000000000,Source metric: sit_no_work_window_active
793,203008.000000,203264.000000,256.000000,256.000000,0.000000,256.000000,0.000000,0.000000,0.000000000,Source metric: sit_no_work_window_active
794,203264.000000,203520.000000,256.000000,256.000000,0.000000,256.000000,0.000000,0.000000,0.000000000,Source metric: sit_no_work_window_active
795,203520.000000,203776.000000,256.000000,256.000000,0.000000,256.000000,0.000000,0.000000,0.000000000,Source metric: sit_no_work_window_active
796,203776.000000,204032.000000,256.000000,256.000000,0.000000,256.000000,0.000000,0.000000,0.000000000,Source metric: sit_no_work_window_active
797,204032.000000,204288.000000,256.000000,256.000000,0.000000,256.000000,0.000000,0.000000,0.000000000,Source metric: sit_no_work_window_active
798,204288.000000,204544.000000,256.000000,256.000000,0.000000,256.000000,0.000000,0.000000,0.000000000,Source metric: sit_no_work_window_active
799,204544.000000,204800.000000,256.000000,256.000000,0.000000,256.000000,0.000000,0.000000,0.000000000,Source metric: sit_no_work_window_active
800,204800.000000,205056.000000,256.000000,256.000000,0.000000,256.000000,0.000000,0.000000,0.000000000,Source metric: sit_no_work_window_active
801,205056.000000,205312.000000,256.000000,256.000000,0.000000,256.000000,0.000000,0.000000,0.000000000,Source metric: sit_no_work_window_active
802,205312.000000,205568.000000,256.000000,256.000000,0.000000,256.000000,0.000000,0.000000,0.000000000,Source metric: sit_no_work_window_active
803,205568.000000,205824.000000,256.000000,256.000000,0.000000,256.000000,0.000000,0.000000,0.000000000,Source metric: sit_no_work_window_active
804,205824.000000,206080.000000,256.000000,256.000000,0.000000,256.000000,0.000000,0.000000,0.000000000,Source metric: sit_no_work_window_active
805,206080.000000,206336.000000,256.000000,256.000000,0.000000,256.000000,0.000000,0.000000,0.000000000,Source metric: sit_no_work_window_active
806,206336.000000,206592.000000,256.000000,256.000000,0.000000,256.000000,0.000000,0.000000,0.000000000,Source metric: sit_no_work_window_active
807,206592.000000,206848.000000,256.000000,256.000000,0.000000,256.000000,0.000000,0.000000,0.000000000,Source metric: sit_no_work_window_active
808,206848.000000,207104.000000,256.000000,256.000000,0.000000,256.000000,0.000000,0.000000,0.000000000,Source metric: sit_no_work_window_active
809,207104.000000,207360.000000,256.000000,256.000000,0.000000,256.000000,0.000000,0.000000,0.000000000,Source metric: sit_no_work_window_active
810,207360.000000,207616.000000,256.000000,256.000000,0.000000,256.000000,0.000000,0.000000,0.000000000,Source metric: sit_no_work_window_active
811,207616.000000,207872.000000,256.000000,256.000000,0.000000,256.000000,0.000000,0.000000,0.000000000,Source metric: sit_no_work_window_active
812,207872.000000,208128.000000,256.000000,256.000000,0.000000,256.000000,0.000000,0.000000,0.000000000,Source metric: sit_no_work_window_active
813,208128.000000,208384.000000,256.000000,256.000000,0.000000,256.000000,0.000000,0.000000,0.000000000,Source metric: sit_no_work_window_active
814,208384.000000,208640.000000,256.000000,256.000000,0.000000,256.000000,0.000000,0.000000,0.000000000,Source metric: sit_no_work_window_active
815,208640.000000,208896.000000,256.000000,256.000000,0.000000,256.000000,0.000000,0.000000,0.000000000,Source metric: sit_no_work_window_active
816,208896.000000,209152.000000,256.000000,256.000000,0.000000,256.000000,0.000000,0.000000,0.000000000,Source metric: sit_no_work_window_active
817,209152.000000,209408.000000,256.000000,256.000000,0.000000,256.000000,0.000000,0.000000,0.000000000,Source metric: sit_no_work_window_active
818,209408.000000,209664.000000,256.000000,256.000000,0.000000,256.000000,0.000000,0.000000,0.000000000,Source metric: sit_no_work_window_active
819,209664.000000,209920.000000,256.000000,256.000000,0.000000,256.000000,0.000000,0.000000,0.000000000,Source metric: sit_no_work_window_active
820,209920.000000,210176.000000,256.000000,256.000000,0.000000,256.000000,0.000000,0.000000,0.000000000,Source metric: sit_no_work_window_active
821,210176.000000,210432.000000,256.000000,256.000000,0.000000,256.000000,0.000000,0.000000,0.000000000,Source metric: sit_no_work_window_active
822,210432.000000,210688.000000,256.000000,256.000000,0.000000,256.000000,0.000000,0.000000,0.000000000,Source metric: sit_no_work_window_active
823,210688.000000,210944.000000,256.000000,256.000000,0.000000,256.000000,0.000000,0.000000,0.000000000,Source metric: sit_no_work_window_active
824,210944.000000,211200.000000,256.000000,256.000000,0.000000,256.000000,0.000000,0.000000,0.000000000,Source metric: sit_no_work_window_active
825,211200.000000,211456.000000,256.000000,256.000000,0.000000,256.000000,0.000000,0.000000,0.000000000,Source metric: sit_no_work_window_active
826,211456.000000,211712.000000,256.000000,256.000000,0.000000,256.000000,0.000000,0.000000,0.000000000,Source metric: sit_no_work_window_active
827,211712.000000,211968.000000,256.000000,256.000000,0.000000,256.000000,0.000000,0.000000,0.000000000,Source metric: sit_no_work_window_active
828,211968.000000,212224.000000,256.000000,256.000000,0.000000,256.000000,0.000000,0.000000,0.000000000,Source metric: sit_no_work_window_active
829,212224.000000,212480.000000,256.000000,256.000000,0.000000,256.000000,0.000000,0.000000,0.000000000,Source metric: sit_no_work_window_active
830,212480.000000,212736.000000,256.000000,256.000000,0.000000,256.000000,0.000000,0.000000,0.000000000,Source metric: sit_no_work_window_active
831,212736.000000,212992.000000,256.000000,256.000000,0.000000,256.000000,0.000000,0.000000,0.000000000,Source metric: sit_no_work_window_active
832,212992.000000,213248.000000,256.000000,256.000000,0.000000,256.000000,0.000000,0.000000,0.000000000,Source metric: sit_no_work_window_active
833,213248.000000,213504.000000,256.000000,256.000000,0.000000,256.000000,0.000000,0.000000,0.000000000,Source metric: sit_no_work_window_active
834,213504.000000,213760.000000,256.000000,256.000000,0.000000,256.000000,0.000000,0.000000,0.000000000,Source metric: sit_no_work_window_active
835,213760.000000,214016.000000,256.000000,256.000000,0.000000,256.000000,0.000000,0.000000,0.000000000,Source metric: sit_no_work_window_active
836,214016.000000,214272.000000,256.000000,256.000000,0.000000,256.000000,0.000000,0.000000,0.000000000,Source metric: sit_no_work_window_active
837,214272.000000,214528.000000,256.000000,256.000000,0.000000,256.000000,0.000000,0.000000,0.000000000,Source metric: sit_no_work_window_active
838,214528.000000,214784.000000,256.000000,256.000000,0.000000,256.000000,0.000000,0.000000,0.000000000,Source metric: sit_no_work_window_active
839,214784.000000,215040.000000,256.000000,256.000000,0.000000,256.000000,0.000000,0.000000,0.000000000,Source metric: sit_no_work_window_active
840,215040.000000,215296.000000,256.000000,256.000000,0.000000,256.000000,0.000000,0.000000,0.000000000,Source metric: sit_no_work_window_active
841,215296.000000,215552.000000,256.000000,256.000000,0.000000,256.000000,0.000000,0.000000,0.000000000,Source metric: sit_no_work_window_active
842,215552.000000,215808.000000,256.000000,256.000000,0.000000,256.000000,0.000000,0.000000,0.000000000,Source metric: sit_no_work_window_active
843,215808.000000,216064.000000,256.000000,256.000000,0.000000,256.000000,0.000000,0.000000,0.000000000,Source metric: sit_no_work_window_active
844,216064.000000,216320.000000,256.000000,256.000000,0.000000,256.000000,0.000000,0.000000,0.000000000,Source metric: sit_no_work_window_active
845,216320.000000,216576.000000,256.000000,256.000000,0.000000,256.000000,0.000000,0.000000,0.000000000,Source metric: sit_no_work_window_active
846,216576.000000,216832.000000,256.000000,256.000000,0.000000,256.000000,0.000000,0.000000,0.000000000,Source metric: sit_no_work_window_active
847,216832.000000,217088.000000,256.000000,256.000000,0.000000,256.000000,0.000000,0.000000,0.000000000,Source metric: sit_no_work_window_active
848,217088.000000,217344.000000,256.000000,256.000000,0.000000,256.000000,0.000000,0.000000,0.000000000,Source metric: sit_no_work_window_active
849,217344.000000,217600.000000,256.000000,256.000000,0.000000,256.000000,0.000000,0.000000,0.000000000,Source metric: sit_no_work_window_active
850,217600.000000,217856.000000,256.000000,256.000000,0.000000,256.000000,0.000000,0.000000,0.000000000,Source metric: sit_no_work_window_active
851,217856.000000,218112.000000,256.000000,256.000000,0.000000,256.000000,0.000000,0.000000,0.000000000,Source metric: sit_no_work_window_active
852,218112.000000,218368.000000,256.000000,256.000000,0.000000,256.000000,0.000000,0.000000,0.000000000,Source metric: sit_no_work_window_active
853,218368.000000,218624.000000,256.000000,256.000000,0.000000,256.000000,0.000000,0.000000,0.000000000,Source metric: sit_no_work_window_active
854,218624.000000,218880.000000,256.000000,256.000000,0.000000,256.000000,0.000000,0.000000,0.000000000,Source metric: sit_no_work_window_active
855,218880.000000,219136.000000,256.000000,256.000000,0.000000,256.000000,0.000000,0.000000,0.000000000,Source metric: sit_no_work_window_active
856,219136.000000,219392.000000,256.000000,256.000000,0.000000,256.000000,0.000000,0.000000,0.000000000,Source metric: sit_no_work_window_active
857,219392.000000,219648.000000,256.000000,256.000000,0.000000,256.000000,0.000000,0.000000,0.000000000,Source metric: sit_no_work_window_active
858,219648.000000,219904.000000,256.000000,256.000000,0.000000,256.000000,0.000000,0.000000,0.000000000,Source metric: sit_no_work_window_active
859,219904.000000,220160.000000,256.000000,256.000000,0.000000,256.000000,0.000000,0.000000,0.000000000,Source metric: sit_no_work_window_active
860,220160.000000,220416.000000,256.000000,256.000000,0.000000,256.000000,0.000000,0.000000,0.000000000,Source metric: sit_no_work_window_active
861,220416.000000,220672.000000,256.000000,256.000000,0.000000,256.000000,0.000000,0.000000,0.000000000,Source metric: sit_no_work_window_active
862,220672.000000,220928.000000,256.000000,256.000000,0.000000,256.000000,0.000000,0.000000,0.000000000,Source metric: sit_no_work_window_active
863,220928.000000,221184.000000,256.000000,256.000000,0.000000,256.000000,0.000000,0.000000,0.000000000,Source metric: sit_no_work_window_active
864,221184.000000,221440.000000,256.000000,256.000000,0.000000,256.000000,0.000000,0.000000,0.000000000,Source metric: sit_no_work_window_active
865,221440.000000,221696.000000,256.000000,256.000000,0.000000,256.000000,0.000000,0.000000,0.000000000,Source metric: sit_no_work_window_active
866,221696.000000,221952.000000,256.000000,256.000000,0.000000,256.000000,0.000000,0.000000,0.000000000,Source metric: sit_no_work_window_active
867,221952.000000,222208.000000,256.000000,256.000000,0.000000,256.000000,0.000000,0.000000,0.000000000,Source metric: sit_no_work_window_active
868,222208.000000,222464.000000,256.000000,256.000000,0.000000,256.000000,0.000000,0.000000,0.000000000,Source metric: sit_no_work_window_active
869,222464.000000,222720.000000,256.000000,256.000000,0.000000,256.000000,0.000000,0.000000,0.000000000,Source metric: sit_no_work_window_active
870,222720.000000,222976.000000,256.000000,256.000000,0.000000,256.000000,0.000000,0.000000,0.000000000,Source metric: sit_no_work_window_active
871,222976.000000,223232.000000,256.000000,256.000000,0.000000,256.000000,0.000000,0.000000,0.000000000,Source metric: sit_no_work_window_active
872,223232.000000,223488.000000,256.000000,256.000000,0.000000,256.000000,0.000000,0.000000,0.000000000,Source metric: sit_no_work_window_active
873,223488.000000,223744.000000,256.000000,256.000000,0.000000,256.000000,0.000000,0.000000,0.000000000,Source metric: sit_no_work_window_active
874,223744.000000,224000.000000,256.000000,256.000000,0.000000,256.000000,0.000000,0.000000,0.000000000,Source metric: sit_no_work_window_active
875,224000.000000,224256.000000,256.000000,256.000000,0.000000,256.000000,0.000000,0.000000,0.000000000,Source metric: sit_no_work_window_active
876,224256.000000,224512.000000,256.000000,256.000000,0.000000,256.000000,0.000000,0.000000,0.000000000,Source metric: sit_no_work_window_active
877,224512.000000,224768.000000,256.000000,256.000000,0.000000,256.000000,0.000000,0.000000,0.000000000,Source metric: sit_no_work_window_active
878,224768.000000,225024.000000,256.000000,256.000000,0.000000,256.000000,0.000000,0.000000,0.000000000,Source metric: sit_no_work_window_active
879,225024.000000,225280.000000,256.000000,256.000000,0.000000,256.000000,0.000000,0.000000,0.000000000,Source metric: sit_no_work_window_active
880,225280.000000,225536.000000,256.000000,256.000000,0.000000,256.000000,0.000000,0.000000,0.000000000,Source metric: sit_no_work_window_active
881,225536.000000,225792.000000,256.000000,256.000000,0.000000,256.000000,0.000000,0.000000,0.000000000,Source metric: sit_no_work_window_active
882,225792.000000,226048.000000,256.000000,256.000000,0.000000,256.000000,0.000000,0.000000,0.000000000,Source metric: sit_no_work_window_active
883,226048.000000,226304.000000,256.000000,256.000000,0.000000,256.000000,0.000000,0.000000,0.000000000,Source metric: sit_no_work_window_active
884,226304.000000,226560.000000,256.000000,256.000000,0.000000,256.000000,0.000000,0.000000,0.000000000,Source metric: sit_no_work_window_active
885,226560.000000,226816.000000,256.000000,256.000000,0.000000,256.000000,0.000000,0.000000,0.000000000,Source metric: sit_no_work_window_active
886,226816.000000,227072.000000,256.000000,256.000000,0.000000,256.000000,0.000000,0.000000,0.000000000,Source metric: sit_no_work_window_active
887,227072.000000,227328.000000,256.000000,256.000000,0.000000,256.000000,0.000000,0.000000,0.000000000,Source metric: sit_no_work_window_active
888,227328.000000,227584.000000,256.000000,256.000000,0.000000,256.000000,0.000000,0.000000,0.000000000,Source metric: sit_no_work_window_active
889,227584.000000,227840.000000,256.000000,256.000000,0.000000,256.000000,0.000000,0.000000,0.000000000,Source metric: sit_no_work_window_active
890,227840.000000,228096.000000,256.000000,256.000000,0.000000,256.000000,0.000000,0.000000,0.000000000,Source metric: sit_no_work_window_active
891,228096.000000,228352.000000,256.000000,256.000000,0.000000,256.000000,0.000000,0.000000,0.000000000,Source metric: sit_no_work_window_active
892,228352.000000,228608.000000,256.000000,256.000000,0.000000,256.000000,0.000000,0.000000,0.000000000,Source metric: sit_no_work_window_active
893,228608.000000,228864.000000,256.000000,256.000000,0.000000,256.000000,0.000000,0.000000,0.000000000,Source metric: sit_no_work_window_active
894,228864.000000,229120.000000,256.000000,256.000000,0.000000,256.000000,0.000000,0.000000,0.000000000,Source metric: sit_no_work_window_active
895,229120.000000,229376.000000,256.000000,256.000000,0.000000,256.000000,0.000000,0.000000,0.000000000,Source metric: sit_no_work_window_active
896,229376.000000,229632.000000,256.000000,256.000000,0.000000,256.000000,0.000000,0.000000,0.000000000,Source metric: sit_no_work_window_active
897,229632.000000,229888.000000,256.000000,256.000000,0.000000,256.000000,0.000000,0.000000,0.000000000,Source metric: sit_no_work_window_active
898,229888.000000,230144.000000,256.000000,256.000000,0.000000,256.000000,0.000000,0.000000,0.000000000,Source metric: sit_no_work_window_active
899,230144.000000,230400.000000,256.000000,256.000000,0.000000,256.000000,0.000000,0.000000,0.000000000,Source metric: sit_no_work_window_active
900,230400.000000,230656.000000,256.000000,256.000000,0.000000,256.000000,0.000000,0.000000,0.000000000,Source metric: sit_no_work_window_active
901,230656.000000,230912.000000,256.000000,256.000000,0.000000,256.000000,0.000000,0.000000,0.000000000,Source metric: sit_no_work_window_active
902,230912.000000,231168.000000,256.000000,256.000000,0.000000,256.000000,0.000000,0.000000,0.000000000,Source metric: sit_no_work_window_active
903,231168.000000,231424.000000,256.000000,256.000000,0.000000,256.000000,0.000000,0.000000,0.000000000,Source metric: sit_no_work_window_active
904,231424.000000,231680.000000,256.000000,256.000000,0.000000,256.000000,0.000000,0.000000,0.000000000,Source metric: sit_no_work_window_active
905,231680.000000,231936.000000,256.000000,256.000000,0.000000,256.000000,0.000000,0.000000,0.000000000,Source metric: sit_no_work_window_active
906,231936.000000,232192.000000,256.000000,256.000000,0.000000,256.000000,0.000000,0.000000,0.000000000,Source metric: sit_no_work_window_active
907,232192.000000,232448.000000,256.000000,256.000000,0.000000,256.000000,0.000000,0.000000,0.000000000,Source metric: sit_no_work_window_active
908,232448.000000,232704.000000,256.000000,256.000000,0.000000,256.000000,0.000000,0.000000,0.000000000,Source metric: sit_no_work_window_active
909,232704.000000,232960.000000,256.000000,256.000000,0.000000,256.000000,0.000000,0.000000,0.000000000,Source metric: sit_no_work_window_active
910,232960.000000,233216.000000,256.000000,256.000000,0.000000,256.000000,0.000000,0.000000,0.000000000,Source metric: sit_no_work_window_active
911,233216.000000,233472.000000,256.000000,256.000000,0.000000,256.000000,0.000000,0.000000,0.000000000,Source metric: sit_no_work_window_active
912,233472.000000,233728.000000,256.000000,256.000000,0.000000,256.000000,0.000000,0.000000,0.000000000,Source metric: sit_no_work_window_active
913,233728.000000,233984.000000,256.000000,256.000000,0.000000,256.000000,0.000000,0.000000,0.000000000,Source metric: sit_no_work_window_active
914,233984.000000,234240.000000,256.000000,256.000000,0.000000,256.000000,0.000000,0.000000,0.000000000,Source metric: sit_no_work_window_active
915,234240.000000,234496.000000,256.000000,256.000000,125.000000,64.000000,67.000000,0.000000,0.488281250,Source metric: sit_no_work_window_active
916,234496.000000,234752.000000,256.000000,256.000000,158.000000,12.000000,86.000000,0.000000,0.617187500,Source metric: sit_no_work_window_active
917,234752.000000,235008.000000,256.000000,256.000000,158.000000,12.000000,86.000000,0.000000,0.617187500,Source metric: sit_no_work_window_active
918,235008.000000,235264.000000,256.000000,256.000000,158.000000,12.000000,86.000000,0.000000,0.617187500,Source metric: sit_no_work_window_active
919,235264.000000,235520.000000,256.000000,256.000000,158.000000,13.000000,85.000000,0.000000,0.617187500,Source metric: sit_no_work_window_active
920,235520.000000,235776.000000,256.000000,256.000000,160.000000,12.000000,84.000000,0.000000,0.625000000,Source metric: sit_no_work_window_active
921,235776.000000,236032.000000,256.000000,256.000000,158.000000,12.000000,86.000000,0.000000,0.617187500,Source metric: sit_no_work_window_active
922,236032.000000,236288.000000,256.000000,256.000000,159.000000,12.000000,85.000000,0.000000,0.621093750,Source metric: sit_no_work_window_active
923,236288.000000,236544.000000,256.000000,256.000000,157.000000,12.000000,87.000000,0.000000,0.613281250,Source metric: sit_no_work_window_active
924,236544.000000,236800.000000,256.000000,256.000000,158.000000,13.000000,85.000000,0.000000,0.617187500,Source metric: sit_no_work_window_active
925,236800.000000,237056.000000,256.000000,256.000000,160.000000,12.000000,84.000000,0.000000,0.625000000,Source metric: sit_no_work_window_active
926,237056.000000,237312.000000,256.000000,256.000000,159.000000,12.000000,85.000000,0.000000,0.621093750,Source metric: sit_no_work_window_active
927,237312.000000,237568.000000,256.000000,256.000000,159.000000,12.000000,85.000000,0.000000,0.621093750,Source metric: sit_no_work_window_active
928,237568.000000,237824.000000,256.000000,256.000000,157.000000,12.000000,87.000000,0.000000,0.613281250,Source metric: sit_no_work_window_active
929,237824.000000,238080.000000,256.000000,256.000000,158.000000,13.000000,85.000000,0.000000,0.617187500,Source metric: sit_no_work_window_active
930,238080.000000,238336.000000,256.000000,256.000000,159.000000,12.000000,85.000000,0.000000,0.621093750,Source metric: sit_no_work_window_active
931,238336.000000,238592.000000,256.000000,256.000000,160.000000,12.000000,84.000000,0.000000,0.625000000,Source metric: sit_no_work_window_active
932,238592.000000,238848.000000,256.000000,256.000000,158.000000,12.000000,86.000000,0.000000,0.617187500,Source metric: sit_no_work_window_active
933,238848.000000,239104.000000,256.000000,256.000000,158.000000,12.000000,86.000000,0.000000,0.617187500,Source metric: sit_no_work_window_active
934,239104.000000,239360.000000,256.000000,256.000000,158.000000,12.000000,86.000000,0.000000,0.617187500,Source metric: sit_no_work_window_active
935,239360.000000,239616.000000,256.000000,256.000000,158.000000,13.000000,85.000000,0.000000,0.617187500,Source metric: sit_no_work_window_active
936,239616.000000,239872.000000,256.000000,256.000000,167.000000,66.000000,23.000000,0.000000,0.652343750,Source metric: sit_no_work_window_active
937,239872.000000,240128.000000,256.000000,256.000000,170.000000,86.000000,0.000000,0.000000,0.664062500,Source metric: sit_no_work_window_active
938,240128.000000,240384.000000,256.000000,256.000000,171.000000,85.000000,0.000000,0.000000,0.667968750,Source metric: sit_no_work_window_active
939,240384.000000,240640.000000,256.000000,256.000000,171.000000,85.000000,0.000000,0.000000,0.667968750,Source metric: sit_no_work_window_active
940,240640.000000,240896.000000,256.000000,256.000000,170.000000,86.000000,0.000000,0.000000,0.664062500,Source metric: sit_no_work_window_active
941,240896.000000,241152.000000,256.000000,256.000000,171.000000,85.000000,0.000000,0.000000,0.667968750,Source metric: sit_no_work_window_active
942,241152.000000,241408.000000,256.000000,256.000000,171.000000,85.000000,0.000000,0.000000,0.667968750,Source metric: sit_no_work_window_active
943,241408.000000,241664.000000,256.000000,256.000000,170.000000,86.000000,0.000000,0.000000,0.664062500,Source metric: sit_no_work_window_active
944,241664.000000,241920.000000,256.000000,256.000000,171.000000,85.000000,0.000000,0.000000,0.667968750,Source metric: sit_no_work_window_active
945,241920.000000,242176.000000,256.000000,256.000000,171.000000,85.000000,0.000000,0.000000,0.667968750,Source metric: sit_no_work_window_active
946,242176.000000,242432.000000,256.000000,256.000000,170.000000,86.000000,0.000000,0.000000,0.664062500,Source metric: sit_no_work_window_active
947,242432.000000,242688.000000,256.000000,256.000000,171.000000,85.000000,0.000000,0.000000,0.667968750,Source metric: sit_no_work_window_active
948,242688.000000,242944.000000,256.000000,256.000000,171.000000,85.000000,0.000000,0.000000,0.667968750,Source metric: sit_no_work_window_active
949,242944.000000,243200.000000,256.000000,256.000000,170.000000,86.000000,0.000000,0.000000,0.664062500,Source metric: sit_no_work_window_active
950,243200.000000,243456.000000,256.000000,256.000000,171.000000,85.000000,0.000000,0.000000,0.667968750,Source metric: sit_no_work_window_active
951,243456.000000,243712.000000,256.000000,256.000000,171.000000,85.000000,0.000000,0.000000,0.667968750,Source metric: sit_no_work_window_active
952,243712.000000,243968.000000,256.000000,256.000000,170.000000,86.000000,0.000000,0.000000,0.664062500,Source metric: sit_no_work_window_active
953,243968.000000,244224.000000,256.000000,256.000000,171.000000,85.000000,0.000000,0.000000,0.667968750,Source metric: sit_no_work_window_active
954,244224.000000,244480.000000,256.000000,256.000000,171.000000,85.000000,0.000000,0.000000,0.667968750,Source metric: sit_no_work_window_active
955,244480.000000,244736.000000,256.000000,256.000000,170.000000,86.000000,0.000000,0.000000,0.664062500,Source metric: sit_no_work_window_active
956,244736.000000,244992.000000,256.000000,256.000000,171.000000,85.000000,0.000000,0.000000,0.667968750,Source metric: sit_no_work_window_active
957,244992.000000,245248.000000,256.000000,256.000000,171.000000,85.000000,0.000000,0.000000,0.667968750,Source metric: sit_no_work_window_active
958,245248.000000,245504.000000,256.000000,256.000000,170.000000,86.000000,0.000000,0.000000,0.664062500,Source metric: sit_no_work_window_active
959,245504.000000,245760.000000,256.000000,256.000000,171.000000,85.000000,0.000000,0.000000,0.667968750,Source metric: sit_no_work_window_active
960,245760.000000,246016.000000,256.000000,256.000000,171.000000,85.000000,0.000000,0.000000,0.667968750,Source metric: sit_no_work_window_active
961,246016.000000,246272.000000,256.000000,256.000000,170.000000,86.000000,0.000000,0.000000,0.664062500,Source metric: sit_no_work_window_active
962,246272.000000,246528.000000,256.000000,256.000000,171.000000,85.000000,0.000000,0.000000,0.667968750,Source metric: sit_no_work_window_active
963,246528.000000,246784.000000,256.000000,256.000000,171.000000,85.000000,0.000000,0.000000,0.667968750,Source metric: sit_no_work_window_active
964,246784.000000,247040.000000,256.000000,256.000000,170.000000,86.000000,0.000000,0.000000,0.664062500,Source metric: sit_no_work_window_active
965,247040.000000,247296.000000,256.000000,256.000000,171.000000,85.000000,0.000000,0.000000,0.667968750,Source metric: sit_no_work_window_active
966,247296.000000,247552.000000,256.000000,256.000000,171.000000,85.000000,0.000000,0.000000,0.667968750,Source metric: sit_no_work_window_active
967,247552.000000,247808.000000,256.000000,256.000000,170.000000,86.000000,0.000000,0.000000,0.664062500,Source metric: sit_no_work_window_active
968,247808.000000,248064.000000,256.000000,256.000000,171.000000,85.000000,0.000000,0.000000,0.667968750,Source metric: sit_no_work_window_active
969,248064.000000,248320.000000,256.000000,256.000000,171.000000,85.000000,0.000000,0.000000,0.667968750,Source metric: sit_no_work_window_active
970,248320.000000,248576.000000,256.000000,256.000000,170.000000,86.000000,0.000000,0.000000,0.664062500,Source metric: sit_no_work_window_active
971,248576.000000,248832.000000,256.000000,256.000000,171.000000,85.000000,0.000000,0.000000,0.667968750,Source metric: sit_no_work_window_active
972,248832.000000,249088.000000,256.000000,256.000000,171.000000,85.000000,0.000000,0.000000,0.667968750,Source metric: sit_no_work_window_active
973,249088.000000,249344.000000,256.000000,256.000000,170.000000,86.000000,0.000000,0.000000,0.664062500,Source metric: sit_no_work_window_active
974,249344.000000,249600.000000,256.000000,256.000000,171.000000,85.000000,0.000000,0.000000,0.667968750,Source metric: sit_no_work_window_active
975,249600.000000,249856.000000,256.000000,256.000000,171.000000,85.000000,0.000000,0.000000,0.667968750,Source metric: sit_no_work_window_active
976,249856.000000,250112.000000,256.000000,256.000000,170.000000,86.000000,0.000000,0.000000,0.664062500,Source metric: sit_no_work_window_active
977,250112.000000,250368.000000,256.000000,256.000000,171.000000,85.000000,0.000000,0.000000,0.667968750,Source metric: sit_no_work_window_active
978,250368.000000,250624.000000,256.000000,256.000000,171.000000,85.000000,0.000000,0.000000,0.667968750,Source metric: sit_no_work_window_active
979,250624.000000,250880.000000,256.000000,256.000000,170.000000,86.000000,0.000000,0.000000,0.664062500,Source metric: sit_no_work_window_active
980,250880.000000,251136.000000,256.000000,256.000000,171.000000,85.000000,0.000000,0.000000,0.667968750,Source metric: sit_no_work_window_active
981,251136.000000,251392.000000,256.000000,256.000000,171.000000,85.000000,0.000000,0.000000,0.667968750,Source metric: sit_no_work_window_active
982,251392.000000,251648.000000,256.000000,256.000000,170.000000,86.000000,0.000000,0.000000,0.664062500,Source metric: sit_no_work_window_active
983,251648.000000,251904.000000,256.000000,256.000000,171.000000,85.000000,0.000000,0.000000,0.667968750,Source metric: sit_no_work_window_active
984,251904.000000,252160.000000,256.000000,256.000000,171.000000,85.000000,0.000000,0.000000,0.667968750,Source metric: sit_no_work_window_active
985,252160.000000,252416.000000,256.000000,256.000000,170.000000,86.000000,0.000000,0.000000,0.664062500,Source metric: sit_no_work_window_active
986,252416.000000,252672.000000,256.000000,256.000000,171.000000,85.000000,0.000000,0.000000,0.667968750,Source metric: sit_no_work_window_active
987,252672.000000,252928.000000,256.000000,256.000000,171.000000,85.000000,0.000000,0.000000,0.667968750,Source metric: sit_no_work_window_active
988,252928.000000,253184.000000,256.000000,256.000000,170.000000,86.000000,0.000000,0.000000,0.664062500,Source metric: sit_no_work_window_active
989,253184.000000,253440.000000,256.000000,256.000000,171.000000,85.000000,0.000000,0.000000,0.667968750,Source metric: sit_no_work_window_active
990,253440.000000,253696.000000,256.000000,256.000000,171.000000,85.000000,0.000000,0.000000,0.667968750,Source metric: sit_no_work_window_active
991,253696.000000,253952.000000,256.000000,256.000000,170.000000,86.000000,0.000000,0.000000,0.664062500,Source metric: sit_no_work_window_active
992,253952.000000,254208.000000,256.000000,256.000000,171.000000,85.000000,0.000000,0.000000,0.667968750,Source metric: sit_no_work_window_active
993,254208.000000,254464.000000,256.000000,256.000000,171.000000,85.000000,0.000000,0.000000,0.667968750,Source metric: sit_no_work_window_active
994,254464.000000,254720.000000,256.000000,256.000000,170.000000,86.000000,0.000000,0.000000,0.664062500,Source metric: sit_no_work_window_active
995,254720.000000,254976.000000,256.000000,256.000000,171.000000,85.000000,0.000000,0.000000,0.667968750,Source metric: sit_no_work_window_active
996,254976.000000,255232.000000,256.000000,256.000000,49.000000,204.000000,3.000000,0.000000,0.191406250,Source metric: sit_no_work_window_active
997,255232.000000,255488.000000,256.000000,256.000000,0.000000,256.000000,0.000000,0.000000,0.000000000,Source metric: sit_no_work_window_active
998,255488.000000,255744.000000,256.000000,256.000000,0.000000,256.000000,0.000000,0.000000,0.000000000,Source metric: sit_no_work_window_active
999,255744.000000,256000.000000,256.000000,256.000000,0.000000,256.000000,0.000000,0.000000,0.000000000,Source metric: sit_no_work_window_active
1000,256000.000000,256256.000000,256.000000,256.000000,0.000000,256.000000,0.000000,0.000000,0.000000000,Source metric: sit_no_work_window_active
1001,256256.000000,256512.000000,256.000000,256.000000,0.000000,256.000000,0.000000,0.000000,0.000000000,Source metric: sit_no_work_window_active
1002,256512.000000,256768.000000,256.000000,256.000000,0.000000,256.000000,0.000000,0.000000,0.000000000,Source metric: sit_no_work_window_active
1003,256768.000000,257024.000000,256.000000,256.000000,0.000000,256.000000,0.000000,0.000000,0.000000000,Source metric: sit_no_work_window_active
1004,257024.000000,257280.000000,256.000000,256.000000,0.000000,256.000000,0.000000,0.000000,0.000000000,Source metric: sit_no_work_window_active
1005,257280.000000,257536.000000,256.000000,256.000000,0.000000,256.000000,0.000000,0.000000,0.000000000,Source metric: sit_no_work_window_active
1006,257536.000000,257792.000000,256.000000,256.000000,4.000000,233.000000,19.000000,0.000000,0.015625000,Source metric: sit_no_work_window_active
1007,257792.000000,258048.000000,256.000000,256.000000,0.000000,0.000000,256.000000,0.000000,0.000000000,Source metric: sit_no_work_window_active
1008,258048.000000,258304.000000,256.000000,256.000000,0.000000,0.000000,256.000000,0.000000,0.000000000,Source metric: sit_no_work_window_active
1009,258304.000000,258560.000000,256.000000,256.000000,0.000000,0.000000,256.000000,0.000000,0.000000000,Source metric: sit_no_work_window_active
1010,258560.000000,258816.000000,256.000000,256.000000,0.000000,0.000000,256.000000,0.000000,0.000000000,Source metric: sit_no_work_window_active
1011,258816.000000,259072.000000,256.000000,256.000000,0.000000,0.000000,256.000000,0.000000,0.000000000,Source metric: sit_no_work_window_active
1012,259072.000000,259328.000000,256.000000,256.000000,0.000000,0.000000,256.000000,0.000000,0.000000000,Source metric: sit_no_work_window_active
1013,259328.000000,259584.000000,256.000000,256.000000,0.000000,0.000000,256.000000,0.000000,0.000000000,Source metric: sit_no_work_window_active
1014,259584.000000,259840.000000,256.000000,256.000000,0.000000,0.000000,256.000000,0.000000,0.000000000,Source metric: sit_no_work_window_active
1015,259840.000000,260096.000000,256.000000,256.000000,0.000000,0.000000,256.000000,0.000000,0.000000000,Source metric: sit_no_work_window_active
1016,260096.000000,260352.000000,256.000000,256.000000,0.000000,0.000000,256.000000,0.000000,0.000000000,Source metric: sit_no_work_window_active
1017,260352.000000,260608.000000,256.000000,256.000000,0.000000,0.000000,256.000000,0.000000,0.000000000,Source metric: sit_no_work_window_active
1018,260608.000000,260864.000000,256.000000,256.000000,0.000000,0.000000,256.000000,0.000000,0.000000000,Source metric: sit_no_work_window_active
1019,260864.000000,261120.000000,256.000000,256.000000,0.000000,0.000000,256.000000,0.000000,0.000000000,Source metric: sit_no_work_window_active
1020,261120.000000,261376.000000,256.000000,256.000000,0.000000,0.000000,256.000000,0.000000,0.000000000,Source metric: sit_no_work_window_active
1021,261376.000000,261632.000000,256.000000,256.000000,0.000000,0.000000,256.000000,0.000000,0.000000000,Source metric: sit_no_work_window_active
1022,261632.000000,261888.000000,256.000000,256.000000,0.000000,0.000000,256.000000,0.000000,0.000000000,Source metric: sit_no_work_window_active
1023,261888.000000,262144.000000,256.000000,256.000000,0.000000,0.000000,256.000000,0.000000,0.000000000,Source metric: sit_no_work_window_active
1024,262144.000000,262400.000000,256.000000,256.000000,0.000000,0.000000,256.000000,0.000000,0.000000000,Source metric: sit_no_work_window_active
1025,262400.000000,262656.000000,256.000000,256.000000,0.000000,0.000000,256.000000,0.000000,0.000000000,Source metric: sit_no_work_window_active
1026,262656.000000,262912.000000,256.000000,256.000000,0.000000,0.000000,256.000000,0.000000,0.000000000,Source metric: sit_no_work_window_active
1027,262912.000000,263168.000000,256.000000,256.000000,0.000000,0.000000,256.000000,0.000000,0.000000000,Source metric: sit_no_work_window_active
1028,263168.000000,263424.000000,256.000000,256.000000,0.000000,0.000000,256.000000,0.000000,0.000000000,Source metric: sit_no_work_window_active
1029,263424.000000,263680.000000,256.000000,256.000000,0.000000,0.000000,256.000000,0.000000,0.000000000,Source metric: sit_no_work_window_active
1030,263680.000000,263936.000000,256.000000,256.000000,0.000000,0.000000,256.000000,0.000000,0.000000000,Source metric: sit_no_work_window_active
1031,263936.000000,264192.000000,256.000000,256.000000,0.000000,0.000000,256.000000,0.000000,0.000000000,Source metric: sit_no_work_window_active
1032,264192.000000,264448.000000,256.000000,256.000000,0.000000,0.000000,256.000000,0.000000,0.000000000,Source metric: sit_no_work_window_active
1033,264448.000000,264704.000000,256.000000,256.000000,0.000000,0.000000,256.000000,0.000000,0.000000000,Source metric: sit_no_work_window_active
1034,264704.000000,264960.000000,256.000000,256.000000,0.000000,0.000000,256.000000,0.000000,0.000000000,Source metric: sit_no_work_window_active
1035,264960.000000,265216.000000,256.000000,256.000000,0.000000,0.000000,256.000000,0.000000,0.000000000,Source metric: sit_no_work_window_active
1036,265216.000000,265472.000000,256.000000,256.000000,0.000000,0.000000,256.000000,0.000000,0.000000000,Source metric: sit_no_work_window_active
1037,265472.000000,265728.000000,256.000000,256.000000,0.000000,0.000000,256.000000,0.000000,0.000000000,Source metric: sit_no_work_window_active
1038,265728.000000,265984.000000,256.000000,256.000000,0.000000,0.000000,256.000000,0.000000,0.000000000,Source metric: sit_no_work_window_active
1039,265984.000000,266240.000000,256.000000,256.000000,0.000000,0.000000,256.000000,0.000000,0.000000000,Source metric: sit_no_work_window_active
1040,266240.000000,266496.000000,256.000000,256.000000,0.000000,0.000000,256.000000,0.000000,0.000000000,Source metric: sit_no_work_window_active
1041,266496.000000,266752.000000,256.000000,256.000000,0.000000,0.000000,256.000000,0.000000,0.000000000,Source metric: sit_no_work_window_active
1042,266752.000000,267008.000000,256.000000,256.000000,0.000000,0.000000,256.000000,0.000000,0.000000000,Source metric: sit_no_work_window_active
1043,267008.000000,267264.000000,256.000000,256.000000,0.000000,0.000000,256.000000,0.000000,0.000000000,Source metric: sit_no_work_window_active
1044,267264.000000,267520.000000,256.000000,256.000000,0.000000,0.000000,256.000000,0.000000,0.000000000,Source metric: sit_no_work_window_active
1045,267520.000000,267776.000000,256.000000,256.000000,0.000000,0.000000,256.000000,0.000000,0.000000000,Source metric: sit_no_work_window_active
1046,267776.000000,268032.000000,256.000000,256.000000,0.000000,0.000000,256.000000,0.000000,0.000000000,Source metric: sit_no_work_window_active
1047,268032.000000,268288.000000,256.000000,256.000000,0.000000,0.000000,256.000000,0.000000,0.000000000,Source metric: sit_no_work_window_active
1048,268288.000000,268544.000000,256.000000,256.000000,0.000000,0.000000,256.000000,0.000000,0.000000000,Source metric: sit_no_work_window_active
1049,268544.000000,268800.000000,256.000000,256.000000,0.000000,0.000000,256.000000,0.000000,0.000000000,Source metric: sit_no_work_window_active
1050,268800.000000,269056.000000,256.000000,256.000000,0.000000,0.000000,256.000000,0.000000,0.000000000,Source metric: sit_no_work_window_active
1051,269056.000000,269312.000000,256.000000,256.000000,0.000000,0.000000,256.000000,0.000000,0.000000000,Source metric: sit_no_work_window_active
1052,269312.000000,269568.000000,256.000000,256.000000,0.000000,0.000000,256.000000,0.000000,0.000000000,Source metric: sit_no_work_window_active
1053,269568.000000,269824.000000,256.000000,256.000000,0.000000,0.000000,256.000000,0.000000,0.000000000,Source metric: sit_no_work_window_active
1054,269824.000000,270080.000000,256.000000,256.000000,0.000000,0.000000,256.000000,0.000000,0.000000000,Source metric: sit_no_work_window_active
1055,270080.000000,270336.000000,256.000000,256.000000,0.000000,0.000000,256.000000,0.000000,0.000000000,Source metric: sit_no_work_window_active
1056,270336.000000,270592.000000,256.000000,256.000000,0.000000,0.000000,256.000000,0.000000,0.000000000,Source metric: sit_no_work_window_active
1057,270592.000000,270848.000000,256.000000,256.000000,0.000000,0.000000,256.000000,0.000000,0.000000000,Source metric: sit_no_work_window_active
1058,270848.000000,271104.000000,256.000000,256.000000,0.000000,0.000000,256.000000,0.000000,0.000000000,Source metric: sit_no_work_window_active
1059,271104.000000,271360.000000,256.000000,256.000000,0.000000,0.000000,256.000000,0.000000,0.000000000,Source metric: sit_no_work_window_active
1060,271360.000000,271616.000000,256.000000,256.000000,0.000000,0.000000,256.000000,0.000000,0.000000000,Source metric: sit_no_work_window_active
1061,271616.000000,271872.000000,256.000000,256.000000,0.000000,0.000000,256.000000,0.000000,0.000000000,Source metric: sit_no_work_window_active
1062,271872.000000,272128.000000,256.000000,256.000000,0.000000,0.000000,256.000000,0.000000,0.000000000,Source metric: sit_no_work_window_active
1063,272128.000000,272384.000000,256.000000,256.000000,0.000000,0.000000,256.000000,0.000000,0.000000000,Source metric: sit_no_work_window_active
1064,272384.000000,272640.000000,256.000000,256.000000,0.000000,0.000000,256.000000,0.000000,0.000000000,Source metric: sit_no_work_window_active
1065,272640.000000,272896.000000,256.000000,256.000000,0.000000,0.000000,256.000000,0.000000,0.000000000,Source metric: sit_no_work_window_active
1066,272896.000000,273152.000000,256.000000,256.000000,0.000000,0.000000,256.000000,0.000000,0.000000000,Source metric: sit_no_work_window_active
1067,273152.000000,273408.000000,256.000000,256.000000,0.000000,0.000000,256.000000,0.000000,0.000000000,Source metric: sit_no_work_window_active
1068,273408.000000,273664.000000,256.000000,256.000000,0.000000,0.000000,256.000000,0.000000,0.000000000,Source metric: sit_no_work_window_active
1069,273664.000000,273920.000000,256.000000,256.000000,2.000000,244.000000,10.000000,0.000000,0.007812500,Source metric: sit_no_work_window_active
1070,273920.000000,274176.000000,256.000000,256.000000,0.000000,256.000000,0.000000,0.000000,0.000000000,Source metric: sit_no_work_window_active
