start_us,end_us,core,state
0.0,3.0,0,active
3.0,4.0,0,stall
4.0,124.0,0,active
124.0,125.0,0,stall
125.0,180.0,0,active
180.0,181.0,0,stall
181.0,194.0,0,active
194.0,195.0,0,stall
195.0,199.0,0,active
199.0,200.0,0,stall
200.0,219.0,0,active
219.0,220.0,0,stall
220.0,222.0,0,active
222.0,223.0,0,stall
223.0,227.0,0,active
227.0,228.0,0,stall
228.0,268.0,0,active
268.0,269.0,0,stall
269.0,276.0,0,active
276.0,278.0,0,stall
278.0,308.0,0,active
308.0,309.0,0,stall
309.0,312.0,0,active
312.0,313.0,0,stall
313.0,315.0,0,active
315.0,316.0,0,stall
316.0,319.0,0,active
319.0,320.0,0,stall
320.0,322.0,0,active
322.0,323.0,0,stall
323.0,326.0,0,active
326.0,327.0,0,stall
327.0,329.0,0,active
329.0,330.0,0,stall
330.0,333.0,0,active
333.0,334.0,0,stall
334.0,336.0,0,active
336.0,337.0,0,stall
337.0,340.0,0,active
340.0,341.0,0,stall
341.0,343.0,0,active
343.0,344.0,0,stall
344.0,347.0,0,active
347.0,348.0,0,stall
348.0,350.0,0,active
350.0,351.0,0,stall
351.0,354.0,0,active
354.0,355.0,0,stall
355.0,357.0,0,active
357.0,358.0,0,stall
358.0,361.0,0,active
361.0,362.0,0,stall
362.0,364.0,0,active
364.0,365.0,0,stall
365.0,368.0,0,active
368.0,369.0,0,stall
369.0,371.0,0,active
371.0,372.0,0,stall
372.0,375.0,0,active
375.0,376.0,0,stall
376.0,378.0,0,active
378.0,379.0,0,stall
379.0,382.0,0,active
382.0,383.0,0,stall
383.0,385.0,0,active
385.0,386.0,0,stall
386.0,389.0,0,active
389.0,390.0,0,stall
390.0,392.0,0,active
392.0,393.0,0,stall
393.0,396.0,0,active
396.0,397.0,0,stall
397.0,399.0,0,active
399.0,400.0,0,stall
400.0,403.0,0,active
403.0,404.0,0,stall
404.0,406.0,0,active
406.0,407.0,0,stall
407.0,410.0,0,active
410.0,411.0,0,stall
411.0,417.0,0,active
417.0,418.0,0,stall
418.0,426.0,0,active
426.0,427.0,0,stall
427.0,432.0,0,active
432.0,433.0,0,stall
433.0,436.0,0,active
436.0,437.0,0,stall
437.0,439.0,0,active
439.0,440.0,0,stall
440.0,443.0,0,active
443.0,444.0,0,stall
444.0,454.0,0,active
454.0,456.0,0,stall
456.0,474.0,0,active
474.0,475.0,0,stall
475.0,478.0,0,active
478.0,479.0,0,stall
479.0,488.0,0,active
488.0,489.0,0,stall
489.0,492.0,0,active
492.0,493.0,0,stall
493.0,505.0,0,active
505.0,506.0,0,stall
506.0,513.0,0,active
513.0,515.0,0,stall
515.0,545.0,0,active
545.0,546.0,0,stall
546.0,549.0,0,active
549.0,550.0,0,stall
550.0,552.0,0,active
552.0,553.0,0,stall
553.0,556.0,0,active
556.0,557.0,0,stall
557.0,569.0,0,active
569.0,570.0,0,stall
570.0,573.0,0,active
573.0,574.0,0,stall
574.0,576.0,0,active
576.0,577.0,0,stall
577.0,580.0,0,active
580.0,581.0,0,stall
581.0,583.0,0,active
583.0,584.0,0,stall
584.0,587.0,0,active
587.0,588.0,0,stall
588.0,590.0,0,active
590.0,591.0,0,stall
591.0,594.0,0,active
594.0,595.0,0,stall
595.0,597.0,0,active
597.0,598.0,0,stall
598.0,601.0,0,active
601.0,602.0,0,stall
602.0,604.0,0,active
604.0,605.0,0,stall
605.0,608.0,0,active
608.0,609.0,0,stall
609.0,611.0,0,active
611.0,612.0,0,stall
612.0,615.0,0,active
615.0,616.0,0,stall
616.0,618.0,0,active
618.0,619.0,0,stall
619.0,622.0,0,active
622.0,623.0,0,stall
623.0,625.0,0,active
625.0,626.0,0,stall
626.0,629.0,0,active
629.0,630.0,0,stall
630.0,632.0,0,active
632.0,633.0,0,stall
633.0,636.0,0,active
636.0,637.0,0,stall
637.0,639.0,0,active
639.0,640.0,0,stall
640.0,643.0,0,active
643.0,644.0,0,stall
644.0,646.0,0,active
646.0,647.0,0,stall
647.0,650.0,0,active
650.0,651.0,0,stall
651.0,656.0,0,active
656.0,657.0,0,stall
657.0,669.0,0,active
669.0,670.0,0,stall
670.0,674.0,0,active
674.0,676.0,0,stall
676.0,694.0,0,active
694.0,695.0,0,stall
695.0,698.0,0,active
698.0,699.0,0,stall
699.0,708.0,0,active
708.0,709.0,0,stall
709.0,712.0,0,active
712.0,713.0,0,stall
713.0,725.0,0,active
725.0,726.0,0,stall
726.0,733.0,0,active
733.0,735.0,0,stall
735.0,765.0,0,active
765.0,766.0,0,stall
766.0,769.0,0,active
769.0,770.0,0,stall
770.0,782.0,0,active
782.0,783.0,0,stall
783.0,786.0,0,active
786.0,787.0,0,stall
787.0,797.0,0,active
797.0,799.0,0,stall
799.0,817.0,0,active
817.0,818.0,0,stall
818.0,821.0,0,active
821.0,822.0,0,stall
822.0,824.0,0,active
824.0,825.0,0,stall
825.0,828.0,0,active
828.0,829.0,0,stall
829.0,831.0,0,active
831.0,832.0,0,stall
832.0,835.0,0,active
835.0,836.0,0,stall
836.0,838.0,0,active
838.0,839.0,0,stall
839.0,842.0,0,active
842.0,843.0,0,stall
843.0,845.0,0,active
845.0,846.0,0,stall
846.0,849.0,0,active
849.0,850.0,0,stall
850.0,852.0,0,active
852.0,853.0,0,stall
853.0,856.0,0,active
856.0,857.0,0,stall
857.0,859.0,0,active
859.0,860.0,0,stall
860.0,863.0,0,active
863.0,864.0,0,stall
864.0,866.0,0,active
866.0,867.0,0,stall
867.0,870.0,0,active
870.0,871.0,0,stall
871.0,873.0,0,active
873.0,874.0,0,stall
874.0,877.0,0,active
877.0,878.0,0,stall
878.0,880.0,0,active
880.0,881.0,0,stall
881.0,884.0,0,active
884.0,885.0,0,stall
885.0,887.0,0,active
887.0,888.0,0,stall
888.0,891.0,0,active
891.0,892.0,0,stall
892.0,902.0,0,active
902.0,903.0,0,stall
903.0,916.0,0,active
916.0,917.0,0,stall
917.0,920.0,0,active
920.0,921.0,0,stall
921.0,929.0,0,active
929.0,930.0,0,stall
930.0,932.0,0,active
932.0,933.0,0,stall
933.0,935.0,0,active
935.0,936.0,0,stall
936.0,938.0,0,active
938.0,939.0,0,stall
939.0,941.0,0,active
941.0,942.0,0,stall
942.0,944.0,0,active
944.0,945.0,0,stall
945.0,947.0,0,active
947.0,948.0,0,stall
948.0,950.0,0,active
950.0,951.0,0,stall
951.0,953.0,0,active
953.0,954.0,0,stall
954.0,956.0,0,active
956.0,957.0,0,stall
957.0,959.0,0,active
959.0,960.0,0,stall
960.0,962.0,0,active
962.0,963.0,0,stall
963.0,965.0,0,active
965.0,966.0,0,stall
966.0,968.0,0,active
968.0,969.0,0,stall
969.0,971.0,0,active
971.0,972.0,0,stall
972.0,974.0,0,active
974.0,975.0,0,stall
975.0,977.0,0,active
977.0,978.0,0,stall
978.0,980.0,0,active
980.0,981.0,0,stall
981.0,983.0,0,active
983.0,984.0,0,stall
984.0,986.0,0,active
986.0,987.0,0,stall
987.0,989.0,0,active
989.0,990.0,0,stall
990.0,992.0,0,active
992.0,993.0,0,stall
993.0,1018.0,0,active
1018.0,1019.0,0,stall
1019.0,1022.0,0,active
1022.0,1023.0,0,stall
1023.0,1035.0,0,active
1035.0,1036.0,0,stall
1036.0,1043.0,0,active
1043.0,1045.0,0,stall
1045.0,1075.0,0,active
1075.0,1076.0,0,stall
1076.0,1079.0,0,active
1079.0,1080.0,0,stall
1080.0,1092.0,0,active
1092.0,1093.0,0,stall
1093.0,1096.0,0,active
1096.0,1097.0,0,stall
1097.0,1107.0,0,active
1107.0,1109.0,0,stall
1109.0,1127.0,0,active
1127.0,1128.0,0,stall
1128.0,1131.0,0,active
1131.0,1132.0,0,stall
1132.0,1141.0,0,active
1141.0,1142.0,0,stall
1142.0,1145.0,0,active
1145.0,1146.0,0,stall
1146.0,1158.0,0,active
1158.0,1159.0,0,stall
1159.0,1172.0,0,active
1172.0,1173.0,0,stall
1173.0,1174.0,0,active
1174.0,1175.0,0,stall
1175.0,1180.0,0,active
1180.0,1181.0,0,stall
1181.0,1185.0,0,active
1185.0,1186.0,0,stall
1186.0,1205.0,0,active
1205.0,1206.0,0,stall
1206.0,1208.0,0,active
1208.0,1209.0,0,stall
1209.0,1213.0,0,active
1213.0,1214.0,0,stall
1214.0,1216.0,0,active
1216.0,1217.0,0,stall
1217.0,1219.0,0,active
1219.0,1220.0,0,stall
1220.0,1222.0,0,active
1222.0,1223.0,0,stall
1223.0,1225.0,0,active
1225.0,1226.0,0,stall
1226.0,1228.0,0,active
1228.0,1229.0,0,stall
1229.0,1231.0,0,active
1231.0,1232.0,0,stall
1232.0,1273.0,0,active
1273.0,1274.0,0,stall
1274.0,1281.0,0,active
1281.0,1283.0,0,stall
1283.0,1313.0,0,active
1313.0,1314.0,0,stall
1314.0,1317.0,0,active
1317.0,1318.0,0,stall
1318.0,1330.0,0,active
1330.0,1331.0,0,stall
1331.0,1334.0,0,active
1334.0,1335.0,0,stall
1335.0,1345.0,0,active
1345.0,1347.0,0,stall
1347.0,1365.0,0,active
1365.0,1366.0,0,stall
1366.0,1369.0,0,active
1369.0,1370.0,0,stall
1370.0,1379.0,0,active
1379.0,1380.0,0,stall
1380.0,1383.0,0,active
1383.0,1384.0,0,stall
1384.0,1396.0,0,active
1396.0,1397.0,0,stall
1397.0,1404.0,0,active
1404.0,1406.0,0,stall
1406.0,1436.0,0,active
1436.0,1437.0,0,stall
1437.0,1440.0,0,active
1440.0,1441.0,0,stall
1441.0,1453.0,0,active
1453.0,1454.0,0,stall
1454.0,1457.0,0,active
1457.0,1458.0,0,stall
1458.0,1468.0,0,active
1468.0,1470.0,0,stall
1470.0,1488.0,0,active
1488.0,1489.0,0,stall
1489.0,1492.0,0,active
1492.0,1493.0,0,stall
1493.0,1502.0,0,active
1502.0,1503.0,0,stall
1503.0,1506.0,0,active
1506.0,1507.0,0,stall
1507.0,1519.0,0,active
1519.0,1520.0,0,stall
1520.0,1535.0,0,active
1535.0,1536.0,0,stall
1536.0,1537.0,0,active
1537.0,1538.0,0,stall
1538.0,1557.0,0,active
1557.0,1558.0,0,stall
1558.0,1563.0,0,active
1563.0,1564.0,0,stall
1564.0,1576.0,0,active
1576.0,1577.0,0,stall
1577.0,1581.0,0,active
1581.0,1582.0,0,stall
1582.0,1601.0,0,active
1601.0,1602.0,0,stall
1602.0,1604.0,0,active
1604.0,1605.0,0,stall
1605.0,1609.0,0,active
1609.0,1610.0,0,stall
1610.0,1612.0,0,active
1612.0,1613.0,0,stall
1613.0,1615.0,0,active
1615.0,1616.0,0,stall
1616.0,1618.0,0,active
1618.0,1619.0,0,stall
1619.0,1621.0,0,active
1621.0,1622.0,0,stall
1622.0,1663.0,0,active
1663.0,1664.0,0,stall
1664.0,1671.0,0,active
1671.0,1673.0,0,stall
1673.0,1703.0,0,active
1703.0,1704.0,0,stall
1704.0,1707.0,0,active
1707.0,1708.0,0,stall
1708.0,1710.0,0,active
1710.0,1711.0,0,stall
1711.0,1714.0,0,active
1714.0,1715.0,0,stall
1715.0,1717.0,0,active
1717.0,1718.0,0,stall
1718.0,1721.0,0,active
1721.0,1722.0,0,stall
1722.0,1724.0,0,active
1724.0,1725.0,0,stall
1725.0,1728.0,0,active
1728.0,1729.0,0,stall
1729.0,1731.0,0,active
1731.0,1732.0,0,stall
1732.0,1735.0,0,active
1735.0,1736.0,0,stall
1736.0,1738.0,0,active
1738.0,1739.0,0,stall
1739.0,1742.0,0,active
1742.0,1743.0,0,stall
1743.0,1745.0,0,active
1745.0,1746.0,0,stall
1746.0,1749.0,0,active
1749.0,1750.0,0,stall
1750.0,1752.0,0,active
1752.0,1753.0,0,stall
1753.0,1756.0,0,active
1756.0,1757.0,0,stall
1757.0,1759.0,0,active
1759.0,1760.0,0,stall
1760.0,1763.0,0,active
1763.0,1764.0,0,stall
1764.0,1766.0,0,active
1766.0,1767.0,0,stall
1767.0,1770.0,0,active
1770.0,1771.0,0,stall
1771.0,1773.0,0,active
1773.0,1774.0,0,stall
1774.0,1777.0,0,active
1777.0,1778.0,0,stall
1778.0,1780.0,0,active
1780.0,1781.0,0,stall
1781.0,1784.0,0,active
1784.0,1785.0,0,stall
1785.0,1787.0,0,active
1787.0,1788.0,0,stall
1788.0,1791.0,0,active
1791.0,1792.0,0,stall
1792.0,1794.0,0,active
1794.0,1795.0,0,stall
1795.0,1798.0,0,active
1798.0,1799.0,0,stall
1799.0,1801.0,0,active
1801.0,1802.0,0,stall
1802.0,1805.0,0,active
1805.0,1806.0,0,stall
1806.0,1812.0,0,active
1812.0,1813.0,0,stall
1813.0,1821.0,0,active
1821.0,1822.0,0,stall
1822.0,1827.0,0,active
1827.0,1828.0,0,stall
1828.0,1831.0,0,active
1831.0,1832.0,0,stall
1832.0,1834.0,0,active
1834.0,1835.0,0,stall
1835.0,1838.0,0,active
1838.0,1839.0,0,stall
1839.0,1849.0,0,active
1849.0,1851.0,0,stall
1851.0,1869.0,0,active
1869.0,1870.0,0,stall
1870.0,1873.0,0,active
1873.0,1874.0,0,stall
1874.0,1883.0,0,active
1883.0,1884.0,0,stall
1884.0,1887.0,0,active
1887.0,1888.0,0,stall
1888.0,1900.0,0,active
1900.0,1901.0,0,stall
1901.0,1908.0,0,active
1908.0,1910.0,0,stall
1910.0,1940.0,0,active
1940.0,1941.0,0,stall
1941.0,1944.0,0,active
1944.0,1945.0,0,stall
1945.0,1947.0,0,active
1947.0,1948.0,0,stall
1948.0,1951.0,0,active
1951.0,1952.0,0,stall
1952.0,1964.0,0,active
1964.0,1965.0,0,stall
1965.0,1968.0,0,active
1968.0,1969.0,0,stall
1969.0,1971.0,0,active
1971.0,1972.0,0,stall
1972.0,1975.0,0,active
1975.0,1976.0,0,stall
1976.0,1978.0,0,active
1978.0,1979.0,0,stall
1979.0,1982.0,0,active
1982.0,1983.0,0,stall
1983.0,1985.0,0,active
1985.0,1986.0,0,stall
1986.0,1989.0,0,active
1989.0,1990.0,0,stall
1990.0,1992.0,0,active
1992.0,1993.0,0,stall
1993.0,1996.0,0,active
1996.0,1997.0,0,stall
1997.0,1999.0,0,active
1999.0,2000.0,0,stall
2000.0,2003.0,0,active
2003.0,2004.0,0,stall
2004.0,2006.0,0,active
2006.0,2007.0,0,stall
2007.0,2010.0,0,active
2010.0,2011.0,0,stall
2011.0,2013.0,0,active
2013.0,2014.0,0,stall
2014.0,2017.0,0,active
2017.0,2018.0,0,stall
2018.0,2020.0,0,active
2020.0,2021.0,0,stall
2021.0,2024.0,0,active
2024.0,2025.0,0,stall
2025.0,2027.0,0,active
2027.0,2028.0,0,stall
2028.0,2031.0,0,active
2031.0,2032.0,0,stall
2032.0,2034.0,0,active
2034.0,2035.0,0,stall
2035.0,2038.0,0,active
2038.0,2039.0,0,stall
2039.0,2041.0,0,active
2041.0,2042.0,0,stall
2042.0,2045.0,0,active
2045.0,2046.0,0,stall
2046.0,2051.0,0,active
2051.0,2052.0,0,stall
2052.0,2064.0,0,active
2064.0,2065.0,0,stall
2065.0,2069.0,0,active
2069.0,2071.0,0,stall
2071.0,2089.0,0,active
2089.0,2090.0,0,stall
2090.0,2093.0,0,active
2093.0,2094.0,0,stall
2094.0,2103.0,0,active
2103.0,2104.0,0,stall
2104.0,2107.0,0,active
2107.0,2108.0,0,stall
2108.0,2120.0,0,active
2120.0,2121.0,0,stall
2121.0,2128.0,0,active
2128.0,2130.0,0,stall
2130.0,2160.0,0,active
2160.0,2161.0,0,stall
2161.0,2164.0,0,active
2164.0,2165.0,0,stall
2165.0,2177.0,0,active
2177.0,2178.0,0,stall
2178.0,2181.0,0,active
2181.0,2182.0,0,stall
2182.0,2192.0,0,active
2192.0,2194.0,0,stall
2194.0,2212.0,0,active
2212.0,2213.0,0,stall
2213.0,2216.0,0,active
2216.0,2217.0,0,stall
2217.0,2226.0,0,active
2226.0,2227.0,0,stall
2227.0,2230.0,0,active
2230.0,2231.0,0,stall
2231.0,2243.0,0,active
2243.0,2244.0,0,stall
2244.0,2257.0,0,active
2257.0,2258.0,0,stall
2258.0,2259.0,0,active
2259.0,2260.0,0,stall
2260.0,2265.0,0,active
2265.0,2266.0,0,stall
2266.0,2270.0,0,active
2270.0,2271.0,0,stall
2271.0,2290.0,0,active
2290.0,2291.0,0,stall
2291.0,2293.0,0,active
2293.0,2294.0,0,stall
2294.0,2298.0,0,active
2298.0,2299.0,0,stall
2299.0,2301.0,0,active
2301.0,2302.0,0,stall
2302.0,2304.0,0,active
2304.0,2305.0,0,stall
2305.0,2307.0,0,active
2307.0,2308.0,0,stall
2308.0,2310.0,0,active
2310.0,2311.0,0,stall
2311.0,2313.0,0,active
2313.0,2314.0,0,stall
2314.0,2355.0,0,active
2355.0,2356.0,0,stall
2356.0,2363.0,0,active
2363.0,2365.0,0,stall
2365.0,2395.0,0,active
2395.0,2396.0,0,stall
2396.0,2399.0,0,active
2399.0,2400.0,0,stall
2400.0,2412.0,0,active
2412.0,2413.0,0,stall
2413.0,2416.0,0,active
2416.0,2417.0,0,stall
2417.0,2427.0,0,active
2427.0,2429.0,0,stall
2429.0,2447.0,0,active
2447.0,2448.0,0,stall
2448.0,2451.0,0,active
2451.0,2452.0,0,stall
2452.0,2461.0,0,active
2461.0,2462.0,0,stall
2462.0,2465.0,0,active
2465.0,2466.0,0,stall
2466.0,2478.0,0,active
2478.0,2479.0,0,stall
2479.0,2486.0,0,active
2486.0,2488.0,0,stall
2488.0,2518.0,0,active
2518.0,2519.0,0,stall
2519.0,2522.0,0,active
2522.0,2523.0,0,stall
2523.0,2535.0,0,active
2535.0,2536.0,0,stall
2536.0,2539.0,0,active
2539.0,2540.0,0,stall
2540.0,2550.0,0,active
2550.0,2552.0,0,stall
2552.0,2570.0,0,active
2570.0,2571.0,0,stall
2571.0,2574.0,0,active
2574.0,2575.0,0,stall
2575.0,2584.0,0,active
2584.0,2585.0,0,stall
2585.0,2588.0,0,active
2588.0,2589.0,0,stall
2589.0,2591.0,0,active
2591.0,2592.0,0,stall
2592.0,2595.0,0,active
2595.0,2596.0,0,stall
2596.0,2598.0,0,active
2598.0,2599.0,0,stall
2599.0,2602.0,0,active
2602.0,2603.0,0,stall
2603.0,2605.0,0,active
2605.0,2606.0,0,stall
2606.0,2609.0,0,active
2609.0,2610.0,0,stall
2610.0,2624.0,0,active
2624.0,2626.0,0,stall
2626.0,2639.0,0,active
2639.0,2640.0,0,stall
2640.0,2660.0,0,active
2660.0,2661.0,0,stall
2661.0,2668.0,0,active
2668.0,2670.0,0,stall
2670.0,2700.0,0,active
2700.0,2701.0,0,stall
2701.0,2704.0,0,active
2704.0,2705.0,0,stall
2705.0,2717.0,0,active
2717.0,2718.0,0,stall
2718.0,2721.0,0,active
2721.0,2722.0,0,stall
2722.0,2732.0,0,active
2732.0,2734.0,0,stall
2734.0,2752.0,0,active
2752.0,2753.0,0,stall
2753.0,2756.0,0,active
2756.0,2757.0,0,stall
2757.0,2766.0,0,active
2766.0,2767.0,0,stall
2767.0,2770.0,0,active
2770.0,2771.0,0,stall
2771.0,2783.0,0,active
2783.0,2784.0,0,stall
2784.0,2791.0,0,active
2791.0,2793.0,0,stall
2793.0,2823.0,0,active
2823.0,2824.0,0,stall
2824.0,2827.0,0,active
2827.0,2828.0,0,stall
2828.0,2840.0,0,active
2840.0,2841.0,0,stall
2841.0,2844.0,0,active
2844.0,2845.0,0,stall
2845.0,2855.0,0,active
2855.0,2857.0,0,stall
2857.0,2875.0,0,active
2875.0,2876.0,0,stall
2876.0,2879.0,0,active
2879.0,2880.0,0,stall
2880.0,2882.0,0,active
2882.0,2883.0,0,stall
2883.0,2886.0,0,active
2886.0,2887.0,0,stall
2887.0,2889.0,0,active
2889.0,2890.0,0,stall
2890.0,2893.0,0,active
2893.0,2894.0,0,stall
2894.0,2896.0,0,active
2896.0,2897.0,0,stall
2897.0,2900.0,0,active
2900.0,2901.0,0,stall
2901.0,2903.0,0,active
2903.0,2904.0,0,stall
2904.0,2907.0,0,active
2907.0,2908.0,0,stall
2908.0,2910.0,0,active
2910.0,2911.0,0,stall
2911.0,2914.0,0,active
2914.0,2915.0,0,stall
2915.0,2917.0,0,active
2917.0,2918.0,0,stall
2918.0,2921.0,0,active
2921.0,2922.0,0,stall
2922.0,2924.0,0,active
2924.0,2925.0,0,stall
2925.0,2928.0,0,active
2928.0,2929.0,0,stall
2929.0,2931.0,0,active
2931.0,2932.0,0,stall
2932.0,2935.0,0,active
2935.0,2936.0,0,stall
2936.0,2938.0,0,active
2938.0,2939.0,0,stall
2939.0,2942.0,0,active
2942.0,2943.0,0,stall
2943.0,2945.0,0,active
2945.0,2946.0,0,stall
2946.0,2949.0,0,active
2949.0,2950.0,0,stall
2950.0,2960.0,0,active
2960.0,2961.0,0,stall
2961.0,2974.0,0,active
2974.0,2975.0,0,stall
2975.0,2978.0,0,active
2978.0,2979.0,0,stall
2979.0,2987.0,0,active
2987.0,2988.0,0,stall
2988.0,2990.0,0,active
2990.0,2991.0,0,stall
2991.0,2993.0,0,active
2993.0,2994.0,0,stall
2994.0,2996.0,0,active
2996.0,2997.0,0,stall
2997.0,2999.0,0,active
2999.0,3000.0,0,stall
3000.0,3002.0,0,active
3002.0,3003.0,0,stall
3003.0,3028.0,0,active
3028.0,3029.0,0,stall
3029.0,3032.0,0,active
3032.0,3033.0,0,stall
3033.0,3045.0,0,active
3045.0,3046.0,0,stall
3046.0,3053.0,0,active
3053.0,3055.0,0,stall
3055.0,3085.0,0,active
3085.0,3086.0,0,stall
3086.0,3089.0,0,active
3089.0,3090.0,0,stall
3090.0,3102.0,0,active
3102.0,3103.0,0,stall
3103.0,3106.0,0,active
3106.0,3107.0,0,stall
3107.0,3117.0,0,active
3117.0,3119.0,0,stall
3119.0,3137.0,0,active
3137.0,3138.0,0,stall
3138.0,3141.0,0,active
3141.0,3142.0,0,stall
3142.0,3151.0,0,active
3151.0,3152.0,0,stall
3152.0,3155.0,0,active
3155.0,3156.0,0,stall
3156.0,3158.0,0,active
3158.0,3159.0,0,stall
3159.0,3162.0,0,active
3162.0,3163.0,0,stall
3163.0,3175.0,0,active
3175.0,3176.0,0,stall
3176.0,3183.0,0,active
3183.0,3185.0,0,stall
3185.0,3215.0,0,active
3215.0,3216.0,0,stall
3216.0,3219.0,0,active
3219.0,3220.0,0,stall
3220.0,3232.0,0,active
3232.0,3233.0,0,stall
3233.0,3236.0,0,active
3236.0,3237.0,0,stall
3237.0,3247.0,0,active
3247.0,3249.0,0,stall
3249.0,3267.0,0,active
3267.0,3268.0,0,stall
3268.0,3271.0,0,active
3271.0,3272.0,0,stall
3272.0,3281.0,0,active
3281.0,3282.0,0,stall
3282.0,3285.0,0,active
3285.0,3286.0,0,stall
3286.0,3298.0,0,active
3298.0,3299.0,0,stall
3299.0,3306.0,0,active
3306.0,3308.0,0,stall
3308.0,3338.0,0,active
3338.0,3339.0,0,stall
3339.0,3342.0,0,active
3342.0,3343.0,0,stall
3343.0,3355.0,0,active
3355.0,3356.0,0,stall
3356.0,3359.0,0,active
3359.0,3360.0,0,stall
3360.0,3370.0,0,active
3370.0,3372.0,0,stall
3372.0,3390.0,0,active
3390.0,3391.0,0,stall
3391.0,3394.0,0,active
3394.0,3395.0,0,stall
3395.0,3404.0,0,active
3404.0,3405.0,0,stall
3405.0,3408.0,0,active
3408.0,3409.0,0,stall
3409.0,3411.0,0,active
3411.0,3412.0,0,stall
3412.0,3415.0,0,active
3415.0,3416.0,0,stall
3416.0,3428.0,0,active
3428.0,3429.0,0,stall
3429.0,3436.0,0,active
3436.0,3438.0,0,stall
3438.0,3468.0,0,active
3468.0,3469.0,0,stall
3469.0,3472.0,0,active
3472.0,3473.0,0,stall
3473.0,3485.0,0,active
3485.0,3486.0,0,stall
3486.0,3489.0,0,active
3489.0,3490.0,0,stall
3490.0,3500.0,0,active
3500.0,3502.0,0,stall
3502.0,3520.0,0,active
3520.0,3521.0,0,stall
3521.0,3524.0,0,active
3524.0,3525.0,0,stall
3525.0,3534.0,0,active
3534.0,3535.0,0,stall
3535.0,3538.0,0,active
3538.0,3539.0,0,stall
3539.0,3541.0,0,active
3541.0,3542.0,0,stall
3542.0,3545.0,0,active
3545.0,3546.0,0,stall
3546.0,3558.0,0,active
3558.0,3559.0,0,stall
3559.0,3566.0,0,active
3566.0,3568.0,0,stall
3568.0,3598.0,0,active
3598.0,3599.0,0,stall
3599.0,3602.0,0,active
3602.0,3603.0,0,stall
3603.0,3615.0,0,active
3615.0,3616.0,0,stall
3616.0,3619.0,0,active
3619.0,3620.0,0,stall
3620.0,3630.0,0,active
3630.0,3632.0,0,stall
3632.0,3650.0,0,active
3650.0,3651.0,0,stall
3651.0,3654.0,0,active
3654.0,3655.0,0,stall
3655.0,3657.0,0,active
3657.0,3658.0,0,stall
3658.0,3661.0,0,active
3661.0,3662.0,0,stall
3662.0,3671.0,0,active
3671.0,3672.0,0,stall
3672.0,3675.0,0,active
3675.0,3676.0,0,stall
3676.0,3688.0,0,active
3688.0,3689.0,0,stall
3689.0,3702.0,0,active
3702.0,3703.0,0,stall
3703.0,3704.0,0,active
3704.0,3705.0,0,stall
3705.0,3710.0,0,active
3710.0,3711.0,0,stall
3711.0,3715.0,0,active
3715.0,3716.0,0,stall
3716.0,3735.0,0,active
3735.0,3736.0,0,stall
3736.0,3738.0,0,active
3738.0,3739.0,0,stall
3739.0,3743.0,0,active
3743.0,3744.0,0,stall
3744.0,3746.0,0,active
3746.0,3747.0,0,stall
3747.0,3749.0,0,active
3749.0,3750.0,0,stall
3750.0,3752.0,0,active
3752.0,3753.0,0,stall
3753.0,3755.0,0,active
3755.0,3756.0,0,stall
3756.0,3758.0,0,active
3758.0,3759.0,0,stall
3759.0,3761.0,0,active
3761.0,3762.0,0,stall
3762.0,3764.0,0,active
3764.0,3765.0,0,stall
3765.0,3767.0,0,active
3767.0,3768.0,0,stall
3768.0,3770.0,0,active
3770.0,3771.0,0,stall
3771.0,3773.0,0,active
3773.0,3774.0,0,stall
3774.0,3776.0,0,active
3776.0,3777.0,0,stall
3777.0,3779.0,0,active
3779.0,3780.0,0,stall
3780.0,3782.0,0,active
3782.0,3783.0,0,stall
3783.0,3785.0,0,active
3785.0,3786.0,0,stall
3786.0,3788.0,0,active
3788.0,3789.0,0,stall
3789.0,3791.0,0,active
3791.0,3792.0,0,stall
3792.0,3794.0,0,active
3794.0,3795.0,0,stall
3795.0,3797.0,0,active
3797.0,3798.0,0,stall
3798.0,3800.0,0,active
3800.0,3801.0,0,stall
3801.0,3803.0,0,active
3803.0,3804.0,0,stall
3804.0,3845.0,0,active
3845.0,3846.0,0,stall
3846.0,3853.0,0,active
3853.0,3855.0,0,stall
3855.0,3885.0,0,active
3885.0,3886.0,0,stall
3886.0,3889.0,0,active
3889.0,3890.0,0,stall
3890.0,3892.0,0,active
3892.0,3893.0,0,stall
3893.0,3896.0,0,active
3896.0,3897.0,0,stall
3897.0,3899.0,0,active
3899.0,3900.0,0,stall
3900.0,3903.0,0,active
3903.0,3904.0,0,stall
3904.0,3906.0,0,active
3906.0,3907.0,0,stall
3907.0,3910.0,0,active
3910.0,3911.0,0,stall
3911.0,3913.0,0,active
3913.0,3914.0,0,stall
3914.0,3917.0,0,active
3917.0,3918.0,0,stall
3918.0,3920.0,0,active
3920.0,3921.0,0,stall
3921.0,3924.0,0,active
3924.0,3925.0,0,stall
3925.0,3927.0,0,active
3927.0,3928.0,0,stall
3928.0,3931.0,0,active
3931.0,3932.0,0,stall
3932.0,3934.0,0,active
3934.0,3935.0,0,stall
3935.0,3938.0,0,active
3938.0,3939.0,0,stall
3939.0,3941.0,0,active
3941.0,3942.0,0,stall
3942.0,3945.0,0,active
3945.0,3946.0,0,stall
3946.0,3948.0,0,active
3948.0,3949.0,0,stall
3949.0,3952.0,0,active
3952.0,3953.0,0,stall
3953.0,3955.0,0,active
3955.0,3956.0,0,stall
3956.0,3959.0,0,active
3959.0,3960.0,0,stall
3960.0,3962.0,0,active
3962.0,3963.0,0,stall
3963.0,3966.0,0,active
3966.0,3967.0,0,stall
3967.0,3969.0,0,active
3969.0,3970.0,0,stall
3970.0,3973.0,0,active
3973.0,3974.0,0,stall
3974.0,3976.0,0,active
3976.0,3977.0,0,stall
3977.0,3980.0,0,active
3980.0,3981.0,0,stall
3981.0,3983.0,0,active
3983.0,3984.0,0,stall
3984.0,3987.0,0,active
3987.0,3988.0,0,stall
3988.0,3994.0,0,active
3994.0,3995.0,0,stall
3995.0,4003.0,0,active
4003.0,4004.0,0,stall
4004.0,4009.0,0,active
4009.0,4010.0,0,stall
4010.0,4013.0,0,active
4013.0,4014.0,0,stall
4014.0,4016.0,0,active
4016.0,4017.0,0,stall
4017.0,4020.0,0,active
4020.0,4021.0,0,stall
4021.0,4031.0,0,active
4031.0,4033.0,0,stall
4033.0,4051.0,0,active
4051.0,4052.0,0,stall
4052.0,4055.0,0,active
4055.0,4056.0,0,stall
4056.0,4065.0,0,active
4065.0,4066.0,0,stall
4066.0,4069.0,0,active
4069.0,4070.0,0,stall
4070.0,4082.0,0,active
4082.0,4083.0,0,stall
4083.0,4090.0,0,active
4090.0,4092.0,0,stall
4092.0,4122.0,0,active
4122.0,4123.0,0,stall
4123.0,4126.0,0,active
4126.0,4127.0,0,stall
4127.0,4129.0,0,active
4129.0,4130.0,0,stall
4130.0,4133.0,0,active
4133.0,4134.0,0,stall
4134.0,4146.0,0,active
4146.0,4147.0,0,stall
4147.0,4150.0,0,active
4150.0,4151.0,0,stall
4151.0,4153.0,0,active
4153.0,4154.0,0,stall
4154.0,4157.0,0,active
4157.0,4158.0,0,stall
4158.0,4168.0,0,active
4168.0,4170.0,0,stall
4170.0,4188.0,0,active
4188.0,4189.0,0,stall
4189.0,4192.0,0,active
4192.0,4193.0,0,stall
4193.0,4202.0,0,active
4202.0,4203.0,0,stall
4203.0,4206.0,0,active
4206.0,4207.0,0,stall
4207.0,4219.0,0,active
4219.0,4220.0,0,stall
4220.0,4227.0,0,active
4227.0,4229.0,0,stall
4229.0,4259.0,0,active
4259.0,4260.0,0,stall
4260.0,4263.0,0,active
4263.0,4264.0,0,stall
4264.0,4276.0,0,active
4276.0,4277.0,0,stall
4277.0,4280.0,0,active
4280.0,4281.0,0,stall
4281.0,4291.0,0,active
4291.0,4293.0,0,stall
4293.0,4311.0,0,active
4311.0,4312.0,0,stall
4312.0,4315.0,0,active
4315.0,4316.0,0,stall
4316.0,4325.0,0,active
4325.0,4326.0,0,stall
4326.0,4329.0,0,active
4329.0,4330.0,0,stall
4330.0,4342.0,0,active
4342.0,4343.0,0,stall
4343.0,4350.0,0,active
4350.0,4352.0,0,stall
4352.0,4382.0,0,active
4382.0,4383.0,0,stall
4383.0,4386.0,0,active
4386.0,4387.0,0,stall
4387.0,4399.0,0,active
4399.0,4400.0,0,stall
4400.0,4403.0,0,active
4403.0,4404.0,0,stall
4404.0,4414.0,0,active
4414.0,4416.0,0,stall
4416.0,4434.0,0,active
4434.0,4435.0,0,stall
4435.0,4438.0,0,active
4438.0,4439.0,0,stall
4439.0,4441.0,0,active
4441.0,4442.0,0,stall
4442.0,4445.0,0,active
4445.0,4446.0,0,stall
4446.0,4448.0,0,active
4448.0,4449.0,0,stall
4449.0,4452.0,0,active
4452.0,4453.0,0,stall
4453.0,4455.0,0,active
4455.0,4456.0,0,stall
4456.0,4459.0,0,active
4459.0,4460.0,0,stall
4460.0,4462.0,0,active
4462.0,4463.0,0,stall
4463.0,4466.0,0,active
4466.0,4467.0,0,stall
4467.0,4469.0,0,active
4469.0,4470.0,0,stall
4470.0,4473.0,0,active
4473.0,4474.0,0,stall
4474.0,4476.0,0,active
4476.0,4477.0,0,stall
4477.0,4480.0,0,active
4480.0,4481.0,0,stall
4481.0,4483.0,0,active
4483.0,4484.0,0,stall
4484.0,4487.0,0,active
4487.0,4488.0,0,stall
4488.0,4490.0,0,active
4490.0,4491.0,0,stall
4491.0,4494.0,0,active
4494.0,4495.0,0,stall
4495.0,4497.0,0,active
4497.0,4498.0,0,stall
4498.0,4501.0,0,active
4501.0,4502.0,0,stall
4502.0,4504.0,0,active
4504.0,4505.0,0,stall
4505.0,4508.0,0,active
4508.0,4509.0,0,stall
4509.0,4519.0,0,active
4519.0,4520.0,0,stall
4520.0,4533.0,0,active
4533.0,4534.0,0,stall
4534.0,4537.0,0,active
4537.0,4538.0,0,stall
4538.0,4546.0,0,active
4546.0,4547.0,0,stall
4547.0,4549.0,0,active
4549.0,4550.0,0,stall
4550.0,4552.0,0,active
4552.0,4553.0,0,stall
4553.0,4555.0,0,active
4555.0,4556.0,0,stall
4556.0,4558.0,0,active
4558.0,4559.0,0,stall
4559.0,4561.0,0,active
4561.0,4562.0,0,stall
4562.0,4564.0,0,active
4564.0,4565.0,0,stall
4565.0,4567.0,0,active
4567.0,4568.0,0,stall
4568.0,4570.0,0,active
4570.0,4571.0,0,stall
4571.0,4573.0,0,active
4573.0,4574.0,0,stall
4574.0,4576.0,0,active
4576.0,4577.0,0,stall
4577.0,4579.0,0,active
4579.0,4580.0,0,stall
4580.0,4582.0,0,active
4582.0,4583.0,0,stall
4583.0,4585.0,0,active
4585.0,4586.0,0,stall
4586.0,4588.0,0,active
4588.0,4589.0,0,stall
4589.0,4614.0,0,active
4614.0,4615.0,0,stall
4615.0,4618.0,0,active
4618.0,4619.0,0,stall
4619.0,4631.0,0,active
4631.0,4632.0,0,stall
4632.0,4639.0,0,active
4639.0,4641.0,0,stall
4641.0,4671.0,0,active
4671.0,4672.0,0,stall
4672.0,4675.0,0,active
4675.0,4676.0,0,stall
4676.0,4688.0,0,active
4688.0,4689.0,0,stall
4689.0,4692.0,0,active
4692.0,4693.0,0,stall
4693.0,4703.0,0,active
4703.0,4705.0,0,stall
4705.0,4723.0,0,active
4723.0,4724.0,0,stall
4724.0,4727.0,0,active
4727.0,4728.0,0,stall
4728.0,4737.0,0,active
4737.0,4738.0,0,stall
4738.0,4741.0,0,active
4741.0,4742.0,0,stall
4742.0,4754.0,0,active
4754.0,4755.0,0,stall
4755.0,4770.0,0,active
4770.0,4771.0,0,stall
4771.0,4772.0,0,active
4772.0,4773.0,0,stall
4773.0,4792.0,0,active
4792.0,4793.0,0,stall
4793.0,4798.0,0,active
4798.0,4799.0,0,stall
4799.0,4827.0,0,active
4827.0,4828.0,0,stall
4828.0,4833.0,0,active
4833.0,4834.0,0,stall
4834.0,4862.0,0,active
4862.0,4863.0,0,stall
4863.0,4868.0,0,active
4868.0,4869.0,0,stall
4869.0,4881.0,0,active
4881.0,4882.0,0,stall
4882.0,4886.0,0,active
4886.0,4887.0,0,stall
4887.0,4906.0,0,active
4906.0,4907.0,0,stall
4907.0,4909.0,0,active
4909.0,4910.0,0,stall
4910.0,4914.0,0,active
4914.0,4915.0,0,stall
4915.0,4917.0,0,active
4917.0,4918.0,0,stall
4918.0,4920.0,0,active
4920.0,4921.0,0,stall
4921.0,4923.0,0,active
4923.0,4924.0,0,stall
4924.0,4926.0,0,active
4926.0,4927.0,0,stall
4927.0,4929.0,0,active
4929.0,4930.0,0,stall
4930.0,4932.0,0,active
4932.0,4933.0,0,stall
4933.0,4935.0,0,active
4935.0,4936.0,0,stall
4936.0,4938.0,0,active
4938.0,4939.0,0,stall
4939.0,4941.0,0,active
4941.0,4942.0,0,stall
4942.0,4944.0,0,active
4944.0,4945.0,0,stall
4945.0,4947.0,0,active
4947.0,4948.0,0,stall
4948.0,4950.0,0,active
4950.0,4951.0,0,stall
4951.0,4953.0,0,active
4953.0,4954.0,0,stall
4954.0,4956.0,0,active
4956.0,4957.0,0,stall
4957.0,4959.0,0,active
4959.0,4960.0,0,stall
4960.0,5001.0,0,active
5001.0,5002.0,0,stall
5002.0,5009.0,0,active
5009.0,5011.0,0,stall
5011.0,5041.0,0,active
5041.0,5042.0,0,stall
5042.0,5045.0,0,active
5045.0,5046.0,0,stall
5046.0,5058.0,0,active
5058.0,5059.0,0,stall
5059.0,5062.0,0,active
5062.0,5063.0,0,stall
5063.0,5073.0,0,active
5073.0,5075.0,0,stall
5075.0,5093.0,0,active
5093.0,5094.0,0,stall
5094.0,5097.0,0,active
5097.0,5098.0,0,stall
5098.0,5107.0,0,active
5107.0,5108.0,0,stall
5108.0,5111.0,0,active
5111.0,5112.0,0,stall
5112.0,5124.0,0,active
5124.0,5125.0,0,stall
5125.0,5132.0,0,active
5132.0,5134.0,0,stall
5134.0,5164.0,0,active
5164.0,5165.0,0,stall
5165.0,5168.0,0,active
5168.0,5169.0,0,stall
5169.0,5181.0,0,active
5181.0,5182.0,0,stall
5182.0,5185.0,0,active
5185.0,5186.0,0,stall
5186.0,5196.0,0,active
5196.0,5198.0,0,stall
5198.0,5216.0,0,active
5216.0,5217.0,0,stall
5217.0,5220.0,0,active
5220.0,5221.0,0,stall
5221.0,5230.0,0,active
5230.0,5231.0,0,stall
5231.0,5234.0,0,active
5234.0,5235.0,0,stall
5235.0,5237.0,0,active
5237.0,5238.0,0,stall
5238.0,5241.0,0,active
5241.0,5242.0,0,stall
5242.0,5244.0,0,active
5244.0,5245.0,0,stall
5245.0,5248.0,0,active
5248.0,5249.0,0,stall
5249.0,5251.0,0,active
5251.0,5252.0,0,stall
5252.0,5255.0,0,active
5255.0,5256.0,0,stall
5256.0,5270.0,0,active
5270.0,5272.0,0,stall
5272.0,5285.0,0,active
5285.0,5286.0,0,stall
5286.0,5300.0,0,active
5300.0,5301.0,0,stall
5301.0,5321.0,0,active
5321.0,5322.0,0,stall
5322.0,5337.0,0,active
5337.0,5338.0,0,stall
5338.0,5339.0,0,active
5339.0,5340.0,0,stall
5340.0,5359.0,0,active
5359.0,5360.0,0,stall
5360.0,5365.0,0,active
5365.0,5366.0,0,stall
5366.0,5378.0,0,active
5378.0,5379.0,0,stall
5379.0,5383.0,0,active
5383.0,5384.0,0,stall
5384.0,5403.0,0,active
5403.0,5404.0,0,stall
5404.0,5406.0,0,active
5406.0,5407.0,0,stall
5407.0,5411.0,0,active
5411.0,5412.0,0,stall
5412.0,5414.0,0,active
5414.0,5415.0,0,stall
5415.0,5417.0,0,active
5417.0,5418.0,0,stall
5418.0,5420.0,0,active
5420.0,5421.0,0,stall
5421.0,5462.0,0,active
5462.0,5463.0,0,stall
5463.0,5470.0,0,active
5470.0,5472.0,0,stall
5472.0,5502.0,0,active
5502.0,5503.0,0,stall
5503.0,5506.0,0,active
5506.0,5507.0,0,stall
5507.0,5509.0,0,active
5509.0,5510.0,0,stall
5510.0,5513.0,0,active
5513.0,5514.0,0,stall
5514.0,5516.0,0,active
5516.0,5517.0,0,stall
5517.0,5520.0,0,active
5520.0,5521.0,0,stall
5521.0,5523.0,0,active
5523.0,5524.0,0,stall
5524.0,5527.0,0,active
5527.0,5528.0,0,stall
5528.0,5530.0,0,active
5530.0,5531.0,0,stall
5531.0,5534.0,0,active
5534.0,5535.0,0,stall
5535.0,5537.0,0,active
5537.0,5538.0,0,stall
5538.0,5541.0,0,active
5541.0,5542.0,0,stall
5542.0,5544.0,0,active
5544.0,5545.0,0,stall
5545.0,5548.0,0,active
5548.0,5549.0,0,stall
5549.0,5551.0,0,active
5551.0,5552.0,0,stall
5552.0,5555.0,0,active
5555.0,5556.0,0,stall
5556.0,5558.0,0,active
5558.0,5559.0,0,stall
5559.0,5562.0,0,active
5562.0,5563.0,0,stall
5563.0,5565.0,0,active
5565.0,5566.0,0,stall
5566.0,5569.0,0,active
5569.0,5570.0,0,stall
5570.0,5572.0,0,active
5572.0,5573.0,0,stall
5573.0,5576.0,0,active
5576.0,5577.0,0,stall
5577.0,5579.0,0,active
5579.0,5580.0,0,stall
5580.0,5583.0,0,active
5583.0,5584.0,0,stall
5584.0,5586.0,0,active
5586.0,5587.0,0,stall
5587.0,5590.0,0,active
5590.0,5591.0,0,stall
5591.0,5593.0,0,active
5593.0,5594.0,0,stall
5594.0,5597.0,0,active
5597.0,5598.0,0,stall
5598.0,5600.0,0,active
5600.0,5601.0,0,stall
5601.0,5604.0,0,active
5604.0,5605.0,0,stall
5605.0,5611.0,0,active
5611.0,5612.0,0,stall
5612.0,5620.0,0,active
5620.0,5621.0,0,stall
5621.0,5626.0,0,active
5626.0,5627.0,0,stall
5627.0,5630.0,0,active
5630.0,5631.0,0,stall
5631.0,5633.0,0,active
5633.0,5634.0,0,stall
5634.0,5637.0,0,active
5637.0,5638.0,0,stall
5638.0,5648.0,0,active
5648.0,5650.0,0,stall
5650.0,5668.0,0,active
5668.0,5669.0,0,stall
5669.0,5672.0,0,active
5672.0,5673.0,0,stall
5673.0,5682.0,0,active
5682.0,5683.0,0,stall
5683.0,5686.0,0,active
5686.0,5687.0,0,stall
5687.0,5699.0,0,active
5699.0,5700.0,0,stall
5700.0,5707.0,0,active
5707.0,5709.0,0,stall
5709.0,5739.0,0,active
5739.0,5740.0,0,stall
5740.0,5743.0,0,active
5743.0,5744.0,0,stall
5744.0,5746.0,0,active
5746.0,5747.0,0,stall
5747.0,5750.0,0,active
5750.0,5751.0,0,stall
5751.0,5763.0,0,active
5763.0,5764.0,0,stall
5764.0,5767.0,0,active
5767.0,5768.0,0,stall
5768.0,5770.0,0,active
5770.0,5771.0,0,stall
5771.0,5774.0,0,active
5774.0,5775.0,0,stall
5775.0,5777.0,0,active
5777.0,5778.0,0,stall
5778.0,5781.0,0,active
5781.0,5782.0,0,stall
5782.0,5784.0,0,active
5784.0,5785.0,0,stall
5785.0,5788.0,0,active
5788.0,5789.0,0,stall
5789.0,5791.0,0,active
5791.0,5792.0,0,stall
5792.0,5795.0,0,active
5795.0,5796.0,0,stall
5796.0,5798.0,0,active
5798.0,5799.0,0,stall
5799.0,5802.0,0,active
5802.0,5803.0,0,stall
5803.0,5805.0,0,active
5805.0,5806.0,0,stall
5806.0,5809.0,0,active
5809.0,5810.0,0,stall
5810.0,5812.0,0,active
5812.0,5813.0,0,stall
5813.0,5816.0,0,active
5816.0,5817.0,0,stall
5817.0,5819.0,0,active
5819.0,5820.0,0,stall
5820.0,5823.0,0,active
5823.0,5824.0,0,stall
5824.0,5826.0,0,active
5826.0,5827.0,0,stall
5827.0,5830.0,0,active
5830.0,5831.0,0,stall
5831.0,5833.0,0,active
5833.0,5834.0,0,stall
5834.0,5837.0,0,active
5837.0,5838.0,0,stall
5838.0,5840.0,0,active
5840.0,5841.0,0,stall
5841.0,5844.0,0,active
5844.0,5845.0,0,stall
5845.0,5850.0,0,active
5850.0,5851.0,0,stall
5851.0,5863.0,0,active
5863.0,5864.0,0,stall
5864.0,5868.0,0,active
5868.0,5870.0,0,stall
5870.0,5888.0,0,active
5888.0,5889.0,0,stall
5889.0,5892.0,0,active
5892.0,5893.0,0,stall
5893.0,5902.0,0,active
5902.0,5903.0,0,stall
5903.0,5906.0,0,active
5906.0,5907.0,0,stall
5907.0,5919.0,0,active
5919.0,5920.0,0,stall
5920.0,5927.0,0,active
5927.0,5929.0,0,stall
5929.0,5959.0,0,active
5959.0,5960.0,0,stall
5960.0,5963.0,0,active
5963.0,5964.0,0,stall
5964.0,5976.0,0,active
5976.0,5977.0,0,stall
5977.0,5980.0,0,active
5980.0,5981.0,0,stall
5981.0,5991.0,0,active
5991.0,5993.0,0,stall
5993.0,6011.0,0,active
6011.0,6012.0,0,stall
6012.0,6015.0,0,active
6015.0,6016.0,0,stall
6016.0,6018.0,0,active
6018.0,6019.0,0,stall
6019.0,6022.0,0,active
6022.0,6023.0,0,stall
6023.0,6025.0,0,active
6025.0,6026.0,0,stall
6026.0,6029.0,0,active
6029.0,6030.0,0,stall
6030.0,6032.0,0,active
6032.0,6033.0,0,stall
6033.0,6036.0,0,active
6036.0,6037.0,0,stall
6037.0,6039.0,0,active
6039.0,6040.0,0,stall
6040.0,6043.0,0,active
6043.0,6044.0,0,stall
6044.0,6046.0,0,active
6046.0,6047.0,0,stall
6047.0,6050.0,0,active
6050.0,6051.0,0,stall
6051.0,6053.0,0,active
6053.0,6054.0,0,stall
6054.0,6057.0,0,active
6057.0,6058.0,0,stall
6058.0,6060.0,0,active
6060.0,6061.0,0,stall
6061.0,6064.0,0,active
6064.0,6065.0,0,stall
6065.0,6067.0,0,active
6067.0,6068.0,0,stall
6068.0,6071.0,0,active
6071.0,6072.0,0,stall
6072.0,6074.0,0,active
6074.0,6075.0,0,stall
6075.0,6078.0,0,active
6078.0,6079.0,0,stall
6079.0,6081.0,0,active
6081.0,6082.0,0,stall
6082.0,6085.0,0,active
6085.0,6086.0,0,stall
6086.0,6096.0,0,active
6096.0,6097.0,0,stall
6097.0,6110.0,0,active
6110.0,6111.0,0,stall
6111.0,6114.0,0,active
6114.0,6115.0,0,stall
6115.0,6123.0,0,active
6123.0,6124.0,0,stall
6124.0,6126.0,0,active
6126.0,6127.0,0,stall
6127.0,6129.0,0,active
6129.0,6130.0,0,stall
6130.0,6132.0,0,active
6132.0,6133.0,0,stall
6133.0,6135.0,0,active
6135.0,6136.0,0,stall
6136.0,6138.0,0,active
6138.0,6139.0,0,stall
6139.0,6141.0,0,active
6141.0,6142.0,0,stall
6142.0,6144.0,0,active
6144.0,6145.0,0,stall
6145.0,6147.0,0,active
6147.0,6148.0,0,stall
6148.0,6150.0,0,active
6150.0,6151.0,0,stall
6151.0,6153.0,0,active
6153.0,6154.0,0,stall
6154.0,6156.0,0,active
6156.0,6157.0,0,stall
6157.0,6159.0,0,active
6159.0,6160.0,0,stall
6160.0,6162.0,0,active
6162.0,6163.0,0,stall
6163.0,6165.0,0,active
6165.0,6166.0,0,stall
6166.0,6168.0,0,active
6168.0,6169.0,0,stall
6169.0,6171.0,0,active
6171.0,6172.0,0,stall
6172.0,6174.0,0,active
6174.0,6175.0,0,stall
6175.0,6177.0,0,active
6177.0,6178.0,0,stall
6178.0,6180.0,0,active
6180.0,6181.0,0,stall
6181.0,6183.0,0,active
6183.0,6184.0,0,stall
6184.0,6186.0,0,active
6186.0,6187.0,0,stall
6187.0,6199.0,0,active
6199.0,6200.0,0,stall
6200.0,6203.0,0,active
6203.0,6204.0,0,stall
6204.0,6206.0,0,active
6206.0,6207.0,0,stall
6207.0,6210.0,0,active
6210.0,6211.0,0,stall
6211.0,6213.0,0,active
6213.0,6214.0,0,stall
6214.0,6217.0,0,active
6217.0,6218.0,0,stall
6218.0,6226.0,0,active
6226.0,6227.0,0,stall
6227.0,6229.0,0,active
6229.0,6230.0,0,stall
6230.0,6232.0,0,active
6232.0,6233.0,0,stall
6233.0,6235.0,0,active
6235.0,6236.0,0,stall
6236.0,6238.0,0,active
6238.0,6239.0,0,stall
6239.0,6241.0,0,active
6241.0,6242.0,0,stall
6242.0,6244.0,0,active
6244.0,6245.0,0,stall
6245.0,6247.0,0,active
6247.0,6248.0,0,stall
6248.0,6250.0,0,active
6250.0,6251.0,0,stall
6251.0,6253.0,0,active
6253.0,6254.0,0,stall
6254.0,6256.0,0,active
6256.0,6257.0,0,stall
6257.0,6282.0,0,active
6282.0,6283.0,0,stall
6283.0,6286.0,0,active
6286.0,6287.0,0,stall
6287.0,6299.0,0,active
6299.0,6300.0,0,stall
6300.0,6307.0,0,active
6307.0,6309.0,0,stall
6309.0,6339.0,0,active
6339.0,6340.0,0,stall
6340.0,6343.0,0,active
6343.0,6344.0,0,stall
6344.0,6356.0,0,active
6356.0,6357.0,0,stall
6357.0,6360.0,0,active
6360.0,6361.0,0,stall
6361.0,6371.0,0,active
6371.0,6373.0,0,stall
6373.0,6391.0,0,active
6391.0,6392.0,0,stall
6392.0,6395.0,0,active
6395.0,6396.0,0,stall
6396.0,6405.0,0,active
6405.0,6406.0,0,stall
6406.0,6409.0,0,active
6409.0,6410.0,0,stall
6410.0,6412.0,0,active
6412.0,6413.0,0,stall
6413.0,6416.0,0,active
6416.0,6417.0,0,stall
6417.0,6429.0,0,active
6429.0,6430.0,0,stall
6430.0,6443.0,0,active
6443.0,6444.0,0,stall
6444.0,6445.0,0,active
6445.0,6446.0,0,stall
6446.0,6451.0,0,active
6451.0,6452.0,0,stall
6452.0,6456.0,0,active
6456.0,6457.0,0,stall
6457.0,6476.0,0,active
6476.0,6477.0,0,stall
6477.0,6479.0,0,active
6479.0,6480.0,0,stall
6480.0,6484.0,0,active
6484.0,6485.0,0,stall
6485.0,6487.0,0,active
6487.0,6488.0,0,stall
6488.0,6490.0,0,active
6490.0,6491.0,0,stall
6491.0,6493.0,0,active
6493.0,6494.0,0,stall
6494.0,6496.0,0,active
6496.0,6497.0,0,stall
6497.0,6499.0,0,active
6499.0,6500.0,0,stall
6500.0,6502.0,0,active
6502.0,6503.0,0,stall
6503.0,6505.0,0,active
6505.0,6506.0,0,stall
6506.0,6508.0,0,active
6508.0,6509.0,0,stall
6509.0,6511.0,0,active
6511.0,6512.0,0,stall
6512.0,6514.0,0,active
6514.0,6515.0,0,stall
6515.0,6517.0,0,active
6517.0,6518.0,0,stall
6518.0,6520.0,0,active
6520.0,6521.0,0,stall
6521.0,6523.0,0,active
6523.0,6524.0,0,stall
6524.0,6565.0,0,active
6565.0,6566.0,0,stall
6566.0,6573.0,0,active
6573.0,6575.0,0,stall
6575.0,6605.0,0,active
6605.0,6606.0,0,stall
6606.0,6609.0,0,active
6609.0,6610.0,0,stall
6610.0,6622.0,0,active
6622.0,6623.0,0,stall
6623.0,6626.0,0,active
6626.0,6627.0,0,stall
6627.0,6637.0,0,active
6637.0,6639.0,0,stall
6639.0,6657.0,0,active
6657.0,6658.0,0,stall
6658.0,6661.0,0,active
6661.0,6662.0,0,stall
6662.0,6664.0,0,active
6664.0,6665.0,0,stall
6665.0,6668.0,0,active
6668.0,6669.0,0,stall
6669.0,6671.0,0,active
6671.0,6672.0,0,stall
6672.0,6675.0,0,active
6675.0,6676.0,0,stall
6676.0,6678.0,0,active
6678.0,6679.0,0,stall
6679.0,6682.0,0,active
6682.0,6683.0,0,stall
6683.0,6685.0,0,active
6685.0,6686.0,0,stall
6686.0,6689.0,0,active
6689.0,6690.0,0,stall
6690.0,6692.0,0,active
6692.0,6693.0,0,stall
6693.0,6696.0,0,active
6696.0,6697.0,0,stall
6697.0,6699.0,0,active
6699.0,6700.0,0,stall
6700.0,6703.0,0,active
6703.0,6704.0,0,stall
6704.0,6706.0,0,active
6706.0,6707.0,0,stall
6707.0,6710.0,0,active
6710.0,6711.0,0,stall
6711.0,6713.0,0,active
6713.0,6714.0,0,stall
6714.0,6717.0,0,active
6717.0,6718.0,0,stall
6718.0,6720.0,0,active
6720.0,6721.0,0,stall
6721.0,6724.0,0,active
6724.0,6725.0,0,stall
6725.0,6727.0,0,active
6727.0,6728.0,0,stall
6728.0,6731.0,0,active
6731.0,6732.0,0,stall
6732.0,6742.0,0,active
6742.0,6743.0,0,stall
6743.0,6756.0,0,active
6756.0,6757.0,0,stall
6757.0,6760.0,0,active
6760.0,6761.0,0,stall
6761.0,6769.0,0,active
6769.0,6770.0,0,stall
6770.0,6772.0,0,active
6772.0,6773.0,0,stall
6773.0,6775.0,0,active
6775.0,6776.0,0,stall
6776.0,6778.0,0,active
6778.0,6779.0,0,stall
6779.0,6781.0,0,active
6781.0,6782.0,0,stall
6782.0,6784.0,0,active
6784.0,6785.0,0,stall
6785.0,6787.0,0,active
6787.0,6788.0,0,stall
6788.0,6790.0,0,active
6790.0,6791.0,0,stall
6791.0,6793.0,0,active
6793.0,6794.0,0,stall
6794.0,6796.0,0,active
6796.0,6797.0,0,stall
6797.0,6799.0,0,active
6799.0,6800.0,0,stall
6800.0,6802.0,0,active
6802.0,6803.0,0,stall
6803.0,6805.0,0,active
6805.0,6806.0,0,stall
6806.0,6831.0,0,active
6831.0,6832.0,0,stall
6832.0,6835.0,0,active
6835.0,6836.0,0,stall
6836.0,6848.0,0,active
6848.0,6849.0,0,stall
6849.0,6856.0,0,active
6856.0,6858.0,0,stall
6858.0,6888.0,0,active
6888.0,6889.0,0,stall
6889.0,6892.0,0,active
6892.0,6893.0,0,stall
6893.0,6905.0,0,active
6905.0,6906.0,0,stall
6906.0,6909.0,0,active
6909.0,6910.0,0,stall
6910.0,6920.0,0,active
6920.0,6922.0,0,stall
6922.0,6940.0,0,active
6940.0,6941.0,0,stall
6941.0,6944.0,0,active
6944.0,6945.0,0,stall
6945.0,6954.0,0,active
6954.0,6955.0,0,stall
6955.0,6958.0,0,active
6958.0,6959.0,0,stall
6959.0,6971.0,0,active
6971.0,6972.0,0,stall
6972.0,6979.0,0,active
6979.0,6981.0,0,stall
6981.0,7011.0,0,active
7011.0,7012.0,0,stall
7012.0,7015.0,0,active
7015.0,7016.0,0,stall
7016.0,7028.0,0,active
7028.0,7029.0,0,stall
7029.0,7032.0,0,active
7032.0,7033.0,0,stall
7033.0,7043.0,0,active
7043.0,7045.0,0,stall
7045.0,7063.0,0,active
7063.0,7064.0,0,stall
7064.0,7067.0,0,active
7067.0,7068.0,0,stall
7068.0,7077.0,0,active
7077.0,7078.0,0,stall
7078.0,7081.0,0,active
7081.0,7082.0,0,stall
7082.0,7084.0,0,active
7084.0,7085.0,0,stall
7085.0,7088.0,0,active
7088.0,7089.0,0,stall
7089.0,7091.0,0,active
7091.0,7092.0,0,stall
7092.0,7095.0,0,active
7095.0,7096.0,0,stall
7096.0,7098.0,0,active
7098.0,7099.0,0,stall
7099.0,7102.0,0,active
7102.0,7103.0,0,stall
7103.0,7117.0,0,active
7117.0,7119.0,0,stall
7119.0,7132.0,0,active
7132.0,7133.0,0,stall
7133.0,7147.0,0,active
7147.0,7148.0,0,stall
7148.0,7168.0,0,active
7168.0,7169.0,0,stall
7169.0,7184.0,0,active
7184.0,7185.0,0,stall
7185.0,7186.0,0,active
7186.0,7187.0,0,stall
7187.0,7206.0,0,active
7206.0,7207.0,0,stall
7207.0,7212.0,0,active
7212.0,7213.0,0,stall
7213.0,7225.0,0,active
7225.0,7226.0,0,stall
7226.0,7230.0,0,active
7230.0,7231.0,0,stall
7231.0,7250.0,0,active
7250.0,7251.0,0,stall
7251.0,7253.0,0,active
7253.0,7254.0,0,stall
7254.0,7258.0,0,active
7258.0,7259.0,0,stall
7259.0,7261.0,0,active
7261.0,7262.0,0,stall
7262.0,7264.0,0,active
7264.0,7265.0,0,stall
7265.0,7267.0,0,active
7267.0,7268.0,0,stall
7268.0,7270.0,0,active
7270.0,7271.0,0,stall
7271.0,7273.0,0,active
7273.0,7274.0,0,stall
7274.0,7276.0,0,active
7276.0,7277.0,0,stall
7277.0,7279.0,0,active
7279.0,7280.0,0,stall
7280.0,7282.0,0,active
7282.0,7283.0,0,stall
7283.0,7285.0,0,active
7285.0,7286.0,0,stall
7286.0,7288.0,0,active
7288.0,7289.0,0,stall
7289.0,7291.0,0,active
7291.0,7292.0,0,stall
7292.0,7294.0,0,active
7294.0,7295.0,0,stall
7295.0,7336.0,0,active
7336.0,7337.0,0,stall
7337.0,7344.0,0,active
7344.0,7346.0,0,stall
7346.0,7376.0,0,active
7376.0,7377.0,0,stall
7377.0,7380.0,0,active
7380.0,7381.0,0,stall
7381.0,7393.0,0,active
7393.0,7394.0,0,stall
7394.0,7397.0,0,active
7397.0,7398.0,0,stall
7398.0,7408.0,0,active
7408.0,7410.0,0,stall
7410.0,7428.0,0,active
7428.0,7429.0,0,stall
7429.0,7432.0,0,active
7432.0,7433.0,0,stall
7433.0,7435.0,0,active
7435.0,7436.0,0,stall
7436.0,7439.0,0,active
7439.0,7440.0,0,stall
7440.0,7442.0,0,active
7442.0,7443.0,0,stall
7443.0,7446.0,0,active
7446.0,7447.0,0,stall
7447.0,7449.0,0,active
7449.0,7450.0,0,stall
7450.0,7453.0,0,active
7453.0,7454.0,0,stall
7454.0,7456.0,0,active
7456.0,7457.0,0,stall
7457.0,7460.0,0,active
7460.0,7461.0,0,stall
7461.0,7463.0,0,active
7463.0,7464.0,0,stall
7464.0,7467.0,0,active
7467.0,7468.0,0,stall
7468.0,7470.0,0,active
7470.0,7471.0,0,stall
7471.0,7474.0,0,active
7474.0,7475.0,0,stall
7475.0,7477.0,0,active
7477.0,7478.0,0,stall
7478.0,7481.0,0,active
7481.0,7482.0,0,stall
7482.0,7484.0,0,active
7484.0,7485.0,0,stall
7485.0,7488.0,0,active
7488.0,7489.0,0,stall
7489.0,7491.0,0,active
7491.0,7492.0,0,stall
7492.0,7495.0,0,active
7495.0,7496.0,0,stall
7496.0,7498.0,0,active
7498.0,7499.0,0,stall
7499.0,7502.0,0,active
7502.0,7503.0,0,stall
7503.0,7513.0,0,active
7513.0,7514.0,0,stall
7514.0,7527.0,0,active
7527.0,7528.0,0,stall
7528.0,7531.0,0,active
7531.0,7532.0,0,stall
7532.0,7540.0,0,active
7540.0,7541.0,0,stall
7541.0,7543.0,0,active
7543.0,7544.0,0,stall
7544.0,7546.0,0,active
7546.0,7547.0,0,stall
7547.0,7549.0,0,active
7549.0,7550.0,0,stall
7550.0,7552.0,0,active
7552.0,7553.0,0,stall
7553.0,7555.0,0,active
7555.0,7556.0,0,stall
7556.0,7558.0,0,active
7558.0,7559.0,0,stall
7559.0,7561.0,0,active
7561.0,7562.0,0,stall
7562.0,7564.0,0,active
7564.0,7565.0,0,stall
7565.0,7567.0,0,active
7567.0,7568.0,0,stall
7568.0,7570.0,0,active
7570.0,7571.0,0,stall
7571.0,7573.0,0,active
7573.0,7574.0,0,stall
7574.0,7599.0,0,active
7599.0,7600.0,0,stall
7600.0,7603.0,0,active
7603.0,7604.0,0,stall
7604.0,7616.0,0,active
7616.0,7617.0,0,stall
7617.0,7624.0,0,active
7624.0,7626.0,0,stall
7626.0,7656.0,0,active
7656.0,7657.0,0,stall
7657.0,7660.0,0,active
7660.0,7661.0,0,stall
7661.0,7663.0,0,active
7663.0,7664.0,0,stall
7664.0,7667.0,0,active
7667.0,7668.0,0,stall
7668.0,7670.0,0,active
7670.0,7671.0,0,stall
7671.0,7674.0,0,active
7674.0,7675.0,0,stall
7675.0,7677.0,0,active
7677.0,7678.0,0,stall
7678.0,7681.0,0,active
7681.0,7682.0,0,stall
7682.0,7684.0,0,active
7684.0,7685.0,0,stall
7685.0,7688.0,0,active
7688.0,7689.0,0,stall
7689.0,7691.0,0,active
7691.0,7692.0,0,stall
7692.0,7695.0,0,active
7695.0,7696.0,0,stall
7696.0,7698.0,0,active
7698.0,7699.0,0,stall
7699.0,7702.0,0,active
7702.0,7703.0,0,stall
7703.0,7705.0,0,active
7705.0,7706.0,0,stall
7706.0,7709.0,0,active
7709.0,7710.0,0,stall
7710.0,7712.0,0,active
7712.0,7713.0,0,stall
7713.0,7716.0,0,active
7716.0,7717.0,0,stall
7717.0,7719.0,0,active
7719.0,7720.0,0,stall
7720.0,7723.0,0,active
7723.0,7724.0,0,stall
7724.0,7726.0,0,active
7726.0,7727.0,0,stall
7727.0,7730.0,0,active
7730.0,7731.0,0,stall
7731.0,7733.0,0,active
7733.0,7734.0,0,stall
7734.0,7737.0,0,active
7737.0,7738.0,0,stall
7738.0,7740.0,0,active
7740.0,7741.0,0,stall
7741.0,7744.0,0,active
7744.0,7745.0,0,stall
7745.0,7747.0,0,active
7747.0,7748.0,0,stall
7748.0,7751.0,0,active
7751.0,7752.0,0,stall
7752.0,7754.0,0,active
7754.0,7755.0,0,stall
7755.0,7758.0,0,active
7758.0,7759.0,0,stall
7759.0,7765.0,0,active
7765.0,7766.0,0,stall
7766.0,7774.0,0,active
7774.0,7775.0,0,stall
7775.0,7780.0,0,active
7780.0,7781.0,0,stall
7781.0,7784.0,0,active
7784.0,7785.0,0,stall
7785.0,7787.0,0,active
7787.0,7788.0,0,stall
7788.0,7791.0,0,active
7791.0,7792.0,0,stall
7792.0,7802.0,0,active
7802.0,7804.0,0,stall
7804.0,7822.0,0,active
7822.0,7823.0,0,stall
7823.0,7826.0,0,active
7826.0,7827.0,0,stall
7827.0,7836.0,0,active
7836.0,7837.0,0,stall
7837.0,7840.0,0,active
7840.0,7841.0,0,stall
7841.0,7853.0,0,active
7853.0,7854.0,0,stall
7854.0,7861.0,0,active
7861.0,7863.0,0,stall
7863.0,7893.0,0,active
7893.0,7894.0,0,stall
7894.0,7897.0,0,active
7897.0,7898.0,0,stall
7898.0,7910.0,0,active
7910.0,7911.0,0,stall
7911.0,7914.0,0,active
7914.0,7915.0,0,stall
7915.0,7925.0,0,active
7925.0,7927.0,0,stall
7927.0,7945.0,0,active
7945.0,7946.0,0,stall
7946.0,7949.0,0,active
7949.0,7950.0,0,stall
7950.0,7959.0,0,active
7959.0,7960.0,0,stall
7960.0,7963.0,0,active
7963.0,7964.0,0,stall
7964.0,7976.0,0,active
7976.0,7977.0,0,stall
7977.0,7984.0,0,active
7984.0,7986.0,0,stall
7986.0,8016.0,0,active
8016.0,8017.0,0,stall
8017.0,8020.0,0,active
8020.0,8021.0,0,stall
8021.0,8033.0,0,active
8033.0,8034.0,0,stall
8034.0,8037.0,0,active
8037.0,8038.0,0,stall
8038.0,8048.0,0,active
8048.0,8050.0,0,stall
8050.0,8068.0,0,active
8068.0,8069.0,0,stall
8069.0,8072.0,0,active
8072.0,8073.0,0,stall
8073.0,8082.0,0,active
8082.0,8083.0,0,stall
8083.0,8086.0,0,active
8086.0,8087.0,0,stall
8087.0,8089.0,0,active
8089.0,8090.0,0,stall
8090.0,8093.0,0,active
8093.0,8094.0,0,stall
8094.0,8096.0,0,active
8096.0,8097.0,0,stall
8097.0,8100.0,0,active
8100.0,8101.0,0,stall
8101.0,8103.0,0,active
8103.0,8104.0,0,stall
8104.0,8107.0,0,active
8107.0,8108.0,0,stall
8108.0,8122.0,0,active
8122.0,8124.0,0,stall
8124.0,8137.0,0,active
8137.0,8138.0,0,stall
8138.0,8152.0,0,active
8152.0,8153.0,0,stall
8153.0,8173.0,0,active
8173.0,8174.0,0,stall
8174.0,8181.0,0,active
8181.0,8183.0,0,stall
8183.0,8213.0,0,active
8213.0,8214.0,0,stall
8214.0,8217.0,0,active
8217.0,8218.0,0,stall
8218.0,8230.0,0,active
8230.0,8231.0,0,stall
8231.0,8234.0,0,active
8234.0,8235.0,0,stall
8235.0,8245.0,0,active
8245.0,8247.0,0,stall
8247.0,8265.0,0,active
8265.0,8266.0,0,stall
8266.0,8269.0,0,active
8269.0,8270.0,0,stall
8270.0,8279.0,0,active
8279.0,8280.0,0,stall
8280.0,8283.0,0,active
8283.0,8284.0,0,stall
8284.0,8286.0,0,active
8286.0,8287.0,0,stall
8287.0,8290.0,0,active
8290.0,8291.0,0,stall
8291.0,8303.0,0,active
8303.0,8304.0,0,stall
8304.0,8311.0,0,active
8311.0,8313.0,0,stall
8313.0,8343.0,0,active
8343.0,8344.0,0,stall
8344.0,8347.0,0,active
8347.0,8348.0,0,stall
8348.0,8360.0,0,active
8360.0,8361.0,0,stall
8361.0,8364.0,0,active
8364.0,8365.0,0,stall
8365.0,8375.0,0,active
8375.0,8377.0,0,stall
8377.0,8395.0,0,active
8395.0,8396.0,0,stall
8396.0,8399.0,0,active
8399.0,8400.0,0,stall
8400.0,8409.0,0,active
8409.0,8410.0,0,stall
8410.0,8413.0,0,active
8413.0,8414.0,0,stall
8414.0,8416.0,0,active
8416.0,8417.0,0,stall
8417.0,8420.0,0,active
8420.0,8421.0,0,stall
8421.0,8433.0,0,active
8433.0,8434.0,0,stall
8434.0,8441.0,0,active
8441.0,8443.0,0,stall
8443.0,8473.0,0,active
8473.0,8474.0,0,stall
8474.0,8477.0,0,active
8477.0,8478.0,0,stall
8478.0,8480.0,0,active
8480.0,8481.0,0,stall
8481.0,8484.0,0,active
8484.0,8485.0,0,stall
8485.0,8497.0,0,active
8497.0,8498.0,0,stall
8498.0,8501.0,0,active
8501.0,8502.0,0,stall
8502.0,8504.0,0,active
8504.0,8505.0,0,stall
8505.0,8508.0,0,active
8508.0,8509.0,0,stall
8509.0,8519.0,0,active
8519.0,8521.0,0,stall
8521.0,8539.0,0,active
8539.0,8540.0,0,stall
8540.0,8543.0,0,active
8543.0,8544.0,0,stall
8544.0,8553.0,0,active
8553.0,8554.0,0,stall
8554.0,8557.0,0,active
8557.0,8558.0,0,stall
8558.0,8570.0,0,active
8570.0,8571.0,0,stall
8571.0,8578.0,0,active
8578.0,8580.0,0,stall
8580.0,8610.0,0,active
8610.0,8611.0,0,stall
8611.0,8614.0,0,active
8614.0,8615.0,0,stall
8615.0,8627.0,0,active
8627.0,8628.0,0,stall
8628.0,8631.0,0,active
8631.0,8632.0,0,stall
8632.0,8642.0,0,active
8642.0,8644.0,0,stall
8644.0,8662.0,0,active
8662.0,8663.0,0,stall
8663.0,8666.0,0,active
8666.0,8667.0,0,stall
8667.0,8676.0,0,active
8676.0,8677.0,0,stall
8677.0,8680.0,0,active
8680.0,8681.0,0,stall
8681.0,8693.0,0,active
8693.0,8694.0,0,stall
8694.0,8701.0,0,active
8701.0,8703.0,0,stall
8703.0,8733.0,0,active
8733.0,8734.0,0,stall
8734.0,8737.0,0,active
8737.0,8738.0,0,stall
8738.0,8750.0,0,active
8750.0,8751.0,0,stall
8751.0,8754.0,0,active
8754.0,8755.0,0,stall
8755.0,8765.0,0,active
8765.0,8767.0,0,stall
8767.0,8785.0,0,active
8785.0,8786.0,0,stall
8786.0,8789.0,0,active
8789.0,8790.0,0,stall
8790.0,8799.0,0,active
8799.0,8800.0,0,stall
8800.0,8803.0,0,active
8803.0,8804.0,0,stall
8804.0,8816.0,0,active
8816.0,8817.0,0,stall
8817.0,8832.0,0,active
8832.0,8833.0,0,stall
8833.0,8834.0,0,active
8834.0,8835.0,0,stall
8835.0,8854.0,0,active
8854.0,8855.0,0,stall
8855.0,8860.0,0,active
8860.0,8861.0,0,stall
8861.0,8873.0,0,active
8873.0,8874.0,0,stall
8874.0,8878.0,0,active
8878.0,8879.0,0,stall
8879.0,8898.0,0,active
8898.0,8899.0,0,stall
8899.0,8901.0,0,active
8901.0,8902.0,0,stall
8902.0,8906.0,0,active
8906.0,8907.0,0,stall
8907.0,8909.0,0,active
8909.0,8910.0,0,stall
8910.0,8912.0,0,active
8912.0,8913.0,0,stall
8913.0,8915.0,0,active
8915.0,8916.0,0,stall
8916.0,8918.0,0,active
8918.0,8919.0,0,stall
8919.0,8921.0,0,active
8921.0,8922.0,0,stall
8922.0,8924.0,0,active
8924.0,8925.0,0,stall
8925.0,8927.0,0,active
8927.0,8928.0,0,stall
8928.0,8930.0,0,active
8930.0,8931.0,0,stall
8931.0,8933.0,0,active
8933.0,8934.0,0,stall
8934.0,8936.0,0,active
8936.0,8937.0,0,stall
8937.0,8939.0,0,active
8939.0,8940.0,0,stall
8940.0,8942.0,0,active
8942.0,8943.0,0,stall
8943.0,8945.0,0,active
8945.0,8946.0,0,stall
8946.0,8948.0,0,active
8948.0,8949.0,0,stall
8949.0,8951.0,0,active
8951.0,8952.0,0,stall
8952.0,8954.0,0,active
8954.0,8955.0,0,stall
8955.0,8996.0,0,active
8996.0,8997.0,0,stall
8997.0,9004.0,0,active
9004.0,9006.0,0,stall
9006.0,9036.0,0,active
9036.0,9037.0,0,stall
9037.0,9040.0,0,active
9040.0,9041.0,0,stall
9041.0,9053.0,0,active
9053.0,9054.0,0,stall
9054.0,9057.0,0,active
9057.0,9058.0,0,stall
9058.0,9068.0,0,active
9068.0,9070.0,0,stall
9070.0,9088.0,0,active
9088.0,9089.0,0,stall
9089.0,9092.0,0,active
9092.0,9093.0,0,stall
9093.0,9095.0,0,active
9095.0,9096.0,0,stall
9096.0,9099.0,0,active
9099.0,9100.0,0,stall
9100.0,9102.0,0,active
9102.0,9103.0,0,stall
9103.0,9106.0,0,active
9106.0,9107.0,0,stall
9107.0,9109.0,0,active
9109.0,9110.0,0,stall
9110.0,9113.0,0,active
9113.0,9114.0,0,stall
9114.0,9116.0,0,active
9116.0,9117.0,0,stall
9117.0,9120.0,0,active
9120.0,9121.0,0,stall
9121.0,9123.0,0,active
9123.0,9124.0,0,stall
9124.0,9127.0,0,active
9127.0,9128.0,0,stall
9128.0,9130.0,0,active
9130.0,9131.0,0,stall
9131.0,9134.0,0,active
9134.0,9135.0,0,stall
9135.0,9137.0,0,active
9137.0,9138.0,0,stall
9138.0,9141.0,0,active
9141.0,9142.0,0,stall
9142.0,9144.0,0,active
9144.0,9145.0,0,stall
9145.0,9148.0,0,active
9148.0,9149.0,0,stall
9149.0,9151.0,0,active
9151.0,9152.0,0,stall
9152.0,9155.0,0,active
9155.0,9156.0,0,stall
9156.0,9158.0,0,active
9158.0,9159.0,0,stall
9159.0,9162.0,0,active
9162.0,9163.0,0,stall
9163.0,9173.0,0,active
9173.0,9174.0,0,stall
9174.0,9187.0,0,active
9187.0,9188.0,0,stall
9188.0,9191.0,0,active
9191.0,9192.0,0,stall
9192.0,9200.0,0,active
9200.0,9201.0,0,stall
9201.0,9203.0,0,active
9203.0,9204.0,0,stall
9204.0,9206.0,0,active
9206.0,9207.0,0,stall
9207.0,9209.0,0,active
9209.0,9210.0,0,stall
9210.0,9212.0,0,active
9212.0,9213.0,0,stall
9213.0,9215.0,0,active
9215.0,9216.0,0,stall
9216.0,9218.0,0,active
9218.0,9219.0,0,stall
9219.0,9221.0,0,active
9221.0,9222.0,0,stall
9222.0,9224.0,0,active
9224.0,9225.0,0,stall
9225.0,9250.0,0,active
9250.0,9251.0,0,stall
9251.0,9254.0,0,active
9254.0,9255.0,0,stall
9255.0,9267.0,0,active
9267.0,9268.0,0,stall
9268.0,9275.0,0,active
9275.0,9277.0,0,stall
9277.0,9307.0,0,active
9307.0,9308.0,0,stall
9308.0,9311.0,0,active
9311.0,9312.0,0,stall
9312.0,9324.0,0,active
9324.0,9325.0,0,stall
9325.0,9328.0,0,active
9328.0,9329.0,0,stall
9329.0,9339.0,0,active
9339.0,9341.0,0,stall
9341.0,9359.0,0,active
9359.0,9360.0,0,stall
9360.0,9363.0,0,active
9363.0,9364.0,0,stall
9364.0,9366.0,0,active
9366.0,9367.0,0,stall
9367.0,9370.0,0,active
9370.0,9371.0,0,stall
9371.0,9380.0,0,active
9380.0,9381.0,0,stall
9381.0,9384.0,0,active
9384.0,9385.0,0,stall
9385.0,9397.0,0,active
9397.0,9398.0,0,stall
9398.0,9405.0,0,active
9405.0,9407.0,0,stall
9407.0,9437.0,0,active
9437.0,9438.0,0,stall
9438.0,9441.0,0,active
9441.0,9442.0,0,stall
9442.0,9454.0,0,active
9454.0,9455.0,0,stall
9455.0,9458.0,0,active
9458.0,9459.0,0,stall
9459.0,9469.0,0,active
9469.0,9471.0,0,stall
9471.0,9489.0,0,active
9489.0,9490.0,0,stall
9490.0,9493.0,0,active
9493.0,9494.0,0,stall
9494.0,9503.0,0,active
9503.0,9504.0,0,stall
9504.0,9507.0,0,active
9507.0,9508.0,0,stall
9508.0,9520.0,0,active
9520.0,9521.0,0,stall
9521.0,9528.0,0,active
9528.0,9530.0,0,stall
9530.0,9560.0,0,active
9560.0,9561.0,0,stall
9561.0,9564.0,0,active
9564.0,9565.0,0,stall
9565.0,9577.0,0,active
9577.0,9578.0,0,stall
9578.0,9581.0,0,active
9581.0,9582.0,0,stall
9582.0,9592.0,0,active
9592.0,9594.0,0,stall
9594.0,9612.0,0,active
9612.0,9613.0,0,stall
9613.0,9616.0,0,active
9616.0,9617.0,0,stall
9617.0,9626.0,0,active
9626.0,9627.0,0,stall
9627.0,9630.0,0,active
9630.0,9631.0,0,stall
9631.0,9643.0,0,active
9643.0,9644.0,0,stall
9644.0,9651.0,0,active
9651.0,9653.0,0,stall
9653.0,9683.0,0,active
9683.0,9684.0,0,stall
9684.0,9687.0,0,active
9687.0,9688.0,0,stall
9688.0,9700.0,0,active
9700.0,9701.0,0,stall
9701.0,9704.0,0,active
9704.0,9705.0,0,stall
9705.0,9715.0,0,active
9715.0,9717.0,0,stall
9717.0,9735.0,0,active
9735.0,9736.0,0,stall
9736.0,9739.0,0,active
9739.0,9740.0,0,stall
9740.0,9749.0,0,active
9749.0,9750.0,0,stall
9750.0,9753.0,0,active
9753.0,9754.0,0,stall
9754.0,9756.0,0,active
9756.0,9757.0,0,stall
9757.0,9760.0,0,active
9760.0,9761.0,0,stall
9761.0,9763.0,0,active
9763.0,9764.0,0,stall
9764.0,9767.0,0,active
9767.0,9768.0,0,stall
9768.0,9770.0,0,active
9770.0,9771.0,0,stall
9771.0,9774.0,0,active
9774.0,9775.0,0,stall
9775.0,9789.0,0,active
9789.0,9791.0,0,stall
9791.0,9804.0,0,active
9804.0,9805.0,0,stall
9805.0,9819.0,0,active
9819.0,9820.0,0,stall
9820.0,9840.0,0,active
9840.0,9841.0,0,stall
9841.0,9848.0,0,active
9848.0,9850.0,0,stall
9850.0,9880.0,0,active
9880.0,9881.0,0,stall
9881.0,9884.0,0,active
9884.0,9885.0,0,stall
9885.0,9897.0,0,active
9897.0,9898.0,0,stall
9898.0,9901.0,0,active
9901.0,9902.0,0,stall
9902.0,9912.0,0,active
9912.0,9914.0,0,stall
9914.0,9932.0,0,active
9932.0,9933.0,0,stall
9933.0,9936.0,0,active
9936.0,9937.0,0,stall
9937.0,9946.0,0,active
9946.0,9947.0,0,stall
9947.0,9950.0,0,active
9950.0,9951.0,0,stall
9951.0,9953.0,0,active
9953.0,9954.0,0,stall
9954.0,9957.0,0,active
9957.0,9958.0,0,stall
9958.0,9960.0,0,active
9960.0,9961.0,0,stall
9961.0,9964.0,0,active
9964.0,9965.0,0,stall
9965.0,9967.0,0,active
9967.0,9968.0,0,stall
9968.0,9971.0,0,active
9971.0,9972.0,0,stall
9972.0,9984.0,0,active
9984.0,9985.0,0,stall
9985.0,9992.0,0,active
9992.0,9994.0,0,stall
9994.0,10024.0,0,active
10024.0,10025.0,0,stall
10025.0,10028.0,0,active
10028.0,10029.0,0,stall
10029.0,10041.0,0,active
10041.0,10042.0,0,stall
10042.0,10045.0,0,active
10045.0,10046.0,0,stall
10046.0,10056.0,0,active
10056.0,10058.0,0,stall
10058.0,10076.0,0,active
10076.0,10077.0,0,stall
10077.0,10080.0,0,active
10080.0,10081.0,0,stall
10081.0,10090.0,0,active
10090.0,10091.0,0,stall
10091.0,10094.0,0,active
10094.0,10095.0,0,stall
10095.0,10097.0,0,active
10097.0,10098.0,0,stall
10098.0,10101.0,0,active
10101.0,10102.0,0,stall
10102.0,10104.0,0,active
10104.0,10105.0,0,stall
10105.0,10108.0,0,active
10108.0,10109.0,0,stall
10109.0,10111.0,0,active
10111.0,10112.0,0,stall
10112.0,10115.0,0,active
10115.0,10116.0,0,stall
10116.0,10128.0,0,active
10128.0,10129.0,0,stall
10129.0,10144.0,0,active
10144.0,10145.0,0,stall
10145.0,10146.0,0,active
10146.0,10147.0,0,stall
10147.0,10166.0,0,active
10166.0,10167.0,0,stall
10167.0,10172.0,0,active
10172.0,10173.0,0,stall
10173.0,10201.0,0,active
10201.0,10202.0,0,stall
10202.0,10207.0,0,active
10207.0,10208.0,0,stall
10208.0,10220.0,0,active
10220.0,10221.0,0,stall
10221.0,10225.0,0,active
10225.0,10226.0,0,stall
10226.0,10245.0,0,active
10245.0,10246.0,0,stall
10246.0,10248.0,0,active
10248.0,10249.0,0,stall
10249.0,10253.0,0,active
10253.0,10254.0,0,stall
10254.0,10256.0,0,active
10256.0,10257.0,0,stall
10257.0,10259.0,0,active
10259.0,10260.0,0,stall
10260.0,10262.0,0,active
10262.0,10263.0,0,stall
10263.0,10265.0,0,active
10265.0,10266.0,0,stall
10266.0,10307.0,0,active
10307.0,10308.0,0,stall
10308.0,10315.0,0,active
10315.0,10317.0,0,stall
10317.0,10347.0,0,active
10347.0,10348.0,0,stall
10348.0,10351.0,0,active
10351.0,10352.0,0,stall
10352.0,10364.0,0,active
10364.0,10365.0,0,stall
10365.0,10368.0,0,active
10368.0,10369.0,0,stall
10369.0,10379.0,0,active
10379.0,10381.0,0,stall
10381.0,10399.0,0,active
10399.0,10400.0,0,stall
10400.0,10403.0,0,active
10403.0,10404.0,0,stall
10404.0,10406.0,0,active
10406.0,10407.0,0,stall
10407.0,10410.0,0,active
10410.0,10411.0,0,stall
10411.0,10413.0,0,active
10413.0,10414.0,0,stall
10414.0,10417.0,0,active
10417.0,10418.0,0,stall
10418.0,10420.0,0,active
10420.0,10421.0,0,stall
10421.0,10424.0,0,active
10424.0,10425.0,0,stall
10425.0,10427.0,0,active
10427.0,10428.0,0,stall
10428.0,10431.0,0,active
10431.0,10432.0,0,stall
10432.0,10434.0,0,active
10434.0,10435.0,0,stall
10435.0,10438.0,0,active
10438.0,10439.0,0,stall
10439.0,10441.0,0,active
10441.0,10442.0,0,stall
10442.0,10445.0,0,active
10445.0,10446.0,0,stall
10446.0,10448.0,0,active
10448.0,10449.0,0,stall
10449.0,10452.0,0,active
10452.0,10453.0,0,stall
10453.0,10455.0,0,active
10455.0,10456.0,0,stall
10456.0,10459.0,0,active
10459.0,10460.0,0,stall
10460.0,10462.0,0,active
10462.0,10463.0,0,stall
10463.0,10466.0,0,active
10466.0,10467.0,0,stall
10467.0,10469.0,0,active
10469.0,10470.0,0,stall
10470.0,10473.0,0,active
10473.0,10474.0,0,stall
10474.0,10484.0,0,active
10484.0,10485.0,0,stall
10485.0,10498.0,0,active
10498.0,10499.0,0,stall
10499.0,10502.0,0,active
10502.0,10503.0,0,stall
10503.0,10511.0,0,active
10511.0,10512.0,0,stall
10512.0,10514.0,0,active
10514.0,10515.0,0,stall
10515.0,10517.0,0,active
10517.0,10518.0,0,stall
10518.0,10520.0,0,active
10520.0,10521.0,0,stall
10521.0,10523.0,0,active
10523.0,10524.0,0,stall
10524.0,10526.0,0,active
10526.0,10527.0,0,stall
10527.0,10529.0,0,active
10529.0,10530.0,0,stall
10530.0,10532.0,0,active
10532.0,10533.0,0,stall
10533.0,10535.0,0,active
10535.0,10536.0,0,stall
10536.0,10538.0,0,active
10538.0,10539.0,0,stall
10539.0,10564.0,0,active
10564.0,10565.0,0,stall
10565.0,10568.0,0,active
10568.0,10569.0,0,stall
10569.0,10581.0,0,active
10581.0,10582.0,0,stall
10582.0,10597.0,0,active
10597.0,10598.0,0,stall
10598.0,10599.0,0,active
10599.0,10600.0,0,stall
10600.0,10619.0,0,active
10619.0,10620.0,0,stall
10620.0,10625.0,0,active
10625.0,10626.0,0,stall
10626.0,10654.0,0,active
10654.0,10655.0,0,stall
10655.0,10660.0,0,active
10660.0,10661.0,0,stall
10661.0,10735.0,0,active
10735.0,10736.0,0,stall
10736.0,10791.0,0,active
10791.0,10792.0,0,stall
10792.0,10805.0,0,active
10805.0,10806.0,0,stall
10806.0,10810.0,0,active
10810.0,10811.0,0,stall
10811.0,10832.0,0,active
10832.0,10833.0,0,stall
10833.0,10835.0,0,active
10835.0,10836.0,0,stall
10836.0,10838.0,0,active
10838.0,10839.0,0,stall
10839.0,10841.0,0,active
10841.0,10842.0,0,stall
10842.0,10852.0,0,active
10852.0,10853.0,0,stall
10853.0,10893.0,0,active
10893.0,10894.0,0,stall
10894.0,10901.0,0,active
10901.0,10903.0,0,stall
10903.0,10933.0,0,active
10933.0,10934.0,0,stall
10934.0,10937.0,0,active
10937.0,10938.0,0,stall
10938.0,10940.0,0,active
10940.0,10941.0,0,stall
10941.0,10944.0,0,active
10944.0,10945.0,0,stall
10945.0,10947.0,0,active
10947.0,10948.0,0,stall
10948.0,10951.0,0,active
10951.0,10952.0,0,stall
10952.0,10954.0,0,active
10954.0,10955.0,0,stall
10955.0,10958.0,0,active
10958.0,10959.0,0,stall
10959.0,10961.0,0,active
10961.0,10962.0,0,stall
10962.0,10965.0,0,active
10965.0,10966.0,0,stall
10966.0,10968.0,0,active
10968.0,10969.0,0,stall
10969.0,10972.0,0,active
10972.0,10973.0,0,stall
10973.0,10975.0,0,active
10975.0,10976.0,0,stall
10976.0,10979.0,0,active
10979.0,10980.0,0,stall
10980.0,10982.0,0,active
10982.0,10983.0,0,stall
10983.0,10986.0,0,active
10986.0,10987.0,0,stall
10987.0,10989.0,0,active
10989.0,10990.0,0,stall
10990.0,10993.0,0,active
10993.0,10994.0,0,stall
10994.0,10996.0,0,active
10996.0,10997.0,0,stall
10997.0,11000.0,0,active
11000.0,11001.0,0,stall
11001.0,11003.0,0,active
11003.0,11004.0,0,stall
11004.0,11007.0,0,active
11007.0,11008.0,0,stall
11008.0,11010.0,0,active
11010.0,11011.0,0,stall
11011.0,11014.0,0,active
11014.0,11015.0,0,stall
11015.0,11017.0,0,active
11017.0,11018.0,0,stall
11018.0,11021.0,0,active
11021.0,11022.0,0,stall
11022.0,11024.0,0,active
11024.0,11025.0,0,stall
11025.0,11028.0,0,active
11028.0,11029.0,0,stall
11029.0,11031.0,0,active
11031.0,11032.0,0,stall
11032.0,11035.0,0,active
11035.0,11036.0,0,stall
11036.0,11042.0,0,active
11042.0,11043.0,0,stall
11043.0,11051.0,0,active
11051.0,11052.0,0,stall
11052.0,11057.0,0,active
11057.0,11058.0,0,stall
11058.0,11061.0,0,active
11061.0,11062.0,0,stall
11062.0,11064.0,0,active
11064.0,11065.0,0,stall
11065.0,11068.0,0,active
11068.0,11069.0,0,stall
11069.0,11079.0,0,active
11079.0,11081.0,0,stall
11081.0,11099.0,0,active
11099.0,11100.0,0,stall
11100.0,11103.0,0,active
11103.0,11104.0,0,stall
11104.0,11113.0,0,active
11113.0,11114.0,0,stall
11114.0,11117.0,0,active
11117.0,11118.0,0,stall
11118.0,11127.0,0,active
11127.0,11128.0,0,stall
11128.0,11131.0,0,active
11131.0,11132.0,0,stall
11132.0,11141.0,0,active
11141.0,11142.0,0,stall
11142.0,11145.0,0,active
11145.0,11146.0,0,stall
11146.0,11155.0,0,active
11155.0,11156.0,0,stall
11156.0,11159.0,0,active
11159.0,11160.0,0,stall
11160.0,11169.0,0,active
11169.0,11170.0,0,stall
11170.0,11173.0,0,active
11173.0,11174.0,0,stall
11174.0,11186.0,0,active
11186.0,11187.0,0,stall
11187.0,11194.0,0,active
11194.0,11196.0,0,stall
11196.0,11226.0,0,active
11226.0,11227.0,0,stall
11227.0,11230.0,0,active
11230.0,11231.0,0,stall
11231.0,11233.0,0,active
11233.0,11234.0,0,stall
11234.0,11237.0,0,active
11237.0,11238.0,0,stall
11238.0,11250.0,0,active
11250.0,11251.0,0,stall
11251.0,11254.0,0,active
11254.0,11255.0,0,stall
11255.0,11257.0,0,active
11257.0,11258.0,0,stall
11258.0,11261.0,0,active
11261.0,11262.0,0,stall
11262.0,11264.0,0,active
11264.0,11265.0,0,stall
11265.0,11268.0,0,active
11268.0,11269.0,0,stall
11269.0,11271.0,0,active
11271.0,11272.0,0,stall
11272.0,11275.0,0,active
11275.0,11276.0,0,stall
11276.0,11278.0,0,active
11278.0,11279.0,0,stall
11279.0,11282.0,0,active
11282.0,11283.0,0,stall
11283.0,11285.0,0,active
11285.0,11286.0,0,stall
11286.0,11289.0,0,active
11289.0,11290.0,0,stall
11290.0,11292.0,0,active
11292.0,11293.0,0,stall
11293.0,11296.0,0,active
11296.0,11297.0,0,stall
11297.0,11299.0,0,active
11299.0,11300.0,0,stall
11300.0,11303.0,0,active
11303.0,11304.0,0,stall
11304.0,11306.0,0,active
11306.0,11307.0,0,stall
11307.0,11310.0,0,active
11310.0,11311.0,0,stall
11311.0,11313.0,0,active
11313.0,11314.0,0,stall
11314.0,11317.0,0,active
11317.0,11318.0,0,stall
11318.0,11320.0,0,active
11320.0,11321.0,0,stall
11321.0,11324.0,0,active
11324.0,11325.0,0,stall
11325.0,11327.0,0,active
11327.0,11328.0,0,stall
11328.0,11331.0,0,active
11331.0,11332.0,0,stall
11332.0,11337.0,0,active
11337.0,11338.0,0,stall
11338.0,11350.0,0,active
11350.0,11351.0,0,stall
11351.0,11355.0,0,active
11355.0,11357.0,0,stall
11357.0,11375.0,0,active
11375.0,11376.0,0,stall
11376.0,11379.0,0,active
11379.0,11380.0,0,stall
11380.0,11389.0,0,active
11389.0,11390.0,0,stall
11390.0,11393.0,0,active
11393.0,11394.0,0,stall
11394.0,11403.0,0,active
11403.0,11404.0,0,stall
11404.0,11407.0,0,active
11407.0,11408.0,0,stall
11408.0,11417.0,0,active
11417.0,11418.0,0,stall
11418.0,11421.0,0,active
11421.0,11422.0,0,stall
11422.0,11431.0,0,active
11431.0,11432.0,0,stall
11432.0,11435.0,0,active
11435.0,11436.0,0,stall
11436.0,11445.0,0,active
11445.0,11446.0,0,stall
11446.0,11449.0,0,active
11449.0,11450.0,0,stall
11450.0,11462.0,0,active
11462.0,11463.0,0,stall
11463.0,11470.0,0,active
11470.0,11472.0,0,stall
11472.0,11502.0,0,active
11502.0,11503.0,0,stall
11503.0,11506.0,0,active
11506.0,11507.0,0,stall
11507.0,11519.0,0,active
11519.0,11520.0,0,stall
11520.0,11523.0,0,active
11523.0,11524.0,0,stall
11524.0,11534.0,0,active
11534.0,11536.0,0,stall
11536.0,11554.0,0,active
11554.0,11555.0,0,stall
11555.0,11558.0,0,active
11558.0,11559.0,0,stall
11559.0,11561.0,0,active
11561.0,11562.0,0,stall
11562.0,11565.0,0,active
11565.0,11566.0,0,stall
11566.0,11568.0,0,active
11568.0,11569.0,0,stall
11569.0,11572.0,0,active
11572.0,11573.0,0,stall
11573.0,11575.0,0,active
11575.0,11576.0,0,stall
11576.0,11579.0,0,active
11579.0,11580.0,0,stall
11580.0,11582.0,0,active
11582.0,11583.0,0,stall
11583.0,11586.0,0,active
11586.0,11587.0,0,stall
11587.0,11589.0,0,active
11589.0,11590.0,0,stall
11590.0,11593.0,0,active
11593.0,11594.0,0,stall
11594.0,11596.0,0,active
11596.0,11597.0,0,stall
11597.0,11600.0,0,active
11600.0,11601.0,0,stall
11601.0,11603.0,0,active
11603.0,11604.0,0,stall
11604.0,11607.0,0,active
11607.0,11608.0,0,stall
11608.0,11610.0,0,active
11610.0,11611.0,0,stall
11611.0,11614.0,0,active
11614.0,11615.0,0,stall
11615.0,11617.0,0,active
11617.0,11618.0,0,stall
11618.0,11621.0,0,active
11621.0,11622.0,0,stall
11622.0,11624.0,0,active
11624.0,11625.0,0,stall
11625.0,11628.0,0,active
11628.0,11629.0,0,stall
11629.0,11639.0,0,active
11639.0,11640.0,0,stall
11640.0,11653.0,0,active
11653.0,11654.0,0,stall
11654.0,11657.0,0,active
11657.0,11658.0,0,stall
11658.0,11666.0,0,active
11666.0,11667.0,0,stall
11667.0,11669.0,0,active
11669.0,11670.0,0,stall
11670.0,11672.0,0,active
11672.0,11673.0,0,stall
11673.0,11675.0,0,active
11675.0,11676.0,0,stall
11676.0,11678.0,0,active
11678.0,11679.0,0,stall
11679.0,11681.0,0,active
11681.0,11682.0,0,stall
11682.0,11684.0,0,active
11684.0,11685.0,0,stall
11685.0,11687.0,0,active
11687.0,11688.0,0,stall
11688.0,11690.0,0,active
11690.0,11691.0,0,stall
11691.0,11693.0,0,active
11693.0,11694.0,0,stall
11694.0,11696.0,0,active
11696.0,11697.0,0,stall
11697.0,11699.0,0,active
11699.0,11700.0,0,stall
11700.0,11702.0,0,active
11702.0,11703.0,0,stall
11703.0,11705.0,0,active
11705.0,11706.0,0,stall
11706.0,11708.0,0,active
11708.0,11709.0,0,stall
11709.0,11711.0,0,active
11711.0,11712.0,0,stall
11712.0,11714.0,0,active
11714.0,11715.0,0,stall
11715.0,11717.0,0,active
11717.0,11718.0,0,stall
11718.0,11720.0,0,active
11720.0,11721.0,0,stall
11721.0,11723.0,0,active
11723.0,11724.0,0,stall
11724.0,11726.0,0,active
11726.0,11727.0,0,stall
11727.0,11729.0,0,active
11729.0,11730.0,0,stall
11730.0,11757.0,0,active
11757.0,11758.0,0,stall
11758.0,11771.0,0,active
11771.0,11772.0,0,stall
11772.0,11775.0,0,active
11775.0,11776.0,0,stall
11776.0,11784.0,0,active
11784.0,11785.0,0,stall
11785.0,11787.0,0,active
11787.0,11788.0,0,stall
11788.0,11790.0,0,active
11790.0,11791.0,0,stall
11791.0,11793.0,0,active
11793.0,11794.0,0,stall
11794.0,11796.0,0,active
11796.0,11797.0,0,stall
11797.0,11799.0,0,active
11799.0,11800.0,0,stall
11800.0,11802.0,0,active
11802.0,11803.0,0,stall
11803.0,11805.0,0,active
11805.0,11806.0,0,stall
11806.0,11808.0,0,active
11808.0,11809.0,0,stall
11809.0,11811.0,0,active
11811.0,11812.0,0,stall
11812.0,11814.0,0,active
11814.0,11815.0,0,stall
11815.0,11817.0,0,active
11817.0,11818.0,0,stall
11818.0,11820.0,0,active
11820.0,11821.0,0,stall
11821.0,11823.0,0,active
11823.0,11824.0,0,stall
11824.0,11826.0,0,active
11826.0,11827.0,0,stall
11827.0,11829.0,0,active
11829.0,11830.0,0,stall
11830.0,11832.0,0,active
11832.0,11833.0,0,stall
11833.0,11835.0,0,active
11835.0,11836.0,0,stall
11836.0,11838.0,0,active
11838.0,11839.0,0,stall
11839.0,11841.0,0,active
11841.0,11842.0,0,stall
11842.0,11844.0,0,active
11844.0,11845.0,0,stall
11845.0,11847.0,0,active
11847.0,11848.0,0,stall
11848.0,11873.0,0,active
11873.0,11874.0,0,stall
11874.0,11877.0,0,active
11877.0,11878.0,0,stall
11878.0,11887.0,0,active
11887.0,11888.0,0,stall
11888.0,11891.0,0,active
11891.0,11892.0,0,stall
11892.0,11901.0,0,active
11901.0,11902.0,0,stall
11902.0,11905.0,0,active
11905.0,11906.0,0,stall
11906.0,11915.0,0,active
11915.0,11916.0,0,stall
11916.0,11919.0,0,active
11919.0,11920.0,0,stall
11920.0,11922.0,0,active
11922.0,11923.0,0,stall
11923.0,11926.0,0,active
11926.0,11927.0,0,stall
11927.0,11936.0,0,active
11936.0,11937.0,0,stall
11937.0,11940.0,0,active
11940.0,11941.0,0,stall
11941.0,11943.0,0,active
11943.0,11944.0,0,stall
11944.0,11947.0,0,active
11947.0,11948.0,0,stall
11948.0,11960.0,0,active
11960.0,11961.0,0,stall
11961.0,11968.0,0,active
11968.0,11970.0,0,stall
11970.0,12000.0,0,active
12000.0,12001.0,0,stall
12001.0,12004.0,0,active
12004.0,12005.0,0,stall
12005.0,12017.0,0,active
12017.0,12018.0,0,stall
12018.0,12021.0,0,active
12021.0,12022.0,0,stall
12022.0,12032.0,0,active
12032.0,12034.0,0,stall
12034.0,12052.0,0,active
12052.0,12053.0,0,stall
12053.0,12056.0,0,active
12056.0,12057.0,0,stall
12057.0,12066.0,0,active
12066.0,12067.0,0,stall
12067.0,12070.0,0,active
12070.0,12071.0,0,stall
12071.0,12080.0,0,active
12080.0,12081.0,0,stall
12081.0,12084.0,0,active
12084.0,12085.0,0,stall
12085.0,12094.0,0,active
12094.0,12095.0,0,stall
12095.0,12098.0,0,active
12098.0,12099.0,0,stall
12099.0,12108.0,0,active
12108.0,12109.0,0,stall
12109.0,12112.0,0,active
12112.0,12113.0,0,stall
12113.0,12122.0,0,active
12122.0,12123.0,0,stall
12123.0,12126.0,0,active
12126.0,12127.0,0,stall
12127.0,12139.0,0,active
12139.0,12140.0,0,stall
12140.0,12153.0,0,active
12153.0,12154.0,0,stall
12154.0,12155.0,0,active
12155.0,12156.0,0,stall
12156.0,12161.0,0,active
12161.0,12162.0,0,stall
12162.0,12166.0,0,active
12166.0,12167.0,0,stall
12167.0,12188.0,0,active
12188.0,12189.0,0,stall
12189.0,12191.0,0,active
12191.0,12192.0,0,stall
12192.0,12194.0,0,active
12194.0,12195.0,0,stall
12195.0,12197.0,0,active
12197.0,12198.0,0,stall
12198.0,12208.0,0,active
12208.0,12209.0,0,stall
12209.0,12211.0,0,active
12211.0,12212.0,0,stall
12212.0,12214.0,0,active
12214.0,12215.0,0,stall
12215.0,12217.0,0,active
12217.0,12218.0,0,stall
12218.0,12220.0,0,active
12220.0,12221.0,0,stall
12221.0,12223.0,0,active
12223.0,12224.0,0,stall
12224.0,12226.0,0,active
12226.0,12227.0,0,stall
12227.0,12268.0,0,active
12268.0,12269.0,0,stall
12269.0,12276.0,0,active
12276.0,12278.0,0,stall
12278.0,12308.0,0,active
12308.0,12309.0,0,stall
12309.0,12312.0,0,active
12312.0,12313.0,0,stall
12313.0,12325.0,0,active
12325.0,12326.0,0,stall
12326.0,12329.0,0,active
12329.0,12330.0,0,stall
12330.0,12340.0,0,active
12340.0,12342.0,0,stall
12342.0,12360.0,0,active
12360.0,12361.0,0,stall
12361.0,12364.0,0,active
12364.0,12365.0,0,stall
12365.0,12374.0,0,active
12374.0,12375.0,0,stall
12375.0,12378.0,0,active
12378.0,12379.0,0,stall
12379.0,12388.0,0,active
12388.0,12389.0,0,stall
12389.0,12392.0,0,active
12392.0,12393.0,0,stall
12393.0,12402.0,0,active
12402.0,12403.0,0,stall
12403.0,12406.0,0,active
12406.0,12407.0,0,stall
12407.0,12416.0,0,active
12416.0,12417.0,0,stall
12417.0,12420.0,0,active
12420.0,12421.0,0,stall
12421.0,12430.0,0,active
12430.0,12431.0,0,stall
12431.0,12434.0,0,active
12434.0,12435.0,0,stall
12435.0,12447.0,0,active
12447.0,12448.0,0,stall
12448.0,12455.0,0,active
12455.0,12457.0,0,stall
12457.0,12487.0,0,active
12487.0,12488.0,0,stall
12488.0,12491.0,0,active
12491.0,12492.0,0,stall
12492.0,12504.0,0,active
12504.0,12505.0,0,stall
12505.0,12508.0,0,active
12508.0,12509.0,0,stall
12509.0,12519.0,0,active
12519.0,12521.0,0,stall
12521.0,12539.0,0,active
12539.0,12540.0,0,stall
12540.0,12543.0,0,active
12543.0,12544.0,0,stall
12544.0,12553.0,0,active
12553.0,12554.0,0,stall
12554.0,12557.0,0,active
12557.0,12558.0,0,stall
12558.0,12567.0,0,active
12567.0,12568.0,0,stall
12568.0,12571.0,0,active
12571.0,12572.0,0,stall
12572.0,12581.0,0,active
12581.0,12582.0,0,stall
12582.0,12585.0,0,active
12585.0,12586.0,0,stall
12586.0,12595.0,0,active
12595.0,12596.0,0,stall
12596.0,12599.0,0,active
12599.0,12600.0,0,stall
12600.0,12609.0,0,active
12609.0,12610.0,0,stall
12610.0,12613.0,0,active
12613.0,12614.0,0,stall
12614.0,12626.0,0,active
12626.0,12627.0,0,stall
12627.0,12642.0,0,active
12642.0,12643.0,0,stall
12643.0,12644.0,0,active
12644.0,12645.0,0,stall
12645.0,12664.0,0,active
12664.0,12665.0,0,stall
12665.0,12670.0,0,active
12670.0,12671.0,0,stall
12671.0,12683.0,0,active
12683.0,12684.0,0,stall
12684.0,12688.0,0,active
12688.0,12689.0,0,stall
12689.0,12710.0,0,active
12710.0,12711.0,0,stall
12711.0,12713.0,0,active
12713.0,12714.0,0,stall
12714.0,12716.0,0,active
12716.0,12717.0,0,stall
12717.0,12719.0,0,active
12719.0,12720.0,0,stall
12720.0,12730.0,0,active
12730.0,12731.0,0,stall
12731.0,12733.0,0,active
12733.0,12734.0,0,stall
12734.0,12736.0,0,active
12736.0,12737.0,0,stall
12737.0,12739.0,0,active
12739.0,12740.0,0,stall
12740.0,12742.0,0,active
12742.0,12743.0,0,stall
12743.0,12784.0,0,active
12784.0,12785.0,0,stall
12785.0,12792.0,0,active
12792.0,12794.0,0,stall
12794.0,12824.0,0,active
12824.0,12825.0,0,stall
12825.0,12828.0,0,active
12828.0,12829.0,0,stall
12829.0,12831.0,0,active
12831.0,12832.0,0,stall
12832.0,12835.0,0,active
12835.0,12836.0,0,stall
12836.0,12838.0,0,active
12838.0,12839.0,0,stall
12839.0,12842.0,0,active
12842.0,12843.0,0,stall
12843.0,12845.0,0,active
12845.0,12846.0,0,stall
12846.0,12849.0,0,active
12849.0,12850.0,0,stall
12850.0,12852.0,0,active
12852.0,12853.0,0,stall
12853.0,12856.0,0,active
12856.0,12857.0,0,stall
12857.0,12859.0,0,active
12859.0,12860.0,0,stall
12860.0,12863.0,0,active
12863.0,12864.0,0,stall
12864.0,12866.0,0,active
12866.0,12867.0,0,stall
12867.0,12870.0,0,active
12870.0,12871.0,0,stall
12871.0,12873.0,0,active
12873.0,12874.0,0,stall
12874.0,12877.0,0,active
12877.0,12878.0,0,stall
12878.0,12880.0,0,active
12880.0,12881.0,0,stall
12881.0,12884.0,0,active
12884.0,12885.0,0,stall
12885.0,12887.0,0,active
12887.0,12888.0,0,stall
12888.0,12891.0,0,active
12891.0,12892.0,0,stall
12892.0,12894.0,0,active
12894.0,12895.0,0,stall
12895.0,12898.0,0,active
12898.0,12899.0,0,stall
12899.0,12901.0,0,active
12901.0,12902.0,0,stall
12902.0,12905.0,0,active
12905.0,12906.0,0,stall
12906.0,12908.0,0,active
12908.0,12909.0,0,stall
12909.0,12912.0,0,active
12912.0,12913.0,0,stall
12913.0,12915.0,0,active
12915.0,12916.0,0,stall
12916.0,12919.0,0,active
12919.0,12920.0,0,stall
12920.0,12922.0,0,active
12922.0,12923.0,0,stall
12923.0,12926.0,0,active
12926.0,12927.0,0,stall
12927.0,12933.0,0,active
12933.0,12934.0,0,stall
12934.0,12942.0,0,active
12942.0,12943.0,0,stall
12943.0,12948.0,0,active
12948.0,12949.0,0,stall
12949.0,12952.0,0,active
12952.0,12953.0,0,stall
12953.0,12955.0,0,active
12955.0,12956.0,0,stall
12956.0,12959.0,0,active
12959.0,12960.0,0,stall
12960.0,12970.0,0,active
12970.0,12972.0,0,stall
12972.0,12990.0,0,active
12990.0,12991.0,0,stall
12991.0,12994.0,0,active
12994.0,12995.0,0,stall
12995.0,13004.0,0,active
13004.0,13005.0,0,stall
13005.0,13008.0,0,active
13008.0,13009.0,0,stall
13009.0,13018.0,0,active
13018.0,13019.0,0,stall
13019.0,13022.0,0,active
13022.0,13023.0,0,stall
13023.0,13032.0,0,active
13032.0,13033.0,0,stall
13033.0,13036.0,0,active
13036.0,13037.0,0,stall
13037.0,13046.0,0,active
13046.0,13047.0,0,stall
13047.0,13050.0,0,active
13050.0,13051.0,0,stall
13051.0,13060.0,0,active
13060.0,13061.0,0,stall
13061.0,13064.0,0,active
13064.0,13065.0,0,stall
13065.0,13077.0,0,active
13077.0,13078.0,0,stall
13078.0,13085.0,0,active
13085.0,13087.0,0,stall
13087.0,13117.0,0,active
13117.0,13118.0,0,stall
13118.0,13121.0,0,active
13121.0,13122.0,0,stall
13122.0,13124.0,0,active
13124.0,13125.0,0,stall
13125.0,13128.0,0,active
13128.0,13129.0,0,stall
13129.0,13141.0,0,active
13141.0,13142.0,0,stall
13142.0,13145.0,0,active
13145.0,13146.0,0,stall
13146.0,13148.0,0,active
13148.0,13149.0,0,stall
13149.0,13152.0,0,active
13152.0,13153.0,0,stall
13153.0,13155.0,0,active
13155.0,13156.0,0,stall
13156.0,13159.0,0,active
13159.0,13160.0,0,stall
13160.0,13162.0,0,active
13162.0,13163.0,0,stall
13163.0,13166.0,0,active
13166.0,13167.0,0,stall
13167.0,13169.0,0,active
13169.0,13170.0,0,stall
13170.0,13173.0,0,active
13173.0,13174.0,0,stall
13174.0,13176.0,0,active
13176.0,13177.0,0,stall
13177.0,13180.0,0,active
13180.0,13181.0,0,stall
13181.0,13183.0,0,active
13183.0,13184.0,0,stall
13184.0,13187.0,0,active
13187.0,13188.0,0,stall
13188.0,13190.0,0,active
13190.0,13191.0,0,stall
13191.0,13194.0,0,active
13194.0,13195.0,0,stall
13195.0,13197.0,0,active
13197.0,13198.0,0,stall
13198.0,13201.0,0,active
13201.0,13202.0,0,stall
13202.0,13204.0,0,active
13204.0,13205.0,0,stall
13205.0,13208.0,0,active
13208.0,13209.0,0,stall
13209.0,13211.0,0,active
13211.0,13212.0,0,stall
13212.0,13215.0,0,active
13215.0,13216.0,0,stall
13216.0,13218.0,0,active
13218.0,13219.0,0,stall
13219.0,13222.0,0,active
13222.0,13223.0,0,stall
13223.0,13228.0,0,active
13228.0,13229.0,0,stall
13229.0,13241.0,0,active
13241.0,13242.0,0,stall
13242.0,13246.0,0,active
13246.0,13248.0,0,stall
13248.0,13266.0,0,active
13266.0,13267.0,0,stall
13267.0,13270.0,0,active
13270.0,13271.0,0,stall
13271.0,13280.0,0,active
13280.0,13281.0,0,stall
13281.0,13284.0,0,active
13284.0,13285.0,0,stall
13285.0,13294.0,0,active
13294.0,13295.0,0,stall
13295.0,13298.0,0,active
13298.0,13299.0,0,stall
13299.0,13308.0,0,active
13308.0,13309.0,0,stall
13309.0,13312.0,0,active
13312.0,13313.0,0,stall
13313.0,13322.0,0,active
13322.0,13323.0,0,stall
13323.0,13326.0,0,active
13326.0,13327.0,0,stall
13327.0,13336.0,0,active
13336.0,13337.0,0,stall
13337.0,13340.0,0,active
13340.0,13341.0,0,stall
13341.0,13353.0,0,active
13353.0,13354.0,0,stall
13354.0,13361.0,0,active
13361.0,13363.0,0,stall
13363.0,13393.0,0,active
13393.0,13394.0,0,stall
13394.0,13397.0,0,active
13397.0,13398.0,0,stall
13398.0,13410.0,0,active
13410.0,13411.0,0,stall
13411.0,13414.0,0,active
13414.0,13415.0,0,stall
13415.0,13425.0,0,active
13425.0,13427.0,0,stall
13427.0,13445.0,0,active
13445.0,13446.0,0,stall
13446.0,13449.0,0,active
13449.0,13450.0,0,stall
13450.0,13459.0,0,active
13459.0,13460.0,0,stall
13460.0,13463.0,0,active
13463.0,13464.0,0,stall
13464.0,13473.0,0,active
13473.0,13474.0,0,stall
13474.0,13477.0,0,active
13477.0,13478.0,0,stall
13478.0,13487.0,0,active
13487.0,13488.0,0,stall
13488.0,13491.0,0,active
13491.0,13492.0,0,stall
13492.0,13501.0,0,active
13501.0,13502.0,0,stall
13502.0,13505.0,0,active
13505.0,13506.0,0,stall
13506.0,13515.0,0,active
13515.0,13516.0,0,stall
13516.0,13519.0,0,active
13519.0,13520.0,0,stall
13520.0,13532.0,0,active
13532.0,13533.0,0,stall
13533.0,13546.0,0,active
13546.0,13547.0,0,stall
13547.0,13548.0,0,active
13548.0,13549.0,0,stall
13549.0,13554.0,0,active
13554.0,13555.0,0,stall
13555.0,13559.0,0,active
13559.0,13560.0,0,stall
13560.0,13581.0,0,active
13581.0,13582.0,0,stall
13582.0,13584.0,0,active
13584.0,13585.0,0,stall
13585.0,13587.0,0,active
13587.0,13588.0,0,stall
13588.0,13590.0,0,active
13590.0,13591.0,0,stall
13591.0,13601.0,0,active
13601.0,13602.0,0,stall
13602.0,13604.0,0,active
13604.0,13605.0,0,stall
13605.0,13607.0,0,active
13607.0,13608.0,0,stall
13608.0,13610.0,0,active
13610.0,13611.0,0,stall
13611.0,13613.0,0,active
13613.0,13614.0,0,stall
13614.0,13616.0,0,active
13616.0,13617.0,0,stall
13617.0,13658.0,0,active
13658.0,13659.0,0,stall
13659.0,13666.0,0,active
13666.0,13668.0,0,stall
13668.0,13698.0,0,active
13698.0,13699.0,0,stall
13699.0,13702.0,0,active
13702.0,13703.0,0,stall
13703.0,13715.0,0,active
13715.0,13716.0,0,stall
13716.0,13719.0,0,active
13719.0,13720.0,0,stall
13720.0,13730.0,0,active
13730.0,13732.0,0,stall
13732.0,13750.0,0,active
13750.0,13751.0,0,stall
13751.0,13754.0,0,active
13754.0,13755.0,0,stall
13755.0,13764.0,0,active
13764.0,13765.0,0,stall
13765.0,13768.0,0,active
13768.0,13769.0,0,stall
13769.0,13778.0,0,active
13778.0,13779.0,0,stall
13779.0,13782.0,0,active
13782.0,13783.0,0,stall
13783.0,13792.0,0,active
13792.0,13793.0,0,stall
13793.0,13796.0,0,active
13796.0,13797.0,0,stall
13797.0,13806.0,0,active
13806.0,13807.0,0,stall
13807.0,13810.0,0,active
13810.0,13811.0,0,stall
13811.0,13820.0,0,active
13820.0,13821.0,0,stall
13821.0,13824.0,0,active
13824.0,13825.0,0,stall
13825.0,13837.0,0,active
13837.0,13838.0,0,stall
13838.0,13845.0,0,active
13845.0,13847.0,0,stall
13847.0,13877.0,0,active
13877.0,13878.0,0,stall
13878.0,13881.0,0,active
13881.0,13882.0,0,stall
13882.0,13894.0,0,active
13894.0,13895.0,0,stall
13895.0,13898.0,0,active
13898.0,13899.0,0,stall
13899.0,13909.0,0,active
13909.0,13911.0,0,stall
13911.0,13929.0,0,active
13929.0,13930.0,0,stall
13930.0,13933.0,0,active
13933.0,13934.0,0,stall
13934.0,13943.0,0,active
13943.0,13944.0,0,stall
13944.0,13947.0,0,active
13947.0,13948.0,0,stall
13948.0,13950.0,0,active
13950.0,13951.0,0,stall
13951.0,13954.0,0,active
13954.0,13955.0,0,stall
13955.0,13957.0,0,active
13957.0,13958.0,0,stall
13958.0,13961.0,0,active
13961.0,13962.0,0,stall
13962.0,13964.0,0,active
13964.0,13965.0,0,stall
13965.0,13968.0,0,active
13968.0,13969.0,0,stall
13969.0,13983.0,0,active
13983.0,13985.0,0,stall
13985.0,13998.0,0,active
13998.0,13999.0,0,stall
13999.0,14019.0,0,active
14019.0,14020.0,0,stall
14020.0,14027.0,0,active
14027.0,14029.0,0,stall
14029.0,14059.0,0,active
14059.0,14060.0,0,stall
14060.0,14063.0,0,active
14063.0,14064.0,0,stall
14064.0,14076.0,0,active
14076.0,14077.0,0,stall
14077.0,14080.0,0,active
14080.0,14081.0,0,stall
14081.0,14091.0,0,active
14091.0,14093.0,0,stall
14093.0,14111.0,0,active
14111.0,14112.0,0,stall
14112.0,14115.0,0,active
14115.0,14116.0,0,stall
14116.0,14125.0,0,active
14125.0,14126.0,0,stall
14126.0,14129.0,0,active
14129.0,14130.0,0,stall
14130.0,14139.0,0,active
14139.0,14140.0,0,stall
14140.0,14143.0,0,active
14143.0,14144.0,0,stall
14144.0,14153.0,0,active
14153.0,14154.0,0,stall
14154.0,14157.0,0,active
14157.0,14158.0,0,stall
14158.0,14167.0,0,active
14167.0,14168.0,0,stall
14168.0,14171.0,0,active
14171.0,14172.0,0,stall
14172.0,14181.0,0,active
14181.0,14182.0,0,stall
14182.0,14185.0,0,active
14185.0,14186.0,0,stall
14186.0,14198.0,0,active
14198.0,14199.0,0,stall
14199.0,14206.0,0,active
14206.0,14208.0,0,stall
14208.0,14238.0,0,active
14238.0,14239.0,0,stall
14239.0,14242.0,0,active
14242.0,14243.0,0,stall
14243.0,14255.0,0,active
14255.0,14256.0,0,stall
14256.0,14259.0,0,active
14259.0,14260.0,0,stall
14260.0,14270.0,0,active
14270.0,14272.0,0,stall
14272.0,14290.0,0,active
14290.0,14291.0,0,stall
14291.0,14294.0,0,active
14294.0,14295.0,0,stall
14295.0,14297.0,0,active
14297.0,14298.0,0,stall
14298.0,14301.0,0,active
14301.0,14302.0,0,stall
14302.0,14304.0,0,active
14304.0,14305.0,0,stall
14305.0,14308.0,0,active
14308.0,14309.0,0,stall
14309.0,14311.0,0,active
14311.0,14312.0,0,stall
14312.0,14315.0,0,active
14315.0,14316.0,0,stall
14316.0,14318.0,0,active
14318.0,14319.0,0,stall
14319.0,14322.0,0,active
14322.0,14323.0,0,stall
14323.0,14325.0,0,active
14325.0,14326.0,0,stall
14326.0,14329.0,0,active
14329.0,14330.0,0,stall
14330.0,14332.0,0,active
14332.0,14333.0,0,stall
14333.0,14336.0,0,active
14336.0,14337.0,0,stall
14337.0,14339.0,0,active
14339.0,14340.0,0,stall
14340.0,14343.0,0,active
14343.0,14344.0,0,stall
14344.0,14346.0,0,active
14346.0,14347.0,0,stall
14347.0,14350.0,0,active
14350.0,14351.0,0,stall
14351.0,14353.0,0,active
14353.0,14354.0,0,stall
14354.0,14357.0,0,active
14357.0,14358.0,0,stall
14358.0,14360.0,0,active
14360.0,14361.0,0,stall
14361.0,14364.0,0,active
14364.0,14365.0,0,stall
14365.0,14375.0,0,active
14375.0,14376.0,0,stall
14376.0,14389.0,0,active
14389.0,14390.0,0,stall
14390.0,14393.0,0,active
14393.0,14394.0,0,stall
14394.0,14402.0,0,active
14402.0,14403.0,0,stall
14403.0,14405.0,0,active
14405.0,14406.0,0,stall
14406.0,14408.0,0,active
14408.0,14409.0,0,stall
14409.0,14411.0,0,active
14411.0,14412.0,0,stall
14412.0,14414.0,0,active
14414.0,14415.0,0,stall
14415.0,14417.0,0,active
14417.0,14418.0,0,stall
14418.0,14445.0,0,active
14445.0,14446.0,0,stall
14446.0,14459.0,0,active
14459.0,14460.0,0,stall
14460.0,14463.0,0,active
14463.0,14464.0,0,stall
14464.0,14472.0,0,active
14472.0,14473.0,0,stall
14473.0,14475.0,0,active
14475.0,14476.0,0,stall
14476.0,14478.0,0,active
14478.0,14479.0,0,stall
14479.0,14481.0,0,active
14481.0,14482.0,0,stall
14482.0,14484.0,0,active
14484.0,14485.0,0,stall
14485.0,14487.0,0,active
14487.0,14488.0,0,stall
14488.0,14513.0,0,active
14513.0,14514.0,0,stall
14514.0,14517.0,0,active
14517.0,14518.0,0,stall
14518.0,14527.0,0,active
14527.0,14528.0,0,stall
14528.0,14531.0,0,active
14531.0,14532.0,0,stall
14532.0,14541.0,0,active
14541.0,14542.0,0,stall
14542.0,14545.0,0,active
14545.0,14546.0,0,stall
14546.0,14555.0,0,active
14555.0,14556.0,0,stall
14556.0,14559.0,0,active
14559.0,14560.0,0,stall
14560.0,14562.0,0,active
14562.0,14563.0,0,stall
14563.0,14566.0,0,active
14566.0,14567.0,0,stall
14567.0,14576.0,0,active
14576.0,14577.0,0,stall
14577.0,14580.0,0,active
14580.0,14581.0,0,stall
14581.0,14583.0,0,active
14583.0,14584.0,0,stall
14584.0,14587.0,0,active
14587.0,14588.0,0,stall
14588.0,14600.0,0,active
14600.0,14601.0,0,stall
14601.0,14608.0,0,active
14608.0,14610.0,0,stall
14610.0,14640.0,0,active
14640.0,14641.0,0,stall
14641.0,14644.0,0,active
14644.0,14645.0,0,stall
14645.0,14657.0,0,active
14657.0,14658.0,0,stall
14658.0,14661.0,0,active
14661.0,14662.0,0,stall
14662.0,14672.0,0,active
14672.0,14674.0,0,stall
14674.0,14692.0,0,active
14692.0,14693.0,0,stall
14693.0,14696.0,0,active
14696.0,14697.0,0,stall
14697.0,14706.0,0,active
14706.0,14707.0,0,stall
14707.0,14710.0,0,active
14710.0,14711.0,0,stall
14711.0,14713.0,0,active
14713.0,14714.0,0,stall
14714.0,14717.0,0,active
14717.0,14718.0,0,stall
14718.0,14727.0,0,active
14727.0,14728.0,0,stall
14728.0,14731.0,0,active
14731.0,14732.0,0,stall
14732.0,14734.0,0,active
14734.0,14735.0,0,stall
14735.0,14738.0,0,active
14738.0,14739.0,0,stall
14739.0,14748.0,0,active
14748.0,14749.0,0,stall
14749.0,14752.0,0,active
14752.0,14753.0,0,stall
14753.0,14755.0,0,active
14755.0,14756.0,0,stall
14756.0,14759.0,0,active
14759.0,14760.0,0,stall
14760.0,14769.0,0,active
14769.0,14770.0,0,stall
14770.0,14773.0,0,active
14773.0,14774.0,0,stall
14774.0,14783.0,0,active
14783.0,14784.0,0,stall
14784.0,14787.0,0,active
14787.0,14788.0,0,stall
14788.0,14800.0,0,active
14800.0,14801.0,0,stall
14801.0,14808.0,0,active
14808.0,14810.0,0,stall
14810.0,14840.0,0,active
14840.0,14841.0,0,stall
14841.0,14844.0,0,active
14844.0,14845.0,0,stall
14845.0,14857.0,0,active
14857.0,14858.0,0,stall
14858.0,14861.0,0,active
14861.0,14862.0,0,stall
14862.0,14872.0,0,active
14872.0,14874.0,0,stall
14874.0,14892.0,0,active
14892.0,14893.0,0,stall
14893.0,14896.0,0,active
14896.0,14897.0,0,stall
14897.0,14906.0,0,active
14906.0,14907.0,0,stall
14907.0,14910.0,0,active
14910.0,14911.0,0,stall
14911.0,14920.0,0,active
14920.0,14921.0,0,stall
14921.0,14924.0,0,active
14924.0,14925.0,0,stall
14925.0,14934.0,0,active
14934.0,14935.0,0,stall
14935.0,14938.0,0,active
14938.0,14939.0,0,stall
14939.0,14948.0,0,active
14948.0,14949.0,0,stall
14949.0,14952.0,0,active
14952.0,14953.0,0,stall
14953.0,14962.0,0,active
14962.0,14963.0,0,stall
14963.0,14966.0,0,active
14966.0,14967.0,0,stall
14967.0,14979.0,0,active
14979.0,14980.0,0,stall
14980.0,14987.0,0,active
14987.0,14989.0,0,stall
14989.0,15019.0,0,active
15019.0,15020.0,0,stall
15020.0,15023.0,0,active
15023.0,15024.0,0,stall
15024.0,15036.0,0,active
15036.0,15037.0,0,stall
15037.0,15040.0,0,active
15040.0,15041.0,0,stall
15041.0,15051.0,0,active
15051.0,15053.0,0,stall
15053.0,15071.0,0,active
15071.0,15072.0,0,stall
15072.0,15075.0,0,active
15075.0,15076.0,0,stall
15076.0,15085.0,0,active
15085.0,15086.0,0,stall
15086.0,15089.0,0,active
15089.0,15090.0,0,stall
15090.0,15092.0,0,active
15092.0,15093.0,0,stall
15093.0,15096.0,0,active
15096.0,15097.0,0,stall
15097.0,15106.0,0,active
15106.0,15107.0,0,stall
15107.0,15110.0,0,active
15110.0,15111.0,0,stall
15111.0,15113.0,0,active
15113.0,15114.0,0,stall
15114.0,15117.0,0,active
15117.0,15118.0,0,stall
15118.0,15127.0,0,active
15127.0,15128.0,0,stall
15128.0,15131.0,0,active
15131.0,15132.0,0,stall
15132.0,15134.0,0,active
15134.0,15135.0,0,stall
15135.0,15138.0,0,active
15138.0,15139.0,0,stall
15139.0,15148.0,0,active
15148.0,15149.0,0,stall
15149.0,15152.0,0,active
15152.0,15153.0,0,stall
15153.0,15162.0,0,active
15162.0,15163.0,0,stall
15163.0,15166.0,0,active
15166.0,15167.0,0,stall
15167.0,15179.0,0,active
15179.0,15180.0,0,stall
15180.0,15187.0,0,active
15187.0,15189.0,0,stall
15189.0,15219.0,0,active
15219.0,15220.0,0,stall
15220.0,15223.0,0,active
15223.0,15224.0,0,stall
15224.0,15236.0,0,active
15236.0,15237.0,0,stall
15237.0,15240.0,0,active
15240.0,15241.0,0,stall
15241.0,15251.0,0,active
15251.0,15253.0,0,stall
15253.0,15271.0,0,active
15271.0,15272.0,0,stall
15272.0,15275.0,0,active
15275.0,15276.0,0,stall
15276.0,15285.0,0,active
15285.0,15286.0,0,stall
15286.0,15289.0,0,active
15289.0,15290.0,0,stall
15290.0,15292.0,0,active
15292.0,15293.0,0,stall
15293.0,15296.0,0,active
15296.0,15297.0,0,stall
15297.0,15306.0,0,active
15306.0,15307.0,0,stall
15307.0,15310.0,0,active
15310.0,15311.0,0,stall
15311.0,15313.0,0,active
15313.0,15314.0,0,stall
15314.0,15317.0,0,active
15317.0,15318.0,0,stall
15318.0,15327.0,0,active
15327.0,15328.0,0,stall
15328.0,15331.0,0,active
15331.0,15332.0,0,stall
15332.0,15334.0,0,active
15334.0,15335.0,0,stall
15335.0,15338.0,0,active
15338.0,15339.0,0,stall
15339.0,15348.0,0,active
15348.0,15349.0,0,stall
15349.0,15352.0,0,active
15352.0,15353.0,0,stall
15353.0,15362.0,0,active
15362.0,15363.0,0,stall
15363.0,15366.0,0,active
15366.0,15367.0,0,stall
15367.0,15379.0,0,active
15379.0,15380.0,0,stall
15380.0,15387.0,0,active
15387.0,15389.0,0,stall
15389.0,15419.0,0,active
15419.0,15420.0,0,stall
15420.0,15423.0,0,active
15423.0,15424.0,0,stall
15424.0,15436.0,0,active
15436.0,15437.0,0,stall
15437.0,15440.0,0,active
15440.0,15441.0,0,stall
15441.0,15451.0,0,active
15451.0,15453.0,0,stall
15453.0,15471.0,0,active
15471.0,15472.0,0,stall
15472.0,15475.0,0,active
15475.0,15476.0,0,stall
15476.0,15478.0,0,active
15478.0,15479.0,0,stall
15479.0,15482.0,0,active
15482.0,15483.0,0,stall
15483.0,15492.0,0,active
15492.0,15493.0,0,stall
15493.0,15496.0,0,active
15496.0,15497.0,0,stall
15497.0,15506.0,0,active
15506.0,15507.0,0,stall
15507.0,15510.0,0,active
15510.0,15511.0,0,stall
15511.0,15520.0,0,active
15520.0,15521.0,0,stall
15521.0,15524.0,0,active
15524.0,15525.0,0,stall
15525.0,15534.0,0,active
15534.0,15535.0,0,stall
15535.0,15538.0,0,active
15538.0,15539.0,0,stall
15539.0,15541.0,0,active
15541.0,15542.0,0,stall
15542.0,15545.0,0,active
15545.0,15546.0,0,stall
15546.0,15555.0,0,active
15555.0,15556.0,0,stall
15556.0,15559.0,0,active
15559.0,15560.0,0,stall
15560.0,15562.0,0,active
15562.0,15563.0,0,stall
15563.0,15566.0,0,active
15566.0,15567.0,0,stall
15567.0,15569.0,0,active
15569.0,15570.0,0,stall
15570.0,15573.0,0,active
15573.0,15574.0,0,stall
15574.0,15576.0,0,active
15576.0,15577.0,0,stall
15577.0,15580.0,0,active
15580.0,15581.0,0,stall
15581.0,15583.0,0,active
15583.0,15584.0,0,stall
15584.0,15587.0,0,active
15587.0,15588.0,0,stall
15588.0,15590.0,0,active
15590.0,15591.0,0,stall
15591.0,15594.0,0,active
15594.0,15595.0,0,stall
15595.0,15597.0,0,active
15597.0,15598.0,0,stall
15598.0,15601.0,0,active
15601.0,15602.0,0,stall
15602.0,15604.0,0,active
15604.0,15605.0,0,stall
15605.0,15608.0,0,active
15608.0,15609.0,0,stall
15609.0,15611.0,0,active
15611.0,15612.0,0,stall
15612.0,15615.0,0,active
15615.0,15616.0,0,stall
15616.0,15618.0,0,active
15618.0,15619.0,0,stall
15619.0,15622.0,0,active
15622.0,15623.0,0,stall
15623.0,15625.0,0,active
15625.0,15626.0,0,stall
15626.0,15629.0,0,active
15629.0,15630.0,0,stall
15630.0,15632.0,0,active
15632.0,15633.0,0,stall
15633.0,15636.0,0,active
15636.0,15637.0,0,stall
15637.0,15639.0,0,active
15639.0,15640.0,0,stall
15640.0,15643.0,0,active
15643.0,15644.0,0,stall
15644.0,15646.0,0,active
15646.0,15647.0,0,stall
15647.0,15650.0,0,active
15650.0,15651.0,0,stall
15651.0,15653.0,0,active
15653.0,15654.0,0,stall
15654.0,15657.0,0,active
15657.0,15658.0,0,stall
15658.0,15660.0,0,active
15660.0,15661.0,0,stall
15661.0,15664.0,0,active
15664.0,15665.0,0,stall
15665.0,15690.0,0,active
15690.0,15691.0,0,stall
15691.0,15699.0,0,active
15699.0,15700.0,0,stall
15700.0,15713.0,0,active
15713.0,15714.0,0,stall
15714.0,15715.0,0,active
15715.0,15716.0,0,stall
15716.0,15721.0,0,active
15721.0,15722.0,0,stall
15722.0,15726.0,0,active
15726.0,15727.0,0,stall
15727.0,15748.0,0,active
15748.0,15749.0,0,stall
15749.0,15751.0,0,active
15751.0,15752.0,0,stall
15752.0,15754.0,0,active
15754.0,15755.0,0,stall
15755.0,15757.0,0,active
15757.0,15758.0,0,stall
15758.0,15768.0,0,active
15768.0,15769.0,0,stall
15769.0,15771.0,0,active
15771.0,15772.0,0,stall
15772.0,15774.0,0,active
15774.0,15775.0,0,stall
15775.0,15777.0,0,active
15777.0,15778.0,0,stall
15778.0,15780.0,0,active
15780.0,15781.0,0,stall
15781.0,15783.0,0,active
15783.0,15784.0,0,stall
15784.0,15786.0,0,active
15786.0,15787.0,0,stall
15787.0,15789.0,0,active
15789.0,15790.0,0,stall
15790.0,15792.0,0,active
15792.0,15793.0,0,stall
15793.0,15795.0,0,active
15795.0,15796.0,0,stall
15796.0,15798.0,0,active
15798.0,15799.0,0,stall
15799.0,15801.0,0,active
15801.0,15802.0,0,stall
15802.0,15804.0,0,active
15804.0,15805.0,0,stall
15805.0,15807.0,0,active
15807.0,15808.0,0,stall
15808.0,15810.0,0,active
15810.0,15811.0,0,stall
15811.0,15813.0,0,active
15813.0,15814.0,0,stall
15814.0,15816.0,0,active
15816.0,15817.0,0,stall
15817.0,15819.0,0,active
15819.0,15820.0,0,stall
15820.0,15822.0,0,active
15822.0,15823.0,0,stall
15823.0,15825.0,0,active
15825.0,15826.0,0,stall
15826.0,15828.0,0,active
15828.0,15829.0,0,stall
15829.0,15870.0,0,active
15870.0,15871.0,0,stall
15871.0,15878.0,0,active
15878.0,15880.0,0,stall
15880.0,15910.0,0,active
15910.0,15911.0,0,stall
15911.0,15914.0,0,active
15914.0,15915.0,0,stall
15915.0,15917.0,0,active
15917.0,15918.0,0,stall
15918.0,15921.0,0,active
15921.0,15922.0,0,stall
15922.0,15924.0,0,active
15924.0,15925.0,0,stall
15925.0,15928.0,0,active
15928.0,15929.0,0,stall
15929.0,15931.0,0,active
15931.0,15932.0,0,stall
15932.0,15935.0,0,active
15935.0,15936.0,0,stall
15936.0,15938.0,0,active
15938.0,15939.0,0,stall
15939.0,15942.0,0,active
15942.0,15943.0,0,stall
15943.0,15945.0,0,active
15945.0,15946.0,0,stall
15946.0,15949.0,0,active
15949.0,15950.0,0,stall
15950.0,15952.0,0,active
15952.0,15953.0,0,stall
15953.0,15956.0,0,active
15956.0,15957.0,0,stall
15957.0,15959.0,0,active
15959.0,15960.0,0,stall
15960.0,15963.0,0,active
15963.0,15964.0,0,stall
15964.0,15966.0,0,active
15966.0,15967.0,0,stall
15967.0,15970.0,0,active
15970.0,15971.0,0,stall
15971.0,15973.0,0,active
15973.0,15974.0,0,stall
15974.0,15977.0,0,active
15977.0,15978.0,0,stall
15978.0,15980.0,0,active
15980.0,15981.0,0,stall
15981.0,15984.0,0,active
15984.0,15985.0,0,stall
15985.0,15987.0,0,active
15987.0,15988.0,0,stall
15988.0,15991.0,0,active
15991.0,15992.0,0,stall
15992.0,15994.0,0,active
15994.0,15995.0,0,stall
15995.0,15998.0,0,active
15998.0,15999.0,0,stall
15999.0,16001.0,0,active
16001.0,16002.0,0,stall
16002.0,16005.0,0,active
16005.0,16006.0,0,stall
16006.0,16008.0,0,active
16008.0,16009.0,0,stall
16009.0,16012.0,0,active
16012.0,16013.0,0,stall
16013.0,16019.0,0,active
16019.0,16020.0,0,stall
16020.0,16028.0,0,active
16028.0,16029.0,0,stall
16029.0,16034.0,0,active
16034.0,16035.0,0,stall
16035.0,16038.0,0,active
16038.0,16039.0,0,stall
16039.0,16041.0,0,active
16041.0,16042.0,0,stall
16042.0,16045.0,0,active
16045.0,16046.0,0,stall
16046.0,16056.0,0,active
16056.0,16058.0,0,stall
16058.0,16076.0,0,active
16076.0,16077.0,0,stall
16077.0,16080.0,0,active
16080.0,16081.0,0,stall
16081.0,16090.0,0,active
16090.0,16091.0,0,stall
16091.0,16094.0,0,active
16094.0,16095.0,0,stall
16095.0,16104.0,0,active
16104.0,16105.0,0,stall
16105.0,16108.0,0,active
16108.0,16109.0,0,stall
16109.0,16118.0,0,active
16118.0,16119.0,0,stall
16119.0,16122.0,0,active
16122.0,16123.0,0,stall
16123.0,16132.0,0,active
16132.0,16133.0,0,stall
16133.0,16136.0,0,active
16136.0,16137.0,0,stall
16137.0,16146.0,0,active
16146.0,16147.0,0,stall
16147.0,16150.0,0,active
16150.0,16151.0,0,stall
16151.0,16163.0,0,active
16163.0,16164.0,0,stall
16164.0,16171.0,0,active
16171.0,16173.0,0,stall
16173.0,16203.0,0,active
16203.0,16204.0,0,stall
16204.0,16207.0,0,active
16207.0,16208.0,0,stall
16208.0,16210.0,0,active
16210.0,16211.0,0,stall
16211.0,16214.0,0,active
16214.0,16215.0,0,stall
16215.0,16227.0,0,active
16227.0,16228.0,0,stall
16228.0,16231.0,0,active
16231.0,16232.0,0,stall
16232.0,16234.0,0,active
16234.0,16235.0,0,stall
16235.0,16238.0,0,active
16238.0,16239.0,0,stall
16239.0,16249.0,0,active
16249.0,16251.0,0,stall
16251.0,16269.0,0,active
16269.0,16270.0,0,stall
16270.0,16273.0,0,active
16273.0,16274.0,0,stall
16274.0,16283.0,0,active
16283.0,16284.0,0,stall
16284.0,16287.0,0,active
16287.0,16288.0,0,stall
16288.0,16297.0,0,active
16297.0,16298.0,0,stall
16298.0,16301.0,0,active
16301.0,16302.0,0,stall
16302.0,16311.0,0,active
16311.0,16312.0,0,stall
16312.0,16315.0,0,active
16315.0,16316.0,0,stall
16316.0,16325.0,0,active
16325.0,16326.0,0,stall
16326.0,16329.0,0,active
16329.0,16330.0,0,stall
16330.0,16339.0,0,active
16339.0,16340.0,0,stall
16340.0,16343.0,0,active
16343.0,16344.0,0,stall
16344.0,16356.0,0,active
16356.0,16357.0,0,stall
16357.0,16364.0,0,active
16364.0,16366.0,0,stall
16366.0,16396.0,0,active
16396.0,16397.0,0,stall
16397.0,16400.0,0,active
16400.0,16401.0,0,stall
16401.0,16413.0,0,active
16413.0,16414.0,0,stall
16414.0,16417.0,0,active
16417.0,16418.0,0,stall
16418.0,16428.0,0,active
16428.0,16430.0,0,stall
16430.0,16448.0,0,active
16448.0,16449.0,0,stall
16449.0,16452.0,0,active
16452.0,16453.0,0,stall
16453.0,16462.0,0,active
16462.0,16463.0,0,stall
16463.0,16466.0,0,active
16466.0,16467.0,0,stall
16467.0,16476.0,0,active
16476.0,16477.0,0,stall
16477.0,16480.0,0,active
16480.0,16481.0,0,stall
16481.0,16490.0,0,active
16490.0,16491.0,0,stall
16491.0,16494.0,0,active
16494.0,16495.0,0,stall
16495.0,16504.0,0,active
16504.0,16505.0,0,stall
16505.0,16508.0,0,active
16508.0,16509.0,0,stall
16509.0,16518.0,0,active
16518.0,16519.0,0,stall
16519.0,16522.0,0,active
16522.0,16523.0,0,stall
16523.0,16535.0,0,active
16535.0,16536.0,0,stall
16536.0,16543.0,0,active
16543.0,16545.0,0,stall
16545.0,16575.0,0,active
16575.0,16576.0,0,stall
16576.0,16579.0,0,active
16579.0,16580.0,0,stall
16580.0,16592.0,0,active
16592.0,16593.0,0,stall
16593.0,16596.0,0,active
16596.0,16597.0,0,stall
16597.0,16607.0,0,active
16607.0,16609.0,0,stall
16609.0,16627.0,0,active
16627.0,16628.0,0,stall
16628.0,16631.0,0,active
16631.0,16632.0,0,stall
16632.0,16634.0,0,active
16634.0,16635.0,0,stall
16635.0,16638.0,0,active
16638.0,16639.0,0,stall
16639.0,16641.0,0,active
16641.0,16642.0,0,stall
16642.0,16645.0,0,active
16645.0,16646.0,0,stall
16646.0,16648.0,0,active
16648.0,16649.0,0,stall
16649.0,16652.0,0,active
16652.0,16653.0,0,stall
16653.0,16655.0,0,active
16655.0,16656.0,0,stall
16656.0,16659.0,0,active
16659.0,16660.0,0,stall
16660.0,16662.0,0,active
16662.0,16663.0,0,stall
16663.0,16666.0,0,active
16666.0,16667.0,0,stall
16667.0,16669.0,0,active
16669.0,16670.0,0,stall
16670.0,16673.0,0,active
16673.0,16674.0,0,stall
16674.0,16676.0,0,active
16676.0,16677.0,0,stall
16677.0,16680.0,0,active
16680.0,16681.0,0,stall
16681.0,16683.0,0,active
16683.0,16684.0,0,stall
16684.0,16687.0,0,active
16687.0,16688.0,0,stall
16688.0,16690.0,0,active
16690.0,16691.0,0,stall
16691.0,16694.0,0,active
16694.0,16695.0,0,stall
16695.0,16697.0,0,active
16697.0,16698.0,0,stall
16698.0,16701.0,0,active
16701.0,16702.0,0,stall
16702.0,16712.0,0,active
16712.0,16713.0,0,stall
16713.0,16726.0,0,active
16726.0,16727.0,0,stall
16727.0,16730.0,0,active
16730.0,16731.0,0,stall
16731.0,16739.0,0,active
16739.0,16740.0,0,stall
16740.0,16742.0,0,active
16742.0,16743.0,0,stall
16743.0,16745.0,0,active
16745.0,16746.0,0,stall
16746.0,16748.0,0,active
16748.0,16749.0,0,stall
16749.0,16751.0,0,active
16751.0,16752.0,0,stall
16752.0,16754.0,0,active
16754.0,16755.0,0,stall
16755.0,16757.0,0,active
16757.0,16758.0,0,stall
16758.0,16760.0,0,active
16760.0,16761.0,0,stall
16761.0,16763.0,0,active
16763.0,16764.0,0,stall
16764.0,16766.0,0,active
16766.0,16767.0,0,stall
16767.0,16769.0,0,active
16769.0,16770.0,0,stall
16770.0,16772.0,0,active
16772.0,16773.0,0,stall
16773.0,16775.0,0,active
16775.0,16776.0,0,stall
16776.0,16778.0,0,active
16778.0,16779.0,0,stall
16779.0,16781.0,0,active
16781.0,16782.0,0,stall
16782.0,16809.0,0,active
16809.0,16810.0,0,stall
16810.0,16823.0,0,active
16823.0,16824.0,0,stall
16824.0,16827.0,0,active
16827.0,16828.0,0,stall
16828.0,16836.0,0,active
16836.0,16837.0,0,stall
16837.0,16839.0,0,active
16839.0,16840.0,0,stall
16840.0,16842.0,0,active
16842.0,16843.0,0,stall
16843.0,16845.0,0,active
16845.0,16846.0,0,stall
16846.0,16848.0,0,active
16848.0,16849.0,0,stall
16849.0,16851.0,0,active
16851.0,16852.0,0,stall
16852.0,16854.0,0,active
16854.0,16855.0,0,stall
16855.0,16857.0,0,active
16857.0,16858.0,0,stall
16858.0,16860.0,0,active
16860.0,16861.0,0,stall
16861.0,16863.0,0,active
16863.0,16864.0,0,stall
16864.0,16866.0,0,active
16866.0,16867.0,0,stall
16867.0,16869.0,0,active
16869.0,16870.0,0,stall
16870.0,16872.0,0,active
16872.0,16873.0,0,stall
16873.0,16875.0,0,active
16875.0,16876.0,0,stall
16876.0,16878.0,0,active
16878.0,16879.0,0,stall
16879.0,16904.0,0,active
16904.0,16905.0,0,stall
16905.0,16908.0,0,active
16908.0,16909.0,0,stall
16909.0,16918.0,0,active
16918.0,16919.0,0,stall
16919.0,16922.0,0,active
16922.0,16923.0,0,stall
16923.0,16932.0,0,active
16932.0,16933.0,0,stall
16933.0,16936.0,0,active
16936.0,16937.0,0,stall
16937.0,16946.0,0,active
16946.0,16947.0,0,stall
16947.0,16950.0,0,active
16950.0,16951.0,0,stall
16951.0,16953.0,0,active
16953.0,16954.0,0,stall
16954.0,16957.0,0,active
16957.0,16958.0,0,stall
16958.0,16967.0,0,active
16967.0,16968.0,0,stall
16968.0,16971.0,0,active
16971.0,16972.0,0,stall
16972.0,16974.0,0,active
16974.0,16975.0,0,stall
16975.0,16978.0,0,active
16978.0,16979.0,0,stall
16979.0,16991.0,0,active
16991.0,16992.0,0,stall
16992.0,16999.0,0,active
16999.0,17001.0,0,stall
17001.0,17031.0,0,active
17031.0,17032.0,0,stall
17032.0,17035.0,0,active
17035.0,17036.0,0,stall
17036.0,17048.0,0,active
17048.0,17049.0,0,stall
17049.0,17052.0,0,active
17052.0,17053.0,0,stall
17053.0,17063.0,0,active
17063.0,17065.0,0,stall
17065.0,17083.0,0,active
17083.0,17084.0,0,stall
17084.0,17087.0,0,active
17087.0,17088.0,0,stall
17088.0,17097.0,0,active
17097.0,17098.0,0,stall
17098.0,17101.0,0,active
17101.0,17102.0,0,stall
17102.0,17111.0,0,active
17111.0,17112.0,0,stall
17112.0,17115.0,0,active
17115.0,17116.0,0,stall
17116.0,17125.0,0,active
17125.0,17126.0,0,stall
17126.0,17129.0,0,active
17129.0,17130.0,0,stall
17130.0,17139.0,0,active
17139.0,17140.0,0,stall
17140.0,17143.0,0,active
17143.0,17144.0,0,stall
17144.0,17153.0,0,active
17153.0,17154.0,0,stall
17154.0,17157.0,0,active
17157.0,17158.0,0,stall
17158.0,17170.0,0,active
17170.0,17171.0,0,stall
17171.0,17186.0,0,active
17186.0,17187.0,0,stall
17187.0,17188.0,0,active
17188.0,17189.0,0,stall
17189.0,17208.0,0,active
17208.0,17209.0,0,stall
17209.0,17214.0,0,active
17214.0,17215.0,0,stall
17215.0,17243.0,0,active
17243.0,17244.0,0,stall
17244.0,17249.0,0,active
17249.0,17250.0,0,stall
17250.0,17278.0,0,active
17278.0,17279.0,0,stall
17279.0,17284.0,0,active
17284.0,17285.0,0,stall
17285.0,17297.0,0,active
17297.0,17298.0,0,stall
17298.0,17302.0,0,active
17302.0,17303.0,0,stall
17303.0,17324.0,0,active
17324.0,17325.0,0,stall
17325.0,17327.0,0,active
17327.0,17328.0,0,stall
17328.0,17330.0,0,active
17330.0,17331.0,0,stall
17331.0,17333.0,0,active
17333.0,17334.0,0,stall
17334.0,17344.0,0,active
17344.0,17345.0,0,stall
17345.0,17347.0,0,active
17347.0,17348.0,0,stall
17348.0,17350.0,0,active
17350.0,17351.0,0,stall
17351.0,17353.0,0,active
17353.0,17354.0,0,stall
17354.0,17356.0,0,active
17356.0,17357.0,0,stall
17357.0,17359.0,0,active
17359.0,17360.0,0,stall
17360.0,17362.0,0,active
17362.0,17363.0,0,stall
17363.0,17365.0,0,active
17365.0,17366.0,0,stall
17366.0,17368.0,0,active
17368.0,17369.0,0,stall
17369.0,17371.0,0,active
17371.0,17372.0,0,stall
17372.0,17374.0,0,active
17374.0,17375.0,0,stall
17375.0,17377.0,0,active
17377.0,17378.0,0,stall
17378.0,17380.0,0,active
17380.0,17381.0,0,stall
17381.0,17383.0,0,active
17383.0,17384.0,0,stall
17384.0,17386.0,0,active
17386.0,17387.0,0,stall
17387.0,17389.0,0,active
17389.0,17390.0,0,stall
17390.0,17431.0,0,active
17431.0,17432.0,0,stall
17432.0,17439.0,0,active
17439.0,17441.0,0,stall
17441.0,17471.0,0,active
17471.0,17472.0,0,stall
17472.0,17475.0,0,active
17475.0,17476.0,0,stall
17476.0,17488.0,0,active
17488.0,17489.0,0,stall
17489.0,17492.0,0,active
17492.0,17493.0,0,stall
17493.0,17503.0,0,active
17503.0,17505.0,0,stall
17505.0,17523.0,0,active
17523.0,17524.0,0,stall
17524.0,17527.0,0,active
17527.0,17528.0,0,stall
17528.0,17537.0,0,active
17537.0,17538.0,0,stall
17538.0,17541.0,0,active
17541.0,17542.0,0,stall
17542.0,17551.0,0,active
17551.0,17552.0,0,stall
17552.0,17555.0,0,active
17555.0,17556.0,0,stall
17556.0,17565.0,0,active
17565.0,17566.0,0,stall
17566.0,17569.0,0,active
17569.0,17570.0,0,stall
17570.0,17579.0,0,active
17579.0,17580.0,0,stall
17580.0,17583.0,0,active
17583.0,17584.0,0,stall
17584.0,17593.0,0,active
17593.0,17594.0,0,stall
17594.0,17597.0,0,active
17597.0,17598.0,0,stall
17598.0,17610.0,0,active
17610.0,17611.0,0,stall
17611.0,17618.0,0,active
17618.0,17620.0,0,stall
17620.0,17650.0,0,active
17650.0,17651.0,0,stall
17651.0,17654.0,0,active
17654.0,17655.0,0,stall
17655.0,17667.0,0,active
17667.0,17668.0,0,stall
17668.0,17671.0,0,active
17671.0,17672.0,0,stall
17672.0,17682.0,0,active
17682.0,17684.0,0,stall
17684.0,17702.0,0,active
17702.0,17703.0,0,stall
17703.0,17706.0,0,active
17706.0,17707.0,0,stall
17707.0,17716.0,0,active
17716.0,17717.0,0,stall
17717.0,17720.0,0,active
17720.0,17721.0,0,stall
17721.0,17723.0,0,active
17723.0,17724.0,0,stall
17724.0,17727.0,0,active
17727.0,17728.0,0,stall
17728.0,17730.0,0,active
17730.0,17731.0,0,stall
17731.0,17734.0,0,active
17734.0,17735.0,0,stall
17735.0,17737.0,0,active
17737.0,17738.0,0,stall
17738.0,17741.0,0,active
17741.0,17742.0,0,stall
17742.0,17756.0,0,active
17756.0,17758.0,0,stall
17758.0,17771.0,0,active
17771.0,17772.0,0,stall
17772.0,17786.0,0,active
17786.0,17787.0,0,stall
17787.0,17807.0,0,active
17807.0,17808.0,0,stall
17808.0,17823.0,0,active
17823.0,17824.0,0,stall
17824.0,17825.0,0,active
17825.0,17826.0,0,stall
17826.0,17845.0,0,active
17845.0,17846.0,0,stall
17846.0,17851.0,0,active
17851.0,17852.0,0,stall
17852.0,17864.0,0,active
17864.0,17865.0,0,stall
17865.0,17869.0,0,active
17869.0,17870.0,0,stall
17870.0,17891.0,0,active
17891.0,17892.0,0,stall
17892.0,17894.0,0,active
17894.0,17895.0,0,stall
17895.0,17897.0,0,active
17897.0,17898.0,0,stall
17898.0,17900.0,0,active
17900.0,17901.0,0,stall
17901.0,17911.0,0,active
17911.0,17912.0,0,stall
17912.0,17914.0,0,active
17914.0,17915.0,0,stall
17915.0,17917.0,0,active
17917.0,17918.0,0,stall
17918.0,17920.0,0,active
17920.0,17921.0,0,stall
17921.0,17962.0,0,active
17962.0,17963.0,0,stall
17963.0,17970.0,0,active
17970.0,17972.0,0,stall
17972.0,18002.0,0,active
18002.0,18003.0,0,stall
18003.0,18006.0,0,active
18006.0,18007.0,0,stall
18007.0,18009.0,0,active
18009.0,18010.0,0,stall
18010.0,18013.0,0,active
18013.0,18014.0,0,stall
18014.0,18016.0,0,active
18016.0,18017.0,0,stall
18017.0,18020.0,0,active
18020.0,18021.0,0,stall
18021.0,18023.0,0,active
18023.0,18024.0,0,stall
18024.0,18027.0,0,active
18027.0,18028.0,0,stall
18028.0,18030.0,0,active
18030.0,18031.0,0,stall
18031.0,18034.0,0,active
18034.0,18035.0,0,stall
18035.0,18037.0,0,active
18037.0,18038.0,0,stall
18038.0,18041.0,0,active
18041.0,18042.0,0,stall
18042.0,18044.0,0,active
18044.0,18045.0,0,stall
18045.0,18048.0,0,active
18048.0,18049.0,0,stall
18049.0,18051.0,0,active
18051.0,18052.0,0,stall
18052.0,18055.0,0,active
18055.0,18056.0,0,stall
18056.0,18058.0,0,active
18058.0,18059.0,0,stall
18059.0,18062.0,0,active
18062.0,18063.0,0,stall
18063.0,18065.0,0,active
18065.0,18066.0,0,stall
18066.0,18069.0,0,active
18069.0,18070.0,0,stall
18070.0,18072.0,0,active
18072.0,18073.0,0,stall
18073.0,18076.0,0,active
18076.0,18077.0,0,stall
18077.0,18079.0,0,active
18079.0,18080.0,0,stall
18080.0,18083.0,0,active
18083.0,18084.0,0,stall
18084.0,18086.0,0,active
18086.0,18087.0,0,stall
18087.0,18090.0,0,active
18090.0,18091.0,0,stall
18091.0,18093.0,0,active
18093.0,18094.0,0,stall
18094.0,18097.0,0,active
18097.0,18098.0,0,stall
18098.0,18100.0,0,active
18100.0,18101.0,0,stall
18101.0,18104.0,0,active
18104.0,18105.0,0,stall
18105.0,18111.0,0,active
18111.0,18112.0,0,stall
18112.0,18120.0,0,active
18120.0,18121.0,0,stall
18121.0,18126.0,0,active
18126.0,18127.0,0,stall
18127.0,18130.0,0,active
18130.0,18131.0,0,stall
18131.0,18133.0,0,active
18133.0,18134.0,0,stall
18134.0,18137.0,0,active
18137.0,18138.0,0,stall
18138.0,18148.0,0,active
18148.0,18150.0,0,stall
18150.0,18168.0,0,active
18168.0,18169.0,0,stall
18169.0,18172.0,0,active
18172.0,18173.0,0,stall
18173.0,18182.0,0,active
18182.0,18183.0,0,stall
18183.0,18186.0,0,active
18186.0,18187.0,0,stall
18187.0,18196.0,0,active
18196.0,18197.0,0,stall
18197.0,18200.0,0,active
18200.0,18201.0,0,stall
18201.0,18210.0,0,active
18210.0,18211.0,0,stall
18211.0,18214.0,0,active
18214.0,18215.0,0,stall
18215.0,18224.0,0,active
18224.0,18225.0,0,stall
18225.0,18228.0,0,active
18228.0,18229.0,0,stall
18229.0,18238.0,0,active
18238.0,18239.0,0,stall
18239.0,18242.0,0,active
18242.0,18243.0,0,stall
18243.0,18255.0,0,active
18255.0,18256.0,0,stall
18256.0,18263.0,0,active
18263.0,18265.0,0,stall
18265.0,18295.0,0,active
18295.0,18296.0,0,stall
18296.0,18299.0,0,active
18299.0,18300.0,0,stall
18300.0,18302.0,0,active
18302.0,18303.0,0,stall
18303.0,18306.0,0,active
18306.0,18307.0,0,stall
18307.0,18319.0,0,active
18319.0,18320.0,0,stall
18320.0,18323.0,0,active
18323.0,18324.0,0,stall
18324.0,18326.0,0,active
18326.0,18327.0,0,stall
18327.0,18330.0,0,active
18330.0,18331.0,0,stall
18331.0,18333.0,0,active
18333.0,18334.0,0,stall
18334.0,18337.0,0,active
18337.0,18338.0,0,stall
18338.0,18340.0,0,active
18340.0,18341.0,0,stall
18341.0,18344.0,0,active
18344.0,18345.0,0,stall
18345.0,18347.0,0,active
18347.0,18348.0,0,stall
18348.0,18351.0,0,active
18351.0,18352.0,0,stall
18352.0,18354.0,0,active
18354.0,18355.0,0,stall
18355.0,18358.0,0,active
18358.0,18359.0,0,stall
18359.0,18361.0,0,active
18361.0,18362.0,0,stall
18362.0,18365.0,0,active
18365.0,18366.0,0,stall
18366.0,18368.0,0,active
18368.0,18369.0,0,stall
18369.0,18372.0,0,active
18372.0,18373.0,0,stall
18373.0,18375.0,0,active
18375.0,18376.0,0,stall
18376.0,18379.0,0,active
18379.0,18380.0,0,stall
18380.0,18382.0,0,active
18382.0,18383.0,0,stall
18383.0,18386.0,0,active
18386.0,18387.0,0,stall
18387.0,18389.0,0,active
18389.0,18390.0,0,stall
18390.0,18393.0,0,active
18393.0,18394.0,0,stall
18394.0,18396.0,0,active
18396.0,18397.0,0,stall
18397.0,18400.0,0,active
18400.0,18401.0,0,stall
18401.0,18406.0,0,active
18406.0,18407.0,0,stall
18407.0,18419.0,0,active
18419.0,18420.0,0,stall
18420.0,18424.0,0,active
18424.0,18426.0,0,stall
18426.0,18444.0,0,active
18444.0,18445.0,0,stall
18445.0,18448.0,0,active
18448.0,18449.0,0,stall
18449.0,18458.0,0,active
18458.0,18459.0,0,stall
18459.0,18462.0,0,active
18462.0,18463.0,0,stall
18463.0,18472.0,0,active
18472.0,18473.0,0,stall
18473.0,18476.0,0,active
18476.0,18477.0,0,stall
18477.0,18486.0,0,active
18486.0,18487.0,0,stall
18487.0,18490.0,0,active
18490.0,18491.0,0,stall
18491.0,18500.0,0,active
18500.0,18501.0,0,stall
18501.0,18504.0,0,active
18504.0,18505.0,0,stall
18505.0,18514.0,0,active
18514.0,18515.0,0,stall
18515.0,18518.0,0,active
18518.0,18519.0,0,stall
18519.0,18531.0,0,active
18531.0,18532.0,0,stall
18532.0,18539.0,0,active
18539.0,18541.0,0,stall
18541.0,18571.0,0,active
18571.0,18572.0,0,stall
18572.0,18575.0,0,active
18575.0,18576.0,0,stall
18576.0,18588.0,0,active
18588.0,18589.0,0,stall
18589.0,18592.0,0,active
18592.0,18593.0,0,stall
18593.0,18603.0,0,active
18603.0,18605.0,0,stall
18605.0,18623.0,0,active
18623.0,18624.0,0,stall
18624.0,18627.0,0,active
18627.0,18628.0,0,stall
18628.0,18630.0,0,active
18630.0,18631.0,0,stall
18631.0,18634.0,0,active
18634.0,18635.0,0,stall
18635.0,18637.0,0,active
18637.0,18638.0,0,stall
18638.0,18641.0,0,active
18641.0,18642.0,0,stall
18642.0,18644.0,0,active
18644.0,18645.0,0,stall
18645.0,18648.0,0,active
18648.0,18649.0,0,stall
18649.0,18651.0,0,active
18651.0,18652.0,0,stall
18652.0,18655.0,0,active
18655.0,18656.0,0,stall
18656.0,18658.0,0,active
18658.0,18659.0,0,stall
18659.0,18662.0,0,active
18662.0,18663.0,0,stall
18663.0,18665.0,0,active
18665.0,18666.0,0,stall
18666.0,18669.0,0,active
18669.0,18670.0,0,stall
18670.0,18672.0,0,active
18672.0,18673.0,0,stall
18673.0,18676.0,0,active
18676.0,18677.0,0,stall
18677.0,18679.0,0,active
18679.0,18680.0,0,stall
18680.0,18683.0,0,active
18683.0,18684.0,0,stall
18684.0,18686.0,0,active
18686.0,18687.0,0,stall
18687.0,18690.0,0,active
18690.0,18691.0,0,stall
18691.0,18693.0,0,active
18693.0,18694.0,0,stall
18694.0,18697.0,0,active
18697.0,18698.0,0,stall
18698.0,18708.0,0,active
18708.0,18709.0,0,stall
18709.0,18722.0,0,active
18722.0,18723.0,0,stall
18723.0,18726.0,0,active
18726.0,18727.0,0,stall
18727.0,18735.0,0,active
18735.0,18736.0,0,stall
18736.0,18738.0,0,active
18738.0,18739.0,0,stall
18739.0,18741.0,0,active
18741.0,18742.0,0,stall
18742.0,18744.0,0,active
18744.0,18745.0,0,stall
18745.0,18747.0,0,active
18747.0,18748.0,0,stall
18748.0,18750.0,0,active
18750.0,18751.0,0,stall
18751.0,18753.0,0,active
18753.0,18754.0,0,stall
18754.0,18756.0,0,active
18756.0,18757.0,0,stall
18757.0,18759.0,0,active
18759.0,18760.0,0,stall
18760.0,18762.0,0,active
18762.0,18763.0,0,stall
18763.0,18765.0,0,active
18765.0,18766.0,0,stall
18766.0,18768.0,0,active
18768.0,18769.0,0,stall
18769.0,18771.0,0,active
18771.0,18772.0,0,stall
18772.0,18774.0,0,active
18774.0,18775.0,0,stall
18775.0,18777.0,0,active
18777.0,18778.0,0,stall
18778.0,18780.0,0,active
18780.0,18781.0,0,stall
18781.0,18783.0,0,active
18783.0,18784.0,0,stall
18784.0,18786.0,0,active
18786.0,18787.0,0,stall
18787.0,18789.0,0,active
18789.0,18790.0,0,stall
18790.0,18792.0,0,active
18792.0,18793.0,0,stall
18793.0,18795.0,0,active
18795.0,18796.0,0,stall
18796.0,18798.0,0,active
18798.0,18799.0,0,stall
18799.0,18811.0,0,active
18811.0,18812.0,0,stall
18812.0,18815.0,0,active
18815.0,18816.0,0,stall
18816.0,18824.0,0,active
18824.0,18825.0,0,stall
18825.0,18827.0,0,active
18827.0,18828.0,0,stall
18828.0,18830.0,0,active
18830.0,18831.0,0,stall
18831.0,18833.0,0,active
18833.0,18834.0,0,stall
18834.0,18836.0,0,active
18836.0,18837.0,0,stall
18837.0,18839.0,0,active
18839.0,18840.0,0,stall
18840.0,18842.0,0,active
18842.0,18843.0,0,stall
18843.0,18845.0,0,active
18845.0,18846.0,0,stall
18846.0,18848.0,0,active
18848.0,18849.0,0,stall
18849.0,18851.0,0,active
18851.0,18852.0,0,stall
18852.0,18854.0,0,active
18854.0,18855.0,0,stall
18855.0,18882.0,0,active
18882.0,18883.0,0,stall
18883.0,18896.0,0,active
18896.0,18897.0,0,stall
18897.0,18900.0,0,active
18900.0,18901.0,0,stall
18901.0,18909.0,0,active
18909.0,18910.0,0,stall
18910.0,18912.0,0,active
18912.0,18913.0,0,stall
18913.0,18915.0,0,active
18915.0,18916.0,0,stall
18916.0,18918.0,0,active
18918.0,18919.0,0,stall
18919.0,18921.0,0,active
18921.0,18922.0,0,stall
18922.0,18924.0,0,active
18924.0,18925.0,0,stall
18925.0,18927.0,0,active
18927.0,18928.0,0,stall
18928.0,18930.0,0,active
18930.0,18931.0,0,stall
18931.0,18933.0,0,active
18933.0,18934.0,0,stall
18934.0,18936.0,0,active
18936.0,18937.0,0,stall
18937.0,18939.0,0,active
18939.0,18940.0,0,stall
18940.0,18942.0,0,active
18942.0,18943.0,0,stall
18943.0,18945.0,0,active
18945.0,18946.0,0,stall
18946.0,18948.0,0,active
18948.0,18949.0,0,stall
18949.0,18951.0,0,active
18951.0,18952.0,0,stall
18952.0,18954.0,0,active
18954.0,18955.0,0,stall
18955.0,18957.0,0,active
18957.0,18958.0,0,stall
18958.0,18960.0,0,active
18960.0,18961.0,0,stall
18961.0,18963.0,0,active
18963.0,18964.0,0,stall
18964.0,18966.0,0,active
18966.0,18967.0,0,stall
18967.0,18969.0,0,active
18969.0,18970.0,0,stall
18970.0,18972.0,0,active
18972.0,18973.0,0,stall
18973.0,18985.0,0,active
18985.0,18986.0,0,stall
18986.0,18989.0,0,active
18989.0,18990.0,0,stall
18990.0,18998.0,0,active
18998.0,18999.0,0,stall
18999.0,19001.0,0,active
19001.0,19002.0,0,stall
19002.0,19004.0,0,active
19004.0,19005.0,0,stall
19005.0,19007.0,0,active
19007.0,19008.0,0,stall
19008.0,19010.0,0,active
19010.0,19011.0,0,stall
19011.0,19013.0,0,active
19013.0,19014.0,0,stall
19014.0,19016.0,0,active
19016.0,19017.0,0,stall
19017.0,19019.0,0,active
19019.0,19020.0,0,stall
19020.0,19022.0,0,active
19022.0,19023.0,0,stall
19023.0,19025.0,0,active
19025.0,19026.0,0,stall
19026.0,19028.0,0,active
19028.0,19029.0,0,stall
19029.0,19054.0,0,active
19054.0,19055.0,0,stall
19055.0,19058.0,0,active
19058.0,19059.0,0,stall
19059.0,19068.0,0,active
19068.0,19069.0,0,stall
19069.0,19072.0,0,active
19072.0,19073.0,0,stall
19073.0,19082.0,0,active
19082.0,19083.0,0,stall
19083.0,19086.0,0,active
19086.0,19087.0,0,stall
19087.0,19096.0,0,active
19096.0,19097.0,0,stall
19097.0,19100.0,0,active
19100.0,19101.0,0,stall
19101.0,19103.0,0,active
19103.0,19104.0,0,stall
19104.0,19107.0,0,active
19107.0,19108.0,0,stall
19108.0,19117.0,0,active
19117.0,19118.0,0,stall
19118.0,19121.0,0,active
19121.0,19122.0,0,stall
19122.0,19124.0,0,active
19124.0,19125.0,0,stall
19125.0,19128.0,0,active
19128.0,19129.0,0,stall
19129.0,19141.0,0,active
19141.0,19142.0,0,stall
19142.0,19149.0,0,active
19149.0,19151.0,0,stall
19151.0,19181.0,0,active
19181.0,19182.0,0,stall
19182.0,19185.0,0,active
19185.0,19186.0,0,stall
19186.0,19198.0,0,active
19198.0,19199.0,0,stall
19199.0,19202.0,0,active
19202.0,19203.0,0,stall
19203.0,19213.0,0,active
19213.0,19215.0,0,stall
19215.0,19233.0,0,active
19233.0,19234.0,0,stall
19234.0,19237.0,0,active
19237.0,19238.0,0,stall
19238.0,19247.0,0,active
19247.0,19248.0,0,stall
19248.0,19251.0,0,active
19251.0,19252.0,0,stall
19252.0,19254.0,0,active
19254.0,19255.0,0,stall
19255.0,19258.0,0,active
19258.0,19259.0,0,stall
19259.0,19268.0,0,active
19268.0,19269.0,0,stall
19269.0,19272.0,0,active
19272.0,19273.0,0,stall
19273.0,19275.0,0,active
19275.0,19276.0,0,stall
19276.0,19279.0,0,active
19279.0,19280.0,0,stall
19280.0,19289.0,0,active
19289.0,19290.0,0,stall
19290.0,19293.0,0,active
19293.0,19294.0,0,stall
19294.0,19296.0,0,active
19296.0,19297.0,0,stall
19297.0,19300.0,0,active
19300.0,19301.0,0,stall
19301.0,19310.0,0,active
19310.0,19311.0,0,stall
19311.0,19314.0,0,active
19314.0,19315.0,0,stall
19315.0,19324.0,0,active
19324.0,19325.0,0,stall
19325.0,19328.0,0,active
19328.0,19329.0,0,stall
19329.0,19341.0,0,active
19341.0,19342.0,0,stall
19342.0,19355.0,0,active
19355.0,19356.0,0,stall
19356.0,19357.0,0,active
19357.0,19358.0,0,stall
19358.0,19363.0,0,active
19363.0,19364.0,0,stall
19364.0,19368.0,0,active
19368.0,19369.0,0,stall
19369.0,19390.0,0,active
19390.0,19391.0,0,stall
19391.0,19393.0,0,active
19393.0,19394.0,0,stall
19394.0,19396.0,0,active
19396.0,19397.0,0,stall
19397.0,19399.0,0,active
19399.0,19400.0,0,stall
19400.0,19410.0,0,active
19410.0,19411.0,0,stall
19411.0,19413.0,0,active
19413.0,19414.0,0,stall
19414.0,19416.0,0,active
19416.0,19417.0,0,stall
19417.0,19419.0,0,active
19419.0,19420.0,0,stall
19420.0,19422.0,0,active
19422.0,19423.0,0,stall
19423.0,19425.0,0,active
19425.0,19426.0,0,stall
19426.0,19428.0,0,active
19428.0,19429.0,0,stall
19429.0,19431.0,0,active
19431.0,19432.0,0,stall
19432.0,19434.0,0,active
19434.0,19435.0,0,stall
19435.0,19437.0,0,active
19437.0,19438.0,0,stall
19438.0,19440.0,0,active
19440.0,19441.0,0,stall
19441.0,19443.0,0,active
19443.0,19444.0,0,stall
19444.0,19446.0,0,active
19446.0,19447.0,0,stall
19447.0,19449.0,0,active
19449.0,19450.0,0,stall
19450.0,19491.0,0,active
19491.0,19492.0,0,stall
19492.0,19499.0,0,active
19499.0,19501.0,0,stall
19501.0,19531.0,0,active
19531.0,19532.0,0,stall
19532.0,19535.0,0,active
19535.0,19536.0,0,stall
19536.0,19548.0,0,active
19548.0,19549.0,0,stall
19549.0,19552.0,0,active
19552.0,19553.0,0,stall
19553.0,19563.0,0,active
19563.0,19565.0,0,stall
19565.0,19583.0,0,active
19583.0,19584.0,0,stall
19584.0,19587.0,0,active
19587.0,19588.0,0,stall
19588.0,19590.0,0,active
19590.0,19591.0,0,stall
19591.0,19594.0,0,active
19594.0,19595.0,0,stall
19595.0,19597.0,0,active
19597.0,19598.0,0,stall
19598.0,19601.0,0,active
19601.0,19602.0,0,stall
19602.0,19604.0,0,active
19604.0,19605.0,0,stall
19605.0,19608.0,0,active
19608.0,19609.0,0,stall
19609.0,19611.0,0,active
19611.0,19612.0,0,stall
19612.0,19615.0,0,active
19615.0,19616.0,0,stall
19616.0,19618.0,0,active
19618.0,19619.0,0,stall
19619.0,19622.0,0,active
19622.0,19623.0,0,stall
19623.0,19625.0,0,active
19625.0,19626.0,0,stall
19626.0,19629.0,0,active
19629.0,19630.0,0,stall
19630.0,19632.0,0,active
19632.0,19633.0,0,stall
19633.0,19636.0,0,active
19636.0,19637.0,0,stall
19637.0,19639.0,0,active
19639.0,19640.0,0,stall
19640.0,19643.0,0,active
19643.0,19644.0,0,stall
19644.0,19646.0,0,active
19646.0,19647.0,0,stall
19647.0,19650.0,0,active
19650.0,19651.0,0,stall
19651.0,19653.0,0,active
19653.0,19654.0,0,stall
19654.0,19657.0,0,active
19657.0,19658.0,0,stall
19658.0,19668.0,0,active
19668.0,19669.0,0,stall
19669.0,19682.0,0,active
19682.0,19683.0,0,stall
19683.0,19686.0,0,active
19686.0,19687.0,0,stall
19687.0,19695.0,0,active
19695.0,19696.0,0,stall
19696.0,19698.0,0,active
19698.0,19699.0,0,stall
19699.0,19701.0,0,active
19701.0,19702.0,0,stall
19702.0,19704.0,0,active
19704.0,19705.0,0,stall
19705.0,19707.0,0,active
19707.0,19708.0,0,stall
19708.0,19710.0,0,active
19710.0,19711.0,0,stall
19711.0,19713.0,0,active
19713.0,19714.0,0,stall
19714.0,19716.0,0,active
19716.0,19717.0,0,stall
19717.0,19719.0,0,active
19719.0,19720.0,0,stall
19720.0,19722.0,0,active
19722.0,19723.0,0,stall
19723.0,19725.0,0,active
19725.0,19726.0,0,stall
19726.0,19728.0,0,active
19728.0,19729.0,0,stall
19729.0,19731.0,0,active
19731.0,19732.0,0,stall
19732.0,19759.0,0,active
19759.0,19760.0,0,stall
19760.0,19773.0,0,active
19773.0,19774.0,0,stall
19774.0,19777.0,0,active
19777.0,19778.0,0,stall
19778.0,19786.0,0,active
19786.0,19787.0,0,stall
19787.0,19789.0,0,active
19789.0,19790.0,0,stall
19790.0,19792.0,0,active
19792.0,19793.0,0,stall
19793.0,19795.0,0,active
19795.0,19796.0,0,stall
19796.0,19798.0,0,active
19798.0,19799.0,0,stall
19799.0,19801.0,0,active
19801.0,19802.0,0,stall
19802.0,19804.0,0,active
19804.0,19805.0,0,stall
19805.0,19807.0,0,active
19807.0,19808.0,0,stall
19808.0,19810.0,0,active
19810.0,19811.0,0,stall
19811.0,19813.0,0,active
19813.0,19814.0,0,stall
19814.0,19816.0,0,active
19816.0,19817.0,0,stall
19817.0,19819.0,0,active
19819.0,19820.0,0,stall
19820.0,19822.0,0,active
19822.0,19823.0,0,stall
19823.0,19848.0,0,active
19848.0,19849.0,0,stall
19849.0,19852.0,0,active
19852.0,19853.0,0,stall
19853.0,19862.0,0,active
19862.0,19863.0,0,stall
19863.0,19866.0,0,active
19866.0,19867.0,0,stall
19867.0,19876.0,0,active
19876.0,19877.0,0,stall
19877.0,19880.0,0,active
19880.0,19881.0,0,stall
19881.0,19890.0,0,active
19890.0,19891.0,0,stall
19891.0,19894.0,0,active
19894.0,19895.0,0,stall
19895.0,19897.0,0,active
19897.0,19898.0,0,stall
19898.0,19901.0,0,active
19901.0,19902.0,0,stall
19902.0,19911.0,0,active
19911.0,19912.0,0,stall
19912.0,19915.0,0,active
19915.0,19916.0,0,stall
19916.0,19918.0,0,active
19918.0,19919.0,0,stall
19919.0,19922.0,0,active
19922.0,19923.0,0,stall
19923.0,19935.0,0,active
19935.0,19936.0,0,stall
19936.0,19943.0,0,active
19943.0,19945.0,0,stall
19945.0,19975.0,0,active
19975.0,19976.0,0,stall
19976.0,19979.0,0,active
19979.0,19980.0,0,stall
19980.0,19992.0,0,active
19992.0,19993.0,0,stall
19993.0,19996.0,0,active
19996.0,19997.0,0,stall
19997.0,20007.0,0,active
20007.0,20009.0,0,stall
20009.0,20027.0,0,active
20027.0,20028.0,0,stall
20028.0,20031.0,0,active
20031.0,20032.0,0,stall
20032.0,20041.0,0,active
20041.0,20042.0,0,stall
20042.0,20045.0,0,active
20045.0,20046.0,0,stall
20046.0,20055.0,0,active
20055.0,20056.0,0,stall
20056.0,20059.0,0,active
20059.0,20060.0,0,stall
20060.0,20069.0,0,active
20069.0,20070.0,0,stall
20070.0,20073.0,0,active
20073.0,20074.0,0,stall
20074.0,20083.0,0,active
20083.0,20084.0,0,stall
20084.0,20087.0,0,active
20087.0,20088.0,0,stall
20088.0,20097.0,0,active
20097.0,20098.0,0,stall
20098.0,20101.0,0,active
20101.0,20102.0,0,stall
20102.0,20114.0,0,active
20114.0,20115.0,0,stall
20115.0,20122.0,0,active
20122.0,20124.0,0,stall
20124.0,20154.0,0,active
20154.0,20155.0,0,stall
20155.0,20158.0,0,active
20158.0,20159.0,0,stall
20159.0,20171.0,0,active
20171.0,20172.0,0,stall
20172.0,20175.0,0,active
20175.0,20176.0,0,stall
20176.0,20186.0,0,active
20186.0,20188.0,0,stall
20188.0,20206.0,0,active
20206.0,20207.0,0,stall
20207.0,20210.0,0,active
20210.0,20211.0,0,stall
20211.0,20220.0,0,active
20220.0,20221.0,0,stall
20221.0,20224.0,0,active
20224.0,20225.0,0,stall
20225.0,20227.0,0,active
20227.0,20228.0,0,stall
20228.0,20231.0,0,active
20231.0,20232.0,0,stall
20232.0,20234.0,0,active
20234.0,20235.0,0,stall
20235.0,20238.0,0,active
20238.0,20239.0,0,stall
20239.0,20241.0,0,active
20241.0,20242.0,0,stall
20242.0,20245.0,0,active
20245.0,20246.0,0,stall
20246.0,20260.0,0,active
20260.0,20262.0,0,stall
20262.0,20275.0,0,active
20275.0,20276.0,0,stall
20276.0,20290.0,0,active
20290.0,20291.0,0,stall
20291.0,20311.0,0,active
20311.0,20312.0,0,stall
20312.0,20327.0,0,active
20327.0,20328.0,0,stall
20328.0,20329.0,0,active
20329.0,20330.0,0,stall
20330.0,20349.0,0,active
20349.0,20350.0,0,stall
20350.0,20355.0,0,active
20355.0,20356.0,0,stall
20356.0,20368.0,0,active
20368.0,20369.0,0,stall
20369.0,20373.0,0,active
20373.0,20374.0,0,stall
20374.0,20395.0,0,active
20395.0,20396.0,0,stall
20396.0,20398.0,0,active
20398.0,20399.0,0,stall
20399.0,20401.0,0,active
20401.0,20402.0,0,stall
20402.0,20404.0,0,active
20404.0,20405.0,0,stall
20405.0,20415.0,0,active
20415.0,20416.0,0,stall
20416.0,20418.0,0,active
20418.0,20419.0,0,stall
20419.0,20421.0,0,active
20421.0,20422.0,0,stall
20422.0,20424.0,0,active
20424.0,20425.0,0,stall
20425.0,20427.0,0,active
20427.0,20428.0,0,stall
20428.0,20430.0,0,active
20430.0,20431.0,0,stall
20431.0,20433.0,0,active
20433.0,20434.0,0,stall
20434.0,20436.0,0,active
20436.0,20437.0,0,stall
20437.0,20439.0,0,active
20439.0,20440.0,0,stall
20440.0,20442.0,0,active
20442.0,20443.0,0,stall
20443.0,20445.0,0,active
20445.0,20446.0,0,stall
20446.0,20448.0,0,active
20448.0,20449.0,0,stall
20449.0,20451.0,0,active
20451.0,20452.0,0,stall
20452.0,20493.0,0,active
20493.0,20494.0,0,stall
20494.0,20501.0,0,active
20501.0,20503.0,0,stall
20503.0,20533.0,0,active
20533.0,20534.0,0,stall
20534.0,20537.0,0,active
20537.0,20538.0,0,stall
20538.0,20550.0,0,active
20550.0,20551.0,0,stall
20551.0,20554.0,0,active
20554.0,20555.0,0,stall
20555.0,20565.0,0,active
20565.0,20567.0,0,stall
20567.0,20585.0,0,active
20585.0,20586.0,0,stall
20586.0,20589.0,0,active
20589.0,20590.0,0,stall
20590.0,20592.0,0,active
20592.0,20593.0,0,stall
20593.0,20596.0,0,active
20596.0,20597.0,0,stall
20597.0,20599.0,0,active
20599.0,20600.0,0,stall
20600.0,20603.0,0,active
20603.0,20604.0,0,stall
20604.0,20606.0,0,active
20606.0,20607.0,0,stall
20607.0,20610.0,0,active
20610.0,20611.0,0,stall
20611.0,20613.0,0,active
20613.0,20614.0,0,stall
20614.0,20617.0,0,active
20617.0,20618.0,0,stall
20618.0,20620.0,0,active
20620.0,20621.0,0,stall
20621.0,20624.0,0,active
20624.0,20625.0,0,stall
20625.0,20627.0,0,active
20627.0,20628.0,0,stall
20628.0,20631.0,0,active
20631.0,20632.0,0,stall
20632.0,20634.0,0,active
20634.0,20635.0,0,stall
20635.0,20638.0,0,active
20638.0,20639.0,0,stall
20639.0,20641.0,0,active
20641.0,20642.0,0,stall
20642.0,20645.0,0,active
20645.0,20646.0,0,stall
20646.0,20648.0,0,active
20648.0,20649.0,0,stall
20649.0,20652.0,0,active
20652.0,20653.0,0,stall
20653.0,20655.0,0,active
20655.0,20656.0,0,stall
20656.0,20659.0,0,active
20659.0,20660.0,0,stall
20660.0,20670.0,0,active
20670.0,20671.0,0,stall
20671.0,20684.0,0,active
20684.0,20685.0,0,stall
20685.0,20688.0,0,active
20688.0,20689.0,0,stall
20689.0,20697.0,0,active
20697.0,20698.0,0,stall
20698.0,20700.0,0,active
20700.0,20701.0,0,stall
20701.0,20703.0,0,active
20703.0,20704.0,0,stall
20704.0,20706.0,0,active
20706.0,20707.0,0,stall
20707.0,20709.0,0,active
20709.0,20710.0,0,stall
20710.0,20712.0,0,active
20712.0,20713.0,0,stall
20713.0,20715.0,0,active
20715.0,20716.0,0,stall
20716.0,20718.0,0,active
20718.0,20719.0,0,stall
20719.0,20721.0,0,active
20721.0,20722.0,0,stall
20722.0,20724.0,0,active
20724.0,20725.0,0,stall
20725.0,20727.0,0,active
20727.0,20728.0,0,stall
20728.0,20730.0,0,active
20730.0,20731.0,0,stall
20731.0,20758.0,0,active
20758.0,20759.0,0,stall
20759.0,20772.0,0,active
20772.0,20773.0,0,stall
20773.0,20776.0,0,active
20776.0,20777.0,0,stall
20777.0,20785.0,0,active
20785.0,20786.0,0,stall
20786.0,20788.0,0,active
20788.0,20789.0,0,stall
20789.0,20791.0,0,active
20791.0,20792.0,0,stall
20792.0,20794.0,0,active
20794.0,20795.0,0,stall
20795.0,20797.0,0,active
20797.0,20798.0,0,stall
20798.0,20800.0,0,active
20800.0,20801.0,0,stall
20801.0,20803.0,0,active
20803.0,20804.0,0,stall
20804.0,20806.0,0,active
20806.0,20807.0,0,stall
20807.0,20809.0,0,active
20809.0,20810.0,0,stall
20810.0,20812.0,0,active
20812.0,20813.0,0,stall
20813.0,20815.0,0,active
20815.0,20816.0,0,stall
20816.0,20818.0,0,active
20818.0,20819.0,0,stall
20819.0,20844.0,0,active
20844.0,20845.0,0,stall
20845.0,20848.0,0,active
20848.0,20849.0,0,stall
20849.0,20858.0,0,active
20858.0,20859.0,0,stall
20859.0,20862.0,0,active
20862.0,20863.0,0,stall
20863.0,20872.0,0,active
20872.0,20873.0,0,stall
20873.0,20876.0,0,active
20876.0,20877.0,0,stall
20877.0,20886.0,0,active
20886.0,20887.0,0,stall
20887.0,20890.0,0,active
20890.0,20891.0,0,stall
20891.0,20893.0,0,active
20893.0,20894.0,0,stall
20894.0,20897.0,0,active
20897.0,20898.0,0,stall
20898.0,20907.0,0,active
20907.0,20908.0,0,stall
20908.0,20911.0,0,active
20911.0,20912.0,0,stall
20912.0,20914.0,0,active
20914.0,20915.0,0,stall
20915.0,20918.0,0,active
20918.0,20919.0,0,stall
20919.0,20931.0,0,active
20931.0,20932.0,0,stall
20932.0,20939.0,0,active
20939.0,20941.0,0,stall
20941.0,20971.0,0,active
20971.0,20972.0,0,stall
20972.0,20975.0,0,active
20975.0,20976.0,0,stall
20976.0,20978.0,0,active
20978.0,20979.0,0,stall
20979.0,20982.0,0,active
20982.0,20983.0,0,stall
20983.0,20985.0,0,active
20985.0,20986.0,0,stall
20986.0,20989.0,0,active
20989.0,20990.0,0,stall
20990.0,20992.0,0,active
20992.0,20993.0,0,stall
20993.0,20996.0,0,active
20996.0,20997.0,0,stall
20997.0,20999.0,0,active
20999.0,21000.0,0,stall
21000.0,21003.0,0,active
21003.0,21004.0,0,stall
21004.0,21006.0,0,active
21006.0,21007.0,0,stall
21007.0,21010.0,0,active
21010.0,21011.0,0,stall
21011.0,21013.0,0,active
21013.0,21014.0,0,stall
21014.0,21017.0,0,active
21017.0,21018.0,0,stall
21018.0,21020.0,0,active
21020.0,21021.0,0,stall
21021.0,21024.0,0,active
21024.0,21025.0,0,stall
21025.0,21027.0,0,active
21027.0,21028.0,0,stall
21028.0,21031.0,0,active
21031.0,21032.0,0,stall
21032.0,21034.0,0,active
21034.0,21035.0,0,stall
21035.0,21038.0,0,active
21038.0,21039.0,0,stall
21039.0,21041.0,0,active
21041.0,21042.0,0,stall
21042.0,21045.0,0,active
21045.0,21046.0,0,stall
21046.0,21048.0,0,active
21048.0,21049.0,0,stall
21049.0,21052.0,0,active
21052.0,21053.0,0,stall
21053.0,21055.0,0,active
21055.0,21056.0,0,stall
21056.0,21059.0,0,active
21059.0,21060.0,0,stall
21060.0,21062.0,0,active
21062.0,21063.0,0,stall
21063.0,21066.0,0,active
21066.0,21067.0,0,stall
21067.0,21069.0,0,active
21069.0,21070.0,0,stall
21070.0,21073.0,0,active
21073.0,21074.0,0,stall
21074.0,21080.0,0,active
21080.0,21081.0,0,stall
21081.0,21089.0,0,active
21089.0,21090.0,0,stall
21090.0,21095.0,0,active
21095.0,21096.0,0,stall
21096.0,21099.0,0,active
21099.0,21100.0,0,stall
21100.0,21102.0,0,active
21102.0,21103.0,0,stall
21103.0,21106.0,0,active
21106.0,21107.0,0,stall
21107.0,21117.0,0,active
21117.0,21119.0,0,stall
21119.0,21137.0,0,active
21137.0,21138.0,0,stall
21138.0,21141.0,0,active
21141.0,21142.0,0,stall
21142.0,21151.0,0,active
21151.0,21152.0,0,stall
21152.0,21155.0,0,active
21155.0,21156.0,0,stall
21156.0,21165.0,0,active
21165.0,21166.0,0,stall
21166.0,21169.0,0,active
21169.0,21170.0,0,stall
21170.0,21179.0,0,active
21179.0,21180.0,0,stall
21180.0,21183.0,0,active
21183.0,21184.0,0,stall
21184.0,21193.0,0,active
21193.0,21194.0,0,stall
21194.0,21197.0,0,active
21197.0,21198.0,0,stall
21198.0,21207.0,0,active
21207.0,21208.0,0,stall
21208.0,21211.0,0,active
21211.0,21212.0,0,stall
21212.0,21224.0,0,active
21224.0,21225.0,0,stall
21225.0,21232.0,0,active
21232.0,21234.0,0,stall
21234.0,21264.0,0,active
21264.0,21265.0,0,stall
21265.0,21268.0,0,active
21268.0,21269.0,0,stall
21269.0,21281.0,0,active
21281.0,21282.0,0,stall
21282.0,21285.0,0,active
21285.0,21286.0,0,stall
21286.0,21296.0,0,active
21296.0,21298.0,0,stall
21298.0,21316.0,0,active
21316.0,21317.0,0,stall
21317.0,21320.0,0,active
21320.0,21321.0,0,stall
21321.0,21330.0,0,active
21330.0,21331.0,0,stall
21331.0,21334.0,0,active
21334.0,21335.0,0,stall
21335.0,21344.0,0,active
21344.0,21345.0,0,stall
21345.0,21348.0,0,active
21348.0,21349.0,0,stall
21349.0,21358.0,0,active
21358.0,21359.0,0,stall
21359.0,21362.0,0,active
21362.0,21363.0,0,stall
21363.0,21372.0,0,active
21372.0,21373.0,0,stall
21373.0,21376.0,0,active
21376.0,21377.0,0,stall
21377.0,21386.0,0,active
21386.0,21387.0,0,stall
21387.0,21390.0,0,active
21390.0,21391.0,0,stall
21391.0,21403.0,0,active
21403.0,21404.0,0,stall
21404.0,21411.0,0,active
21411.0,21413.0,0,stall
21413.0,21443.0,0,active
21443.0,21444.0,0,stall
21444.0,21447.0,0,active
21447.0,21448.0,0,stall
21448.0,21460.0,0,active
21460.0,21461.0,0,stall
21461.0,21464.0,0,active
21464.0,21465.0,0,stall
21465.0,21475.0,0,active
21475.0,21477.0,0,stall
21477.0,21495.0,0,active
21495.0,21496.0,0,stall
21496.0,21499.0,0,active
21499.0,21500.0,0,stall
21500.0,21509.0,0,active
21509.0,21510.0,0,stall
21510.0,21513.0,0,active
21513.0,21514.0,0,stall
21514.0,21516.0,0,active
21516.0,21517.0,0,stall
21517.0,21520.0,0,active
21520.0,21521.0,0,stall
21521.0,21523.0,0,active
21523.0,21524.0,0,stall
21524.0,21527.0,0,active
21527.0,21528.0,0,stall
21528.0,21530.0,0,active
21530.0,21531.0,0,stall
21531.0,21534.0,0,active
21534.0,21535.0,0,stall
21535.0,21549.0,0,active
21549.0,21551.0,0,stall
21551.0,21564.0,0,active
21564.0,21565.0,0,stall
21565.0,21579.0,0,active
21579.0,21580.0,0,stall
21580.0,21600.0,0,active
21600.0,21601.0,0,stall
21601.0,21608.0,0,active
21608.0,21610.0,0,stall
21610.0,21640.0,0,active
21640.0,21641.0,0,stall
21641.0,21644.0,0,active
21644.0,21645.0,0,stall
21645.0,21657.0,0,active
21657.0,21658.0,0,stall
21658.0,21661.0,0,active
21661.0,21662.0,0,stall
21662.0,21672.0,0,active
21672.0,21674.0,0,stall
21674.0,21692.0,0,active
21692.0,21693.0,0,stall
21693.0,21696.0,0,active
21696.0,21697.0,0,stall
21697.0,21706.0,0,active
21706.0,21707.0,0,stall
21707.0,21710.0,0,active
21710.0,21711.0,0,stall
21711.0,21713.0,0,active
21713.0,21714.0,0,stall
21714.0,21717.0,0,active
21717.0,21718.0,0,stall
21718.0,21727.0,0,active
21727.0,21728.0,0,stall
21728.0,21731.0,0,active
21731.0,21732.0,0,stall
21732.0,21734.0,0,active
21734.0,21735.0,0,stall
21735.0,21738.0,0,active
21738.0,21739.0,0,stall
21739.0,21748.0,0,active
21748.0,21749.0,0,stall
21749.0,21752.0,0,active
21752.0,21753.0,0,stall
21753.0,21755.0,0,active
21755.0,21756.0,0,stall
21756.0,21759.0,0,active
21759.0,21760.0,0,stall
21760.0,21769.0,0,active
21769.0,21770.0,0,stall
21770.0,21773.0,0,active
21773.0,21774.0,0,stall
21774.0,21783.0,0,active
21783.0,21784.0,0,stall
21784.0,21787.0,0,active
21787.0,21788.0,0,stall
21788.0,21800.0,0,active
21800.0,21801.0,0,stall
21801.0,21808.0,0,active
21808.0,21810.0,0,stall
21810.0,21840.0,0,active
21840.0,21841.0,0,stall
21841.0,21844.0,0,active
21844.0,21845.0,0,stall
21845.0,21857.0,0,active
21857.0,21858.0,0,stall
21858.0,21861.0,0,active
21861.0,21862.0,0,stall
21862.0,21872.0,0,active
21872.0,21874.0,0,stall
21874.0,21892.0,0,active
21892.0,21893.0,0,stall
21893.0,21896.0,0,active
21896.0,21897.0,0,stall
21897.0,21906.0,0,active
21906.0,21907.0,0,stall
21907.0,21910.0,0,active
21910.0,21911.0,0,stall
21911.0,21913.0,0,active
21913.0,21914.0,0,stall
21914.0,21917.0,0,active
21917.0,21918.0,0,stall
21918.0,21927.0,0,active
21927.0,21928.0,0,stall
21928.0,21931.0,0,active
21931.0,21932.0,0,stall
21932.0,21934.0,0,active
21934.0,21935.0,0,stall
21935.0,21938.0,0,active
21938.0,21939.0,0,stall
21939.0,21948.0,0,active
21948.0,21949.0,0,stall
21949.0,21952.0,0,active
21952.0,21953.0,0,stall
21953.0,21955.0,0,active
21955.0,21956.0,0,stall
21956.0,21959.0,0,active
21959.0,21960.0,0,stall
21960.0,21969.0,0,active
21969.0,21970.0,0,stall
21970.0,21973.0,0,active
21973.0,21974.0,0,stall
21974.0,21983.0,0,active
21983.0,21984.0,0,stall
21984.0,21987.0,0,active
21987.0,21988.0,0,stall
21988.0,22000.0,0,active
22000.0,22001.0,0,stall
22001.0,22008.0,0,active
22008.0,22010.0,0,stall
22010.0,22040.0,0,active
22040.0,22041.0,0,stall
22041.0,22044.0,0,active
22044.0,22045.0,0,stall
22045.0,22047.0,0,active
22047.0,22048.0,0,stall
22048.0,22051.0,0,active
22051.0,22052.0,0,stall
22052.0,22064.0,0,active
22064.0,22065.0,0,stall
22065.0,22068.0,0,active
22068.0,22069.0,0,stall
22069.0,22071.0,0,active
22071.0,22072.0,0,stall
22072.0,22075.0,0,active
22075.0,22076.0,0,stall
22076.0,22086.0,0,active
22086.0,22088.0,0,stall
22088.0,22106.0,0,active
22106.0,22107.0,0,stall
22107.0,22110.0,0,active
22110.0,22111.0,0,stall
22111.0,22120.0,0,active
22120.0,22121.0,0,stall
22121.0,22124.0,0,active
22124.0,22125.0,0,stall
22125.0,22134.0,0,active
22134.0,22135.0,0,stall
22135.0,22138.0,0,active
22138.0,22139.0,0,stall
22139.0,22148.0,0,active
22148.0,22149.0,0,stall
22149.0,22152.0,0,active
22152.0,22153.0,0,stall
22153.0,22162.0,0,active
22162.0,22163.0,0,stall
22163.0,22166.0,0,active
22166.0,22167.0,0,stall
22167.0,22176.0,0,active
22176.0,22177.0,0,stall
22177.0,22180.0,0,active
22180.0,22181.0,0,stall
22181.0,22193.0,0,active
22193.0,22194.0,0,stall
22194.0,22201.0,0,active
22201.0,22203.0,0,stall
22203.0,22233.0,0,active
22233.0,22234.0,0,stall
22234.0,22237.0,0,active
22237.0,22238.0,0,stall
22238.0,22250.0,0,active
22250.0,22251.0,0,stall
22251.0,22254.0,0,active
22254.0,22255.0,0,stall
22255.0,22265.0,0,active
22265.0,22267.0,0,stall
22267.0,22285.0,0,active
22285.0,22286.0,0,stall
22286.0,22289.0,0,active
22289.0,22290.0,0,stall
22290.0,22299.0,0,active
22299.0,22300.0,0,stall
22300.0,22303.0,0,active
22303.0,22304.0,0,stall
22304.0,22313.0,0,active
22313.0,22314.0,0,stall
22314.0,22317.0,0,active
22317.0,22318.0,0,stall
22318.0,22327.0,0,active
22327.0,22328.0,0,stall
22328.0,22331.0,0,active
22331.0,22332.0,0,stall
22332.0,22341.0,0,active
22341.0,22342.0,0,stall
22342.0,22345.0,0,active
22345.0,22346.0,0,stall
22346.0,22355.0,0,active
22355.0,22356.0,0,stall
22356.0,22359.0,0,active
22359.0,22360.0,0,stall
22360.0,22372.0,0,active
22372.0,22373.0,0,stall
22373.0,22380.0,0,active
22380.0,22382.0,0,stall
22382.0,22412.0,0,active
22412.0,22413.0,0,stall
22413.0,22416.0,0,active
22416.0,22417.0,0,stall
22417.0,22429.0,0,active
22429.0,22430.0,0,stall
22430.0,22433.0,0,active
22433.0,22434.0,0,stall
22434.0,22444.0,0,active
22444.0,22446.0,0,stall
22446.0,22464.0,0,active
22464.0,22465.0,0,stall
22465.0,22468.0,0,active
22468.0,22469.0,0,stall
22469.0,22478.0,0,active
22478.0,22479.0,0,stall
22479.0,22482.0,0,active
22482.0,22483.0,0,stall
22483.0,22492.0,0,active
22492.0,22493.0,0,stall
22493.0,22496.0,0,active
22496.0,22497.0,0,stall
22497.0,22506.0,0,active
22506.0,22507.0,0,stall
22507.0,22510.0,0,active
22510.0,22511.0,0,stall
22511.0,22520.0,0,active
22520.0,22521.0,0,stall
22521.0,22524.0,0,active
22524.0,22525.0,0,stall
22525.0,22534.0,0,active
22534.0,22535.0,0,stall
22535.0,22538.0,0,active
22538.0,22539.0,0,stall
22539.0,22551.0,0,active
22551.0,22552.0,0,stall
22552.0,22567.0,0,active
22567.0,22568.0,0,stall
22568.0,22569.0,0,active
22569.0,22570.0,0,stall
22570.0,22589.0,0,active
22589.0,22590.0,0,stall
22590.0,22595.0,0,active
22595.0,22596.0,0,stall
22596.0,22608.0,0,active
22608.0,22609.0,0,stall
22609.0,22613.0,0,active
22613.0,22614.0,0,stall
22614.0,22635.0,0,active
22635.0,22636.0,0,stall
22636.0,22638.0,0,active
22638.0,22639.0,0,stall
22639.0,22641.0,0,active
22641.0,22642.0,0,stall
22642.0,22644.0,0,active
22644.0,22645.0,0,stall
22645.0,22655.0,0,active
22655.0,22656.0,0,stall
22656.0,22658.0,0,active
22658.0,22659.0,0,stall
22659.0,22661.0,0,active
22661.0,22662.0,0,stall
22662.0,22664.0,0,active
22664.0,22665.0,0,stall
22665.0,22667.0,0,active
22667.0,22668.0,0,stall
22668.0,22670.0,0,active
22670.0,22671.0,0,stall
22671.0,22673.0,0,active
22673.0,22674.0,0,stall
22674.0,22676.0,0,active
22676.0,22677.0,0,stall
22677.0,22679.0,0,active
22679.0,22680.0,0,stall
22680.0,22682.0,0,active
22682.0,22683.0,0,stall
22683.0,22685.0,0,active
22685.0,22686.0,0,stall
22686.0,22688.0,0,active
22688.0,22689.0,0,stall
22689.0,22691.0,0,active
22691.0,22692.0,0,stall
22692.0,22694.0,0,active
22694.0,22695.0,0,stall
22695.0,22697.0,0,active
22697.0,22698.0,0,stall
22698.0,22700.0,0,active
22700.0,22701.0,0,stall
22701.0,22703.0,0,active
22703.0,22704.0,0,stall
22704.0,22745.0,0,active
22745.0,22746.0,0,stall
22746.0,22753.0,0,active
22753.0,22755.0,0,stall
22755.0,22785.0,0,active
22785.0,22786.0,0,stall
22786.0,22789.0,0,active
22789.0,22790.0,0,stall
22790.0,22802.0,0,active
22802.0,22803.0,0,stall
22803.0,22806.0,0,active
22806.0,22807.0,0,stall
22807.0,22817.0,0,active
22817.0,22819.0,0,stall
22819.0,22837.0,0,active
22837.0,22838.0,0,stall
22838.0,22841.0,0,active
22841.0,22842.0,0,stall
22842.0,22844.0,0,active
22844.0,22845.0,0,stall
22845.0,22848.0,0,active
22848.0,22849.0,0,stall
22849.0,22851.0,0,active
22851.0,22852.0,0,stall
22852.0,22855.0,0,active
22855.0,22856.0,0,stall
22856.0,22858.0,0,active
22858.0,22859.0,0,stall
22859.0,22862.0,0,active
22862.0,22863.0,0,stall
22863.0,22865.0,0,active
22865.0,22866.0,0,stall
22866.0,22869.0,0,active
22869.0,22870.0,0,stall
22870.0,22872.0,0,active
22872.0,22873.0,0,stall
22873.0,22876.0,0,active
22876.0,22877.0,0,stall
22877.0,22879.0,0,active
22879.0,22880.0,0,stall
22880.0,22883.0,0,active
22883.0,22884.0,0,stall
22884.0,22886.0,0,active
22886.0,22887.0,0,stall
22887.0,22890.0,0,active
22890.0,22891.0,0,stall
22891.0,22893.0,0,active
22893.0,22894.0,0,stall
22894.0,22897.0,0,active
22897.0,22898.0,0,stall
22898.0,22900.0,0,active
22900.0,22901.0,0,stall
22901.0,22904.0,0,active
22904.0,22905.0,0,stall
22905.0,22907.0,0,active
22907.0,22908.0,0,stall
22908.0,22911.0,0,active
22911.0,22912.0,0,stall
22912.0,22922.0,0,active
22922.0,22923.0,0,stall
22923.0,22936.0,0,active
22936.0,22937.0,0,stall
22937.0,22940.0,0,active
22940.0,22941.0,0,stall
22941.0,22943.0,0,active
22943.0,22944.0,0,stall
22944.0,22947.0,0,active
22947.0,22948.0,0,stall
22948.0,22950.0,0,active
22950.0,22951.0,0,stall
22951.0,22954.0,0,active
22954.0,22955.0,0,stall
22955.0,22957.0,0,active
22957.0,22958.0,0,stall
22958.0,22961.0,0,active
22961.0,22962.0,0,stall
22962.0,22964.0,0,active
22964.0,22965.0,0,stall
22965.0,22968.0,0,active
22968.0,22969.0,0,stall
22969.0,22971.0,0,active
22971.0,22972.0,0,stall
22972.0,22975.0,0,active
22975.0,22976.0,0,stall
22976.0,22978.0,0,active
22978.0,22979.0,0,stall
22979.0,22982.0,0,active
22982.0,22983.0,0,stall
22983.0,22985.0,0,active
22985.0,22986.0,0,stall
22986.0,22989.0,0,active
22989.0,22990.0,0,stall
22990.0,22992.0,0,active
22992.0,22993.0,0,stall
22993.0,22996.0,0,active
22996.0,22997.0,0,stall
22997.0,23015.0,0,active
23015.0,23016.0,0,stall
23016.0,23023.0,0,active
23023.0,23024.0,0,stall
23024.0,23031.0,0,active
23031.0,23033.0,0,stall
23033.0,23063.0,0,active
23063.0,23064.0,0,stall
23064.0,23067.0,0,active
23067.0,23068.0,0,stall
23068.0,23080.0,0,active
23080.0,23081.0,0,stall
23081.0,23084.0,0,active
23084.0,23085.0,0,stall
23085.0,23095.0,0,active
23095.0,23097.0,0,stall
23097.0,23115.0,0,active
23115.0,23116.0,0,stall
23116.0,23119.0,0,active
23119.0,23120.0,0,stall
23120.0,23122.0,0,active
23122.0,23123.0,0,stall
23123.0,23126.0,0,active
23126.0,23127.0,0,stall
23127.0,23136.0,0,active
23136.0,23137.0,0,stall
23137.0,23140.0,0,active
23140.0,23141.0,0,stall
23141.0,23150.0,0,active
23150.0,23151.0,0,stall
23151.0,23154.0,0,active
23154.0,23155.0,0,stall
23155.0,23164.0,0,active
23164.0,23165.0,0,stall
23165.0,23168.0,0,active
23168.0,23169.0,0,stall
23169.0,23178.0,0,active
23178.0,23179.0,0,stall
23179.0,23182.0,0,active
23182.0,23183.0,0,stall
23183.0,23185.0,0,active
23185.0,23186.0,0,stall
23186.0,23189.0,0,active
23189.0,23190.0,0,stall
23190.0,23199.0,0,active
23199.0,23200.0,0,stall
23200.0,23203.0,0,active
23203.0,23204.0,0,stall
23204.0,23206.0,0,active
23206.0,23207.0,0,stall
23207.0,23210.0,0,active
23210.0,23211.0,0,stall
23211.0,23213.0,0,active
23213.0,23214.0,0,stall
23214.0,23217.0,0,active
23217.0,23218.0,0,stall
23218.0,23220.0,0,active
23220.0,23221.0,0,stall
23221.0,23224.0,0,active
23224.0,23225.0,0,stall
23225.0,23227.0,0,active
23227.0,23228.0,0,stall
23228.0,23231.0,0,active
23231.0,23232.0,0,stall
23232.0,23234.0,0,active
23234.0,23235.0,0,stall
23235.0,23238.0,0,active
23238.0,23239.0,0,stall
23239.0,23241.0,0,active
23241.0,23242.0,0,stall
23242.0,23245.0,0,active
23245.0,23246.0,0,stall
23246.0,23248.0,0,active
23248.0,23249.0,0,stall
23249.0,23252.0,0,active
23252.0,23253.0,0,stall
23253.0,23255.0,0,active
23255.0,23256.0,0,stall
23256.0,23259.0,0,active
23259.0,23260.0,0,stall
23260.0,23262.0,0,active
23262.0,23263.0,0,stall
23263.0,23266.0,0,active
23266.0,23267.0,0,stall
23267.0,23269.0,0,active
23269.0,23270.0,0,stall
23270.0,23273.0,0,active
23273.0,23274.0,0,stall
23274.0,23276.0,0,active
23276.0,23277.0,0,stall
23277.0,23280.0,0,active
23280.0,23281.0,0,stall
23281.0,23283.0,0,active
23283.0,23284.0,0,stall
23284.0,23287.0,0,active
23287.0,23288.0,0,stall
23288.0,23290.0,0,active
23290.0,23291.0,0,stall
23291.0,23294.0,0,active
23294.0,23295.0,0,stall
23295.0,23297.0,0,active
23297.0,23298.0,0,stall
23298.0,23301.0,0,active
23301.0,23302.0,0,stall
23302.0,23304.0,0,active
23304.0,23305.0,0,stall
23305.0,23308.0,0,active
23308.0,23309.0,0,stall
23309.0,23334.0,0,active
23334.0,23335.0,0,stall
23335.0,23343.0,0,active
23343.0,23344.0,0,stall
23344.0,23351.0,0,active
23351.0,23353.0,0,stall
23353.0,23383.0,0,active
23383.0,23384.0,0,stall
23384.0,23387.0,0,active
23387.0,23388.0,0,stall
23388.0,23400.0,0,active
23400.0,23401.0,0,stall
23401.0,23404.0,0,active
23404.0,23405.0,0,stall
23405.0,23415.0,0,active
23415.0,23417.0,0,stall
23417.0,23435.0,0,active
23435.0,23436.0,0,stall
23436.0,23439.0,0,active
23439.0,23440.0,0,stall
23440.0,23449.0,0,active
23449.0,23450.0,0,stall
23450.0,23453.0,0,active
23453.0,23454.0,0,stall
23454.0,23463.0,0,active
23463.0,23464.0,0,stall
23464.0,23467.0,0,active
23467.0,23468.0,0,stall
23468.0,23477.0,0,active
23477.0,23478.0,0,stall
23478.0,23481.0,0,active
23481.0,23482.0,0,stall
23482.0,23491.0,0,active
23491.0,23492.0,0,stall
23492.0,23495.0,0,active
23495.0,23496.0,0,stall
23496.0,23505.0,0,active
23505.0,23506.0,0,stall
23506.0,23509.0,0,active
23509.0,23510.0,0,stall
23510.0,23522.0,0,active
23522.0,23523.0,0,stall
23523.0,23530.0,0,active
23530.0,23532.0,0,stall
23532.0,23562.0,0,active
23562.0,23563.0,0,stall
23563.0,23566.0,0,active
23566.0,23567.0,0,stall
23567.0,23579.0,0,active
23579.0,23580.0,0,stall
23580.0,23583.0,0,active
23583.0,23584.0,0,stall
23584.0,23594.0,0,active
23594.0,23596.0,0,stall
23596.0,23614.0,0,active
23614.0,23615.0,0,stall
23615.0,23618.0,0,active
23618.0,23619.0,0,stall
23619.0,23628.0,0,active
23628.0,23629.0,0,stall
23629.0,23632.0,0,active
23632.0,23633.0,0,stall
23633.0,23642.0,0,active
23642.0,23643.0,0,stall
23643.0,23646.0,0,active
23646.0,23647.0,0,stall
23647.0,23656.0,0,active
23656.0,23657.0,0,stall
23657.0,23660.0,0,active
23660.0,23661.0,0,stall
23661.0,23670.0,0,active
23670.0,23671.0,0,stall
23671.0,23674.0,0,active
23674.0,23675.0,0,stall
23675.0,23684.0,0,active
23684.0,23685.0,0,stall
23685.0,23688.0,0,active
23688.0,23689.0,0,stall
23689.0,23701.0,0,active
23701.0,23702.0,0,stall
23702.0,23709.0,0,active
23709.0,23711.0,0,stall
23711.0,23741.0,0,active
23741.0,23742.0,0,stall
23742.0,23745.0,0,active
23745.0,23746.0,0,stall
23746.0,23758.0,0,active
23758.0,23759.0,0,stall
23759.0,23762.0,0,active
23762.0,23763.0,0,stall
23763.0,23773.0,0,active
23773.0,23775.0,0,stall
23775.0,23793.0,0,active
23793.0,23794.0,0,stall
23794.0,23797.0,0,active
23797.0,23798.0,0,stall
23798.0,23807.0,0,active
23807.0,23808.0,0,stall
23808.0,23811.0,0,active
23811.0,23812.0,0,stall
23812.0,23814.0,0,active
23814.0,23815.0,0,stall
23815.0,23818.0,0,active
23818.0,23819.0,0,stall
23819.0,23821.0,0,active
23821.0,23822.0,0,stall
23822.0,23825.0,0,active
23825.0,23826.0,0,stall
23826.0,23828.0,0,active
23828.0,23829.0,0,stall
23829.0,23832.0,0,active
23832.0,23833.0,0,stall
23833.0,23847.0,0,active
23847.0,23849.0,0,stall
23849.0,23862.0,0,active
23862.0,23863.0,0,stall
23863.0,23877.0,0,active
23877.0,23878.0,0,stall
23878.0,23898.0,0,active
23898.0,23899.0,0,stall
23899.0,23906.0,0,active
23906.0,23908.0,0,stall
23908.0,23938.0,0,active
23938.0,23939.0,0,stall
23939.0,23942.0,0,active
23942.0,23943.0,0,stall
23943.0,23955.0,0,active
23955.0,23956.0,0,stall
23956.0,23959.0,0,active
23959.0,23960.0,0,stall
23960.0,23970.0,0,active
23970.0,23972.0,0,stall
23972.0,23990.0,0,active
23990.0,23991.0,0,stall
23991.0,23994.0,0,active
23994.0,23995.0,0,stall
23995.0,24004.0,0,active
24004.0,24005.0,0,stall
24005.0,24008.0,0,active
24008.0,24009.0,0,stall
24009.0,24011.0,0,active
24011.0,24012.0,0,stall
24012.0,24015.0,0,active
24015.0,24016.0,0,stall
24016.0,24018.0,0,active
24018.0,24019.0,0,stall
24019.0,24022.0,0,active
24022.0,24023.0,0,stall
24023.0,24025.0,0,active
24025.0,24026.0,0,stall
24026.0,24029.0,0,active
24029.0,24030.0,0,stall
24030.0,24039.0,0,active
24039.0,24040.0,0,stall
24040.0,24043.0,0,active
24043.0,24044.0,0,stall
24044.0,24046.0,0,active
24046.0,24047.0,0,stall
24047.0,24050.0,0,active
24050.0,24051.0,0,stall
24051.0,24053.0,0,active
24053.0,24054.0,0,stall
24054.0,24057.0,0,active
24057.0,24058.0,0,stall
24058.0,24060.0,0,active
24060.0,24061.0,0,stall
24061.0,24064.0,0,active
24064.0,24065.0,0,stall
24065.0,24067.0,0,active
24067.0,24068.0,0,stall
24068.0,24071.0,0,active
24071.0,24072.0,0,stall
24072.0,24074.0,0,active
24074.0,24075.0,0,stall
24075.0,24078.0,0,active
24078.0,24079.0,0,stall
24079.0,24081.0,0,active
24081.0,24082.0,0,stall
24082.0,24085.0,0,active
24085.0,24086.0,0,stall
24086.0,24088.0,0,active
24088.0,24089.0,0,stall
24089.0,24092.0,0,active
24092.0,24093.0,0,stall
24093.0,24095.0,0,active
24095.0,24096.0,0,stall
24096.0,24099.0,0,active
24099.0,24100.0,0,stall
24100.0,24102.0,0,active
24102.0,24103.0,0,stall
24103.0,24106.0,0,active
24106.0,24107.0,0,stall
24107.0,24134.0,0,active
24134.0,24135.0,0,stall
24135.0,24140.0,0,active
24140.0,24141.0,0,stall
24141.0,24148.0,0,active
24148.0,24150.0,0,stall
24150.0,24180.0,0,active
24180.0,24181.0,0,stall
24181.0,24184.0,0,active
24184.0,24185.0,0,stall
24185.0,24197.0,0,active
24197.0,24198.0,0,stall
24198.0,24201.0,0,active
24201.0,24202.0,0,stall
24202.0,24212.0,0,active
24212.0,24214.0,0,stall
24214.0,24232.0,0,active
24232.0,24233.0,0,stall
24233.0,24236.0,0,active
24236.0,24237.0,0,stall
24237.0,24246.0,0,active
24246.0,24247.0,0,stall
24247.0,24250.0,0,active
24250.0,24251.0,0,stall
24251.0,24253.0,0,active
24253.0,24254.0,0,stall
24254.0,24257.0,0,active
24257.0,24258.0,0,stall
24258.0,24260.0,0,active
24260.0,24261.0,0,stall
24261.0,24264.0,0,active
24264.0,24265.0,0,stall
24265.0,24267.0,0,active
24267.0,24268.0,0,stall
24268.0,24271.0,0,active
24271.0,24272.0,0,stall
24272.0,24281.0,0,active
24281.0,24282.0,0,stall
24282.0,24285.0,0,active
24285.0,24286.0,0,stall
24286.0,24288.0,0,active
24288.0,24289.0,0,stall
24289.0,24292.0,0,active
24292.0,24293.0,0,stall
24293.0,24295.0,0,active
24295.0,24296.0,0,stall
24296.0,24299.0,0,active
24299.0,24300.0,0,stall
24300.0,24302.0,0,active
24302.0,24303.0,0,stall
24303.0,24306.0,0,active
24306.0,24307.0,0,stall
24307.0,24309.0,0,active
24309.0,24310.0,0,stall
24310.0,24313.0,0,active
24313.0,24314.0,0,stall
24314.0,24323.0,0,active
24323.0,24324.0,0,stall
24324.0,24327.0,0,active
24327.0,24328.0,0,stall
24328.0,24330.0,0,active
24330.0,24331.0,0,stall
24331.0,24334.0,0,active
24334.0,24335.0,0,stall
24335.0,24337.0,0,active
24337.0,24338.0,0,stall
24338.0,24341.0,0,active
24341.0,24342.0,0,stall
24342.0,24344.0,0,active
24344.0,24345.0,0,stall
24345.0,24348.0,0,active
24348.0,24349.0,0,stall
24349.0,24351.0,0,active
24351.0,24352.0,0,stall
24352.0,24355.0,0,active
24355.0,24356.0,0,stall
24356.0,24365.0,0,active
24365.0,24366.0,0,stall
24366.0,24369.0,0,active
24369.0,24370.0,0,stall
24370.0,24379.0,0,active
24379.0,24380.0,0,stall
24380.0,24383.0,0,active
24383.0,24384.0,0,stall
24384.0,24396.0,0,active
24396.0,24397.0,0,stall
24397.0,24412.0,0,active
24412.0,24413.0,0,stall
24413.0,24414.0,0,active
24414.0,24415.0,0,stall
24415.0,24428.0,0,active
24428.0,24429.0,0,stall
24429.0,24436.0,0,active
24436.0,24437.0,0,stall
24437.0,24443.0,0,active
24443.0,24444.0,0,stall
24444.0,24449.0,0,active
24449.0,24450.0,0,stall
24450.0,24453.0,0,active
24453.0,24454.0,0,stall
24454.0,24458.0,0,active
24458.0,24459.0,0,stall
24459.0,24462.0,0,active
24462.0,24463.0,0,stall
24463.0,24465.0,0,active
24465.0,24466.0,0,stall
24466.0,24467.0,0,active
24467.0,24468.0,0,stall
24468.0,24483.0,0,active
24483.0,24484.0,0,stall
24484.0,24489.0,0,active
24489.0,24490.0,0,stall
24490.0,24518.0,0,active
24518.0,24519.0,0,stall
24519.0,24524.0,0,active
24524.0,24525.0,0,stall
24525.0,24537.0,0,active
24537.0,24538.0,0,stall
24538.0,24542.0,0,active
24542.0,24543.0,0,stall
24543.0,24564.0,0,active
24564.0,24565.0,0,stall
24565.0,24567.0,0,active
24567.0,24568.0,0,stall
24568.0,24570.0,0,active
24570.0,24571.0,0,stall
24571.0,24573.0,0,active
24573.0,24574.0,0,stall
24574.0,24584.0,0,active
24584.0,24585.0,0,stall
24585.0,24587.0,0,active
24587.0,24588.0,0,stall
24588.0,24590.0,0,active
24590.0,24591.0,0,stall
24591.0,24593.0,0,active
24593.0,24594.0,0,stall
24594.0,24596.0,0,active
24596.0,24597.0,0,stall
24597.0,24638.0,0,active
24638.0,24639.0,0,stall
24639.0,24646.0,0,active
24646.0,24648.0,0,stall
24648.0,24678.0,0,active
24678.0,24679.0,0,stall
24679.0,24682.0,0,active
24682.0,24683.0,0,stall
24683.0,24695.0,0,active
24695.0,24696.0,0,stall
24696.0,24699.0,0,active
24699.0,24700.0,0,stall
24700.0,24710.0,0,active
24710.0,24712.0,0,stall
24712.0,24730.0,0,active
24730.0,24731.0,0,stall
24731.0,24734.0,0,active
24734.0,24735.0,0,stall
24735.0,24737.0,0,active
24737.0,24738.0,0,stall
24738.0,24741.0,0,active
24741.0,24742.0,0,stall
24742.0,24744.0,0,active
24744.0,24745.0,0,stall
24745.0,24748.0,0,active
24748.0,24749.0,0,stall
24749.0,24751.0,0,active
24751.0,24752.0,0,stall
24752.0,24755.0,0,active
24755.0,24756.0,0,stall
24756.0,24758.0,0,active
24758.0,24759.0,0,stall
24759.0,24762.0,0,active
24762.0,24763.0,0,stall
24763.0,24765.0,0,active
24765.0,24766.0,0,stall
24766.0,24769.0,0,active
24769.0,24770.0,0,stall
24770.0,24772.0,0,active
24772.0,24773.0,0,stall
24773.0,24776.0,0,active
24776.0,24777.0,0,stall
24777.0,24779.0,0,active
24779.0,24780.0,0,stall
24780.0,24783.0,0,active
24783.0,24784.0,0,stall
24784.0,24786.0,0,active
24786.0,24787.0,0,stall
24787.0,24790.0,0,active
24790.0,24791.0,0,stall
24791.0,24793.0,0,active
24793.0,24794.0,0,stall
24794.0,24797.0,0,active
24797.0,24798.0,0,stall
24798.0,24800.0,0,active
24800.0,24801.0,0,stall
24801.0,24804.0,0,active
24804.0,24805.0,0,stall
24805.0,24815.0,0,active
24815.0,24816.0,0,stall
24816.0,24829.0,0,active
24829.0,24830.0,0,stall
24830.0,24833.0,0,active
24833.0,24834.0,0,stall
24834.0,24842.0,0,active
24842.0,24843.0,0,stall
24843.0,24845.0,0,active
24845.0,24846.0,0,stall
24846.0,24848.0,0,active
24848.0,24849.0,0,stall
24849.0,24851.0,0,active
24851.0,24852.0,0,stall
24852.0,24854.0,0,active
24854.0,24855.0,0,stall
24855.0,24857.0,0,active
24857.0,24858.0,0,stall
24858.0,24860.0,0,active
24860.0,24861.0,0,stall
24861.0,24863.0,0,active
24863.0,24864.0,0,stall
24864.0,24866.0,0,active
24866.0,24867.0,0,stall
24867.0,24869.0,0,active
24869.0,24870.0,0,stall
24870.0,24897.0,0,active
24897.0,24898.0,0,stall
24898.0,24911.0,0,active
24911.0,24912.0,0,stall
24912.0,24915.0,0,active
24915.0,24916.0,0,stall
24916.0,24924.0,0,active
24924.0,24925.0,0,stall
24925.0,24927.0,0,active
24927.0,24928.0,0,stall
24928.0,24930.0,0,active
24930.0,24931.0,0,stall
24931.0,24933.0,0,active
24933.0,24934.0,0,stall
24934.0,24936.0,0,active
24936.0,24937.0,0,stall
24937.0,24939.0,0,active
24939.0,24940.0,0,stall
24940.0,24942.0,0,active
24942.0,24943.0,0,stall
24943.0,24945.0,0,active
24945.0,24946.0,0,stall
24946.0,24948.0,0,active
24948.0,24949.0,0,stall
24949.0,24951.0,0,active
24951.0,24952.0,0,stall
24952.0,24977.0,0,active
24977.0,24978.0,0,stall
24978.0,24981.0,0,active
24981.0,24982.0,0,stall
24982.0,24991.0,0,active
24991.0,24992.0,0,stall
24992.0,24995.0,0,active
24995.0,24996.0,0,stall
24996.0,25005.0,0,active
25005.0,25006.0,0,stall
25006.0,25009.0,0,active
25009.0,25010.0,0,stall
25010.0,25019.0,0,active
25019.0,25020.0,0,stall
25020.0,25023.0,0,active
25023.0,25024.0,0,stall
25024.0,25026.0,0,active
25026.0,25027.0,0,stall
25027.0,25030.0,0,active
25030.0,25031.0,0,stall
25031.0,25040.0,0,active
25040.0,25041.0,0,stall
25041.0,25044.0,0,active
25044.0,25045.0,0,stall
25045.0,25047.0,0,active
25047.0,25048.0,0,stall
25048.0,25051.0,0,active
25051.0,25052.0,0,stall
25052.0,25064.0,0,active
25064.0,25065.0,0,stall
25065.0,25080.0,0,active
25080.0,25081.0,0,stall
25081.0,25082.0,0,active
25082.0,25083.0,0,stall
25083.0,25102.0,0,active
25102.0,25103.0,0,stall
25103.0,25108.0,0,active
25108.0,25109.0,0,stall
25109.0,25137.0,0,active
25137.0,25138.0,0,stall
25138.0,25143.0,0,active
25143.0,25144.0,0,stall
25144.0,25218.0,0,active
25218.0,25219.0,0,stall
25219.0,25274.0,0,active
25274.0,25275.0,0,stall
25275.0,25288.0,0,active
25288.0,25289.0,0,stall
25289.0,25293.0,0,active
25293.0,25294.0,0,stall
25294.0,25313.0,0,active
25313.0,25314.0,0,stall
25314.0,25316.0,0,active
25316.0,25317.0,0,stall
25317.0,25321.0,0,active
25321.0,25322.0,0,stall
25322.0,25362.0,0,active
25362.0,25363.0,0,stall
25363.0,25370.0,0,active
25370.0,25372.0,0,stall
25372.0,25402.0,0,active
25402.0,25403.0,0,stall
25403.0,25406.0,0,active
25406.0,25407.0,0,stall
25407.0,25409.0,0,active
25409.0,25410.0,0,stall
25410.0,25413.0,0,active
25413.0,25414.0,0,stall
25414.0,25416.0,0,active
25416.0,25417.0,0,stall
25417.0,25420.0,0,active
25420.0,25421.0,0,stall
25421.0,25423.0,0,active
25423.0,25424.0,0,stall
25424.0,25427.0,0,active
25427.0,25428.0,0,stall
25428.0,25430.0,0,active
25430.0,25431.0,0,stall
25431.0,25434.0,0,active
25434.0,25435.0,0,stall
25435.0,25437.0,0,active
25437.0,25438.0,0,stall
25438.0,25441.0,0,active
25441.0,25442.0,0,stall
25442.0,25444.0,0,active
25444.0,25445.0,0,stall
25445.0,25448.0,0,active
25448.0,25449.0,0,stall
25449.0,25451.0,0,active
25451.0,25452.0,0,stall
25452.0,25455.0,0,active
25455.0,25456.0,0,stall
25456.0,25458.0,0,active
25458.0,25459.0,0,stall
25459.0,25462.0,0,active
25462.0,25463.0,0,stall
25463.0,25465.0,0,active
25465.0,25466.0,0,stall
25466.0,25469.0,0,active
25469.0,25470.0,0,stall
25470.0,25472.0,0,active
25472.0,25473.0,0,stall
25473.0,25476.0,0,active
25476.0,25477.0,0,stall
25477.0,25479.0,0,active
25479.0,25480.0,0,stall
25480.0,25483.0,0,active
25483.0,25484.0,0,stall
25484.0,25486.0,0,active
25486.0,25487.0,0,stall
25487.0,25490.0,0,active
25490.0,25491.0,0,stall
25491.0,25493.0,0,active
25493.0,25494.0,0,stall
25494.0,25497.0,0,active
25497.0,25498.0,0,stall
25498.0,25500.0,0,active
25500.0,25501.0,0,stall
25501.0,25504.0,0,active
25504.0,25505.0,0,stall
25505.0,25511.0,0,active
25511.0,25512.0,0,stall
25512.0,25520.0,0,active
25520.0,25521.0,0,stall
25521.0,25526.0,0,active
25526.0,25527.0,0,stall
25527.0,25530.0,0,active
25530.0,25531.0,0,stall
25531.0,25533.0,0,active
25533.0,25534.0,0,stall
25534.0,25537.0,0,active
25537.0,25538.0,0,stall
25538.0,25548.0,0,active
25548.0,25550.0,0,stall
25550.0,25568.0,0,active
25568.0,25569.0,0,stall
25569.0,25572.0,0,active
25572.0,25573.0,0,stall
25573.0,25582.0,0,active
25582.0,25583.0,0,stall
25583.0,25586.0,0,active
25586.0,25587.0,0,stall
25587.0,25599.0,0,active
25599.0,25600.0,0,stall
25600.0,25607.0,0,active
25607.0,25609.0,0,stall
25609.0,25639.0,0,active
25639.0,25640.0,0,stall
25640.0,25643.0,0,active
25643.0,25644.0,0,stall
25644.0,25646.0,0,active
25646.0,25647.0,0,stall
25647.0,25650.0,0,active
25650.0,25651.0,0,stall
25651.0,25663.0,0,active
25663.0,25664.0,0,stall
25664.0,25667.0,0,active
25667.0,25668.0,0,stall
25668.0,25670.0,0,active
25670.0,25671.0,0,stall
25671.0,25674.0,0,active
25674.0,25675.0,0,stall
25675.0,25677.0,0,active
25677.0,25678.0,0,stall
25678.0,25681.0,0,active
25681.0,25682.0,0,stall
25682.0,25684.0,0,active
25684.0,25685.0,0,stall
25685.0,25688.0,0,active
25688.0,25689.0,0,stall
25689.0,25691.0,0,active
25691.0,25692.0,0,stall
25692.0,25695.0,0,active
25695.0,25696.0,0,stall
25696.0,25698.0,0,active
25698.0,25699.0,0,stall
25699.0,25702.0,0,active
25702.0,25703.0,0,stall
25703.0,25705.0,0,active
25705.0,25706.0,0,stall
25706.0,25709.0,0,active
25709.0,25710.0,0,stall
25710.0,25712.0,0,active
25712.0,25713.0,0,stall
25713.0,25716.0,0,active
25716.0,25717.0,0,stall
25717.0,25719.0,0,active
25719.0,25720.0,0,stall
25720.0,25723.0,0,active
25723.0,25724.0,0,stall
25724.0,25726.0,0,active
25726.0,25727.0,0,stall
25727.0,25730.0,0,active
25730.0,25731.0,0,stall
25731.0,25733.0,0,active
25733.0,25734.0,0,stall
25734.0,25737.0,0,active
25737.0,25738.0,0,stall
25738.0,25740.0,0,active
25740.0,25741.0,0,stall
25741.0,25744.0,0,active
25744.0,25745.0,0,stall
25745.0,25750.0,0,active
25750.0,25751.0,0,stall
25751.0,25763.0,0,active
25763.0,25764.0,0,stall
25764.0,25768.0,0,active
25768.0,25770.0,0,stall
25770.0,25788.0,0,active
25788.0,25789.0,0,stall
25789.0,25792.0,0,active
25792.0,25793.0,0,stall
25793.0,25802.0,0,active
25802.0,25803.0,0,stall
25803.0,25806.0,0,active
25806.0,25807.0,0,stall
25807.0,25819.0,0,active
25819.0,25820.0,0,stall
25820.0,25827.0,0,active
25827.0,25829.0,0,stall
25829.0,25859.0,0,active
25859.0,25860.0,0,stall
25860.0,25863.0,0,active
25863.0,25864.0,0,stall
25864.0,25876.0,0,active
25876.0,25877.0,0,stall
25877.0,25880.0,0,active
25880.0,25881.0,0,stall
25881.0,25891.0,0,active
25891.0,25893.0,0,stall
25893.0,25911.0,0,active
25911.0,25912.0,0,stall
25912.0,25915.0,0,active
25915.0,25916.0,0,stall
25916.0,25918.0,0,active
25918.0,25919.0,0,stall
25919.0,25922.0,0,active
25922.0,25923.0,0,stall
25923.0,25925.0,0,active
25925.0,25926.0,0,stall
25926.0,25929.0,0,active
25929.0,25930.0,0,stall
25930.0,25932.0,0,active
25932.0,25933.0,0,stall
25933.0,25936.0,0,active
25936.0,25937.0,0,stall
25937.0,25939.0,0,active
25939.0,25940.0,0,stall
25940.0,25943.0,0,active
25943.0,25944.0,0,stall
25944.0,25946.0,0,active
25946.0,25947.0,0,stall
25947.0,25950.0,0,active
25950.0,25951.0,0,stall
25951.0,25953.0,0,active
25953.0,25954.0,0,stall
25954.0,25957.0,0,active
25957.0,25958.0,0,stall
25958.0,25960.0,0,active
25960.0,25961.0,0,stall
25961.0,25964.0,0,active
25964.0,25965.0,0,stall
25965.0,25967.0,0,active
25967.0,25968.0,0,stall
25968.0,25971.0,0,active
25971.0,25972.0,0,stall
25972.0,25974.0,0,active
25974.0,25975.0,0,stall
25975.0,25978.0,0,active
25978.0,25979.0,0,stall
25979.0,25981.0,0,active
25981.0,25982.0,0,stall
25982.0,25985.0,0,active
25985.0,25986.0,0,stall
25986.0,25997.0,0,active
25997.0,25998.0,0,stall
25998.0,26001.0,0,active
26001.0,26002.0,0,stall
26002.0,26011.0,0,active
26011.0,26012.0,0,stall
26012.0,26015.0,0,active
26015.0,26016.0,0,stall
26016.0,26026.0,0,active
26026.0,26027.0,0,stall
26027.0,26030.0,0,active
26030.0,26031.0,0,stall
26031.0,26043.0,0,active
26043.0,26044.0,0,stall
26044.0,26051.0,0,active
26051.0,26053.0,0,stall
26053.0,26083.0,0,active
26083.0,26084.0,0,stall
26084.0,26087.0,0,active
26087.0,26088.0,0,stall
26088.0,26100.0,0,active
26100.0,26101.0,0,stall
26101.0,26104.0,0,active
26104.0,26105.0,0,stall
26105.0,26115.0,0,active
26115.0,26117.0,0,stall
26117.0,26135.0,0,active
26135.0,26136.0,0,stall
26136.0,26139.0,0,active
26139.0,26140.0,0,stall
26140.0,26149.0,0,active
26149.0,26150.0,0,stall
26150.0,26153.0,0,active
26153.0,26154.0,0,stall
26154.0,26166.0,0,active
26166.0,26167.0,0,stall
26167.0,26180.0,0,active
26180.0,26181.0,0,stall
26181.0,26182.0,0,active
26182.0,26183.0,0,stall
26183.0,26188.0,0,active
26188.0,26189.0,0,stall
26189.0,26193.0,0,active
26193.0,26194.0,0,stall
26194.0,26213.0,0,active
26213.0,26214.0,0,stall
26214.0,26216.0,0,active
26216.0,26217.0,0,stall
26217.0,26221.0,0,active
26221.0,26222.0,0,stall
26222.0,26224.0,0,active
26224.0,26225.0,0,stall
26225.0,26227.0,0,active
26227.0,26228.0,0,stall
26228.0,26230.0,0,active
26230.0,26231.0,0,stall
26231.0,26233.0,0,active
26233.0,26234.0,0,stall
26234.0,26236.0,0,active
26236.0,26237.0,0,stall
26237.0,26239.0,0,active
26239.0,26240.0,0,stall
26240.0,26281.0,0,active
26281.0,26282.0,0,stall
26282.0,26289.0,0,active
26289.0,26291.0,0,stall
26291.0,26321.0,0,active
26321.0,26322.0,0,stall
26322.0,26325.0,0,active
26325.0,26326.0,0,stall
26326.0,26338.0,0,active
26338.0,26339.0,0,stall
26339.0,26342.0,0,active
26342.0,26343.0,0,stall
26343.0,26353.0,0,active
26353.0,26355.0,0,stall
26355.0,26373.0,0,active
26373.0,26374.0,0,stall
26374.0,26377.0,0,active
26377.0,26378.0,0,stall
26378.0,26387.0,0,active
26387.0,26388.0,0,stall
26388.0,26391.0,0,active
26391.0,26392.0,0,stall
26392.0,26404.0,0,active
26404.0,26405.0,0,stall
26405.0,26412.0,0,active
26412.0,26414.0,0,stall
26414.0,26444.0,0,active
26444.0,26445.0,0,stall
26445.0,26448.0,0,active
26448.0,26449.0,0,stall
26449.0,26461.0,0,active
26461.0,26462.0,0,stall
26462.0,26465.0,0,active
26465.0,26466.0,0,stall
26466.0,26476.0,0,active
26476.0,26478.0,0,stall
26478.0,26496.0,0,active
26496.0,26497.0,0,stall
26497.0,26500.0,0,active
26500.0,26501.0,0,stall
26501.0,26510.0,0,active
26510.0,26511.0,0,stall
26511.0,26514.0,0,active
26514.0,26515.0,0,stall
26515.0,26527.0,0,active
26527.0,26528.0,0,stall
26528.0,26543.0,0,active
26543.0,26544.0,0,stall
26544.0,26545.0,0,active
26545.0,26546.0,0,stall
26546.0,26565.0,0,active
26565.0,26566.0,0,stall
26566.0,26571.0,0,active
26571.0,26572.0,0,stall
26572.0,26584.0,0,active
26584.0,26585.0,0,stall
26585.0,26589.0,0,active
26589.0,26590.0,0,stall
26590.0,26609.0,0,active
26609.0,26610.0,0,stall
26610.0,26612.0,0,active
26612.0,26613.0,0,stall
26613.0,26617.0,0,active
26617.0,26618.0,0,stall
26618.0,26620.0,0,active
26620.0,26621.0,0,stall
26621.0,26623.0,0,active
26623.0,26624.0,0,stall
26624.0,26626.0,0,active
26626.0,26627.0,0,stall
26627.0,26629.0,0,active
26629.0,26630.0,0,stall
26630.0,26671.0,0,active
26671.0,26672.0,0,stall
26672.0,26679.0,0,active
26679.0,26681.0,0,stall
26681.0,26711.0,0,active
26711.0,26712.0,0,stall
26712.0,26715.0,0,active
26715.0,26716.0,0,stall
26716.0,26718.0,0,active
26718.0,26719.0,0,stall
26719.0,26722.0,0,active
26722.0,26723.0,0,stall
26723.0,26725.0,0,active
26725.0,26726.0,0,stall
26726.0,26729.0,0,active
26729.0,26730.0,0,stall
26730.0,26732.0,0,active
26732.0,26733.0,0,stall
26733.0,26736.0,0,active
26736.0,26737.0,0,stall
26737.0,26739.0,0,active
26739.0,26740.0,0,stall
26740.0,26743.0,0,active
26743.0,26744.0,0,stall
26744.0,26746.0,0,active
26746.0,26747.0,0,stall
26747.0,26750.0,0,active
26750.0,26751.0,0,stall
26751.0,26753.0,0,active
26753.0,26754.0,0,stall
26754.0,26757.0,0,active
26757.0,26758.0,0,stall
26758.0,26760.0,0,active
26760.0,26761.0,0,stall
26761.0,26764.0,0,active
26764.0,26765.0,0,stall
26765.0,26767.0,0,active
26767.0,26768.0,0,stall
26768.0,26771.0,0,active
26771.0,26772.0,0,stall
26772.0,26774.0,0,active
26774.0,26775.0,0,stall
26775.0,26778.0,0,active
26778.0,26779.0,0,stall
26779.0,26781.0,0,active
26781.0,26782.0,0,stall
26782.0,26785.0,0,active
26785.0,26786.0,0,stall
26786.0,26788.0,0,active
26788.0,26789.0,0,stall
26789.0,26792.0,0,active
26792.0,26793.0,0,stall
26793.0,26795.0,0,active
26795.0,26796.0,0,stall
26796.0,26799.0,0,active
26799.0,26800.0,0,stall
26800.0,26802.0,0,active
26802.0,26803.0,0,stall
26803.0,26806.0,0,active
26806.0,26807.0,0,stall
26807.0,26809.0,0,active
26809.0,26810.0,0,stall
26810.0,26813.0,0,active
26813.0,26814.0,0,stall
26814.0,26820.0,0,active
26820.0,26821.0,0,stall
26821.0,26829.0,0,active
26829.0,26830.0,0,stall
26830.0,26835.0,0,active
26835.0,26836.0,0,stall
26836.0,26839.0,0,active
26839.0,26840.0,0,stall
26840.0,26842.0,0,active
26842.0,26843.0,0,stall
26843.0,26846.0,0,active
26846.0,26847.0,0,stall
26847.0,26857.0,0,active
26857.0,26859.0,0,stall
26859.0,26877.0,0,active
26877.0,26878.0,0,stall
26878.0,26881.0,0,active
26881.0,26882.0,0,stall
26882.0,26891.0,0,active
26891.0,26892.0,0,stall
26892.0,26895.0,0,active
26895.0,26896.0,0,stall
26896.0,26908.0,0,active
26908.0,26909.0,0,stall
26909.0,26916.0,0,active
26916.0,26918.0,0,stall
26918.0,26948.0,0,active
26948.0,26949.0,0,stall
26949.0,26952.0,0,active
26952.0,26953.0,0,stall
26953.0,26955.0,0,active
26955.0,26956.0,0,stall
26956.0,26959.0,0,active
26959.0,26960.0,0,stall
26960.0,26972.0,0,active
26972.0,26973.0,0,stall
26973.0,26976.0,0,active
26976.0,26977.0,0,stall
26977.0,26979.0,0,active
26979.0,26980.0,0,stall
26980.0,26983.0,0,active
26983.0,26984.0,0,stall
26984.0,26986.0,0,active
26986.0,26987.0,0,stall
26987.0,26990.0,0,active
26990.0,26991.0,0,stall
26991.0,26993.0,0,active
26993.0,26994.0,0,stall
26994.0,26997.0,0,active
26997.0,26998.0,0,stall
26998.0,27000.0,0,active
27000.0,27001.0,0,stall
27001.0,27004.0,0,active
27004.0,27005.0,0,stall
27005.0,27007.0,0,active
27007.0,27008.0,0,stall
27008.0,27011.0,0,active
27011.0,27012.0,0,stall
27012.0,27014.0,0,active
27014.0,27015.0,0,stall
27015.0,27018.0,0,active
27018.0,27019.0,0,stall
27019.0,27021.0,0,active
27021.0,27022.0,0,stall
27022.0,27025.0,0,active
27025.0,27026.0,0,stall
27026.0,27028.0,0,active
27028.0,27029.0,0,stall
27029.0,27032.0,0,active
27032.0,27033.0,0,stall
27033.0,27035.0,0,active
27035.0,27036.0,0,stall
27036.0,27039.0,0,active
27039.0,27040.0,0,stall
27040.0,27042.0,0,active
27042.0,27043.0,0,stall
27043.0,27046.0,0,active
27046.0,27047.0,0,stall
27047.0,27049.0,0,active
27049.0,27050.0,0,stall
27050.0,27053.0,0,active
27053.0,27054.0,0,stall
27054.0,27059.0,0,active
27059.0,27060.0,0,stall
27060.0,27072.0,0,active
27072.0,27073.0,0,stall
27073.0,27077.0,0,active
27077.0,27079.0,0,stall
27079.0,27097.0,0,active
27097.0,27098.0,0,stall
27098.0,27101.0,0,active
27101.0,27102.0,0,stall
27102.0,27111.0,0,active
27111.0,27112.0,0,stall
27112.0,27115.0,0,active
27115.0,27116.0,0,stall
27116.0,27128.0,0,active
27128.0,27129.0,0,stall
27129.0,27136.0,0,active
27136.0,27138.0,0,stall
27138.0,27168.0,0,active
27168.0,27169.0,0,stall
27169.0,27172.0,0,active
27172.0,27173.0,0,stall
27173.0,27185.0,0,active
27185.0,27186.0,0,stall
27186.0,27189.0,0,active
27189.0,27190.0,0,stall
27190.0,27200.0,0,active
27200.0,27202.0,0,stall
27202.0,27220.0,0,active
27220.0,27221.0,0,stall
27221.0,27224.0,0,active
27224.0,27225.0,0,stall
27225.0,27234.0,0,active
27234.0,27235.0,0,stall
27235.0,27238.0,0,active
27238.0,27239.0,0,stall
27239.0,27251.0,0,active
27251.0,27252.0,0,stall
27252.0,27265.0,0,active
27265.0,27266.0,0,stall
27266.0,27267.0,0,active
27267.0,27268.0,0,stall
27268.0,27273.0,0,active
27273.0,27274.0,0,stall
27274.0,27278.0,0,active
27278.0,27279.0,0,stall
27279.0,27298.0,0,active
27298.0,27299.0,0,stall
27299.0,27301.0,0,active
27301.0,27302.0,0,stall
27302.0,27306.0,0,active
27306.0,27307.0,0,stall
27307.0,27309.0,0,active
27309.0,27310.0,0,stall
27310.0,27312.0,0,active
27312.0,27313.0,0,stall
27313.0,27315.0,0,active
27315.0,27316.0,0,stall
27316.0,27318.0,0,active
27318.0,27319.0,0,stall
27319.0,27321.0,0,active
27321.0,27322.0,0,stall
27322.0,27363.0,0,active
27363.0,27364.0,0,stall
27364.0,27371.0,0,active
27371.0,27373.0,0,stall
27373.0,27403.0,0,active
27403.0,27404.0,0,stall
27404.0,27407.0,0,active
27407.0,27408.0,0,stall
27408.0,27420.0,0,active
27420.0,27421.0,0,stall
27421.0,27424.0,0,active
27424.0,27425.0,0,stall
27425.0,27435.0,0,active
27435.0,27437.0,0,stall
27437.0,27455.0,0,active
27455.0,27456.0,0,stall
27456.0,27459.0,0,active
27459.0,27460.0,0,stall
27460.0,27469.0,0,active
27469.0,27470.0,0,stall
27470.0,27473.0,0,active
27473.0,27474.0,0,stall
27474.0,27486.0,0,active
27486.0,27487.0,0,stall
27487.0,27494.0,0,active
27494.0,27496.0,0,stall
27496.0,27526.0,0,active
27526.0,27527.0,0,stall
27527.0,27530.0,0,active
27530.0,27531.0,0,stall
27531.0,27543.0,0,active
27543.0,27544.0,0,stall
27544.0,27547.0,0,active
27547.0,27548.0,0,stall
27548.0,27558.0,0,active
27558.0,27560.0,0,stall
27560.0,27578.0,0,active
27578.0,27579.0,0,stall
27579.0,27582.0,0,active
27582.0,27583.0,0,stall
27583.0,27592.0,0,active
27592.0,27593.0,0,stall
27593.0,27596.0,0,active
27596.0,27597.0,0,stall
27597.0,27599.0,0,active
27599.0,27600.0,0,stall
27600.0,27603.0,0,active
27603.0,27604.0,0,stall
27604.0,27606.0,0,active
27606.0,27607.0,0,stall
27607.0,27610.0,0,active
27610.0,27611.0,0,stall
27611.0,27613.0,0,active
27613.0,27614.0,0,stall
27614.0,27617.0,0,active
27617.0,27618.0,0,stall
27618.0,27632.0,0,active
27632.0,27634.0,0,stall
27634.0,27647.0,0,active
27647.0,27648.0,0,stall
27648.0,27668.0,0,active
27668.0,27669.0,0,stall
27669.0,27676.0,0,active
27676.0,27678.0,0,stall
27678.0,27708.0,0,active
27708.0,27709.0,0,stall
27709.0,27712.0,0,active
27712.0,27713.0,0,stall
27713.0,27725.0,0,active
27725.0,27726.0,0,stall
27726.0,27729.0,0,active
27729.0,27730.0,0,stall
27730.0,27740.0,0,active
27740.0,27742.0,0,stall
27742.0,27760.0,0,active
27760.0,27761.0,0,stall
27761.0,27764.0,0,active
27764.0,27765.0,0,stall
27765.0,27774.0,0,active
27774.0,27775.0,0,stall
27775.0,27778.0,0,active
27778.0,27779.0,0,stall
27779.0,27791.0,0,active
27791.0,27792.0,0,stall
27792.0,27799.0,0,active
27799.0,27801.0,0,stall
27801.0,27831.0,0,active
27831.0,27832.0,0,stall
27832.0,27835.0,0,active
27835.0,27836.0,0,stall
27836.0,27848.0,0,active
27848.0,27849.0,0,stall
27849.0,27852.0,0,active
27852.0,27853.0,0,stall
27853.0,27863.0,0,active
27863.0,27865.0,0,stall
27865.0,27883.0,0,active
27883.0,27884.0,0,stall
27884.0,27887.0,0,active
27887.0,27888.0,0,stall
27888.0,27890.0,0,active
27890.0,27891.0,0,stall
27891.0,27894.0,0,active
27894.0,27895.0,0,stall
27895.0,27897.0,0,active
27897.0,27898.0,0,stall
27898.0,27901.0,0,active
27901.0,27902.0,0,stall
27902.0,27904.0,0,active
27904.0,27905.0,0,stall
27905.0,27908.0,0,active
27908.0,27909.0,0,stall
27909.0,27911.0,0,active
27911.0,27912.0,0,stall
27912.0,27915.0,0,active
27915.0,27916.0,0,stall
27916.0,27918.0,0,active
27918.0,27919.0,0,stall
27919.0,27922.0,0,active
27922.0,27923.0,0,stall
27923.0,27925.0,0,active
27925.0,27926.0,0,stall
27926.0,27929.0,0,active
27929.0,27930.0,0,stall
27930.0,27932.0,0,active
27932.0,27933.0,0,stall
27933.0,27936.0,0,active
27936.0,27937.0,0,stall
27937.0,27939.0,0,active
27939.0,27940.0,0,stall
27940.0,27943.0,0,active
27943.0,27944.0,0,stall
27944.0,27946.0,0,active
27946.0,27947.0,0,stall
27947.0,27950.0,0,active
27950.0,27951.0,0,stall
27951.0,27953.0,0,active
27953.0,27954.0,0,stall
27954.0,27957.0,0,active
27957.0,27958.0,0,stall
27958.0,27969.0,0,active
27969.0,27970.0,0,stall
27970.0,27973.0,0,active
27973.0,27974.0,0,stall
27974.0,27983.0,0,active
27983.0,27984.0,0,stall
27984.0,27987.0,0,active
27987.0,27988.0,0,stall
27988.0,27998.0,0,active
27998.0,27999.0,0,stall
27999.0,28002.0,0,active
28002.0,28003.0,0,stall
28003.0,28015.0,0,active
28015.0,28016.0,0,stall
28016.0,28023.0,0,active
28023.0,28025.0,0,stall
28025.0,28055.0,0,active
28055.0,28056.0,0,stall
28056.0,28059.0,0,active
28059.0,28060.0,0,stall
28060.0,28072.0,0,active
28072.0,28073.0,0,stall
28073.0,28076.0,0,active
28076.0,28077.0,0,stall
28077.0,28087.0,0,active
28087.0,28089.0,0,stall
28089.0,28107.0,0,active
28107.0,28108.0,0,stall
28108.0,28111.0,0,active
28111.0,28112.0,0,stall
28112.0,28121.0,0,active
28121.0,28122.0,0,stall
28122.0,28125.0,0,active
28125.0,28126.0,0,stall
28126.0,28128.0,0,active
28128.0,28129.0,0,stall
28129.0,28132.0,0,active
28132.0,28133.0,0,stall
28133.0,28145.0,0,active
28145.0,28146.0,0,stall
28146.0,28153.0,0,active
28153.0,28155.0,0,stall
28155.0,28185.0,0,active
28185.0,28186.0,0,stall
28186.0,28189.0,0,active
28189.0,28190.0,0,stall
28190.0,28202.0,0,active
28202.0,28203.0,0,stall
28203.0,28206.0,0,active
28206.0,28207.0,0,stall
28207.0,28217.0,0,active
28217.0,28219.0,0,stall
28219.0,28237.0,0,active
28237.0,28238.0,0,stall
28238.0,28241.0,0,active
28241.0,28242.0,0,stall
28242.0,28251.0,0,active
28251.0,28252.0,0,stall
28252.0,28255.0,0,active
28255.0,28256.0,0,stall
28256.0,28268.0,0,active
28268.0,28269.0,0,stall
28269.0,28276.0,0,active
28276.0,28278.0,0,stall
28278.0,28308.0,0,active
28308.0,28309.0,0,stall
28309.0,28312.0,0,active
28312.0,28313.0,0,stall
28313.0,28325.0,0,active
28325.0,28326.0,0,stall
28326.0,28329.0,0,active
28329.0,28330.0,0,stall
28330.0,28340.0,0,active
28340.0,28342.0,0,stall
28342.0,28360.0,0,active
28360.0,28361.0,0,stall
28361.0,28364.0,0,active
28364.0,28365.0,0,stall
28365.0,28374.0,0,active
28374.0,28375.0,0,stall
28375.0,28378.0,0,active
28378.0,28379.0,0,stall
28379.0,28381.0,0,active
28381.0,28382.0,0,stall
28382.0,28385.0,0,active
28385.0,28386.0,0,stall
28386.0,28398.0,0,active
28398.0,28399.0,0,stall
28399.0,28406.0,0,active
28406.0,28408.0,0,stall
28408.0,28438.0,0,active
28438.0,28439.0,0,stall
28439.0,28442.0,0,active
28442.0,28443.0,0,stall
28443.0,28455.0,0,active
28455.0,28456.0,0,stall
28456.0,28459.0,0,active
28459.0,28460.0,0,stall
28460.0,28470.0,0,active
28470.0,28472.0,0,stall
28472.0,28490.0,0,active
28490.0,28491.0,0,stall
28491.0,28494.0,0,active
28494.0,28495.0,0,stall
28495.0,28504.0,0,active
28504.0,28505.0,0,stall
28505.0,28508.0,0,active
28508.0,28509.0,0,stall
28509.0,28511.0,0,active
28511.0,28512.0,0,stall
28512.0,28515.0,0,active
28515.0,28516.0,0,stall
28516.0,28528.0,0,active
28528.0,28529.0,0,stall
28529.0,28536.0,0,active
28536.0,28538.0,0,stall
28538.0,28568.0,0,active
28568.0,28569.0,0,stall
28569.0,28572.0,0,active
28572.0,28573.0,0,stall
28573.0,28585.0,0,active
28585.0,28586.0,0,stall
28586.0,28589.0,0,active
28589.0,28590.0,0,stall
28590.0,28600.0,0,active
28600.0,28602.0,0,stall
28602.0,28620.0,0,active
28620.0,28621.0,0,stall
28621.0,28624.0,0,active
28624.0,28625.0,0,stall
28625.0,28627.0,0,active
28627.0,28628.0,0,stall
28628.0,28631.0,0,active
28631.0,28632.0,0,stall
28632.0,28641.0,0,active
28641.0,28642.0,0,stall
28642.0,28645.0,0,active
28645.0,28646.0,0,stall
28646.0,28658.0,0,active
28658.0,28659.0,0,stall
28659.0,28672.0,0,active
28672.0,28673.0,0,stall
28673.0,28674.0,0,active
28674.0,28675.0,0,stall
28675.0,28680.0,0,active
28680.0,28681.0,0,stall
28681.0,28685.0,0,active
28685.0,28686.0,0,stall
28686.0,28705.0,0,active
28705.0,28706.0,0,stall
28706.0,28708.0,0,active
28708.0,28709.0,0,stall
28709.0,28713.0,0,active
28713.0,28714.0,0,stall
28714.0,28716.0,0,active
28716.0,28717.0,0,stall
28717.0,28719.0,0,active
28719.0,28720.0,0,stall
28720.0,28722.0,0,active
28722.0,28723.0,0,stall
28723.0,28725.0,0,active
28725.0,28726.0,0,stall
28726.0,28728.0,0,active
28728.0,28729.0,0,stall
28729.0,28731.0,0,active
28731.0,28732.0,0,stall
28732.0,28734.0,0,active
28734.0,28735.0,0,stall
28735.0,28737.0,0,active
28737.0,28738.0,0,stall
28738.0,28740.0,0,active
28740.0,28741.0,0,stall
28741.0,28743.0,0,active
28743.0,28744.0,0,stall
28744.0,28746.0,0,active
28746.0,28747.0,0,stall
28747.0,28749.0,0,active
28749.0,28750.0,0,stall
28750.0,28752.0,0,active
28752.0,28753.0,0,stall
28753.0,28755.0,0,active
28755.0,28756.0,0,stall
28756.0,28758.0,0,active
28758.0,28759.0,0,stall
28759.0,28761.0,0,active
28761.0,28762.0,0,stall
28762.0,28764.0,0,active
28764.0,28765.0,0,stall
28765.0,28767.0,0,active
28767.0,28768.0,0,stall
28768.0,28770.0,0,active
28770.0,28771.0,0,stall
28771.0,28773.0,0,active
28773.0,28774.0,0,stall
28774.0,28815.0,0,active
28815.0,28816.0,0,stall
28816.0,28823.0,0,active
28823.0,28825.0,0,stall
28825.0,28855.0,0,active
28855.0,28856.0,0,stall
28856.0,28859.0,0,active
28859.0,28860.0,0,stall
28860.0,28862.0,0,active
28862.0,28863.0,0,stall
28863.0,28866.0,0,active
28866.0,28867.0,0,stall
28867.0,28869.0,0,active
28869.0,28870.0,0,stall
28870.0,28873.0,0,active
28873.0,28874.0,0,stall
28874.0,28876.0,0,active
28876.0,28877.0,0,stall
28877.0,28880.0,0,active
28880.0,28881.0,0,stall
28881.0,28883.0,0,active
28883.0,28884.0,0,stall
28884.0,28887.0,0,active
28887.0,28888.0,0,stall
28888.0,28890.0,0,active
28890.0,28891.0,0,stall
28891.0,28894.0,0,active
28894.0,28895.0,0,stall
28895.0,28897.0,0,active
28897.0,28898.0,0,stall
28898.0,28901.0,0,active
28901.0,28902.0,0,stall
28902.0,28904.0,0,active
28904.0,28905.0,0,stall
28905.0,28908.0,0,active
28908.0,28909.0,0,stall
28909.0,28911.0,0,active
28911.0,28912.0,0,stall
28912.0,28915.0,0,active
28915.0,28916.0,0,stall
28916.0,28918.0,0,active
28918.0,28919.0,0,stall
28919.0,28922.0,0,active
28922.0,28923.0,0,stall
28923.0,28925.0,0,active
28925.0,28926.0,0,stall
28926.0,28929.0,0,active
28929.0,28930.0,0,stall
28930.0,28932.0,0,active
28932.0,28933.0,0,stall
28933.0,28936.0,0,active
28936.0,28937.0,0,stall
28937.0,28939.0,0,active
28939.0,28940.0,0,stall
28940.0,28943.0,0,active
28943.0,28944.0,0,stall
28944.0,28946.0,0,active
28946.0,28947.0,0,stall
28947.0,28950.0,0,active
28950.0,28951.0,0,stall
28951.0,28953.0,0,active
28953.0,28954.0,0,stall
28954.0,28957.0,0,active
28957.0,28958.0,0,stall
28958.0,28964.0,0,active
28964.0,28965.0,0,stall
28965.0,28973.0,0,active
28973.0,28974.0,0,stall
28974.0,28979.0,0,active
28979.0,28980.0,0,stall
28980.0,28983.0,0,active
28983.0,28984.0,0,stall
28984.0,28986.0,0,active
28986.0,28987.0,0,stall
28987.0,28990.0,0,active
28990.0,28991.0,0,stall
28991.0,29001.0,0,active
29001.0,29003.0,0,stall
29003.0,29021.0,0,active
29021.0,29022.0,0,stall
29022.0,29025.0,0,active
29025.0,29026.0,0,stall
29026.0,29035.0,0,active
29035.0,29036.0,0,stall
29036.0,29039.0,0,active
29039.0,29040.0,0,stall
29040.0,29052.0,0,active
29052.0,29053.0,0,stall
29053.0,29060.0,0,active
29060.0,29062.0,0,stall
29062.0,29092.0,0,active
29092.0,29093.0,0,stall
29093.0,29096.0,0,active
29096.0,29097.0,0,stall
29097.0,29099.0,0,active
29099.0,29100.0,0,stall
29100.0,29103.0,0,active
29103.0,29104.0,0,stall
29104.0,29116.0,0,active
29116.0,29117.0,0,stall
29117.0,29120.0,0,active
29120.0,29121.0,0,stall
29121.0,29123.0,0,active
29123.0,29124.0,0,stall
29124.0,29127.0,0,active
29127.0,29128.0,0,stall
29128.0,29138.0,0,active
29138.0,29140.0,0,stall
29140.0,29158.0,0,active
29158.0,29159.0,0,stall
29159.0,29162.0,0,active
29162.0,29163.0,0,stall
29163.0,29172.0,0,active
29172.0,29173.0,0,stall
29173.0,29176.0,0,active
29176.0,29177.0,0,stall
29177.0,29189.0,0,active
29189.0,29190.0,0,stall
29190.0,29197.0,0,active
29197.0,29199.0,0,stall
29199.0,29229.0,0,active
29229.0,29230.0,0,stall
29230.0,29233.0,0,active
29233.0,29234.0,0,stall
29234.0,29246.0,0,active
29246.0,29247.0,0,stall
29247.0,29250.0,0,active
29250.0,29251.0,0,stall
29251.0,29261.0,0,active
29261.0,29263.0,0,stall
29263.0,29281.0,0,active
29281.0,29282.0,0,stall
29282.0,29285.0,0,active
29285.0,29286.0,0,stall
29286.0,29295.0,0,active
29295.0,29296.0,0,stall
29296.0,29299.0,0,active
29299.0,29300.0,0,stall
29300.0,29312.0,0,active
29312.0,29313.0,0,stall
29313.0,29320.0,0,active
29320.0,29322.0,0,stall
29322.0,29352.0,0,active
29352.0,29353.0,0,stall
29353.0,29356.0,0,active
29356.0,29357.0,0,stall
29357.0,29369.0,0,active
29369.0,29370.0,0,stall
29370.0,29373.0,0,active
29373.0,29374.0,0,stall
29374.0,29384.0,0,active
29384.0,29386.0,0,stall
29386.0,29404.0,0,active
29404.0,29405.0,0,stall
29405.0,29408.0,0,active
29408.0,29409.0,0,stall
29409.0,29411.0,0,active
29411.0,29412.0,0,stall
29412.0,29415.0,0,active
29415.0,29416.0,0,stall
29416.0,29418.0,0,active
29418.0,29419.0,0,stall
29419.0,29422.0,0,active
29422.0,29423.0,0,stall
29423.0,29425.0,0,active
29425.0,29426.0,0,stall
29426.0,29429.0,0,active
29429.0,29430.0,0,stall
29430.0,29432.0,0,active
29432.0,29433.0,0,stall
29433.0,29436.0,0,active
29436.0,29437.0,0,stall
29437.0,29439.0,0,active
29439.0,29440.0,0,stall
29440.0,29443.0,0,active
29443.0,29444.0,0,stall
29444.0,29446.0,0,active
29446.0,29447.0,0,stall
29447.0,29450.0,0,active
29450.0,29451.0,0,stall
29451.0,29453.0,0,active
29453.0,29454.0,0,stall
29454.0,29457.0,0,active
29457.0,29458.0,0,stall
29458.0,29460.0,0,active
29460.0,29461.0,0,stall
29461.0,29464.0,0,active
29464.0,29465.0,0,stall
29465.0,29467.0,0,active
29467.0,29468.0,0,stall
29468.0,29471.0,0,active
29471.0,29472.0,0,stall
29472.0,29474.0,0,active
29474.0,29475.0,0,stall
29475.0,29478.0,0,active
29478.0,29479.0,0,stall
29479.0,29490.0,0,active
29490.0,29491.0,0,stall
29491.0,29494.0,0,active
29494.0,29495.0,0,stall
29495.0,29504.0,0,active
29504.0,29505.0,0,stall
29505.0,29508.0,0,active
29508.0,29509.0,0,stall
29509.0,29519.0,0,active
29519.0,29520.0,0,stall
29520.0,29523.0,0,active
29523.0,29524.0,0,stall
29524.0,29536.0,0,active
29536.0,29537.0,0,stall
29537.0,29544.0,0,active
29544.0,29546.0,0,stall
29546.0,29576.0,0,active
29576.0,29577.0,0,stall
29577.0,29580.0,0,active
29580.0,29581.0,0,stall
29581.0,29593.0,0,active
29593.0,29594.0,0,stall
29594.0,29597.0,0,active
29597.0,29598.0,0,stall
29598.0,29608.0,0,active
29608.0,29610.0,0,stall
29610.0,29628.0,0,active
29628.0,29629.0,0,stall
29629.0,29632.0,0,active
29632.0,29633.0,0,stall
29633.0,29642.0,0,active
29642.0,29643.0,0,stall
29643.0,29646.0,0,active
29646.0,29647.0,0,stall
29647.0,29659.0,0,active
29659.0,29660.0,0,stall
29660.0,29675.0,0,active
29675.0,29676.0,0,stall
29676.0,29677.0,0,active
29677.0,29678.0,0,stall
29678.0,29697.0,0,active
29697.0,29698.0,0,stall
29698.0,29703.0,0,active
29703.0,29704.0,0,stall
29704.0,29732.0,0,active
29732.0,29733.0,0,stall
29733.0,29738.0,0,active
29738.0,29739.0,0,stall
29739.0,29767.0,0,active
29767.0,29768.0,0,stall
29768.0,29773.0,0,active
29773.0,29774.0,0,stall
29774.0,29786.0,0,active
29786.0,29787.0,0,stall
29787.0,29791.0,0,active
29791.0,29792.0,0,stall
29792.0,29811.0,0,active
29811.0,29812.0,0,stall
29812.0,29814.0,0,active
29814.0,29815.0,0,stall
29815.0,29819.0,0,active
29819.0,29820.0,0,stall
29820.0,29822.0,0,active
29822.0,29823.0,0,stall
29823.0,29825.0,0,active
29825.0,29826.0,0,stall
29826.0,29828.0,0,active
29828.0,29829.0,0,stall
29829.0,29831.0,0,active
29831.0,29832.0,0,stall
29832.0,29834.0,0,active
29834.0,29835.0,0,stall
29835.0,29837.0,0,active
29837.0,29838.0,0,stall
29838.0,29840.0,0,active
29840.0,29841.0,0,stall
29841.0,29843.0,0,active
29843.0,29844.0,0,stall
29844.0,29846.0,0,active
29846.0,29847.0,0,stall
29847.0,29849.0,0,active
29849.0,29850.0,0,stall
29850.0,29852.0,0,active
29852.0,29853.0,0,stall
29853.0,29855.0,0,active
29855.0,29856.0,0,stall
29856.0,29858.0,0,active
29858.0,29859.0,0,stall
29859.0,29861.0,0,active
29861.0,29862.0,0,stall
29862.0,29864.0,0,active
29864.0,29865.0,0,stall
29865.0,29906.0,0,active
29906.0,29907.0,0,stall
29907.0,29914.0,0,active
29914.0,29916.0,0,stall
29916.0,29946.0,0,active
29946.0,29947.0,0,stall
29947.0,29950.0,0,active
29950.0,29951.0,0,stall
29951.0,29963.0,0,active
29963.0,29964.0,0,stall
29964.0,29967.0,0,active
29967.0,29968.0,0,stall
29968.0,29978.0,0,active
29978.0,29980.0,0,stall
29980.0,29998.0,0,active
29998.0,29999.0,0,stall
29999.0,30002.0,0,active
30002.0,30003.0,0,stall
30003.0,30012.0,0,active
30012.0,30013.0,0,stall
30013.0,30016.0,0,active
30016.0,30017.0,0,stall
30017.0,30029.0,0,active
30029.0,30030.0,0,stall
30030.0,30037.0,0,active
30037.0,30039.0,0,stall
30039.0,30069.0,0,active
30069.0,30070.0,0,stall
30070.0,30073.0,0,active
30073.0,30074.0,0,stall
30074.0,30086.0,0,active
30086.0,30087.0,0,stall
30087.0,30090.0,0,active
30090.0,30091.0,0,stall
30091.0,30101.0,0,active
30101.0,30103.0,0,stall
30103.0,30121.0,0,active
30121.0,30122.0,0,stall
30122.0,30125.0,0,active
30125.0,30126.0,0,stall
30126.0,30135.0,0,active
30135.0,30136.0,0,stall
30136.0,30139.0,0,active
30139.0,30140.0,0,stall
30140.0,30142.0,0,active
30142.0,30143.0,0,stall
30143.0,30146.0,0,active
30146.0,30147.0,0,stall
30147.0,30149.0,0,active
30149.0,30150.0,0,stall
30150.0,30153.0,0,active
30153.0,30154.0,0,stall
30154.0,30156.0,0,active
30156.0,30157.0,0,stall
30157.0,30160.0,0,active
30160.0,30161.0,0,stall
30161.0,30175.0,0,active
30175.0,30177.0,0,stall
30177.0,30190.0,0,active
30190.0,30191.0,0,stall
30191.0,30205.0,0,active
30205.0,30206.0,0,stall
30206.0,30226.0,0,active
30226.0,30227.0,0,stall
30227.0,30242.0,0,active
30242.0,30243.0,0,stall
30243.0,30244.0,0,active
30244.0,30245.0,0,stall
30245.0,30264.0,0,active
30264.0,30265.0,0,stall
30265.0,30270.0,0,active
30270.0,30271.0,0,stall
30271.0,30283.0,0,active
30283.0,30284.0,0,stall
30284.0,30288.0,0,active
30288.0,30289.0,0,stall
30289.0,30308.0,0,active
30308.0,30309.0,0,stall
30309.0,30311.0,0,active
30311.0,30312.0,0,stall
30312.0,30316.0,0,active
30316.0,30317.0,0,stall
30317.0,30319.0,0,active
30319.0,30320.0,0,stall
30320.0,30322.0,0,active
30322.0,30323.0,0,stall
30323.0,30325.0,0,active
30325.0,30326.0,0,stall
30326.0,30367.0,0,active
30367.0,30368.0,0,stall
30368.0,30375.0,0,active
30375.0,30377.0,0,stall
30377.0,30407.0,0,active
30407.0,30408.0,0,stall
30408.0,30411.0,0,active
30411.0,30412.0,0,stall
30412.0,30414.0,0,active
30414.0,30415.0,0,stall
30415.0,30418.0,0,active
30418.0,30419.0,0,stall
30419.0,30421.0,0,active
30421.0,30422.0,0,stall
30422.0,30425.0,0,active
30425.0,30426.0,0,stall
30426.0,30428.0,0,active
30428.0,30429.0,0,stall
30429.0,30432.0,0,active
30432.0,30433.0,0,stall
30433.0,30435.0,0,active
30435.0,30436.0,0,stall
30436.0,30439.0,0,active
30439.0,30440.0,0,stall
30440.0,30442.0,0,active
30442.0,30443.0,0,stall
30443.0,30446.0,0,active
30446.0,30447.0,0,stall
30447.0,30449.0,0,active
30449.0,30450.0,0,stall
30450.0,30453.0,0,active
30453.0,30454.0,0,stall
30454.0,30456.0,0,active
30456.0,30457.0,0,stall
30457.0,30460.0,0,active
30460.0,30461.0,0,stall
30461.0,30463.0,0,active
30463.0,30464.0,0,stall
30464.0,30467.0,0,active
30467.0,30468.0,0,stall
30468.0,30470.0,0,active
30470.0,30471.0,0,stall
30471.0,30474.0,0,active
30474.0,30475.0,0,stall
30475.0,30477.0,0,active
30477.0,30478.0,0,stall
30478.0,30481.0,0,active
30481.0,30482.0,0,stall
30482.0,30484.0,0,active
30484.0,30485.0,0,stall
30485.0,30488.0,0,active
30488.0,30489.0,0,stall
30489.0,30491.0,0,active
30491.0,30492.0,0,stall
30492.0,30495.0,0,active
30495.0,30496.0,0,stall
30496.0,30498.0,0,active
30498.0,30499.0,0,stall
30499.0,30502.0,0,active
30502.0,30503.0,0,stall
30503.0,30505.0,0,active
30505.0,30506.0,0,stall
30506.0,30509.0,0,active
30509.0,30510.0,0,stall
30510.0,30516.0,0,active
30516.0,30517.0,0,stall
30517.0,30525.0,0,active
30525.0,30526.0,0,stall
30526.0,30531.0,0,active
30531.0,30532.0,0,stall
30532.0,30535.0,0,active
30535.0,30536.0,0,stall
30536.0,30538.0,0,active
30538.0,30539.0,0,stall
30539.0,30542.0,0,active
30542.0,30543.0,0,stall
30543.0,30553.0,0,active
30553.0,30555.0,0,stall
30555.0,30573.0,0,active
30573.0,30574.0,0,stall
30574.0,30577.0,0,active
30577.0,30578.0,0,stall
30578.0,30587.0,0,active
30587.0,30588.0,0,stall
30588.0,30591.0,0,active
30591.0,30592.0,0,stall
30592.0,30604.0,0,active
30604.0,30605.0,0,stall
30605.0,30612.0,0,active
30612.0,30614.0,0,stall
30614.0,30644.0,0,active
30644.0,30645.0,0,stall
30645.0,30648.0,0,active
30648.0,30649.0,0,stall
30649.0,30651.0,0,active
30651.0,30652.0,0,stall
30652.0,30655.0,0,active
30655.0,30656.0,0,stall
30656.0,30668.0,0,active
30668.0,30669.0,0,stall
30669.0,30672.0,0,active
30672.0,30673.0,0,stall
30673.0,30675.0,0,active
30675.0,30676.0,0,stall
30676.0,30679.0,0,active
30679.0,30680.0,0,stall
30680.0,30682.0,0,active
30682.0,30683.0,0,stall
30683.0,30686.0,0,active
30686.0,30687.0,0,stall
30687.0,30689.0,0,active
30689.0,30690.0,0,stall
30690.0,30693.0,0,active
30693.0,30694.0,0,stall
30694.0,30696.0,0,active
30696.0,30697.0,0,stall
30697.0,30700.0,0,active
30700.0,30701.0,0,stall
30701.0,30703.0,0,active
30703.0,30704.0,0,stall
30704.0,30707.0,0,active
30707.0,30708.0,0,stall
30708.0,30710.0,0,active
30710.0,30711.0,0,stall
30711.0,30714.0,0,active
30714.0,30715.0,0,stall
30715.0,30717.0,0,active
30717.0,30718.0,0,stall
30718.0,30721.0,0,active
30721.0,30722.0,0,stall
30722.0,30724.0,0,active
30724.0,30725.0,0,stall
30725.0,30728.0,0,active
30728.0,30729.0,0,stall
30729.0,30731.0,0,active
30731.0,30732.0,0,stall
30732.0,30735.0,0,active
30735.0,30736.0,0,stall
30736.0,30738.0,0,active
30738.0,30739.0,0,stall
30739.0,30742.0,0,active
30742.0,30743.0,0,stall
30743.0,30745.0,0,active
30745.0,30746.0,0,stall
30746.0,30749.0,0,active
30749.0,30750.0,0,stall
30750.0,30755.0,0,active
30755.0,30756.0,0,stall
30756.0,30768.0,0,active
30768.0,30769.0,0,stall
30769.0,30773.0,0,active
30773.0,30775.0,0,stall
30775.0,30793.0,0,active
30793.0,30794.0,0,stall
30794.0,30797.0,0,active
30797.0,30798.0,0,stall
30798.0,30807.0,0,active
30807.0,30808.0,0,stall
30808.0,30811.0,0,active
30811.0,30812.0,0,stall
30812.0,30824.0,0,active
30824.0,30825.0,0,stall
30825.0,30832.0,0,active
30832.0,30834.0,0,stall
30834.0,30864.0,0,active
30864.0,30865.0,0,stall
30865.0,30868.0,0,active
30868.0,30869.0,0,stall
30869.0,30881.0,0,active
30881.0,30882.0,0,stall
30882.0,30885.0,0,active
30885.0,30886.0,0,stall
30886.0,30896.0,0,active
30896.0,30898.0,0,stall
30898.0,30916.0,0,active
30916.0,30917.0,0,stall
30917.0,30920.0,0,active
30920.0,30921.0,0,stall
30921.0,30923.0,0,active
30923.0,30924.0,0,stall
30924.0,30927.0,0,active
30927.0,30928.0,0,stall
30928.0,30930.0,0,active
30930.0,30931.0,0,stall
30931.0,30934.0,0,active
30934.0,30935.0,0,stall
30935.0,30937.0,0,active
30937.0,30938.0,0,stall
30938.0,30941.0,0,active
30941.0,30942.0,0,stall
30942.0,30944.0,0,active
30944.0,30945.0,0,stall
30945.0,30948.0,0,active
30948.0,30949.0,0,stall
30949.0,30951.0,0,active
30951.0,30952.0,0,stall
30952.0,30955.0,0,active
30955.0,30956.0,0,stall
30956.0,30958.0,0,active
30958.0,30959.0,0,stall
30959.0,30962.0,0,active
30962.0,30963.0,0,stall
30963.0,30965.0,0,active
30965.0,30966.0,0,stall
30966.0,30969.0,0,active
30969.0,30970.0,0,stall
30970.0,30972.0,0,active
30972.0,30973.0,0,stall
30973.0,30976.0,0,active
30976.0,30977.0,0,stall
30977.0,30979.0,0,active
30979.0,30980.0,0,stall
30980.0,30983.0,0,active
30983.0,30984.0,0,stall
30984.0,30986.0,0,active
30986.0,30987.0,0,stall
30987.0,30990.0,0,active
30990.0,30991.0,0,stall
30991.0,31002.0,0,active
31002.0,31003.0,0,stall
31003.0,31006.0,0,active
31006.0,31007.0,0,stall
31007.0,31016.0,0,active
31016.0,31017.0,0,stall
31017.0,31020.0,0,active
31020.0,31021.0,0,stall
31021.0,31031.0,0,active
31031.0,31032.0,0,stall
31032.0,31035.0,0,active
31035.0,31036.0,0,stall
31036.0,31048.0,0,active
31048.0,31049.0,0,stall
31049.0,31056.0,0,active
31056.0,31058.0,0,stall
31058.0,31088.0,0,active
31088.0,31089.0,0,stall
31089.0,31092.0,0,active
31092.0,31093.0,0,stall
31093.0,31105.0,0,active
31105.0,31106.0,0,stall
31106.0,31109.0,0,active
31109.0,31110.0,0,stall
31110.0,31120.0,0,active
31120.0,31122.0,0,stall
31122.0,31140.0,0,active
31140.0,31141.0,0,stall
31141.0,31144.0,0,active
31144.0,31145.0,0,stall
31145.0,31154.0,0,active
31154.0,31155.0,0,stall
31155.0,31158.0,0,active
31158.0,31159.0,0,stall
31159.0,31161.0,0,active
31161.0,31162.0,0,stall
31162.0,31165.0,0,active
31165.0,31166.0,0,stall
31166.0,31178.0,0,active
31178.0,31179.0,0,stall
31179.0,31192.0,0,active
31192.0,31193.0,0,stall
31193.0,31194.0,0,active
31194.0,31195.0,0,stall
31195.0,31200.0,0,active
31200.0,31201.0,0,stall
31201.0,31205.0,0,active
31205.0,31206.0,0,stall
31206.0,31225.0,0,active
31225.0,31226.0,0,stall
31226.0,31228.0,0,active
31228.0,31229.0,0,stall
31229.0,31233.0,0,active
31233.0,31234.0,0,stall
31234.0,31236.0,0,active
31236.0,31237.0,0,stall
31237.0,31239.0,0,active
31239.0,31240.0,0,stall
31240.0,31242.0,0,active
31242.0,31243.0,0,stall
31243.0,31245.0,0,active
31245.0,31246.0,0,stall
31246.0,31248.0,0,active
31248.0,31249.0,0,stall
31249.0,31251.0,0,active
31251.0,31252.0,0,stall
31252.0,31254.0,0,active
31254.0,31255.0,0,stall
31255.0,31257.0,0,active
31257.0,31258.0,0,stall
31258.0,31260.0,0,active
31260.0,31261.0,0,stall
31261.0,31263.0,0,active
31263.0,31264.0,0,stall
31264.0,31266.0,0,active
31266.0,31267.0,0,stall
31267.0,31269.0,0,active
31269.0,31270.0,0,stall
31270.0,31272.0,0,active
31272.0,31273.0,0,stall
31273.0,31314.0,0,active
31314.0,31315.0,0,stall
31315.0,31322.0,0,active
31322.0,31324.0,0,stall
31324.0,31354.0,0,active
31354.0,31355.0,0,stall
31355.0,31358.0,0,active
31358.0,31359.0,0,stall
31359.0,31371.0,0,active
31371.0,31372.0,0,stall
31372.0,31375.0,0,active
31375.0,31376.0,0,stall
31376.0,31386.0,0,active
31386.0,31388.0,0,stall
31388.0,31406.0,0,active
31406.0,31407.0,0,stall
31407.0,31410.0,0,active
31410.0,31411.0,0,stall
31411.0,31413.0,0,active
31413.0,31414.0,0,stall
31414.0,31417.0,0,active
31417.0,31418.0,0,stall
31418.0,31420.0,0,active
31420.0,31421.0,0,stall
31421.0,31424.0,0,active
31424.0,31425.0,0,stall
31425.0,31427.0,0,active
31427.0,31428.0,0,stall
31428.0,31431.0,0,active
31431.0,31432.0,0,stall
31432.0,31434.0,0,active
31434.0,31435.0,0,stall
31435.0,31438.0,0,active
31438.0,31439.0,0,stall
31439.0,31441.0,0,active
31441.0,31442.0,0,stall
31442.0,31445.0,0,active
31445.0,31446.0,0,stall
31446.0,31448.0,0,active
31448.0,31449.0,0,stall
31449.0,31452.0,0,active
31452.0,31453.0,0,stall
31453.0,31455.0,0,active
31455.0,31456.0,0,stall
31456.0,31459.0,0,active
31459.0,31460.0,0,stall
31460.0,31462.0,0,active
31462.0,31463.0,0,stall
31463.0,31466.0,0,active
31466.0,31467.0,0,stall
31467.0,31469.0,0,active
31469.0,31470.0,0,stall
31470.0,31473.0,0,active
31473.0,31474.0,0,stall
31474.0,31476.0,0,active
31476.0,31477.0,0,stall
31477.0,31480.0,0,active
31480.0,31481.0,0,stall
31481.0,31492.0,0,active
31492.0,31493.0,0,stall
31493.0,31496.0,0,active
31496.0,31497.0,0,stall
31497.0,31506.0,0,active
31506.0,31507.0,0,stall
31507.0,31510.0,0,active
31510.0,31511.0,0,stall
31511.0,31521.0,0,active
31521.0,31522.0,0,stall
31522.0,31525.0,0,active
31525.0,31526.0,0,stall
31526.0,31538.0,0,active
31538.0,31539.0,0,stall
31539.0,31546.0,0,active
31546.0,31548.0,0,stall
31548.0,31578.0,0,active
31578.0,31579.0,0,stall
31579.0,31582.0,0,active
31582.0,31583.0,0,stall
31583.0,31595.0,0,active
31595.0,31596.0,0,stall
31596.0,31599.0,0,active
31599.0,31600.0,0,stall
31600.0,31610.0,0,active
31610.0,31612.0,0,stall
31612.0,31630.0,0,active
31630.0,31631.0,0,stall
31631.0,31634.0,0,active
31634.0,31635.0,0,stall
31635.0,31644.0,0,active
31644.0,31645.0,0,stall
31645.0,31648.0,0,active
31648.0,31649.0,0,stall
31649.0,31661.0,0,active
31661.0,31662.0,0,stall
31662.0,31669.0,0,active
31669.0,31671.0,0,stall
31671.0,31701.0,0,active
31701.0,31702.0,0,stall
31702.0,31705.0,0,active
31705.0,31706.0,0,stall
31706.0,31718.0,0,active
31718.0,31719.0,0,stall
31719.0,31722.0,0,active
31722.0,31723.0,0,stall
31723.0,31733.0,0,active
31733.0,31735.0,0,stall
31735.0,31753.0,0,active
31753.0,31754.0,0,stall
31754.0,31757.0,0,active
31757.0,31758.0,0,stall
31758.0,31767.0,0,active
31767.0,31768.0,0,stall
31768.0,31771.0,0,active
31771.0,31772.0,0,stall
31772.0,31774.0,0,active
31774.0,31775.0,0,stall
31775.0,31778.0,0,active
31778.0,31779.0,0,stall
31779.0,31781.0,0,active
31781.0,31782.0,0,stall
31782.0,31785.0,0,active
31785.0,31786.0,0,stall
31786.0,31788.0,0,active
31788.0,31789.0,0,stall
31789.0,31792.0,0,active
31792.0,31793.0,0,stall
31793.0,31807.0,0,active
31807.0,31809.0,0,stall
31809.0,31822.0,0,active
31822.0,31823.0,0,stall
31823.0,31837.0,0,active
31837.0,31838.0,0,stall
31838.0,31858.0,0,active
31858.0,31859.0,0,stall
31859.0,31874.0,0,active
31874.0,31875.0,0,stall
31875.0,31876.0,0,active
31876.0,31877.0,0,stall
31877.0,31896.0,0,active
31896.0,31897.0,0,stall
31897.0,31902.0,0,active
31902.0,31903.0,0,stall
31903.0,31915.0,0,active
31915.0,31916.0,0,stall
31916.0,31920.0,0,active
31920.0,31921.0,0,stall
31921.0,31940.0,0,active
31940.0,31941.0,0,stall
31941.0,31943.0,0,active
31943.0,31944.0,0,stall
31944.0,31948.0,0,active
31948.0,31949.0,0,stall
31949.0,31951.0,0,active
31951.0,31952.0,0,stall
31952.0,31954.0,0,active
31954.0,31955.0,0,stall
31955.0,31957.0,0,active
31957.0,31958.0,0,stall
31958.0,31960.0,0,active
31960.0,31961.0,0,stall
31961.0,31963.0,0,active
31963.0,31964.0,0,stall
31964.0,31966.0,0,active
31966.0,31967.0,0,stall
31967.0,31969.0,0,active
31969.0,31970.0,0,stall
31970.0,31972.0,0,active
31972.0,31973.0,0,stall
31973.0,31975.0,0,active
31975.0,31976.0,0,stall
31976.0,31978.0,0,active
31978.0,31979.0,0,stall
31979.0,31981.0,0,active
31981.0,31982.0,0,stall
31982.0,31984.0,0,active
31984.0,31985.0,0,stall
31985.0,32026.0,0,active
32026.0,32027.0,0,stall
32027.0,32034.0,0,active
32034.0,32036.0,0,stall
32036.0,32066.0,0,active
32066.0,32067.0,0,stall
32067.0,32070.0,0,active
32070.0,32071.0,0,stall
32071.0,32083.0,0,active
32083.0,32084.0,0,stall
32084.0,32087.0,0,active
32087.0,32088.0,0,stall
32088.0,32098.0,0,active
32098.0,32100.0,0,stall
32100.0,32118.0,0,active
32118.0,32119.0,0,stall
32119.0,32122.0,0,active
32122.0,32123.0,0,stall
32123.0,32125.0,0,active
32125.0,32126.0,0,stall
32126.0,32129.0,0,active
32129.0,32130.0,0,stall
32130.0,32132.0,0,active
32132.0,32133.0,0,stall
32133.0,32136.0,0,active
32136.0,32137.0,0,stall
32137.0,32139.0,0,active
32139.0,32140.0,0,stall
32140.0,32143.0,0,active
32143.0,32144.0,0,stall
32144.0,32146.0,0,active
32146.0,32147.0,0,stall
32147.0,32150.0,0,active
32150.0,32151.0,0,stall
32151.0,32153.0,0,active
32153.0,32154.0,0,stall
32154.0,32157.0,0,active
32157.0,32158.0,0,stall
32158.0,32160.0,0,active
32160.0,32161.0,0,stall
32161.0,32164.0,0,active
32164.0,32165.0,0,stall
32165.0,32167.0,0,active
32167.0,32168.0,0,stall
32168.0,32171.0,0,active
32171.0,32172.0,0,stall
32172.0,32174.0,0,active
32174.0,32175.0,0,stall
32175.0,32178.0,0,active
32178.0,32179.0,0,stall
32179.0,32181.0,0,active
32181.0,32182.0,0,stall
32182.0,32185.0,0,active
32185.0,32186.0,0,stall
32186.0,32188.0,0,active
32188.0,32189.0,0,stall
32189.0,32192.0,0,active
32192.0,32193.0,0,stall
32193.0,32204.0,0,active
32204.0,32205.0,0,stall
32205.0,32208.0,0,active
32208.0,32209.0,0,stall
32209.0,32218.0,0,active
32218.0,32219.0,0,stall
32219.0,32222.0,0,active
32222.0,32223.0,0,stall
32223.0,32233.0,0,active
32233.0,32234.0,0,stall
32234.0,32237.0,0,active
32237.0,32238.0,0,stall
32238.0,32250.0,0,active
32250.0,32251.0,0,stall
32251.0,32258.0,0,active
32258.0,32260.0,0,stall
32260.0,32290.0,0,active
32290.0,32291.0,0,stall
32291.0,32294.0,0,active
32294.0,32295.0,0,stall
32295.0,32297.0,0,active
32297.0,32298.0,0,stall
32298.0,32301.0,0,active
32301.0,32302.0,0,stall
32302.0,32304.0,0,active
32304.0,32305.0,0,stall
32305.0,32308.0,0,active
32308.0,32309.0,0,stall
32309.0,32311.0,0,active
32311.0,32312.0,0,stall
32312.0,32315.0,0,active
32315.0,32316.0,0,stall
32316.0,32318.0,0,active
32318.0,32319.0,0,stall
32319.0,32322.0,0,active
32322.0,32323.0,0,stall
32323.0,32325.0,0,active
32325.0,32326.0,0,stall
32326.0,32329.0,0,active
32329.0,32330.0,0,stall
32330.0,32332.0,0,active
32332.0,32333.0,0,stall
32333.0,32336.0,0,active
32336.0,32337.0,0,stall
32337.0,32339.0,0,active
32339.0,32340.0,0,stall
32340.0,32343.0,0,active
32343.0,32344.0,0,stall
32344.0,32346.0,0,active
32346.0,32347.0,0,stall
32347.0,32350.0,0,active
32350.0,32351.0,0,stall
32351.0,32353.0,0,active
32353.0,32354.0,0,stall
32354.0,32357.0,0,active
32357.0,32358.0,0,stall
32358.0,32360.0,0,active
32360.0,32361.0,0,stall
32361.0,32364.0,0,active
32364.0,32365.0,0,stall
32365.0,32367.0,0,active
32367.0,32368.0,0,stall
32368.0,32371.0,0,active
32371.0,32372.0,0,stall
32372.0,32374.0,0,active
32374.0,32375.0,0,stall
32375.0,32378.0,0,active
32378.0,32379.0,0,stall
32379.0,32381.0,0,active
32381.0,32382.0,0,stall
32382.0,32385.0,0,active
32385.0,32386.0,0,stall
32386.0,32388.0,0,active
32388.0,32389.0,0,stall
32389.0,32392.0,0,active
32392.0,32393.0,0,stall
32393.0,32399.0,0,active
32399.0,32400.0,0,stall
32400.0,32408.0,0,active
32408.0,32409.0,0,stall
32409.0,32414.0,0,active
32414.0,32415.0,0,stall
32415.0,32418.0,0,active
32418.0,32419.0,0,stall
32419.0,32421.0,0,active
32421.0,32422.0,0,stall
32422.0,32425.0,0,active
32425.0,32426.0,0,stall
32426.0,32436.0,0,active
32436.0,32438.0,0,stall
32438.0,32456.0,0,active
32456.0,32457.0,0,stall
32457.0,32460.0,0,active
32460.0,32461.0,0,stall
32461.0,32470.0,0,active
32470.0,32471.0,0,stall
32471.0,32474.0,0,active
32474.0,32475.0,0,stall
32475.0,32487.0,0,active
32487.0,32488.0,0,stall
32488.0,32495.0,0,active
32495.0,32497.0,0,stall
32497.0,32527.0,0,active
32527.0,32528.0,0,stall
32528.0,32531.0,0,active
32531.0,32532.0,0,stall
32532.0,32544.0,0,active
32544.0,32545.0,0,stall
32545.0,32548.0,0,active
32548.0,32549.0,0,stall
32549.0,32559.0,0,active
32559.0,32561.0,0,stall
32561.0,32579.0,0,active
32579.0,32580.0,0,stall
32580.0,32583.0,0,active
32583.0,32584.0,0,stall
32584.0,32593.0,0,active
32593.0,32594.0,0,stall
32594.0,32597.0,0,active
32597.0,32598.0,0,stall
32598.0,32610.0,0,active
32610.0,32611.0,0,stall
32611.0,32618.0,0,active
32618.0,32620.0,0,stall
32620.0,32650.0,0,active
32650.0,32651.0,0,stall
32651.0,32654.0,0,active
32654.0,32655.0,0,stall
32655.0,32667.0,0,active
32667.0,32668.0,0,stall
32668.0,32671.0,0,active
32671.0,32672.0,0,stall
32672.0,32682.0,0,active
32682.0,32684.0,0,stall
32684.0,32702.0,0,active
32702.0,32703.0,0,stall
32703.0,32706.0,0,active
32706.0,32707.0,0,stall
32707.0,32716.0,0,active
32716.0,32717.0,0,stall
32717.0,32720.0,0,active
32720.0,32721.0,0,stall
32721.0,32723.0,0,active
32723.0,32724.0,0,stall
32724.0,32727.0,0,active
32727.0,32728.0,0,stall
32728.0,32730.0,0,active
32730.0,32731.0,0,stall
32731.0,32734.0,0,active
32734.0,32735.0,0,stall
32735.0,32737.0,0,active
32737.0,32738.0,0,stall
32738.0,32741.0,0,active
32741.0,32742.0,0,stall
32742.0,32756.0,0,active
32756.0,32758.0,0,stall
32758.0,32771.0,0,active
32771.0,32772.0,0,stall
32772.0,32786.0,0,active
32786.0,32787.0,0,stall
32787.0,32807.0,0,active
32807.0,32808.0,0,stall
32808.0,32815.0,0,active
32815.0,32817.0,0,stall
32817.0,32847.0,0,active
32847.0,32848.0,0,stall
32848.0,32851.0,0,active
32851.0,32852.0,0,stall
32852.0,32864.0,0,active
32864.0,32865.0,0,stall
32865.0,32868.0,0,active
32868.0,32869.0,0,stall
32869.0,32879.0,0,active
32879.0,32881.0,0,stall
32881.0,32899.0,0,active
32899.0,32900.0,0,stall
32900.0,32903.0,0,active
32903.0,32904.0,0,stall
32904.0,32913.0,0,active
32913.0,32914.0,0,stall
32914.0,32917.0,0,active
32917.0,32918.0,0,stall
32918.0,32920.0,0,active
32920.0,32921.0,0,stall
32921.0,32924.0,0,active
32924.0,32925.0,0,stall
32925.0,32937.0,0,active
32937.0,32938.0,0,stall
32938.0,32945.0,0,active
32945.0,32947.0,0,stall
32947.0,32977.0,0,active
32977.0,32978.0,0,stall
32978.0,32981.0,0,active
32981.0,32982.0,0,stall
32982.0,32994.0,0,active
32994.0,32995.0,0,stall
32995.0,32998.0,0,active
32998.0,32999.0,0,stall
32999.0,33009.0,0,active
33009.0,33011.0,0,stall
33011.0,33029.0,0,active
33029.0,33030.0,0,stall
33030.0,33033.0,0,active
33033.0,33034.0,0,stall
33034.0,33043.0,0,active
33043.0,33044.0,0,stall
33044.0,33047.0,0,active
33047.0,33048.0,0,stall
33048.0,33050.0,0,active
33050.0,33051.0,0,stall
33051.0,33054.0,0,active
33054.0,33055.0,0,stall
33055.0,33067.0,0,active
33067.0,33068.0,0,stall
33068.0,33075.0,0,active
33075.0,33077.0,0,stall
33077.0,33107.0,0,active
33107.0,33108.0,0,stall
33108.0,33111.0,0,active
33111.0,33112.0,0,stall
33112.0,33114.0,0,active
33114.0,33115.0,0,stall
33115.0,33118.0,0,active
33118.0,33119.0,0,stall
33119.0,33131.0,0,active
33131.0,33132.0,0,stall
33132.0,33135.0,0,active
33135.0,33136.0,0,stall
33136.0,33138.0,0,active
33138.0,33139.0,0,stall
33139.0,33142.0,0,active
33142.0,33143.0,0,stall
33143.0,33153.0,0,active
33153.0,33155.0,0,stall
33155.0,33173.0,0,active
33173.0,33174.0,0,stall
33174.0,33177.0,0,active
33177.0,33178.0,0,stall
33178.0,33187.0,0,active
33187.0,33188.0,0,stall
33188.0,33191.0,0,active
33191.0,33192.0,0,stall
33192.0,33204.0,0,active
33204.0,33205.0,0,stall
33205.0,33212.0,0,active
33212.0,33214.0,0,stall
33214.0,33244.0,0,active
33244.0,33245.0,0,stall
33245.0,33248.0,0,active
33248.0,33249.0,0,stall
33249.0,33261.0,0,active
33261.0,33262.0,0,stall
33262.0,33265.0,0,active
33265.0,33266.0,0,stall
33266.0,33276.0,0,active
33276.0,33278.0,0,stall
33278.0,33296.0,0,active
33296.0,33297.0,0,stall
33297.0,33300.0,0,active
33300.0,33301.0,0,stall
33301.0,33310.0,0,active
33310.0,33311.0,0,stall
33311.0,33314.0,0,active
33314.0,33315.0,0,stall
33315.0,33327.0,0,active
33327.0,33328.0,0,stall
33328.0,33335.0,0,active
33335.0,33337.0,0,stall
33337.0,33367.0,0,active
33367.0,33368.0,0,stall
33368.0,33371.0,0,active
33371.0,33372.0,0,stall
33372.0,33384.0,0,active
33384.0,33385.0,0,stall
33385.0,33388.0,0,active
33388.0,33389.0,0,stall
33389.0,33399.0,0,active
33399.0,33401.0,0,stall
33401.0,33419.0,0,active
33419.0,33420.0,0,stall
33420.0,33423.0,0,active
33423.0,33424.0,0,stall
33424.0,33433.0,0,active
33433.0,33434.0,0,stall
33434.0,33437.0,0,active
33437.0,33438.0,0,stall
33438.0,33450.0,0,active
33450.0,33451.0,0,stall
33451.0,33466.0,0,active
33466.0,33467.0,0,stall
33467.0,33468.0,0,active
33468.0,33469.0,0,stall
33469.0,33488.0,0,active
33488.0,33489.0,0,stall
33489.0,33494.0,0,active
33494.0,33495.0,0,stall
33495.0,33507.0,0,active
33507.0,33508.0,0,stall
33508.0,33512.0,0,active
33512.0,33513.0,0,stall
33513.0,33532.0,0,active
33532.0,33533.0,0,stall
33533.0,33535.0,0,active
33535.0,33536.0,0,stall
33536.0,33540.0,0,active
33540.0,33541.0,0,stall
33541.0,33543.0,0,active
33543.0,33544.0,0,stall
33544.0,33546.0,0,active
33546.0,33547.0,0,stall
33547.0,33549.0,0,active
33549.0,33550.0,0,stall
33550.0,33552.0,0,active
33552.0,33553.0,0,stall
33553.0,33555.0,0,active
33555.0,33556.0,0,stall
33556.0,33558.0,0,active
33558.0,33559.0,0,stall
33559.0,33561.0,0,active
33561.0,33562.0,0,stall
33562.0,33564.0,0,active
33564.0,33565.0,0,stall
33565.0,33567.0,0,active
33567.0,33568.0,0,stall
33568.0,33570.0,0,active
33570.0,33571.0,0,stall
33571.0,33573.0,0,active
33573.0,33574.0,0,stall
33574.0,33576.0,0,active
33576.0,33577.0,0,stall
33577.0,33579.0,0,active
33579.0,33580.0,0,stall
33580.0,33582.0,0,active
33582.0,33583.0,0,stall
33583.0,33585.0,0,active
33585.0,33586.0,0,stall
33586.0,33588.0,0,active
33588.0,33589.0,0,stall
33589.0,33630.0,0,active
33630.0,33631.0,0,stall
33631.0,33638.0,0,active
33638.0,33640.0,0,stall
33640.0,33670.0,0,active
33670.0,33671.0,0,stall
33671.0,33674.0,0,active
33674.0,33675.0,0,stall
33675.0,33687.0,0,active
33687.0,33688.0,0,stall
33688.0,33691.0,0,active
33691.0,33692.0,0,stall
33692.0,33702.0,0,active
33702.0,33704.0,0,stall
33704.0,33722.0,0,active
33722.0,33723.0,0,stall
33723.0,33726.0,0,active
33726.0,33727.0,0,stall
33727.0,33729.0,0,active
33729.0,33730.0,0,stall
33730.0,33733.0,0,active
33733.0,33734.0,0,stall
33734.0,33736.0,0,active
33736.0,33737.0,0,stall
33737.0,33740.0,0,active
33740.0,33741.0,0,stall
33741.0,33743.0,0,active
33743.0,33744.0,0,stall
33744.0,33747.0,0,active
33747.0,33748.0,0,stall
33748.0,33750.0,0,active
33750.0,33751.0,0,stall
33751.0,33754.0,0,active
33754.0,33755.0,0,stall
33755.0,33757.0,0,active
33757.0,33758.0,0,stall
33758.0,33761.0,0,active
33761.0,33762.0,0,stall
33762.0,33764.0,0,active
33764.0,33765.0,0,stall
33765.0,33768.0,0,active
33768.0,33769.0,0,stall
33769.0,33771.0,0,active
33771.0,33772.0,0,stall
33772.0,33775.0,0,active
33775.0,33776.0,0,stall
33776.0,33778.0,0,active
33778.0,33779.0,0,stall
33779.0,33782.0,0,active
33782.0,33783.0,0,stall
33783.0,33785.0,0,active
33785.0,33786.0,0,stall
33786.0,33789.0,0,active
33789.0,33790.0,0,stall
33790.0,33792.0,0,active
33792.0,33793.0,0,stall
33793.0,33796.0,0,active
33796.0,33797.0,0,stall
33797.0,33808.0,0,active
33808.0,33809.0,0,stall
33809.0,33812.0,0,active
33812.0,33813.0,0,stall
33813.0,33822.0,0,active
33822.0,33823.0,0,stall
33823.0,33826.0,0,active
33826.0,33827.0,0,stall
33827.0,33837.0,0,active
33837.0,33838.0,0,stall
33838.0,33841.0,0,active
33841.0,33842.0,0,stall
33842.0,33854.0,0,active
33854.0,33855.0,0,stall
33855.0,33862.0,0,active
33862.0,33864.0,0,stall
33864.0,33894.0,0,active
33894.0,33895.0,0,stall
33895.0,33898.0,0,active
33898.0,33899.0,0,stall
33899.0,33911.0,0,active
33911.0,33912.0,0,stall
33912.0,33915.0,0,active
33915.0,33916.0,0,stall
33916.0,33926.0,0,active
33926.0,33928.0,0,stall
33928.0,33946.0,0,active
33946.0,33947.0,0,stall
33947.0,33950.0,0,active
33950.0,33951.0,0,stall
33951.0,33953.0,0,active
33953.0,33954.0,0,stall
33954.0,33957.0,0,active
33957.0,33958.0,0,stall
33958.0,33967.0,0,active
33967.0,33968.0,0,stall
33968.0,33971.0,0,active
33971.0,33972.0,0,stall
33972.0,33984.0,0,active
33984.0,33985.0,0,stall
33985.0,33992.0,0,active
33992.0,33994.0,0,stall
33994.0,34024.0,0,active
34024.0,34025.0,0,stall
34025.0,34028.0,0,active
34028.0,34029.0,0,stall
34029.0,34041.0,0,active
34041.0,34042.0,0,stall
34042.0,34045.0,0,active
34045.0,34046.0,0,stall
34046.0,34056.0,0,active
34056.0,34058.0,0,stall
34058.0,34076.0,0,active
34076.0,34077.0,0,stall
34077.0,34080.0,0,active
34080.0,34081.0,0,stall
34081.0,34090.0,0,active
34090.0,34091.0,0,stall
34091.0,34094.0,0,active
34094.0,34095.0,0,stall
34095.0,34107.0,0,active
34107.0,34108.0,0,stall
34108.0,34115.0,0,active
34115.0,34117.0,0,stall
34117.0,34147.0,0,active
34147.0,34148.0,0,stall
34148.0,34151.0,0,active
34151.0,34152.0,0,stall
34152.0,34164.0,0,active
34164.0,34165.0,0,stall
34165.0,34168.0,0,active
34168.0,34169.0,0,stall
34169.0,34179.0,0,active
34179.0,34181.0,0,stall
34181.0,34199.0,0,active
34199.0,34200.0,0,stall
34200.0,34203.0,0,active
34203.0,34204.0,0,stall
34204.0,34213.0,0,active
34213.0,34214.0,0,stall
34214.0,34217.0,0,active
34217.0,34218.0,0,stall
34218.0,34230.0,0,active
34230.0,34231.0,0,stall
34231.0,34238.0,0,active
34238.0,34240.0,0,stall
34240.0,34270.0,0,active
34270.0,34271.0,0,stall
34271.0,34274.0,0,active
34274.0,34275.0,0,stall
34275.0,34287.0,0,active
34287.0,34288.0,0,stall
34288.0,34291.0,0,active
34291.0,34292.0,0,stall
34292.0,34302.0,0,active
34302.0,34304.0,0,stall
34304.0,34322.0,0,active
34322.0,34323.0,0,stall
34323.0,34326.0,0,active
34326.0,34327.0,0,stall
34327.0,34336.0,0,active
34336.0,34337.0,0,stall
34337.0,34340.0,0,active
34340.0,34341.0,0,stall
34341.0,34343.0,0,active
34343.0,34344.0,0,stall
34344.0,34347.0,0,active
34347.0,34348.0,0,stall
34348.0,34350.0,0,active
34350.0,34351.0,0,stall
34351.0,34354.0,0,active
34354.0,34355.0,0,stall
34355.0,34357.0,0,active
34357.0,34358.0,0,stall
34358.0,34361.0,0,active
34361.0,34362.0,0,stall
34362.0,34376.0,0,active
34376.0,34378.0,0,stall
34378.0,34391.0,0,active
34391.0,34392.0,0,stall
34392.0,34406.0,0,active
34406.0,34407.0,0,stall
34407.0,34427.0,0,active
34427.0,34428.0,0,stall
34428.0,34435.0,0,active
34435.0,34437.0,0,stall
34437.0,34467.0,0,active
34467.0,34468.0,0,stall
34468.0,34471.0,0,active
34471.0,34472.0,0,stall
34472.0,34484.0,0,active
34484.0,34485.0,0,stall
34485.0,34488.0,0,active
34488.0,34489.0,0,stall
34489.0,34499.0,0,active
34499.0,34501.0,0,stall
34501.0,34519.0,0,active
34519.0,34520.0,0,stall
34520.0,34523.0,0,active
34523.0,34524.0,0,stall
34524.0,34533.0,0,active
34533.0,34534.0,0,stall
34534.0,34537.0,0,active
34537.0,34538.0,0,stall
34538.0,34540.0,0,active
34540.0,34541.0,0,stall
34541.0,34544.0,0,active
34544.0,34545.0,0,stall
34545.0,34547.0,0,active
34547.0,34548.0,0,stall
34548.0,34551.0,0,active
34551.0,34552.0,0,stall
34552.0,34554.0,0,active
34554.0,34555.0,0,stall
34555.0,34558.0,0,active
34558.0,34559.0,0,stall
34559.0,34571.0,0,active
34571.0,34572.0,0,stall
34572.0,34579.0,0,active
34579.0,34581.0,0,stall
34581.0,34611.0,0,active
34611.0,34612.0,0,stall
34612.0,34615.0,0,active
34615.0,34616.0,0,stall
34616.0,34628.0,0,active
34628.0,34629.0,0,stall
34629.0,34632.0,0,active
34632.0,34633.0,0,stall
34633.0,34643.0,0,active
34643.0,34645.0,0,stall
34645.0,34663.0,0,active
34663.0,34664.0,0,stall
34664.0,34667.0,0,active
34667.0,34668.0,0,stall
34668.0,34677.0,0,active
34677.0,34678.0,0,stall
34678.0,34681.0,0,active
34681.0,34682.0,0,stall
34682.0,34684.0,0,active
34684.0,34685.0,0,stall
34685.0,34688.0,0,active
34688.0,34689.0,0,stall
34689.0,34691.0,0,active
34691.0,34692.0,0,stall
34692.0,34695.0,0,active
34695.0,34696.0,0,stall
34696.0,34698.0,0,active
34698.0,34699.0,0,stall
34699.0,34702.0,0,active
34702.0,34703.0,0,stall
34703.0,34715.0,0,active
34715.0,34716.0,0,stall
34716.0,34731.0,0,active
34731.0,34732.0,0,stall
34732.0,34733.0,0,active
34733.0,34734.0,0,stall
34734.0,34753.0,0,active
34753.0,34754.0,0,stall
34754.0,34759.0,0,active
34759.0,34760.0,0,stall
34760.0,34788.0,0,active
34788.0,34789.0,0,stall
34789.0,34794.0,0,active
34794.0,34795.0,0,stall
34795.0,34807.0,0,active
34807.0,34808.0,0,stall
34808.0,34812.0,0,active
34812.0,34813.0,0,stall
34813.0,34832.0,0,active
34832.0,34833.0,0,stall
34833.0,34835.0,0,active
34835.0,34836.0,0,stall
34836.0,34840.0,0,active
34840.0,34841.0,0,stall
34841.0,34843.0,0,active
34843.0,34844.0,0,stall
34844.0,34846.0,0,active
34846.0,34847.0,0,stall
34847.0,34849.0,0,active
34849.0,34850.0,0,stall
34850.0,34852.0,0,active
34852.0,34853.0,0,stall
34853.0,34894.0,0,active
34894.0,34895.0,0,stall
34895.0,34902.0,0,active
34902.0,34904.0,0,stall
34904.0,34934.0,0,active
34934.0,34935.0,0,stall
34935.0,34938.0,0,active
34938.0,34939.0,0,stall
34939.0,34951.0,0,active
34951.0,34952.0,0,stall
34952.0,34955.0,0,active
34955.0,34956.0,0,stall
34956.0,34966.0,0,active
34966.0,34968.0,0,stall
34968.0,34986.0,0,active
34986.0,34987.0,0,stall
34987.0,34990.0,0,active
34990.0,34991.0,0,stall
34991.0,34993.0,0,active
34993.0,34994.0,0,stall
34994.0,34997.0,0,active
34997.0,34998.0,0,stall
34998.0,35000.0,0,active
35000.0,35001.0,0,stall
35001.0,35004.0,0,active
35004.0,35005.0,0,stall
35005.0,35007.0,0,active
35007.0,35008.0,0,stall
35008.0,35011.0,0,active
35011.0,35012.0,0,stall
35012.0,35014.0,0,active
35014.0,35015.0,0,stall
35015.0,35018.0,0,active
35018.0,35019.0,0,stall
35019.0,35021.0,0,active
35021.0,35022.0,0,stall
35022.0,35025.0,0,active
35025.0,35026.0,0,stall
35026.0,35028.0,0,active
35028.0,35029.0,0,stall
35029.0,35032.0,0,active
35032.0,35033.0,0,stall
35033.0,35035.0,0,active
35035.0,35036.0,0,stall
35036.0,35039.0,0,active
35039.0,35040.0,0,stall
35040.0,35042.0,0,active
35042.0,35043.0,0,stall
35043.0,35046.0,0,active
35046.0,35047.0,0,stall
35047.0,35049.0,0,active
35049.0,35050.0,0,stall
35050.0,35053.0,0,active
35053.0,35054.0,0,stall
35054.0,35056.0,0,active
35056.0,35057.0,0,stall
35057.0,35060.0,0,active
35060.0,35061.0,0,stall
35061.0,35072.0,0,active
35072.0,35073.0,0,stall
35073.0,35076.0,0,active
35076.0,35077.0,0,stall
35077.0,35086.0,0,active
35086.0,35087.0,0,stall
35087.0,35090.0,0,active
35090.0,35091.0,0,stall
35091.0,35101.0,0,active
35101.0,35102.0,0,stall
35102.0,35105.0,0,active
35105.0,35106.0,0,stall
35106.0,35118.0,0,active
35118.0,35119.0,0,stall
35119.0,35134.0,0,active
35134.0,35135.0,0,stall
35135.0,35136.0,0,active
35136.0,35137.0,0,stall
35137.0,35156.0,0,active
35156.0,35157.0,0,stall
35157.0,35162.0,0,active
35162.0,35163.0,0,stall
35163.0,35191.0,0,active
35191.0,35192.0,0,stall
35192.0,35197.0,0,active
35197.0,35198.0,0,stall
35198.0,35271.0,0,active
35271.0,35272.0,0,stall
35272.0,35327.0,0,active
35327.0,35328.0,0,stall
35328.0,35341.0,0,active
35341.0,35342.0,0,stall
35342.0,35346.0,0,active
35346.0,35347.0,0,stall
35347.0,35349.0,0,active
35349.0,35353.0,0,stall
35353.0,35356.0,0,active
35356.0,35357.0,0,stall
35357.0,35397.0,0,active
35397.0,35398.0,0,stall
35398.0,35405.0,0,active
35405.0,35407.0,0,stall
35407.0,35437.0,0,active
35437.0,35438.0,0,stall
35438.0,35441.0,0,active
35441.0,35442.0,0,stall
35442.0,35444.0,0,active
35444.0,35445.0,0,stall
35445.0,35448.0,0,active
35448.0,35449.0,0,stall
35449.0,35451.0,0,active
35451.0,35452.0,0,stall
35452.0,35455.0,0,active
35455.0,35456.0,0,stall
35456.0,35458.0,0,active
35458.0,35459.0,0,stall
35459.0,35462.0,0,active
35462.0,35463.0,0,stall
35463.0,35465.0,0,active
35465.0,35466.0,0,stall
35466.0,35469.0,0,active
35469.0,35470.0,0,stall
35470.0,35472.0,0,active
35472.0,35473.0,0,stall
35473.0,35476.0,0,active
35476.0,35477.0,0,stall
35477.0,35479.0,0,active
35479.0,35480.0,0,stall
35480.0,35483.0,0,active
35483.0,35484.0,0,stall
35484.0,35486.0,0,active
35486.0,35487.0,0,stall
35487.0,35490.0,0,active
35490.0,35491.0,0,stall
35491.0,35493.0,0,active
35493.0,35494.0,0,stall
35494.0,35497.0,0,active
35497.0,35498.0,0,stall
35498.0,35500.0,0,active
35500.0,35501.0,0,stall
35501.0,35504.0,0,active
35504.0,35505.0,0,stall
35505.0,35507.0,0,active
35507.0,35508.0,0,stall
35508.0,35511.0,0,active
35511.0,35512.0,0,stall
35512.0,35514.0,0,active
35514.0,35515.0,0,stall
35515.0,35518.0,0,active
35518.0,35519.0,0,stall
35519.0,35521.0,0,active
35521.0,35522.0,0,stall
35522.0,35525.0,0,active
35525.0,35526.0,0,stall
35526.0,35528.0,0,active
35528.0,35529.0,0,stall
35529.0,35532.0,0,active
35532.0,35533.0,0,stall
35533.0,35535.0,0,active
35535.0,35536.0,0,stall
35536.0,35539.0,0,active
35539.0,35540.0,0,stall
35540.0,35546.0,0,active
35546.0,35547.0,0,stall
35547.0,35555.0,0,active
35555.0,35556.0,0,stall
35556.0,35561.0,0,active
35561.0,35562.0,0,stall
35562.0,35565.0,0,active
35565.0,35566.0,0,stall
35566.0,35568.0,0,active
35568.0,35569.0,0,stall
35569.0,35572.0,0,active
35572.0,35573.0,0,stall
35573.0,35583.0,0,active
35583.0,35585.0,0,stall
35585.0,35601.0,0,active
35601.0,35602.0,0,stall
35602.0,35605.0,0,active
35605.0,35606.0,0,stall
35606.0,35617.0,0,active
35617.0,35618.0,0,stall
35618.0,35625.0,0,active
35625.0,35627.0,0,stall
35627.0,35657.0,0,active
35657.0,35658.0,0,stall
35658.0,35661.0,0,active
35661.0,35662.0,0,stall
35662.0,35664.0,0,active
35664.0,35665.0,0,stall
35665.0,35668.0,0,active
35668.0,35669.0,0,stall
35669.0,35681.0,0,active
35681.0,35682.0,0,stall
35682.0,35685.0,0,active
35685.0,35686.0,0,stall
35686.0,35688.0,0,active
35688.0,35689.0,0,stall
35689.0,35692.0,0,active
35692.0,35693.0,0,stall
35693.0,35695.0,0,active
35695.0,35696.0,0,stall
35696.0,35699.0,0,active
35699.0,35700.0,0,stall
35700.0,35702.0,0,active
35702.0,35703.0,0,stall
35703.0,35706.0,0,active
35706.0,35707.0,0,stall
35707.0,35709.0,0,active
35709.0,35710.0,0,stall
35710.0,35713.0,0,active
35713.0,35714.0,0,stall
35714.0,35716.0,0,active
35716.0,35717.0,0,stall
35717.0,35720.0,0,active
35720.0,35721.0,0,stall
35721.0,35723.0,0,active
35723.0,35724.0,0,stall
35724.0,35727.0,0,active
35727.0,35728.0,0,stall
35728.0,35730.0,0,active
35730.0,35731.0,0,stall
35731.0,35734.0,0,active
35734.0,35735.0,0,stall
35735.0,35737.0,0,active
35737.0,35738.0,0,stall
35738.0,35741.0,0,active
35741.0,35742.0,0,stall
35742.0,35744.0,0,active
35744.0,35745.0,0,stall
35745.0,35748.0,0,active
35748.0,35749.0,0,stall
35749.0,35751.0,0,active
35751.0,35752.0,0,stall
35752.0,35755.0,0,active
35755.0,35756.0,0,stall
35756.0,35758.0,0,active
35758.0,35759.0,0,stall
35759.0,35762.0,0,active
35762.0,35763.0,0,stall
35763.0,35768.0,0,active
35768.0,35769.0,0,stall
35769.0,35781.0,0,active
35781.0,35782.0,0,stall
35782.0,35786.0,0,active
35786.0,35788.0,0,stall
35788.0,35804.0,0,active
35804.0,35805.0,0,stall
35805.0,35808.0,0,active
35808.0,35809.0,0,stall
35809.0,35820.0,0,active
35820.0,35821.0,0,stall
35821.0,35828.0,0,active
35828.0,35830.0,0,stall
35830.0,35860.0,0,active
35860.0,35861.0,0,stall
35861.0,35864.0,0,active
35864.0,35865.0,0,stall
35865.0,35877.0,0,active
35877.0,35878.0,0,stall
35878.0,35881.0,0,active
35881.0,35882.0,0,stall
35882.0,35892.0,0,active
35892.0,35894.0,0,stall
35894.0,35910.0,0,active
35910.0,35911.0,0,stall
35911.0,35914.0,0,active
35914.0,35915.0,0,stall
35915.0,35917.0,0,active
35917.0,35918.0,0,stall
35918.0,35921.0,0,active
35921.0,35922.0,0,stall
35922.0,35924.0,0,active
35924.0,35925.0,0,stall
35925.0,35928.0,0,active
35928.0,35929.0,0,stall
35929.0,35931.0,0,active
35931.0,35932.0,0,stall
35932.0,35935.0,0,active
35935.0,35936.0,0,stall
35936.0,35938.0,0,active
35938.0,35939.0,0,stall
35939.0,35942.0,0,active
35942.0,35943.0,0,stall
35943.0,35945.0,0,active
35945.0,35946.0,0,stall
35946.0,35949.0,0,active
35949.0,35950.0,0,stall
35950.0,35952.0,0,active
35952.0,35953.0,0,stall
35953.0,35956.0,0,active
35956.0,35957.0,0,stall
35957.0,35959.0,0,active
35959.0,35960.0,0,stall
35960.0,35963.0,0,active
35963.0,35964.0,0,stall
35964.0,35966.0,0,active
35966.0,35967.0,0,stall
35967.0,35970.0,0,active
35970.0,35971.0,0,stall
35971.0,35973.0,0,active
35973.0,35974.0,0,stall
35974.0,35977.0,0,active
35977.0,35978.0,0,stall
35978.0,35980.0,0,active
35980.0,35981.0,0,stall
35981.0,35984.0,0,active
35984.0,35985.0,0,stall
35985.0,35995.0,0,active
35995.0,35996.0,0,stall
35996.0,36009.0,0,active
36009.0,36010.0,0,stall
36010.0,36013.0,0,active
36013.0,36014.0,0,stall
36014.0,36016.0,0,active
36016.0,36017.0,0,stall
36017.0,36020.0,0,active
36020.0,36021.0,0,stall
36021.0,36023.0,0,active
36023.0,36024.0,0,stall
36024.0,36027.0,0,active
36027.0,36028.0,0,stall
36028.0,36030.0,0,active
36030.0,36031.0,0,stall
36031.0,36034.0,0,active
36034.0,36035.0,0,stall
36035.0,36043.0,0,active
36043.0,36044.0,0,stall
36044.0,36046.0,0,active
36046.0,36047.0,0,stall
36047.0,36049.0,0,active
36049.0,36050.0,0,stall
36050.0,36052.0,0,active
36052.0,36053.0,0,stall
36053.0,36055.0,0,active
36055.0,36056.0,0,stall
36056.0,36058.0,0,active
36058.0,36059.0,0,stall
36059.0,36061.0,0,active
36061.0,36062.0,0,stall
36062.0,36064.0,0,active
36064.0,36065.0,0,stall
36065.0,36067.0,0,active
36067.0,36068.0,0,stall
36068.0,36070.0,0,active
36070.0,36071.0,0,stall
36071.0,36073.0,0,active
36073.0,36074.0,0,stall
36074.0,36076.0,0,active
36076.0,36077.0,0,stall
36077.0,36079.0,0,active
36079.0,36080.0,0,stall
36080.0,36082.0,0,active
36082.0,36083.0,0,stall
36083.0,36085.0,0,active
36085.0,36086.0,0,stall
36086.0,36088.0,0,active
36088.0,36089.0,0,stall
36089.0,36091.0,0,active
36091.0,36092.0,0,stall
36092.0,36094.0,0,active
36094.0,36095.0,0,stall
36095.0,36097.0,0,active
36097.0,36098.0,0,stall
36098.0,36100.0,0,active
36100.0,36101.0,0,stall
36101.0,36103.0,0,active
36103.0,36104.0,0,stall
36104.0,36106.0,0,active
36106.0,36107.0,0,stall
36107.0,36132.0,0,active
36132.0,36133.0,0,stall
36133.0,36140.0,0,active
36140.0,36142.0,0,stall
36142.0,36172.0,0,active
36172.0,36173.0,0,stall
36173.0,36176.0,0,active
36176.0,36177.0,0,stall
36177.0,36189.0,0,active
36189.0,36190.0,0,stall
36190.0,36193.0,0,active
36193.0,36194.0,0,stall
36194.0,36204.0,0,active
36204.0,36206.0,0,stall
36206.0,36222.0,0,active
36222.0,36223.0,0,stall
36223.0,36226.0,0,active
36226.0,36227.0,0,stall
36227.0,36238.0,0,active
36238.0,36239.0,0,stall
36239.0,36252.0,0,active
36252.0,36253.0,0,stall
36253.0,36254.0,0,active
36254.0,36255.0,0,stall
36255.0,36260.0,0,active
36260.0,36261.0,0,stall
36261.0,36265.0,0,active
36265.0,36266.0,0,stall
36266.0,36268.0,0,active
36268.0,36272.0,0,stall
36272.0,36275.0,0,active
36275.0,36276.0,0,stall
36276.0,36278.0,0,active
36278.0,36279.0,0,stall
36279.0,36281.0,0,active
36281.0,36282.0,0,stall
36282.0,36284.0,0,active
36284.0,36285.0,0,stall
36285.0,36287.0,0,active
36287.0,36288.0,0,stall
36288.0,36290.0,0,active
36290.0,36291.0,0,stall
36291.0,36293.0,0,active
36293.0,36294.0,0,stall
36294.0,36335.0,0,active
36335.0,36336.0,0,stall
36336.0,36343.0,0,active
36343.0,36345.0,0,stall
36345.0,36375.0,0,active
36375.0,36376.0,0,stall
36376.0,36379.0,0,active
36379.0,36380.0,0,stall
36380.0,36392.0,0,active
36392.0,36393.0,0,stall
36393.0,36396.0,0,active
36396.0,36397.0,0,stall
36397.0,36407.0,0,active
36407.0,36409.0,0,stall
36409.0,36425.0,0,active
36425.0,36426.0,0,stall
36426.0,36429.0,0,active
36429.0,36430.0,0,stall
36430.0,36441.0,0,active
36441.0,36442.0,0,stall
36442.0,36449.0,0,active
36449.0,36451.0,0,stall
36451.0,36481.0,0,active
36481.0,36482.0,0,stall
36482.0,36485.0,0,active
36485.0,36486.0,0,stall
36486.0,36498.0,0,active
36498.0,36499.0,0,stall
36499.0,36502.0,0,active
36502.0,36503.0,0,stall
36503.0,36513.0,0,active
36513.0,36515.0,0,stall
36515.0,36531.0,0,active
36531.0,36532.0,0,stall
36532.0,36535.0,0,active
36535.0,36536.0,0,stall
36536.0,36547.0,0,active
36547.0,36548.0,0,stall
36548.0,36563.0,0,active
36563.0,36564.0,0,stall
36564.0,36565.0,0,active
36565.0,36566.0,0,stall
36566.0,36585.0,0,active
36585.0,36586.0,0,stall
36586.0,36591.0,0,active
36591.0,36592.0,0,stall
36592.0,36604.0,0,active
36604.0,36605.0,0,stall
36605.0,36609.0,0,active
36609.0,36610.0,0,stall
36610.0,36612.0,0,active
36612.0,36616.0,0,stall
36616.0,36619.0,0,active
36619.0,36620.0,0,stall
36620.0,36622.0,0,active
36622.0,36623.0,0,stall
36623.0,36625.0,0,active
36625.0,36626.0,0,stall
36626.0,36628.0,0,active
36628.0,36629.0,0,stall
36629.0,36631.0,0,active
36631.0,36632.0,0,stall
36632.0,36673.0,0,active
36673.0,36674.0,0,stall
36674.0,36681.0,0,active
36681.0,36683.0,0,stall
36683.0,36713.0,0,active
36713.0,36714.0,0,stall
36714.0,36717.0,0,active
36717.0,36718.0,0,stall
36718.0,36720.0,0,active
36720.0,36721.0,0,stall
36721.0,36724.0,0,active
36724.0,36725.0,0,stall
36725.0,36727.0,0,active
36727.0,36728.0,0,stall
36728.0,36731.0,0,active
36731.0,36732.0,0,stall
36732.0,36734.0,0,active
36734.0,36735.0,0,stall
36735.0,36738.0,0,active
36738.0,36739.0,0,stall
36739.0,36741.0,0,active
36741.0,36742.0,0,stall
36742.0,36745.0,0,active
36745.0,36746.0,0,stall
36746.0,36748.0,0,active
36748.0,36749.0,0,stall
36749.0,36752.0,0,active
36752.0,36753.0,0,stall
36753.0,36755.0,0,active
36755.0,36756.0,0,stall
36756.0,36759.0,0,active
36759.0,36760.0,0,stall
36760.0,36762.0,0,active
36762.0,36763.0,0,stall
36763.0,36766.0,0,active
36766.0,36767.0,0,stall
36767.0,36769.0,0,active
36769.0,36770.0,0,stall
36770.0,36773.0,0,active
36773.0,36774.0,0,stall
36774.0,36776.0,0,active
36776.0,36777.0,0,stall
36777.0,36780.0,0,active
36780.0,36781.0,0,stall
36781.0,36783.0,0,active
36783.0,36784.0,0,stall
36784.0,36787.0,0,active
36787.0,36788.0,0,stall
36788.0,36790.0,0,active
36790.0,36791.0,0,stall
36791.0,36794.0,0,active
36794.0,36795.0,0,stall
36795.0,36797.0,0,active
36797.0,36798.0,0,stall
36798.0,36801.0,0,active
36801.0,36802.0,0,stall
36802.0,36804.0,0,active
36804.0,36805.0,0,stall
36805.0,36808.0,0,active
36808.0,36809.0,0,stall
36809.0,36811.0,0,active
36811.0,36812.0,0,stall
36812.0,36815.0,0,active
36815.0,36816.0,0,stall
36816.0,36822.0,0,active
36822.0,36823.0,0,stall
36823.0,36831.0,0,active
36831.0,36832.0,0,stall
36832.0,36837.0,0,active
36837.0,36838.0,0,stall
36838.0,36841.0,0,active
36841.0,36842.0,0,stall
36842.0,36844.0,0,active
36844.0,36845.0,0,stall
36845.0,36848.0,0,active
36848.0,36849.0,0,stall
36849.0,36859.0,0,active
36859.0,36861.0,0,stall
36861.0,36877.0,0,active
36877.0,36878.0,0,stall
36878.0,36881.0,0,active
36881.0,36882.0,0,stall
36882.0,36893.0,0,active
36893.0,36894.0,0,stall
36894.0,36901.0,0,active
36901.0,36903.0,0,stall
36903.0,36933.0,0,active
36933.0,36934.0,0,stall
36934.0,36937.0,0,active
36937.0,36938.0,0,stall
36938.0,36940.0,0,active
36940.0,36941.0,0,stall
36941.0,36944.0,0,active
36944.0,36945.0,0,stall
36945.0,36957.0,0,active
36957.0,36958.0,0,stall
36958.0,36961.0,0,active
36961.0,36962.0,0,stall
36962.0,36964.0,0,active
36964.0,36965.0,0,stall
36965.0,36968.0,0,active
36968.0,36969.0,0,stall
36969.0,36971.0,0,active
36971.0,36972.0,0,stall
36972.0,36975.0,0,active
36975.0,36976.0,0,stall
36976.0,36978.0,0,active
36978.0,36979.0,0,stall
36979.0,36982.0,0,active
36982.0,36983.0,0,stall
36983.0,36985.0,0,active
36985.0,36986.0,0,stall
36986.0,36989.0,0,active
36989.0,36990.0,0,stall
36990.0,36992.0,0,active
36992.0,36993.0,0,stall
36993.0,36996.0,0,active
36996.0,36997.0,0,stall
36997.0,36999.0,0,active
36999.0,37000.0,0,stall
37000.0,37003.0,0,active
37003.0,37004.0,0,stall
37004.0,37006.0,0,active
37006.0,37007.0,0,stall
37007.0,37010.0,0,active
37010.0,37011.0,0,stall
37011.0,37013.0,0,active
37013.0,37014.0,0,stall
37014.0,37017.0,0,active
37017.0,37018.0,0,stall
37018.0,37020.0,0,active
37020.0,37021.0,0,stall
37021.0,37024.0,0,active
37024.0,37025.0,0,stall
37025.0,37027.0,0,active
37027.0,37028.0,0,stall
37028.0,37031.0,0,active
37031.0,37032.0,0,stall
37032.0,37034.0,0,active
37034.0,37035.0,0,stall
37035.0,37038.0,0,active
37038.0,37039.0,0,stall
37039.0,37044.0,0,active
37044.0,37045.0,0,stall
37045.0,37057.0,0,active
37057.0,37058.0,0,stall
37058.0,37062.0,0,active
37062.0,37064.0,0,stall
37064.0,37080.0,0,active
37080.0,37081.0,0,stall
37081.0,37084.0,0,active
37084.0,37085.0,0,stall
37085.0,37096.0,0,active
37096.0,37097.0,0,stall
37097.0,37104.0,0,active
37104.0,37106.0,0,stall
37106.0,37136.0,0,active
37136.0,37137.0,0,stall
37137.0,37140.0,0,active
37140.0,37141.0,0,stall
37141.0,37153.0,0,active
37153.0,37154.0,0,stall
37154.0,37157.0,0,active
37157.0,37158.0,0,stall
37158.0,37168.0,0,active
37168.0,37170.0,0,stall
37170.0,37186.0,0,active
37186.0,37187.0,0,stall
37187.0,37190.0,0,active
37190.0,37191.0,0,stall
37191.0,37202.0,0,active
37202.0,37203.0,0,stall
37203.0,37216.0,0,active
37216.0,37217.0,0,stall
37217.0,37218.0,0,active
37218.0,37219.0,0,stall
37219.0,37224.0,0,active
37224.0,37225.0,0,stall
37225.0,37229.0,0,active
37229.0,37230.0,0,stall
37230.0,37232.0,0,active
37232.0,37236.0,0,stall
37236.0,37239.0,0,active
37239.0,37240.0,0,stall
37240.0,37242.0,0,active
37242.0,37243.0,0,stall
37243.0,37245.0,0,active
37245.0,37246.0,0,stall
37246.0,37248.0,0,active
37248.0,37249.0,0,stall
37249.0,37251.0,0,active
37251.0,37252.0,0,stall
37252.0,37254.0,0,active
37254.0,37255.0,0,stall
37255.0,37296.0,0,active
37296.0,37297.0,0,stall
37297.0,37304.0,0,active
37304.0,37306.0,0,stall
37306.0,37336.0,0,active
37336.0,37337.0,0,stall
37337.0,37340.0,0,active
37340.0,37341.0,0,stall
37341.0,37353.0,0,active
37353.0,37354.0,0,stall
37354.0,37357.0,0,active
37357.0,37358.0,0,stall
37358.0,37368.0,0,active
37368.0,37370.0,0,stall
37370.0,37386.0,0,active
37386.0,37387.0,0,stall
37387.0,37390.0,0,active
37390.0,37391.0,0,stall
37391.0,37402.0,0,active
37402.0,37403.0,0,stall
37403.0,37410.0,0,active
37410.0,37412.0,0,stall
37412.0,37442.0,0,active
37442.0,37443.0,0,stall
37443.0,37446.0,0,active
37446.0,37447.0,0,stall
37447.0,37459.0,0,active
37459.0,37460.0,0,stall
37460.0,37463.0,0,active
37463.0,37464.0,0,stall
37464.0,37474.0,0,active
37474.0,37476.0,0,stall
37476.0,37492.0,0,active
37492.0,37493.0,0,stall
37493.0,37496.0,0,active
37496.0,37497.0,0,stall
37497.0,37508.0,0,active
37508.0,37509.0,0,stall
37509.0,37516.0,0,active
37516.0,37518.0,0,stall
37518.0,37548.0,0,active
37548.0,37549.0,0,stall
37549.0,37552.0,0,active
37552.0,37553.0,0,stall
37553.0,37565.0,0,active
37565.0,37566.0,0,stall
37566.0,37569.0,0,active
37569.0,37570.0,0,stall
37570.0,37580.0,0,active
37580.0,37582.0,0,stall
37582.0,37598.0,0,active
37598.0,37599.0,0,stall
37599.0,37602.0,0,active
37602.0,37603.0,0,stall
37603.0,37614.0,0,active
37614.0,37615.0,0,stall
37615.0,37622.0,0,active
37622.0,37624.0,0,stall
37624.0,37654.0,0,active
37654.0,37655.0,0,stall
37655.0,37658.0,0,active
37658.0,37659.0,0,stall
37659.0,37671.0,0,active
37671.0,37672.0,0,stall
37672.0,37675.0,0,active
37675.0,37676.0,0,stall
37676.0,37686.0,0,active
37686.0,37688.0,0,stall
37688.0,37704.0,0,active
37704.0,37705.0,0,stall
37705.0,37708.0,0,active
37708.0,37709.0,0,stall
37709.0,37711.0,0,active
37711.0,37712.0,0,stall
37712.0,37715.0,0,active
37715.0,37716.0,0,stall
37716.0,37718.0,0,active
37718.0,37719.0,0,stall
37719.0,37722.0,0,active
37722.0,37723.0,0,stall
37723.0,37725.0,0,active
37725.0,37726.0,0,stall
37726.0,37729.0,0,active
37729.0,37730.0,0,stall
37730.0,37732.0,0,active
37732.0,37733.0,0,stall
37733.0,37736.0,0,active
37736.0,37737.0,0,stall
37737.0,37739.0,0,active
37739.0,37740.0,0,stall
37740.0,37743.0,0,active
37743.0,37744.0,0,stall
37744.0,37746.0,0,active
37746.0,37747.0,0,stall
37747.0,37750.0,0,active
37750.0,37751.0,0,stall
37751.0,37753.0,0,active
37753.0,37754.0,0,stall
37754.0,37757.0,0,active
37757.0,37758.0,0,stall
37758.0,37760.0,0,active
37760.0,37761.0,0,stall
37761.0,37764.0,0,active
37764.0,37765.0,0,stall
37765.0,37767.0,0,active
37767.0,37768.0,0,stall
37768.0,37771.0,0,active
37771.0,37772.0,0,stall
37772.0,37774.0,0,active
37774.0,37775.0,0,stall
37775.0,37778.0,0,active
37778.0,37779.0,0,stall
37779.0,37789.0,0,active
37789.0,37790.0,0,stall
37790.0,37803.0,0,active
37803.0,37804.0,0,stall
37804.0,37807.0,0,active
37807.0,37808.0,0,stall
37808.0,37816.0,0,active
37816.0,37817.0,0,stall
37817.0,37819.0,0,active
37819.0,37820.0,0,stall
37820.0,37822.0,0,active
37822.0,37823.0,0,stall
37823.0,37825.0,0,active
37825.0,37826.0,0,stall
37826.0,37828.0,0,active
37828.0,37829.0,0,stall
37829.0,37831.0,0,active
37831.0,37832.0,0,stall
37832.0,37857.0,0,active
37857.0,37858.0,0,stall
37858.0,37865.0,0,active
37865.0,37867.0,0,stall
37867.0,37897.0,0,active
37897.0,37898.0,0,stall
37898.0,37901.0,0,active
37901.0,37902.0,0,stall
37902.0,37914.0,0,active
37914.0,37915.0,0,stall
37915.0,37918.0,0,active
37918.0,37919.0,0,stall
37919.0,37929.0,0,active
37929.0,37931.0,0,stall
37931.0,37947.0,0,active
37947.0,37948.0,0,stall
37948.0,37951.0,0,active
37951.0,37952.0,0,stall
37952.0,37963.0,0,active
37963.0,37964.0,0,stall
37964.0,37971.0,0,active
37971.0,37973.0,0,stall
37973.0,38003.0,0,active
38003.0,38004.0,0,stall
38004.0,38007.0,0,active
38007.0,38008.0,0,stall
38008.0,38020.0,0,active
38020.0,38021.0,0,stall
38021.0,38024.0,0,active
38024.0,38025.0,0,stall
38025.0,38035.0,0,active
38035.0,38037.0,0,stall
38037.0,38053.0,0,active
38053.0,38054.0,0,stall
38054.0,38057.0,0,active
38057.0,38058.0,0,stall
38058.0,38069.0,0,active
38069.0,38070.0,0,stall
38070.0,38077.0,0,active
38077.0,38079.0,0,stall
38079.0,38109.0,0,active
38109.0,38110.0,0,stall
38110.0,38113.0,0,active
38113.0,38114.0,0,stall
38114.0,38126.0,0,active
38126.0,38127.0,0,stall
38127.0,38130.0,0,active
38130.0,38131.0,0,stall
38131.0,38141.0,0,active
38141.0,38143.0,0,stall
38143.0,38159.0,0,active
38159.0,38160.0,0,stall
38160.0,38163.0,0,active
38163.0,38164.0,0,stall
38164.0,38175.0,0,active
38175.0,38176.0,0,stall
38176.0,38183.0,0,active
38183.0,38185.0,0,stall
38185.0,38215.0,0,active
38215.0,38216.0,0,stall
38216.0,38219.0,0,active
38219.0,38220.0,0,stall
38220.0,38232.0,0,active
38232.0,38233.0,0,stall
38233.0,38236.0,0,active
38236.0,38237.0,0,stall
38237.0,38247.0,0,active
38247.0,38249.0,0,stall
38249.0,38265.0,0,active
38265.0,38266.0,0,stall
38266.0,38269.0,0,active
38269.0,38270.0,0,stall
38270.0,38281.0,0,active
38281.0,38282.0,0,stall
38282.0,38289.0,0,active
38289.0,38291.0,0,stall
38291.0,38321.0,0,active
38321.0,38322.0,0,stall
38322.0,38325.0,0,active
38325.0,38326.0,0,stall
38326.0,38338.0,0,active
38338.0,38339.0,0,stall
38339.0,38342.0,0,active
38342.0,38343.0,0,stall
38343.0,38353.0,0,active
38353.0,38355.0,0,stall
38355.0,38371.0,0,active
38371.0,38372.0,0,stall
38372.0,38375.0,0,active
38375.0,38376.0,0,stall
38376.0,38378.0,0,active
38378.0,38379.0,0,stall
38379.0,38382.0,0,active
38382.0,38383.0,0,stall
38383.0,38394.0,0,active
38394.0,38395.0,0,stall
38395.0,38408.0,0,active
38408.0,38409.0,0,stall
38409.0,38410.0,0,active
38410.0,38411.0,0,stall
38411.0,38416.0,0,active
38416.0,38417.0,0,stall
38417.0,38421.0,0,active
38421.0,38422.0,0,stall
38422.0,38424.0,0,active
38424.0,38428.0,0,stall
38428.0,38431.0,0,active
38431.0,38432.0,0,stall
38432.0,38434.0,0,active
38434.0,38435.0,0,stall
38435.0,38437.0,0,active
38437.0,38438.0,0,stall
38438.0,38440.0,0,active
38440.0,38441.0,0,stall
38441.0,38443.0,0,active
38443.0,38444.0,0,stall
38444.0,38446.0,0,active
38446.0,38447.0,0,stall
38447.0,38449.0,0,active
38449.0,38450.0,0,stall
38450.0,38452.0,0,active
38452.0,38453.0,0,stall
38453.0,38455.0,0,active
38455.0,38456.0,0,stall
38456.0,38458.0,0,active
38458.0,38459.0,0,stall
38459.0,38461.0,0,active
38461.0,38462.0,0,stall
38462.0,38464.0,0,active
38464.0,38465.0,0,stall
38465.0,38467.0,0,active
38467.0,38468.0,0,stall
38468.0,38470.0,0,active
38470.0,38471.0,0,stall
38471.0,38473.0,0,active
38473.0,38474.0,0,stall
38474.0,38476.0,0,active
38476.0,38477.0,0,stall
38477.0,38479.0,0,active
38479.0,38480.0,0,stall
38480.0,38482.0,0,active
38482.0,38483.0,0,stall
38483.0,38485.0,0,active
38485.0,38486.0,0,stall
38486.0,38488.0,0,active
38488.0,38489.0,0,stall
38489.0,38491.0,0,active
38491.0,38492.0,0,stall
38492.0,38533.0,0,active
38533.0,38534.0,0,stall
38534.0,38541.0,0,active
38541.0,38543.0,0,stall
38543.0,38573.0,0,active
38573.0,38574.0,0,stall
38574.0,38577.0,0,active
38577.0,38578.0,0,stall
38578.0,38580.0,0,active
38580.0,38581.0,0,stall
38581.0,38584.0,0,active
38584.0,38585.0,0,stall
38585.0,38587.0,0,active
38587.0,38588.0,0,stall
38588.0,38591.0,0,active
38591.0,38592.0,0,stall
38592.0,38594.0,0,active
38594.0,38595.0,0,stall
38595.0,38598.0,0,active
38598.0,38599.0,0,stall
38599.0,38601.0,0,active
38601.0,38602.0,0,stall
38602.0,38605.0,0,active
38605.0,38606.0,0,stall
38606.0,38608.0,0,active
38608.0,38609.0,0,stall
38609.0,38612.0,0,active
38612.0,38613.0,0,stall
38613.0,38615.0,0,active
38615.0,38616.0,0,stall
38616.0,38619.0,0,active
38619.0,38620.0,0,stall
38620.0,38622.0,0,active
38622.0,38623.0,0,stall
38623.0,38626.0,0,active
38626.0,38627.0,0,stall
38627.0,38629.0,0,active
38629.0,38630.0,0,stall
38630.0,38633.0,0,active
38633.0,38634.0,0,stall
38634.0,38636.0,0,active
38636.0,38637.0,0,stall
38637.0,38640.0,0,active
38640.0,38641.0,0,stall
38641.0,38643.0,0,active
38643.0,38644.0,0,stall
38644.0,38647.0,0,active
38647.0,38648.0,0,stall
38648.0,38650.0,0,active
38650.0,38651.0,0,stall
38651.0,38654.0,0,active
38654.0,38655.0,0,stall
38655.0,38657.0,0,active
38657.0,38658.0,0,stall
38658.0,38661.0,0,active
38661.0,38662.0,0,stall
38662.0,38664.0,0,active
38664.0,38665.0,0,stall
38665.0,38668.0,0,active
38668.0,38669.0,0,stall
38669.0,38671.0,0,active
38671.0,38672.0,0,stall
38672.0,38675.0,0,active
38675.0,38676.0,0,stall
38676.0,38682.0,0,active
38682.0,38683.0,0,stall
38683.0,38691.0,0,active
38691.0,38692.0,0,stall
38692.0,38697.0,0,active
38697.0,38698.0,0,stall
38698.0,38701.0,0,active
38701.0,38702.0,0,stall
38702.0,38704.0,0,active
38704.0,38705.0,0,stall
38705.0,38708.0,0,active
38708.0,38709.0,0,stall
38709.0,38719.0,0,active
38719.0,38721.0,0,stall
38721.0,38737.0,0,active
38737.0,38738.0,0,stall
38738.0,38741.0,0,active
38741.0,38742.0,0,stall
38742.0,38753.0,0,active
38753.0,38754.0,0,stall
38754.0,38761.0,0,active
38761.0,38763.0,0,stall
38763.0,38793.0,0,active
38793.0,38794.0,0,stall
38794.0,38797.0,0,active
38797.0,38798.0,0,stall
38798.0,38800.0,0,active
38800.0,38801.0,0,stall
38801.0,38804.0,0,active
38804.0,38805.0,0,stall
38805.0,38817.0,0,active
38817.0,38818.0,0,stall
38818.0,38821.0,0,active
38821.0,38822.0,0,stall
38822.0,38824.0,0,active
38824.0,38825.0,0,stall
38825.0,38828.0,0,active
38828.0,38829.0,0,stall
38829.0,38839.0,0,active
38839.0,38841.0,0,stall
38841.0,38857.0,0,active
38857.0,38858.0,0,stall
38858.0,38861.0,0,active
38861.0,38862.0,0,stall
38862.0,38873.0,0,active
38873.0,38874.0,0,stall
38874.0,38881.0,0,active
38881.0,38883.0,0,stall
38883.0,38913.0,0,active
38913.0,38914.0,0,stall
38914.0,38917.0,0,active
38917.0,38918.0,0,stall
38918.0,38930.0,0,active
38930.0,38931.0,0,stall
38931.0,38934.0,0,active
38934.0,38935.0,0,stall
38935.0,38945.0,0,active
38945.0,38947.0,0,stall
38947.0,38963.0,0,active
38963.0,38964.0,0,stall
38964.0,38967.0,0,active
38967.0,38968.0,0,stall
38968.0,38979.0,0,active
38979.0,38980.0,0,stall
38980.0,38987.0,0,active
38987.0,38989.0,0,stall
38989.0,39019.0,0,active
39019.0,39020.0,0,stall
39020.0,39023.0,0,active
39023.0,39024.0,0,stall
39024.0,39036.0,0,active
39036.0,39037.0,0,stall
39037.0,39040.0,0,active
39040.0,39041.0,0,stall
39041.0,39051.0,0,active
39051.0,39053.0,0,stall
39053.0,39069.0,0,active
39069.0,39070.0,0,stall
39070.0,39073.0,0,active
39073.0,39074.0,0,stall
39074.0,39076.0,0,active
39076.0,39077.0,0,stall
39077.0,39080.0,0,active
39080.0,39081.0,0,stall
39081.0,39083.0,0,active
39083.0,39084.0,0,stall
39084.0,39087.0,0,active
39087.0,39088.0,0,stall
39088.0,39090.0,0,active
39090.0,39091.0,0,stall
39091.0,39094.0,0,active
39094.0,39095.0,0,stall
39095.0,39097.0,0,active
39097.0,39098.0,0,stall
39098.0,39101.0,0,active
39101.0,39102.0,0,stall
39102.0,39104.0,0,active
39104.0,39105.0,0,stall
39105.0,39108.0,0,active
39108.0,39109.0,0,stall
39109.0,39111.0,0,active
39111.0,39112.0,0,stall
39112.0,39115.0,0,active
39115.0,39116.0,0,stall
39116.0,39118.0,0,active
39118.0,39119.0,0,stall
39119.0,39122.0,0,active
39122.0,39123.0,0,stall
39123.0,39125.0,0,active
39125.0,39126.0,0,stall
39126.0,39129.0,0,active
39129.0,39130.0,0,stall
39130.0,39132.0,0,active
39132.0,39133.0,0,stall
39133.0,39136.0,0,active
39136.0,39137.0,0,stall
39137.0,39139.0,0,active
39139.0,39140.0,0,stall
39140.0,39143.0,0,active
39143.0,39144.0,0,stall
39144.0,39154.0,0,active
39154.0,39155.0,0,stall
39155.0,39168.0,0,active
39168.0,39169.0,0,stall
39169.0,39172.0,0,active
39172.0,39173.0,0,stall
39173.0,39181.0,0,active
39181.0,39182.0,0,stall
39182.0,39184.0,0,active
39184.0,39185.0,0,stall
39185.0,39187.0,0,active
39187.0,39188.0,0,stall
39188.0,39190.0,0,active
39190.0,39191.0,0,stall
39191.0,39193.0,0,active
39193.0,39194.0,0,stall
39194.0,39196.0,0,active
39196.0,39197.0,0,stall
39197.0,39199.0,0,active
39199.0,39200.0,0,stall
39200.0,39202.0,0,active
39202.0,39203.0,0,stall
39203.0,39205.0,0,active
39205.0,39206.0,0,stall
39206.0,39208.0,0,active
39208.0,39209.0,0,stall
39209.0,39211.0,0,active
39211.0,39212.0,0,stall
39212.0,39214.0,0,active
39214.0,39215.0,0,stall
39215.0,39217.0,0,active
39217.0,39218.0,0,stall
39218.0,39220.0,0,active
39220.0,39221.0,0,stall
39221.0,39223.0,0,active
39223.0,39224.0,0,stall
39224.0,39249.0,0,active
39249.0,39250.0,0,stall
39250.0,39257.0,0,active
39257.0,39259.0,0,stall
39259.0,39289.0,0,active
39289.0,39290.0,0,stall
39290.0,39293.0,0,active
39293.0,39294.0,0,stall
39294.0,39306.0,0,active
39306.0,39307.0,0,stall
39307.0,39310.0,0,active
39310.0,39311.0,0,stall
39311.0,39321.0,0,active
39321.0,39323.0,0,stall
39323.0,39339.0,0,active
39339.0,39340.0,0,stall
39340.0,39343.0,0,active
39343.0,39344.0,0,stall
39344.0,39355.0,0,active
39355.0,39356.0,0,stall
39356.0,39371.0,0,active
39371.0,39372.0,0,stall
39372.0,39373.0,0,active
39373.0,39374.0,0,stall
39374.0,39393.0,0,active
39393.0,39394.0,0,stall
39394.0,39399.0,0,active
39399.0,39400.0,0,stall
39400.0,39428.0,0,active
39428.0,39429.0,0,stall
39429.0,39434.0,0,active
39434.0,39435.0,0,stall
39435.0,39463.0,0,active
39463.0,39464.0,0,stall
39464.0,39469.0,0,active
39469.0,39470.0,0,stall
39470.0,39482.0,0,active
39482.0,39483.0,0,stall
39483.0,39487.0,0,active
39487.0,39488.0,0,stall
39488.0,39490.0,0,active
39490.0,39494.0,0,stall
39494.0,39497.0,0,active
39497.0,39498.0,0,stall
39498.0,39500.0,0,active
39500.0,39501.0,0,stall
39501.0,39503.0,0,active
39503.0,39504.0,0,stall
39504.0,39506.0,0,active
39506.0,39507.0,0,stall
39507.0,39509.0,0,active
39509.0,39510.0,0,stall
39510.0,39512.0,0,active
39512.0,39513.0,0,stall
39513.0,39515.0,0,active
39515.0,39516.0,0,stall
39516.0,39518.0,0,active
39518.0,39519.0,0,stall
39519.0,39521.0,0,active
39521.0,39522.0,0,stall
39522.0,39524.0,0,active
39524.0,39525.0,0,stall
39525.0,39527.0,0,active
39527.0,39528.0,0,stall
39528.0,39530.0,0,active
39530.0,39531.0,0,stall
39531.0,39533.0,0,active
39533.0,39534.0,0,stall
39534.0,39536.0,0,active
39536.0,39537.0,0,stall
39537.0,39539.0,0,active
39539.0,39540.0,0,stall
39540.0,39542.0,0,active
39542.0,39543.0,0,stall
39543.0,39584.0,0,active
39584.0,39585.0,0,stall
39585.0,39592.0,0,active
39592.0,39594.0,0,stall
39594.0,39624.0,0,active
39624.0,39625.0,0,stall
39625.0,39628.0,0,active
39628.0,39629.0,0,stall
39629.0,39641.0,0,active
39641.0,39642.0,0,stall
39642.0,39645.0,0,active
39645.0,39646.0,0,stall
39646.0,39656.0,0,active
39656.0,39658.0,0,stall
39658.0,39674.0,0,active
39674.0,39675.0,0,stall
39675.0,39678.0,0,active
39678.0,39679.0,0,stall
39679.0,39690.0,0,active
39690.0,39691.0,0,stall
39691.0,39698.0,0,active
39698.0,39700.0,0,stall
39700.0,39730.0,0,active
39730.0,39731.0,0,stall
39731.0,39734.0,0,active
39734.0,39735.0,0,stall
39735.0,39747.0,0,active
39747.0,39748.0,0,stall
39748.0,39751.0,0,active
39751.0,39752.0,0,stall
39752.0,39762.0,0,active
39762.0,39764.0,0,stall
39764.0,39780.0,0,active
39780.0,39781.0,0,stall
39781.0,39784.0,0,active
39784.0,39785.0,0,stall
39785.0,39796.0,0,active
39796.0,39797.0,0,stall
39797.0,39812.0,0,active
39812.0,39813.0,0,stall
39813.0,39814.0,0,active
39814.0,39815.0,0,stall
39815.0,39834.0,0,active
39834.0,39835.0,0,stall
39835.0,39840.0,0,active
39840.0,39841.0,0,stall
39841.0,39853.0,0,active
39853.0,39854.0,0,stall
39854.0,39858.0,0,active
39858.0,39859.0,0,stall
39859.0,39861.0,0,active
39861.0,39865.0,0,stall
39865.0,39868.0,0,active
39868.0,39869.0,0,stall
39869.0,39871.0,0,active
39871.0,39872.0,0,stall
39872.0,39874.0,0,active
39874.0,39875.0,0,stall
39875.0,39877.0,0,active
39877.0,39878.0,0,stall
39878.0,39919.0,0,active
39919.0,39920.0,0,stall
39920.0,39927.0,0,active
39927.0,39929.0,0,stall
39929.0,39959.0,0,active
39959.0,39960.0,0,stall
39960.0,39963.0,0,active
39963.0,39964.0,0,stall
39964.0,39966.0,0,active
39966.0,39967.0,0,stall
39967.0,39970.0,0,active
39970.0,39971.0,0,stall
39971.0,39973.0,0,active
39973.0,39974.0,0,stall
39974.0,39977.0,0,active
39977.0,39978.0,0,stall
39978.0,39980.0,0,active
39980.0,39981.0,0,stall
39981.0,39984.0,0,active
39984.0,39985.0,0,stall
39985.0,39987.0,0,active
39987.0,39988.0,0,stall
39988.0,39991.0,0,active
39991.0,39992.0,0,stall
39992.0,39994.0,0,active
39994.0,39995.0,0,stall
39995.0,39998.0,0,active
39998.0,39999.0,0,stall
39999.0,40001.0,0,active
40001.0,40002.0,0,stall
40002.0,40005.0,0,active
40005.0,40006.0,0,stall
40006.0,40008.0,0,active
40008.0,40009.0,0,stall
40009.0,40012.0,0,active
40012.0,40013.0,0,stall
40013.0,40015.0,0,active
40015.0,40016.0,0,stall
40016.0,40019.0,0,active
40019.0,40020.0,0,stall
40020.0,40022.0,0,active
40022.0,40023.0,0,stall
40023.0,40026.0,0,active
40026.0,40027.0,0,stall
40027.0,40029.0,0,active
40029.0,40030.0,0,stall
40030.0,40033.0,0,active
40033.0,40034.0,0,stall
40034.0,40036.0,0,active
40036.0,40037.0,0,stall
40037.0,40040.0,0,active
40040.0,40041.0,0,stall
40041.0,40043.0,0,active
40043.0,40044.0,0,stall
40044.0,40047.0,0,active
40047.0,40048.0,0,stall
40048.0,40050.0,0,active
40050.0,40051.0,0,stall
40051.0,40054.0,0,active
40054.0,40055.0,0,stall
40055.0,40057.0,0,active
40057.0,40058.0,0,stall
40058.0,40061.0,0,active
40061.0,40062.0,0,stall
40062.0,40068.0,0,active
40068.0,40069.0,0,stall
40069.0,40077.0,0,active
40077.0,40078.0,0,stall
40078.0,40083.0,0,active
40083.0,40084.0,0,stall
40084.0,40087.0,0,active
40087.0,40088.0,0,stall
40088.0,40090.0,0,active
40090.0,40091.0,0,stall
40091.0,40094.0,0,active
40094.0,40095.0,0,stall
40095.0,40105.0,0,active
40105.0,40107.0,0,stall
40107.0,40123.0,0,active
40123.0,40124.0,0,stall
40124.0,40127.0,0,active
40127.0,40128.0,0,stall
40128.0,40139.0,0,active
40139.0,40140.0,0,stall
40140.0,40147.0,0,active
40147.0,40149.0,0,stall
40149.0,40179.0,0,active
40179.0,40180.0,0,stall
40180.0,40183.0,0,active
40183.0,40184.0,0,stall
40184.0,40186.0,0,active
40186.0,40187.0,0,stall
40187.0,40190.0,0,active
40190.0,40191.0,0,stall
40191.0,40203.0,0,active
40203.0,40204.0,0,stall
40204.0,40207.0,0,active
40207.0,40208.0,0,stall
40208.0,40210.0,0,active
40210.0,40211.0,0,stall
40211.0,40214.0,0,active
40214.0,40215.0,0,stall
40215.0,40217.0,0,active
40217.0,40218.0,0,stall
40218.0,40221.0,0,active
40221.0,40222.0,0,stall
40222.0,40224.0,0,active
40224.0,40225.0,0,stall
40225.0,40228.0,0,active
40228.0,40229.0,0,stall
40229.0,40231.0,0,active
40231.0,40232.0,0,stall
40232.0,40235.0,0,active
40235.0,40236.0,0,stall
40236.0,40238.0,0,active
40238.0,40239.0,0,stall
40239.0,40242.0,0,active
40242.0,40243.0,0,stall
40243.0,40245.0,0,active
40245.0,40246.0,0,stall
40246.0,40249.0,0,active
40249.0,40250.0,0,stall
40250.0,40252.0,0,active
40252.0,40253.0,0,stall
40253.0,40256.0,0,active
40256.0,40257.0,0,stall
40257.0,40259.0,0,active
40259.0,40260.0,0,stall
40260.0,40263.0,0,active
40263.0,40264.0,0,stall
40264.0,40266.0,0,active
40266.0,40267.0,0,stall
40267.0,40270.0,0,active
40270.0,40271.0,0,stall
40271.0,40273.0,0,active
40273.0,40274.0,0,stall
40274.0,40277.0,0,active
40277.0,40278.0,0,stall
40278.0,40280.0,0,active
40280.0,40281.0,0,stall
40281.0,40284.0,0,active
40284.0,40285.0,0,stall
40285.0,40290.0,0,active
40290.0,40291.0,0,stall
40291.0,40303.0,0,active
40303.0,40304.0,0,stall
40304.0,40308.0,0,active
40308.0,40310.0,0,stall
40310.0,40326.0,0,active
40326.0,40327.0,0,stall
40327.0,40330.0,0,active
40330.0,40331.0,0,stall
40331.0,40342.0,0,active
40342.0,40343.0,0,stall
40343.0,40350.0,0,active
40350.0,40352.0,0,stall
40352.0,40382.0,0,active
40382.0,40383.0,0,stall
40383.0,40386.0,0,active
40386.0,40387.0,0,stall
40387.0,40399.0,0,active
40399.0,40400.0,0,stall
40400.0,40403.0,0,active
40403.0,40404.0,0,stall
40404.0,40414.0,0,active
40414.0,40416.0,0,stall
40416.0,40432.0,0,active
40432.0,40433.0,0,stall
40433.0,40436.0,0,active
40436.0,40437.0,0,stall
40437.0,40439.0,0,active
40439.0,40440.0,0,stall
40440.0,40443.0,0,active
40443.0,40444.0,0,stall
40444.0,40446.0,0,active
40446.0,40447.0,0,stall
40447.0,40450.0,0,active
40450.0,40451.0,0,stall
40451.0,40453.0,0,active
40453.0,40454.0,0,stall
40454.0,40457.0,0,active
40457.0,40458.0,0,stall
40458.0,40460.0,0,active
40460.0,40461.0,0,stall
40461.0,40464.0,0,active
40464.0,40465.0,0,stall
40465.0,40467.0,0,active
40467.0,40468.0,0,stall
40468.0,40471.0,0,active
40471.0,40472.0,0,stall
40472.0,40474.0,0,active
40474.0,40475.0,0,stall
40475.0,40478.0,0,active
40478.0,40479.0,0,stall
40479.0,40481.0,0,active
40481.0,40482.0,0,stall
40482.0,40485.0,0,active
40485.0,40486.0,0,stall
40486.0,40488.0,0,active
40488.0,40489.0,0,stall
40489.0,40492.0,0,active
40492.0,40493.0,0,stall
40493.0,40495.0,0,active
40495.0,40496.0,0,stall
40496.0,40499.0,0,active
40499.0,40500.0,0,stall
40500.0,40502.0,0,active
40502.0,40503.0,0,stall
40503.0,40506.0,0,active
40506.0,40507.0,0,stall
40507.0,40517.0,0,active
40517.0,40518.0,0,stall
40518.0,40531.0,0,active
40531.0,40532.0,0,stall
40532.0,40535.0,0,active
40535.0,40536.0,0,stall
40536.0,40538.0,0,active
40538.0,40539.0,0,stall
40539.0,40542.0,0,active
40542.0,40543.0,0,stall
40543.0,40545.0,0,active
40545.0,40546.0,0,stall
40546.0,40549.0,0,active
40549.0,40550.0,0,stall
40550.0,40552.0,0,active
40552.0,40553.0,0,stall
40553.0,40556.0,0,active
40556.0,40557.0,0,stall
40557.0,40565.0,0,active
40565.0,40566.0,0,stall
40566.0,40568.0,0,active
40568.0,40569.0,0,stall
40569.0,40571.0,0,active
40571.0,40572.0,0,stall
40572.0,40574.0,0,active
40574.0,40575.0,0,stall
40575.0,40577.0,0,active
40577.0,40578.0,0,stall
40578.0,40580.0,0,active
40580.0,40581.0,0,stall
40581.0,40583.0,0,active
40583.0,40584.0,0,stall
40584.0,40586.0,0,active
40586.0,40587.0,0,stall
40587.0,40589.0,0,active
40589.0,40590.0,0,stall
40590.0,40592.0,0,active
40592.0,40593.0,0,stall
40593.0,40595.0,0,active
40595.0,40596.0,0,stall
40596.0,40598.0,0,active
40598.0,40599.0,0,stall
40599.0,40601.0,0,active
40601.0,40602.0,0,stall
40602.0,40604.0,0,active
40604.0,40605.0,0,stall
40605.0,40607.0,0,active
40607.0,40608.0,0,stall
40608.0,40610.0,0,active
40610.0,40611.0,0,stall
40611.0,40613.0,0,active
40613.0,40614.0,0,stall
40614.0,40616.0,0,active
40616.0,40617.0,0,stall
40617.0,40619.0,0,active
40619.0,40620.0,0,stall
40620.0,40622.0,0,active
40622.0,40623.0,0,stall
40623.0,40625.0,0,active
40625.0,40626.0,0,stall
40626.0,40628.0,0,active
40628.0,40629.0,0,stall
40629.0,40641.0,0,active
40641.0,40642.0,0,stall
40642.0,40645.0,0,active
40645.0,40646.0,0,stall
40646.0,40654.0,0,active
40654.0,40655.0,0,stall
40655.0,40657.0,0,active
40657.0,40658.0,0,stall
40658.0,40660.0,0,active
40660.0,40661.0,0,stall
40661.0,40663.0,0,active
40663.0,40664.0,0,stall
40664.0,40666.0,0,active
40666.0,40667.0,0,stall
40667.0,40669.0,0,active
40669.0,40670.0,0,stall
40670.0,40672.0,0,active
40672.0,40673.0,0,stall
40673.0,40675.0,0,active
40675.0,40676.0,0,stall
40676.0,40678.0,0,active
40678.0,40679.0,0,stall
40679.0,40681.0,0,active
40681.0,40682.0,0,stall
40682.0,40684.0,0,active
40684.0,40685.0,0,stall
40685.0,40710.0,0,active
40710.0,40711.0,0,stall
40711.0,40718.0,0,active
40718.0,40720.0,0,stall
40720.0,40750.0,0,active
40750.0,40751.0,0,stall
40751.0,40754.0,0,active
40754.0,40755.0,0,stall
40755.0,40767.0,0,active
40767.0,40768.0,0,stall
40768.0,40771.0,0,active
40771.0,40772.0,0,stall
40772.0,40782.0,0,active
40782.0,40784.0,0,stall
40784.0,40800.0,0,active
40800.0,40801.0,0,stall
40801.0,40804.0,0,active
40804.0,40805.0,0,stall
40805.0,40816.0,0,active
40816.0,40817.0,0,stall
40817.0,40830.0,0,active
40830.0,40831.0,0,stall
40831.0,40832.0,0,active
40832.0,40833.0,0,stall
40833.0,40838.0,0,active
40838.0,40839.0,0,stall
40839.0,40843.0,0,active
40843.0,40844.0,0,stall
40844.0,40846.0,0,active
40846.0,40850.0,0,stall
40850.0,40853.0,0,active
40853.0,40854.0,0,stall
40854.0,40856.0,0,active
40856.0,40857.0,0,stall
40857.0,40859.0,0,active
40859.0,40860.0,0,stall
40860.0,40862.0,0,active
40862.0,40863.0,0,stall
40863.0,40865.0,0,active
40865.0,40866.0,0,stall
40866.0,40868.0,0,active
40868.0,40869.0,0,stall
40869.0,40871.0,0,active
40871.0,40872.0,0,stall
40872.0,40874.0,0,active
40874.0,40875.0,0,stall
40875.0,40877.0,0,active
40877.0,40878.0,0,stall
40878.0,40880.0,0,active
40880.0,40881.0,0,stall
40881.0,40883.0,0,active
40883.0,40884.0,0,stall
40884.0,40886.0,0,active
40886.0,40887.0,0,stall
40887.0,40889.0,0,active
40889.0,40890.0,0,stall
40890.0,40892.0,0,active
40892.0,40893.0,0,stall
40893.0,40934.0,0,active
40934.0,40935.0,0,stall
40935.0,40942.0,0,active
40942.0,40944.0,0,stall
40944.0,40974.0,0,active
40974.0,40975.0,0,stall
40975.0,40978.0,0,active
40978.0,40979.0,0,stall
40979.0,40991.0,0,active
40991.0,40992.0,0,stall
40992.0,40995.0,0,active
40995.0,40996.0,0,stall
40996.0,41006.0,0,active
41006.0,41008.0,0,stall
41008.0,41024.0,0,active
41024.0,41025.0,0,stall
41025.0,41028.0,0,active
41028.0,41029.0,0,stall
41029.0,41031.0,0,active
41031.0,41032.0,0,stall
41032.0,41035.0,0,active
41035.0,41036.0,0,stall
41036.0,41038.0,0,active
41038.0,41039.0,0,stall
41039.0,41042.0,0,active
41042.0,41043.0,0,stall
41043.0,41045.0,0,active
41045.0,41046.0,0,stall
41046.0,41049.0,0,active
41049.0,41050.0,0,stall
41050.0,41052.0,0,active
41052.0,41053.0,0,stall
41053.0,41056.0,0,active
41056.0,41057.0,0,stall
41057.0,41059.0,0,active
41059.0,41060.0,0,stall
41060.0,41063.0,0,active
41063.0,41064.0,0,stall
41064.0,41066.0,0,active
41066.0,41067.0,0,stall
41067.0,41070.0,0,active
41070.0,41071.0,0,stall
41071.0,41073.0,0,active
41073.0,41074.0,0,stall
41074.0,41077.0,0,active
41077.0,41078.0,0,stall
41078.0,41080.0,0,active
41080.0,41081.0,0,stall
41081.0,41084.0,0,active
41084.0,41085.0,0,stall
41085.0,41087.0,0,active
41087.0,41088.0,0,stall
41088.0,41091.0,0,active
41091.0,41092.0,0,stall
41092.0,41094.0,0,active
41094.0,41095.0,0,stall
41095.0,41098.0,0,active
41098.0,41099.0,0,stall
41099.0,41109.0,0,active
41109.0,41110.0,0,stall
41110.0,41123.0,0,active
41123.0,41124.0,0,stall
41124.0,41127.0,0,active
41127.0,41128.0,0,stall
41128.0,41136.0,0,active
41136.0,41137.0,0,stall
41137.0,41139.0,0,active
41139.0,41140.0,0,stall
41140.0,41142.0,0,active
41142.0,41143.0,0,stall
41143.0,41145.0,0,active
41145.0,41146.0,0,stall
41146.0,41148.0,0,active
41148.0,41149.0,0,stall
41149.0,41151.0,0,active
41151.0,41152.0,0,stall
41152.0,41154.0,0,active
41154.0,41155.0,0,stall
41155.0,41157.0,0,active
41157.0,41158.0,0,stall
41158.0,41160.0,0,active
41160.0,41161.0,0,stall
41161.0,41163.0,0,active
41163.0,41164.0,0,stall
41164.0,41166.0,0,active
41166.0,41167.0,0,stall
41167.0,41169.0,0,active
41169.0,41170.0,0,stall
41170.0,41172.0,0,active
41172.0,41173.0,0,stall
41173.0,41198.0,0,active
41198.0,41199.0,0,stall
41199.0,41206.0,0,active
41206.0,41208.0,0,stall
41208.0,41238.0,0,active
41238.0,41239.0,0,stall
41239.0,41242.0,0,active
41242.0,41243.0,0,stall
41243.0,41255.0,0,active
41255.0,41256.0,0,stall
41256.0,41259.0,0,active
41259.0,41260.0,0,stall
41260.0,41270.0,0,active
41270.0,41272.0,0,stall
41272.0,41288.0,0,active
41288.0,41289.0,0,stall
41289.0,41292.0,0,active
41292.0,41293.0,0,stall
41293.0,41304.0,0,active
41304.0,41305.0,0,stall
41305.0,41312.0,0,active
41312.0,41314.0,0,stall
41314.0,41344.0,0,active
41344.0,41345.0,0,stall
41345.0,41348.0,0,active
41348.0,41349.0,0,stall
41349.0,41361.0,0,active
41361.0,41362.0,0,stall
41362.0,41365.0,0,active
41365.0,41366.0,0,stall
41366.0,41376.0,0,active
41376.0,41378.0,0,stall
41378.0,41394.0,0,active
41394.0,41395.0,0,stall
41395.0,41398.0,0,active
41398.0,41399.0,0,stall
41399.0,41410.0,0,active
41410.0,41411.0,0,stall
41411.0,41426.0,0,active
41426.0,41427.0,0,stall
41427.0,41428.0,0,active
41428.0,41429.0,0,stall
41429.0,41448.0,0,active
41448.0,41449.0,0,stall
41449.0,41454.0,0,active
41454.0,41455.0,0,stall
41455.0,41467.0,0,active
41467.0,41468.0,0,stall
41468.0,41472.0,0,active
41472.0,41473.0,0,stall
41473.0,41475.0,0,active
41475.0,41479.0,0,stall
41479.0,41482.0,0,active
41482.0,41483.0,0,stall
41483.0,41485.0,0,active
41485.0,41486.0,0,stall
41486.0,41488.0,0,active
41488.0,41489.0,0,stall
41489.0,41491.0,0,active
41491.0,41492.0,0,stall
41492.0,41494.0,0,active
41494.0,41495.0,0,stall
41495.0,41497.0,0,active
41497.0,41498.0,0,stall
41498.0,41500.0,0,active
41500.0,41501.0,0,stall
41501.0,41503.0,0,active
41503.0,41504.0,0,stall
41504.0,41506.0,0,active
41506.0,41507.0,0,stall
41507.0,41509.0,0,active
41509.0,41510.0,0,stall
41510.0,41512.0,0,active
41512.0,41513.0,0,stall
41513.0,41515.0,0,active
41515.0,41516.0,0,stall
41516.0,41518.0,0,active
41518.0,41519.0,0,stall
41519.0,41560.0,0,active
41560.0,41561.0,0,stall
41561.0,41568.0,0,active
41568.0,41570.0,0,stall
41570.0,41600.0,0,active
41600.0,41601.0,0,stall
41601.0,41604.0,0,active
41604.0,41605.0,0,stall
41605.0,41617.0,0,active
41617.0,41618.0,0,stall
41618.0,41621.0,0,active
41621.0,41622.0,0,stall
41622.0,41632.0,0,active
41632.0,41634.0,0,stall
41634.0,41650.0,0,active
41650.0,41651.0,0,stall
41651.0,41654.0,0,active
41654.0,41655.0,0,stall
41655.0,41657.0,0,active
41657.0,41658.0,0,stall
41658.0,41661.0,0,active
41661.0,41662.0,0,stall
41662.0,41664.0,0,active
41664.0,41665.0,0,stall
41665.0,41668.0,0,active
41668.0,41669.0,0,stall
41669.0,41671.0,0,active
41671.0,41672.0,0,stall
41672.0,41675.0,0,active
41675.0,41676.0,0,stall
41676.0,41678.0,0,active
41678.0,41679.0,0,stall
41679.0,41682.0,0,active
41682.0,41683.0,0,stall
41683.0,41685.0,0,active
41685.0,41686.0,0,stall
41686.0,41689.0,0,active
41689.0,41690.0,0,stall
41690.0,41692.0,0,active
41692.0,41693.0,0,stall
41693.0,41696.0,0,active
41696.0,41697.0,0,stall
41697.0,41699.0,0,active
41699.0,41700.0,0,stall
41700.0,41703.0,0,active
41703.0,41704.0,0,stall
41704.0,41706.0,0,active
41706.0,41707.0,0,stall
41707.0,41710.0,0,active
41710.0,41711.0,0,stall
41711.0,41713.0,0,active
41713.0,41714.0,0,stall
41714.0,41717.0,0,active
41717.0,41718.0,0,stall
41718.0,41720.0,0,active
41720.0,41721.0,0,stall
41721.0,41724.0,0,active
41724.0,41725.0,0,stall
41725.0,41735.0,0,active
41735.0,41736.0,0,stall
41736.0,41749.0,0,active
41749.0,41750.0,0,stall
41750.0,41753.0,0,active
41753.0,41754.0,0,stall
41754.0,41762.0,0,active
41762.0,41763.0,0,stall
41763.0,41765.0,0,active
41765.0,41766.0,0,stall
41766.0,41768.0,0,active
41768.0,41769.0,0,stall
41769.0,41771.0,0,active
41771.0,41772.0,0,stall
41772.0,41774.0,0,active
41774.0,41775.0,0,stall
41775.0,41777.0,0,active
41777.0,41778.0,0,stall
41778.0,41780.0,0,active
41780.0,41781.0,0,stall
41781.0,41783.0,0,active
41783.0,41784.0,0,stall
41784.0,41786.0,0,active
41786.0,41787.0,0,stall
41787.0,41789.0,0,active
41789.0,41790.0,0,stall
41790.0,41792.0,0,active
41792.0,41793.0,0,stall
41793.0,41795.0,0,active
41795.0,41796.0,0,stall
41796.0,41821.0,0,active
41821.0,41822.0,0,stall
41822.0,41829.0,0,active
41829.0,41831.0,0,stall
41831.0,41861.0,0,active
41861.0,41862.0,0,stall
41862.0,41865.0,0,active
41865.0,41866.0,0,stall
41866.0,41868.0,0,active
41868.0,41869.0,0,stall
41869.0,41872.0,0,active
41872.0,41873.0,0,stall
41873.0,41875.0,0,active
41875.0,41876.0,0,stall
41876.0,41879.0,0,active
41879.0,41880.0,0,stall
41880.0,41882.0,0,active
41882.0,41883.0,0,stall
41883.0,41886.0,0,active
41886.0,41887.0,0,stall
41887.0,41889.0,0,active
41889.0,41890.0,0,stall
41890.0,41893.0,0,active
41893.0,41894.0,0,stall
41894.0,41896.0,0,active
41896.0,41897.0,0,stall
41897.0,41900.0,0,active
41900.0,41901.0,0,stall
41901.0,41903.0,0,active
41903.0,41904.0,0,stall
41904.0,41907.0,0,active
41907.0,41908.0,0,stall
41908.0,41910.0,0,active
41910.0,41911.0,0,stall
41911.0,41914.0,0,active
41914.0,41915.0,0,stall
41915.0,41917.0,0,active
41917.0,41918.0,0,stall
41918.0,41921.0,0,active
41921.0,41922.0,0,stall
41922.0,41924.0,0,active
41924.0,41925.0,0,stall
41925.0,41928.0,0,active
41928.0,41929.0,0,stall
41929.0,41931.0,0,active
41931.0,41932.0,0,stall
41932.0,41935.0,0,active
41935.0,41936.0,0,stall
41936.0,41938.0,0,active
41938.0,41939.0,0,stall
41939.0,41942.0,0,active
41942.0,41943.0,0,stall
41943.0,41945.0,0,active
41945.0,41946.0,0,stall
41946.0,41949.0,0,active
41949.0,41950.0,0,stall
41950.0,41952.0,0,active
41952.0,41953.0,0,stall
41953.0,41956.0,0,active
41956.0,41957.0,0,stall
41957.0,41959.0,0,active
41959.0,41960.0,0,stall
41960.0,41963.0,0,active
41963.0,41964.0,0,stall
41964.0,41970.0,0,active
41970.0,41971.0,0,stall
41971.0,41979.0,0,active
41979.0,41980.0,0,stall
41980.0,41985.0,0,active
41985.0,41986.0,0,stall
41986.0,41989.0,0,active
41989.0,41990.0,0,stall
41990.0,41992.0,0,active
41992.0,41993.0,0,stall
41993.0,41996.0,0,active
41996.0,41997.0,0,stall
41997.0,42007.0,0,active
42007.0,42009.0,0,stall
42009.0,42025.0,0,active
42025.0,42026.0,0,stall
42026.0,42029.0,0,active
42029.0,42030.0,0,stall
42030.0,42041.0,0,active
42041.0,42042.0,0,stall
42042.0,42049.0,0,active
42049.0,42051.0,0,stall
42051.0,42081.0,0,active
42081.0,42082.0,0,stall
42082.0,42085.0,0,active
42085.0,42086.0,0,stall
42086.0,42098.0,0,active
42098.0,42099.0,0,stall
42099.0,42102.0,0,active
42102.0,42103.0,0,stall
42103.0,42113.0,0,active
42113.0,42115.0,0,stall
42115.0,42131.0,0,active
42131.0,42132.0,0,stall
42132.0,42135.0,0,active
42135.0,42136.0,0,stall
42136.0,42147.0,0,active
42147.0,42148.0,0,stall
42148.0,42155.0,0,active
42155.0,42157.0,0,stall
42157.0,42187.0,0,active
42187.0,42188.0,0,stall
42188.0,42191.0,0,active
42191.0,42192.0,0,stall
42192.0,42204.0,0,active
42204.0,42205.0,0,stall
42205.0,42208.0,0,active
42208.0,42209.0,0,stall
42209.0,42219.0,0,active
42219.0,42221.0,0,stall
42221.0,42237.0,0,active
42237.0,42238.0,0,stall
42238.0,42241.0,0,active
42241.0,42242.0,0,stall
42242.0,42253.0,0,active
42253.0,42254.0,0,stall
42254.0,42261.0,0,active
42261.0,42263.0,0,stall
42263.0,42293.0,0,active
42293.0,42294.0,0,stall
42294.0,42297.0,0,active
42297.0,42298.0,0,stall
42298.0,42310.0,0,active
42310.0,42311.0,0,stall
42311.0,42314.0,0,active
42314.0,42315.0,0,stall
42315.0,42325.0,0,active
42325.0,42327.0,0,stall
42327.0,42343.0,0,active
42343.0,42344.0,0,stall
42344.0,42347.0,0,active
42347.0,42348.0,0,stall
42348.0,42359.0,0,active
42359.0,42360.0,0,stall
42360.0,42367.0,0,active
42367.0,42369.0,0,stall
42369.0,42399.0,0,active
42399.0,42400.0,0,stall
42400.0,42403.0,0,active
42403.0,42404.0,0,stall
42404.0,42416.0,0,active
42416.0,42417.0,0,stall
42417.0,42420.0,0,active
42420.0,42421.0,0,stall
42421.0,42431.0,0,active
42431.0,42433.0,0,stall
42433.0,42449.0,0,active
42449.0,42450.0,0,stall
42450.0,42453.0,0,active
42453.0,42454.0,0,stall
42454.0,42465.0,0,active
42465.0,42466.0,0,stall
42466.0,42473.0,0,active
42473.0,42475.0,0,stall
42475.0,42505.0,0,active
42505.0,42506.0,0,stall
42506.0,42509.0,0,active
42509.0,42510.0,0,stall
42510.0,42512.0,0,active
42512.0,42513.0,0,stall
42513.0,42516.0,0,active
42516.0,42517.0,0,stall
42517.0,42529.0,0,active
42529.0,42530.0,0,stall
42530.0,42533.0,0,active
42533.0,42534.0,0,stall
42534.0,42536.0,0,active
42536.0,42537.0,0,stall
42537.0,42540.0,0,active
42540.0,42541.0,0,stall
42541.0,42551.0,0,active
42551.0,42553.0,0,stall
42553.0,42569.0,0,active
42569.0,42570.0,0,stall
42570.0,42573.0,0,active
42573.0,42574.0,0,stall
42574.0,42585.0,0,active
42585.0,42586.0,0,stall
42586.0,42593.0,0,active
42593.0,42595.0,0,stall
42595.0,42625.0,0,active
42625.0,42626.0,0,stall
42626.0,42629.0,0,active
42629.0,42630.0,0,stall
42630.0,42642.0,0,active
42642.0,42643.0,0,stall
42643.0,42646.0,0,active
42646.0,42647.0,0,stall
42647.0,42657.0,0,active
42657.0,42659.0,0,stall
42659.0,42675.0,0,active
42675.0,42676.0,0,stall
42676.0,42679.0,0,active
42679.0,42680.0,0,stall
42680.0,42691.0,0,active
42691.0,42692.0,0,stall
42692.0,42699.0,0,active
42699.0,42701.0,0,stall
42701.0,42731.0,0,active
42731.0,42732.0,0,stall
42732.0,42735.0,0,active
42735.0,42736.0,0,stall
42736.0,42748.0,0,active
42748.0,42749.0,0,stall
42749.0,42752.0,0,active
42752.0,42753.0,0,stall
42753.0,42763.0,0,active
42763.0,42765.0,0,stall
42765.0,42781.0,0,active
42781.0,42782.0,0,stall
42782.0,42785.0,0,active
42785.0,42786.0,0,stall
42786.0,42797.0,0,active
42797.0,42798.0,0,stall
42798.0,42813.0,0,active
42813.0,42814.0,0,stall
42814.0,42815.0,0,active
42815.0,42816.0,0,stall
42816.0,42835.0,0,active
42835.0,42836.0,0,stall
42836.0,42841.0,0,active
42841.0,42842.0,0,stall
42842.0,42854.0,0,active
42854.0,42855.0,0,stall
42855.0,42859.0,0,active
42859.0,42860.0,0,stall
42860.0,42862.0,0,active
42862.0,42866.0,0,stall
42866.0,42869.0,0,active
42869.0,42870.0,0,stall
42870.0,42872.0,0,active
42872.0,42873.0,0,stall
42873.0,42875.0,0,active
42875.0,42876.0,0,stall
42876.0,42878.0,0,active
42878.0,42879.0,0,stall
42879.0,42881.0,0,active
42881.0,42882.0,0,stall
42882.0,42884.0,0,active
42884.0,42885.0,0,stall
42885.0,42887.0,0,active
42887.0,42888.0,0,stall
42888.0,42890.0,0,active
42890.0,42891.0,0,stall
42891.0,42893.0,0,active
42893.0,42894.0,0,stall
42894.0,42896.0,0,active
42896.0,42897.0,0,stall
42897.0,42899.0,0,active
42899.0,42900.0,0,stall
42900.0,42902.0,0,active
42902.0,42903.0,0,stall
42903.0,42905.0,0,active
42905.0,42906.0,0,stall
42906.0,42908.0,0,active
42908.0,42909.0,0,stall
42909.0,42911.0,0,active
42911.0,42912.0,0,stall
42912.0,42914.0,0,active
42914.0,42915.0,0,stall
42915.0,42917.0,0,active
42917.0,42918.0,0,stall
42918.0,42959.0,0,active
42959.0,42960.0,0,stall
42960.0,42967.0,0,active
42967.0,42969.0,0,stall
42969.0,42999.0,0,active
42999.0,43000.0,0,stall
43000.0,43003.0,0,active
43003.0,43004.0,0,stall
43004.0,43016.0,0,active
43016.0,43017.0,0,stall
43017.0,43020.0,0,active
43020.0,43021.0,0,stall
43021.0,43031.0,0,active
43031.0,43033.0,0,stall
43033.0,43049.0,0,active
43049.0,43050.0,0,stall
43050.0,43053.0,0,active
43053.0,43054.0,0,stall
43054.0,43056.0,0,active
43056.0,43057.0,0,stall
43057.0,43060.0,0,active
43060.0,43061.0,0,stall
43061.0,43063.0,0,active
43063.0,43064.0,0,stall
43064.0,43067.0,0,active
43067.0,43068.0,0,stall
43068.0,43070.0,0,active
43070.0,43071.0,0,stall
43071.0,43074.0,0,active
43074.0,43075.0,0,stall
43075.0,43077.0,0,active
43077.0,43078.0,0,stall
43078.0,43081.0,0,active
43081.0,43082.0,0,stall
43082.0,43084.0,0,active
43084.0,43085.0,0,stall
43085.0,43088.0,0,active
43088.0,43089.0,0,stall
43089.0,43091.0,0,active
43091.0,43092.0,0,stall
43092.0,43095.0,0,active
43095.0,43096.0,0,stall
43096.0,43098.0,0,active
43098.0,43099.0,0,stall
43099.0,43102.0,0,active
43102.0,43103.0,0,stall
43103.0,43105.0,0,active
43105.0,43106.0,0,stall
43106.0,43109.0,0,active
43109.0,43110.0,0,stall
43110.0,43112.0,0,active
43112.0,43113.0,0,stall
43113.0,43116.0,0,active
43116.0,43117.0,0,stall
43117.0,43119.0,0,active
43119.0,43120.0,0,stall
43120.0,43123.0,0,active
43123.0,43124.0,0,stall
43124.0,43134.0,0,active
43134.0,43135.0,0,stall
43135.0,43148.0,0,active
43148.0,43149.0,0,stall
43149.0,43152.0,0,active
43152.0,43153.0,0,stall
43153.0,43161.0,0,active
43161.0,43162.0,0,stall
43162.0,43164.0,0,active
43164.0,43165.0,0,stall
43165.0,43167.0,0,active
43167.0,43168.0,0,stall
43168.0,43170.0,0,active
43170.0,43171.0,0,stall
43171.0,43173.0,0,active
43173.0,43174.0,0,stall
43174.0,43176.0,0,active
43176.0,43177.0,0,stall
43177.0,43179.0,0,active
43179.0,43180.0,0,stall
43180.0,43182.0,0,active
43182.0,43183.0,0,stall
43183.0,43185.0,0,active
43185.0,43186.0,0,stall
43186.0,43211.0,0,active
43211.0,43212.0,0,stall
43212.0,43219.0,0,active
43219.0,43221.0,0,stall
43221.0,43251.0,0,active
43251.0,43252.0,0,stall
43252.0,43255.0,0,active
43255.0,43256.0,0,stall
43256.0,43268.0,0,active
43268.0,43269.0,0,stall
43269.0,43272.0,0,active
43272.0,43273.0,0,stall
43273.0,43283.0,0,active
43283.0,43285.0,0,stall
43285.0,43301.0,0,active
43301.0,43302.0,0,stall
43302.0,43305.0,0,active
43305.0,43306.0,0,stall
43306.0,43308.0,0,active
43308.0,43309.0,0,stall
43309.0,43312.0,0,active
43312.0,43313.0,0,stall
43313.0,43324.0,0,active
43324.0,43325.0,0,stall
43325.0,43332.0,0,active
43332.0,43334.0,0,stall
43334.0,43364.0,0,active
43364.0,43365.0,0,stall
43365.0,43368.0,0,active
43368.0,43369.0,0,stall
43369.0,43381.0,0,active
43381.0,43382.0,0,stall
43382.0,43385.0,0,active
43385.0,43386.0,0,stall
43386.0,43396.0,0,active
43396.0,43398.0,0,stall
43398.0,43414.0,0,active
43414.0,43415.0,0,stall
43415.0,43418.0,0,active
43418.0,43419.0,0,stall
43419.0,43430.0,0,active
43430.0,43431.0,0,stall
43431.0,43438.0,0,active
43438.0,43440.0,0,stall
43440.0,43470.0,0,active
43470.0,43471.0,0,stall
43471.0,43474.0,0,active
43474.0,43475.0,0,stall
43475.0,43487.0,0,active
43487.0,43488.0,0,stall
43488.0,43491.0,0,active
43491.0,43492.0,0,stall
43492.0,43502.0,0,active
43502.0,43504.0,0,stall
43504.0,43520.0,0,active
43520.0,43521.0,0,stall
43521.0,43524.0,0,active
43524.0,43525.0,0,stall
43525.0,43536.0,0,active
43536.0,43537.0,0,stall
43537.0,43544.0,0,active
43544.0,43546.0,0,stall
43546.0,43576.0,0,active
43576.0,43577.0,0,stall
43577.0,43580.0,0,active
43580.0,43581.0,0,stall
43581.0,43593.0,0,active
43593.0,43594.0,0,stall
43594.0,43597.0,0,active
43597.0,43598.0,0,stall
43598.0,43608.0,0,active
43608.0,43610.0,0,stall
43610.0,43626.0,0,active
43626.0,43627.0,0,stall
43627.0,43630.0,0,active
43630.0,43631.0,0,stall
43631.0,43642.0,0,active
43642.0,43643.0,0,stall
43643.0,43650.0,0,active
43650.0,43652.0,0,stall
43652.0,43682.0,0,active
43682.0,43683.0,0,stall
43683.0,43686.0,0,active
43686.0,43687.0,0,stall
43687.0,43699.0,0,active
43699.0,43700.0,0,stall
43700.0,43703.0,0,active
43703.0,43704.0,0,stall
43704.0,43714.0,0,active
43714.0,43716.0,0,stall
43716.0,43732.0,0,active
43732.0,43733.0,0,stall
43733.0,43736.0,0,active
43736.0,43737.0,0,stall
43737.0,43748.0,0,active
43748.0,43749.0,0,stall
43749.0,43756.0,0,active
43756.0,43758.0,0,stall
43758.0,43788.0,0,active
43788.0,43789.0,0,stall
43789.0,43792.0,0,active
43792.0,43793.0,0,stall
43793.0,43805.0,0,active
43805.0,43806.0,0,stall
43806.0,43809.0,0,active
43809.0,43810.0,0,stall
43810.0,43820.0,0,active
43820.0,43822.0,0,stall
43822.0,43838.0,0,active
43838.0,43839.0,0,stall
43839.0,43842.0,0,active
43842.0,43843.0,0,stall
43843.0,43854.0,0,active
43854.0,43855.0,0,stall
43855.0,43870.0,0,active
43870.0,43871.0,0,stall
43871.0,43872.0,0,active
43872.0,43873.0,0,stall
43873.0,43892.0,0,active
43892.0,43893.0,0,stall
43893.0,43898.0,0,active
43898.0,43899.0,0,stall
43899.0,43927.0,0,active
43927.0,43928.0,0,stall
43928.0,43933.0,0,active
43933.0,43934.0,0,stall
43934.0,43946.0,0,active
43946.0,43947.0,0,stall
43947.0,43951.0,0,active
43951.0,43952.0,0,stall
43952.0,43954.0,0,active
43954.0,43958.0,0,stall
43958.0,43961.0,0,active
43961.0,43962.0,0,stall
43962.0,43964.0,0,active
43964.0,43965.0,0,stall
43965.0,43967.0,0,active
43967.0,43968.0,0,stall
43968.0,43970.0,0,active
43970.0,43971.0,0,stall
43971.0,43973.0,0,active
43973.0,43974.0,0,stall
43974.0,44015.0,0,active
44015.0,44016.0,0,stall
44016.0,44023.0,0,active
44023.0,44025.0,0,stall
44025.0,44055.0,0,active
44055.0,44056.0,0,stall
44056.0,44059.0,0,active
44059.0,44060.0,0,stall
44060.0,44072.0,0,active
44072.0,44073.0,0,stall
44073.0,44076.0,0,active
44076.0,44077.0,0,stall
44077.0,44087.0,0,active
44087.0,44089.0,0,stall
44089.0,44105.0,0,active
44105.0,44106.0,0,stall
44106.0,44109.0,0,active
44109.0,44110.0,0,stall
44110.0,44112.0,0,active
44112.0,44113.0,0,stall
44113.0,44116.0,0,active
44116.0,44117.0,0,stall
44117.0,44119.0,0,active
44119.0,44120.0,0,stall
44120.0,44123.0,0,active
44123.0,44124.0,0,stall
44124.0,44126.0,0,active
44126.0,44127.0,0,stall
44127.0,44130.0,0,active
44130.0,44131.0,0,stall
44131.0,44133.0,0,active
44133.0,44134.0,0,stall
44134.0,44137.0,0,active
44137.0,44138.0,0,stall
44138.0,44140.0,0,active
44140.0,44141.0,0,stall
44141.0,44144.0,0,active
44144.0,44145.0,0,stall
44145.0,44147.0,0,active
44147.0,44148.0,0,stall
44148.0,44151.0,0,active
44151.0,44152.0,0,stall
44152.0,44154.0,0,active
44154.0,44155.0,0,stall
44155.0,44158.0,0,active
44158.0,44159.0,0,stall
44159.0,44161.0,0,active
44161.0,44162.0,0,stall
44162.0,44165.0,0,active
44165.0,44166.0,0,stall
44166.0,44168.0,0,active
44168.0,44169.0,0,stall
44169.0,44172.0,0,active
44172.0,44173.0,0,stall
44173.0,44175.0,0,active
44175.0,44176.0,0,stall
44176.0,44179.0,0,active
44179.0,44180.0,0,stall
44180.0,44190.0,0,active
44190.0,44191.0,0,stall
44191.0,44204.0,0,active
44204.0,44205.0,0,stall
44205.0,44208.0,0,active
44208.0,44209.0,0,stall
44209.0,44211.0,0,active
44211.0,44212.0,0,stall
44212.0,44215.0,0,active
44215.0,44216.0,0,stall
44216.0,44218.0,0,active
44218.0,44219.0,0,stall
44219.0,44222.0,0,active
44222.0,44223.0,0,stall
44223.0,44225.0,0,active
44225.0,44226.0,0,stall
44226.0,44229.0,0,active
44229.0,44230.0,0,stall
44230.0,44232.0,0,active
44232.0,44233.0,0,stall
44233.0,44236.0,0,active
44236.0,44237.0,0,stall
44237.0,44239.0,0,active
44239.0,44240.0,0,stall
44240.0,44243.0,0,active
44243.0,44244.0,0,stall
44244.0,44246.0,0,active
44246.0,44247.0,0,stall
44247.0,44250.0,0,active
44250.0,44251.0,0,stall
44251.0,44253.0,0,active
44253.0,44254.0,0,stall
44254.0,44257.0,0,active
44257.0,44258.0,0,stall
44258.0,44260.0,0,active
44260.0,44261.0,0,stall
44261.0,44264.0,0,active
44264.0,44265.0,0,stall
44265.0,44267.0,0,active
44267.0,44268.0,0,stall
44268.0,44271.0,0,active
44271.0,44272.0,0,stall
44272.0,44295.0,0,active
44295.0,44296.0,0,stall
44296.0,44311.0,0,active
44311.0,44312.0,0,stall
44312.0,44313.0,0,active
44313.0,44314.0,0,stall
44314.0,44320.0,0,active
44320.0,44321.0,0,stall
44321.0,44336.0,0,active
44336.0,44337.0,0,stall
44337.0,44342.0,0,active
44342.0,44343.0,0,stall
44343.0,44371.0,0,active
44371.0,44372.0,0,stall
44372.0,44377.0,0,active
44377.0,44378.0,0,stall
44378.0,44414.0,0,active
44414.0,44415.0,0,stall
44415.0,44747.0,0,active
44747.0,44754.0,0,stall
44754.0,44797.0,0,active
44797.0,44798.0,0,stall
44798.0,44853.0,0,active
44853.0,44854.0,0,stall
44854.0,44867.0,0,active
44867.0,44868.0,0,stall
44868.0,44872.0,0,active
44872.0,44873.0,0,stall
44873.0,44892.0,0,active
44892.0,44893.0,0,stall
44893.0,44895.0,0,active
44895.0,44896.0,0,stall
44896.0,44900.0,0,active
44900.0,44901.0,0,stall
44901.0,44941.0,0,active
44941.0,44942.0,0,stall
44942.0,44949.0,0,active
44949.0,44951.0,0,stall
44951.0,44981.0,0,active
44981.0,44982.0,0,stall
44982.0,44985.0,0,active
44985.0,44986.0,0,stall
44986.0,44988.0,0,active
44988.0,44989.0,0,stall
44989.0,44992.0,0,active
44992.0,44993.0,0,stall
44993.0,44995.0,0,active
44995.0,44996.0,0,stall
44996.0,44999.0,0,active
44999.0,45000.0,0,stall
45000.0,45002.0,0,active
45002.0,45003.0,0,stall
45003.0,45006.0,0,active
45006.0,45007.0,0,stall
45007.0,45009.0,0,active
45009.0,45010.0,0,stall
45010.0,45013.0,0,active
45013.0,45014.0,0,stall
45014.0,45016.0,0,active
45016.0,45017.0,0,stall
45017.0,45020.0,0,active
45020.0,45021.0,0,stall
45021.0,45023.0,0,active
45023.0,45024.0,0,stall
45024.0,45027.0,0,active
45027.0,45028.0,0,stall
45028.0,45030.0,0,active
45030.0,45031.0,0,stall
45031.0,45034.0,0,active
45034.0,45035.0,0,stall
45035.0,45037.0,0,active
45037.0,45038.0,0,stall
45038.0,45041.0,0,active
45041.0,45042.0,0,stall
45042.0,45044.0,0,active
45044.0,45045.0,0,stall
45045.0,45048.0,0,active
45048.0,45049.0,0,stall
45049.0,45051.0,0,active
45051.0,45052.0,0,stall
45052.0,45055.0,0,active
45055.0,45056.0,0,stall
45056.0,45058.0,0,active
45058.0,45059.0,0,stall
45059.0,45062.0,0,active
45062.0,45063.0,0,stall
45063.0,45065.0,0,active
45065.0,45066.0,0,stall
45066.0,45069.0,0,active
45069.0,45070.0,0,stall
45070.0,45072.0,0,active
45072.0,45073.0,0,stall
45073.0,45076.0,0,active
45076.0,45077.0,0,stall
45077.0,45079.0,0,active
45079.0,45080.0,0,stall
45080.0,45083.0,0,active
45083.0,45084.0,0,stall
45084.0,45090.0,0,active
45090.0,45091.0,0,stall
45091.0,45099.0,0,active
45099.0,45100.0,0,stall
45100.0,45105.0,0,active
45105.0,45106.0,0,stall
45106.0,45109.0,0,active
45109.0,45110.0,0,stall
45110.0,45112.0,0,active
45112.0,45113.0,0,stall
45113.0,45116.0,0,active
45116.0,45117.0,0,stall
45117.0,45127.0,0,active
45127.0,45129.0,0,stall
45129.0,45147.0,0,active
45147.0,45148.0,0,stall
45148.0,45151.0,0,active
45151.0,45152.0,0,stall
45152.0,45161.0,0,active
45161.0,45162.0,0,stall
45162.0,45165.0,0,active
45165.0,45166.0,0,stall
45166.0,45178.0,0,active
45178.0,45179.0,0,stall
45179.0,45186.0,0,active
45186.0,45188.0,0,stall
45188.0,45218.0,0,active
45218.0,45219.0,0,stall
45219.0,45222.0,0,active
45222.0,45223.0,0,stall
45223.0,45225.0,0,active
45225.0,45226.0,0,stall
45226.0,45229.0,0,active
45229.0,45230.0,0,stall
45230.0,45242.0,0,active
45242.0,45243.0,0,stall
45243.0,45246.0,0,active
45246.0,45247.0,0,stall
45247.0,45249.0,0,active
45249.0,45250.0,0,stall
45250.0,45253.0,0,active
45253.0,45254.0,0,stall
45254.0,45256.0,0,active
45256.0,45257.0,0,stall
45257.0,45260.0,0,active
45260.0,45261.0,0,stall
45261.0,45263.0,0,active
45263.0,45264.0,0,stall
45264.0,45267.0,0,active
45267.0,45268.0,0,stall
45268.0,45270.0,0,active
45270.0,45271.0,0,stall
45271.0,45274.0,0,active
45274.0,45275.0,0,stall
45275.0,45277.0,0,active
45277.0,45278.0,0,stall
45278.0,45281.0,0,active
45281.0,45282.0,0,stall
45282.0,45284.0,0,active
45284.0,45285.0,0,stall
45285.0,45288.0,0,active
45288.0,45289.0,0,stall
45289.0,45291.0,0,active
45291.0,45292.0,0,stall
45292.0,45295.0,0,active
45295.0,45296.0,0,stall
45296.0,45298.0,0,active
45298.0,45299.0,0,stall
45299.0,45302.0,0,active
45302.0,45303.0,0,stall
45303.0,45305.0,0,active
45305.0,45306.0,0,stall
45306.0,45309.0,0,active
45309.0,45310.0,0,stall
45310.0,45312.0,0,active
45312.0,45313.0,0,stall
45313.0,45316.0,0,active
45316.0,45317.0,0,stall
45317.0,45319.0,0,active
45319.0,45320.0,0,stall
45320.0,45323.0,0,active
45323.0,45324.0,0,stall
45324.0,45329.0,0,active
45329.0,45330.0,0,stall
45330.0,45342.0,0,active
45342.0,45343.0,0,stall
45343.0,45347.0,0,active
45347.0,45349.0,0,stall
45349.0,45367.0,0,active
45367.0,45368.0,0,stall
45368.0,45371.0,0,active
45371.0,45372.0,0,stall
45372.0,45381.0,0,active
45381.0,45382.0,0,stall
45382.0,45385.0,0,active
45385.0,45386.0,0,stall
45386.0,45398.0,0,active
45398.0,45399.0,0,stall
45399.0,45406.0,0,active
45406.0,45408.0,0,stall
45408.0,45438.0,0,active
45438.0,45439.0,0,stall
45439.0,45442.0,0,active
45442.0,45443.0,0,stall
45443.0,45455.0,0,active
45455.0,45456.0,0,stall
45456.0,45459.0,0,active
45459.0,45460.0,0,stall
45460.0,45470.0,0,active
45470.0,45472.0,0,stall
45472.0,45490.0,0,active
45490.0,45491.0,0,stall
45491.0,45494.0,0,active
45494.0,45495.0,0,stall
45495.0,45497.0,0,active
45497.0,45498.0,0,stall
45498.0,45501.0,0,active
45501.0,45502.0,0,stall
45502.0,45504.0,0,active
45504.0,45505.0,0,stall
45505.0,45508.0,0,active
45508.0,45509.0,0,stall
45509.0,45511.0,0,active
45511.0,45512.0,0,stall
45512.0,45515.0,0,active
45515.0,45516.0,0,stall
45516.0,45518.0,0,active
45518.0,45519.0,0,stall
45519.0,45522.0,0,active
45522.0,45523.0,0,stall
45523.0,45525.0,0,active
45525.0,45526.0,0,stall
45526.0,45529.0,0,active
45529.0,45530.0,0,stall
45530.0,45532.0,0,active
45532.0,45533.0,0,stall
45533.0,45536.0,0,active
45536.0,45537.0,0,stall
45537.0,45539.0,0,active
45539.0,45540.0,0,stall
45540.0,45543.0,0,active
45543.0,45544.0,0,stall
45544.0,45546.0,0,active
45546.0,45547.0,0,stall
45547.0,45550.0,0,active
45550.0,45551.0,0,stall
45551.0,45553.0,0,active
45553.0,45554.0,0,stall
45554.0,45557.0,0,active
45557.0,45558.0,0,stall
45558.0,45560.0,0,active
45560.0,45561.0,0,stall
45561.0,45564.0,0,active
45564.0,45565.0,0,stall
45565.0,45575.0,0,active
45575.0,45576.0,0,stall
45576.0,45589.0,0,active
45589.0,45590.0,0,stall
45590.0,45593.0,0,active
45593.0,45594.0,0,stall
45594.0,45602.0,0,active
45602.0,45603.0,0,stall
45603.0,45605.0,0,active
45605.0,45606.0,0,stall
45606.0,45608.0,0,active
45608.0,45609.0,0,stall
45609.0,45611.0,0,active
45611.0,45612.0,0,stall
45612.0,45614.0,0,active
45614.0,45615.0,0,stall
45615.0,45617.0,0,active
45617.0,45618.0,0,stall
45618.0,45620.0,0,active
45620.0,45621.0,0,stall
45621.0,45623.0,0,active
45623.0,45624.0,0,stall
45624.0,45626.0,0,active
45626.0,45627.0,0,stall
45627.0,45629.0,0,active
45629.0,45630.0,0,stall
45630.0,45632.0,0,active
45632.0,45633.0,0,stall
45633.0,45635.0,0,active
45635.0,45636.0,0,stall
45636.0,45638.0,0,active
45638.0,45639.0,0,stall
45639.0,45641.0,0,active
45641.0,45642.0,0,stall
45642.0,45644.0,0,active
45644.0,45645.0,0,stall
45645.0,45647.0,0,active
45647.0,45648.0,0,stall
45648.0,45650.0,0,active
45650.0,45651.0,0,stall
45651.0,45653.0,0,active
45653.0,45654.0,0,stall
45654.0,45656.0,0,active
45656.0,45657.0,0,stall
45657.0,45659.0,0,active
45659.0,45660.0,0,stall
45660.0,45662.0,0,active
45662.0,45663.0,0,stall
45663.0,45665.0,0,active
45665.0,45666.0,0,stall
45666.0,45691.0,0,active
45691.0,45692.0,0,stall
45692.0,45695.0,0,active
45695.0,45696.0,0,stall
45696.0,45708.0,0,active
45708.0,45709.0,0,stall
45709.0,45716.0,0,active
45716.0,45718.0,0,stall
45718.0,45748.0,0,active
45748.0,45749.0,0,stall
45749.0,45752.0,0,active
45752.0,45753.0,0,stall
45753.0,45765.0,0,active
45765.0,45766.0,0,stall
45766.0,45769.0,0,active
45769.0,45770.0,0,stall
45770.0,45780.0,0,active
45780.0,45782.0,0,stall
45782.0,45800.0,0,active
45800.0,45801.0,0,stall
45801.0,45804.0,0,active
45804.0,45805.0,0,stall
45805.0,45814.0,0,active
45814.0,45815.0,0,stall
45815.0,45818.0,0,active
45818.0,45819.0,0,stall
45819.0,45831.0,0,active
45831.0,45832.0,0,stall
45832.0,45845.0,0,active
45845.0,45846.0,0,stall
45846.0,45847.0,0,active
45847.0,45848.0,0,stall
45848.0,45853.0,0,active
45853.0,45854.0,0,stall
45854.0,45858.0,0,active
45858.0,45859.0,0,stall
45859.0,45878.0,0,active
45878.0,45879.0,0,stall
45879.0,45881.0,0,active
45881.0,45882.0,0,stall
45882.0,45886.0,0,active
45886.0,45887.0,0,stall
45887.0,45889.0,0,active
45889.0,45890.0,0,stall
45890.0,45892.0,0,active
45892.0,45893.0,0,stall
45893.0,45895.0,0,active
45895.0,45896.0,0,stall
45896.0,45898.0,0,active
45898.0,45899.0,0,stall
45899.0,45901.0,0,active
45901.0,45902.0,0,stall
45902.0,45904.0,0,active
45904.0,45905.0,0,stall
45905.0,45946.0,0,active
45946.0,45947.0,0,stall
45947.0,45954.0,0,active
45954.0,45956.0,0,stall
45956.0,45986.0,0,active
45986.0,45987.0,0,stall
45987.0,45990.0,0,active
45990.0,45991.0,0,stall
45991.0,46003.0,0,active
46003.0,46004.0,0,stall
46004.0,46007.0,0,active
46007.0,46008.0,0,stall
46008.0,46018.0,0,active
46018.0,46020.0,0,stall
46020.0,46038.0,0,active
46038.0,46039.0,0,stall
46039.0,46042.0,0,active
46042.0,46043.0,0,stall
46043.0,46052.0,0,active
46052.0,46053.0,0,stall
46053.0,46056.0,0,active
46056.0,46057.0,0,stall
46057.0,46069.0,0,active
46069.0,46070.0,0,stall
46070.0,46077.0,0,active
46077.0,46079.0,0,stall
46079.0,46109.0,0,active
46109.0,46110.0,0,stall
46110.0,46113.0,0,active
46113.0,46114.0,0,stall
46114.0,46126.0,0,active
46126.0,46127.0,0,stall
46127.0,46130.0,0,active
46130.0,46131.0,0,stall
46131.0,46141.0,0,active
46141.0,46143.0,0,stall
46143.0,46161.0,0,active
46161.0,46162.0,0,stall
46162.0,46165.0,0,active
46165.0,46166.0,0,stall
46166.0,46175.0,0,active
46175.0,46176.0,0,stall
46176.0,46179.0,0,active
46179.0,46180.0,0,stall
46180.0,46192.0,0,active
46192.0,46193.0,0,stall
46193.0,46208.0,0,active
46208.0,46209.0,0,stall
46209.0,46210.0,0,active
46210.0,46211.0,0,stall
46211.0,46230.0,0,active
46230.0,46231.0,0,stall
46231.0,46236.0,0,active
46236.0,46237.0,0,stall
46237.0,46249.0,0,active
46249.0,46250.0,0,stall
46250.0,46254.0,0,active
46254.0,46255.0,0,stall
46255.0,46274.0,0,active
46274.0,46275.0,0,stall
46275.0,46277.0,0,active
46277.0,46278.0,0,stall
46278.0,46282.0,0,active
46282.0,46283.0,0,stall
46283.0,46285.0,0,active
46285.0,46286.0,0,stall
46286.0,46288.0,0,active
46288.0,46289.0,0,stall
46289.0,46291.0,0,active
46291.0,46292.0,0,stall
46292.0,46294.0,0,active
46294.0,46295.0,0,stall
46295.0,46336.0,0,active
46336.0,46337.0,0,stall
46337.0,46344.0,0,active
46344.0,46346.0,0,stall
46346.0,46376.0,0,active
46376.0,46377.0,0,stall
46377.0,46380.0,0,active
46380.0,46381.0,0,stall
46381.0,46383.0,0,active
46383.0,46384.0,0,stall
46384.0,46387.0,0,active
46387.0,46388.0,0,stall
46388.0,46390.0,0,active
46390.0,46391.0,0,stall
46391.0,46394.0,0,active
46394.0,46395.0,0,stall
46395.0,46397.0,0,active
46397.0,46398.0,0,stall
46398.0,46401.0,0,active
46401.0,46402.0,0,stall
46402.0,46404.0,0,active
46404.0,46405.0,0,stall
46405.0,46408.0,0,active
46408.0,46409.0,0,stall
46409.0,46411.0,0,active
46411.0,46412.0,0,stall
46412.0,46415.0,0,active
46415.0,46416.0,0,stall
46416.0,46418.0,0,active
46418.0,46419.0,0,stall
46419.0,46422.0,0,active
46422.0,46423.0,0,stall
46423.0,46425.0,0,active
46425.0,46426.0,0,stall
46426.0,46429.0,0,active
46429.0,46430.0,0,stall
46430.0,46432.0,0,active
46432.0,46433.0,0,stall
46433.0,46436.0,0,active
46436.0,46437.0,0,stall
46437.0,46439.0,0,active
46439.0,46440.0,0,stall
46440.0,46443.0,0,active
46443.0,46444.0,0,stall
46444.0,46446.0,0,active
46446.0,46447.0,0,stall
46447.0,46450.0,0,active
46450.0,46451.0,0,stall
46451.0,46453.0,0,active
46453.0,46454.0,0,stall
46454.0,46457.0,0,active
46457.0,46458.0,0,stall
46458.0,46460.0,0,active
46460.0,46461.0,0,stall
46461.0,46464.0,0,active
46464.0,46465.0,0,stall
46465.0,46467.0,0,active
46467.0,46468.0,0,stall
46468.0,46471.0,0,active
46471.0,46472.0,0,stall
46472.0,46474.0,0,active
46474.0,46475.0,0,stall
46475.0,46478.0,0,active
46478.0,46479.0,0,stall
46479.0,46485.0,0,active
46485.0,46486.0,0,stall
46486.0,46494.0,0,active
46494.0,46495.0,0,stall
46495.0,46500.0,0,active
46500.0,46501.0,0,stall
46501.0,46504.0,0,active
46504.0,46505.0,0,stall
46505.0,46507.0,0,active
46507.0,46508.0,0,stall
46508.0,46511.0,0,active
46511.0,46512.0,0,stall
46512.0,46522.0,0,active
46522.0,46524.0,0,stall
46524.0,46542.0,0,active
46542.0,46543.0,0,stall
46543.0,46546.0,0,active
46546.0,46547.0,0,stall
46547.0,46556.0,0,active
46556.0,46557.0,0,stall
46557.0,46560.0,0,active
46560.0,46561.0,0,stall
46561.0,46573.0,0,active
46573.0,46574.0,0,stall
46574.0,46581.0,0,active
46581.0,46583.0,0,stall
46583.0,46613.0,0,active
46613.0,46614.0,0,stall
46614.0,46617.0,0,active
46617.0,46618.0,0,stall
46618.0,46620.0,0,active
46620.0,46621.0,0,stall
46621.0,46624.0,0,active
46624.0,46625.0,0,stall
46625.0,46637.0,0,active
46637.0,46638.0,0,stall
46638.0,46641.0,0,active
46641.0,46642.0,0,stall
46642.0,46644.0,0,active
46644.0,46645.0,0,stall
46645.0,46648.0,0,active
46648.0,46649.0,0,stall
46649.0,46651.0,0,active
46651.0,46652.0,0,stall
46652.0,46655.0,0,active
46655.0,46656.0,0,stall
46656.0,46658.0,0,active
46658.0,46659.0,0,stall
46659.0,46662.0,0,active
46662.0,46663.0,0,stall
46663.0,46665.0,0,active
46665.0,46666.0,0,stall
46666.0,46669.0,0,active
46669.0,46670.0,0,stall
46670.0,46672.0,0,active
46672.0,46673.0,0,stall
46673.0,46676.0,0,active
46676.0,46677.0,0,stall
46677.0,46679.0,0,active
46679.0,46680.0,0,stall
46680.0,46683.0,0,active
46683.0,46684.0,0,stall
46684.0,46686.0,0,active
46686.0,46687.0,0,stall
46687.0,46690.0,0,active
46690.0,46691.0,0,stall
46691.0,46693.0,0,active
46693.0,46694.0,0,stall
46694.0,46697.0,0,active
46697.0,46698.0,0,stall
46698.0,46700.0,0,active
46700.0,46701.0,0,stall
46701.0,46704.0,0,active
46704.0,46705.0,0,stall
46705.0,46707.0,0,active
46707.0,46708.0,0,stall
46708.0,46711.0,0,active
46711.0,46712.0,0,stall
46712.0,46714.0,0,active
46714.0,46715.0,0,stall
46715.0,46718.0,0,active
46718.0,46719.0,0,stall
46719.0,46724.0,0,active
46724.0,46725.0,0,stall
46725.0,46737.0,0,active
46737.0,46738.0,0,stall
46738.0,46742.0,0,active
46742.0,46744.0,0,stall
46744.0,46762.0,0,active
46762.0,46763.0,0,stall
46763.0,46766.0,0,active
46766.0,46767.0,0,stall
46767.0,46776.0,0,active
46776.0,46777.0,0,stall
46777.0,46780.0,0,active
46780.0,46781.0,0,stall
46781.0,46793.0,0,active
46793.0,46794.0,0,stall
46794.0,46801.0,0,active
46801.0,46803.0,0,stall
46803.0,46833.0,0,active
46833.0,46834.0,0,stall
46834.0,46837.0,0,active
46837.0,46838.0,0,stall
46838.0,46850.0,0,active
46850.0,46851.0,0,stall
46851.0,46854.0,0,active
46854.0,46855.0,0,stall
46855.0,46865.0,0,active
46865.0,46867.0,0,stall
46867.0,46885.0,0,active
46885.0,46886.0,0,stall
46886.0,46889.0,0,active
46889.0,46890.0,0,stall
46890.0,46899.0,0,active
46899.0,46900.0,0,stall
46900.0,46903.0,0,active
46903.0,46904.0,0,stall
46904.0,46916.0,0,active
46916.0,46917.0,0,stall
46917.0,46930.0,0,active
46930.0,46931.0,0,stall
46931.0,46932.0,0,active
46932.0,46933.0,0,stall
46933.0,46938.0,0,active
46938.0,46939.0,0,stall
46939.0,46943.0,0,active
46943.0,46944.0,0,stall
46944.0,46963.0,0,active
46963.0,46964.0,0,stall
46964.0,46966.0,0,active
46966.0,46967.0,0,stall
46967.0,46971.0,0,active
46971.0,46972.0,0,stall
46972.0,46974.0,0,active
46974.0,46975.0,0,stall
46975.0,46977.0,0,active
46977.0,46978.0,0,stall
46978.0,46980.0,0,active
46980.0,46981.0,0,stall
46981.0,46983.0,0,active
46983.0,46984.0,0,stall
46984.0,46986.0,0,active
46986.0,46987.0,0,stall
46987.0,47028.0,0,active
47028.0,47029.0,0,stall
47029.0,47036.0,0,active
47036.0,47038.0,0,stall
47038.0,47068.0,0,active
47068.0,47069.0,0,stall
47069.0,47072.0,0,active
47072.0,47073.0,0,stall
47073.0,47085.0,0,active
47085.0,47086.0,0,stall
47086.0,47089.0,0,active
47089.0,47090.0,0,stall
47090.0,47100.0,0,active
47100.0,47102.0,0,stall
47102.0,47120.0,0,active
47120.0,47121.0,0,stall
47121.0,47124.0,0,active
47124.0,47125.0,0,stall
47125.0,47134.0,0,active
47134.0,47135.0,0,stall
47135.0,47138.0,0,active
47138.0,47139.0,0,stall
47139.0,47151.0,0,active
47151.0,47152.0,0,stall
47152.0,47159.0,0,active
47159.0,47161.0,0,stall
47161.0,47191.0,0,active
47191.0,47192.0,0,stall
47192.0,47195.0,0,active
47195.0,47196.0,0,stall
47196.0,47208.0,0,active
47208.0,47209.0,0,stall
47209.0,47212.0,0,active
47212.0,47213.0,0,stall
47213.0,47223.0,0,active
47223.0,47225.0,0,stall
47225.0,47243.0,0,active
47243.0,47244.0,0,stall
47244.0,47247.0,0,active
47247.0,47248.0,0,stall
47248.0,47257.0,0,active
47257.0,47258.0,0,stall
47258.0,47261.0,0,active
47261.0,47262.0,0,stall
47262.0,47264.0,0,active
47264.0,47265.0,0,stall
47265.0,47268.0,0,active
47268.0,47269.0,0,stall
47269.0,47271.0,0,active
47271.0,47272.0,0,stall
47272.0,47275.0,0,active
47275.0,47276.0,0,stall
47276.0,47278.0,0,active
47278.0,47279.0,0,stall
47279.0,47282.0,0,active
47282.0,47283.0,0,stall
47283.0,47297.0,0,active
47297.0,47299.0,0,stall
47299.0,47312.0,0,active
47312.0,47313.0,0,stall
47313.0,47333.0,0,active
47333.0,47334.0,0,stall
47334.0,47341.0,0,active
47341.0,47343.0,0,stall
47343.0,47373.0,0,active
47373.0,47374.0,0,stall
47374.0,47377.0,0,active
47377.0,47378.0,0,stall
47378.0,47390.0,0,active
47390.0,47391.0,0,stall
47391.0,47394.0,0,active
47394.0,47395.0,0,stall
47395.0,47405.0,0,active
47405.0,47407.0,0,stall
47407.0,47420.0,0,active
